tick,kT,phi_mean,phi_var,mean_degree,max_degree,n_active,n_warm,n_walkers_emitted,n_condensed_bonds,bonds_total,n_computed,active_fraction,warm_fraction,walker_fraction,condensed_fraction_directed
0,0.0004625283000233869,0.8218695645577302,0.04173187378064048,20.952,26,0,0,0,0,10476,488,0.0,0.0,0.0,0.0
1,0.0013535257944326084,0.8506203903707257,0.04013725938326742,20.952,26,657,263,881,0,10476,920,0.657,0.263,0.881,0.0
2,0.002599066192643105,0.8882078062355606,0.050139509859031664,20.952,26,667,253,1118,0,10476,920,0.667,0.253,1.118,0.0
3,0.001574371309850648,0.9100994581258226,0.0679457900623086,20.952,26,629,271,911,0,10476,900,0.629,0.271,0.911,0.0
4,0.00028457235129593437,0.8982088316432418,0.0881831658334645,20.952,26,384,363,454,0,10476,797,0.384,0.363,0.454,0.0
5,0.0002208624973572382,0.8955677748884957,0.0921870398739514,20.952,26,140,190,920,0,10476,334,0.14,0.19,0.92,0.0
6,4.496713218823619e-06,0.8952663271823141,0.09189224572686008,20.952,26,128,184,403,0,10476,312,0.128,0.184,0.403,0.0
7,6.746887263222936e-06,0.8956409581070061,0.09106267873442052,20.952,26,51,193,265,0,10476,389,0.051,0.193,0.265,0.0
8,8.662446506967296e-06,0.8960028357794779,0.09027716393945116,20.952,26,84,244,464,0,10476,378,0.084,0.244,0.464,0.0
9,6.808790057666032e-06,0.8965111223630949,0.08948117646751853,20.952,26,100,228,793,0,10476,378,0.1,0.228,0.793,0.0
10,3.01078653542758e-06,0.8967831424029501,0.08907238957747947,20.952,26,94,257,536,0,10476,402,0.094,0.257,0.536,0.0
11,1.6792987977944567e-06,0.8967540362123688,0.08918670672091668,20.952,26,95,280,844,0,10476,428,0.095,0.28,0.844,0.0
12,2.9383623960940046e-06,0.8964894024983564,0.08951025305608047,20.952,26,99,277,529,43,10476,449,0.099,0.277,0.529,0.0020523100420007634
13,4.399730547708429e-06,0.8963167372650813,0.08947537935080371,20.952,26,117,313,697,157,10476,465,0.117,0.313,0.697,0.00749331806032837
14,3.713556705493059e-06,0.8963385487920696,0.08897027657257689,20.952,26,93,299,873,241,10476,449,0.093,0.299,0.873,0.011502481863306605
15,2.4412699096907764e-06,0.8964812153326077,0.08860681128451652,20.952,26,108,343,580,499,10476,499,0.108,0.343,0.58,0.02381634211531119
16,3.7946821381458837e-06,0.8964803501838929,0.08844789587455805,20.952,26,120,390,523,1040,10476,538,0.12,0.39,0.523,0.049637266132111495
17,4.8023931548791155e-06,0.8966246285759168,0.08806907134838157,20.952,26,100,333,1330,1298,10476,522,0.1,0.333,1.33,0.061951126384116074
18,4.49076201578115e-06,0.8966033361906589,0.08780689252647272,20.952,26,88,246,2273,1469,10476,460,0.088,0.246,2.273,0.07011263841160749
19,3.436048087152987e-06,0.8966343963623153,0.08754593533927645,20.952,26,79,219,1124,1567,10476,454,0.079,0.219,1.124,0.07478999618174875
20,3.1429214285271897e-06,0.8965751724449982,0.08744464693756114,20.952,26,67,204,661,1657,10476,429,0.067,0.204,0.661,0.07908552882779687
21,5.958955234356832e-06,0.8964239356391625,0.08758936796138335,20.952,26,78,241,527,1954,10476,445,0.078,0.241,0.527,0.09326078655975563
22,8.30238534490404e-06,0.8964765134788042,0.08737680380713891,20.952,26,81,249,587,2303,10476,456,0.081,0.249,0.587,0.10991790759831997
23,6.8164207569831045e-06,0.8964769004760428,0.08715707308614358,20.95,26,82,220,1204,2556,10475,441,0.082,0.22,1.204,0.12200477326968974
24,5.938600715894475e-06,0.8965286059368834,0.08709340981192924,20.942,26,102,239,801,2985,10471,473,0.102,0.239,0.801,0.1425365294623245
25,6.85901539686408e-06,0.8964466669292271,0.08717626711784474,20.926,26,90,209,719,3333,10463,455,0.09,0.209,0.719,0.15927554238746058
26,5.123095477729933e-06,0.8963942147998887,0.08727842733215635,20.916,26,88,236,996,3770,10458,458,0.088,0.236,0.996,0.18024478867852362
27,4.756436552964412e-06,0.8964492072040058,0.087331967943895,20.89,26,97,234,1418,3959,10445,458,0.097,0.234,1.418,0.18951651507898515
28,4.868440935715038e-06,0.8965038328884734,0.08729005878502691,20.858,26,86,241,866,4222,10429,457,0.086,0.241,0.866,0.2024163390545594
29,4.0663493699837705e-06,0.8964461581118885,0.08731573737219293,20.854,26,97,239,862,4337,10427,470,0.097,0.239,0.862,0.20796969406348903
30,3.790437460118902e-06,0.8964756618309824,0.08726950635910939,20.812,26,95,234,2569,4503,10406,462,0.095,0.234,2.569,0.21636555833173168
31,4.032846385938683e-06,0.8964180538745157,0.08732186289219813,20.774,26,85,227,1474,4646,10387,448,0.085,0.227,1.474,0.22364494079137384
32,3.740307674240117e-06,0.8964175408649798,0.08734868300814032,20.742,26,101,242,934,4724,10371,468,0.101,0.242,0.934,0.22775045800790666
33,3.927488630804846e-06,0.8963868161130868,0.08734428763528203,20.726,26,94,248,763,4751,10363,470,0.094,0.248,0.763,0.22922898774486153
34,3.5530213968162406e-06,0.8964118991155651,0.08733177156329697,20.716,26,107,255,1363,4778,10358,492,0.107,0.255,1.363,0.23064298127051555
35,4.288159493982855e-06,0.896382463587959,0.08734906877145812,20.672,26,103,235,631,4927,10336,475,0.103,0.235,0.631,0.23834171826625386
36,5.109035335411074e-06,0.8964200350300837,0.08733418894789073,20.672,26,98,218,656,5144,10336,458,0.098,0.218,0.656,0.24883900928792568
37,4.366517810043156e-06,0.8964777108883386,0.08723061205609954,20.672,26,92,233,654,5224,10336,454,0.092,0.233,0.654,0.25270897832817335
38,4.146652949716804e-06,0.8964687814163604,0.08725354533725913,20.672,26,87,223,677,5239,10336,443,0.087,0.223,0.677,0.25343459752321984
39,5.135054398665338e-06,0.8965335294900992,0.0872493914623838,20.668,26,95,221,588,5246,10334,449,0.095,0.221,0.588,0.25382233404296495
40,4.963174447688786e-06,0.8965082627838143,0.08724193990410495,20.658,26,99,222,660,5251,10329,456,0.099,0.222,0.66,0.254187239810243
41,4.260379571421355e-06,0.8964422313983682,0.08726275922251728,20.658,26,98,207,872,5251,10329,443,0.098,0.207,0.872,0.254187239810243
42,3.743158394597422e-06,0.8964148002964653,0.08726909222049356,20.654,26,97,228,742,5276,10327,454,0.097,0.228,0.742,0.25544688680158806
43,3.623839104469023e-06,0.8963794765056664,0.08734237760874408,20.65,26,96,242,725,5302,10325,467,0.096,0.242,0.725,0.2567554479418886
44,3.879567421321318e-06,0.8964582901217686,0.08730894187985029,20.648,26,101,233,866,5309,10324,466,0.101,0.233,0.866,0.25711933359163114
45,3.4426468687059012e-06,0.8964648456921038,0.08730418330592817,20.642,26,102,227,620,5308,10321,462,0.102,0.227,0.62,0.257145625423893
46,3.113939163404447e-06,0.8964421473896919,0.08731471635921918,20.634,26,99,237,650,5308,10317,469,0.099,0.237,0.65,0.2572453232528836
47,3.2464141760549662e-06,0.896418293121914,0.08731602665964565,20.634,26,94,232,712,5308,10317,455,0.094,0.232,0.712,0.2572453232528836
48,3.7131355236402894e-06,0.8964182781877916,0.08735902180211347,20.634,26,95,231,968,5308,10317,455,0.095,0.231,0.968,0.2572453232528836
49,3.897067857952538e-06,0.8964577999679711,0.08729061568608296,20.634,26,94,238,698,5308,10317,466,0.094,0.238,0.698,0.2572453232528836
50,3.2903803087626346e-06,0.896449825901626,0.0872707194615887,20.634,26,96,218,760,5308,10317,456,0.096,0.218,0.76,0.2572453232528836
51,3.599569927427689e-06,0.8964231553373584,0.08731634699333066,20.634,26,87,214,1388,5308,10317,454,0.087,0.214,1.388,0.2572453232528836
52,3.930853260052275e-06,0.896424665683867,0.0873202117263919,20.634,26,88,229,750,5308,10317,450,0.088,0.229,0.75,0.2572453232528836
53,4.974796628716078e-06,0.8964106624654774,0.08739876551766622,20.634,26,92,229,679,5308,10317,450,0.092,0.229,0.679,0.2572453232528836
54,5.207733328394519e-06,0.8965300670238948,0.08721710358719556,20.634,26,92,228,763,5308,10317,453,0.092,0.228,0.763,0.2572453232528836
55,4.121365510215108e-06,0.896510251813686,0.08717910149539478,20.634,26,93,224,745,5308,10317,456,0.093,0.224,0.745,0.2572453232528836
56,3.9303709706445345e-06,0.8964531444430451,0.08723828728612018,20.634,26,96,214,841,5308,10317,447,0.096,0.214,0.841,0.2572453232528836
57,4.599675021143508e-06,0.8963951097931342,0.08732785622923014,20.634,26,86,228,890,5308,10317,444,0.086,0.228,0.89,0.2572453232528836
58,4.627222318232085e-06,0.89638043592533,0.08740812441685679,20.634,26,91,209,667,5308,10317,429,0.091,0.209,0.667,0.2572453232528836
59,4.336002187986952e-06,0.8965033343655369,0.08722789201920743,20.634,26,92,211,753,5308,10317,436,0.092,0.211,0.753,0.2572453232528836
60,3.313131674408615e-06,0.8965732273780029,0.08717072281773568,20.634,26,93,212,649,5308,10317,440,0.093,0.212,0.649,0.2572453232528836
61,2.962602283338064e-06,0.8965373589246938,0.08723529248284226,20.634,26,97,224,751,5314,10317,458,0.097,0.224,0.751,0.2575361054570127
62,3.2732859477547576e-06,0.8964181728514448,0.08734401816671246,20.634,26,93,234,724,5394,10317,456,0.093,0.234,0.724,0.2614132015120675
63,3.846434964933541e-06,0.8963445244704706,0.08744442852580954,20.634,26,92,228,776,5409,10317,449,0.092,0.228,0.776,0.26214015702239024
64,4.595623436558224e-06,0.8964179982739543,0.08733525830648992,20.634,26,95,230,840,5428,10317,457,0.095,0.23,0.84,0.26306096733546575
65,3.906464494904706e-06,0.8964790141509316,0.08721733621525973,20.634,26,96,223,1193,5483,10317,454,0.096,0.223,1.193,0.2657264708733159
66,3.0812518712747792e-06,0.8965154840661869,0.08718583501248961,20.634,26,93,238,1137,5483,10317,464,0.093,0.238,1.137,0.2657264708733159
67,3.340024128933746e-06,0.8964504094906603,0.0872802627801338,20.634,26,94,240,890,5488,10317,464,0.094,0.24,0.89,0.26596878937675683
68,4.449834084543327e-06,0.8963888387842603,0.08741293169253697,20.634,26,98,228,744,5523,10317,455,0.098,0.228,0.744,0.26766501890084327
69,4.4004229680671635e-06,0.8964971333423032,0.0872443987175144,20.634,26,89,215,1007,5538,10317,437,0.089,0.215,1.007,0.268391974411166
70,3.0886900007822336e-06,0.8965138899791926,0.08723559427874682,20.634,26,95,212,771,5547,10317,442,0.095,0.212,0.771,0.2688281477173597
71,3.0581786058497244e-06,0.8964909578575805,0.08725752449803252,20.634,26,92,226,661,5567,10317,459,0.092,0.226,0.661,0.26979742173112337
72,3.679838657505608e-06,0.8963768616537704,0.0873797579954276,20.634,26,92,229,796,5622,10317,452,0.092,0.229,0.796,0.27246292526897353
73,4.472253053136657e-06,0.8963329367167117,0.08746320463814566,20.634,26,95,226,660,5683,10317,450,0.095,0.226,0.66,0.2754192110109528
74,4.606341980055476e-06,0.8964691839508128,0.0872303147936203,20.634,26,88,218,908,5815,10317,439,0.088,0.218,0.908,0.28181641950179315
75,3.5746334462660675e-06,0.8965430240559521,0.08717377156684154,20.634,26,92,217,1066,5931,10317,444,0.092,0.217,1.066,0.2874382087816226
76,3.4202450593686406e-06,0.8965370939742059,0.08717310695910363,20.634,26,87,211,971,5974,10317,440,0.087,0.211,0.971,0.2895221479112145
77,3.7159213494282384e-06,0.8964207832629062,0.08734078580969089,20.634,26,94,227,742,5988,10317,455,0.094,0.227,0.742,0.2902006397208491
78,4.785452855192894e-06,0.8963580898429876,0.08743836747859143,20.634,26,92,219,1118,5996,10317,440,0.092,0.219,1.118,0.2905883493263546
79,4.198721598139357e-06,0.8964716704380739,0.08722958561305907,20.634,26,86,226,1127,6020,10317,446,0.086,0.226,1.127,0.291751478142871
80,2.967616668564909e-06,0.896514372958842,0.08721897737948901,20.634,26,96,221,703,6041,10317,451,0.096,0.221,0.703,0.29276921585732285
81,3.4197724900916932e-06,0.896500365143617,0.08723722391927066,20.634,26,94,228,698,6060,10317,464,0.094,0.228,0.698,0.29369002617039836
82,3.641372292672488e-06,0.8964196342111987,0.08734278145432961,20.634,26,94,240,1032,6087,10317,463,0.094,0.24,1.032,0.29499854608897935
83,3.9473862236776215e-06,0.8963853290063557,0.08739356308022647,20.634,26,93,222,761,6124,10317,444,0.093,0.222,0.761,0.2967917030144422
84,3.6543281152414733e-06,0.8964765015946972,0.08720963819719225,20.634,26,86,227,806,6149,10317,446,0.086,0.227,0.806,0.2980032955316468
85,3.254845796805454e-06,0.8965237518149102,0.08723170191961202,20.634,26,95,224,656,6176,10317,458,0.095,0.224,0.656,0.2993118154502278
86,3.767085651341242e-06,0.8964712897573681,0.08727085238540096,20.634,26,94,208,759,6194,10317,452,0.094,0.208,0.759,0.3001841620626151
87,3.5209262648643916e-06,0.8963801990591617,0.0873408911326961,20.634,26,90,236,969,6203,10317,459,0.09,0.236,0.969,0.3006203353688088
88,3.944771533813296e-06,0.8963739105743996,0.08740978477188395,20.634,26,95,225,821,6209,10317,449,0.095,0.225,0.821,0.30091111757293787
89,4.600908895641352e-06,0.8964949892915531,0.08722920782255068,20.634,26,85,220,823,6221,10317,439,0.085,0.22,0.823,0.3014926819811961
90,4.118874512269622e-06,0.8965235575243911,0.08724143454053619,20.634,26,95,223,739,6230,10317,453,0.095,0.223,0.739,0.3019288552873897
91,4.383070994629979e-06,0.8964803224906873,0.08724425662602213,20.634,26,99,204,838,6255,10317,445,0.099,0.204,0.838,0.30314044780459437
92,4.13147549674952e-06,0.896415620261742,0.08727712643629254,20.634,26,90,234,747,6273,10317,458,0.09,0.234,0.747,0.3040127944169817
93,4.370106898558256e-06,0.8963930559268949,0.08735341406659022,20.634,26,95,212,1093,6291,10317,436,0.095,0.212,1.093,0.304885141029369
94,4.353906612540833e-06,0.8964631900814645,0.08722238244362661,20.634,26,81,211,776,6294,10317,427,0.081,0.211,0.776,0.30503053213143355
95,3.268883618453469e-06,0.8964957133883791,0.08726595658164873,20.634,26,89,219,726,6327,10317,442,0.089,0.219,0.726,0.30662983425414364
96,3.909379749119505e-06,0.89651809725606,0.08727936055528517,20.634,26,93,215,1113,6345,10317,451,0.093,0.215,1.113,0.30750218086653097
97,4.447481825547298e-06,0.896425184901295,0.08731578903933948,20.634,26,85,228,894,6351,10317,447,0.085,0.228,0.894,0.30779296307066006
98,4.505974873639765e-06,0.8963892548243759,0.08735585762774403,20.634,26,93,207,897,6369,10317,429,0.093,0.207,0.897,0.3086653096830474
99,4.323948477038929e-06,0.896503217686009,0.08716835191058857,20.634,26,87,216,941,6369,10317,437,0.087,0.216,0.941,0.3086653096830474
100,3.543080807794195e-06,0.8965168135092505,0.08719440453017048,20.634,26,93,220,959,6378,10317,448,0.093,0.22,0.959,0.30910148298924106
101,3.7891364054543227e-06,0.8964909299670354,0.08724576599448167,20.634,26,96,208,1004,6378,10317,442,0.096,0.208,1.004,0.30910148298924106
102,3.7448451151667257e-06,0.8964345909562285,0.08729272825600398,20.634,26,89,226,954,6387,10317,449,0.089,0.226,0.954,0.3095376562954347
103,3.8342794667578655e-06,0.8964068181142161,0.08738487277490317,20.634,26,92,213,695,6396,10317,434,0.092,0.213,0.695,0.3099738296016284
104,3.70973535822531e-06,0.896491474205954,0.08723323406517128,20.634,26,92,225,804,6396,10317,451,0.092,0.225,0.804,0.3099738296016284
105,3.192768838102045e-06,0.8964817308252627,0.08726793224627977,20.634,26,100,231,736,6408,10317,465,0.1,0.231,0.736,0.3105553940098866
106,3.6936962569470687e-06,0.8964480415317375,0.08729241685935776,20.634,26,106,232,836,6433,10317,471,0.106,0.232,0.836,0.3117669865270912
107,3.834398786147184e-06,0.8964092924634436,0.08728587656901671,20.634,26,91,227,990,6452,10317,453,0.091,0.227,0.99,0.31268779684016673
108,3.7071511202730406e-06,0.8964280839816733,0.08733550562822723,20.626,26,94,217,757,6467,10313,440,0.094,0.217,0.757,0.3135363133908659
109,3.629730965655098e-06,0.8965111544106401,0.08720126703004494,20.626,26,89,222,715,6495,10313,445,0.089,0.222,0.715,0.31489382332977794
110,3.2834209513578816e-06,0.8965049879505695,0.08726819050046554,20.626,26,92,223,692,6495,10313,449,0.092,0.223,0.692,0.31489382332977794
111,3.925065910316635e-06,0.8964511301078906,0.08731055169249075,20.626,26,90,214,875,6495,10313,446,0.09,0.214,0.875,0.31489382332977794
112,3.9635534414195e-06,0.896411428739676,0.08730077214520199,20.626,26,85,229,806,6495,10313,449,0.085,0.229,0.806,0.31489382332977794
113,4.082875225136888e-06,0.8964112648021483,0.0873598221249367,20.626,26,92,219,726,6507,10313,440,0.092,0.219,0.726,0.3154756133035974
114,4.130927940196758e-06,0.8965127186924098,0.08718858469011428,20.626,26,93,221,660,6513,10313,448,0.093,0.221,0.66,0.3157665082905071
115,3.31988912673639e-06,0.8964968411481995,0.0872348106206934,20.626,26,97,228,688,6513,10313,459,0.097,0.228,0.688,0.3157665082905071
116,3.6985301873736205e-06,0.8964505698368448,0.08728419397101597,20.626,26,100,223,885,6513,10313,460,0.1,0.223,0.885,0.3157665082905071
117,3.7898659604150314e-06,0.8964192857081931,0.08728808283218188,20.626,26,91,224,968,6513,10313,449,0.091,0.224,0.968,0.3157665082905071
118,3.7983213095125725e-06,0.8963995215494357,0.08736393981507229,20.626,26,95,222,669,6513,10313,446,0.095,0.222,0.669,0.3157665082905071
119,3.8452630684524745e-06,0.896504610901795,0.08718900380677862,20.626,26,91,226,809,6516,10313,451,0.091,0.226,0.809,0.315911955783962
120,3.292134915124476e-06,0.8965084755213129,0.08723515039350574,20.626,26,96,221,725,6534,10313,451,0.096,0.221,0.725,0.31678464074469115
121,3.596573795763402e-06,0.8964547340879448,0.0872826131055149,20.626,26,97,236,885,6543,10313,466,0.097,0.236,0.885,0.31722098322505576
122,3.847262606003111e-06,0.8964177202755661,0.08730326710873179,20.626,26,89,229,990,6549,10313,453,0.089,0.229,0.99,0.31751187821196547
123,3.943408365245611e-06,0.8964155863911027,0.08735149664231642,20.626,26,93,214,681,6552,10313,436,0.093,0.214,0.681,0.3176573257054203
124,3.8060385566458666e-06,0.8965153190432821,0.08718334230919533,20.626,26,90,220,790,6558,10313,444,0.09,0.22,0.79,0.3179482206923301
125,3.2070553990471504e-06,0.8965143648009957,0.08723707663558969,20.626,26,97,225,724,6559,10313,456,0.097,0.225,0.724,0.31799670319014833
126,3.825532574793644e-06,0.8964568985025378,0.08728797439919253,20.626,26,101,220,887,6559,10313,458,0.101,0.22,0.887,0.31799670319014833
127,4.0266621993297556e-06,0.8964098340471708,0.08730700554687129,20.626,26,93,225,1041,6568,10313,453,0.093,0.225,1.041,0.31843304567051295
128,3.978800482027694e-06,0.8963922370078323,0.08734865597570178,20.626,26,93,214,1600,6568,10313,436,0.093,0.214,1.6,0.31843304567051295
129,3.905210512771325e-06,0.8964936532370171,0.08719015344491567,20.626,26,90,215,729,6568,10313,439,0.09,0.215,0.729,0.31843304567051295
130,3.3184753529136644e-06,0.8965210975517701,0.08721665917111183,20.626,26,90,216,951,6568,10313,440,0.09,0.216,0.951,0.31843304567051295
131,3.7407307606886816e-06,0.896473803249051,0.08728872942957469,20.626,26,92,207,982,6577,10313,437,0.092,0.207,0.982,0.3188693881508775
132,3.902430786895812e-06,0.8964176647821125,0.08732303461459799,20.626,26,87,226,957,6578,10313,447,0.087,0.226,0.957,0.3189178706486958
133,4.079011119562108e-06,0.8963982029441772,0.08737761604137197,20.626,26,92,215,766,6579,10313,436,0.092,0.215,0.766,0.3189663531465141
134,3.886190240339035e-06,0.8965049050326886,0.0871813156784411,20.626,26,91,219,915,6580,10313,444,0.091,0.219,0.915,0.3190148356443324
135,3.060031827112539e-06,0.8965182546264002,0.08720584798055453,20.626,26,94,228,768,6582,10313,456,0.094,0.228,0.768,0.31911180063996897
136,3.5090651079707546e-06,0.8964651968062413,0.08728306136075033,20.626,26,100,211,934,6591,10313,456,0.1,0.211,0.934,0.3195481431203336
137,3.891448875199952e-06,0.8964018677614545,0.08733408127751571,20.626,26,87,224,989,6596,10313,445,0.087,0.224,0.989,0.319790555609425
138,4.034405300619671e-06,0.8964132755241669,0.0873679084684742,20.626,26,90,212,794,6596,10313,432,0.09,0.212,0.794,0.319790555609425
139,4.092068482132896e-06,0.8965280097451537,0.08717566541894005,20.626,26,86,213,997,6596,10313,433,0.086,0.213,0.997,0.319790555609425
140,3.7844324178937577e-06,0.8965421118302334,0.08720221133331772,20.626,26,93,219,782,6596,10313,446,0.093,0.219,0.782,0.319790555609425
141,4.460667299178259e-06,0.8965019861100549,0.0872490136663754,20.626,26,99,214,913,6605,10313,450,0.099,0.214,0.913,0.3202268980897896
142,3.955749120253473e-06,0.896408976283946,0.08726132515613455,20.626,26,92,237,1064,6617,10313,463,0.092,0.237,1.064,0.320808688063609
143,3.683249916006014e-06,0.8963559337250552,0.08737049241205028,20.626,26,97,226,1017,6635,10313,452,0.097,0.226,1.017,0.3216813730243382
144,3.946466134406077e-06,0.8964835289259001,0.08721441314900143,20.626,26,91,227,999,6643,10313,452,0.091,0.227,0.999,0.3220692330068845
145,3.4196079600348485e-06,0.8965021371612676,0.0872571386985079,20.626,26,99,231,826,6676,10313,464,0.099,0.231,0.826,0.323669155434888
146,3.656663951377884e-06,0.8964845686119675,0.08728869629470215,20.626,26,104,234,902,6683,10313,471,0.104,0.234,0.902,0.324008532919616
147,3.7024943762344876e-06,0.8964161903237376,0.08728786346955428,20.626,26,90,227,1042,6691,10313,451,0.09,0.227,1.042,0.3243963929021623
148,3.6292910364274897e-06,0.8963734796073816,0.08738430124040356,20.626,26,96,219,676,6721,10313,444,0.096,0.219,0.676,0.32585086783671097
149,3.8062610057251934e-06,0.8964842466638622,0.08721056653714447,20.626,26,88,222,813,6733,10313,445,0.088,0.222,0.813,0.3264326578105304
150,3.5305845708430378e-06,0.8965019522900198,0.0872582235204548,20.626,26,93,218,735,6734,10313,445,0.093,0.218,0.735,0.3264811403083487
151,4.072668585926598e-06,0.89647488904423,0.08727499988503765,20.626,26,95,209,803,6737,10313,442,0.095,0.209,0.803,0.32662658780180354
152,3.6586304933591432e-06,0.8964461771051626,0.08725179329751058,20.626,26,84,228,909,6753,10313,447,0.084,0.228,0.909,0.32740230776689616
153,3.55252984351946e-06,0.8964199803394706,0.0873499839950209,20.626,26,90,220,686,6753,10313,440,0.09,0.22,0.686,0.32740230776689616
154,3.936423928613527e-06,0.8964909251053514,0.08722878668456042,20.626,26,87,219,835,6754,10313,448,0.087,0.219,0.835,0.32745079026471446
155,3.980605958397067e-06,0.8964694587664376,0.08730831969793189,20.626,26,99,229,707,6754,10313,462,0.099,0.229,0.707,0.32745079026471446
156,4.759236973277927e-06,0.8964975057138825,0.08725797703812421,20.626,26,102,225,1066,6777,10313,460,0.102,0.225,1.066,0.32856588771453504
157,4.074370844235074e-06,0.896460062761496,0.0871906235963009,20.626,26,94,238,1406,6780,10313,466,0.094,0.238,1.406,0.3287113352079899
158,3.5397860195525007e-06,0.8963871539480434,0.08729839299308156,20.626,26,100,225,1008,6786,10313,454,0.1,0.225,1.008,0.32900223019489966
159,3.924827004570746e-06,0.8964737157384297,0.08721397541188161,20.626,26,91,232,906,6835,10313,456,0.091,0.232,0.906,0.3313778725879957
160,3.6995263474671906e-06,0.8964847840986124,0.08729883324812346,20.626,26,94,221,961,6857,10313,449,0.094,0.221,0.961,0.33244448753999806
161,3.956744238037058e-06,0.896475175761009,0.08730237587262021,20.626,26,96,211,957,6890,10313,444,0.096,0.211,0.957,0.33404440996800155
162,3.682622998666212e-06,0.8964286289880331,0.08727714166941904,20.626,26,87,227,901,6913,10313,448,0.087,0.227,0.901,0.3351595074178222
163,3.784746779340324e-06,0.8963899600852563,0.08736458345782463,20.626,26,95,218,627,6952,10313,442,0.095,0.218,0.627,0.3370503248327354
164,3.967241443557736e-06,0.8964767700409091,0.08721316978083485,20.626,26,91,229,832,7001,10313,454,0.091,0.229,0.832,0.33942596722583146
165,3.3919716244810625e-06,0.8964927157619023,0.08724895147504187,20.626,26,98,232,856,7014,10313,464,0.098,0.232,0.856,0.34005623969746923
166,3.767612111467079e-06,0.8964774447414624,0.08726207407826184,20.626,26,102,230,883,7017,10313,465,0.102,0.23,0.883,0.3402016871909241
167,3.5775864057946634e-06,0.8964609370735904,0.0872441242535628,20.626,26,87,228,1056,7022,10313,449,0.087,0.228,1.056,0.3404440996800155
168,3.6629234674179678e-06,0.8964292451026413,0.0873570740927939,20.626,26,92,211,668,7023,10313,432,0.092,0.211,0.668,0.3404925821778338
169,3.987801745313634e-06,0.896508100100955,0.08721260085749041,20.626,26,86,218,828,7025,10313,443,0.086,0.218,0.828,0.3405895471734704
170,3.623483584914339e-06,0.8964862451209377,0.08728964092845112,20.626,26,93,222,782,7031,10313,449,0.093,0.222,0.782,0.3408804421603801
171,4.199650289537136e-06,0.8964594406786833,0.0872781852562523,20.626,26,92,208,1271,7034,10313,438,0.092,0.208,1.271,0.34102588965383496
172,3.6231606335679717e-06,0.8964435555456374,0.08723265745835519,20.626,26,82,237,1876,7037,10313,453,0.082,0.237,1.876,0.3411713371472898
173,3.7340976700911172e-06,0.8964092021967461,0.08735953045740728,20.626,26,92,218,757,7054,10313,440,0.092,0.218,0.757,0.34199553961020074
174,4.290492519185984e-06,0.8965036168954832,0.0872144786810796,20.626,26,88,221,976,7060,10313,448,0.088,0.221,0.976,0.34228643459711044
175,3.7132878795640116e-06,0.896505164157106,0.08725642264643205,20.626,26,95,226,1097,7067,10313,455,0.095,0.226,1.097,0.34262581208183845
176,3.972285085113468e-06,0.89650772644948,0.0872333338846208,20.626,26,102,238,1209,7070,10313,473,0.102,0.238,1.209,0.3427712595752933
177,3.8137258376914157e-06,0.8964440287904345,0.08722815712592277,20.626,26,87,243,2085,7072,10313,459,0.087,0.243,2.085,0.3428682245709299
178,3.755366136571805e-06,0.8963792763302829,0.08736539207990822,20.626,26,98,215,738,7072,10313,442,0.098,0.215,0.738,0.3428682245709299
179,3.928802001149021e-06,0.8964969166872536,0.08718746719750627,20.626,26,89,224,1031,7074,10313,447,0.089,0.224,1.031,0.34296518956656646
180,3.2482903259584384e-06,0.8964868986652962,0.08727344023625476,20.626,26,91,222,825,7090,10313,447,0.091,0.222,0.825,0.3437409095316591
181,3.834299480805528e-06,0.8964722447010067,0.0873084026868241,20.626,26,99,216,843,7091,10313,453,0.099,0.216,0.843,0.34378939202947734
182,3.7892226420304113e-06,0.8964463108058595,0.08727640348757319,20.626,26,84,235,1081,7103,10313,453,0.084,0.235,1.081,0.3443711820032968
183,3.662902794573903e-06,0.8963971659081981,0.08737176817235599,20.626,26,97,222,694,7105,10313,448,0.097,0.222,0.694,0.3444681469989334
184,4.054548295178448e-06,0.8965016926157371,0.08718336118564148,20.626,26,92,230,862,7108,10313,456,0.092,0.23,0.862,0.34461359449238826
185,3.452914911608613e-06,0.8964922629827334,0.08723740220372951,20.626,26,98,230,760,7110,10313,462,0.098,0.23,0.76,0.3447105594880248
186,3.795258741497773e-06,0.8964839058967016,0.08726875339298593,20.626,26,100,236,962,7111,10313,469,0.1,0.236,0.962,0.3447590419858431
187,3.831311350449966e-06,0.8964450181466311,0.08725565666702172,20.626,26,85,234,1114,7112,10313,453,0.085,0.234,1.114,0.3448075244836614
188,3.717983937473506e-06,0.8963948412212135,0.08737549381570872,20.626,26,97,220,685,7114,10313,446,0.097,0.22,0.685,0.34490448947929797
189,3.971638198026332e-06,0.8965095928816366,0.08718147118513236,20.626,26,89,224,864,7120,10313,447,0.089,0.224,0.864,0.3451953844662077
190,3.250676778249497e-06,0.8964899914716036,0.08724705936820207,20.626,26,90,219,850,7129,10313,443,0.09,0.219,0.85,0.3456317269465723
191,3.7584592264266215e-06,0.8964531150263686,0.08731575134184513,20.626,26,98,221,843,7136,10313,457,0.098,0.221,0.843,0.3459711044313003
192,3.987908439886293e-06,0.8964372405492584,0.08729361260804273,20.626,26,85,236,1021,7136,10313,455,0.085,0.236,1.021,0.3459711044313003
193,4.196013212364398e-06,0.8963655441908093,0.08741141299961393,20.626,26,97,216,733,7136,10313,442,0.097,0.216,0.733,0.3459711044313003
194,4.331070235493505e-06,0.8965099720840833,0.0871636500509139,20.626,26,91,219,876,7140,10313,445,0.091,0.219,0.876,0.34616503442257346
195,3.348493547963392e-06,0.8965345151605927,0.08717432639746092,20.626,26,91,221,1190,7142,10313,446,0.091,0.221,1.19,0.34626199941821
196,3.808498181641099e-06,0.8964799466626707,0.08727533083144855,20.626,26,97,206,1093,7155,10313,440,0.097,0.206,1.093,0.3468922718898478
197,3.967234974592909e-06,0.8964412496085302,0.08728194635139527,20.626,26,82,230,915,7199,10313,447,0.082,0.23,0.915,0.34902550179385244
198,4.0240527273337355e-06,0.8963686225679497,0.08741992927373099,20.626,26,95,212,877,7205,10313,436,0.095,0.212,0.877,0.34931639678076215
199,4.17400762210763e-06,0.896520520124095,0.0871647443511629,20.626,26,90,217,1017,7219,10313,441,0.09,0.217,1.017,0.34999515175021817
200,3.2519259019995243e-06,0.8965374701371017,0.0871888892255505,20.626,26,91,223,848,7228,10313,449,0.091,0.223,0.848,0.3504314942305828
201,3.756392201239145e-06,0.8964524212713243,0.08729973999668508,20.626,26,103,218,1054,7240,10313,458,0.103,0.218,1.054,0.3510132842044022
202,4.1669934394980584e-06,0.8964173299987159,0.08728832285526925,20.626,26,85,230,984,7254,10313,449,0.085,0.23,0.984,0.3516920391738582
203,4.128450829802041e-06,0.896374406810178,0.08739090118211604,20.626,26,93,207,1465,7271,10313,429,0.093,0.207,1.465,0.35251624163676915
204,4.2543925965485454e-06,0.896542075276064,0.08714066458624015,20.626,26,85,212,975,7272,10313,431,0.085,0.212,0.975,0.3525647241345874
205,3.2956515389533057e-06,0.8965708686892685,0.08716196922245788,20.626,26,87,222,1199,7284,10313,444,0.087,0.222,1.199,0.35314651410840686
206,3.7067688435963103e-06,0.8964883576757281,0.08727242244349685,20.626,26,96,213,1034,7291,10313,446,0.096,0.213,1.034,0.35348589159313487
207,3.871651925347653e-06,0.8964327752247786,0.08728776842846021,20.626,26,84,229,1081,7294,10313,447,0.084,0.229,1.081,0.3536313390865897
208,3.99160081158941e-06,0.896366573337613,0.08742056712980824,20.626,26,93,210,741,7308,10313,432,0.093,0.21,0.741,0.35431009405604574
209,4.043114911244785e-06,0.8965082930088066,0.08718564922582993,20.626,26,91,217,958,7312,10313,442,0.091,0.217,0.958,0.3545040240473189
210,3.1105180014051093e-06,0.8965208236758754,0.08721055316753533,20.626,26,93,229,786,7315,10313,456,0.093,0.229,0.786,0.35464947154077375
211,3.717558857584695e-06,0.8964470274732164,0.0873122780271588,20.626,26,104,219,921,7327,10313,460,0.104,0.219,0.921,0.3552312615145932
212,4.132455538859081e-06,0.8964178438935296,0.087290074623721,20.626,26,82,233,1012,7328,10313,449,0.082,0.233,1.012,0.3552797440124115
213,4.165255192422886e-06,0.8963832364315789,0.08738842724006915,20.626,26,93,207,1351,7329,10313,429,0.093,0.207,1.351,0.3553282265102298
214,4.390998018522504e-06,0.8965505369987993,0.08713805700154069,20.626,26,83,209,938,7330,10313,427,0.083,0.209,0.938,0.3553767090080481
215,3.42496664257135e-06,0.8965753630827807,0.08716052936787386,20.626,26,92,220,1150,7338,10313,446,0.092,0.22,1.15,0.3557645689905944
216,3.7960744237221985e-06,0.8964817612650574,0.08725842749087197,20.626,26,99,206,1064,7342,10313,442,0.099,0.206,1.064,0.35595849898186754
217,3.791665310971665e-06,0.8964067761976949,0.08729891972944483,20.626,26,87,228,1041,7343,10313,449,0.087,0.228,1.041,0.35600698147968585
218,3.880622874526346e-06,0.8963424937435757,0.08744229382968192,20.626,26,95,214,770,7344,10313,438,0.095,0.214,0.77,0.3560554639775041
219,3.995847327563529e-06,0.896499643386919,0.08720272627496242,20.626,26,88,223,989,7358,10313,445,0.088,0.223,0.989,0.35673421894696017
220,3.336330711954255e-06,0.8965151734724293,0.08723301217166522,20.626,26,93,229,784,7360,10313,457,0.093,0.229,0.784,0.3568311839425967
221,4.056299129176052e-06,0.8964752799522573,0.08729027624246907,20.626,26,107,235,872,7369,10313,475,0.107,0.235,0.872,0.35726752642296133
222,4.3139385421960735e-06,0.896415812831904,0.08726591644221879,20.626,26,87,230,1045,7373,10313,451,0.087,0.23,1.045,0.35746145641423444
223,3.879958487838704e-06,0.8963794475055438,0.08734873701430701,20.626,26,95,211,1243,7373,10313,435,0.095,0.211,1.243,0.35746145641423444
224,4.1007130822003176e-06,0.8965233828423336,0.08716072565522677,20.626,26,87,217,799,7377,10313,438,0.087,0.217,0.799,0.3576553864055076
225,3.508265949306728e-06,0.8965346587446132,0.08720997699778565,20.626,26,87,216,1146,7377,10313,438,0.087,0.216,1.146,0.3576553864055076
226,3.694664126137275e-06,0.896477523829883,0.08729356773241688,20.626,26,95,208,843,7389,10313,440,0.095,0.208,0.843,0.35823717637932706
227,3.634239417951732e-06,0.8964074864474711,0.08732276238000444,20.626,26,84,233,1028,7389,10313,451,0.084,0.233,1.028,0.35823717637932706
228,3.793027629691089e-06,0.8963551365495798,0.08743327487898231,20.626,26,93,218,668,7392,10313,440,0.093,0.218,0.668,0.3583826238727819
229,4.057064035097423e-06,0.8964771799486204,0.08721849090398755,20.626,26,91,227,882,7394,10313,452,0.091,0.227,0.882,0.3584795888684185
230,3.639636058285366e-06,0.8965010254649619,0.08722872953026478,20.626,26,95,233,817,7394,10313,462,0.095,0.233,0.817,0.3584795888684185
231,4.370672541261639e-06,0.8964846622508399,0.08727508923893561,20.626,26,101,241,890,7403,10313,475,0.101,0.241,0.89,0.3589159313487831
232,4.712436141080391e-06,0.8964234032554624,0.08726386219574482,20.626,26,89,236,1071,7403,10313,459,0.089,0.236,1.071,0.3589159313487831
233,4.4463565367592755e-06,0.896387399298509,0.08733041263379676,20.626,26,97,205,1269,7414,10313,431,0.097,0.205,1.269,0.35944923882478425
234,4.312680438775933e-06,0.8965180828403495,0.0871396215769147,20.626,26,86,214,1083,7422,10313,435,0.086,0.214,1.083,0.35983709880733056
235,3.5506344945826857e-06,0.8965456641962836,0.08720173365802135,20.626,26,91,223,1024,7425,10313,448,0.091,0.223,1.024,0.3599825463007854
236,3.888696154332386e-06,0.8964782994283549,0.08730503939798555,20.626,26,100,224,870,7427,10313,457,0.1,0.224,0.87,0.360079511296422
237,4.022800722424305e-06,0.8964129481995503,0.08732041425354448,20.626,26,91,228,1227,7432,10313,453,0.091,0.228,1.227,0.3603219237855134
238,3.8063272714666777e-06,0.896354272199012,0.08740546310576491,20.626,26,98,215,737,7437,10313,442,0.098,0.215,0.737,0.3605643362746049
239,3.76679332886906e-06,0.8964735267749122,0.08721584383067253,20.626,26,96,226,838,7444,10313,456,0.096,0.226,0.838,0.3609037137593329
240,3.225615535371565e-06,0.8964978228817259,0.08722772924972431,20.626,26,95,229,791,7447,10313,459,0.095,0.229,0.791,0.36104916125278774
241,3.7976112295391075e-06,0.8964412504342569,0.08731674240420881,20.626,26,101,231,790,7450,10313,465,0.101,0.231,0.79,0.3611946087462426
242,3.954256342303221e-06,0.8964464053376316,0.08726994028792416,20.626,26,87,231,995,7454,10313,453,0.087,0.231,0.995,0.36138853873751575
243,3.85584901859631e-06,0.8964098507486556,0.08735365299128746,20.626,26,93,212,699,7455,10313,434,0.093,0.212,0.699,0.36143702123533406
244,3.934644432199516e-06,0.8965181484068222,0.08718335480348864,20.626,26,90,218,821,7456,10313,442,0.09,0.218,0.821,0.36148550373315236
245,3.3580151826651065e-06,0.8965143570371663,0.08722992101744148,20.626,26,89,220,770,7457,10313,444,0.089,0.22,0.77,0.3615339862309706
246,3.7634816088429873e-06,0.896435630264488,0.08732826201316557,20.626,26,100,214,848,7458,10313,451,0.1,0.214,0.848,0.3615824687287889
247,3.8478232171151e-06,0.8964266517212685,0.08727987212011522,20.626,26,88,235,962,7465,10313,457,0.088,0.235,0.962,0.3619218462135169
248,3.8057384684337436e-06,0.8964073795071791,0.08735320329349486,20.626,26,91,215,736,7472,10313,436,0.091,0.215,0.736,0.3622612236982449
249,3.956092346353157e-06,0.8965140526601421,0.08718924198306363,20.626,26,94,224,761,7489,10313,452,0.094,0.224,0.761,0.3630854261611558
250,3.4630650798998103e-06,0.8965257644346327,0.08720865225979377,20.626,26,96,231,809,7489,10313,461,0.096,0.231,0.809,0.3630854261611558
251,3.7415179564400146e-06,0.8964621221157264,0.08729313848593011,20.626,26,100,232,1027,7498,10313,465,0.1,0.232,1.027,0.3635217686415204
252,3.827696127640193e-06,0.8964199801175946,0.08727649386033877,20.626,26,85,230,1224,7507,10313,449,0.085,0.23,1.224,0.363958111121885
253,3.8016899579918094e-06,0.8963848102621977,0.08738580059881175,20.626,26,97,218,684,7507,10313,444,0.097,0.218,0.684,0.363958111121885
254,3.907293955100636e-06,0.8965084543831274,0.08717998164867286,20.626,26,91,222,1020,7508,10313,447,0.091,0.222,1.02,0.3640065936197033
255,3.0227543532841334e-06,0.8965028722648659,0.08722706646627768,20.626,26,89,224,830,7509,10313,447,0.089,0.224,0.83,0.3640550761175216
256,3.4858475698260975e-06,0.8964538942920339,0.08732197729706738,20.626,26,100,215,880,7511,10313,453,0.1,0.215,0.88,0.36415204111315813
257,4.021871338851679e-06,0.8964187199709001,0.08731790687617566,20.626,26,82,231,987,7513,10313,447,0.082,0.231,0.987,0.36424900610879474
258,4.201650258470371e-06,0.8964269639378729,0.08737852667947638,20.626,26,97,216,638,7514,10313,442,0.097,0.216,0.638,0.36429748860661304
259,4.476828825899593e-06,0.8965145021516552,0.08716787637499443,20.626,26,89,217,860,7516,10313,441,0.089,0.217,0.86,0.3643944536022496
260,3.4300473531981264e-06,0.8965278182474816,0.08717214014973498,20.626,26,95,223,1082,7520,10313,452,0.095,0.223,1.082,0.36458838359352275
261,3.847195379487081e-06,0.8964751608509394,0.08725609204388818,20.626,26,98,209,927,7531,10313,444,0.098,0.209,0.927,0.3651216910695239
262,3.882159858209842e-06,0.8964151962929463,0.08729617549597242,20.626,26,84,227,833,7539,10313,445,0.084,0.227,0.833,0.3655095510520702
263,3.910002462265166e-06,0.8963870458512335,0.08740469432326962,20.626,26,93,218,669,7540,10313,440,0.093,0.218,0.669,0.3655580335498885
264,4.277348611606029e-06,0.8965053619248564,0.08720956092777188,20.626,26,88,221,867,7548,10313,443,0.088,0.221,0.867,0.3659458935324348
265,3.4908570828860416e-06,0.8965286033519374,0.08719885560957875,20.626,26,95,225,868,7552,10313,455,0.095,0.225,0.868,0.36613982352370794
266,3.6610752336938515e-06,0.8964750020520522,0.08725606580985262,20.626,26,106,217,998,7560,10313,460,0.106,0.217,0.998,0.36652768350625425
267,3.776525750690933e-06,0.8964162691335452,0.08726773326235465,20.626,26,90,229,1119,7571,10313,453,0.09,0.229,1.119,0.3670609909822554
268,3.7062514646957034e-06,0.8963662172783232,0.08739787513610331,20.626,26,97,220,702,7589,10313,446,0.097,0.22,0.702,0.3679336759429846
269,3.7570741168481325e-06,0.8965063863497202,0.08720036387860228,20.626,26,89,231,1061,7589,10313,454,0.089,0.231,1.061,0.3679336759429846
270,3.4002029781936072e-06,0.8964979159967634,0.08726731254512111,20.626,26,94,233,904,7598,10313,462,0.094,0.233,0.904,0.36837001842334915
271,4.242649196411992e-06,0.8964572028332471,0.08730975820099669,20.626,26,97,225,881,7610,10313,455,0.097,0.225,0.881,0.3689518083971686
272,4.089677839968198e-06,0.8964396500794909,0.08725242919654956,20.626,26,84,232,1605,7614,10313,451,0.084,0.232,1.605,0.3691457383884418
273,3.886752074375708e-06,0.8964023444061209,0.08734667121942985,20.626,26,94,208,1090,7614,10313,431,0.094,0.208,1.09,0.3691457383884418
274,4.1424615710542e-06,0.8965076279426769,0.08718157358937471,20.626,26,87,218,741,7617,10313,439,0.087,0.218,0.741,0.36929118588189663
275,3.503554463135829e-06,0.8964991140605568,0.08724671652197503,20.626,26,95,218,976,7627,10313,447,0.095,0.218,0.976,0.3697760108600795
276,3.760517519766487e-06,0.8964576361887857,0.0872936389011173,20.626,26,101,218,869,7632,10313,456,0.101,0.218,0.869,0.37001842334917096
277,3.971552523886894e-06,0.8963956587061789,0.08732044382985402,20.626,26,88,231,983,7643,10313,453,0.088,0.231,0.983,0.3705517308251721
278,4.4246235621058085e-06,0.8963833121712551,0.08740064903814669,20.626,26,101,214,635,7646,10313,444,0.101,0.214,0.635,0.370697178318627
279,4.248958707959036e-06,0.8965011406677741,0.08715835531961025,20.626,26,91,221,860,7651,10313,447,0.091,0.221,0.86,0.37093959080771843
280,3.1203074029549796e-06,0.8964980746173724,0.08721094302931647,20.626,26,98,234,861,7659,10313,466,0.098,0.234,0.861,0.3713274507902647
281,3.812770152995446e-06,0.8964740466509538,0.08727228547687135,20.626,26,98,218,990,7671,10313,453,0.098,0.218,0.99,0.37190924076408416
282,3.886557455596752e-06,0.8964259769044283,0.08729730844523445,20.626,26,83,228,978,7679,10313,445,0.083,0.228,0.978,0.37229710074663047
283,4.007721510865159e-06,0.8963721223255573,0.08743469954696417,20.626,26,97,214,753,7685,10313,440,0.097,0.214,0.753,0.3725879957335402
284,4.183025127223737e-06,0.8965048297779511,0.08719949341684344,20.626,26,89,218,811,7694,10313,441,0.089,0.218,0.811,0.3730243382139048
285,3.102909550319821e-06,0.8965078480248784,0.08721585717804452,20.626,26,95,225,719,7704,10313,455,0.095,0.225,0.719,0.37350916319208766
286,3.5003068582244826e-06,0.8964566072254311,0.08728495368372395,20.626,26,102,217,851,7709,10313,456,0.102,0.217,0.851,0.3737515756811791
287,3.6758092126541563e-06,0.8964202989948892,0.08729296719670632,20.626,26,85,218,986,7714,10313,445,0.085,0.218,0.986,0.3739939881702705
288,4.042044434600075e-06,0.8963654347586003,0.08744759079205218,20.626,26,92,211,664,7722,10313,432,0.092,0.211,0.664,0.37438184815281683
289,4.775843140545479e-06,0.8965249041053439,0.08719680007805589,20.626,26,89,217,838,7726,10313,440,0.089,0.217,0.838,0.37457577814409
290,3.760799052294448e-06,0.8965653939101532,0.08715131663977159,20.626,26,90,219,907,7727,10313,444,0.09,0.219,0.907,0.3746242606419083
291,3.6870792183121948e-06,0.8964988636371272,0.08721060295364325,20.626,26,95,207,1154,7731,10313,440,0.095,0.207,1.154,0.37481819063318145
292,3.6823974061161598e-06,0.8964395189187169,0.08725261297967102,20.626,26,83,234,780,7735,10313,451,0.083,0.234,0.78,0.37501212062445455
293,3.988125511728003e-06,0.8963749798927799,0.08742393935809747,20.626,26,95,221,646,7742,10313,445,0.095,0.221,0.646,0.37535149810918256
294,4.255437287291043e-06,0.8964994873965629,0.0872216588115974,20.626,26,91,219,1002,7742,10313,443,0.091,0.219,1.002,0.37535149810918256
295,3.1356854220856877e-06,0.8965147439482073,0.08721649663564383,20.626,26,92,220,792,7752,10313,446,0.092,0.22,0.792,0.3758363230873655
296,3.3748847655814714e-06,0.8964599215734922,0.08729498799363143,20.626,26,104,216,793,7758,10313,458,0.104,0.216,0.793,0.3761272180742752
297,3.674153096021775e-06,0.8964151349023047,0.08729997001668585,20.626,26,88,241,826,7768,10313,461,0.088,0.241,0.826,0.37661204305245805
298,3.913808909424122e-06,0.8963481217332405,0.08743392687111572,20.626,26,96,229,717,7775,10313,454,0.096,0.229,0.717,0.37695142053718605
299,4.280422252897131e-06,0.8965031963603992,0.08718501059740541,20.626,26,93,224,843,7789,10313,450,0.093,0.224,0.843,0.37763017550664213
300,3.4601766183634386e-06,0.8965316543334377,0.08717972766783647,20.626,26,92,209,815,7796,10313,440,0.092,0.209,0.815,0.37796955299137014
301,3.712409351609602e-06,0.896482663684894,0.08725297180599303,20.626,26,96,204,848,7801,10313,438,0.096,0.204,0.848,0.37821196548046154
302,3.7308816750686434e-06,0.8964245737952804,0.08727711437570561,20.626,26,85,230,928,7808,10313,449,0.085,0.23,0.928,0.37855134296518955
303,3.83476125784134e-06,0.8963646898421567,0.0874220295219711,20.626,26,95,220,748,7813,10313,444,0.095,0.22,0.748,0.378793755454281
304,4.130650399764486e-06,0.8965135672946449,0.08719494367305043,20.626,26,91,216,1034,7814,10313,440,0.091,0.216,1.034,0.3788422379520993
305,3.1199410125719455e-06,0.8965101445579678,0.08721588868156253,20.626,26,94,224,692,7821,10313,452,0.094,0.224,0.692,0.3791816154368273
306,3.367454647442514e-06,0.8964579187106134,0.08728689173542095,20.626,26,106,232,892,7823,10313,471,0.106,0.232,0.892,0.3792785804324639
307,3.5831932325044444e-06,0.8964110720508586,0.08729123782327668,20.626,26,87,240,1045,7827,10313,459,0.087,0.24,1.045,0.37947251042373703
308,3.875700252726546e-06,0.8963648654543395,0.0874327015020967,20.626,26,96,223,722,7834,10313,448,0.096,0.223,0.722,0.37981188790846504
309,4.458809421714907e-06,0.8965105167297763,0.08719143525877592,20.626,26,94,222,846,7836,10313,449,0.094,0.222,0.846,0.37990885290410165
310,3.6242539891407816e-06,0.8965452042892393,0.08717588235585066,20.626,26,96,222,759,7843,10313,452,0.096,0.222,0.759,0.38024823038882966
311,3.7435279035264406e-06,0.8964783871761511,0.08724032497994542,20.626,26,101,214,1089,7843,10313,453,0.101,0.214,1.089,0.38024823038882966
312,3.7123843844797878e-06,0.8964112769078914,0.08726592370142285,20.626,26,86,236,842,7855,10313,456,0.086,0.236,0.842,0.38083002036264907
313,3.778483702272194e-06,0.8963683947502943,0.08740815731467938,20.626,26,95,223,789,7860,10313,447,0.095,0.223,0.789,0.38107243285174053
314,3.969751892911756e-06,0.8965063645378526,0.08721177149235981,20.626,26,90,225,1024,7861,10313,449,0.09,0.225,1.024,0.38112091534955883
315,3.183278243604672e-06,0.8964961420357542,0.08725907676878496,20.626,26,96,233,733,7862,10313,463,0.096,0.233,0.733,0.3811693978473771
316,3.4962737280169096e-06,0.8964550841107702,0.08729847796211385,20.626,26,106,238,885,7866,10313,477,0.106,0.238,0.885,0.38136332783865023
317,3.6863267717067643e-06,0.8964198306152832,0.08727582604545332,20.626,26,84,235,1128,7871,10313,453,0.084,0.235,1.128,0.3816057403277417
318,3.81663038626387e-06,0.8963794454793357,0.08739560673590983,20.626,26,95,216,719,7885,10313,440,0.095,0.216,0.719,0.3822844952971977
319,4.012111656574631e-06,0.8965274283228979,0.08716654108096214,20.626,26,90,226,892,7892,10313,450,0.09,0.226,0.892,0.3826238727819257
320,3.6455936465396217e-06,0.8964950237552112,0.08724848732769352,20.626,26,94,231,775,7892,10313,459,0.094,0.231,0.775,0.3826238727819257
321,4.5473646741577085e-06,0.8965024637404371,0.0872599196356757,20.626,26,100,209,867,7893,10313,447,0.1,0.209,0.867,0.382672355279744
322,4.047980410222282e-06,0.896434009419552,0.08722977758086654,20.626,26,85,235,1149,7896,10313,454,0.085,0.235,1.149,0.3828178027731989
323,3.722780671948121e-06,0.896364438013504,0.0873748922664481,20.626,26,96,219,847,7900,10313,444,0.096,0.219,0.847,0.38301173276447203
324,4.352794398518389e-06,0.8965022178441053,0.08718449074337829,20.626,26,89,224,818,7907,10313,447,0.089,0.224,0.818,0.38335111024920004
325,3.6195002698634737e-06,0.8965006317893357,0.08722965411601621,20.626,26,92,217,1106,7920,10313,443,0.092,0.217,1.106,0.38398138272083776
326,3.541131698526265e-06,0.8964943537234967,0.08727798854502765,20.626,26,103,235,1038,7928,10313,471,0.103,0.235,1.038,0.3843692427033841
327,3.7836656725566797e-06,0.8964195404509036,0.08729245481448089,20.626,26,84,233,1146,7932,10313,451,0.084,0.233,1.146,0.38456317269465723
328,3.979645694522866e-06,0.8963453020679442,0.08743243429975564,20.626,26,99,216,674,7936,10313,444,0.099,0.216,0.674,0.3847571026859304
329,4.137747453046416e-06,0.8964986082490123,0.08717067009470819,20.626,26,91,219,978,7942,10313,444,0.091,0.219,0.978,0.3850479976728401
330,3.131843641943892e-06,0.8965313028314698,0.08718816562515096,20.626,26,89,223,836,7943,10313,446,0.089,0.223,0.836,0.3850964801706584
331,3.6357587917993265e-06,0.8964735810597203,0.08729045289050845,20.626,26,99,218,983,7954,10313,455,0.099,0.218,0.983,0.38562978764665956
332,3.986795071664252e-06,0.8964265577807384,0.08730122279684115,20.626,26,85,230,980,7959,10313,449,0.085,0.23,0.98,0.385872200135751
333,4.127169511266874e-06,0.8963808410877694,0.08741080867179363,20.626,26,94,211,852,7960,10313,434,0.094,0.211,0.852,0.38592068263356927
334,4.404266189643856e-06,0.896527547853748,0.08715188306935083,20.626,26,85,209,952,7960,10313,429,0.085,0.209,0.952,0.38592068263356927
335,3.2396267513288656e-06,0.8965488265816793,0.08716125999131245,20.626,26,90,222,1151,7974,10313,446,0.09,0.222,1.151,0.3865994376030253
336,3.631044315919173e-06,0.8964890855537062,0.08725331408462135,20.626,26,94,213,1060,7975,10313,444,0.094,0.213,1.06,0.3866479201008436
337,3.95605398932214e-06,0.8964202357206613,0.08730653106162622,20.626,26,82,224,874,7980,10313,441,0.082,0.224,0.874,0.38689033258993505
338,4.02412397950358e-06,0.8963644034814735,0.08744255584503964,20.626,26,91,214,1147,7981,10313,434,0.091,0.214,1.147,0.3869388150877533
339,4.171443323644385e-06,0.8965356464968854,0.08717308788751606,20.626,26,87,223,1030,7987,10313,444,0.087,0.223,1.03,0.38722971007466306
340,3.4341182502796833e-06,0.8965301727887605,0.08719861949475818,20.626,26,91,223,864,7993,10313,449,0.091,0.223,0.864,0.38752060506157276
341,3.927983147335152e-06,0.8964970352961772,0.08725530555000074,20.626,26,106,219,1089,7997,10313,462,0.106,0.219,1.089,0.3877145350528459
342,4.013722505896031e-06,0.8964200336523229,0.08726334480078453,20.626,26,87,230,933,8009,10313,451,0.087,0.23,0.933,0.3882963250266654
343,3.7951006020726332e-06,0.8963456533944947,0.08740462460540624,20.626,26,97,216,874,8015,10313,442,0.097,0.216,0.874,0.3885872200135751
344,4.028898790163931e-06,0.8965035176607355,0.08718608304995745,20.626,26,88,227,981,8016,10313,449,0.088,0.227,0.981,0.3886357025113934
345,3.479101008089364e-06,0.8964998352388822,0.08724203262632582,20.626,26,91,221,738,8025,10313,447,0.091,0.221,0.738,0.38907204499175796
346,3.7772220516014574e-06,0.89648758936713,0.08726706912960615,20.626,26,98,224,836,8025,10313,455,0.098,0.224,0.836,0.38907204499175796
347,3.6328566818242027e-06,0.8964264228359122,0.08726945998700536,20.626,26,84,237,1312,8028,10313,455,0.084,0.237,1.312,0.3892174924852128
348,3.89301762136819e-06,0.8963635254916603,0.08742123814077289,20.626,26,96,219,670,8030,10313,444,0.096,0.219,0.67,0.3893144574808494
349,4.198959989474821e-06,0.8965141190671915,0.08717226141066144,20.626,26,88,222,889,8032,10313,444,0.088,0.222,0.889,0.38941142247648597
350,3.4711746719155084e-06,0.8965069294944956,0.08723213270081258,20.626,26,91,221,803,8033,10313,446,0.091,0.221,0.803,0.38945990497430427
351,4.0196467691902565e-06,0.8964978948295285,0.08724934152643235,20.626,26,102,214,985,8036,10313,454,0.102,0.214,0.985,0.3896053524677591
352,3.8956366988975216e-06,0.8964533528311888,0.08723854871614042,20.626,26,83,228,1618,8037,10313,445,0.083,0.228,1.618,0.38965383496557743
353,3.862064485551751e-06,0.8963801069900575,0.08739187789435682,20.626,26,95,212,1169,8039,10313,436,0.095,0.212,1.169,0.389750799961214
354,4.2727746122331295e-06,0.8965289115666081,0.08716221620681147,20.626,26,88,220,933,8039,10313,442,0.088,0.22,0.933,0.389750799961214
355,3.409134897704979e-06,0.8965099658376933,0.08722462651500595,20.626,26,92,223,830,8040,10313,449,0.092,0.223,0.83,0.3897992824590323
356,3.8099477345093013e-06,0.8964685243065837,0.08726466131149832,20.626,26,95,221,1117,8040,10313,449,0.095,0.221,1.117,0.3897992824590323
357,3.766585979822022e-06,0.8964335975307013,0.08726318162775362,20.626,26,83,232,1287,8041,10313,449,0.083,0.232,1.287,0.3898477649568506
358,3.851673137412497e-06,0.8963794029301382,0.0874103579754408,20.626,26,96,215,780,8044,10313,440,0.096,0.215,0.78,0.38999321245030544
359,4.148825194202375e-06,0.8965273796016855,0.08716324774079869,20.626,26,90,223,993,8048,10313,447,0.09,0.223,0.993,0.3901871424415786
360,3.3931239966456187e-06,0.8965109153074713,0.08721997960513889,20.626,26,92,225,819,8050,10313,451,0.092,0.225,0.819,0.39028410743721514
361,3.800223771785254e-06,0.8964805769514272,0.08726235782659703,20.626,26,102,214,1049,8050,10313,454,0.102,0.214,1.049,0.39028410743721514
362,3.8094666917184988e-06,0.8964353801780403,0.0872608993709846,20.626,26,85,230,978,8052,10313,449,0.085,0.23,0.978,0.39038107243285175
363,3.8804182850584574e-06,0.8963723856065903,0.08740920449828048,20.626,26,97,218,873,8061,10313,444,0.097,0.218,0.873,0.3908174149132163
364,4.216961735341085e-06,0.8965193826526715,0.08716377661269518,20.626,26,87,221,967,8069,10313,442,0.087,0.221,0.967,0.3912052748957626
365,3.5176635301536897e-06,0.8965041726915656,0.0872324111369136,20.626,26,91,221,793,8072,10313,446,0.091,0.221,0.793,0.3913507223892175
366,3.983229946854329e-06,0.8964877506841182,0.08724989833030947,20.626,26,96,220,1205,8073,10313,449,0.096,0.22,1.205,0.3913992048870358
367,3.7691434689881835e-06,0.8964438985219672,0.08723855357718112,20.626,26,81,236,1681,8075,10313,451,0.081,0.236,1.681,0.39149616988267233
368,3.750732051922079e-06,0.8963898583260596,0.08738224785281089,20.626,26,96,219,800,8087,10313,444,0.096,0.219,0.8,0.3920779598564918
369,4.089041903297029e-06,0.89652330165732,0.08717490471737065,20.626,26,90,230,1000,8091,10313,454,0.09,0.23,1.0,0.39227188984776495
370,3.4137690831132496e-06,0.8964851004179564,0.0872554888628129,20.626,26,96,224,805,8096,10313,454,0.096,0.224,0.805,0.3925143023368564
371,3.847244194073174e-06,0.8964736991164471,0.08725968800144761,20.626,26,99,217,1022,8097,10313,454,0.099,0.217,1.022,0.39256278483467466
372,3.7187674406445823e-06,0.8964404616169995,0.08725616163834694,20.626,26,81,234,1613,8098,10313,449,0.081,0.234,1.613,0.39261126733249296
373,3.958189589061471e-06,0.8963792045082153,0.08740953773344869,20.626,26,96,213,721,8098,10313,438,0.096,0.213,0.721,0.39261126733249296
374,4.25294538965482e-06,0.8965218719787784,0.08716801923875422,20.626,26,88,217,895,8109,10313,439,0.088,0.217,0.895,0.39314457480849413
375,3.285380312014419e-06,0.8965218320371712,0.08721065948704963,20.626,26,92,220,824,8111,10313,446,0.092,0.22,0.824,0.39324153980413074
376,3.7260488417782416e-06,0.8964685983621264,0.08727535865060589,20.626,26,97,209,1422,8114,10313,444,0.097,0.209,1.422,0.3933869872975856
377,3.75406242159682e-06,0.8964273182923413,0.08728442465745162,20.626,26,83,224,1113,8115,10313,445,0.083,0.224,1.113,0.39343546979540384
378,3.916439273108387e-06,0.8963717838471305,0.08742555947037382,20.626,26,94,215,759,8115,10313,438,0.094,0.215,0.759,0.39343546979540384
379,4.194829570583986e-06,0.8965225419012338,0.08716672848220003,20.626,26,89,221,954,8116,10313,444,0.089,0.221,0.954,0.39348395229322214
380,3.599398679872242e-06,0.8965135665979149,0.08721948842724084,20.626,26,92,220,811,8128,10313,446,0.092,0.22,0.811,0.3940657422670416
381,4.134412696980933e-06,0.8964974514040958,0.08725070538402184,20.626,26,101,221,1015,8131,10313,460,0.101,0.221,1.015,0.39421118976049646
382,3.970424025319168e-06,0.8964375768677444,0.08724304275266494,20.626,26,86,237,1217,8135,10313,457,0.086,0.237,1.217,0.3944051197517696
383,3.755797853727371e-06,0.8963622383792829,0.08738283804705191,20.626,26,97,216,958,8143,10313,442,0.097,0.216,0.958,0.39479297973431593
384,4.0201592615612936e-06,0.896492254588444,0.08719976657626188,20.626,26,88,224,1094,8143,10313,447,0.088,0.224,1.094,0.39479297973431593
385,3.5067574074240596e-06,0.8964696114620792,0.08728219606588396,20.626,26,91,221,751,8147,10313,446,0.091,0.221,0.751,0.3949869097255891
386,3.867052906951527e-06,0.8964848195517057,0.08727587700473502,20.626,26,98,233,980,8149,10313,464,0.098,0.233,0.98,0.39508387472122564
387,4.11806781262909e-06,0.8964276764625052,0.08727575174274269,20.626,26,84,233,1836,8151,10313,451,0.084,0.233,1.836,0.3951808397168622
388,4.290991658317628e-06,0.8963807732511357,0.08737686075081126,20.626,26,97,207,887,8152,10313,433,0.097,0.207,0.887,0.3952293222146805
389,4.279820414308585e-06,0.8965115515206812,0.08715556399018753,20.626,26,85,217,931,8155,10313,437,0.085,0.217,0.931,0.39537476970813534
390,3.3704045639251473e-06,0.8965287913992575,0.08720136289567611,20.626,26,92,220,1214,8157,10313,446,0.092,0.22,1.214,0.39547173470377195
391,4.048111246465337e-06,0.8964849433198631,0.0872737470143015,20.626,26,96,205,1038,8159,10313,438,0.096,0.205,1.038,0.3955686996994085
392,3.94743669797392e-06,0.8964301822311975,0.08728607983758184,20.626,26,82,223,983,8159,10313,439,0.082,0.223,0.983,0.3955686996994085
393,3.762822086741949e-06,0.8963748572367468,0.08740658451722913,20.626,26,93,212,860,8162,10313,434,0.093,0.212,0.86,0.39571414719286335
394,3.845862759411067e-06,0.8965073939488675,0.087197229762781,20.626,26,92,228,922,8165,10313,454,0.092,0.228,0.922,0.39585959468631826
395,3.164226638032537e-06,0.8965057063830859,0.08723110135547693,20.626,26,95,229,819,8167,10313,459,0.095,0.229,0.819,0.3959565596819548
396,3.606344403531522e-06,0.8964398853556068,0.08731541626983139,20.626,26,103,230,904,8175,10313,467,0.103,0.23,0.904,0.3963444196645011
397,3.93826902909434e-06,0.8964026771757261,0.0873045772218092,20.626,26,88,232,1017,8176,10313,455,0.088,0.232,1.017,0.3963929021623194
398,4.1802570856728835e-06,0.8963775043356041,0.08738454919826409,20.626,26,94,213,682,8181,10313,436,0.094,0.213,0.682,0.39663531465141083
399,4.452514833305022e-06,0.8965583423620725,0.08714829358244659,20.626,26,90,215,830,8183,10313,439,0.09,0.215,0.83,0.39673227964704744
400,3.5107436613508584e-06,0.8965335733200339,0.08719768848367997,20.626,26,97,223,699,8187,10313,455,0.097,0.223,0.699,0.3969262096383206
401,3.823131807465707e-06,0.8964479120540163,0.08728632873078612,20.626,26,101,211,840,8189,10313,449,0.101,0.211,0.84,0.39702317463395714
402,3.909773362478994e-06,0.896413522625487,0.0872802219768563,20.626,26,86,229,836,8191,10313,449,0.086,0.229,0.836,0.3971201396295937
403,3.974116476464638e-06,0.8963811284916122,0.087396522951249,20.626,26,95,212,690,8194,10313,436,0.095,0.212,0.69,0.3972655871230486
404,3.962549759888403e-06,0.8965192939544209,0.08718920101185273,20.626,26,94,222,790,8196,10313,450,0.094,0.222,0.79,0.39736255211868515
405,3.119818840327129e-06,0.8965000971959292,0.08722615051177232,20.626,26,98,228,740,8199,10313,460,0.098,0.228,0.74,0.39750799961214
406,3.4508915634495723e-06,0.8964365211480159,0.08730064453312676,20.626,26,106,221,930,8203,10313,464,0.106,0.221,0.93,0.39770192960341316
407,3.6997433863520764e-06,0.8964062045297037,0.08730186735858411,20.626,26,87,232,1020,8204,10313,451,0.087,0.232,1.02,0.39775041210123147
408,3.6531785590151385e-06,0.8963789958269873,0.08740470448534955,20.626,26,93,218,706,8207,10313,444,0.093,0.218,0.706,0.3978958595946863
409,3.8132884391030467e-06,0.8965200506233123,0.08718416990450822,20.626,26,87,219,852,8208,10313,443,0.087,0.219,0.852,0.3979443420925046
410,3.292246400960921e-06,0.896518017580622,0.08723338332952385,20.626,26,91,217,749,8209,10313,446,0.091,0.217,0.749,0.39799282459032287
411,3.933305404737192e-06,0.8964514415317545,0.08730416435365977,20.626,26,95,231,858,8212,10313,459,0.095,0.231,0.858,0.3981382720837778
412,4.579647441930986e-06,0.8964421320047943,0.0872902636997499,20.626,26,84,232,993,8215,10313,451,0.084,0.232,0.993,0.39828371957723263
413,4.899792303310134e-06,0.896398837306294,0.08736507689671828,20.626,26,96,216,894,8219,10313,441,0.096,0.216,0.894,0.3984776495685058
414,4.972251195901779e-06,0.8965058902770089,0.08715626656595953,20.626,26,91,214,916,8222,10313,439,0.091,0.214,0.916,0.39862309706196064
415,3.6501284406487945e-06,0.8965147976366395,0.08716614357686638,20.626,26,90,221,884,8222,10313,449,0.09,0.221,0.884,0.39862309706196064
416,3.889285675388461e-06,0.8964851276432377,0.08725939508097895,20.626,26,93,207,927,8223,10313,437,0.093,0.207,0.927,0.39867157955977894
417,4.038672079511448e-06,0.8964476098956745,0.0873043365503882,20.626,26,83,227,944,8224,10313,444,0.083,0.227,0.944,0.3987200620575972
418,4.18787728061377e-06,0.8963873522983724,0.08741007863202495,20.626,26,96,218,657,8224,10313,443,0.096,0.218,0.657,0.3987200620575972
419,3.976671046220928e-06,0.8965074377107148,0.08718911233018688,20.626,26,92,224,1049,8228,10313,449,0.092,0.224,1.049,0.39891399204887035
420,3.1066911047968045e-06,0.8965084533785523,0.08720867185629559,20.626,26,94,230,788,8231,10313,459,0.094,0.23,0.788,0.3990594395423252
421,3.3863762452070813e-06,0.8964375691940382,0.08730625162343177,20.626,26,103,218,865,8231,10313,458,0.103,0.218,0.865,0.3990594395423252
422,3.6550068418899384e-06,0.8964057945392969,0.08731999293739144,20.626,26,92,234,807,8233,10313,458,0.092,0.234,0.807,0.3991564045379618
423,3.657584966745849e-06,0.8963657192766895,0.08741098795729069,20.626,26,95,220,892,8234,10313,444,0.095,0.22,0.892,0.3992048870357801
424,3.634544848657333e-06,0.8965080351874831,0.08720159996731207,20.626,26,86,224,838,8235,10313,447,0.086,0.224,0.838,0.39925336953359836
425,3.3053831370189916e-06,0.89650572575074,0.08725130193424993,20.626,26,90,203,734,8236,10313,437,0.09,0.203,0.734,0.39930185203141666
426,3.8062477086263863e-06,0.8964686110873351,0.0873077868400089,20.626,26,96,233,730,8238,10313,462,0.096,0.233,0.73,0.3993988170270532
427,4.271391223252288e-06,0.8964344504419877,0.08730688448192124,20.626,26,85,232,1319,8238,10313,452,0.085,0.232,1.319,0.3993988170270532
428,4.673076701210409e-06,0.8963932269769166,0.08738021081502327,20.626,26,96,216,891,8239,10313,441,0.096,0.216,0.891,0.3994472995248715
429,4.988832640316286e-06,0.8965109547805171,0.08716617470755317,20.626,26,90,211,810,8239,10313,435,0.09,0.211,0.81,0.3994472995248715
430,3.614424416791342e-06,0.8965173896251722,0.08716673441523014,20.626,26,91,220,881,8242,10313,449,0.091,0.22,0.881,0.39959274701832637
431,3.987695097864983e-06,0.8964836861955476,0.08725807527415227,20.626,26,96,206,891,8247,10313,439,0.096,0.206,0.891,0.3998351595074178
432,4.1726277515429854e-06,0.8964378396472077,0.08729224686030931,20.626,26,83,221,878,8248,10313,438,0.083,0.221,0.878,0.39988364200523613
433,4.089474931558873e-06,0.8963753248015814,0.08742430655666539,20.626,26,93,202,631,8251,10313,424,0.093,0.202,0.631,0.400029089498691
434,3.933982346693472e-06,0.8965062624839643,0.08721541106488745,20.626,26,86,214,1059,8254,10313,438,0.086,0.214,1.059,0.40017453699214584
435,3.1183111216349226e-06,0.8964898172477807,0.08724259582048734,20.626,26,89,221,773,8256,10313,446,0.089,0.221,0.773,0.4002715019877824
436,3.753800465016829e-06,0.8964297143603167,0.08734544155332741,20.626,26,99,219,862,8258,10313,455,0.099,0.219,0.862,0.400368466983419
437,4.2468524997591055e-06,0.8964647966912467,0.08728570560092007,20.626,26,87,233,769,8259,10313,454,0.087,0.233,0.769,0.4004169494812373
438,4.055382747386072e-06,0.8964122554170137,0.0873497257596561,20.626,26,92,208,1090,8259,10313,429,0.092,0.208,1.09,0.4004169494812373
439,3.8841531251530395e-06,0.8965248057170955,0.08714820535143138,20.626,26,89,220,794,8260,10313,443,0.089,0.22,0.794,0.40046543197905554
440,3.625466728057777e-06,0.8965264871884622,0.08720239965395331,20.626,26,86,203,1148,8263,10313,429,0.086,0.203,1.148,0.40061087947251045
441,3.95058079852015e-06,0.8964602350977334,0.08731393734888451,20.626,26,97,206,747,8263,10313,440,0.097,0.206,0.747,0.40061087947251045
442,3.764323113677154e-06,0.8964158238925677,0.08730396042297059,20.626,26,87,237,946,8266,10313,458,0.087,0.237,0.946,0.4007563269659653
443,3.7785429992341514e-06,0.8963810476458567,0.08739103172671427,20.626,26,96,219,778,8270,10313,444,0.096,0.219,0.778,0.40095025695723846
444,3.808178421777788e-06,0.8964978876697864,0.087185801785438,20.626,26,93,223,879,8274,10313,450,0.093,0.223,0.879,0.40114418694851156
445,2.918310707028794e-06,0.89649355377326,0.08722824337190088,20.626,26,95,229,796,8275,10313,458,0.095,0.229,0.796,0.40119266944632986
446,3.5074927085293423e-06,0.8964465319787207,0.08731910097139639,20.626,26,102,229,898,8279,10313,464,0.102,0.229,0.898,0.401386599437603
447,3.803147061485713e-06,0.896429764567001,0.08729369221829743,20.626,26,84,230,1070,8280,10313,450,0.084,0.23,1.07,0.4014350819354213
448,3.6619269112737313e-06,0.8964054036922294,0.08737635391677265,20.626,26,92,212,721,8284,10313,434,0.092,0.212,0.721,0.4016290119266945
449,3.9395238141245955e-06,0.8965112562052746,0.08719383407366553,20.626,26,90,219,771,8288,10313,443,0.09,0.219,0.771,0.40182294191796764
450,3.7784594618453204e-06,0.896502099886994,0.08724065387951976,20.626,26,89,221,701,8289,10313,444,0.089,0.221,0.701,0.4018714244157859
451,4.57083277787881e-06,0.8964783039316543,0.08730639678168077,20.626,26,97,212,895,8292,10313,447,0.097,0.212,0.895,0.4020168719092408
452,4.375585157663301e-06,0.8964305095286168,0.08725298077394496,20.626,26,89,237,1014,8293,10313,460,0.089,0.237,1.014,0.40206535440705904
453,4.02960644973657e-06,0.8963827151128151,0.08733567836087752,20.626,26,97,216,1301,8293,10313,442,0.097,0.216,1.301,0.40206535440705904
454,4.2668714905882105e-06,0.8965107611918522,0.08715273671795998,20.626,26,88,215,969,8295,10313,437,0.088,0.215,0.969,0.40216231940269564
455,3.4698821933959783e-06,0.8965229840611669,0.08721229795774951,20.626,26,91,220,1117,8297,10313,445,0.091,0.22,1.117,0.4022592843983322
456,3.631265546566381e-06,0.8964691626904044,0.0873132416919257,20.626,26,102,216,846,8303,10313,455,0.102,0.216,0.846,0.4025501793852419
457,3.878847898659767e-06,0.896423432629801,0.0873232551816805,20.626,26,89,227,1078,8307,10313,450,0.089,0.227,1.078,0.40274410937651506
458,3.86026328579565e-06,0.8963642449504655,0.0874130889157062,20.626,26,99,214,642,8307,10313,442,0.099,0.214,0.642,0.40274410937651506
459,3.835018065704623e-06,0.8964980374165714,0.08717967531595332,20.626,26,94,219,862,8308,10313,447,0.094,0.219,0.862,0.40279259187433336
460,3.095993432974395e-06,0.8965102053930004,0.08720893062078038,20.626,26,91,223,812,8313,10313,452,0.091,0.223,0.812,0.4030350043634248
461,3.794658063088925e-06,0.8964429373396092,0.08731977498585619,20.626,26,96,229,851,8314,10313,458,0.096,0.229,0.851,0.40308348686124307
462,4.076076408597809e-06,0.8964243766604497,0.08729964960741914,20.626,26,82,230,997,8321,10313,448,0.082,0.23,0.997,0.4034228643459711
463,3.8665661335566305e-06,0.8964144279537336,0.0873581782257403,20.626,26,90,209,1302,8321,10313,429,0.09,0.209,1.302,0.4034228643459711
464,4.183588188382097e-06,0.8965258076326015,0.08718270541097226,20.626,26,88,214,835,8321,10313,436,0.088,0.214,0.835,0.4034228643459711
465,3.96588402177429e-06,0.8965282397459647,0.08721961496232547,20.626,26,95,223,1120,8321,10313,452,0.095,0.223,1.12,0.4034228643459711
466,4.308507550230981e-06,0.8964769973427246,0.08727480996528195,20.626,26,107,226,918,8325,10313,470,0.107,0.226,0.918,0.40361679433724423
467,3.960972243968348e-06,0.896422097489106,0.08724414183975558,20.626,26,93,251,1145,8332,10313,473,0.093,0.251,1.145,0.40395617182197224
468,3.679962138295613e-06,0.8963605621461457,0.08735891624836102,20.626,26,100,232,698,8333,10313,461,0.1,0.232,0.698,0.40400465431979055
469,3.8716108916498176e-06,0.8964852482757106,0.08719207926920211,20.626,26,96,230,985,8335,10313,459,0.096,0.23,0.985,0.40410161931542715
470,3.1609548788389873e-06,0.8964915713163323,0.0872569498172086,20.626,26,95,232,896,8337,10313,461,0.095,0.232,0.896,0.4041985843110637
471,3.6136171356181558e-06,0.8964389099529231,0.08735082199461665,20.626,26,103,233,869,8345,10313,469,0.103,0.233,0.869,0.40458644429361
472,3.9208489750891825e-06,0.8964087745505349,0.08730773706535376,20.626,26,88,233,1021,8352,10313,455,0.088,0.233,1.021,0.404925821778338
473,3.7026260810956986e-06,0.8963837562825391,0.08736573348412967,20.626,26,97,214,695,8353,10313,440,0.097,0.214,0.695,0.4049743042761563
474,3.882681971071205e-06,0.8965079365172964,0.08717421429194638,20.626,26,92,219,756,8356,10313,445,0.092,0.219,0.756,0.4051197517696112
475,3.2238756869030035e-06,0.8965140194516279,0.0872084052068995,20.626,26,91,224,761,8359,10313,449,0.091,0.224,0.761,0.40526519926306603
476,3.6638951712563106e-06,0.8964570515030382,0.08731978360999829,20.626,26,101,221,821,8360,10313,459,0.101,0.221,0.821,0.40531368176088434
477,3.947864018457435e-06,0.8964437902713821,0.08728217296231675,20.626,26,83,231,892,8361,10313,448,0.083,0.231,0.892,0.4053621642587026
478,3.8741907759087285e-06,0.8964080063913762,0.08737353569520553,20.626,26,94,213,714,8361,10313,436,0.094,0.213,0.714,0.4053621642587026
479,3.8676538001461695e-06,0.8965246939885674,0.08716267742026791,20.626,26,92,219,813,8363,10313,445,0.092,0.219,0.813,0.4054591292543392
480,3.1215303376428145e-06,0.8965144007635076,0.08721712270298555,20.626,26,96,230,724,8366,10313,460,0.096,0.23,0.724,0.40560457674779404
481,3.517763662069159e-06,0.8964286727013754,0.0873168928595212,20.626,26,104,228,934,8369,10313,465,0.104,0.228,0.934,0.4057500242412489
482,3.651723314035368e-06,0.8964068649075866,0.08730169431777857,20.626,26,89,228,1037,8370,10313,452,0.089,0.228,1.037,0.4057985067390672
483,3.605453943528328e-06,0.8963949478820654,0.08738700408347364,20.626,26,93,216,635,8370,10313,438,0.093,0.216,0.635,0.4057985067390672
484,3.96548274572536e-06,0.8965116432293637,0.08720266912417762,20.626,26,88,221,834,8372,10313,443,0.088,0.221,0.834,0.40589547173470375
485,3.5968811293566143e-06,0.8965029729764707,0.08724923165211843,20.626,26,93,219,702,8374,10313,446,0.093,0.219,0.702,0.40599243673034036
486,4.1131234750997e-06,0.8964747678989365,0.0872838544794579,20.626,26,100,219,940,8374,10313,457,0.1,0.219,0.94,0.40599243673034036
487,3.935633202726001e-06,0.8964409373868224,0.08723497052805337,20.626,26,83,237,1008,8380,10313,454,0.083,0.237,1.008,0.40628333171725006
488,3.6646982286066206e-06,0.8963945022388655,0.08734501206854833,20.626,26,95,216,904,8380,10313,440,0.095,0.216,0.904,0.40628333171725006
489,3.896045740252704e-06,0.8965101652702179,0.08718272409790012,20.626,26,91,225,756,8384,10313,450,0.091,0.225,0.756,0.4064772617085232
490,3.1811055676000935e-06,0.8964815499943757,0.08726504093262537,20.626,26,93,228,824,8385,10313,455,0.093,0.228,0.824,0.4065257442063415
491,3.3985951405121704e-06,0.8964649025688674,0.08731816260385236,20.626,26,102,236,879,8390,10313,471,0.102,0.236,0.879,0.4067681566954329
492,3.7008287322024924e-06,0.8964139745453572,0.08731596843367306,20.626,26,84,234,1086,8390,10313,450,0.084,0.234,1.086,0.4067681566954329
493,3.6969438437204714e-06,0.896371562333531,0.08740733662823177,20.626,26,96,221,630,8390,10313,446,0.096,0.221,0.63,0.4067681566954329
494,4.0771189526915215e-06,0.8964894811120225,0.08719834100518824,20.626,26,87,219,842,8390,10313,443,0.087,0.219,0.842,0.4067681566954329
495,3.943803964741461e-06,0.8964789189955663,0.087263583168822,20.626,26,94,223,728,8390,10313,451,0.094,0.223,0.728,0.4067681566954329
496,4.251798693026869e-06,0.8964957858744045,0.08724016589533806,20.626,26,98,223,1122,8397,10313,459,0.098,0.223,1.122,0.40710753418016093
497,3.961719664730197e-06,0.8964900280944125,0.08720735657763704,20.626,26,85,228,1336,8399,10313,447,0.085,0.228,1.336,0.40720449917579754
498,3.7347085606640744e-06,0.896406744834613,0.08734517794174793,20.626,26,99,227,721,8399,10313,455,0.099,0.227,0.721,0.40720449917579754
499,3.931267922750959e-06,0.8965056087684303,0.08718166771805594,20.626,26,94,234,811,8402,10313,461,0.094,0.234,0.811,0.4073499466692524
500,3.249402912636986e-06,0.8964714847121612,0.08727602059560917,20.626,26,95,234,932,8404,10313,463,0.095,0.234,0.932,0.407446911664889
501,3.69284146754327e-06,0.8964454501271832,0.08730961150627098,20.626,26,102,234,985,8405,10313,469,0.102,0.234,0.985,0.40749539416270725
502,3.80558056978532e-06,0.8964239497671744,0.08728302577491133,20.626,26,84,229,1625,8405,10313,447,0.084,0.229,1.625,0.40749539416270725
503,3.6808333023462432e-06,0.896395718608894,0.0873740957392311,20.626,26,95,218,723,8405,10313,442,0.095,0.218,0.723,0.40749539416270725
504,4.048848005506431e-06,0.896510535963643,0.08718141858475277,20.626,26,89,228,843,8406,10313,451,0.089,0.228,0.843,0.40754387666052555
505,3.7863514010435096e-06,0.8964870468332706,0.08725387171734972,20.626,26,93,222,777,8406,10313,449,0.093,0.222,0.777,0.40754387666052555
506,4.11135716474291e-06,0.8964928600690486,0.08725969846729839,20.626,26,99,222,1066,8406,10313,459,0.099,0.222,1.066,0.40754387666052555
507,3.888101498192274e-06,0.8964586675065889,0.08723058835868687,20.626,26,84,236,1306,8416,10313,454,0.084,0.236,1.306,0.4080287016387084
508,3.7826975708633795e-06,0.8963895033629642,0.08736219918140262,20.626,26,96,215,688,8416,10313,440,0.096,0.215,0.688,0.4080287016387084
509,4.021174443434379e-06,0.8965037468946059,0.08718415078691376,20.626,26,90,227,802,8416,10313,452,0.09,0.227,0.802,0.4080287016387084
510,3.4088994466346127e-06,0.896463843352078,0.08728355798461528,20.626,26,94,233,907,8416,10313,461,0.094,0.233,0.907,0.4080287016387084
511,3.747469043173961e-06,0.8964720282139681,0.0872872217693845,20.626,26,99,231,1024,8416,10313,463,0.099,0.231,1.024,0.4080287016387084
512,3.83962820874362e-06,0.8964439390423203,0.08727193250312267,20.626,26,85,231,1457,8416,10313,450,0.085,0.231,1.457,0.4080287016387084
513,3.802096332427773e-06,0.8963882232010433,0.08737382942504995,20.626,26,97,216,919,8416,10313,442,0.097,0.216,0.919,0.4080287016387084
514,4.090998723897303e-06,0.8964954764743571,0.08718959368396224,20.626,26,92,227,829,8418,10313,453,0.092,0.227,0.829,0.408125666634345
515,3.4122842793188983e-06,0.8964968105986361,0.08722565885307038,20.626,26,95,224,749,8419,10313,453,0.095,0.224,0.749,0.40817414913216327
516,3.6924480714988702e-06,0.8964694730881374,0.08728073879174665,20.626,26,98,224,847,8420,10313,459,0.098,0.224,0.847,0.40822263162998157
517,3.7606306441188017e-06,0.8964406636621095,0.08727784889807597,20.626,26,86,234,1007,8421,10313,454,0.086,0.234,1.007,0.4082711141277999
518,3.7302177076164344e-06,0.8963878911531687,0.08739026828953227,20.626,26,99,220,700,8426,10313,448,0.099,0.22,0.7,0.4085135266168913
519,3.773511155791362e-06,0.8965026148177961,0.08718274547819811,20.626,26,94,230,857,8427,10313,458,0.094,0.23,0.857,0.4085620091147096
520,3.07558357498445e-06,0.8965014016456974,0.08722844688695837,20.626,26,95,228,769,8429,10313,457,0.095,0.228,0.769,0.4086589741103462
521,3.4327440085545077e-06,0.8964525653396176,0.08730707954334761,20.626,26,103,229,907,8430,10313,465,0.103,0.229,0.907,0.40870745660816443
522,3.6390441785605293e-06,0.8964127269828767,0.087306062259907,20.626,26,85,230,1017,8430,10313,450,0.085,0.23,1.017,0.40870745660816443
523,3.546373443275418e-06,0.896386027113819,0.08739870747806651,20.626,26,92,219,681,8430,10313,444,0.092,0.219,0.681,0.40870745660816443
524,3.7100233712091966e-06,0.8965159825858973,0.08719494547259304,20.626,26,85,211,862,8431,10313,441,0.085,0.211,0.862,0.40875593910598274
525,3.4360211147580042e-06,0.8964880594943367,0.08726745118004556,20.626,26,90,217,738,8431,10313,445,0.09,0.217,0.738,0.40875593910598274
526,4.673956057518174e-06,0.8964580979302498,0.08732449480105413,20.626,26,97,219,817,8440,10313,454,0.097,0.219,0.817,0.40919228158634735
527,5.0784269248943865e-06,0.896448887477273,0.0872534249013701,20.626,26,87,230,902,8440,10313,452,0.087,0.23,0.902,0.40919228158634735
528,4.318496421401015e-06,0.8964187701211399,0.08728640177677648,20.626,26,94,209,1298,8440,10313,432,0.094,0.209,1.298,0.40919228158634735
529,4.14051361586827e-06,0.8965092370443827,0.08715612612422435,20.626,26,87,219,796,8440,10313,441,0.087,0.219,0.796,0.40919228158634735
530,3.66648642413261e-06,0.8965264777365265,0.08721867985597831,20.626,26,90,234,1038,8442,10313,459,0.09,0.234,1.038,0.4092892465819839
531,3.902673065184299e-06,0.8964782921898128,0.08730503898333764,20.626,26,101,224,1083,8446,10313,458,0.101,0.224,1.083,0.40948317657325706
532,3.7999562904661947e-06,0.8963988913449612,0.08733239704308045,20.626,26,92,241,898,8446,10313,462,0.092,0.241,0.898,0.40948317657325706
533,3.8778402344691084e-06,0.8963560035934129,0.08741135533643196,20.626,26,98,217,657,8446,10313,444,0.098,0.217,0.657,0.40948317657325706
534,3.82237126460067e-06,0.8964463821654853,0.0872441780834165,20.626,26,96,223,856,8448,10313,453,0.096,0.223,0.856,0.4095801415688936
535,3.185631298166675e-06,0.896485254483782,0.08725058778164727,20.626,26,97,230,770,8449,10313,462,0.097,0.23,0.77,0.4096286240667119
536,3.627886935540357e-06,0.8964416768967308,0.08730892201877646,20.626,26,105,230,893,8450,10313,468,0.105,0.23,0.893,0.4096771065645302
537,3.642298427358595e-06,0.8964373477402057,0.08726932321236672,20.626,26,86,229,1031,8450,10313,450,0.086,0.229,1.031,0.4096771065645302
538,3.702079539215638e-06,0.8964318791785475,0.08735163243585255,20.626,26,91,212,628,8450,10313,432,0.091,0.212,0.628,0.4096771065645302
539,3.875773274496696e-06,0.8965135791359278,0.08721288344763356,20.626,26,87,220,804,8450,10313,441,0.087,0.22,0.804,0.4096771065645302
540,3.156652773698904e-06,0.8964924893140235,0.08726096076462407,20.626,26,90,217,846,8450,10313,442,0.09,0.217,0.846,0.4096771065645302
541,3.7302080171306977e-06,0.8964501773837076,0.08732499287266035,20.626,26,95,212,924,8450,10313,445,0.095,0.212,0.924,0.4096771065645302
542,4.266332979485332e-06,0.8964103767158302,0.08730912137394375,20.626,26,86,231,1001,8451,10313,452,0.086,0.231,1.001,0.4097255890623485
543,4.472439528226491e-06,0.8964443765861906,0.08733082844865613,20.626,26,92,210,683,8451,10313,431,0.092,0.21,0.683,0.4097255890623485
544,4.187939148070916e-06,0.89651419040005,0.08716212580882934,20.626,26,87,211,801,8451,10313,433,0.087,0.211,0.801,0.4097255890623485
545,3.2919360215786437e-06,0.8965159094404871,0.08719627665697774,20.626,26,93,224,891,8452,10313,451,0.093,0.224,0.891,0.40977407156016676
546,3.83114483539931e-06,0.8964648671311782,0.08728630585407969,20.626,26,95,218,1024,8452,10313,450,0.095,0.218,1.024,0.40977407156016676
547,3.975299986824112e-06,0.8964064072854251,0.08732403476605219,20.626,26,84,226,841,8452,10313,444,0.084,0.226,0.841,0.40977407156016676
548,3.997588326474381e-06,0.8963962367198398,0.08738042131769656,20.626,26,92,211,671,8452,10313,432,0.092,0.211,0.671,0.40977407156016676
549,3.900392780939929e-06,0.8965292094171008,0.0871782719676809,20.626,26,89,221,807,8452,10313,444,0.089,0.221,0.807,0.40977407156016676
550,3.1629483188077725e-06,0.8965073987940376,0.08723103741739974,20.626,26,93,227,758,8454,10313,455,0.093,0.227,0.758,0.40987103655580337
551,3.481086797902903e-06,0.8964617598226624,0.08729116403287313,20.626,26,99,225,916,8456,10313,461,0.099,0.225,0.916,0.4099680015514399
552,3.86380206545893e-06,0.8964136267031777,0.08731326437640541,20.626,26,88,226,1018,8456,10313,446,0.088,0.226,1.018,0.4099680015514399
553,4.093850877854297e-06,0.8964069798488974,0.08737958587175511,20.626,26,94,213,762,8456,10313,436,0.094,0.213,0.762,0.4099680015514399
554,4.102985098440391e-06,0.8965370812639515,0.08715730054072503,20.626,26,86,212,984,8457,10313,432,0.086,0.212,0.984,0.4100164840492582
555,3.1048892597443495e-06,0.8965248725199806,0.08720630551326934,20.626,26,87,225,919,8458,10313,447,0.087,0.225,0.919,0.4100649665470765
556,3.6203493773664944e-06,0.8964790190328743,0.08727655834742021,20.626,26,97,228,908,8458,10313,462,0.097,0.228,0.908,0.4100649665470765
557,3.7278039333260563e-06,0.8964172889554074,0.08729789733573846,20.626,26,87,244,1395,8458,10313,460,0.087,0.244,1.395,0.4100649665470765
558,3.795555369188506e-06,0.8963799478333697,0.08739260879613012,20.626,26,93,210,790,8458,10313,432,0.093,0.21,0.79,0.4100649665470765
559,3.879806566536001e-06,0.8965256291368052,0.08717262504148832,20.626,26,88,228,821,8458,10313,450,0.088,0.228,0.821,0.4100649665470765
560,3.716575416017564e-06,0.8964923790131115,0.08725662639517241,20.626,26,95,227,739,8458,10313,457,0.095,0.227,0.739,0.4100649665470765
561,4.337152466995739e-06,0.8965013972779696,0.08726526317107793,20.626,26,104,237,862,8462,10313,474,0.104,0.237,0.862,0.4102588965383497
562,4.138130870581322e-06,0.8964239546611138,0.08724663572214533,20.626,26,90,244,1293,8462,10313,468,0.09,0.244,1.293,0.4102588965383497
563,3.8717404705163184e-06,0.896372475574302,0.08734594131349223,20.626,26,97,211,1376,8462,10313,437,0.097,0.211,1.376,0.4102588965383497
564,4.125043190201665e-06,0.8964946840406187,0.08718652926419283,20.626,26,87,221,790,8463,10313,442,0.087,0.221,0.79,0.41030737903616793
565,3.670775444104622e-06,0.8964881331706411,0.08727230512202949,20.626,26,91,212,959,8463,10313,437,0.091,0.212,0.959,0.41030737903616793
566,4.10970972202876e-06,0.8964932201472984,0.08726808357533244,20.626,26,100,212,945,8463,10313,449,0.1,0.212,0.945,0.41030737903616793
567,3.7958639852031723e-06,0.8964336591693338,0.08725525509028494,20.626,26,89,235,1475,8463,10313,458,0.089,0.235,1.475,0.41030737903616793
568,3.6906898143471118e-06,0.8963888645300803,0.08736467406936722,20.626,26,100,215,918,8464,10313,444,0.1,0.215,0.918,0.41035586153398623
569,3.801809948080706e-06,0.8964912359215748,0.08718837349930555,20.626,26,93,227,829,8466,10313,454,0.093,0.227,0.829,0.4104528265296228
570,3.013317138907322e-06,0.8964839033020662,0.0872507609286801,20.626,26,97,229,825,8469,10313,460,0.097,0.229,0.825,0.4105982740230777
571,3.3802420070879096e-06,0.896438034965639,0.0873329443096023,20.626,26,103,232,812,8469,10313,468,0.103,0.232,0.812,0.4105982740230777
572,3.55749708043432e-06,0.8964126430246856,0.08731883806820592,20.626,26,84,236,1040,8469,10313,456,0.084,0.236,1.04,0.4105982740230777
573,3.717134916132025e-06,0.8963878415448291,0.08740918658855645,20.626,26,93,222,694,8470,10313,444,0.093,0.222,0.694,0.41064675652089594
574,4.3143751787227166e-06,0.896514752623142,0.08719368617758833,20.626,26,88,220,794,8473,10313,445,0.088,0.22,0.794,0.4107922040143508
575,4.140873693102786e-06,0.8965205892498479,0.08722953049243673,20.626,26,95,226,759,8479,10313,455,0.095,0.226,0.759,0.41108309900126055
576,4.586764686773283e-06,0.896471330008748,0.08725854220629074,20.626,26,98,211,1056,8479,10313,447,0.098,0.211,1.056,0.41108309900126055
577,4.137828134813695e-06,0.896445973231996,0.08721866283083046,20.626,26,85,232,995,8479,10313,451,0.085,0.232,0.995,0.41108309900126055
578,3.878591742897689e-06,0.8963890246425035,0.08735219258634067,20.626,26,95,227,860,8479,10313,451,0.095,0.227,0.86,0.41108309900126055
579,4.194426160800915e-06,0.8965069285618196,0.08719310451859798,20.626,26,91,231,925,8481,10313,455,0.091,0.231,0.925,0.4111800639968971
580,3.5158644606934298e-06,0.896499619200493,0.0872536971307647,20.626,26,91,214,1003,8481,10313,439,0.091,0.214,1.003,0.4111800639968971
581,3.5126307220369665e-06,0.896478613111024,0.08729650955102172,20.626,26,103,232,871,8481,10313,468,0.103,0.232,0.871,0.4111800639968971
582,3.7451799393219537e-06,0.8964201300972221,0.08730043684245675,20.626,26,85,226,1022,8481,10313,445,0.085,0.226,1.022,0.4111800639968971
583,3.927861233243027e-06,0.896359964751678,0.08741805824726577,20.626,26,97,214,631,8481,10313,440,0.097,0.214,0.631,0.4111800639968971
584,4.045008462104487e-06,0.8965032732288184,0.08717487387856158,20.626,26,90,220,910,8481,10313,444,0.09,0.22,0.91,0.4111800639968971
585,3.245952852457842e-06,0.8964969072180348,0.08722772919345244,20.626,26,91,228,824,8483,10313,453,0.091,0.228,0.824,0.4112770289925337
586,3.842390113102592e-06,0.8964788175092251,0.08726727307109085,20.626,26,96,213,821,8484,10313,447,0.096,0.213,0.821,0.41132551149035196
587,3.7465653455448296e-06,0.8964492203256845,0.08726194072017483,20.626,26,83,231,1285,8484,10313,448,0.083,0.231,1.285,0.41132551149035196
588,3.832076349288389e-06,0.8963954883859067,0.08739413613911341,20.626,26,95,210,686,8484,10313,434,0.095,0.21,0.686,0.41132551149035196
589,4.085379084805671e-06,0.8965223968861241,0.08717289989568104,20.626,26,88,220,838,8486,10313,442,0.088,0.22,0.838,0.41142247648598856
590,3.3174576803073715e-06,0.8964938019452293,0.08723626046875516,20.626,26,93,222,729,8486,10313,449,0.093,0.222,0.729,0.41142247648598856
591,3.6080321510591228e-06,0.8964674792922693,0.08727664403571771,20.626,26,101,230,933,8490,10313,464,0.101,0.23,0.933,0.4116164064772617
592,3.7527823837567465e-06,0.8964394003929103,0.08726804919689604,20.626,26,85,226,1441,8490,10313,446,0.085,0.226,1.441,0.4116164064772617
593,3.9362618011733035e-06,0.8963833953062916,0.08740937520473425,20.626,26,95,216,729,8502,10313,440,0.095,0.216,0.729,0.41219819645108113
594,4.215854899504309e-06,0.8965285823353581,0.08716096105583908,20.626,26,89,221,920,8502,10313,444,0.089,0.221,0.92,0.41219819645108113
595,3.4234012134264914e-06,0.8965113359163578,0.0872177073895498,20.626,26,90,219,811,8505,10313,443,0.09,0.219,0.811,0.41234364394453604
596,3.8522730787498295e-06,0.8964792291186268,0.08726144747530017,20.626,26,93,206,1053,8506,10313,437,0.093,0.206,1.053,0.4123921264423543
597,3.7662096744372094e-06,0.8964412072803613,0.08726284068981312,20.626,26,81,233,936,8506,10313,448,0.081,0.233,0.936,0.4123921264423543
598,3.893792706706013e-06,0.8963792627727829,0.08741079341048917,20.626,26,96,217,759,8507,10313,442,0.096,0.217,0.759,0.4124406089401726
599,4.220633661229827e-06,0.8965205237539405,0.08716420428767113,20.626,26,87,218,958,8507,10313,439,0.087,0.218,0.958,0.4124406089401726
600,3.348768542194267e-06,0.8965099876150395,0.08722113450268142,20.626,26,90,219,796,8507,10313,443,0.09,0.219,0.796,0.4124406089401726
601,3.746116716766661e-06,0.8964904717317032,0.0872648365717356,20.626,26,99,214,1087,8507,10313,451,0.099,0.214,1.087,0.4124406089401726
602,3.798714923798036e-06,0.8964516801049417,0.08726350017030363,20.626,26,84,230,1326,8507,10313,448,0.084,0.23,1.326,0.4124406089401726
603,3.89154156342769e-06,0.8963769834128718,0.08740899425843565,20.626,26,97,216,885,8510,10313,442,0.097,0.216,0.885,0.41258605643362745
604,4.132910269606673e-06,0.896513233344393,0.08716175985058029,20.626,26,90,220,953,8513,10313,444,0.09,0.22,0.953,0.4127315039270823
605,3.15806968495118e-06,0.8965130198298078,0.08720476064022384,20.626,26,89,220,789,8513,10313,443,0.089,0.22,0.789,0.4127315039270823
606,3.599420911622595e-06,0.8964847677821424,0.08727193397442708,20.626,26,95,212,1038,8513,10313,445,0.095,0.212,1.038,0.4127315039270823
607,3.7393886208749896e-06,0.8964386508736257,0.08728149251366886,20.626,26,83,229,986,8514,10313,446,0.083,0.229,0.986,0.4127799864249006
608,3.837268264040377e-06,0.896372379961045,0.08742553303486174,20.626,26,97,216,755,8514,10313,442,0.097,0.216,0.755,0.4127799864249006
609,4.180668543167622e-06,0.8965179099612374,0.08716848660005357,20.626,26,87,217,998,8514,10313,438,0.087,0.217,0.998,0.4127799864249006
610,3.2665477683409477e-06,0.8965064264460325,0.08721610718000183,20.626,26,93,224,794,8514,10313,451,0.093,0.224,0.794,0.4127799864249006
611,3.594384915416916e-06,0.8964851799432461,0.08725511430495282,20.626,26,102,229,1039,8514,10313,464,0.102,0.229,1.039,0.4127799864249006
612,3.828950947038833e-06,0.8964569155746017,0.08725781373084475,20.626,26,86,230,1053,8515,10313,450,0.086,0.23,1.053,0.4128284689227189
613,3.9680550631949644e-06,0.8963783958788795,0.08740765715875412,20.626,26,97,214,879,8515,10313,440,0.097,0.214,0.879,0.4128284689227189
614,4.122739720782173e-06,0.8965102416296172,0.0871640422625619,20.626,26,91,219,950,8517,10313,444,0.091,0.219,0.95,0.41292543391835546
615,3.165079926939371e-06,0.8965108143114194,0.08720723790069977,20.626,26,89,220,787,8517,10313,443,0.089,0.22,0.787,0.41292543391835546
616,3.625479524258996e-06,0.8964824115196477,0.08727385212901169,20.626,26,94,209,1028,8520,10313,441,0.094,0.209,1.028,0.4130708814118103
617,3.7249697368579976e-06,0.8964444222079904,0.08728322719177908,20.626,26,84,232,1307,8521,10313,450,0.084,0.232,1.307,0.4131193639096286
618,3.88071890882151e-06,0.8963737958312127,0.08742484220498122,20.626,26,96,219,771,8521,10313,444,0.096,0.219,0.771,0.4131193639096286
619,4.2429282306502034e-06,0.8965186964972738,0.08716705330804365,20.626,26,90,214,949,8522,10313,438,0.09,0.214,0.949,0.4131678464074469
620,3.2745316796132383e-06,0.8965086308310067,0.08720023238588005,20.626,26,91,221,803,8522,10313,446,0.091,0.221,0.803,0.4131678464074469
621,3.4513980172760464e-06,0.8964769929346057,0.08726622258582423,20.626,26,102,231,1031,8522,10313,466,0.102,0.231,1.031,0.4131678464074469
622,3.7789523648698183e-06,0.8964391116618897,0.08727938585619556,20.626,26,84,229,910,8522,10313,446,0.084,0.229,0.91,0.4131678464074469
623,3.924358899150704e-06,0.8963751200600211,0.08742628582504793,20.626,26,94,217,853,8523,10313,440,0.094,0.217,0.853,0.4132163289052652
624,4.080761471993726e-06,0.8965197925348692,0.08717047376130509,20.626,26,89,228,954,8524,10313,450,0.089,0.228,0.954,0.41326481140308347
625,3.5764270338305813e-06,0.8965073243784736,0.08722275280119184,20.626,26,90,219,816,8524,10313,443,0.09,0.219,0.816,0.41326481140308347
626,4.082786909452222e-06,0.8964872516332416,0.0872588642852516,20.626,26,94,209,1118,8524,10313,441,0.094,0.209,1.118,0.41326481140308347
627,3.846934821358563e-06,0.896443588377118,0.08725477123398027,20.626,26,84,236,1069,8525,10313,454,0.084,0.236,1.069,0.41331329390090177
628,3.7986247137673273e-06,0.8963763036023661,0.08739147525090885,20.626,26,98,223,770,8525,10313,450,0.098,0.223,0.77,0.41331329390090177
629,4.1425983298266035e-06,0.896512860248252,0.0871753702022421,20.626,26,91,223,1024,8527,10313,447,0.091,0.223,1.024,0.4134102588965384
630,3.1379796915051865e-06,0.8964968352005593,0.08722634373095708,20.626,26,95,227,718,8527,10313,456,0.095,0.227,0.718,0.4134102588965384
631,3.3295844671567637e-06,0.8964723405667678,0.08727891020874619,20.626,26,105,236,895,8528,10313,474,0.105,0.236,0.895,0.4134587413943566
632,3.57991428629636e-06,0.8964243322491148,0.08729501506130553,20.626,26,87,235,1079,8529,10313,454,0.087,0.235,1.079,0.4135072238921749
633,3.89179412571603e-06,0.8963605307390503,0.08743984850621532,20.626,26,96,217,672,8529,10313,442,0.096,0.217,0.672,0.4135072238921749
634,4.110632983440269e-06,0.8965225394075924,0.08717782724832959,20.626,26,89,224,848,8529,10313,446,0.089,0.224,0.848,0.4135072238921749
635,3.571272854353915e-06,0.8965093268158562,0.08722960652372425,20.626,26,90,219,821,8529,10313,443,0.09,0.219,0.821,0.4135072238921749
636,4.137205826274568e-06,0.8964927488209875,0.08724424423212068,20.626,26,95,204,1135,8530,10313,437,0.095,0.204,1.135,0.4135557063899932
637,3.882496125042593e-06,0.8964551958882185,0.08723314250625731,20.626,26,80,232,1408,8531,10313,446,0.08,0.232,1.408,0.4136041888878115
638,3.8642953978089534e-06,0.8963871173984655,0.08738789431081859,20.626,26,94,213,917,8531,10313,436,0.094,0.213,0.917,0.4136041888878115
639,4.197021568651629e-06,0.8965146629210664,0.08718546481458876,20.626,26,85,218,920,8531,10313,438,0.085,0.218,0.92,0.4136041888878115
640,3.4625777735250857e-06,0.8964880011032627,0.08726350019713351,20.626,26,93,221,729,8531,10313,448,0.093,0.221,0.729,0.4136041888878115
641,3.873947405337224e-06,0.896468697926811,0.08726677181374728,20.626,26,104,227,1000,8535,10313,464,0.104,0.227,1.0,0.41379811887908463
642,3.860070664420431e-06,0.8964410602939579,0.08724441583894478,20.626,26,87,231,1825,8535,10313,452,0.087,0.231,1.825,0.41379811887908463
643,3.7329974994881214e-06,0.8963938186309676,0.08735949122122724,20.626,26,97,216,749,8535,10313,442,0.097,0.216,0.749,0.41379811887908463
644,3.7941402232917505e-06,0.8965190611618414,0.08717259006950125,20.626,26,92,230,857,8536,10313,456,0.092,0.23,0.857,0.41384660137690293
645,3.300457535735421e-06,0.8964953023288488,0.08725948114830359,20.626,26,93,228,782,8537,10313,455,0.093,0.228,0.782,0.41389508387472124
646,3.837932643736943e-06,0.8964590210824283,0.08729736517439937,20.626,26,93,215,1003,8537,10313,445,0.093,0.215,1.003,0.41389508387472124
647,3.64912748169424e-06,0.8964333753757717,0.08727467863130284,20.626,26,83,234,1178,8537,10313,452,0.083,0.234,1.178,0.41389508387472124
648,3.6419924178257817e-06,0.8964040316412868,0.08736985134098614,20.626,26,92,216,697,8538,10313,438,0.092,0.216,0.697,0.41394356637253954
649,4.037079134353073e-06,0.8965035619253456,0.08720047351251262,20.626,26,87,220,833,8539,10313,445,0.087,0.22,0.833,0.4139920488703578
650,4.061387682612889e-06,0.8964731795779535,0.08728965991920688,20.626,26,96,222,716,8542,10313,452,0.096,0.222,0.716,0.41413749636381264
651,4.754392950812977e-06,0.8964914873201311,0.08725426595449466,20.626,26,100,209,919,8543,10313,447,0.1,0.209,0.919,0.41418597886163094
652,3.9294676174255485e-06,0.8964564323382594,0.08719923468354242,20.626,26,90,246,1600,8545,10313,470,0.09,0.246,1.6,0.41428294385726755
653,3.591350721430821e-06,0.8963903991316431,0.08732214995450724,20.626,26,102,229,1192,8548,10313,460,0.102,0.229,1.192,0.4144283913507224
654,3.974532172106739e-06,0.896495576137073,0.08718116699013365,20.626,26,92,231,927,8549,10313,457,0.092,0.231,0.927,0.41447687384854065
655,3.4531881173081995e-06,0.8964603359690272,0.0873028552900615,20.626,26,95,229,858,8549,10313,458,0.095,0.229,0.858,0.41447687384854065
656,3.822534929276928e-06,0.8964724192833093,0.08730833143966074,20.626,26,104,233,1018,8552,10313,470,0.104,0.233,1.018,0.41462232134199556
657,3.852123750461904e-06,0.8964247914121731,0.08727779404426635,20.626,26,86,227,1424,8553,10313,447,0.086,0.227,1.424,0.4146708038398138
658,3.7648635166796613e-06,0.896373997590435,0.08737049585605691,20.626,26,98,213,835,8553,10313,440,0.098,0.213,0.835,0.4146708038398138
659,4.02286178024843e-06,0.896498504907371,0.08718138774536242,20.626,26,90,227,833,8553,10313,451,0.09,0.227,0.833,0.4146708038398138
660,3.403321687133493e-06,0.8964937246145285,0.08723623124139794,20.626,26,93,221,841,8553,10313,448,0.093,0.221,0.841,0.4146708038398138
661,3.809039531137527e-06,0.8964762739594027,0.0872720209692917,20.626,26,95,210,899,8555,10313,442,0.095,0.21,0.899,0.4147677688354504
662,3.629582157847656e-06,0.8964594345238865,0.0872632713374977,20.626,26,83,231,928,8556,10313,448,0.083,0.231,0.928,0.4148162513332687
663,3.7175381747452863e-06,0.8964157618346981,0.08738087190678465,20.626,26,94,213,667,8556,10313,436,0.094,0.213,0.667,0.4148162513332687
664,4.0085758208029915e-06,0.8965133169475625,0.08719398231220718,20.626,26,90,225,838,8557,10313,450,0.09,0.225,0.838,0.41486473383108696
665,3.415411047687223e-06,0.8964771644329437,0.08726256358410682,20.626,26,95,232,817,8557,10313,461,0.095,0.232,0.817,0.41486473383108696
666,3.843623871900496e-06,0.8964726105309166,0.08726422574936421,20.626,26,100,231,932,8559,10313,464,0.1,0.231,0.932,0.41496169882672357
667,3.834284056628166e-06,0.8964569324854288,0.08723666790626024,20.626,26,86,232,2009,8560,10313,452,0.086,0.232,2.009,0.4150101813245418
668,3.827703194598103e-06,0.8964058979181796,0.0873555310305719,20.626,26,97,214,972,8560,10313,440,0.097,0.214,0.972,0.4150101813245418
669,4.151364481364518e-06,0.896500625340497,0.08718751952490168,20.626,26,87,218,834,8560,10313,440,0.087,0.218,0.834,0.4150101813245418
670,3.5101397887293034e-06,0.8964825442957506,0.087266043213925,20.626,26,91,220,797,8560,10313,445,0.091,0.22,0.797,0.4150101813245418
671,4.060312961423927e-06,0.8964737941606571,0.08726999912321841,20.626,26,97,205,993,8561,10313,440,0.097,0.205,0.993,0.4150586638223601
672,3.82216196709194e-06,0.8964576262370005,0.08724069767783867,20.626,26,84,234,1748,8562,10313,452,0.084,0.234,1.748,0.4151071463201784
673,3.7538409559568804e-06,0.8964030282976705,0.08735575813680717,20.626,26,99,218,756,8562,10313,446,0.099,0.218,0.756,0.4151071463201784
674,3.8951278497394275e-06,0.8965108966433939,0.08716950755926282,20.626,26,93,229,863,8562,10313,456,0.093,0.229,0.863,0.4151071463201784
675,3.181140429146812e-06,0.8964737965059837,0.08725786824969531,20.626,26,95,226,760,8562,10313,455,0.095,0.226,0.76,0.4151071463201784
676,3.5153757757753796e-06,0.8964699842384164,0.0872939215214441,20.626,26,98,237,970,8563,10313,468,0.098,0.237,0.97,0.4151556288179967
677,3.7093113008534637e-06,0.8964405075388997,0.08729133157431551,20.626,26,83,231,1181,8565,10313,448,0.083,0.231,1.181,0.4152525938136333
678,3.7439025517821073e-06,0.8963918631286332,0.08739661050873256,20.626,26,95,214,665,8565,10313,438,0.095,0.214,0.665,0.4152525938136333
679,4.097189246439775e-06,0.8964952161020565,0.087199707289251,20.626,26,91,220,837,8565,10313,445,0.091,0.22,0.837,0.4152525938136333
680,3.662325029734254e-06,0.8964915725465477,0.08723117460994811,20.626,26,92,218,730,8565,10313,444,0.092,0.218,0.73,0.4152525938136333
681,4.100312251891951e-06,0.8964897771276075,0.08727520699609098,20.626,26,98,213,804,8566,10313,449,0.098,0.213,0.804,0.4153010763114516
682,3.90595580726509e-06,0.8964403166641496,0.08726434145741026,20.626,26,87,233,923,8567,10313,454,0.087,0.233,0.923,0.4153495588092699
683,3.728553341018199e-06,0.8963800721508078,0.08737960906379913,20.626,26,97,220,668,8568,10313,446,0.097,0.22,0.668,0.41539804130708813
684,3.8403201701403775e-06,0.8965028767297811,0.08718133333610456,20.626,26,93,234,956,8569,10313,461,0.093,0.234,0.956,0.41544652380490643
685,3.196250054314191e-06,0.8965053080788898,0.08723361649373401,20.626,26,97,230,912,8570,10313,461,0.097,0.23,0.912,0.41549500630272473
686,3.815381506804815e-06,0.8964281535993324,0.08734328941901867,20.626,26,107,236,902,8571,10313,476,0.107,0.236,0.902,0.415543488800543
687,4.241020263003644e-06,0.8963995704661807,0.08730208813469167,20.626,26,88,235,1025,8571,10313,458,0.088,0.235,1.025,0.415543488800543
688,3.948978620526436e-06,0.8963991618341832,0.08734589720744802,20.626,26,96,214,1251,8571,10313,439,0.096,0.214,1.251,0.415543488800543
689,4.137092526499045e-06,0.8965190094391007,0.08716513465548928,20.626,26,90,213,1041,8571,10313,437,0.09,0.213,1.041,0.415543488800543
690,3.4949142093906067e-06,0.8965361324436982,0.08719373338710225,20.626,26,93,214,1222,8573,10313,441,0.093,0.214,1.222,0.4156404537961796
691,3.7176068523245446e-06,0.8964706681331721,0.08727975388105379,20.626,26,99,208,822,8574,10313,444,0.099,0.208,0.822,0.4156889362939979
692,3.6568228888866215e-06,0.8964251860587097,0.08730073059097831,20.626,26,90,232,991,8576,10313,456,0.09,0.232,0.991,0.41578590128963444
693,3.783041882938466e-06,0.8963779063747251,0.08740854310616092,20.626,26,96,215,690,8576,10313,440,0.096,0.215,0.69,0.41578590128963444
694,3.895115406943746e-06,0.8964797543820402,0.08721964609707776,20.626,26,94,226,838,8576,10313,454,0.094,0.226,0.838,0.41578590128963444
695,3.259980029420195e-06,0.8964817561396867,0.08724907597003922,20.626,26,95,229,841,8576,10313,458,0.095,0.229,0.841,0.41578590128963444
696,3.480300137544881e-06,0.8964669570515493,0.08728462121283428,20.626,26,100,237,881,8576,10313,470,0.1,0.237,0.881,0.41578590128963444
697,3.764392151376572e-06,0.8964366203940753,0.08728311031999343,20.626,26,86,234,1102,8576,10313,452,0.086,0.234,1.102,0.41578590128963444
698,3.944801509480756e-06,0.89640892244505,0.08737302665295349,20.626,26,93,215,906,8576,10313,438,0.093,0.215,0.906,0.41578590128963444
699,4.204889594342054e-06,0.8965096340413811,0.08718881749451418,20.626,26,87,214,806,8576,10313,435,0.087,0.214,0.806,0.41578590128963444
700,3.4268574035790825e-06,0.8965205557308606,0.08720753880593551,20.626,26,91,218,800,8577,10313,443,0.091,0.218,0.8,0.41583438378745274
701,3.85306739976748e-06,0.896489185577499,0.08725721480846027,20.626,26,97,205,964,8578,10313,440,0.097,0.205,0.964,0.415882866285271
702,3.8062946691759587e-06,0.8964359174003769,0.08727415074312907,20.626,26,86,228,1389,8578,10313,448,0.086,0.228,1.389,0.415882866285271
703,3.9006491755700216e-06,0.8963950977098768,0.08737812769658528,20.626,26,96,213,648,8578,10313,438,0.096,0.213,0.648,0.415882866285271
704,3.962028732176021e-06,0.8965138240431184,0.08717225005595852,20.626,26,89,217,963,8578,10313,440,0.089,0.217,0.963,0.415882866285271
705,3.037080069916485e-06,0.8965017251903048,0.08723628235472979,20.626,26,92,223,841,8578,10313,449,0.092,0.223,0.841,0.415882866285271
706,3.58033343181684e-06,0.8964777730239981,0.08730088198448925,20.626,26,102,219,894,8579,10313,459,0.102,0.219,0.894,0.4159313487830893
707,3.762384802014725e-06,0.8964281404708262,0.08729082348648172,20.626,26,86,230,1082,8579,10313,450,0.086,0.23,1.082,0.4159313487830893
708,3.670348497694013e-06,0.8963788453975479,0.08739354005249526,20.626,26,96,213,692,8579,10313,438,0.096,0.213,0.692,0.4159313487830893
709,4.049350462305428e-06,0.8964964153982243,0.08719832881688747,20.626,26,88,223,846,8579,10313,445,0.088,0.223,0.846,0.4159313487830893
710,3.6982266960446842e-06,0.8964894147854079,0.08725171491560323,20.626,26,92,221,741,8579,10313,447,0.092,0.221,0.741,0.4159313487830893
711,4.043398863134017e-06,0.8964956399781381,0.08725441290474907,20.626,26,96,223,927,8579,10313,452,0.096,0.223,0.927,0.4159313487830893
712,3.865060898231042e-06,0.8964568661255271,0.08722905612789472,20.626,26,82,234,1081,8579,10313,450,0.082,0.234,1.081,0.4159313487830893
713,3.7777381800462788e-06,0.896397872464068,0.08735507733286942,20.626,26,95,216,682,8579,10313,440,0.095,0.216,0.682,0.4159313487830893
714,4.004508385601163e-06,0.8965114273663817,0.0871775270428599,20.626,26,91,227,812,8579,10313,452,0.091,0.227,0.812,0.4159313487830893
715,3.355352622065106e-06,0.8964722838852595,0.0872686296578872,20.626,26,96,226,917,8579,10313,456,0.096,0.226,0.917,0.4159313487830893
716,3.697051983978314e-06,0.8964614652356386,0.08730120129135822,20.626,26,102,220,947,8583,10313,459,0.102,0.22,0.947,0.41612527877436245
717,3.7109620577730853e-06,0.8964243283432454,0.08729062821354854,20.626,26,85,235,1078,8584,10313,454,0.085,0.235,1.078,0.41617376127218075
718,3.883852042250843e-06,0.8963723660167655,0.08740428152187417,20.626,26,98,215,671,8584,10313,442,0.098,0.215,0.671,0.41617376127218075
719,4.014569589448537e-06,0.8965106460618736,0.08716882297269532,20.626,26,91,221,790,8584,10313,446,0.091,0.221,0.79,0.41617376127218075
720,3.1273605947303142e-06,0.8965197494347735,0.0872035272743203,20.626,26,92,222,753,8584,10313,448,0.092,0.222,0.753,0.41617376127218075
721,3.479348594606869e-06,0.8964632548049367,0.08729306796873587,20.626,26,101,224,830,8584,10313,458,0.101,0.224,0.83,0.41617376127218075
722,3.646175195782036e-06,0.896408145680065,0.0873060637702595,20.626,26,85,229,1007,8584,10313,448,0.085,0.229,1.007,0.41617376127218075
723,3.814235605004514e-06,0.8963672603919901,0.08742974031430625,20.626,26,95,218,693,8584,10313,442,0.095,0.218,0.693,0.41617376127218075
724,3.992344220239732e-06,0.8965164904433616,0.0871853775867188,20.626,26,91,225,930,8584,10313,450,0.091,0.225,0.93,0.41617376127218075
725,3.3217842982221396e-06,0.8965035425733304,0.08722359444265837,20.626,26,94,225,743,8584,10313,453,0.094,0.225,0.743,0.41617376127218075
726,4.041021209992126e-06,0.8964820842624147,0.08728578567492239,20.626,26,103,221,866,8587,10313,462,0.103,0.221,0.866,0.4163192087656356
727,4.2883102880293956e-06,0.8964202952645905,0.08726945427956716,20.626,26,86,233,920,8588,10313,453,0.086,0.233,0.92,0.4163676912634539
728,3.9276121656999485e-06,0.8963805919813067,0.0873566387962517,20.626,26,96,213,1196,8588,10313,438,0.096,0.213,1.196,0.4163676912634539
729,4.142793363973917e-06,0.896514814575186,0.08716372993235047,20.626,26,87,214,809,8588,10313,435,0.087,0.214,0.809,0.4163676912634539
730,3.472039746807701e-06,0.8965198809486233,0.08721931824544986,20.626,26,88,215,1139,8588,10313,437,0.088,0.215,1.139,0.4163676912634539
731,3.809178036795051e-06,0.8964919998064302,0.08727785456833151,20.626,26,96,210,851,8590,10313,443,0.096,0.21,0.851,0.41646465625909046
732,3.774542156717775e-06,0.8964245712604576,0.0872975480771066,20.626,26,87,233,1049,8592,10313,454,0.087,0.233,1.049,0.41656162125472707
733,3.784321604427736e-06,0.8963561307042853,0.0874142045058542,20.626,26,98,217,664,8592,10313,444,0.098,0.217,0.664,0.41656162125472707
734,4.0308796979119235e-06,0.8964682149970197,0.08721442957662842,20.626,26,93,227,883,8592,10313,454,0.093,0.227,0.883,0.41656162125472707
735,3.7783122063528476e-06,0.8964755800090526,0.0872489627820706,20.626,26,95,227,815,8592,10313,456,0.095,0.227,0.815,0.41656162125472707
736,4.099970284821204e-06,0.8965036331813555,0.08726215326915747,20.626,26,104,237,857,8592,10313,474,0.104,0.237,0.857,0.41656162125472707
737,3.834649824523981e-06,0.896448015761886,0.08723464556446936,20.626,26,89,237,1445,8592,10313,460,0.089,0.237,1.445,0.41656162125472707
738,3.6369723696774304e-06,0.8963909773016789,0.08735726415245368,20.626,26,100,225,709,8592,10313,454,0.1,0.225,0.709,0.41656162125472707
739,4.017735638681482e-06,0.8965030493783966,0.08717513649690717,20.626,26,87,217,1013,8592,10313,443,0.087,0.217,1.013,0.41656162125472707
740,3.3809666424688368e-06,0.8964829030285244,0.08726465609095141,20.626,26,90,222,863,8592,10313,446,0.09,0.222,0.863,0.41656162125472707
741,4.067007996902429e-06,0.8964539673428985,0.08732364544111079,20.626,26,97,215,834,8592,10313,450,0.097,0.215,0.834,0.41656162125472707
742,4.085164767710722e-06,0.8964463102304255,0.08726989167554217,20.626,26,83,233,1236,8592,10313,450,0.083,0.233,1.236,0.41656162125472707
743,3.906790104029313e-06,0.8964090277079088,0.08735344790588179,20.626,26,96,208,758,8592,10313,433,0.096,0.208,0.758,0.41656162125472707
744,4.130222705153988e-06,0.8965195843929732,0.08715744772350634,20.626,26,90,219,749,8592,10313,443,0.09,0.219,0.749,0.41656162125472707
745,3.318514625241956e-06,0.8965098675390141,0.08720584561869575,20.626,26,91,221,1017,8592,10313,446,0.091,0.221,1.017,0.41656162125472707
746,3.468621883413557e-06,0.8964567720378049,0.08730366440343004,20.626,26,97,217,892,8593,10313,451,0.097,0.217,0.892,0.4166101037525453
747,3.7156911792800487e-06,0.8964272272875132,0.08731303601557822,20.626,26,86,234,1019,8593,10313,452,0.086,0.234,1.019,0.4166101037525453
748,3.994279512850888e-06,0.8963756671226167,0.08742665702825858,20.626,26,96,217,659,8593,10313,442,0.096,0.217,0.659,0.4166101037525453
749,4.310064579660141e-06,0.8964917294567099,0.0871916936960042,20.626,26,93,221,870,8593,10313,448,0.093,0.221,0.87,0.4166101037525453
750,3.5461019027551084e-06,0.8965384843564653,0.08718498892919045,20.626,26,94,233,802,8593,10313,461,0.094,0.233,0.802,0.4166101037525453
751,4.075660050642372e-06,0.8964586696125117,0.08728058965727607,20.626,26,99,216,953,8597,10313,453,0.099,0.216,0.953,0.41680403374381847
752,4.14084567708519e-06,0.8964116602219937,0.08726689725739331,20.626,26,87,233,942,8597,10313,454,0.087,0.233,0.942,0.41680403374381847
753,3.982015808714781e-06,0.8963872721777191,0.08735689124946898,20.626,26,94,218,1311,8598,10313,441,0.094,0.218,1.311,0.4168525162416368
754,4.139650557094355e-06,0.8965284562477952,0.08716826574228217,20.626,26,89,216,977,8598,10313,439,0.089,0.216,0.977,0.4168525162416368
755,3.2956744723594746e-06,0.8965298809446728,0.08721166151205964,20.626,26,91,223,1129,8598,10313,448,0.091,0.223,1.129,0.4168525162416368
756,3.5991426876708153e-06,0.8964617215378956,0.0873100519455302,20.626,26,101,225,892,8601,10313,463,0.101,0.225,0.892,0.4169979637350916
757,4.048354580894263e-06,0.8964165755126078,0.08730873781228397,20.626,26,87,231,1158,8601,10313,452,0.087,0.231,1.158,0.4169979637350916
758,4.310361212634138e-06,0.8963805807415149,0.08740441723038325,20.626,26,97,210,698,8601,10313,436,0.097,0.21,0.698,0.4169979637350916
759,4.150116905477372e-06,0.8965141048490037,0.08715132206164544,20.626,26,89,215,991,8601,10313,439,0.089,0.215,0.991,0.4169979637350916
760,2.9531302549248075e-06,0.8965210425988753,0.08718425747190871,20.626,26,92,229,845,8601,10313,455,0.092,0.229,0.845,0.4169979637350916
761,3.817961520049616e-06,0.896469756921016,0.0872977642240806,20.626,26,95,211,1037,8603,10313,443,0.095,0.211,1.037,0.41709492873072823
762,4.172162101007306e-06,0.896420523915672,0.08731557449223687,20.626,26,82,226,956,8603,10313,442,0.082,0.226,0.956,0.41709492873072823
763,3.884737288364663e-06,0.8963913844305413,0.08739943178270784,20.626,26,92,206,949,8603,10313,427,0.092,0.206,0.949,0.41709492873072823
764,3.986836727974837e-06,0.8965333189239385,0.08718346761081691,20.626,26,85,215,831,8603,10313,434,0.085,0.215,0.831,0.41709492873072823
765,3.215851611532631e-06,0.8965301920460577,0.08719983095066677,20.626,26,88,220,1182,8603,10313,443,0.088,0.22,1.182,0.41709492873072823
766,3.3869092592098244e-06,0.8964719721821796,0.08727756840372214,20.626,26,101,230,890,8605,10313,464,0.101,0.23,0.89,0.4171918937263648
767,4.048015931867541e-06,0.8964111059060359,0.08731368538263959,20.626,26,86,225,938,8605,10313,444,0.086,0.225,0.938,0.4171918937263648
768,4.420462859058629e-06,0.8963895414884208,0.08741915462903646,20.626,26,97,222,689,8605,10313,448,0.097,0.222,0.689,0.4171918937263648
769,4.611794509078282e-06,0.8965030053737386,0.08718040844353897,20.626,26,90,230,847,8605,10313,453,0.09,0.23,0.847,0.4171918937263648
770,3.645420315105793e-06,0.8965187096271656,0.08718118592245608,20.626,26,93,221,856,8605,10313,449,0.093,0.221,0.856,0.4171918937263648
771,3.866443701600014e-06,0.8964760441305913,0.08723763474411285,20.626,26,100,212,981,8607,10313,449,0.1,0.212,0.981,0.41728885872200133
772,3.7507773631411473e-06,0.8964312601844127,0.08726039766579557,20.626,26,86,238,926,8607,10313,458,0.086,0.238,0.926,0.41728885872200133
773,3.795002459909405e-06,0.896389441897652,0.08740274104917597,20.626,26,101,224,789,8608,10313,454,0.101,0.224,0.789,0.41733734121981964
774,4.11797416986762e-06,0.8965024870782479,0.08720643317920054,20.626,26,93,225,1026,8611,10313,451,0.093,0.225,1.026,0.4174827887132745
775,3.282322729287156e-06,0.896479441419429,0.08725666358261296,20.626,26,98,230,703,8612,10313,462,0.098,0.23,0.703,0.4175312712110928
776,3.469242748312621e-06,0.8964402887029933,0.08730384892153065,20.626,26,105,232,884,8613,10313,470,0.105,0.232,0.884,0.4175797537089111
777,3.5311022651570653e-06,0.8964221841781793,0.08728432130373853,20.626,26,87,239,986,8613,10313,458,0.087,0.239,0.986,0.4175797537089111
778,3.7666596289121185e-06,0.8963948891191644,0.08740125817178146,20.626,26,97,223,695,8613,10313,449,0.097,0.223,0.695,0.4175797537089111
779,3.9579231462909395e-06,0.8965364052671889,0.08716565011364956,20.626,26,90,224,917,8613,10313,452,0.09,0.224,0.917,0.4175797537089111
780,3.30122097704001e-06,0.8964978377520345,0.08723785852046885,20.626,26,93,233,744,8613,10313,460,0.093,0.233,0.744,0.4175797537089111
781,3.984170213839642e-06,0.8964806187829876,0.08726004363614379,20.626,26,93,212,1056,8613,10313,443,0.093,0.212,1.056,0.4175797537089111
782,3.7480862166295718e-06,0.8964506592888914,0.08724820532025164,20.626,26,78,236,1951,8614,10313,448,0.078,0.236,1.951,0.4176282362067294
783,3.894471841019778e-06,0.8963943967968139,0.08739647809284452,20.626,26,96,215,729,8614,10313,440,0.096,0.215,0.729,0.4176282362067294
784,4.423685582366843e-06,0.8965355816036615,0.08716223779530499,20.626,26,86,219,930,8614,10313,439,0.086,0.219,0.93,0.4176282362067294
785,3.5899009900899656e-06,0.8965054633281972,0.08723322169207669,20.626,26,95,216,1060,8614,10313,445,0.095,0.216,1.06,0.4176282362067294
786,3.86325041299836e-06,0.8964750773552052,0.0872408267660116,20.626,26,101,214,1273,8614,10313,453,0.101,0.214,1.273,0.4176282362067294
787,3.6791794348376737e-06,0.8964300140225382,0.08725045086484445,20.626,26,84,230,1625,8614,10313,448,0.084,0.23,1.625,0.4176282362067294
788,3.8016358637300555e-06,0.8963829322414355,0.08740098208630814,20.626,26,95,212,911,8614,10313,436,0.095,0.212,0.911,0.4176282362067294
789,3.964622951741623e-06,0.896522897965165,0.0871872713516395,20.626,26,91,229,951,8614,10313,454,0.091,0.229,0.951,0.4176282362067294
790,3.1841232685826116e-06,0.8965046466310385,0.08724738806428166,20.626,26,94,232,758,8615,10313,460,0.094,0.232,0.758,0.41767671870454764
791,3.6755957976324777e-06,0.8964719745242473,0.08727908055146645,20.626,26,100,234,988,8625,10313,467,0.1,0.234,0.988,0.4181615436827305
792,3.7501950942392367e-06,0.8964327388275768,0.08726255099808888,20.626,26,86,228,1172,8625,10313,448,0.086,0.228,1.172,0.4181615436827305
793,3.695639939514564e-06,0.8963939275529533,0.0873776762289761,20.626,26,95,212,686,8625,10313,436,0.095,0.212,0.686,0.4181615436827305
794,3.911923461759216e-06,0.8965165891982274,0.08717918078315265,20.626,26,87,219,855,8625,10313,441,0.087,0.219,0.855,0.4181615436827305
795,3.3247712695879745e-06,0.8964787692688017,0.08727003255258495,20.626,26,91,220,726,8625,10313,445,0.091,0.22,0.726,0.4181615436827305
796,3.8310575420220914e-06,0.8964810807668093,0.08728402381841689,20.626,26,96,217,884,8625,10313,451,0.096,0.217,0.884,0.4181615436827305
797,3.7943582092528656e-06,0.8964579964633196,0.08725261357743799,20.626,26,81,233,1355,8625,10313,448,0.081,0.233,1.355,0.4181615436827305
798,3.876677795483286e-06,0.8964007134579969,0.08737774344568978,20.626,26,95,214,1214,8625,10313,438,0.095,0.214,1.214,0.4181615436827305
799,4.43278367834018e-06,0.8965119718096926,0.08718093365270886,20.626,26,90,223,828,8632,10313,447,0.09,0.223,0.828,0.4185009211674586
800,3.9099656850864175e-06,0.8965168206909968,0.08722561709073808,20.626,26,95,222,783,8632,10313,451,0.095,0.222,0.783,0.4185009211674586
801,3.95368359856104e-06,0.8964681391175602,0.08725030808757896,20.626,26,101,226,1102,8636,10313,460,0.101,0.226,1.102,0.4186948511587317
802,3.730619553403283e-06,0.8964285949929357,0.08724550277381829,20.626,26,85,237,1158,8636,10313,456,0.085,0.237,1.158,0.4186948511587317
803,3.661607206741525e-06,0.8963847803796019,0.08737619756587328,20.626,26,98,239,737,8637,10313,466,0.098,0.239,0.737,0.41874333365655
804,3.9977664206847506e-06,0.8965138864696717,0.08718981837361518,20.626,26,93,230,1038,8637,10313,456,0.093,0.23,1.038,0.41874333365655
805,3.3601837476611935e-06,0.8964800068376034,0.08726934692619645,20.626,26,98,225,747,8637,10313,457,0.098,0.225,0.747,0.41874333365655
806,3.7385436044157162e-06,0.8964450158274538,0.08729748875308374,20.626,26,102,219,929,8637,10313,459,0.102,0.219,0.929,0.41874333365655
807,3.692957499330652e-06,0.8964253377443853,0.08726896253583445,20.626,26,85,234,1296,8640,10313,453,0.085,0.234,1.296,0.41888878115000483
808,3.871257318708504e-06,0.8963882884121991,0.08738741805060783,20.626,26,95,216,742,8640,10313,440,0.095,0.216,0.742,0.41888878115000483
809,4.051086421531503e-06,0.8965289218952095,0.08716109252353137,20.626,26,91,222,886,8640,10313,447,0.091,0.222,0.886,0.41888878115000483
810,3.099124174034518e-06,0.8965160696827635,0.08721566475261502,20.626,26,92,230,749,8642,10313,456,0.092,0.23,0.749,0.41898574614564144
811,3.503110316180905e-06,0.8964756496468621,0.08728501100902487,20.626,26,98,225,915,8642,10313,456,0.098,0.225,0.915,0.41898574614564144
812,3.7495887869335275e-06,0.8964329444696076,0.08729006723378771,20.626,26,83,226,985,8644,10313,444,0.083,0.226,0.985,0.419082711141278
813,3.948381247517965e-06,0.896371197413404,0.08742550757053798,20.626,26,95,216,685,8645,10313,440,0.095,0.216,0.685,0.4191311936390963
814,4.492934179048122e-06,0.8965149843562734,0.08717988488307694,20.626,26,89,212,923,8645,10313,435,0.089,0.212,0.923,0.4191311936390963
815,3.4658256847885092e-06,0.8965212374448888,0.0871885671093883,20.626,26,93,218,826,8645,10313,445,0.093,0.218,0.826,0.4191311936390963
816,3.6156913606969764e-06,0.8964841234336451,0.08724075799207093,20.626,26,100,215,1111,8645,10313,453,0.1,0.215,1.111,0.4191311936390963
817,3.7550991518016835e-06,0.8964426337471546,0.08725972201439236,20.626,26,83,229,925,8645,10313,446,0.083,0.229,0.925,0.4191311936390963
818,3.888537522767847e-06,0.896386738945386,0.08741088971001729,20.626,26,94,215,853,8645,10313,438,0.094,0.215,0.853,0.4191311936390963
819,4.119819170960012e-06,0.8965016251052554,0.08720146072589217,20.626,26,89,217,921,8645,10313,440,0.089,0.217,0.921,0.4191311936390963
820,3.3896006493682267e-06,0.8965101034174352,0.08722384126540049,20.626,26,89,220,703,8645,10313,443,0.089,0.22,0.703,0.4191311936390963
821,3.791379423425358e-06,0.8964814449554193,0.08726869480192201,20.626,26,94,205,963,8645,10313,437,0.094,0.205,0.963,0.4191311936390963
822,3.7603252513584606e-06,0.8964459105906706,0.0872667084318918,20.626,26,84,230,1530,8645,10313,448,0.084,0.23,1.53,0.4191311936390963
823,4.01495024098547e-06,0.8963717068120307,0.0874142010539978,20.626,26,96,219,693,8645,10313,444,0.096,0.219,0.693,0.4191311936390963
824,4.366013424239353e-06,0.8965062262075082,0.08717867437947993,20.626,26,90,217,935,8645,10313,441,0.09,0.217,0.935,0.4191311936390963
825,3.369758062056385e-06,0.8965166686497255,0.08719168973571166,20.626,26,92,219,777,8645,10313,445,0.092,0.219,0.777,0.4191311936390963
826,3.612589843890349e-06,0.8964872790170078,0.08724605406604881,20.626,26,99,216,994,8645,10313,453,0.099,0.216,0.994,0.4191311936390963
827,3.731237425332437e-06,0.8964494698621716,0.08726341732588272,20.626,26,85,231,1363,8645,10313,450,0.085,0.231,1.363,0.4191311936390963
828,3.916380507371749e-06,0.8963759311165331,0.08742012055692343,20.626,26,96,219,886,8645,10313,444,0.096,0.219,0.886,0.4191311936390963
829,4.226265978867336e-06,0.8965066063920356,0.08718648418688218,20.626,26,92,220,949,8645,10313,446,0.092,0.22,0.949,0.4191311936390963
830,3.3360640821240904e-06,0.8965165369297924,0.08719793014843691,20.626,26,91,220,788,8645,10313,445,0.091,0.22,0.788,0.4191311936390963
831,3.7094408691686154e-06,0.8964829788659504,0.08724657807781808,20.626,26,95,204,1028,8645,10313,437,0.095,0.204,1.028,0.4191311936390963
832,3.6907515515355976e-06,0.8964479024694224,0.08726057432701968,20.626,26,84,230,1273,8645,10313,448,0.084,0.23,1.273,0.4191311936390963
833,3.925661572221187e-06,0.8963832700077928,0.08741903033367099,20.626,26,94,215,765,8645,10313,438,0.094,0.215,0.765,0.4191311936390963
834,4.306891449077815e-06,0.896515283368903,0.08718622789084497,20.626,26,88,217,951,8645,10313,439,0.088,0.217,0.951,0.4191311936390963
835,3.33632482040262e-06,0.8965214120684738,0.087198303520174,20.626,26,91,220,809,8645,10313,445,0.091,0.22,0.809,0.4191311936390963
836,3.6336438831200757e-06,0.8964889056941163,0.0872482448684849,20.626,26,99,216,1057,8645,10313,453,0.099,0.216,1.057,0.4191311936390963
837,3.731313015119885e-06,0.8964412520615672,0.08726022764834822,20.626,26,85,231,1349,8645,10313,450,0.085,0.231,1.349,0.4191311936390963
838,3.867722009545752e-06,0.896371452931569,0.08741764555421297,20.626,26,96,219,887,8645,10313,444,0.096,0.219,0.887,0.4191311936390963
839,4.141352639119924e-06,0.8965177061252586,0.08717432452543598,20.626,26,91,222,980,8646,10313,447,0.091,0.222,0.98,0.4191796761369146
840,3.169625702820555e-06,0.8965123563608156,0.08721070016677464,20.626,26,90,222,797,8656,10313,446,0.09,0.222,0.797,0.41966450111509745
841,3.491870728160136e-06,0.8964799205221864,0.08727013161364348,20.626,26,99,226,1030,8656,10313,458,0.099,0.226,1.03,0.41966450111509745
842,3.748143008937817e-06,0.8964359859681417,0.0872760313990692,20.626,26,85,231,1388,8656,10313,450,0.085,0.231,1.388,0.41966450111509745
843,3.855099509130302e-06,0.8963720111102271,0.08742075673390579,20.626,26,97,218,778,8656,10313,444,0.097,0.218,0.778,0.41966450111509745
844,4.203439262129669e-06,0.8965194634675158,0.08716676876765209,20.626,26,88,216,998,8656,10313,438,0.088,0.216,0.998,0.41966450111509745
845,3.4313452232220386e-06,0.8965030043629342,0.08721799023969454,20.626,26,90,219,803,8656,10313,443,0.09,0.219,0.803,0.41966450111509745
846,3.7000806407414156e-06,0.8964873034021503,0.0872617353838153,20.626,26,99,216,1028,8656,10313,453,0.099,0.216,1.028,0.41966450111509745
847,3.747872754381648e-06,0.8964438370267453,0.08726079928958728,20.626,26,82,230,890,8656,10313,446,0.082,0.23,0.89,0.41966450111509745
848,3.911672666902683e-06,0.8963821261590734,0.08741011295711922,20.626,26,94,211,856,8656,10313,434,0.094,0.211,0.856,0.41966450111509745
849,4.147960910630958e-06,0.8965250294649536,0.08716490185541312,20.626,26,88,222,944,8656,10313,444,0.088,0.222,0.944,0.41966450111509745
850,3.370161350808713e-06,0.8965112953146622,0.08722217954655138,20.626,26,90,221,799,8656,10313,445,0.09,0.221,0.799,0.41966450111509745
851,3.825936413265972e-06,0.8964768773130989,0.08726317099402697,20.626,26,94,205,1111,8656,10313,437,0.094,0.205,1.111,0.41966450111509745
852,3.7303737671241167e-06,0.8964444587115031,0.08726289444306494,20.626,26,84,230,1110,8659,10313,448,0.084,0.23,1.11,0.4198099486085523
853,3.9181465880449764e-06,0.8963839956862089,0.08741038282026649,20.626,26,95,214,764,8659,10313,438,0.095,0.214,0.764,0.4198099486085523
854,4.234189691444931e-06,0.8965251914971055,0.08716358177013524,20.626,26,86,219,952,8659,10313,439,0.086,0.219,0.952,0.4198099486085523
855,3.4282170569470558e-06,0.8964997096502624,0.08723132081751236,20.626,26,90,219,801,8659,10313,443,0.09,0.219,0.801,0.4198099486085523
856,3.869654805668331e-06,0.8964939773097299,0.08725139543296785,20.626,26,99,216,1033,8662,10313,453,0.099,0.216,1.033,0.41995539610200716
857,3.845953021639006e-06,0.8964575586009296,0.08724128795240443,20.626,26,82,234,1715,8664,10313,450,0.082,0.234,1.715,0.42005236109764377
858,3.868204838703742e-06,0.8963846814304182,0.08739378476058138,20.626,26,98,217,1154,8667,10313,444,0.098,0.217,1.154,0.4201978085910986
859,4.139292304723763e-06,0.896520612269815,0.08716016416638438,20.626,26,89,226,981,8668,10313,449,0.089,0.226,0.981,0.4202462910889169
860,3.343677647942205e-06,0.89650054343789,0.08723456062330712,20.626,26,91,223,804,8668,10313,448,0.091,0.223,0.804,0.4202462910889169
861,3.916001113122366e-06,0.8964858248748596,0.08725381493003792,20.626,26,95,218,1148,8668,10313,446,0.095,0.218,1.148,0.4202462910889169
862,3.818208654440514e-06,0.8964577153747091,0.08724369656428621,20.626,26,83,233,1774,8668,10313,450,0.083,0.233,1.774,0.4202462910889169
863,3.87732541868282e-06,0.8963883298319695,0.08739451460102803,20.626,26,98,217,810,8668,10313,444,0.098,0.217,0.81,0.4202462910889169
864,4.1960528060235895e-06,0.8965202457758955,0.08715852242414084,20.626,26,88,222,977,8668,10313,444,0.088,0.222,0.977,0.4202462910889169
865,3.311475528755434e-06,0.8965039505877473,0.08722174346959241,20.626,26,91,220,812,8668,10313,445,0.091,0.22,0.812,0.4202462910889169
866,3.6913506317913927e-06,0.8964793762961135,0.08726673104948464,20.626,26,98,217,1140,8668,10313,453,0.098,0.217,1.14,0.4202462910889169
867,3.75345627526033e-06,0.8964481026277447,0.08726636868562432,20.626,26,83,231,1215,8668,10313,448,0.083,0.231,1.215,0.4202462910889169
868,3.893977486583087e-06,0.896385505640047,0.08741172479710724,20.626,26,95,214,885,8668,10313,438,0.095,0.214,0.885,0.4202462910889169
869,4.156066422041006e-06,0.8965268183228962,0.08716313993159586,20.626,26,88,222,948,8668,10313,444,0.088,0.222,0.948,0.4202462910889169
870,3.4246785041928583e-06,0.8965011600647678,0.0872310331340233,20.626,26,89,220,792,8668,10313,443,0.089,0.22,0.792,0.4202462910889169
871,3.997330839283731e-06,0.8964910118340624,0.0872503944166981,20.626,26,95,204,1024,8668,10313,437,0.095,0.204,1.024,0.4202462910889169
872,3.833624513451147e-06,0.8964576997521849,0.08724124105677006,20.626,26,81,235,1473,8669,10313,450,0.081,0.235,1.473,0.42029477358673517
873,3.882256533196219e-06,0.8963869738840946,0.08739439492949945,20.626,26,98,217,1037,8669,10313,444,0.098,0.217,1.037,0.42029477358673517
874,4.21746210194916e-06,0.8965211504670251,0.08716050723623289,20.626,26,88,222,971,8669,10313,444,0.088,0.222,0.971,0.42029477358673517
875,3.288308994248662e-06,0.896505092481822,0.08722377389652149,20.626,26,92,222,819,8669,10313,448,0.092,0.222,0.819,0.42029477358673517
876,3.5804906065132324e-06,0.8964777694268565,0.08726715486835072,20.626,26,102,231,1151,8669,10313,466,0.102,0.231,1.151,0.42029477358673517
877,3.7681433312818986e-06,0.896447182365752,0.08726561230695114,20.626,26,87,229,1302,8670,10313,450,0.087,0.229,1.302,0.4203432560845535
878,3.9240750524150436e-06,0.8963796079487035,0.087409545936597,20.626,26,96,215,886,8670,10313,440,0.096,0.215,0.886,0.4203432560845535
879,4.132874177506636e-06,0.8965219316256481,0.08716150105039353,20.626,26,89,223,944,8670,10313,446,0.089,0.223,0.944,0.4203432560845535
880,3.404283960957222e-06,0.8964985206929235,0.08723064743303288,20.626,26,89,220,799,8670,10313,443,0.089,0.22,0.799,0.4203432560845535
881,3.999123206600232e-06,0.8964927135577119,0.08725101901380086,20.626,26,93,206,1034,8670,10313,437,0.093,0.206,1.034,0.4203432560845535
882,3.849941668014053e-06,0.8964620096393555,0.08724220836926753,20.626,26,82,236,1481,8672,10313,452,0.082,0.236,1.481,0.42044022108019
883,3.884533934205385e-06,0.8963834604003271,0.08739378365904714,20.626,26,99,216,1061,8672,10313,444,0.099,0.216,1.061,0.42044022108019
884,4.21385910303953e-06,0.8965219086194995,0.08716053365104905,20.626,26,89,223,916,8672,10313,446,0.089,0.223,0.916,0.42044022108019
885,3.333205453330942e-06,0.8965036587103282,0.08722239436503383,20.626,26,92,222,827,8672,10313,448,0.092,0.222,0.827,0.42044022108019
886,3.661847593340764e-06,0.8964773596271896,0.0872663059777184,20.626,26,102,227,1070,8672,10313,462,0.102,0.227,1.07,0.42044022108019
887,3.7850653919045748e-06,0.8964426574802393,0.08726474636349967,20.626,26,86,230,1091,8672,10313,450,0.086,0.23,1.091,0.42044022108019
888,3.825085981210644e-06,0.8963772891682583,0.08740965046703833,20.626,26,97,220,872,8672,10313,446,0.097,0.22,0.872,0.42044022108019
889,4.052387196409364e-06,0.8965194580788939,0.0871616472594865,20.626,26,91,226,985,8672,10313,451,0.091,0.226,0.985,0.42044022108019
890,3.1547093578649477e-06,0.8965202329765729,0.08720413858183212,20.626,26,91,230,808,8673,10313,455,0.091,0.23,0.808,0.4204887035780083
891,3.660849454749749e-06,0.8964821202646142,0.08727006309730583,20.626,26,96,213,1085,8673,10313,447,0.096,0.213,1.085,0.4204887035780083
892,3.7526735468672127e-06,0.896431259255696,0.08728002022920099,20.626,26,83,231,973,8691,10313,448,0.083,0.231,0.973,0.4213613885387375
893,3.8650983915969865e-06,0.8963678814675388,0.08742558565025658,20.626,26,97,216,751,8691,10313,442,0.097,0.216,0.751,0.4213613885387375
894,4.201383968479451e-06,0.8965163312933264,0.08716923452623294,20.626,26,87,217,996,8691,10313,438,0.087,0.217,0.996,0.4213613885387375
895,3.345948890446464e-06,0.8965103398454662,0.08721399517778841,20.626,26,90,219,792,8691,10313,443,0.09,0.219,0.792,0.4213613885387375
896,3.6585720239961216e-06,0.8964956528575287,0.0872554626368621,20.626,26,100,229,1013,8691,10313,462,0.1,0.229,1.013,0.4213613885387375
897,3.8541513648061116e-06,0.8964562652834941,0.0872578099265147,20.626,26,86,228,1061,8691,10313,448,0.086,0.228,1.061,0.4213613885387375
898,3.9508612430226495e-06,0.8963723734960158,0.08740786846966196,20.626,26,96,213,864,8691,10313,438,0.096,0.213,0.864,0.4213613885387375
899,4.151855018993828e-06,0.8965124963576139,0.0871656943010486,20.626,26,91,219,908,8692,10313,444,0.091,0.219,0.908,0.4214098710365558
900,3.2020730577165558e-06,0.8965105763872864,0.08720769001610537,20.626,26,89,220,783,8692,10313,443,0.089,0.22,0.783,0.4214098710365558
901,3.602142716873771e-06,0.8964787583905236,0.08727275093422063,20.626,26,94,212,1035,8692,10313,443,0.094,0.212,1.035,0.4214098710365558
902,3.7398091069853856e-06,0.8964482539191247,0.0872830514895631,20.626,26,83,233,1299,8693,10313,450,0.083,0.233,1.299,0.4214583535343741
903,3.896087841687979e-06,0.8963752695625115,0.08742437348700192,20.626,26,97,218,763,8693,10313,444,0.097,0.218,0.763,0.4214583535343741
904,4.191013861963565e-06,0.8965147168617977,0.08716611999330541,20.626,26,90,215,936,8693,10313,439,0.09,0.215,0.936,0.4214583535343741
905,3.2728290029823564e-06,0.8965089032344394,0.08720036182571601,20.626,26,89,220,797,8693,10313,443,0.089,0.22,0.797,0.4214583535343741
906,3.5409422692132085e-06,0.8964798545953199,0.08726691822135361,20.626,26,101,216,1029,8693,10313,455,0.101,0.216,1.029,0.4214583535343741
907,3.7221781625864584e-06,0.8964371638732656,0.0872792653711462,20.626,26,83,224,1005,8695,10313,442,0.083,0.224,1.005,0.42155531853001066
908,3.8681521376069465e-06,0.8963796208191754,0.08742728905620478,20.626,26,93,216,855,8695,10313,438,0.093,0.216,0.855,0.42155531853001066
909,4.1338970675508645e-06,0.896527329631538,0.08717174922399146,20.626,26,89,224,984,8696,10313,447,0.089,0.224,0.984,0.42160380102782896
910,3.5028359455463502e-06,0.896503388513282,0.08722181961762665,20.626,26,90,222,794,8696,10313,446,0.09,0.222,0.794,0.42160380102782896
911,3.9639348405523125e-06,0.8964902594287718,0.08725922026452346,20.626,26,95,224,1066,8696,10313,452,0.095,0.224,1.066,0.42160380102782896
912,3.872739885059769e-06,0.8964414777502345,0.08725424581031413,20.626,26,83,237,1105,8696,10313,454,0.083,0.237,1.105,0.42160380102782896
913,3.831983219572078e-06,0.8963778092990955,0.08739185236777104,20.626,26,96,215,755,8697,10313,440,0.096,0.215,0.755,0.42165228352564726
914,4.1271513477339344e-06,0.8965139454041843,0.08717573649741206,20.626,26,89,219,961,8697,10313,442,0.089,0.219,0.961,0.42165228352564726
915,3.2026698681338225e-06,0.8965029933647752,0.08722744020626319,20.626,26,93,223,705,8697,10313,450,0.093,0.223,0.705,0.42165228352564726
916,3.50170957713499e-06,0.89646338052241,0.08728608858023816,20.626,26,106,222,890,8697,10313,465,0.106,0.222,0.89,0.42165228352564726
917,3.709500851775023e-06,0.896422650059632,0.08728253566530766,20.626,26,87,231,1022,8697,10313,452,0.087,0.231,1.022,0.42165228352564726
918,3.831926641587713e-06,0.8963665401143248,0.08742198514000785,20.626,26,97,222,690,8698,10313,448,0.097,0.222,0.69,0.4217007660234655
919,4.075318669600584e-06,0.8965214715813744,0.08716506171778246,20.626,26,90,223,933,8698,10313,447,0.09,0.223,0.933,0.4217007660234655
920,3.4604822618429783e-06,0.8965032608706861,0.08722758755939881,20.626,26,90,222,811,8698,10313,446,0.09,0.222,0.811,0.4217007660234655
921,3.930977546825241e-06,0.8964966464608994,0.08724793926191403,20.626,26,94,221,1070,8698,10313,448,0.094,0.221,1.07,0.4217007660234655
922,3.847668870466873e-06,0.8964615604597601,0.08724056451866771,20.626,26,80,233,1771,8699,10313,448,0.08,0.233,1.771,0.4217492485212838
923,3.892363894004328e-06,0.8963874130377455,0.0873941502498253,20.626,26,96,215,965,8699,10313,440,0.096,0.215,0.965,0.4217492485212838
924,4.294474367617235e-06,0.8965259786430142,0.08716234697951217,20.626,26,86,221,914,8699,10313,441,0.086,0.221,0.914,0.4217492485212838
925,3.4528403908022753e-06,0.8964967193333193,0.08723429741115692,20.626,26,91,220,867,8699,10313,445,0.091,0.22,0.867,0.4217492485212838
926,3.860594566543505e-06,0.8964814378680217,0.08725313209797105,20.626,26,102,216,1139,8699,10313,455,0.102,0.216,1.139,0.4217492485212838
927,3.7971239205178814e-06,0.896448743987761,0.08724206340606301,20.626,26,84,232,1842,8699,10313,450,0.084,0.232,1.842,0.4217492485212838
928,3.829328614394746e-06,0.8963866091348027,0.08739424822829601,20.626,26,97,216,924,8699,10313,442,0.097,0.216,0.924,0.4217492485212838
929,4.122677212489449e-06,0.8965294132379108,0.08716005654764215,20.626,26,90,225,984,8699,10313,449,0.09,0.225,0.984,0.4217492485212838
930,3.300925083131888e-06,0.8965086023819813,0.08722231003509556,20.626,26,90,224,819,8699,10313,448,0.09,0.224,0.819,0.4217492485212838
931,3.7801011821182004e-06,0.8964784989309181,0.08726610850648689,20.626,26,94,221,1290,8699,10313,448,0.094,0.221,1.29,0.4217492485212838
932,3.7828958684196325e-06,0.8964403041883767,0.08726460309907293,20.626,26,83,233,1197,8699,10313,450,0.083,0.233,1.197,0.4217492485212838
933,3.884498887445721e-06,0.8963793543728432,0.0874107718921168,20.626,26,96,219,767,8701,10313,444,0.096,0.219,0.767,0.42184621351692037
934,4.219804283796542e-06,0.8965225790074911,0.08716271015461258,20.626,26,87,221,965,8701,10313,442,0.087,0.221,0.965,0.42184621351692037
935,3.473296193847096e-06,0.8964965367399249,0.08723034198178135,20.626,26,90,219,811,8701,10313,443,0.09,0.219,0.811,0.42184621351692037
936,3.907558497263195e-06,0.8964931330233779,0.08725076877014129,20.626,26,102,213,1014,8701,10313,453,0.102,0.213,1.014,0.42184621351692037
937,3.864940636127736e-06,0.89645361665692,0.08724028663583813,20.626,26,84,234,1551,8701,10313,452,0.084,0.234,1.551,0.42184621351692037
938,3.8928861819695285e-06,0.8963790907107562,0.08739301925703126,20.626,26,97,212,1127,8701,10313,438,0.097,0.212,1.127,0.42184621351692037
939,4.156376264611196e-06,0.8965221377026794,0.087160885796323,20.626,26,88,224,904,8701,10313,446,0.088,0.224,0.904,0.42184621351692037
940,3.391244236679012e-06,0.8965047664713304,0.08723553358349118,20.626,26,90,221,798,8701,10313,445,0.09,0.221,0.798,0.42184621351692037
941,3.999534632142004e-06,0.8964898303957991,0.08725456222580985,20.626,26,93,207,1150,8701,10313,437,0.093,0.207,1.15,0.42184621351692037
942,3.810478621474125e-06,0.8964588289475637,0.08724377935456283,20.626,26,81,235,1734,8701,10313,450,0.081,0.235,1.734,0.42184621351692037
943,3.851970046330968e-06,0.8963877131369187,0.08739425801028769,20.626,26,98,217,806,8701,10313,444,0.098,0.217,0.806,0.42184621351692037
944,4.188060212751051e-06,0.8965207867585616,0.08715852659668835,20.626,26,88,222,994,8701,10313,444,0.088,0.222,0.994,0.42184621351692037
945,3.2654738280838675e-06,0.896503427213349,0.0872215978410855,20.626,26,93,226,810,8701,10313,453,0.093,0.226,0.81,0.42184621351692037
946,3.580978337924979e-06,0.896473789998485,0.08726570961219172,20.626,26,103,230,1159,8701,10313,466,0.103,0.23,1.159,0.42184621351692037
947,3.746445781207152e-06,0.8964462145782579,0.08726610476148766,20.626,26,86,228,1287,8701,10313,448,0.086,0.228,1.287,0.42184621351692037
948,3.896682726328172e-06,0.896387757305493,0.08741224227681749,20.626,26,95,214,882,8701,10313,438,0.095,0.214,0.882,0.42184621351692037
949,4.1533151643047405e-06,0.8965287469503287,0.08716354230771085,20.626,26,88,222,954,8701,10313,444,0.088,0.222,0.954,0.42184621351692037
950,3.4203215738940423e-06,0.8965025037493476,0.08723125487010229,20.626,26,89,220,795,8701,10313,443,0.089,0.22,0.795,0.42184621351692037
951,3.994329274982576e-06,0.8964918412408217,0.08725049150344358,20.626,26,93,206,1023,8702,10313,437,0.093,0.206,1.023,0.42189469601473867
952,3.832982869054973e-06,0.8964577213004727,0.08724120720624999,20.626,26,81,235,1473,8702,10313,450,0.081,0.235,1.473,0.42189469601473867
953,3.882408057146124e-06,0.8963865449558872,0.08739429508580071,20.626,26,97,218,1032,8702,10313,444,0.097,0.218,1.032,0.42189469601473867
954,4.215133837374674e-06,0.8965206691625474,0.08716043103385283,20.626,26,88,222,968,8702,10313,444,0.088,0.222,0.968,0.42189469601473867
955,3.2905045799165403e-06,0.8965049636477627,0.08722377310194405,20.626,26,92,222,823,8702,10313,448,0.092,0.222,0.823,0.42189469601473867
956,3.582229805329913e-06,0.8964775733405631,0.08726712608115597,20.626,26,102,231,1151,8702,10313,466,0.102,0.231,1.151,0.42189469601473867
957,3.7680490058633455e-06,0.8964469576796807,0.0872655645714394,20.626,26,87,229,1302,8702,10313,450,0.087,0.229,1.302,0.42189469601473867
958,3.92440116880747e-06,0.8963794711527822,0.08740951249773463,20.626,26,96,215,886,8702,10313,440,0.096,0.215,0.886,0.42189469601473867
959,4.133478464262964e-06,0.8965218702453573,0.08716148039962378,20.626,26,89,223,944,8702,10313,446,0.089,0.223,0.944,0.42189469601473867
960,3.4042126592796693e-06,0.8964984046506081,0.08723062130372423,20.626,26,89,220,799,8702,10313,443,0.089,0.22,0.799,0.42189469601473867
961,3.999181606736871e-06,0.8964926365591834,0.08725100667482207,20.626,26,93,206,1034,8702,10313,437,0.093,0.206,1.034,0.42189469601473867
962,3.849949973239097e-06,0.8964620401941368,0.08724221902199876,20.626,26,82,236,1481,8702,10313,452,0.082,0.236,1.481,0.42189469601473867
963,3.884455421304925e-06,0.8963835541222536,0.08739380546343944,20.626,26,99,216,1061,8703,10313,444,0.099,0.216,1.061,0.42194317851255697
964,4.213891715987752e-06,0.8965219798764327,0.08716054857069012,20.626,26,89,223,916,8703,10313,446,0.089,0.223,0.916,0.42194317851255697
965,3.333213249563927e-06,0.8965036950789179,0.0872224001054177,20.626,26,92,222,827,8703,10313,448,0.092,0.222,0.827,0.42194317851255697
966,3.661842401684922e-06,0.8964773772814786,0.08726630752116905,20.626,26,102,227,1070,8708,10313,462,0.102,0.227,1.07,0.42218559100164843
967,3.785080082252846e-06,0.8964426324562773,0.08726474035839529,20.626,26,86,230,1091,8708,10313,450,0.086,0.23,1.091,0.42218559100164843
968,3.825099042908653e-06,0.896377241803412,0.08740964071711314,20.626,26,97,220,872,8708,10313,446,0.097,0.22,0.872,0.42218559100164843
969,4.052377904417737e-06,0.8965194235466194,0.08716164099362003,20.626,26,91,226,985,8708,10313,451,0.091,0.226,0.985,0.42218559100164843
970,3.1547092056674025e-06,0.8965202026068348,0.08720413343696798,20.626,26,91,230,808,8708,10313,455,0.091,0.23,0.808,0.42218559100164843
971,3.6608494567561e-06,0.8964820957302259,0.08727005861148246,20.626,26,96,213,1085,8711,10313,447,0.096,0.213,1.085,0.4223310384951033
972,3.7526734143125073e-06,0.8964312344414862,0.0872800149836317,20.626,26,83,231,973,8713,10313,448,0.083,0.231,0.973,0.42242800349073983
973,3.8651049795111946e-06,0.8963678504269249,0.08742557880183124,20.626,26,97,216,751,8713,10313,442,0.097,0.216,0.751,0.42242800349073983
974,4.201386596161373e-06,0.8965162959566387,0.08716922674890548,20.626,26,87,217,996,8713,10313,438,0.087,0.217,0.996,0.42242800349073983
975,3.3459497567609766e-06,0.8965103017331433,0.08721398707970576,20.626,26,90,219,792,8713,10313,443,0.09,0.219,0.792,0.42242800349073983
976,3.6585719715268855e-06,0.8964956164983179,0.08725545522680901,20.626,26,100,229,1013,8713,10313,462,0.1,0.229,1.013,0.42242800349073983
977,3.854151138039396e-06,0.8964562302122281,0.08725780294043667,20.626,26,86,228,1061,8713,10313,448,0.086,0.228,1.061,0.42242800349073983
978,3.95086001507026e-06,0.8963723399183144,0.08740786174952046,20.626,26,96,213,864,8713,10313,438,0.096,0.213,0.864,0.42242800349073983
979,4.151854761859825e-06,0.8965124635417407,0.08716568761613269,20.626,26,91,219,908,8713,10313,444,0.091,0.219,0.908,0.42242800349073983
980,3.2020729296431303e-06,0.8965105439510652,0.08720768326699342,20.626,26,89,220,783,8713,10313,443,0.089,0.22,0.783,0.42242800349073983
981,3.6021426328568364e-06,0.8964787260011507,0.08727274413233681,20.626,26,94,212,1035,8713,10313,443,0.094,0.212,1.035,0.42242800349073983
982,3.739809155305204e-06,0.8964482217221855,0.08728304476097065,20.626,26,83,233,1299,8715,10313,450,0.083,0.233,1.299,0.42252496848637644
983,3.896087848954752e-06,0.8963752372453887,0.08742436679900442,20.626,26,97,218,763,8715,10313,444,0.097,0.218,0.763,0.42252496848637644
984,4.19101399194453e-06,0.8965146842370206,0.08716611331171147,20.626,26,90,215,936,8715,10313,439,0.09,0.215,0.936,0.42252496848637644
985,3.2728291706658687e-06,0.8965088701239231,0.0872003550593114,20.626,26,89,220,797,8715,10313,443,0.089,0.22,0.797,0.42252496848637644
986,3.540942283541685e-06,0.8964798211947194,0.08726691136957881,20.626,26,101,216,1029,8716,10313,455,0.101,0.216,1.029,0.4225734509841947
987,3.7221782238095484e-06,0.896437130306319,0.08727925844709952,20.626,26,83,224,1005,8716,10313,442,0.083,0.224,1.005,0.4225734509841947
988,3.868152055920528e-06,0.8963795873779504,0.08742728213196932,20.626,26,93,216,855,8716,10313,438,0.093,0.216,0.855,0.4225734509841947
989,4.1338968898657875e-06,0.8965272965023761,0.08717174237322295,20.626,26,89,224,984,8716,10313,447,0.089,0.224,0.984,0.4225734509841947
990,3.5028357574002702e-06,0.8965033558631496,0.08722181287754481,20.626,26,90,222,794,8716,10313,446,0.09,0.222,0.794,0.4225734509841947
991,3.963933991164297e-06,0.8964902468546009,0.08725921768876722,20.626,26,95,224,1066,8716,10313,452,0.095,0.224,1.066,0.4225734509841947
992,3.872737000090944e-06,0.8964414847335131,0.08725424728316605,20.626,26,83,237,1105,8716,10313,454,0.083,0.237,1.105,0.4225734509841947
993,3.831977994443067e-06,0.8963778220628329,0.08739185502327393,20.626,26,96,215,755,8716,10313,440,0.096,0.215,0.755,0.4225734509841947
994,4.1271515521671015e-06,0.8965139584418824,0.08717573918374688,20.626,26,89,219,961,8716,10313,442,0.089,0.219,0.961,0.4225734509841947
995,3.2026702783150626e-06,0.8965030063569154,0.08722744286460253,20.626,26,93,223,705,8716,10313,450,0.093,0.223,0.705,0.4225734509841947
996,3.501709637845792e-06,0.896463381900868,0.08728608883283329,20.626,26,106,222,890,8716,10313,465,0.106,0.222,0.89,0.4225734509841947
997,3.7095029190167606e-06,0.8964226402151808,0.08728253360288508,20.626,26,87,231,1022,8717,10313,452,0.087,0.231,1.022,0.422621933482013
998,3.831929871155257e-06,0.8963665269443903,0.08742198240865394,20.626,26,97,222,690,8717,10313,448,0.097,0.222,0.69,0.422621933482013
999,4.075318703133092e-06,0.8965214581424825,0.08716505895285027,20.626,26,90,223,933,8717,10313,447,0.09,0.223,0.933,0.422621933482013
1000,3.4604820081771003e-06,0.8965032475356715,0.08722758482165867,20.626,26,90,222,811,8717,10313,446,0.09,0.222,0.811,0.422621933482013
1001,3.93097752706298e-06,0.8964966333199944,0.08724793656367495,20.626,26,94,221,1070,8717,10313,448,0.094,0.221,1.07,0.422621933482013
1002,3.847668867650817e-06,0.8964615476044147,0.08724056187216132,20.626,26,80,233,1771,8718,10313,448,0.08,0.233,1.771,0.4226704159798313
1003,3.892363680084207e-06,0.8963874003996968,0.08739414763731293,20.626,26,96,215,965,8718,10313,440,0.096,0.215,0.965,0.4226704159798313
1004,4.294474371801574e-06,0.8965259659463031,0.0871623443542222,20.626,26,86,221,914,8718,10313,441,0.086,0.221,0.914,0.4226704159798313
1005,3.4528404783820803e-06,0.8964967065091707,0.08723429476138896,20.626,26,91,220,867,8718,10313,445,0.091,0.22,0.867,0.4226704159798313
1006,3.860594576684605e-06,0.896481424936406,0.08725312942963959,20.626,26,102,216,1139,8718,10313,455,0.102,0.216,1.139,0.4226704159798313
1007,3.797123911763039e-06,0.8964487310633709,0.0872420607418595,20.626,26,84,232,1842,8718,10313,450,0.084,0.232,1.842,0.4226704159798313
1008,3.8293285483618115e-06,0.8963865962934756,0.08739424557985924,20.626,26,97,216,924,8718,10313,442,0.097,0.216,0.924,0.4226704159798313
1009,4.122677213050476e-06,0.8965294004031034,0.08716005390342921,20.626,26,90,225,984,8718,10313,449,0.09,0.225,0.984,0.4226704159798313
1010,3.300925066453639e-06,0.8965085895942403,0.08722230739715968,20.626,26,90,224,819,8718,10313,448,0.09,0.224,0.819,0.4226704159798313
1011,3.7801011962986538e-06,0.8964784860918209,0.08726610585641247,20.626,26,94,221,1290,8719,10313,448,0.094,0.221,1.29,0.4227188984776496
1012,3.7828958711988763e-06,0.8964402913772614,0.08726460045390873,20.626,26,83,233,1197,8719,10313,450,0.083,0.233,1.197,0.4227188984776496
1013,3.884498796880507e-06,0.8963793416646334,0.08741076926741234,20.626,26,96,219,767,8719,10313,444,0.096,0.219,0.767,0.4227188984776496
1014,4.219804281092506e-06,0.8965225662949033,0.0871627075338502,20.626,26,87,221,965,8719,10313,442,0.087,0.221,0.965,0.4227188984776496
1015,3.473296182183405e-06,0.8964965240311419,0.08723033936057721,20.626,26,90,219,811,8719,10313,443,0.09,0.219,0.811,0.4227188984776496
1016,3.907558502570995e-06,0.896493120271083,0.08725076614046554,20.626,26,102,213,1014,8729,10313,453,0.102,0.213,1.014,0.42320372345583246
1017,3.8649406347873695e-06,0.8964536039780332,0.0872402840203232,20.626,26,84,234,1551,8729,10313,452,0.084,0.234,1.551,0.42320372345583246
1018,3.892886186884933e-06,0.8963790780317474,0.08739301663890373,20.626,26,97,212,1127,8729,10313,438,0.097,0.212,1.127,0.42320372345583246
1019,4.1563762737108406e-06,0.8965221249985701,0.08716088317671915,20.626,26,88,224,904,8729,10313,446,0.088,0.224,0.904,0.42320372345583246
1020,3.3912442293053415e-06,0.8965047537751275,0.08723553096442467,20.626,26,90,221,798,8729,10313,445,0.09,0.221,0.798,0.42320372345583246
1021,3.9995346461057725e-06,0.8964898176259307,0.08725455959206994,20.626,26,93,207,1150,8729,10313,437,0.093,0.207,1.15,0.42320372345583246
1022,3.810478614791428e-06,0.8964588162337802,0.08724377673208676,20.626,26,81,235,1734,8730,10313,450,0.081,0.235,1.734,0.4232522059536507
1023,3.851969930839035e-06,0.8963877005692578,0.08739425541581546,20.626,26,98,217,806,8730,10313,444,0.098,0.217,0.806,0.4232522059536507
1024,4.1880602148620945e-06,0.8965207741795691,0.0871585240033222,20.626,26,88,222,994,8730,10313,444,0.088,0.222,0.994,0.4232522059536507
1025,3.265473828655758e-06,0.8965034146246477,0.08722159524459887,20.626,26,93,226,810,8730,10313,453,0.093,0.226,0.81,0.4232522059536507
1026,3.5809783546229188e-06,0.8964737773197972,0.08726570699676173,20.626,26,103,230,1159,8730,10313,466,0.103,0.23,1.159,0.4232522059536507
1027,3.746445772476983e-06,0.8964462019527348,0.08726610215658057,20.626,26,86,228,1287,8730,10313,448,0.086,0.228,1.287,0.4232522059536507
1028,3.896682604656989e-06,0.8963877448130303,0.08741223969763437,20.626,26,95,214,882,8732,10313,438,0.095,0.214,0.882,0.4233491709492873
1029,4.153315166159957e-06,0.8965287344509799,0.08716353973093884,20.626,26,88,222,954,8732,10313,444,0.088,0.222,0.954,0.4233491709492873
1030,3.420321565041678e-06,0.8965024912576924,0.0872312522935302,20.626,26,89,220,795,8732,10313,443,0.089,0.22,0.795,0.4233491709492873
1031,3.99432929223739e-06,0.8964918286545661,0.08725048890787257,20.626,26,93,206,1023,8732,10313,437,0.093,0.206,1.023,0.4233491709492873
1032,3.832982865221739e-06,0.8964577087700467,0.08724120462176738,20.626,26,81,235,1473,8733,10313,450,0.081,0.235,1.473,0.4233976534471056
1033,3.882407924503468e-06,0.8963865325919266,0.0873942925336142,20.626,26,97,218,1032,8733,10313,444,0.097,0.218,1.032,0.4233976534471056
1034,4.215133824372648e-06,0.8965206568144979,0.08716042848841837,20.626,26,88,222,968,8733,10313,444,0.088,0.222,0.968,0.4233976534471056
1035,3.2905045744654475e-06,0.8965049513058303,0.08722377055670133,20.626,26,92,222,823,8733,10313,448,0.092,0.222,0.823,0.4233976534471056
1036,3.582229818276337e-06,0.8964775609202722,0.08726712351942933,20.626,26,102,231,1151,8733,10313,466,0.102,0.231,1.151,0.4233976534471056
1037,3.7680490014012195e-06,0.896446945308622,0.08726556201932649,20.626,26,87,229,1302,8733,10313,450,0.087,0.229,1.302,0.4233976534471056
1038,3.924401048244186e-06,0.8963794589247821,0.08740950997321258,20.626,26,96,215,886,8733,10313,440,0.096,0.215,0.886,0.4233976534471056
1039,4.1334784624924255e-06,0.8965218580160327,0.08716147787864216,20.626,26,89,223,944,8733,10313,446,0.089,0.223,0.944,0.4233976534471056
1040,3.4042126505424394e-06,0.8964983924266743,0.08723061878257257,20.626,26,89,220,799,8733,10313,443,0.089,0.22,0.799,0.4233976534471056
1041,3.999181620187055e-06,0.8964926242676327,0.08725100414039394,20.626,26,93,206,1034,8734,10313,437,0.093,0.206,1.034,0.42344613594492386
1042,3.849949250058045e-06,0.8964620340951918,0.08724221776690524,20.626,26,82,236,1481,8736,10313,452,0.082,0.236,1.481,0.42354310094056047
1043,3.884450494574631e-06,0.8963835540989363,0.08739380546339759,20.626,26,99,216,1061,8737,10313,444,0.099,0.216,1.061,0.42359158343837877
1044,4.21389054752108e-06,0.8965219817333352,0.08716054895594595,20.626,26,89,223,916,8738,10313,446,0.089,0.223,0.916,0.423640065936197
1045,3.333213308291956e-06,0.8965036970770074,0.08722240051461487,20.626,26,92,222,827,8738,10313,448,0.092,0.222,0.827,0.423640065936197
1046,3.661842533582896e-06,0.896477379255359,0.08726630792177287,20.626,26,102,227,1070,8739,10313,462,0.102,0.227,1.07,0.4236885484340153
1047,3.785080623925626e-06,0.8964426306912678,0.08726473998474679,20.626,26,86,230,1091,8739,10313,450,0.086,0.23,1.091,0.4236885484340153
1048,3.825102079952957e-06,0.8963772364366519,0.08740963960018908,20.626,26,97,220,872,8739,10313,446,0.097,0.22,0.872,0.4236885484340153
1049,4.052378633506983e-06,0.8965194171025357,0.08716163965954787,20.626,26,91,226,985,8739,10313,451,0.091,0.226,0.985,0.4236885484340153
1050,3.154709182790865e-06,0.8965201960935226,0.08720413209353858,20.626,26,91,230,808,8739,10313,455,0.091,0.23,0.808,0.4236885484340153
1051,3.6608494228918483e-06,0.8964820891667089,0.08727005726007316,20.626,26,96,213,1085,8739,10313,447,0.096,0.213,1.085,0.4236885484340153
1052,3.7526734565923707e-06,0.8964312278028747,0.0872800136164005,20.626,26,83,231,973,8739,10313,448,0.083,0.231,0.973,0.4236885484340153
1053,3.865104973474697e-06,0.896367843805891,0.08742557743466048,20.626,26,97,216,751,8739,10313,442,0.097,0.216,0.751,0.4236885484340153
1054,4.2013865843579084e-06,0.896516289338139,0.08716922538189799,20.626,26,87,217,996,8739,10313,438,0.087,0.217,0.996,0.4236885484340153
1055,3.3459497812008235e-06,0.8965102950914344,0.08721398570642713,20.626,26,90,219,792,8739,10313,443,0.09,0.219,0.792,0.4236885484340153
1056,3.658571994309075e-06,0.8964956097654185,0.08725545383473698,20.626,26,100,229,1013,8739,10313,462,0.1,0.229,1.013,0.4236885484340153
1057,3.8541511529852375e-06,0.896456223388022,0.08725780153016614,20.626,26,86,228,1061,8739,10313,448,0.086,0.228,1.061,0.4236885484340153
1058,3.950860032116314e-06,0.8963723330764949,0.08740786033565753,20.626,26,96,213,864,8739,10313,438,0.096,0.213,0.864,0.4236885484340153
1059,4.151854752775032e-06,0.8965124567136478,0.0871656862077259,20.626,26,91,219,908,8739,10313,444,0.091,0.219,0.908,0.4236885484340153
1060,3.2020729250837963e-06,0.8965105371370907,0.08720768186114199,20.626,26,89,220,783,8739,10313,443,0.089,0.22,0.783,0.4236885484340153
1061,3.602142648766029e-06,0.896478719126863,0.08727274271280387,20.626,26,94,212,1035,8739,10313,443,0.094,0.212,1.035,0.4236885484340153
1062,3.7398091684802414e-06,0.8964482148030561,0.08728304333102578,20.626,26,83,233,1299,8739,10313,450,0.083,0.233,1.299,0.4236885484340153
1063,3.8960878888697935e-06,0.8963752302830256,0.08742436535887622,20.626,26,97,218,763,8739,10313,444,0.097,0.218,0.763,0.4236885484340153
1064,4.191013994975705e-06,0.8965146772690555,0.08716611187279398,20.626,26,90,215,936,8739,10313,439,0.09,0.215,0.936,0.4236885484340153
1065,3.272829169715434e-06,0.8965088631599049,0.08720035362157363,20.626,26,89,220,797,8739,10313,443,0.089,0.22,0.797,0.4236885484340153
1066,3.5409422899712324e-06,0.8964798142076524,0.08726690992700203,20.626,26,101,216,1029,8739,10313,455,0.101,0.216,1.029,0.4236885484340153
1067,3.7221782644346016e-06,0.8964371231715572,0.08727925697336975,20.626,26,83,224,1005,8739,10313,442,0.083,0.224,1.005,0.4236885484340153
1068,3.868152050024633e-06,0.8963795802551144,0.08742728065952585,20.626,26,93,216,855,8739,10313,438,0.093,0.216,0.855,0.4236885484340153
1069,4.133896894376211e-06,0.8965272893735109,0.08717174090154774,20.626,26,89,224,984,8739,10313,447,0.089,0.224,0.984,0.4236885484340153
1070,3.5028357614258502e-06,0.896503348723396,0.0872218114031113,20.626,26,90,222,794,8739,10313,446,0.09,0.222,0.794,0.4236885484340153
1071,3.9639339316585535e-06,0.8964902417006726,0.08725921662462764,20.626,26,95,224,1066,8739,10313,452,0.095,0.224,1.066,0.4236885484340153
1072,3.872736746273863e-06,0.8964414814688519,0.08725424660916849,20.626,26,83,237,1105,8745,10313,454,0.083,0.237,1.105,0.42397944342092503
1073,3.831977471842025e-06,0.896377819380192,0.08739185446816061,20.626,26,96,215,755,8745,10313,440,0.096,0.215,0.755,0.42397944342092503
1074,4.127151553122688e-06,0.8965139558287961,0.08717573864227883,20.626,26,89,219,961,8745,10313,442,0.089,0.219,0.961,0.42397944342092503
1075,3.2026703177388923e-06,0.8965030037578313,0.08722744232463586,20.626,26,93,223,705,8745,10313,450,0.093,0.223,0.705,0.42397944342092503
1076,3.5017096564229525e-06,0.896463378091194,0.08728608804193007,20.626,26,106,222,890,8745,10313,465,0.106,0.222,0.89,0.42397944342092503
1077,3.7095031672824677e-06,0.8964226351278138,0.08728253254776529,20.626,26,87,231,1022,8745,10313,452,0.087,0.231,1.022,0.42397944342092503
1078,3.831930135372285e-06,0.8963665215964709,0.08742198130081165,20.626,26,97,222,690,8749,10313,448,0.097,0.222,0.69,0.4241733734121982
1079,4.075318715431556e-06,0.8965214527561608,0.08716505784033071,20.626,26,90,223,933,8749,10313,447,0.09,0.223,0.933,0.4241733734121982
1080,3.460481997215172e-06,0.8965032421335959,0.08722758370625408,20.626,26,90,222,811,8749,10313,446,0.09,0.222,0.811,0.4241733734121982
1081,3.930977533813485e-06,0.8964966279237808,0.0872479354495011,20.626,26,94,221,1070,8749,10313,448,0.094,0.221,1.07,0.4241733734121982
1082,3.847668900824427e-06,0.896461542098754,0.08724056073447982,20.626,26,80,233,1771,8752,10313,448,0.08,0.233,1.771,0.42431882090565304
1083,3.892363736318488e-06,0.896387394828713,0.08739414648445451,20.626,26,96,215,965,8752,10313,440,0.096,0.215,0.965,0.42431882090565304
1084,4.294474377123885e-06,0.8965259603635432,0.08716234320008442,20.626,26,86,221,914,8752,10313,441,0.086,0.221,0.914,0.42431882090565304
1085,3.452840488703654e-06,0.8964967009170878,0.08723429360516777,20.626,26,91,220,867,8752,10313,445,0.091,0.22,0.867,0.42431882090565304
1086,3.8605945795115036e-06,0.8964814193490247,0.08725312827457617,20.626,26,102,216,1139,8752,10313,455,0.102,0.216,1.139,0.42431882090565304
1087,3.79712392942171e-06,0.8964487254259687,0.08724205957643995,20.626,26,84,232,1842,8753,10313,450,0.084,0.232,1.842,0.42436730340347134
1088,3.829328602362951e-06,0.8963865905985674,0.08739424440186346,20.626,26,97,216,924,8753,10313,442,0.097,0.216,0.924,0.42436730340347134
1089,4.122677196303222e-06,0.8965293947439152,0.08716005273441939,20.626,26,90,225,984,8753,10313,449,0.09,0.225,0.984,0.42436730340347134
1090,3.3009250680561853e-06,0.8965085839400461,0.08722230622861264,20.626,26,90,224,819,8754,10313,448,0.09,0.224,0.819,0.42441578590128964
1091,3.7801012067114263e-06,0.8964784804085314,0.08726610468142817,20.626,26,94,221,1290,8754,10313,448,0.094,0.221,1.29,0.42441578590128964
1092,3.7828958965016533e-06,0.8964402856066106,0.0872645992604401,20.626,26,83,233,1197,8754,10313,450,0.083,0.233,1.197,0.42441578590128964
1093,3.88449888094656e-06,0.8963793358001003,0.08741076805387354,20.626,26,96,219,767,8754,10313,444,0.096,0.219,0.767,0.42441578590128964
1094,4.219804276364057e-06,0.8965225604402389,0.08716270632418946,20.626,26,87,221,965,8754,10313,442,0.087,0.221,0.965,0.42441578590128964
1095,3.4732961833534386e-06,0.8964965181797122,0.08723033815117433,20.626,26,90,219,811,8754,10313,443,0.09,0.219,0.811,0.42441578590128964
1096,3.907558504825286e-06,0.8964931144368166,0.08725076493463933,20.626,26,102,213,1014,8754,10313,453,0.102,0.213,1.014,0.42441578590128964
1097,3.864940661754057e-06,0.8964535980295955,0.08724028279043557,20.626,26,84,234,1551,8754,10313,452,0.084,0.234,1.551,0.42441578590128964
1098,3.892886196122707e-06,0.8963790720759819,0.08739301540656087,20.626,26,97,212,1127,8754,10313,438,0.097,0.212,1.127,0.42441578590128964
1099,4.156376275128319e-06,0.8965221190405869,0.08716088194566537,20.626,26,88,224,904,8754,10313,446,0.088,0.224,0.904,0.42441578590128964
1100,3.3912442307516053e-06,0.8965047478188254,0.08723552973338827,20.626,26,90,221,798,8754,10313,445,0.09,0.221,0.798,0.42441578590128964
1101,3.999534632813503e-06,0.8964898117467411,0.0872545583768919,20.626,26,93,207,1150,8754,10313,437,0.093,0.207,1.15,0.42441578590128964
1102,3.8104786492439782e-06,0.8964588102210367,0.08724377548896703,20.626,26,81,235,1734,8756,10313,450,0.081,0.235,1.734,0.4245127508969262
1103,3.851970020377603e-06,0.896387694450387,0.08739425414980212,20.626,26,98,217,806,8756,10313,444,0.098,0.217,0.806,0.4245127508969262
1104,4.188060227083324e-06,0.8965207680410906,0.08715852273490318,20.626,26,88,222,994,8756,10313,444,0.088,0.222,0.994,0.4245127508969262
1105,3.2654738434983523e-06,0.8965034084526731,0.0872215939689004,20.626,26,93,226,810,8756,10313,453,0.093,0.226,0.81,0.4245127508969262
1106,3.5809783442159374e-06,0.8964737712363128,0.08726570573904871,20.626,26,103,230,1159,8756,10313,466,0.103,0.23,1.159,0.4245127508969262
1107,3.7464457820154894e-06,0.8964461958652289,0.0872661008977625,20.626,26,86,228,1287,8756,10313,448,0.086,0.228,1.287,0.4245127508969262
1108,3.896682657165117e-06,0.8963877386722937,0.08741223842704537,20.626,26,95,214,882,8758,10313,438,0.095,0.214,0.882,0.4246097158925628
1109,4.153315167596236e-06,0.8965287283089752,0.08716353846186453,20.626,26,88,222,954,8758,10313,444,0.088,0.222,0.954,0.4246097158925628
1110,3.4203215659339058e-06,0.8965024851183515,0.08723125102453505,20.626,26,89,220,795,8758,10313,443,0.089,0.22,0.795,0.4246097158925628
1111,3.994329272998023e-06,0.8964918226302138,0.08725048766259431,20.626,26,93,206,1023,8758,10313,437,0.093,0.206,1.023,0.4246097158925628
1112,3.8329829009147174e-06,0.8964577026073717,0.08724120334750161,20.626,26,81,235,1473,8758,10313,450,0.081,0.235,1.473,0.4246097158925628
1113,3.882407991070946e-06,0.8963865263513928,0.08739429124230216,20.626,26,97,218,1032,8758,10313,444,0.097,0.218,1.032,0.4246097158925628
1114,4.215133797408844e-06,0.8965206506298604,0.08716042721036583,20.626,26,88,222,968,8759,10313,444,0.088,0.222,0.968,0.42465819839038105
1115,3.2905045756756645e-06,0.8965049451288759,0.08722376927990583,20.626,26,92,222,823,8759,10313,448,0.092,0.222,0.823,0.42465819839038105
1116,3.5822298162430103e-06,0.8964775547886378,0.0872671222516932,20.626,26,102,231,1151,8759,10313,466,0.102,0.231,1.151,0.42465819839038105
1117,3.76804900867173e-06,0.8964469391804102,0.08726556075196672,20.626,26,87,229,1302,8761,10313,450,0.087,0.229,1.302,0.42475516338601765
1118,3.924401120726233e-06,0.896379452716811,0.08740950868846517,20.626,26,96,215,886,8763,10313,440,0.096,0.215,0.886,0.4248521283816542
1119,4.133478464727982e-06,0.8965218518050475,0.08716147659508584,20.626,26,89,223,944,8763,10313,446,0.089,0.223,0.944,0.4248521283816542
1120,3.404212651610487e-06,0.8964983862176852,0.08723061749900536,20.626,26,89,220,799,8763,10313,443,0.089,0.22,0.799,0.4248521283816542
1121,3.999181603796883e-06,0.8964926181500118,0.08725100287572161,20.626,26,93,206,1034,8763,10313,437,0.093,0.206,1.034,0.4248521283816542
1122,3.849949209919749e-06,0.8964620284582109,0.08724221660119187,20.626,26,82,236,1481,8763,10313,452,0.082,0.236,1.481,0.4248521283816542
1123,3.884450043442481e-06,0.8963835490248924,0.0873938044131463,20.626,26,99,216,1061,8763,10313,444,0.099,0.216,1.061,0.4248521283816542
1124,4.2138904152329045e-06,0.8965219768811749,0.08716054795261793,20.626,26,89,223,916,8763,10313,446,0.089,0.223,0.916,0.4248521283816542
1125,3.3332133248314e-06,0.8965036922189065,0.08722239950926877,20.626,26,92,222,827,8763,10313,448,0.092,0.222,0.827,0.4248521283816542
1126,3.6618425450916577e-06,0.8964773744527816,0.08726630692725701,20.626,26,102,227,1070,8763,10313,462,0.102,0.227,1.07,0.4248521283816542
1127,3.7850807170557524e-06,0.8964426253410813,0.08726473887650558,20.626,26,86,230,1091,8766,10313,450,0.086,0.23,1.091,0.4249975758751091
1128,3.825102241607336e-06,0.8963772309013692,0.08740963845323813,20.626,26,97,220,872,8769,10313,446,0.097,0.22,0.872,0.42514302336856397
1129,4.05237868616624e-06,0.8965194115012994,0.08716163850095736,20.626,26,91,226,985,8770,10313,451,0.091,0.226,0.985,0.4251915058663822
1130,3.154709182676844e-06,0.8965201904880586,0.08720413093453618,20.626,26,91,230,808,8770,10313,455,0.091,0.23,0.808,0.4251915058663822
1131,3.660849417525174e-06,0.8964820836563863,0.08727005612059834,20.626,26,96,213,1085,8770,10313,447,0.096,0.213,1.085,0.4251915058663822
1132,3.752673488835695e-06,0.8964312221472556,0.08728001244633214,20.626,26,83,231,973,8770,10313,448,0.083,0.231,0.973,0.4251915058663822
1133,3.865104870098066e-06,0.8963678382786435,0.0874255762902084,20.626,26,97,216,751,8770,10313,442,0.097,0.216,0.751,0.4251915058663822
1134,4.2013865990091966e-06,0.8965162837895553,0.08716922423443521,20.626,26,87,217,996,8770,10313,438,0.087,0.217,0.996,0.4251915058663822
1135,3.3459497872280876e-06,0.8965102895416543,0.08721398455845449,20.626,26,90,219,792,8770,10313,443,0.09,0.219,0.792,0.4251915058663822
1136,3.6585719909723123e-06,0.8964956042754773,0.08725545269897841,20.626,26,100,229,1013,8770,10313,462,0.1,0.229,1.013,0.4251915058663822
1137,3.8541511583487145e-06,0.8964562179057105,0.08725780039570427,20.626,26,86,228,1061,8771,10313,448,0.086,0.228,1.061,0.4252399883642005
1138,3.950860071230355e-06,0.8963723275532657,0.0874078591919338,20.626,26,96,213,864,8771,10313,438,0.096,0.213,0.864,0.4252399883642005
1139,4.151854754399776e-06,0.8965124511903204,0.08716568506561154,20.626,26,91,219,908,8771,10313,444,0.091,0.219,0.908,0.4252399883642005
1140,3.2020729263226764e-06,0.8965105316170088,0.08720768071959292,20.626,26,89,220,783,8771,10313,443,0.089,0.22,0.783,0.4252399883642005
1141,3.6021426355743997e-06,0.8964787137015863,0.08727274159041776,20.626,26,94,212,1035,8771,10313,443,0.094,0.212,1.035,0.4252399883642005
1142,3.739809143946182e-06,0.8964482095721619,0.0872830422484979,20.626,26,83,233,1299,8771,10313,450,0.083,0.233,1.299,0.4252399883642005
1143,3.89608799151371e-06,0.8963752249318961,0.08742436425065127,20.626,26,97,218,763,8771,10313,444,0.097,0.218,0.763,0.4252399883642005
1144,4.191013997515125e-06,0.8965146719155901,0.08716611076562342,20.626,26,90,215,936,8771,10313,439,0.09,0.215,0.936,0.4252399883642005
1145,3.272829171718383e-06,0.8965088578094623,0.0872003525149672,20.626,26,89,220,797,8771,10313,443,0.089,0.22,0.797,0.4252399883642005
1146,3.5409422853481287e-06,0.8964798089334297,0.08726690883586849,20.626,26,101,216,1029,8771,10313,455,0.101,0.216,1.029,0.4252399883642005
1147,3.7221782909287944e-06,0.8964371178107793,0.0872792558638744,20.626,26,83,224,1005,8771,10313,442,0.083,0.224,1.005,0.4252399883642005
1148,3.868152036346396e-06,0.8963795749173454,0.08742727955415097,20.626,26,93,216,855,8771,10313,438,0.093,0.216,0.855,0.4252399883642005
1149,4.133896896435788e-06,0.8965272840403298,0.08717173979868348,20.626,26,89,224,984,8771,10313,447,0.089,0.224,0.984,0.4252399883642005
1150,3.502835771279897e-06,0.8965033433742272,0.08722181029663173,20.626,26,90,222,794,8771,10313,446,0.09,0.222,0.794,0.4252399883642005
1151,3.963933920832948e-06,0.8964902366273846,0.08725921557503277,20.626,26,95,224,1066,8771,10313,452,0.095,0.224,1.066,0.4252399883642005
1152,3.872736714244702e-06,0.8964414766473499,0.0872542456111588,20.626,26,83,237,1105,8771,10313,454,0.083,0.237,1.105,0.4252399883642005
1153,3.831977442330754e-06,0.8963778145932633,0.0873918534765674,20.626,26,96,215,755,8771,10313,440,0.096,0.215,0.755,0.4252399883642005
1154,4.127151505408754e-06,0.8965139511513674,0.08717573767448625,20.626,26,89,219,961,8771,10313,442,0.089,0.219,0.961,0.4252399883642005
1155,3.202670322676524e-06,0.8965029990855169,0.08722744135762768,20.626,26,93,223,705,8771,10313,450,0.093,0.223,0.705,0.4252399883642005
1156,3.5017096574888e-06,0.8964633733586395,0.08728608706203946,20.626,26,106,222,890,8771,10313,465,0.106,0.222,0.89,0.4252399883642005
1157,3.709503162472036e-06,0.8964226304369943,0.08728253157620763,20.626,26,87,231,1022,8771,10313,452,0.087,0.231,1.022,0.4252399883642005
1158,3.8319300097199446e-06,0.8963665170592839,0.08742198036075242,20.626,26,97,222,690,8772,10313,448,0.097,0.222,0.69,0.4252884708620188
1159,4.0753187398077e-06,0.8965214481819728,0.08716505689417701,20.626,26,90,223,933,8772,10313,447,0.09,0.223,0.933,0.4252884708620188
1160,3.4604820238618635e-06,0.8965032375036989,0.08722758274844147,20.626,26,90,222,811,8773,10313,446,0.09,0.222,0.811,0.4253369533598371
1161,3.9309775310748464e-06,0.8964966233330356,0.08724793449972025,20.626,26,94,221,1070,8773,10313,448,0.094,0.221,1.07,0.4253369533598371
1162,3.847668905288073e-06,0.8964615375141007,0.08724055978561193,20.626,26,80,233,1771,8773,10313,448,0.08,0.233,1.771,0.4253369533598371
1163,3.8923636936239775e-06,0.8963873902992211,0.08739414554627242,20.626,26,96,215,965,8773,10313,440,0.096,0.215,0.965,0.4253369533598371
1164,4.294474379657863e-06,0.8965259558328217,0.08716234226286462,20.626,26,86,221,914,8773,10313,441,0.086,0.221,0.914,0.4253369533598371
1165,3.4528404907181356e-06,0.8964966963887971,0.08723429266816896,20.626,26,91,220,867,8773,10313,445,0.091,0.22,0.867,0.4253369533598371
1166,3.860594575153896e-06,0.8964814148675727,0.08725312734712563,20.626,26,102,216,1139,8773,10313,455,0.102,0.216,1.139,0.4253369533598371
1167,3.797123862087628e-06,0.8964487212588049,0.08724205871381246,20.626,26,84,232,1842,8773,10313,450,0.084,0.232,1.842,0.4253369533598371
1168,3.829328550586392e-06,0.8963865864934217,0.08739424355158568,20.626,26,97,216,924,8773,10313,442,0.097,0.216,0.924,0.4253369533598371
1169,4.122677125220069e-06,0.8965293907796368,0.08716005191444194,20.626,26,90,225,984,8773,10313,449,0.09,0.225,0.984,0.4253369533598371
1170,3.3009250571192366e-06,0.8965085800212912,0.08722230541783149,20.626,26,90,224,819,8773,10313,448,0.09,0.224,0.819,0.4253369533598371
1171,3.7801012173010314e-06,0.896478476453792,0.0872661038629147,20.626,26,94,221,1290,8777,10313,448,0.094,0.221,1.29,0.4255308833511102
1172,3.7828958589072204e-06,0.8964402818552653,0.08726459848373662,20.626,26,83,233,1197,8777,10313,450,0.083,0.233,1.197,0.4255308833511102
1173,3.884498877948451e-06,0.8963793320551042,0.08741076727804047,20.626,26,96,219,767,8778,10313,444,0.096,0.219,0.767,0.4255793658489285
1174,4.2198042433260866e-06,0.8965225567557096,0.08716270556194664,20.626,26,87,221,965,8783,10313,442,0.087,0.221,0.965,0.42582177833802
1175,3.473296183661306e-06,0.8964965144998891,0.08723033738969341,20.626,26,90,219,811,8783,10313,443,0.09,0.219,0.811,0.42582177833802
1176,3.907558500320653e-06,0.8964931108058157,0.08725076418321293,20.626,26,102,213,1014,8783,10313,453,0.102,0.213,1.014,0.42582177833802
1177,3.864940642624261e-06,0.8964535945261819,0.08724028206513881,20.626,26,84,234,1551,8786,10313,452,0.084,0.234,1.551,0.42596722583147484
1178,3.892886200831405e-06,0.8963790685698003,0.08739301468016497,20.626,26,97,212,1127,8786,10313,438,0.097,0.212,1.127,0.42596722583147484
1179,4.156376275369952e-06,0.8965221155347487,0.08716088122033461,20.626,26,88,224,904,8786,10313,446,0.088,0.224,0.904,0.42596722583147484
1180,3.3912442315300028e-06,0.8965047443151681,0.08723552900835882,20.626,26,90,221,798,8786,10313,445,0.09,0.221,0.798,0.42596722583147484
1181,3.999534633429362e-06,0.8964898082553145,0.08725455765427481,20.626,26,93,207,1150,8786,10313,437,0.093,0.207,1.15,0.42596722583147484
1182,3.8104786291281362e-06,0.8964588068443858,0.08724377478991466,20.626,26,81,235,1734,8787,10313,450,0.081,0.235,1.734,0.42601570832929314
1183,3.851969931469337e-06,0.8963876911848111,0.0873942534733061,20.626,26,98,217,806,8787,10313,444,0.098,0.217,0.806,0.42601570832929314
1184,4.188060245581748e-06,0.8965207647425594,0.08715852205246534,20.626,26,88,222,994,8788,10313,444,0.088,0.222,0.994,0.4260641908271114
1185,3.265473867471101e-06,0.8965034050882341,0.08722159327269077,20.626,26,93,226,810,8788,10313,453,0.093,0.226,0.81,0.4260641908271114
1186,3.5809783483645608e-06,0.8964737678694091,0.08726570504212344,20.626,26,103,230,1159,8788,10313,466,0.103,0.23,1.159,0.4260641908271114
1187,3.7464456665598423e-06,0.8964461929511789,0.08726610029444717,20.626,26,86,228,1287,8788,10313,448,0.086,0.228,1.287,0.4260641908271114
1188,3.896682509185805e-06,0.8963877359213683,0.08741223785721128,20.626,26,95,214,882,8788,10313,438,0.095,0.214,0.882,0.4260641908271114
1189,4.153315166988161e-06,0.8965287255601752,0.0871635378932579,20.626,26,88,222,954,8788,10313,444,0.088,0.222,0.954,0.4260641908271114
1190,3.420321564340089e-06,0.8965024823765311,0.08723125045721587,20.626,26,89,220,795,8788,10313,443,0.089,0.22,0.795,0.4260641908271114
1191,3.994329276757226e-06,0.8964918198874805,0.08725048709500925,20.626,26,93,206,1023,8788,10313,437,0.093,0.206,1.023,0.4260641908271114
1192,3.8329828998516386e-06,0.8964576998846269,0.08724120278386377,20.626,26,81,235,1473,8788,10313,450,0.081,0.235,1.473,0.4260641908271114
1193,3.8824079358155e-06,0.8963865236980011,0.08739429069265804,20.626,26,97,218,1032,8788,10313,444,0.097,0.218,1.032,0.4260641908271114
1194,4.215133686380377e-06,0.8965206481918244,0.08716042670598753,20.626,26,88,222,968,8788,10313,444,0.088,0.222,0.968,0.4260641908271114
1195,3.2905045547567052e-06,0.896504942758218,0.08722376878937312,20.626,26,92,222,823,8791,10313,448,0.092,0.222,0.823,0.4262096383205663
1196,3.582229844071154e-06,0.8964775522742309,0.08726712173124714,20.626,26,102,231,1151,8791,10313,466,0.102,0.231,1.151,0.4262096383205663
1197,3.7680489357152646e-06,0.8964469370456319,0.08726556030997072,20.626,26,87,229,1302,8791,10313,450,0.087,0.229,1.302,0.4262096383205663
1198,3.924401006306783e-06,0.8963794507151683,0.08740950827378118,20.626,26,96,215,886,8791,10313,440,0.096,0.215,0.886,0.4262096383205663
1199,4.133478465399558e-06,0.8965218498013683,0.08716147618056383,20.626,26,89,223,944,8791,10313,446,0.089,0.223,0.944,0.4262096383205663
1200,3.4042126509240137e-06,0.8964983842182195,0.08723061708526719,20.626,26,89,220,799,8791,10313,443,0.089,0.22,0.799,0.4262096383205663
1201,3.999181607360467e-06,0.896492616146562,0.08725100246114462,20.626,26,93,206,1034,8791,10313,437,0.093,0.206,1.034,0.4262096383205663
1202,3.849949188228966e-06,0.8964620265916541,0.08724221621482493,20.626,26,82,236,1481,8791,10313,452,0.082,0.236,1.481,0.4262096383205663
1203,3.884449868529375e-06,0.8963835473699882,0.08739380407030627,20.626,26,99,216,1061,8792,10313,444,0.099,0.216,1.061,0.42625812081838454
1204,4.213890368262263e-06,0.896521975315095,0.0871605476285503,20.626,26,89,223,916,8793,10313,446,0.089,0.223,0.916,0.42630660331620285
1205,3.333213328687544e-06,0.8965036906425712,0.08722239918294207,20.626,26,92,222,827,8796,10313,448,0.092,0.222,0.827,0.4264520508096577
1206,3.6618425591729774e-06,0.896477372798249,0.08726630658460102,20.626,26,102,227,1070,8799,10313,462,0.102,0.227,1.07,0.42659749830311255
1207,3.7850806450090996e-06,0.8964426240565936,0.08726473861038823,20.626,26,86,230,1091,8799,10313,450,0.086,0.23,1.091,0.42659749830311255
1208,3.825102175741422e-06,0.8963772296934239,0.08740963820287652,20.626,26,97,220,872,8799,10313,446,0.097,0.22,0.872,0.42659749830311255
1209,4.0523786006003454e-06,0.8965194104461663,0.08716163828259954,20.626,26,91,226,985,8799,10313,451,0.091,0.226,0.985,0.42659749830311255
1210,3.1547091791551396e-06,0.8965201894391572,0.0872041307175017,20.626,26,91,230,808,8799,10313,455,0.091,0.23,0.808,0.42659749830311255
1211,3.6608494178333506e-06,0.8964820826014204,0.08727005590222703,20.626,26,96,213,1085,8799,10313,447,0.096,0.213,1.085,0.42659749830311255
1212,3.752673465877273e-06,0.8964312212420159,0.0872800122588584,20.626,26,83,231,973,8799,10313,448,0.083,0.231,0.973,0.42659749830311255
1213,3.865104885389158e-06,0.8963678373577102,0.0874255760993561,20.626,26,97,216,751,8799,10313,442,0.097,0.216,0.751,0.42659749830311255
1214,4.201386637696897e-06,0.8965162828042248,0.08716922403052194,20.626,26,87,217,996,8802,10313,438,0.087,0.217,0.996,0.42674294579656746
1215,3.345949786849706e-06,0.8965102885556104,0.08721398435436575,20.626,26,90,219,792,8802,10313,443,0.09,0.219,0.792,0.42674294579656746
1216,3.6585720059049196e-06,0.8964956032037631,0.08725545247713855,20.626,26,100,229,1013,8802,10313,462,0.1,0.229,1.013,0.42674294579656746
1217,3.854151143738179e-06,0.8964562169579019,0.08725780019946322,20.626,26,86,228,1061,8803,10313,448,0.086,0.228,1.061,0.4267914282943857
1218,3.950860012930252e-06,0.8963723266776271,0.08740785901052038,20.626,26,96,213,864,8803,10313,438,0.096,0.213,0.864,0.4267914282943857
1219,4.151854753681024e-06,0.8965124503158253,0.08716568488469223,20.626,26,91,219,908,8803,10313,444,0.091,0.219,0.908,0.4267914282943857
1220,3.2020729257762627e-06,0.8965105307450678,0.08720768053918644,20.626,26,89,220,783,8803,10313,443,0.089,0.22,0.783,0.4267914282943857
1221,3.6021426395309037e-06,0.89647871281508,0.08727274140693017,20.626,26,94,212,1035,8803,10313,443,0.094,0.212,1.035,0.4267914282943857
1222,3.739809152116998e-06,0.8964482086461799,0.08728304205678047,20.626,26,83,233,1299,8803,10313,450,0.083,0.233,1.299,0.4267914282943857
1223,3.896087999335969e-06,0.8963752239971289,0.08742436405698785,20.626,26,97,218,763,8803,10313,444,0.097,0.218,0.763,0.4267914282943857
1224,4.191013998890759e-06,0.8965146709793196,0.08716611057191323,20.626,26,90,215,936,8803,10313,439,0.09,0.215,0.936,0.4267914282943857
1225,3.272829172040059e-06,0.896508856873983,0.08720035232140512,20.626,26,89,220,797,8803,10313,443,0.089,0.22,0.797,0.4267914282943857
1226,3.54094228787952e-06,0.8964798079858975,0.08726690863975577,20.626,26,101,216,1029,8803,10313,455,0.101,0.216,1.029,0.4267914282943857
1227,3.7221782738374784e-06,0.8964371169399158,0.08727925568356983,20.626,26,83,224,1005,8803,10313,442,0.083,0.224,1.005,0.4267914282943857
1228,3.868152019482314e-06,0.8963795740666806,0.08742727937794188,20.626,26,93,216,855,8803,10313,438,0.093,0.216,0.855,0.4267914282943857
1229,4.1338968737378465e-06,0.896527283229156,0.08717173963089495,20.626,26,89,224,984,8803,10313,447,0.089,0.224,0.984,0.4267914282943857
1230,3.502835779512458e-06,0.8965033425385127,0.08722181012371111,20.626,26,90,222,794,8803,10313,446,0.09,0.222,0.794,0.4267914282943857
1231,3.9639339182170936e-06,0.8964902358068246,0.08725921540521714,20.626,26,95,224,1066,8804,10313,452,0.095,0.224,1.066,0.426839910792204
1232,3.872736715144312e-06,0.8964414758065845,0.08725424543707319,20.626,26,83,237,1105,8804,10313,454,0.083,0.237,1.105,0.426839910792204
1233,3.831977464218544e-06,0.8963778137266113,0.08739185329701056,20.626,26,96,215,755,8804,10313,440,0.096,0.215,0.755,0.426839910792204
1234,4.127151383236053e-06,0.8965139505347028,0.08717573754688811,20.626,26,89,219,961,8804,10313,442,0.089,0.219,0.961,0.426839910792204
1235,3.2026703175537906e-06,0.8965029984737388,0.08722744123101181,20.626,26,93,223,705,8804,10313,450,0.093,0.223,0.705,0.426839910792204
1236,3.501709656204621e-06,0.8964633727474391,0.0872860869354742,20.626,26,106,222,890,8804,10313,465,0.106,0.222,0.89,0.426839910792204
1237,3.7095031458271185e-06,0.8964226299071838,0.08728253146644627,20.626,26,87,231,1022,8804,10313,452,0.087,0.231,1.022,0.426839910792204
1238,3.831930012230739e-06,0.8963665165279303,0.08742198025061927,20.626,26,97,222,690,8804,10313,448,0.097,0.222,0.69,0.426839910792204
1239,4.075318792971833e-06,0.8965214475586348,0.08716505676519,20.626,26,90,223,933,8804,10313,447,0.09,0.223,0.933,0.426839910792204
1240,3.4604820932985333e-06,0.8965032367252941,0.0872275825873472,20.626,26,90,222,811,8804,10313,446,0.09,0.222,0.811,0.426839910792204
1241,3.930977547675036e-06,0.896496622491848,0.0872479343256481,20.626,26,94,221,1070,8804,10313,448,0.094,0.221,1.07,0.426839910792204
1242,3.8476689222274395e-06,0.8964615365915062,0.08724055959467868,20.626,26,80,233,1771,8804,10313,448,0.08,0.233,1.771,0.426839910792204
1243,3.892363661545996e-06,0.8963873894136254,0.08739414536290549,20.626,26,96,215,965,8804,10313,440,0.096,0.215,0.965,0.426839910792204
1244,4.294474380061929e-06,0.8965259549472674,0.08716234207976463,20.626,26,86,221,914,8804,10313,441,0.086,0.221,0.914,0.426839910792204
1245,3.452840490303035e-06,0.8964966955056461,0.08723429248549569,20.626,26,91,220,867,8804,10313,445,0.091,0.22,0.867,0.426839910792204
1246,3.860594578795485e-06,0.8964814139704644,0.08725312716150918,20.626,26,102,216,1139,8805,10313,455,0.102,0.216,1.139,0.4268883932900223
1247,3.79712388724842e-06,0.8964487202624583,0.08724205850757576,20.626,26,84,232,1842,8805,10313,450,0.084,0.232,1.842,0.4268883932900223
1248,3.8293285905876525e-06,0.8963865854523865,0.08739424333597777,20.626,26,97,216,924,8805,10313,442,0.097,0.216,0.924,0.4268883932900223
1249,4.12267697480657e-06,0.8965293900243919,0.08716005175826641,20.626,26,90,225,984,8808,10313,449,0.09,0.225,0.984,0.42703384078347717
1250,3.300925027302585e-06,0.896508579351973,0.08722230527938706,20.626,26,90,224,819,8808,10313,448,0.09,0.224,0.819,0.42703384078347717
1251,3.78010124825394e-06,0.8964784755905778,0.08726610368425597,20.626,26,94,221,1290,8808,10313,448,0.094,0.221,1.29,0.42703384078347717
1252,3.7828958772385855e-06,0.8964402809148607,0.08726459828901266,20.626,26,83,233,1197,8808,10313,450,0.083,0.233,1.197,0.42703384078347717
1253,3.884498893460359e-06,0.8963793310947342,0.08741076707907686,20.626,26,96,219,767,8809,10313,444,0.096,0.219,0.767,0.4270823232812955
1254,4.219804208632388e-06,0.8965225558539525,0.08716270537540315,20.626,26,87,221,965,8809,10313,442,0.087,0.221,0.965,0.4270823232812955
1255,3.473296182248686e-06,0.8964965135976477,0.08723033720300517,20.626,26,90,219,811,8809,10313,443,0.09,0.219,0.811,0.4270823232812955
1256,3.907558504012417e-06,0.8964931098868036,0.08725076399304814,20.626,26,102,213,1014,8809,10313,453,0.102,0.213,1.014,0.4270823232812955
1257,3.864940642816707e-06,0.8964535936155316,0.08724028187664433,20.626,26,84,234,1551,8809,10313,452,0.084,0.234,1.551,0.4270823232812955
1258,3.892886200032075e-06,0.8963790676600515,0.08739301449172496,20.626,26,97,212,1127,8809,10313,438,0.097,0.212,1.127,0.4270823232812955
1259,4.1563762743980376e-06,0.8965221146258675,0.08716088103233013,20.626,26,88,224,904,8809,10313,446,0.088,0.224,0.904,0.4270823232812955
1260,3.3912442320427834e-06,0.8965047434065377,0.08723552882035723,20.626,26,90,221,798,8809,10313,445,0.09,0.221,0.798,0.4270823232812955
1261,3.999534639865612e-06,0.8964898073256634,0.08725455746188732,20.626,26,93,207,1150,8809,10313,437,0.093,0.207,1.15,0.4270823232812955
1262,3.8104786567127497e-06,0.8964588057925996,0.0872437745722026,20.626,26,81,235,1734,8810,10313,450,0.081,0.235,1.734,0.4271308057791137
1263,3.851969899649944e-06,0.896387690172826,0.08739425326370964,20.626,26,98,217,806,8810,10313,444,0.098,0.217,0.806,0.4271308057791137
1264,4.188060281186036e-06,0.8965207636561097,0.0871585218277515,20.626,26,88,222,994,8810,10313,444,0.088,0.222,0.994,0.4271308057791137
1265,3.2654739055976953e-06,0.8965034038776526,0.0872215930222331,20.626,26,93,226,810,8810,10313,453,0.093,0.226,0.81,0.4271308057791137
1266,3.5809783588582732e-06,0.8964737666171777,0.08726570478297097,20.626,26,103,230,1159,8810,10313,466,0.103,0.23,1.159,0.4271308057791137
1267,3.746445714633396e-06,0.8964461915226946,0.08726609999876107,20.626,26,86,228,1287,8810,10313,448,0.086,0.228,1.287,0.4271308057791137
1268,3.8966825304379154e-06,0.8963877344690171,0.08741223755644441,20.626,26,95,214,882,8810,10313,438,0.095,0.214,0.882,0.4271308057791137
1269,4.153315170930327e-06,0.8965287241025653,0.08716353759183063,20.626,26,88,222,954,8810,10313,444,0.088,0.222,0.954,0.4271308057791137
1270,3.4203215651559136e-06,0.8965024809185339,0.08723125015562432,20.626,26,89,220,795,8810,10313,443,0.089,0.22,0.795,0.4271308057791137
1271,3.994329283271887e-06,0.8964918184084469,0.0872504867890149,20.626,26,93,206,1023,8810,10313,437,0.093,0.206,1.023,0.4271308057791137
1272,3.832982890703618e-06,0.8964576984603919,0.08724120248911475,20.626,26,81,235,1473,8810,10313,450,0.081,0.235,1.473,0.4271308057791137
1273,3.882407850520324e-06,0.8963865223785681,0.08739429041943415,20.626,26,97,218,1032,8810,10313,444,0.097,0.218,1.032,0.4271308057791137
1274,4.2151335559143386e-06,0.8965206471193871,0.08716042648423056,20.626,26,88,222,968,8810,10313,444,0.088,0.222,0.968,0.4271308057791137
1275,3.290504526957718e-06,0.8965049417635506,0.08722376858364297,20.626,26,92,222,823,8810,10313,448,0.092,0.222,0.823,0.4271308057791137
1276,3.5822298745466195e-06,0.8964775511162545,0.08726712149161095,20.626,26,102,231,1151,8810,10313,466,0.102,0.231,1.151,0.4271308057791137
1277,3.7680489883796237e-06,0.896446935639542,0.08726556001887195,20.626,26,87,229,1302,8810,10313,450,0.087,0.229,1.302,0.4271308057791137
1278,3.924401037772636e-06,0.8963794492710155,0.08740950797461666,20.626,26,96,215,886,8810,10313,440,0.096,0.215,0.886,0.4271308057791137
1279,4.133478471395552e-06,0.8965218483464301,0.08716147587959804,20.626,26,89,223,944,8810,10313,446,0.089,0.223,0.944,0.4271308057791137
1280,3.404212652911043e-06,0.8964983827608699,0.08723061678374938,20.626,26,89,220,799,8810,10313,443,0.089,0.22,0.799,0.4271308057791137
1281,3.999181613061164e-06,0.8964926146749397,0.08725100215666938,20.626,26,93,206,1034,8810,10313,437,0.093,0.206,1.034,0.4271308057791137
1282,3.8499491905327965e-06,0.8964620251082723,0.08724221590785378,20.626,26,82,236,1481,8810,10313,452,0.082,0.236,1.481,0.4271308057791137
1283,3.884449704123216e-06,0.8963835460871564,0.08739380380465914,20.626,26,99,216,1061,8810,10313,444,0.099,0.216,1.061,0.4271308057791137
1284,4.213890370880222e-06,0.8965219740251428,0.08716054736179504,20.626,26,89,223,916,8811,10313,446,0.089,0.223,0.916,0.427179288276932
1285,3.333213343792594e-06,0.8965036892927828,0.08722239890372832,20.626,26,92,222,827,8812,10313,448,0.092,0.222,0.827,0.4272277707747503
1286,3.6618425721189663e-06,0.8964773713760414,0.08726630629031382,20.626,26,102,227,1070,8813,10313,462,0.102,0.227,1.07,0.42727625327256863
1287,3.7850806408594484e-06,0.8964426226594014,0.08726473832122608,20.626,26,86,230,1091,8813,10313,450,0.086,0.23,1.091,0.42727625327256863
1288,3.825102171866486e-06,0.896377228299819,0.08740963791430341,20.626,26,97,220,872,8813,10313,446,0.097,0.22,0.872,0.42727625327256863
1289,4.052378547858818e-06,0.8965194091454082,0.08716163801364507,20.626,26,91,226,985,8813,10313,451,0.091,0.226,0.985,0.42727625327256863
1290,3.1547091766550236e-06,0.8965201881416784,0.087204130449193,20.626,26,91,230,808,8813,10313,455,0.091,0.23,0.808,0.42727625327256863
1291,3.6608494183934494e-06,0.8964820813126401,0.08727005563558377,20.626,26,96,213,1085,8813,10313,447,0.096,0.213,1.085,0.42727625327256863
1292,3.7526734661201785e-06,0.8964312199640765,0.08728001199432409,20.626,26,83,231,973,8814,10313,448,0.083,0.231,0.973,0.4273247357703869
1293,3.865104891890441e-06,0.8963678360744607,0.08742557583356679,20.626,26,97,216,751,8814,10313,442,0.097,0.216,0.751,0.4273247357703869
1294,4.201386660324085e-06,0.8965162814808493,0.08716922375682788,20.626,26,87,217,996,8814,10313,438,0.087,0.217,0.996,0.4273247357703869
1295,3.3459497858373714e-06,0.8965102872314588,0.08721398408047551,20.626,26,90,219,792,8814,10313,443,0.09,0.219,0.792,0.4273247357703869
1296,3.6585720107681775e-06,0.8964956018534211,0.08725545219778777,20.626,26,100,229,1013,8814,10313,462,0.1,0.229,1.013,0.4273247357703869
1297,3.854151143799245e-06,0.8964562156216463,0.08725779992293148,20.626,26,86,228,1061,8814,10313,448,0.086,0.228,1.061,0.4273247357703869
1298,3.950859974786875e-06,0.8963723253912509,0.08740785874410065,20.626,26,96,213,864,8814,10313,438,0.096,0.213,0.864,0.4273247357703869
1299,4.151854754025193e-06,0.8965124490296067,0.087165684618667,20.626,26,91,219,908,8814,10313,444,0.091,0.219,0.908,0.4273247357703869
1300,3.2020729255708318e-06,0.8965105294603414,0.0872076802734449,20.626,26,89,220,783,8814,10313,443,0.089,0.22,0.783,0.4273247357703869
1301,3.6021426369073276e-06,0.8964787115527626,0.08727274114573459,20.626,26,94,212,1035,8814,10313,443,0.094,0.212,1.035,0.4273247357703869
1302,3.739809248464047e-06,0.8964482068314108,0.087283041681111,20.626,26,83,233,1299,8814,10313,450,0.083,0.233,1.299,0.4273247357703869
1303,3.896088124475581e-06,0.8963752220306822,0.08742436364962537,20.626,26,97,218,763,8814,10313,444,0.097,0.218,0.763,0.4273247357703869
1304,4.191014010002265e-06,0.8965146689980431,0.08716611016203708,20.626,26,90,215,936,8814,10313,439,0.09,0.215,0.936,0.4273247357703869
1305,3.272829174813087e-06,0.8965088548882361,0.08720035191057292,20.626,26,89,220,797,8814,10313,443,0.089,0.22,0.797,0.4273247357703869
1306,3.5409422852913656e-06,0.8964798060376795,0.08726690823657057,20.626,26,101,216,1029,8814,10313,455,0.101,0.216,1.029,0.4273247357703869
1307,3.7221782727578286e-06,0.896437115007397,0.0872792552834858,20.626,26,83,224,1005,8814,10313,442,0.083,0.224,1.005,0.4273247357703869
1308,3.868151965813422e-06,0.89637957219723,0.08742727899070647,20.626,26,93,216,855,8816,10313,438,0.093,0.216,0.855,0.4274217007660235
1309,4.133896872913969e-06,0.8965272813598897,0.08717173924424337,20.626,26,89,224,984,8816,10313,447,0.089,0.224,0.984,0.4274217007660235
1310,3.502835789498524e-06,0.8965033406393763,0.08722180973075294,20.626,26,90,222,794,8816,10313,446,0.09,0.222,0.794,0.4274217007660235
1311,3.963933920287374e-06,0.8964902339130288,0.08725921501328923,20.626,26,95,224,1066,8816,10313,452,0.095,0.224,1.066,0.4274217007660235
1312,3.87273670495347e-06,0.8964414739962311,0.08725424506225485,20.626,26,83,237,1105,8817,10313,454,0.083,0.237,1.105,0.42747018326384173
1313,3.831977476638694e-06,0.89637781190279,0.08739185291919443,20.626,26,96,215,755,8817,10313,440,0.096,0.215,0.755,0.42747018326384173
1314,4.127151355635776e-06,0.8965139487672409,0.08717573718124859,20.626,26,89,219,961,8817,10313,442,0.089,0.219,0.961,0.42747018326384173
1315,3.2026703161669648e-06,0.8965029967097433,0.08722744086603877,20.626,26,93,223,705,8817,10313,450,0.093,0.223,0.705,0.42747018326384173
1316,3.5017096553592587e-06,0.8964633710250872,0.08728608657895767,20.626,26,106,222,890,8817,10313,465,0.106,0.222,0.89,0.42747018326384173
1317,3.7095031472495947e-06,0.8964226281859022,0.08728253111000403,20.626,26,87,231,1022,8817,10313,452,0.087,0.231,1.022,0.42747018326384173
1318,3.831929953885458e-06,0.8963665148762676,0.08742197990840368,20.626,26,97,222,690,8818,10313,448,0.097,0.222,0.69,0.42751866576166003
1319,4.075318810861455e-06,0.8965214458765949,0.0871650564172002,20.626,26,90,223,933,8818,10313,447,0.09,0.223,0.933,0.42751866576166003
1320,3.4604821153604885e-06,0.8965032349948997,0.08722758222927744,20.626,26,90,222,811,8818,10313,446,0.09,0.222,0.811,0.42751866576166003
1321,3.930977550909327e-06,0.8964966207628133,0.08724793396783133,20.626,26,94,221,1070,8819,10313,448,0.094,0.221,1.07,0.42756714825947834
1322,3.847668955428059e-06,0.8964615347180944,0.08724055920686927,20.626,26,80,233,1771,8821,10313,448,0.08,0.233,1.771,0.4276641132551149
1323,3.8923635797860986e-06,0.896387387640043,0.08739414499551636,20.626,26,96,215,965,8821,10313,440,0.096,0.215,0.965,0.4276641132551149
1324,4.294474384004311e-06,0.8965259531702214,0.08716234171215544,20.626,26,86,221,914,8821,10313,441,0.086,0.221,0.914,0.4276641132551149
1325,3.4528404908220268e-06,0.8964966937304437,0.08723429211814504,20.626,26,91,220,867,8821,10313,445,0.091,0.22,0.867,0.4276641132551149
1326,3.8605945733161394e-06,0.8964814122393521,0.08725312680320854,20.626,26,102,216,1139,8821,10313,455,0.102,0.216,1.139,0.4276641132551149
1327,3.797123959247286e-06,0.8964487182440652,0.08724205808966587,20.626,26,84,232,1842,8822,10313,450,0.084,0.232,1.842,0.4277125957529332
1328,3.829328661404611e-06,0.8963865833553561,0.0873942429015242,20.626,26,97,216,924,8822,10313,442,0.097,0.216,0.924,0.4277125957529332
1329,4.122676960763827e-06,0.8965293879576295,0.0871600513306737,20.626,26,90,225,984,8822,10313,449,0.09,0.225,0.984,0.4277125957529332
1330,3.300925025961559e-06,0.8965085772928137,0.08722230485326818,20.626,26,90,224,819,8822,10313,448,0.09,0.224,0.819,0.4277125957529332
1331,3.780101249218154e-06,0.8964784735474438,0.08726610326131201,20.626,26,94,221,1290,8822,10313,448,0.094,0.221,1.29,0.4277125957529332
1332,3.7828958947767232e-06,0.8964402788095085,0.0872645978530266,20.626,26,83,233,1197,8822,10313,450,0.083,0.233,1.197,0.4277125957529332
1333,3.884498784697567e-06,0.8963793291166381,0.08741076666921131,20.626,26,96,219,767,8822,10313,444,0.096,0.219,0.767,0.4277125957529332
1334,4.219804210201902e-06,0.8965225538735854,0.08716270496563454,20.626,26,87,221,965,8822,10313,442,0.087,0.221,0.965,0.4277125957529332
1335,3.4732961828200606e-06,0.8964965116185653,0.08723033679338194,20.626,26,90,219,811,8822,10313,443,0.09,0.219,0.811,0.4277125957529332
1336,3.907558500238063e-06,0.8964931079463343,0.08725076359137773,20.626,26,102,213,1014,8822,10313,453,0.102,0.213,1.014,0.4277125957529332
1337,3.864940660494556e-06,0.8964535915973435,0.08724028145872595,20.626,26,84,234,1551,8822,10313,452,0.084,0.234,1.551,0.4277125957529332
1338,3.892886204877266e-06,0.8963790656383585,0.08739301407278571,20.626,26,97,212,1127,8822,10313,438,0.097,0.212,1.127,0.4277125957529332
1339,4.156376275844454e-06,0.8965221126025844,0.08716088061364247,20.626,26,88,224,904,8822,10313,446,0.088,0.224,0.904,0.4277125957529332
1340,3.3912442326986495e-06,0.8965047413841385,0.08723552840177032,20.626,26,90,221,798,8822,10313,445,0.09,0.221,0.798,0.4277125957529332
1341,3.999534634019898e-06,0.8964898053392075,0.08725455705065978,20.626,26,93,207,1150,8822,10313,437,0.093,0.207,1.15,0.4277125957529332
1342,3.8104786975184175e-06,0.8964588036318702,0.08724377412476306,20.626,26,81,235,1734,8823,10313,450,0.081,0.235,1.734,0.4277610782507515
1343,3.851969740476486e-06,0.8963876882089039,0.08739425285674787,20.626,26,98,217,806,8823,10313,444,0.098,0.217,0.806,0.4277610782507515
1344,4.188060285957278e-06,0.8965207616826725,0.0871585214193463,20.626,26,88,222,994,8823,10313,444,0.088,0.222,0.994,0.4277610782507515
1345,3.2654739096106998e-06,0.8965034018941515,0.0872215926116674,20.626,26,93,226,810,8823,10313,453,0.093,0.226,0.81,0.4277610782507515
1346,3.5809783553156435e-06,0.8964737646683345,0.08726570437944277,20.626,26,103,230,1159,8823,10313,466,0.103,0.23,1.159,0.4277610782507515
1347,3.746445809042435e-06,0.896446189234809,0.08726609952490788,20.626,26,86,228,1287,8823,10313,448,0.086,0.228,1.287,0.4277610782507515
1348,3.896682525076969e-06,0.8963877321888329,0.0874122370839228,20.626,26,95,214,882,8823,10313,438,0.095,0.214,0.882,0.4277610782507515
1349,4.153315177585602e-06,0.8965287218140044,0.0871635371182189,20.626,26,88,222,954,8823,10313,444,0.088,0.222,0.954,0.4277610782507515
1350,3.4203215669861566e-06,0.8965024786280382,0.08723124968149366,20.626,26,89,220,795,8823,10313,443,0.089,0.22,0.795,0.4277610782507515
1351,3.994329278962108e-06,0.8964918161550928,0.0872504863225049,20.626,26,93,206,1023,8824,10313,437,0.093,0.206,1.023,0.42780956074856974
1352,3.8329828508680764e-06,0.8964576964164392,0.0872412020658096,20.626,26,81,235,1473,8824,10313,450,0.081,0.235,1.473,0.42780956074856974
1353,3.882407551189862e-06,0.8963865207008401,0.0873942900717303,20.626,26,97,218,1032,8825,10313,444,0.097,0.218,1.032,0.42785804324638804
1354,4.215133545404557e-06,0.8965206454607086,0.08716042614090806,20.626,26,88,222,968,8825,10313,444,0.088,0.222,0.968,0.42785804324638804
1355,3.2905045243792408e-06,0.8965049401157519,0.08722376824249793,20.626,26,92,222,823,8825,10313,448,0.092,0.222,0.823,0.42785804324638804
1356,3.582229869991015e-06,0.8964775495050783,0.08726712115792262,20.626,26,102,231,1151,8825,10313,466,0.102,0.231,1.151,0.42785804324638804
1357,3.768049020543926e-06,0.8964469338798622,0.08726555965431436,20.626,26,87,229,1302,8825,10313,450,0.087,0.229,1.302,0.42785804324638804
1358,3.924400937707355e-06,0.896379447629197,0.08740950763424579,20.626,26,96,215,886,8825,10313,440,0.096,0.215,0.886,0.42785804324638804
1359,4.1334784732001315e-06,0.8965218467028202,0.08716147553932448,20.626,26,89,223,944,8825,10313,446,0.089,0.223,0.944,0.42785804324638804
1360,3.4042126521526884e-06,0.8964983811201094,0.08723061644400186,20.626,26,89,220,799,8825,10313,443,0.089,0.22,0.799,0.42785804324638804
1361,3.999181607322744e-06,0.8964926130696406,0.08725100182422835,20.626,26,93,206,1034,8827,10313,437,0.093,0.206,1.034,0.42795500824202465
1362,3.8499492008532094e-06,0.8964620234631673,0.08724221556706697,20.626,26,82,236,1481,8827,10313,452,0.082,0.236,1.481,0.42795500824202465
1363,3.8844495943599294e-06,0.8963835445812111,0.0873938034924481,20.626,26,99,216,1061,8827,10313,444,0.099,0.216,1.061,0.42795500824202465
1364,4.213890377942506e-06,0.8965219725089539,0.0871605470478726,20.626,26,89,223,916,8827,10313,446,0.089,0.223,0.916,0.42795500824202465
1365,3.3332133455551277e-06,0.8965036877727871,0.0872223985889597,20.626,26,92,222,827,8827,10313,448,0.092,0.222,0.827,0.42795500824202465
1366,3.6618425719779908e-06,0.8964773698782433,0.08726630598004632,20.626,26,102,227,1070,8828,10313,462,0.102,0.227,1.07,0.4280034907398429
1367,3.78508064296992e-06,0.8964426211649645,0.08726473801154488,20.626,26,86,230,1091,8828,10313,450,0.086,0.23,1.091,0.4280034907398429
1368,3.825101958683804e-06,0.8963772270606012,0.08740963765732652,20.626,26,97,220,872,8828,10313,446,0.097,0.22,0.872,0.4280034907398429
1369,4.052378546714795e-06,0.896519407909291,0.08716163775765978,20.626,26,91,226,985,8828,10313,451,0.091,0.226,0.985,0.4280034907398429
1370,3.154709176335677e-06,0.8965201869094299,0.08720413019401257,20.626,26,91,230,808,8828,10313,455,0.091,0.23,0.808,0.4280034907398429
1371,3.6608494196669965e-06,0.8964820800902824,0.08727005538233337,20.626,26,96,213,1085,8828,10313,447,0.096,0.213,1.085,0.4280034907398429
1372,3.752673468352561e-06,0.8964312187388033,0.087280011740331,20.626,26,83,231,973,8828,10313,448,0.083,0.231,0.973,0.4280034907398429
1373,3.865104758168852e-06,0.8963678350057267,0.08742557561186798,20.626,26,97,216,751,8829,10313,442,0.097,0.216,0.751,0.4280519732376612
1374,4.201386658452284e-06,0.8965162804151718,0.08716922353608005,20.626,26,87,217,996,8829,10313,438,0.087,0.217,0.996,0.4280519732376612
1375,3.3459497849825605e-06,0.8965102861683748,0.08721398386026771,20.626,26,90,219,792,8829,10313,443,0.09,0.219,0.792,0.4280519732376612
1376,3.6585720097157335e-06,0.8964956008039463,0.08725545198035357,20.626,26,100,229,1013,8829,10313,462,0.1,0.229,1.013,0.4280519732376612
1377,3.854151145463273e-06,0.8964562145727377,0.08725779970551532,20.626,26,86,228,1061,8829,10313,448,0.086,0.228,1.061,0.4280519732376612
1378,3.950860030151414e-06,0.8963723242799034,0.0874078585135668,20.626,26,96,213,864,8829,10313,438,0.096,0.213,0.864,0.4280519732376612
1379,4.151854758097675e-06,0.896512447914192,0.08716568438759907,20.626,26,91,219,908,8829,10313,444,0.091,0.219,0.908,0.4280519732376612
1380,3.2020729264258412e-06,0.8965105283432865,0.08720768004204958,20.626,26,89,220,783,8829,10313,443,0.089,0.22,0.783,0.4280519732376612
1381,3.602142638783148e-06,0.896478710430743,0.08727274091323517,20.626,26,94,212,1035,8829,10313,443,0.094,0.212,1.035,0.4280519732376612
1382,3.739809301619524e-06,0.8964482054150392,0.0872830413875757,20.626,26,83,233,1299,8829,10313,450,0.083,0.233,1.299,0.4280519732376612
1383,3.896088095170534e-06,0.8963752206522049,0.08742436336374533,20.626,26,97,218,763,8829,10313,444,0.097,0.218,0.763,0.4280519732376612
1384,4.191014014715937e-06,0.8965146676140855,0.08716610987540915,20.626,26,90,215,936,8829,10313,439,0.09,0.215,0.936,0.4280519732376612
1385,3.2728291759207594e-06,0.8965088535036735,0.08720035162382266,20.626,26,89,220,797,8829,10313,443,0.089,0.22,0.797,0.4280519732376612
1386,3.540942286531769e-06,0.896479804654514,0.08726690795002094,20.626,26,101,216,1029,8829,10313,455,0.101,0.216,1.029,0.4280519732376612
1387,3.7221782740656314e-06,0.8964371136258085,0.08727925499713377,20.626,26,83,224,1005,8832,10313,442,0.083,0.224,1.005,0.42819742073111605
1388,3.868151883643125e-06,0.8963795709087992,0.08742727872350049,20.626,26,93,216,855,8833,10313,438,0.093,0.216,0.855,0.42824590322893435
1389,4.1338968745774145e-06,0.8965272800706711,0.08717173897724448,20.626,26,89,224,984,8833,10313,447,0.089,0.224,0.984,0.42824590322893435
1390,3.5028357904933693e-06,0.8965033393497692,0.08722180946362149,20.626,26,90,222,794,8833,10313,446,0.09,0.222,0.794,0.42824590322893435
1391,3.9639339234995315e-06,0.896490232612038,0.08725921474375493,20.626,26,95,224,1066,8833,10313,452,0.095,0.224,1.066,0.42824590322893435
1392,3.872736665897371e-06,0.8964414729667697,0.08725424484881762,20.626,26,83,237,1105,8833,10313,454,0.083,0.237,1.105,0.42824590322893435
1393,3.8319774752857496e-06,0.8963778108766557,0.08739185270632564,20.626,26,96,215,755,8833,10313,440,0.096,0.215,0.755,0.42824590322893435
1394,4.127151353223233e-06,0.8965139477459231,0.08717573696965235,20.626,26,89,219,961,8834,10313,442,0.089,0.219,0.961,0.42829438572675266
1395,3.202670316308922e-06,0.8965029956910202,0.08722744065496693,20.626,26,93,223,705,8834,10313,450,0.093,0.223,0.705,0.42829438572675266
1396,3.5017096564608517e-06,0.8964633700026421,0.08728608636701979,20.626,26,106,222,890,8835,10313,465,0.106,0.222,0.89,0.4283428682245709
1397,3.709503147900851e-06,0.896422627163796,0.08728253089803552,20.626,26,87,231,1022,8835,10313,452,0.087,0.231,1.022,0.4283428682245709
1398,3.831929825716614e-06,0.8963665140011275,0.08742197972677894,20.626,26,97,222,690,8835,10313,448,0.097,0.222,0.69,0.4283428682245709
1399,4.075318810286909e-06,0.8965214450031341,0.08716505623618832,20.626,26,90,223,933,8835,10313,447,0.09,0.223,0.933,0.4283428682245709
1400,3.4604821145947114e-06,0.8965032341238475,0.08722758204875,20.626,26,90,222,811,8835,10313,446,0.09,0.222,0.811,0.4283428682245709
1401,3.930977555682632e-06,0.8964966198762422,0.08724793378407353,20.626,26,94,221,1070,8835,10313,448,0.094,0.221,1.07,0.4283428682245709
1402,3.847668962013948e-06,0.8964615338075231,0.08724055901807024,20.626,26,80,233,1771,8835,10313,448,0.08,0.233,1.771,0.4283428682245709
1403,3.892363519880073e-06,0.8963873868024279,0.08739414482170285,20.626,26,96,215,965,8835,10313,440,0.096,0.215,0.965,0.4283428682245709
1404,4.294474386208206e-06,0.8965259523308471,0.0871623415382048,20.626,26,86,221,914,8835,10313,441,0.086,0.221,0.914,0.4283428682245709
1405,3.4528404908997357e-06,0.8964966928923533,0.08723429194442568,20.626,26,91,220,867,8835,10313,445,0.091,0.22,0.867,0.4283428682245709
1406,3.860594576750514e-06,0.8964814113909977,0.08725312662733375,20.626,26,102,216,1139,8835,10313,455,0.102,0.216,1.139,0.4283428682245709
1407,3.797123943096962e-06,0.8964487174705403,0.08724205792922266,20.626,26,84,232,1842,8835,10313,450,0.084,0.232,1.842,0.4283428682245709
1408,3.829328567392909e-06,0.8963865826893074,0.08739424276325954,20.626,26,97,216,924,8835,10313,442,0.097,0.216,0.924,0.4283428682245709
1409,4.122676958966257e-06,0.8965293872956125,0.0871600511934241,20.626,26,90,225,984,8835,10313,449,0.09,0.225,0.984,0.4283428682245709
1410,3.3009250262896107e-06,0.8965085766320346,0.0872223047162582,20.626,26,90,224,819,8835,10313,448,0.09,0.224,0.819,0.4283428682245709
1411,3.7801012538015962e-06,0.8964784728596139,0.08726610311865642,20.626,26,94,221,1290,8837,10313,448,0.094,0.221,1.29,0.4284398332202075
1412,3.7828958714584606e-06,0.8964402782353412,0.08726459773384694,20.626,26,83,233,1197,8837,10313,450,0.083,0.233,1.197,0.4284398332202075
1413,3.884498665553824e-06,0.8963793286805762,0.08741076657858693,20.626,26,96,219,767,8837,10313,444,0.096,0.219,0.767,0.4284398332202075
1414,4.219804206177688e-06,0.8965225534443371,0.08716270487654125,20.626,26,87,221,965,8837,10313,442,0.087,0.221,0.965,0.4284398332202075
1415,3.4732961815909464e-06,0.8964965111930635,0.08723033670505839,20.626,26,90,219,811,8837,10313,443,0.09,0.219,0.811,0.4284398332202075
1416,3.907558503325798e-06,0.8964931075047596,0.08725076349971729,20.626,26,102,213,1014,8838,10313,453,0.102,0.213,1.014,0.4284883157180258
1417,3.864940651035715e-06,0.8964535912091188,0.0872402813780631,20.626,26,84,234,1551,8838,10313,452,0.084,0.234,1.551,0.4284883157180258
1418,3.892886206507735e-06,0.8963790652487869,0.08739301399178519,20.626,26,97,212,1127,8838,10313,438,0.097,0.212,1.127,0.4284883157180258
1419,4.156376275829486e-06,0.8965221122131043,0.08716088053276469,20.626,26,88,224,904,8838,10313,446,0.088,0.224,0.904,0.4284883157180258
1420,3.3912442324345463e-06,0.8965047409956074,0.08723552832109426,20.626,26,90,221,798,8838,10313,445,0.09,0.221,0.798,0.4284883157180258
1421,3.999534639534863e-06,0.8964898049290703,0.08725455696549997,20.626,26,93,207,1150,8840,10313,437,0.093,0.207,1.15,0.42858528071366236
1422,3.81047868330127e-06,0.8964588032906083,0.08724377405382978,20.626,26,81,235,1734,8841,10313,450,0.081,0.235,1.734,0.42863376321148067
1423,3.8519696698296016e-06,0.8963876879543174,0.08739425280372891,20.626,26,98,217,806,8843,10313,444,0.098,0.217,0.806,0.4287307282071172
1424,4.188060285347724e-06,0.8965207614289029,0.08715852136655611,20.626,26,88,222,994,8843,10313,444,0.088,0.222,0.994,0.4287307282071172
1425,3.265473910474895e-06,0.8965034016383303,0.08722159255845849,20.626,26,93,226,810,8843,10313,453,0.093,0.226,0.81,0.4287307282071172
1426,3.580978359035385e-06,0.8964737643937392,0.08726570432232805,20.626,26,103,230,1159,8844,10313,466,0.103,0.23,1.159,0.4287792107049355
1427,3.7464458017381433e-06,0.8964461889871722,0.08726609947334839,20.626,26,86,228,1287,8844,10313,448,0.086,0.228,1.287,0.4287792107049355
1428,3.896682506222076e-06,0.8963877319618925,0.08741223703662367,20.626,26,95,214,882,8844,10313,438,0.095,0.214,0.882,0.4287792107049355
1429,4.1533151773445925e-06,0.8965287215876381,0.08716353707109581,20.626,26,88,222,954,8844,10313,444,0.088,0.222,0.954,0.4287792107049355
1430,3.4203215666250842e-06,0.896502478402602,0.08723124963457037,20.626,26,89,220,795,8844,10313,443,0.089,0.22,0.795,0.4287792107049355
1431,3.994329284529639e-06,0.8964918159045835,0.08725048627038641,20.626,26,93,206,1023,8844,10313,437,0.093,0.206,1.023,0.4287792107049355
1432,3.832982845717891e-06,0.8964576961914338,0.08724120201894367,20.626,26,81,235,1473,8844,10313,450,0.081,0.235,1.473,0.4287792107049355
1433,3.8824075497748704e-06,0.8963865204777606,0.08739429002523365,20.626,26,97,218,1032,8844,10313,444,0.097,0.218,1.032,0.4287792107049355
1434,4.21513354113847e-06,0.896520645246527,0.0871604260963042,20.626,26,88,222,968,8844,10313,444,0.088,0.222,0.968,0.4287792107049355
1435,3.290504523923524e-06,0.8965049399034457,0.08722376819829283,20.626,26,92,222,823,8844,10313,448,0.092,0.222,0.823,0.4287792107049355
1436,3.5822298740394903e-06,0.8964775492699052,0.08726712110896952,20.626,26,102,231,1151,8844,10313,466,0.102,0.231,1.151,0.4287792107049355
1437,3.768049018711598e-06,0.8964469336545943,0.08726555960738527,20.626,26,87,229,1302,8845,10313,450,0.087,0.229,1.302,0.4288276932027538
1438,3.924400950632589e-06,0.8963794473891277,0.08740950758421985,20.626,26,96,215,886,8845,10313,440,0.096,0.215,0.886,0.4288276932027538
1439,4.133478473455906e-06,0.8965218464624538,0.08716147548929791,20.626,26,89,223,944,8845,10313,446,0.089,0.223,0.944,0.4288276932027538
1440,3.4042126523039863e-06,0.8964983808796442,0.08723061639396217,20.626,26,89,220,799,8845,10313,443,0.089,0.22,0.799,0.4288276932027538
1441,3.999181614055152e-06,0.8964926128015949,0.08725100176847744,20.626,26,93,206,1034,8846,10313,437,0.093,0.206,1.034,0.42887617570057207
1442,3.849949199312246e-06,0.8964620232045643,0.08724221551324457,20.626,26,82,236,1481,8846,10313,452,0.082,0.236,1.481,0.42887617570057207
1443,3.88444959875334e-06,0.8963835443176181,0.08739380343755415,20.626,26,99,216,1061,8846,10313,444,0.099,0.216,1.061,0.42887617570057207
1444,4.213890376520706e-06,0.8965219722486559,0.08716054699372677,20.626,26,89,223,916,8846,10313,446,0.089,0.223,0.916,0.42887617570057207
1445,3.333213346057935e-06,0.8965036875113842,0.08722239853459347,20.626,26,92,222,827,8846,10313,448,0.092,0.222,0.827,0.42887617570057207
1446,3.661842575063021e-06,0.8964773695956741,0.08726630592128251,20.626,26,102,227,1070,8846,10313,462,0.102,0.227,1.07,0.42887617570057207
1447,3.7850806429250636e-06,0.8964426208838887,0.0872647379530585,20.626,26,86,230,1091,8846,10313,450,0.086,0.23,1.091,0.42887617570057207
1448,3.825101948961194e-06,0.896377226791147,0.0874096376012129,20.626,26,97,220,872,8847,10313,446,0.097,0.22,0.872,0.4289246581983904
1449,4.052378543311427e-06,0.8965194076460835,0.08716163770290723,20.626,26,91,226,985,8847,10313,451,0.091,0.226,0.985,0.4289246581983904
1450,3.154709176308238e-06,0.8965201866467852,0.08720413013939483,20.626,26,91,230,808,8847,10313,455,0.091,0.23,0.808,0.4289246581983904
1451,3.6608494217273863e-06,0.8964820797991808,0.0872700553218042,20.626,26,96,213,1085,8847,10313,447,0.096,0.213,1.085,0.4289246581983904
1452,3.752673469638314e-06,0.8964312184412463,0.08728001167842396,20.626,26,83,231,973,8848,10313,448,0.083,0.231,0.973,0.4289731406962087
1453,3.865104758600868e-06,0.8963678347078029,0.08742557554985006,20.626,26,97,216,751,8848,10313,442,0.097,0.216,0.751,0.4289731406962087
1454,4.201386660043347e-06,0.896516280115007,0.08716922347368096,20.626,26,87,217,996,8848,10313,438,0.087,0.217,0.996,0.4289731406962087
1455,3.3459497851008555e-06,0.8965102858683658,0.08721398379791583,20.626,26,90,219,792,8848,10313,443,0.09,0.219,0.792,0.4289731406962087
1456,3.658572013413025e-06,0.8964956004831617,0.08725545191369145,20.626,26,100,229,1013,8848,10313,462,0.1,0.229,1.013,0.4289731406962087
1457,3.854151145826738e-06,0.8964562142516252,0.08725779963874905,20.626,26,86,228,1061,8848,10313,448,0.086,0.228,1.061,0.4289731406962087
1458,3.950860042207719e-06,0.8963723239445016,0.08740785844378694,20.626,26,96,213,864,8848,10313,438,0.096,0.213,0.864,0.4289731406962087
1459,4.151854758490015e-06,0.8965124475784083,0.0871656843178269,20.626,26,91,219,908,8848,10313,444,0.091,0.219,0.908,0.4289731406962087
1460,3.202072926626477e-06,0.8965105280074404,0.08720767997228103,20.626,26,89,220,783,8848,10313,443,0.089,0.22,0.783,0.4289731406962087
1461,3.602142644748277e-06,0.8964787100646667,0.08727274083718745,20.626,26,94,212,1035,8848,10313,443,0.094,0.212,1.035,0.4289731406962087
1462,3.7398093007251945e-06,0.8964482050560237,0.08728304131295808,20.626,26,83,233,1299,8848,10313,450,0.083,0.233,1.299,0.4289731406962087
1463,3.896088091666918e-06,0.8963752202977655,0.08742436329002788,20.626,26,97,218,763,8848,10313,444,0.097,0.218,0.763,0.4289731406962087
1464,4.191014014545628e-06,0.8965146672600295,0.08716610980186493,20.626,26,90,215,936,8848,10313,439,0.09,0.215,0.936,0.4289731406962087
1465,3.2728291759436314e-06,0.8965088531499662,0.08720035155036408,20.626,26,89,220,797,8848,10313,443,0.089,0.22,0.797,0.4289731406962087
1466,3.5409422898679884e-06,0.8964798042756653,0.08726690787133894,20.626,26,101,216,1029,8848,10313,455,0.101,0.216,1.029,0.4289731406962087
1467,3.722178274916277e-06,0.8964371132447629,0.08727925491795525,20.626,26,83,224,1005,8850,10313,442,0.083,0.224,1.005,0.4290701056918452
1468,3.868151887182106e-06,0.8963795705240462,0.08742727864351592,20.626,26,93,216,855,8851,10313,438,0.093,0.216,0.855,0.42911858818966353
1469,4.133896874250524e-06,0.8965272796869066,0.08717173889757598,20.626,26,89,224,984,8851,10313,447,0.089,0.224,0.984,0.42911858818966353
1470,3.5028357907865944e-06,0.8965033389659429,0.08722180938394163,20.626,26,90,222,794,8851,10313,446,0.09,0.222,0.794,0.42911858818966353
1471,3.963933926867881e-06,0.8964902321990542,0.08725921465803461,20.626,26,95,224,1066,8851,10313,452,0.095,0.224,1.066,0.42911858818966353
1472,3.872736666993669e-06,0.896441472548921,0.08725424476204174,20.626,26,83,237,1105,8851,10313,454,0.083,0.237,1.105,0.42911858818966353
1473,3.83197747629821e-06,0.8963778104578984,0.08739185261931487,20.626,26,96,215,755,8851,10313,440,0.096,0.215,0.755,0.42911858818966353
1474,4.127151351108137e-06,0.8965139473319123,0.08717573688373709,20.626,26,89,219,961,8851,10313,442,0.089,0.219,0.961,0.42911858818966353
1475,3.20267031639459e-06,0.8965029952773491,0.08722744056913188,20.626,26,93,223,705,8851,10313,450,0.093,0.223,0.705,0.42911858818966353
1476,3.5017096571306668e-06,0.896463369582316,0.08728608627977855,20.626,26,106,222,890,8851,10313,465,0.106,0.222,0.89,0.42911858818966353
1477,3.7095031485136855e-06,0.8964226267422737,0.0872825308105044,20.626,26,87,231,1022,8852,10313,452,0.087,0.231,1.022,0.42916707068748183
1478,3.831929827317278e-06,0.8963665135779799,0.08742197963886829,20.626,26,97,222,690,8853,10313,448,0.097,0.222,0.69,0.4292155531853001
1479,4.075318811620407e-06,0.896521444578005,0.08716505614799769,20.626,26,90,223,933,8853,10313,447,0.09,0.223,0.933,0.4292155531853001
1480,3.4604821159823094e-06,0.8965032336962534,0.08722758196005154,20.626,26,90,222,811,8853,10313,446,0.09,0.222,0.811,0.4292155531853001
1481,3.930977557622751e-06,0.8964966194419259,0.08724793369398452,20.626,26,94,221,1070,8853,10313,448,0.094,0.221,1.07,0.4292155531853001
1482,3.8476689635238295e-06,0.8964615333677883,0.08724055892682361,20.626,26,80,233,1771,8853,10313,448,0.08,0.233,1.771,0.4292155531853001
1483,3.892363523133285e-06,0.8963873863591718,0.08739414472966701,20.626,26,96,215,965,8853,10313,440,0.096,0.215,0.965,0.4292155531853001
1484,4.2944743863783825e-06,0.8965259518874589,0.08716234144626431,20.626,26,86,221,914,8853,10313,441,0.086,0.221,0.914,0.4292155531853001
1485,3.45284049100246e-06,0.8964966924492127,0.08723429185252582,20.626,26,91,220,867,8853,10313,445,0.091,0.22,0.867,0.4292155531853001
1486,3.860594575072167e-06,0.8964814109588521,0.08725312653769984,20.626,26,102,216,1139,8853,10313,455,0.102,0.216,1.139,0.4292155531853001
1487,3.7971239430963303e-06,0.896448717040049,0.08724205783989639,20.626,26,84,232,1842,8853,10313,450,0.084,0.232,1.842,0.4292155531853001
1488,3.829328569571261e-06,0.8963865822565457,0.08739424267341257,20.626,26,97,216,924,8854,10313,442,0.097,0.216,0.924,0.4292640356831184
1489,4.122676956838935e-06,0.8965293868673562,0.08716005110463038,20.626,26,90,225,984,8854,10313,449,0.09,0.225,0.984,0.4292640356831184
1490,3.30092502577745e-06,0.8965085762062158,0.08722230462796464,20.626,26,90,224,819,8854,10313,448,0.09,0.224,0.819,0.4292640356831184
1491,3.7801012530389307e-06,0.89647847244191,0.08726610303202073,20.626,26,94,221,1290,8854,10313,448,0.094,0.221,1.29,0.4292640356831184
1492,3.782895871929078e-06,0.896440277817346,0.08726459764711356,20.626,26,83,233,1197,8854,10313,450,0.083,0.233,1.197,0.4292640356831184
1493,3.884498669731085e-06,0.8963793282579878,0.08741076649085462,20.626,26,96,219,767,8854,10313,444,0.096,0.219,0.767,0.4292640356831184
1494,4.219804206307783e-06,0.8965225530216728,0.08716270478891312,20.626,26,87,221,965,8854,10313,442,0.087,0.221,0.965,0.4292640356831184
1495,3.4732961817247505e-06,0.8964965107706017,0.08723033661746239,20.626,26,90,219,811,8854,10313,443,0.09,0.219,0.811,0.4292640356831184
1496,3.907558500148612e-06,0.8964931071037539,0.08725076341656239,20.626,26,102,213,1014,8854,10313,453,0.102,0.213,1.014,0.4292640356831184
1497,3.864940650359205e-06,0.8964535908137788,0.0872402812960448,20.626,26,84,234,1551,8856,10313,452,0.084,0.234,1.551,0.429361000678755
1498,3.8928862067564205e-06,0.8963790648533445,0.08739301390968955,20.626,26,97,212,1127,8856,10313,438,0.097,0.212,1.127,0.429361000678755
1499,4.156376275850308e-06,0.8965221118177589,0.08716088045080027,20.626,26,88,224,904,8856,10313,446,0.088,0.224,0.904,0.429361000678755
1500,3.391244232503231e-06,0.8965047406005374,0.08723552823918394,20.626,26,90,221,798,8856,10313,445,0.09,0.221,0.798,0.429361000678755
1501,3.9995346352146356e-06,0.8964898045538602,0.08725455688769174,20.626,26,93,207,1150,8857,10313,437,0.093,0.207,1.15,0.42940948317657324
1502,3.8104786827513116e-06,0.8964588029195834,0.08724377397686076,20.626,26,81,235,1734,8858,10313,450,0.081,0.235,1.734,0.42945796567439154
1503,3.8519696703775506e-06,0.8963876875827943,0.08739425272660753,20.626,26,98,217,806,8858,10313,444,0.098,0.217,0.806,0.42945796567439154
1504,4.188060285525053e-06,0.8965207610572072,0.08715852128949683,20.626,26,88,222,994,8858,10313,444,0.088,0.222,0.994,0.42945796567439154
1505,3.2654739105866295e-06,0.896503401266895,0.0872215924814506,20.626,26,93,226,810,8858,10313,453,0.093,0.226,0.81,0.42945796567439154
1506,3.5809783545061637e-06,0.8964737640489022,0.0872657042508074,20.626,26,103,230,1159,8859,10313,466,0.103,0.23,1.159,0.42950644817220984
1507,3.74644580048816e-06,0.8964461886482511,0.08726609940302951,20.626,26,86,228,1287,8859,10313,448,0.086,0.228,1.287,0.42950644817220984
1508,3.896682508685905e-06,0.8963877316204476,0.08741223696574511,20.626,26,95,214,882,8859,10313,438,0.095,0.214,0.882,0.42950644817220984
1509,4.153315177357745e-06,0.8965287212462881,0.08716353700033193,20.626,26,88,222,954,8859,10313,444,0.088,0.222,0.954,0.42950644817220984
1510,3.420321566685035e-06,0.8965024780614694,0.08723124956384327,20.626,26,89,220,795,8859,10313,443,0.089,0.22,0.795,0.42950644817220984
1511,3.994329280229302e-06,0.8964918155849875,0.08725048620411323,20.626,26,93,206,1023,8859,10313,437,0.093,0.206,1.023,0.42950644817220984
1512,3.832982845704752e-06,0.8964576958732627,0.08724120195294048,20.626,26,81,235,1473,8859,10313,450,0.081,0.235,1.473,0.42950644817220984
1513,3.882407551498315e-06,0.8963865201576423,0.08739428995878523,20.626,26,97,218,1032,8859,10313,444,0.097,0.218,1.032,0.42950644817220984
1514,4.215133541068031e-06,0.8965206449266675,0.08716042602999503,20.626,26,88,222,968,8859,10313,444,0.088,0.222,0.968,0.42950644817220984
1515,3.2905045239339763e-06,0.8965049395840086,0.08722376813207025,20.626,26,92,222,823,8859,10313,448,0.092,0.222,0.823,0.42950644817220984
1516,3.5822298692923124e-06,0.8964775489805265,0.08726712104895518,20.626,26,102,231,1151,8859,10313,466,0.102,0.231,1.151,0.42950644817220984
1517,3.768049016801991e-06,0.8964469333759348,0.08726555954956951,20.626,26,87,229,1302,8859,10313,450,0.087,0.229,1.302,0.42950644817220984
1518,3.924400949055678e-06,0.8963794471124059,0.08740950752677051,20.626,26,96,215,886,8859,10313,440,0.096,0.215,0.886,0.42950644817220984
1519,4.1334784734430444e-06,0.8965218461858449,0.08716147543195009,20.626,26,89,223,944,8859,10313,446,0.089,0.223,0.944,0.42950644817220984
1520,3.4042126523169454e-06,0.8964983806032742,0.08723061633665935,20.626,26,89,220,799,8859,10313,443,0.089,0.22,0.799,0.42950644817220984
1521,3.999181608493548e-06,0.8964926125495967,0.08725100171622001,20.626,26,93,206,1034,8859,10313,437,0.093,0.206,1.034,0.42950644817220984
1522,3.84994919902108e-06,0.8964620229552072,0.08724221546151617,20.626,26,82,236,1481,8859,10313,452,0.082,0.236,1.481,0.42950644817220984
1523,3.884449602303751e-06,0.8963835440640785,0.08739380338492325,20.626,26,99,216,1061,8859,10313,444,0.099,0.216,1.061,0.42950644817220984
1524,4.213890376611576e-06,0.8965219719950241,0.08716054694114751,20.626,26,89,223,916,8859,10313,446,0.089,0.223,0.916,0.42950644817220984
1525,3.3332133461488474e-06,0.8965036872577747,0.08722239848201759,20.626,26,92,222,827,8859,10313,448,0.092,0.222,0.827,0.42950644817220984
1526,3.6618425709887694e-06,0.8964773693739166,0.0872663058752907,20.626,26,102,227,1070,8859,10313,462,0.102,0.227,1.07,0.42950644817220984
1527,3.7850806411536005e-06,0.8964426206723667,0.08726473790916851,20.626,26,86,230,1091,8859,10313,450,0.086,0.23,1.091,0.42950644817220984
1528,3.825101945157959e-06,0.8963772265842088,0.08740963755824754,20.626,26,97,220,872,8859,10313,446,0.097,0.22,0.872,0.42950644817220984
1529,4.052378543255456e-06,0.896519407439313,0.08716163766003558,20.626,26,91,226,985,8859,10313,451,0.091,0.226,0.985,0.42950644817220984
1530,3.154709176323727e-06,0.8965201864402235,0.08720413009657392,20.626,26,91,230,808,8859,10313,455,0.091,0.23,0.808,0.42950644817220984
1531,3.660849420015249e-06,0.8964820796197873,0.08727005528459585,20.626,26,96,213,1085,8863,10313,447,0.096,0.213,1.085,0.429700378163483
1532,3.7526734691221717e-06,0.8964312182658202,0.08728001164201742,20.626,26,83,231,973,8863,10313,448,0.083,0.231,0.973,0.429700378163483
1533,3.865104760459249e-06,0.8963678345303006,0.08742557551299387,20.626,26,97,216,751,8863,10313,442,0.097,0.216,0.751,0.429700378163483
1534,4.2013866600342324e-06,0.8965162799375719,0.08716922343689257,20.626,26,87,217,996,8863,10313,438,0.087,0.217,0.996,0.429700378163483
1535,3.345949785102772e-06,0.896510285691046,0.08721398376115584,20.626,26,90,219,792,8863,10313,443,0.09,0.219,0.792,0.429700378163483
1536,3.6585720080363992e-06,0.8964956003392542,0.08725545188384598,20.626,26,100,229,1013,8864,10313,462,0.1,0.229,1.013,0.42974886066130125
1537,3.854151144775032e-06,0.8964562141164842,0.08725779961070575,20.626,26,86,228,1061,8864,10313,448,0.086,0.228,1.061,0.42974886066130125
1538,3.950860042127602e-06,0.896372323809493,0.08740785841575041,20.626,26,96,213,864,8864,10313,438,0.096,0.213,0.864,0.42974886066130125
1539,4.151854758492053e-06,0.8965124474434508,0.08716568428983966,20.626,26,91,219,908,8864,10313,444,0.091,0.219,0.908,0.42974886066130125
1540,3.202072926620302e-06,0.8965105278725848,0.08720767994432026,20.626,26,89,220,783,8864,10313,443,0.089,0.22,0.783,0.42974886066130125
1541,3.6021426389791185e-06,0.8964787099605843,0.0872727408155928,20.626,26,94,212,1035,8866,10313,443,0.094,0.212,1.035,0.42984582565693785
1542,3.739809299478185e-06,0.8964482049597917,0.08728304129298181,20.626,26,83,233,1299,8872,10313,450,0.083,0.233,1.299,0.43013672064384756
1543,3.896088092577414e-06,0.896375220200438,0.08742436326981258,20.626,26,97,218,763,8872,10313,444,0.097,0.218,0.763,0.43013672064384756
1544,4.1910140145505456e-06,0.896514667162738,0.08716610978168547,20.626,26,90,215,936,8872,10313,439,0.09,0.215,0.936,0.43013672064384756
1545,3.2728291759267852e-06,0.8965088530527316,0.08720035153020038,20.626,26,89,220,797,8872,10313,443,0.089,0.22,0.797,0.43013672064384756
1546,3.54094228483776e-06,0.8964798042195176,0.08726690785967565,20.626,26,101,216,1029,8873,10313,455,0.101,0.216,1.029,0.43018520314166586
1547,3.7221782731534823e-06,0.8964371131961526,0.08727925490784487,20.626,26,83,224,1005,8873,10313,442,0.083,0.224,1.005,0.43018520314166586
1548,3.868151886269507e-06,0.8963795704764251,0.08742727863360224,20.626,26,93,216,855,8873,10313,438,0.093,0.216,0.855,0.43018520314166586
1549,4.133896874218239e-06,0.8965272796394074,0.08717173888769834,20.626,26,89,224,984,8873,10313,447,0.089,0.224,0.984,0.43018520314166586
1550,3.502835790783215e-06,0.8965033389184119,0.08722180937405812,20.626,26,90,222,794,8873,10313,446,0.09,0.222,0.794,0.43018520314166586
1551,3.9639339233382065e-06,0.8964902321842299,0.0872592146549205,20.626,26,95,224,1066,8873,10313,452,0.095,0.224,1.066,0.43018520314166586
1552,3.872736665645366e-06,0.8964414725426467,0.08725424476069515,20.626,26,83,237,1105,8873,10313,454,0.083,0.237,1.105,0.43018520314166586
1553,3.831977475864845e-06,0.8963778104521173,0.08739185261806864,20.626,26,96,215,755,8873,10313,440,0.096,0.215,0.755,0.43018520314166586
1554,4.127151351036016e-06,0.8965139473263196,0.08717573688252853,20.626,26,89,219,961,8873,10313,442,0.089,0.219,0.961,0.43018520314166586
1555,3.202670316347024e-06,0.8965029952717389,0.08722744056792149,20.626,26,93,223,705,8873,10313,450,0.093,0.223,0.705,0.43018520314166586
1556,3.501709655481342e-06,0.8964633696033673,0.0872860862840865,20.626,26,106,222,890,8874,10313,465,0.106,0.222,0.89,0.43023368563948416
1557,3.7095031464948256e-06,0.8964226267732783,0.08728253081687273,20.626,26,87,231,1022,8874,10313,452,0.087,0.231,1.022,0.43023368563948416
1558,3.83192982449485e-06,0.896366513612118,0.08742197964588826,20.626,26,97,222,690,8874,10313,448,0.097,0.222,0.69,0.43023368563948416
1559,4.075318811525174e-06,0.8965214446123169,0.08716505615504,20.626,26,90,223,933,8874,10313,447,0.09,0.223,0.933,0.43023368563948416
1560,3.4604821159074727e-06,0.896503233730565,0.08722758196709783,20.626,26,90,222,811,8874,10313,446,0.09,0.222,0.811,0.43023368563948416
1561,3.930977553104766e-06,0.8964966194956512,0.08724793370504834,20.626,26,94,221,1070,8874,10313,448,0.094,0.221,1.07,0.43023368563948416
1562,3.847668962200468e-06,0.8964615334272118,0.08724055893906787,20.626,26,80,233,1771,8874,10313,448,0.08,0.233,1.771,0.43023368563948416
1563,3.892363524261441e-06,0.8963873864172351,0.08739414474163698,20.626,26,96,215,965,8874,10313,440,0.096,0.215,0.965,0.43023368563948416
1564,4.294474386335009e-06,0.8965259519456336,0.08716234145823822,20.626,26,86,221,914,8874,10313,441,0.086,0.221,0.914,0.43023368563948416
1565,3.4528404909132797e-06,0.8964966925072984,0.08723429186448811,20.626,26,91,220,867,8874,10313,445,0.091,0.22,0.867,0.43023368563948416
1566,3.8605945708809045e-06,0.8964814110376603,0.0872531265539524,20.626,26,102,216,1139,8874,10313,455,0.102,0.216,1.139,0.43023368563948416
1567,3.797123940965686e-06,0.8964487171273197,0.0872420578579028,20.626,26,84,232,1842,8874,10313,450,0.084,0.232,1.842,0.43023368563948416
1568,3.8293285674268765e-06,0.8963865823461857,0.08739424269191912,20.626,26,97,216,924,8874,10313,442,0.097,0.216,0.924,0.43023368563948416
1569,4.122676956784388e-06,0.8965293869571148,0.08716005112313238,20.626,26,90,225,984,8874,10313,449,0.09,0.225,0.984,0.43023368563948416
1570,3.300925025670382e-06,0.8965085762958898,0.08722230464645664,20.626,26,90,224,819,8874,10313,448,0.09,0.224,0.819,0.43023368563948416
1571,3.78010125052006e-06,0.8964784725476986,0.08726610305385323,20.626,26,94,221,1290,8875,10313,448,0.094,0.221,1.29,0.4302821681373024
1572,3.782895871262487e-06,0.8964402779254614,0.08726459766943236,20.626,26,83,233,1197,8875,10313,450,0.083,0.233,1.197,0.4302821681373024
1573,3.884498670231662e-06,0.8963793283654627,0.0874107665130526,20.626,26,96,219,767,8875,10313,444,0.096,0.219,0.767,0.4302821681373024
1574,4.219804206286085e-06,0.8965225531292035,0.0871627048110887,20.626,26,87,221,965,8875,10313,442,0.087,0.221,0.965,0.4302821681373024
1575,3.47329618161696e-06,0.896496510877967,0.0872303366396138,20.626,26,90,219,811,8875,10313,443,0.09,0.219,0.811,0.4302821681373024
1576,3.907558497741719e-06,0.896493107223703,0.08725076344131853,20.626,26,102,213,1014,8875,10313,453,0.102,0.213,1.014,0.4302821681373024
1577,3.864940649403254e-06,0.8964535909379122,0.08724028132167283,20.626,26,84,234,1551,8875,10313,452,0.084,0.234,1.551,0.4302821681373024
1578,3.89288620639782e-06,0.8963790649778184,0.08739301393540555,20.626,26,97,212,1127,8875,10313,438,0.097,0.212,1.127,0.4302821681373024
1579,4.156376275844857e-06,0.8965221119422504,0.08716088047648136,20.626,26,88,224,904,8875,10313,446,0.088,0.224,0.904,0.4302821681373024
1580,3.3912442323875e-06,0.8965047407248826,0.08723552826484415,20.626,26,90,221,798,8875,10313,445,0.09,0.221,0.798,0.4302821681373024
1581,3.9995346338153295e-06,0.896489804682541,0.0872545569142531,20.626,26,93,207,1150,8876,10313,437,0.093,0.207,1.15,0.4303306506351207
1582,3.8104786819422236e-06,0.8964588030511111,0.08724377400401581,20.626,26,81,235,1734,8876,10313,450,0.081,0.235,1.734,0.4303306506351207
1583,3.851969669084863e-06,0.8963876877158404,0.08739425275409539,20.626,26,98,217,806,8876,10313,444,0.098,0.217,0.806,0.4303306506351207
1584,4.188060285543441e-06,0.8965207611902245,0.08715852131694098,20.626,26,88,222,994,8876,10313,444,0.088,0.222,0.994,0.4303306506351207
1585,3.2654739104317013e-06,0.8965034013997745,0.08722159250887661,20.626,26,93,226,810,8876,10313,453,0.093,0.226,0.81,0.4303306506351207
1586,3.5809783543220107e-06,0.8964737641808778,0.08726570427805447,20.626,26,103,230,1159,8876,10313,466,0.103,0.23,1.159,0.4303306506351207
1587,3.7464457995948933e-06,0.8964461887827454,0.08726609943080156,20.626,26,86,228,1287,8876,10313,448,0.086,0.228,1.287,0.4303306506351207
1588,3.896682508272481e-06,0.8963877317553417,0.08741223699361535,20.626,26,95,214,882,8876,10313,438,0.095,0.214,0.882,0.4303306506351207
1589,4.153315177406283e-06,0.8965287213810986,0.08716353702814487,20.626,26,88,222,954,8876,10313,444,0.088,0.222,0.954,0.4303306506351207
1590,3.4203215665653955e-06,0.8965024781961436,0.08723124959164125,20.626,26,89,220,795,8876,10313,443,0.089,0.22,0.795,0.4303306506351207
1591,3.9943292810989706e-06,0.8964918157139254,0.0872504862307276,20.626,26,93,206,1023,8876,10313,437,0.093,0.206,1.023,0.4303306506351207
1592,3.832982845433014e-06,0.8964576960024793,0.08724120197961764,20.626,26,81,235,1473,8876,10313,450,0.081,0.235,1.473,0.4303306506351207
1593,3.882407551690468e-06,0.8963865202865912,0.08739428998542513,20.626,26,97,218,1032,8876,10313,444,0.097,0.218,1.032,0.4303306506351207
1594,4.215133541144229e-06,0.8965206450554859,0.08716042605657168,20.626,26,88,222,968,8876,10313,444,0.088,0.222,0.968,0.4303306506351207
1595,3.290504523781233e-06,0.8965049397126635,0.08722376815862352,20.626,26,92,222,823,8876,10313,448,0.092,0.222,0.823,0.4303306506351207
1596,3.5822298696662414e-06,0.8964775491049731,0.0872671210746451,20.626,26,102,231,1151,8876,10313,466,0.102,0.231,1.151,0.4303306506351207
1597,3.76804901670948e-06,0.8964469334998315,0.08726555957514938,20.626,26,87,229,1302,8876,10313,450,0.087,0.229,1.302,0.4303306506351207
1598,3.924400948341784e-06,0.8963794472370885,0.08740950755252953,20.626,26,96,215,886,8876,10313,440,0.096,0.215,0.886,0.4303306506351207
1599,4.133478473533927e-06,0.8965218463103733,0.08716147545763993,20.626,26,89,223,944,8876,10313,446,0.089,0.223,0.944,0.4303306506351207
1600,3.4042126522218906e-06,0.8964983807276254,0.08723061636232456,20.626,26,89,220,799,8876,10313,443,0.089,0.22,0.799,0.4303306506351207
1601,3.999181609951573e-06,0.8964926126663788,0.08725100174032113,20.626,26,93,206,1034,8876,10313,437,0.093,0.206,1.034,0.4303306506351207
1602,3.849949199501137e-06,0.8964620230683988,0.08724221548487769,20.626,26,82,236,1481,8876,10313,452,0.082,0.236,1.481,0.4303306506351207
1603,3.884449602166401e-06,0.8963835441774023,0.08739380340832995,20.626,26,99,216,1061,8876,10313,444,0.099,0.216,1.061,0.4303306506351207
1604,4.21389037669567e-06,0.8965219721081903,0.0871605469644888,20.626,26,89,223,916,8876,10313,446,0.089,0.223,0.916,0.4303306506351207
1605,3.3332133460124366e-06,0.8965036873707558,0.0872223985053308,20.626,26,92,222,827,8876,10313,448,0.092,0.222,0.827,0.4303306506351207
1606,3.661842571430078e-06,0.8964773694813902,0.08726630589747067,20.626,26,102,227,1070,8876,10313,462,0.102,0.227,1.07,0.4303306506351207
1607,3.7850806414810736e-06,0.8964426207771579,0.0872647379307969,20.626,26,86,230,1091,8876,10313,450,0.086,0.23,1.091,0.4303306506351207
1608,3.825101945232511e-06,0.896377226688877,0.08740963757986384,20.626,26,97,220,872,8876,10313,446,0.097,0.22,0.872,0.4303306506351207
1609,4.05237854335961e-06,0.8965194075438053,0.08716163768158415,20.626,26,91,226,985,8876,10313,451,0.091,0.226,0.985,0.4303306506351207
1610,3.154709176222297e-06,0.8965201865445347,0.08720413011809086,20.626,26,91,230,808,8876,10313,455,0.091,0.23,0.808,0.4303306506351207
1611,3.6608494206438533e-06,0.8964820797111738,0.0872700553034468,20.626,26,96,213,1085,8876,10313,447,0.096,0.213,1.085,0.4303306506351207
1612,3.752673469729797e-06,0.8964312183524039,0.08728001165988016,20.626,26,83,231,973,8877,10313,448,0.083,0.231,0.973,0.430379133132939
1613,3.865104760846948e-06,0.8963678346164272,0.08742557553077343,20.626,26,97,216,751,8877,10313,442,0.097,0.216,0.751,0.430379133132939
1614,4.2013866601732864e-06,0.8965162800234902,0.08716922345460268,20.626,26,87,217,996,8877,10313,438,0.087,0.217,0.996,0.430379133132939
1615,3.3459497849949835e-06,0.8965102857768009,0.0872139837788392,20.626,26,90,219,792,8877,10313,443,0.09,0.219,0.792,0.430379133132939
1616,3.6585720097273404e-06,0.8964956004130803,0.08725545189906399,20.626,26,100,229,1013,8877,10313,462,0.1,0.229,1.013,0.430379133132939
1617,3.854151145091318e-06,0.8964562141867294,0.08725779962518511,20.626,26,86,228,1061,8877,10313,448,0.086,0.228,1.061,0.430379133132939
1618,3.950860042314487e-06,0.896372323879499,0.08740785843019211,20.626,26,96,213,864,8877,10313,438,0.096,0.213,0.864,0.430379133132939
1619,4.151854758610327e-06,0.8965124475132491,0.08716568430421792,20.626,26,91,219,908,8877,10313,444,0.091,0.219,0.908,0.430379133132939
1620,3.2020729265377893e-06,0.8965105279422415,0.08720767995867536,20.626,26,89,220,783,8877,10313,443,0.089,0.22,0.783,0.430379133132939
1621,3.6021426418239087e-06,0.8964787100139506,0.08727274082658167,20.626,26,94,212,1035,8878,10313,443,0.094,0.212,1.035,0.4304276156307573
1622,3.739809300225568e-06,0.8964482050078564,0.08728304130287373,20.626,26,83,233,1299,8878,10313,450,0.083,0.233,1.299,0.4304276156307573
1623,3.896088091658287e-06,0.896375220249636,0.087424363279947,20.626,26,97,218,763,8878,10313,444,0.097,0.218,0.763,0.4304276156307573
1624,4.19101401466521e-06,0.8965146672117406,0.08716610979176537,20.626,26,90,215,936,8878,10313,439,0.09,0.215,0.936,0.4304276156307573
1625,3.27282917581993e-06,0.8965088531016245,0.08720035154026362,20.626,26,89,220,797,8878,10313,443,0.089,0.22,0.797,0.4304276156307573
1626,3.5409422864603147e-06,0.8964798042536103,0.08726690786667934,20.626,26,101,216,1029,8878,10313,455,0.101,0.216,1.029,0.4304276156307573
1627,3.722178274035988e-06,0.8964371132260948,0.08727925491398951,20.626,26,83,224,1005,8878,10313,442,0.083,0.224,1.005,0.4304276156307573
1628,3.868151885827449e-06,0.8963795705068526,0.08742727863985131,20.626,26,93,216,855,8878,10313,438,0.093,0.216,0.855,0.4304276156307573
1629,4.133896874334741e-06,0.8965272796696298,0.08717173889389553,20.626,26,89,224,984,8878,10313,447,0.089,0.224,0.984,0.4304276156307573
1630,3.5028357907143124e-06,0.8965033389485447,0.08722180938024338,20.626,26,90,222,794,8878,10313,446,0.09,0.222,0.794,0.4304276156307573
1631,3.963933925253362e-06,0.8964902321948657,0.08725921465707268,20.626,26,95,224,1066,8878,10313,452,0.095,0.224,1.066,0.4304276156307573
1632,3.8727366664972685e-06,0.8964414725472016,0.0872542447615873,20.626,26,83,237,1105,8878,10313,454,0.083,0.237,1.105,0.4304276156307573
1633,3.831977476172219e-06,0.896377810456323,0.08739185261888992,20.626,26,96,215,755,8878,10313,440,0.096,0.215,0.755,0.4304276156307573
1634,4.1271513511566125e-06,0.896513947330292,0.08717573688330048,20.626,26,89,219,961,8878,10313,442,0.089,0.219,0.961,0.4304276156307573
1635,3.2026703162753456e-06,0.8965029952756133,0.08722744056867805,20.626,26,93,223,705,8878,10313,450,0.093,0.223,0.705,0.4304276156307573
1636,3.501709656469454e-06,0.896463369588172,0.08728608628089651,20.626,26,106,222,890,8879,10313,465,0.106,0.222,0.89,0.43047609812857557
1637,3.709503147410931e-06,0.8964226267531529,0.08728253081265856,20.626,26,87,231,1022,8879,10313,452,0.087,0.231,1.022,0.43047609812857557
1638,3.831929824993771e-06,0.8963665135914561,0.0874219796415613,20.626,26,97,222,690,8879,10313,448,0.097,0.222,0.69,0.43047609812857557
1639,4.075318811663341e-06,0.8965214445914348,0.08716505615067398,20.626,26,90,223,933,8879,10313,447,0.09,0.223,0.933,0.43047609812857557
1640,3.460482115872807e-06,0.8965032337096238,0.08722758196272318,20.626,26,90,222,811,8879,10313,446,0.09,0.222,0.811,0.43047609812857557
1641,3.930977558517946e-06,0.896496619449948,0.08724793369554985,20.626,26,94,221,1070,8879,10313,448,0.094,0.221,1.07,0.43047609812857557
1642,3.8476689637164634e-06,0.8964615333742766,0.08724055892806769,20.626,26,80,233,1771,8879,10313,448,0.08,0.233,1.771,0.43047609812857557
1643,3.89236352436067e-06,0.8963873863642234,0.08739414473061424,20.626,26,96,215,965,8879,10313,440,0.096,0.215,0.965,0.43047609812857557
1644,4.294474386446494e-06,0.8965259518924015,0.0871623414471851,20.626,26,86,221,914,8879,10313,441,0.086,0.221,0.914,0.43047609812857557
1645,3.452840490878903e-06,0.8964966924540282,0.08723429185342792,20.626,26,91,220,867,8879,10313,445,0.091,0.22,0.867,0.43047609812857557
1646,3.860594575284813e-06,0.8964814109610091,0.08725312653805185,20.626,26,102,216,1139,8879,10313,455,0.102,0.216,1.139,0.43047609812857557
1647,3.797123942246157e-06,0.8964487170452925,0.08724205784088294,20.626,26,84,232,1842,8879,10313,450,0.084,0.232,1.842,0.43047609812857557
1648,3.829328566954167e-06,0.8963865822647579,0.08739424267501414,20.626,26,97,216,924,8880,10313,442,0.097,0.216,0.924,0.43052458062639387
1649,4.122676956892559e-06,0.8965293868754893,0.08716005110621029,20.626,26,90,225,984,8880,10313,449,0.09,0.225,0.984,0.43052458062639387
1650,3.3009250256423924e-06,0.8965085762142844,0.08722230462953871,20.626,26,90,224,819,8880,10313,448,0.09,0.224,0.819,0.43052458062639387
1651,3.7801012542108703e-06,0.8964784724396939,0.08726610303146694,20.626,26,94,221,1290,8880,10313,448,0.094,0.221,1.29,0.43052458062639387
1652,3.7828958727110936e-06,0.8964402778107976,0.08726459764565828,20.626,26,83,233,1197,8880,10313,450,0.083,0.233,1.197,0.43052458062639387
1653,3.8844986697620145e-06,0.8963793282514143,0.0874107664893934,20.626,26,96,219,767,8880,10313,444,0.096,0.219,0.767,0.43052458062639387
1654,4.219804206395176e-06,0.8965225530149642,0.08716270478742356,20.626,26,87,221,965,8880,10313,442,0.087,0.221,0.965,0.43052458062639387
1655,3.473296181611116e-06,0.8964965107637559,0.08723033661595145,20.626,26,90,219,811,8880,10313,443,0.09,0.219,0.811,0.43052458062639387
1656,3.907558501949887e-06,0.8964931070843872,0.08725076341246046,20.626,26,102,213,1014,8881,10313,453,0.102,0.213,1.014,0.4305730631242122
1657,3.864940650610523e-06,0.8964535907923773,0.08724028129151566,20.626,26,84,234,1551,8882,10313,452,0.084,0.234,1.551,0.4306215456220304
1658,3.892886206943015e-06,0.8963790648317488,0.08739301390511707,20.626,26,97,212,1127,8882,10313,438,0.097,0.212,1.127,0.4306215456220304
1659,4.156376275978473e-06,0.8965221117959647,0.08716088044619091,20.626,26,88,224,904,8882,10313,446,0.088,0.224,0.904,0.4306215456220304
1660,3.391244232398172e-06,0.8965047405786463,0.08723552823456128,20.626,26,90,221,798,8882,10313,445,0.09,0.221,0.798,0.4306215456220304
1661,3.999534639139126e-06,0.8964898045142932,0.08725455687941078,20.626,26,93,207,1150,8882,10313,437,0.093,0.207,1.15,0.4306215456220304
1662,3.81047868344218e-06,0.8964588028762881,0.08724377396780156,20.626,26,81,235,1734,8883,10313,450,0.081,0.235,1.734,0.4306700281198487
1663,3.8519696686911164e-06,0.8963876875415892,0.08739425271797566,20.626,26,98,217,806,8883,10313,444,0.098,0.217,0.806,0.4306700281198487
1664,4.188060285630728e-06,0.8965207610158225,0.08715852128083716,20.626,26,88,222,994,8883,10313,444,0.088,0.222,0.994,0.4306700281198487
1665,3.2654739104714703e-06,0.8965034012254293,0.0872215924727801,20.626,26,93,226,810,8883,10313,453,0.093,0.226,0.81,0.4306700281198487
1666,3.580978357092326e-06,0.8964737639920077,0.08726570423894123,20.626,26,103,230,1159,8883,10313,466,0.103,0.23,1.159,0.4306700281198487
1667,3.7464458006272837e-06,0.896446188590523,0.0872660993909837,20.626,26,86,228,1287,8883,10313,448,0.086,0.228,1.287,0.4306700281198487
1668,3.896682507090815e-06,0.8963877315644759,0.0874122369540566,20.626,26,95,214,882,8883,10313,438,0.095,0.214,0.882,0.4306700281198487
1669,4.153315177456716e-06,0.896528721190161,0.08716353698862528,20.626,26,88,222,954,8883,10313,444,0.088,0.222,0.954,0.4306700281198487
1670,3.4203215665863833e-06,0.8965024780053155,0.08723124955213521,20.626,26,89,220,795,8883,10313,443,0.089,0.22,0.795,0.4306700281198487
1671,3.9943292838709824e-06,0.896491815510872,0.08725048618868748,20.626,26,93,206,1023,8883,10313,437,0.093,0.206,1.023,0.4306700281198487
1672,3.832982846162853e-06,0.8964576957966371,0.08724120193698662,20.626,26,81,235,1473,8883,10313,450,0.081,0.235,1.473,0.4306700281198487
1673,3.882407551516229e-06,0.8963865200810391,0.08739428994282576,20.626,26,97,218,1032,8883,10313,444,0.097,0.218,1.032,0.4306700281198487
1674,4.215133541172244e-06,0.8965206448498945,0.0871604260140196,20.626,26,88,222,968,8883,10313,444,0.088,0.222,0.968,0.4306700281198487
1675,3.2905045238409352e-06,0.8965049395071713,0.08722376811608602,20.626,26,92,222,823,8883,10313,448,0.092,0.222,0.823,0.4306700281198487
1676,3.5822298710363693e-06,0.896477548892245,0.0872671210305986,20.626,26,102,231,1151,8884,10313,466,0.102,0.231,1.151,0.430718510617667
1677,3.7680490172897945e-06,0.8964469332850248,0.08726555953065973,20.626,26,87,229,1302,8884,10313,450,0.087,0.229,1.302,0.430718510617667
1678,3.924400948778331e-06,0.8963794470218509,0.08740950750792226,20.626,26,96,215,886,8885,10313,440,0.096,0.215,0.886,0.43076699311548533
1679,4.1334784735857415e-06,0.8965218460950686,0.08716147541308035,20.626,26,89,223,944,8885,10313,446,0.089,0.223,0.944,0.43076699311548533
1680,3.404212652257696e-06,0.8964983805124409,0.08723061631778012,20.626,26,89,220,799,8885,10313,443,0.089,0.22,0.799,0.43076699311548533
1681,3.999181612066624e-06,0.8964926124431328,0.08725100169410592,20.626,26,93,206,1034,8885,10313,437,0.093,0.206,1.034,0.43076699311548533
1682,3.84994919984088e-06,0.8964620228441987,0.08724221543845172,20.626,26,82,236,1481,8885,10313,452,0.082,0.236,1.481,0.43076699311548533
1683,3.884449601350369e-06,0.8963835439542253,0.08739380336208163,20.626,26,99,216,1061,8885,10313,444,0.099,0.216,1.061,0.43076699311548533
1684,4.213890376664616e-06,0.8965219718850549,0.08716054691831124,20.626,26,89,223,916,8885,10313,446,0.089,0.223,0.916,0.43076699311548533
1685,3.333213346078213e-06,0.8965036871477658,0.08722239845917537,20.626,26,92,222,827,8885,10313,448,0.092,0.222,0.827,0.43076699311548533
1686,3.661842572124191e-06,0.8964773692545014,0.08726630585049651,20.626,26,102,227,1070,8885,10313,462,0.102,0.227,1.07,0.43076699311548533
1687,3.785080641579689e-06,0.8964426205506065,0.08726473788387734,20.626,26,86,230,1091,8885,10313,450,0.086,0.23,1.091,0.43076699311548533
1688,3.825101947111423e-06,0.8963772264601622,0.087409637532467,20.626,26,97,220,872,8885,10313,446,0.097,0.22,0.872,0.43076699311548533
1689,4.052378543384301e-06,0.8965194073150625,0.08716163763424697,20.626,26,91,226,985,8885,10313,451,0.091,0.226,0.985,0.43076699311548533
1690,3.1547091762802827e-06,0.8965201863159311,0.08720413007078291,20.626,26,91,230,808,8885,10313,455,0.091,0.23,0.808,0.43076699311548533
1691,3.6608494207372523e-06,0.896482079483744,0.08727005525636451,20.626,26,96,213,1085,8885,10313,447,0.096,0.213,1.085,0.43076699311548533
1692,3.752673470156133e-06,0.8964312181234141,0.08728001161245205,20.626,26,83,231,973,8886,10313,448,0.083,0.231,0.973,0.4308154756133036
1693,3.865104762323911e-06,0.8963678343857909,0.08742557548297551,20.626,26,97,216,751,8886,10313,442,0.097,0.216,0.751,0.4308154756133036
1694,4.201386660196025e-06,0.896516279792844,0.08716922340687124,20.626,26,87,217,996,8886,10313,438,0.087,0.217,0.996,0.4308154756133036
1695,3.3459497850850083e-06,0.896510285546238,0.0872139837311218,20.626,26,90,219,792,8886,10313,443,0.09,0.219,0.792,0.4308154756133036
1696,3.6585720091244325e-06,0.8964956001874563,0.08725545185236216,20.626,26,100,229,1013,8886,10313,462,0.1,0.229,1.013,0.4308154756133036
1697,3.854151145164979e-06,0.8964562139618454,0.08725779957861927,20.626,26,86,228,1061,8886,10313,448,0.086,0.228,1.061,0.4308154756133036
1698,3.9508600431777115e-06,0.8963723236536119,0.0874078583833812,20.626,26,96,213,864,8886,10313,438,0.096,0.213,0.864,0.4308154756133036
1699,4.151854758585023e-06,0.8965124472874143,0.08716568425748113,20.626,26,91,219,908,8886,10313,444,0.091,0.219,0.908,0.4308154756133036
1700,3.202072926603553e-06,0.8965105277165406,0.08720767991196485,20.626,26,89,220,783,8886,10313,443,0.089,0.22,0.783,0.4308154756133036
1701,3.602142641162401e-06,0.8964787097928267,0.08727274078080419,20.626,26,94,212,1035,8886,10313,443,0.094,0.212,1.035,0.4308154756133036
1702,3.73980930065356e-06,0.8964482047851469,0.08728304125675487,20.626,26,83,233,1299,8887,10313,450,0.083,0.233,1.299,0.4308639581111219
1703,3.8960880885059724e-06,0.8963752200308327,0.08742436323460563,20.626,26,97,218,763,8887,10313,444,0.097,0.218,0.763,0.4308639581111219
1704,4.191014014592711e-06,0.8965146669930575,0.08716610974651001,20.626,26,90,215,936,8887,10313,439,0.09,0.215,0.936,0.4308639581111219
1705,3.2728291758749e-06,0.8965088528831213,0.08720035149504234,20.626,26,89,220,797,8887,10313,443,0.089,0.22,0.797,0.4308639581111219
1706,3.5409422857600645e-06,0.8964798040423624,0.0872669078229471,20.626,26,101,216,1029,8887,10313,455,0.101,0.216,1.029,0.4308639581111219
1707,3.722178273760527e-06,0.8964371130167554,0.0872792548706349,20.626,26,83,224,1005,8887,10313,442,0.083,0.224,1.005,0.4308639581111219
1708,3.868151884008234e-06,0.8963795702995212,0.08742727859688905,20.626,26,93,216,855,8887,10313,438,0.093,0.216,0.855,0.4308639581111219
1709,4.133896874284977e-06,0.8965272794623902,0.08717173885101348,20.626,26,89,224,984,8887,10313,447,0.089,0.224,0.984,0.4308639581111219
1710,3.5028357907482543e-06,0.896503338741493,0.08722180933738971,20.626,26,90,222,794,8887,10313,446,0.09,0.222,0.794,0.4308639581111219
1711,3.9639339246570715e-06,0.8964902319949156,0.08725921461568344,20.626,26,95,224,1066,8888,10313,452,0.095,0.224,1.066,0.4309124406089402
1712,3.872736666475274e-06,0.8964414723482378,0.08725424472038325,20.626,26,83,237,1105,8888,10313,454,0.083,0.237,1.105,0.4309124406089402
1713,3.831977476260472e-06,0.8963778102572922,0.08739185257764695,20.626,26,96,215,755,8888,10313,440,0.096,0.215,0.755,0.4309124406089402
1714,4.127151351143487e-06,0.8965139471313048,0.08717573684212064,20.626,26,89,219,961,8888,10313,442,0.089,0.219,0.961,0.4309124406089402
1715,3.2026703163555062e-06,0.8965029950767277,0.08722744052751434,20.626,26,93,223,705,8888,10313,450,0.093,0.223,0.705,0.4309124406089402
1716,3.5017096560876753e-06,0.8964633693984854,0.08728608624162158,20.626,26,106,222,890,8888,10313,465,0.106,0.222,0.89,0.4309124406089402
1717,3.7095031468231928e-06,0.8964226265672374,0.08728253077414977,20.626,26,87,231,1022,8888,10313,452,0.087,0.231,1.022,0.4309124406089402
1718,3.831929826561001e-06,0.8963665134037897,0.08742197960266908,20.626,26,97,222,690,8888,10313,448,0.097,0.222,0.69,0.4309124406089402
1719,4.0753188116368234e-06,0.8965214444038204,0.08716505611185064,20.626,26,90,223,933,8888,10313,447,0.09,0.223,0.933,0.4309124406089402
1720,3.460482115910173e-06,0.8965032335221301,0.08722758192391741,20.626,26,90,222,811,8888,10313,446,0.09,0.222,0.811,0.4309124406089402
1721,3.930977556860421e-06,0.8964966192706435,0.08724793365843661,20.626,26,94,221,1070,8888,10313,448,0.094,0.221,1.07,0.4309124406089402
1722,3.847668963695127e-06,0.8964615331957106,0.08724055889109507,20.626,26,80,233,1771,8888,10313,448,0.08,0.233,1.771,0.4309124406089402
1723,3.892363525202385e-06,0.8963873861846775,0.08739414469341242,20.626,26,96,215,965,8888,10313,440,0.096,0.215,0.965,0.4309124406089402
1724,4.294474386422964e-06,0.8965259517128957,0.08716234141004135,20.626,26,86,221,914,8888,10313,441,0.086,0.221,0.914,0.4309124406089402
1725,3.452840490947135e-06,0.8964966922746026,0.08723429181628976,20.626,26,91,220,867,8888,10313,445,0.091,0.22,0.867,0.4309124406089402
1726,3.860594573497101e-06,0.8964814107917732,0.08725312650301761,20.626,26,102,216,1139,8888,10313,455,0.102,0.216,1.139,0.4309124406089402
1727,3.7971239415280627e-06,0.8964487168796467,0.08724205780658138,20.626,26,84,232,1842,8888,10313,450,0.084,0.232,1.842,0.4309124406089402
1728,3.829328565965344e-06,0.8963865821002749,0.08739424264093315,20.626,26,97,216,924,8888,10313,442,0.097,0.216,0.924,0.4309124406089402
1729,4.1226769568519985e-06,0.896529386711094,0.08716005107219439,20.626,26,90,225,984,8888,10313,449,0.09,0.225,0.984,0.4309124406089402
1730,3.3009250256742662e-06,0.8965085760500355,0.08722230459554584,20.626,26,90,224,819,8888,10313,448,0.09,0.224,0.819,0.4309124406089402
1731,3.78010125295219e-06,0.8964784722854033,0.0872661029995256,20.626,26,94,221,1290,8888,10313,448,0.094,0.221,1.29,0.4309124406089402
1732,3.7828958719913904e-06,0.8964402776604374,0.08726459761451943,20.626,26,83,233,1197,8888,10313,450,0.083,0.233,1.197,0.4309124406089402
1733,3.884498669199478e-06,0.8963793281017295,0.08741076645837637,20.626,26,96,219,767,8888,10313,444,0.096,0.219,0.767,0.4309124406089402
1734,4.2198042063537345e-06,0.8965225528653616,0.08716270475646641,20.626,26,87,221,965,8888,10313,442,0.087,0.221,0.965,0.4309124406089402
1735,3.4732961816480915e-06,0.8964965106142653,0.0872303365850092,20.626,26,90,219,811,8888,10313,443,0.09,0.219,0.811,0.4309124406089402
1736,3.907558500125046e-06,0.896493106946652,0.0872507633839505,20.626,26,102,213,1014,8888,10313,453,0.102,0.213,1.014,0.4309124406089402
1737,3.864940650271967e-06,0.8964535906570136,0.08724028126348611,20.626,26,84,234,1551,8891,10313,452,0.084,0.234,1.551,0.43105788810239504
1738,3.892886206980927e-06,0.8963790646963715,0.0873930138770647,20.626,26,97,212,1127,8891,10313,438,0.097,0.212,1.127,0.43105788810239504
1739,4.156376275980168e-06,0.8965221116606118,0.08716088041818225,20.626,26,88,224,904,8891,10313,446,0.088,0.224,0.904,0.43105788810239504
1740,3.391244232429858e-06,0.8965047404433828,0.08723552820656612,20.626,26,90,221,798,8891,10313,445,0.09,0.221,0.798,0.43105788810239504
1741,3.999534636639478e-06,0.896489804390097,0.08725455685370247,20.626,26,93,207,1150,8891,10313,437,0.093,0.207,1.15,0.43105788810239504
1742,3.8104786831610676e-06,0.8964588027538795,0.0872437739424559,20.626,26,81,235,1734,8891,10313,450,0.081,0.235,1.734,0.43105788810239504
1743,3.851969668965969e-06,0.8963876874188667,0.08739425269254773,20.626,26,98,217,806,8892,10313,444,0.098,0.217,0.806,0.43110637060021334
1744,4.188060285632508e-06,0.8965207608931233,0.0871585212554466,20.626,26,88,222,994,8892,10313,444,0.088,0.222,0.994,0.43110637060021334
1745,3.2654739105258282e-06,0.8965034011027763,0.0872215924473945,20.626,26,93,226,810,8892,10313,453,0.093,0.226,0.81,0.43110637060021334
1746,3.580978354946915e-06,0.8964737638817343,0.08726570421611136,20.626,26,103,230,1159,8892,10313,466,0.103,0.23,1.159,0.43110637060021334
1747,3.7464458003840023e-06,0.8964461884815335,0.08726609936841381,20.626,26,86,228,1287,8892,10313,448,0.086,0.228,1.287,0.43110637060021334
1748,3.896682506193677e-06,0.8963877314564784,0.08741223693167971,20.626,26,95,214,882,8892,10313,438,0.095,0.214,0.882,0.43110637060021334
1749,4.153315177434178e-06,0.8965287210822149,0.08716353696628941,20.626,26,88,222,954,8892,10313,444,0.088,0.222,0.954,0.43110637060021334
1750,3.42032156660848e-06,0.8965024778974445,0.0872312495298089,20.626,26,89,220,795,8892,10313,443,0.089,0.22,0.795,0.43110637060021334
1751,3.99432928196395e-06,0.89649181541233,0.08725048616828995,20.626,26,93,206,1023,8892,10313,437,0.093,0.206,1.023,0.43110637060021334
1752,3.832982845674434e-06,0.8964576957007502,0.08724120191713224,20.626,26,81,235,1473,8892,10313,450,0.081,0.235,1.473,0.43110637060021334
1753,3.8824075522689945e-06,0.8963865199842532,0.08739428992277153,20.626,26,97,218,1032,8892,10313,444,0.097,0.218,1.032,0.43110637060021334
1754,4.2151335411643135e-06,0.8965206447531404,0.0871604259939979,20.626,26,88,222,968,8892,10313,444,0.088,0.222,0.968,0.43110637060021334
1755,3.2905045238850902e-06,0.8965049394104566,0.08722376809606919,20.626,26,92,222,823,8892,10313,448,0.092,0.222,0.823,0.43110637060021334
1756,3.5822298697408718e-06,0.8964775488037761,0.08726712101228361,20.626,26,102,231,1151,8892,10313,466,0.102,0.231,1.151,0.43110637060021334
1757,3.7680490173684475e-06,0.8964469331965471,0.08726555951233761,20.626,26,87,229,1302,8892,10313,450,0.087,0.229,1.302,0.43110637060021334
1758,3.924400949838819e-06,0.8963794469321651,0.08740950748933794,20.626,26,96,215,886,8892,10313,440,0.096,0.215,0.886,0.43110637060021334
1759,4.1334784736285785e-06,0.8965218460053379,0.08716147539451229,20.626,26,89,223,944,8892,10313,446,0.089,0.223,0.944,0.43110637060021334
1760,3.404212652292521e-06,0.896498380422734,0.08723061629921258,20.626,26,89,220,799,8892,10313,443,0.089,0.22,0.799,0.43110637060021334
1761,3.999181610591397e-06,0.8964926123599489,0.08725100167688757,20.626,26,93,206,1034,8892,10313,437,0.093,0.206,1.034,0.43110637060021334
1762,3.849949199171799e-06,0.8964620227649216,0.08724221542203739,20.626,26,82,236,1481,8892,10313,452,0.082,0.236,1.481,0.43110637060021334
1763,3.884449600274928e-06,0.8963835438762496,0.08739380334592466,20.626,26,99,216,1061,8892,10313,444,0.099,0.216,1.061,0.43110637060021334
1764,4.213890376612676e-06,0.8965219718071726,0.08716054690219513,20.626,26,89,223,916,8892,10313,446,0.089,0.223,0.916,0.43110637060021334
1765,3.3332133461028824e-06,0.8965036870699606,0.08722239844307196,20.626,26,92,222,827,8892,10313,448,0.092,0.222,0.827,0.43110637060021334
1766,3.6618425713896968e-06,0.8964773691826017,0.08726630583561161,20.626,26,102,227,1070,8892,10313,462,0.102,0.227,1.07,0.43110637060021334
1767,3.7850806409920764e-06,0.8964426204820164,0.08726473786967294,20.626,26,86,230,1091,8892,10313,450,0.086,0.23,1.091,0.43110637060021334
1768,3.825101949336436e-06,0.8963772263889509,0.08740963751771054,20.626,26,97,220,872,8892,10313,446,0.097,0.22,0.872,0.43110637060021334
1769,4.052378543405616e-06,0.8965194072438343,0.08716163761950724,20.626,26,91,226,985,8892,10313,451,0.091,0.226,0.985,0.43110637060021334
1770,3.154709176305586e-06,0.8965201862447343,0.08720413005604966,20.626,26,91,230,808,8892,10313,455,0.091,0.23,0.808,0.43110637060021334
1771,3.660849420602066e-06,0.8964820794152454,0.08727005524218444,20.626,26,96,213,1085,8892,10313,447,0.096,0.213,1.085,0.43110637060021334
1772,3.7526734697320405e-06,0.8964312180578496,0.08728001159887291,20.626,26,83,231,973,8892,10313,448,0.083,0.231,0.973,0.43110637060021334
1773,3.865104763920938e-06,0.8963678343184119,0.08742557546901199,20.626,26,97,216,751,8892,10313,442,0.097,0.216,0.751,0.43110637060021334
1774,4.201386660209437e-06,0.8965162797254614,0.08716922339292697,20.626,26,87,217,996,8892,10313,438,0.087,0.217,0.996,0.43110637060021334
1775,3.345949785121541e-06,0.8965102854788735,0.08721398371718024,20.626,26,90,219,792,8892,10313,443,0.09,0.219,0.792,0.43110637060021334
1776,3.6585720086983292e-06,0.8964956001230134,0.08725545183902343,20.626,26,100,229,1013,8892,10313,462,0.1,0.229,1.013,0.43110637060021334
1777,3.854151144748965e-06,0.8964562139009401,0.08725779956600814,20.626,26,86,228,1061,8892,10313,448,0.086,0.228,1.061,0.43110637060021334
1778,3.9508600439157135e-06,0.8963723235918347,0.08740785837057923,20.626,26,96,213,864,8892,10313,438,0.096,0.213,0.864,0.43110637060021334
1779,4.151854758580489e-06,0.8965124472256554,0.08716568424470024,20.626,26,91,219,908,8892,10313,444,0.091,0.219,0.908,0.43110637060021334
1780,3.2020729266223363e-06,0.89651052765483,0.08720767989919352,20.626,26,89,220,783,8892,10313,443,0.089,0.22,0.783,0.43110637060021334
1781,3.6021426408207337e-06,0.8964787097331756,0.08727274076845526,20.626,26,94,212,1035,8892,10313,443,0.094,0.212,1.035,0.43110637060021334
1782,3.739809300200072e-06,0.8964482047284871,0.08728304124502188,20.626,26,83,233,1299,8892,10313,450,0.083,0.233,1.299,0.43110637060021334
1783,3.896088086311789e-06,0.8963752199768692,0.08742436322342317,20.626,26,97,218,763,8892,10313,444,0.097,0.218,0.763,0.43110637060021334
1784,4.191014014554714e-06,0.896514666939159,0.08716610973535603,20.626,26,90,215,936,8892,10313,439,0.09,0.215,0.936,0.43110637060021334
1785,3.2728291758748502e-06,0.8965088528293199,0.0872003514839077,20.626,26,89,220,797,8892,10313,443,0.089,0.22,0.797,0.43110637060021334
1786,3.540942285467556e-06,0.896479803991298,0.08726690781237591,20.626,26,101,216,1029,8892,10313,455,0.101,0.216,1.029,0.43110637060021334
1787,3.722178273095698e-06,0.896437112968654,0.087279254860673,20.626,26,83,224,1005,8893,10313,442,0.083,0.224,1.005,0.4311548530980316
1788,3.868151883473892e-06,0.8963795702520048,0.08742727858704286,20.626,26,93,216,855,8893,10313,438,0.093,0.216,0.855,0.4311548530980316
1789,4.133896874279824e-06,0.8965272794148875,0.08717173884118416,20.626,26,89,224,984,8893,10313,447,0.089,0.224,0.984,0.4311548530980316
1790,3.5028357907548704e-06,0.8965033386940437,0.08722180932756907,20.626,26,90,222,794,8893,10313,446,0.09,0.222,0.794,0.4311548530980316
1791,3.963933924506064e-06,0.8964902319491801,0.0872592146062163,20.626,26,95,224,1066,8893,10313,452,0.095,0.224,1.066,0.4311548530980316
1792,3.872736665908827e-06,0.896441472306316,0.08725424471170157,20.626,26,83,237,1105,8893,10313,454,0.083,0.237,1.105,0.4311548530980316
1793,3.8319774762839745e-06,0.8963778102153519,0.0873918525689561,20.626,26,96,215,755,8893,10313,440,0.096,0.215,0.755,0.4311548530980316
1794,4.127151351145674e-06,0.8965139470893703,0.08717573683344239,20.626,26,89,219,961,8893,10313,442,0.089,0.219,0.961,0.4311548530980316
1795,3.202670316370015e-06,0.8965029950348397,0.08722744051884462,20.626,26,93,223,705,8893,10313,450,0.093,0.223,0.705,0.4311548530980316
1796,3.50170965600218e-06,0.8964633693585911,0.08728608623336143,20.626,26,106,222,890,8893,10313,465,0.106,0.222,0.89,0.4311548530980316
1797,3.7095031459309376e-06,0.8964226265320353,0.08728253076685842,20.626,26,87,231,1022,8893,10313,452,0.087,0.231,1.022,0.4311548530980316
1798,3.831929827757137e-06,0.8963665133672437,0.08742197959509525,20.626,26,97,222,690,8893,10313,448,0.097,0.222,0.69,0.4311548530980316
1799,4.075318811642721e-06,0.896521444367273,0.08716505610428782,20.626,26,90,223,933,8893,10313,447,0.09,0.223,0.933,0.4311548530980316
1800,3.460482115919086e-06,0.8965032334856089,0.08722758191635858,20.626,26,90,222,811,8893,10313,446,0.09,0.222,0.811,0.4311548530980316
1801,3.930977556499367e-06,0.8964966192358618,0.08724793365123733,20.626,26,94,221,1070,8893,10313,448,0.094,0.221,1.07,0.4311548530980316
1802,3.847668962791912e-06,0.8964615331652807,0.08724055888479453,20.626,26,80,233,1771,8893,10313,448,0.08,0.233,1.771,0.4311548530980316
1803,3.892363525379983e-06,0.8963873861540421,0.0873941446870648,20.626,26,96,215,965,8893,10313,440,0.096,0.215,0.965,0.4311548530980316
1804,4.2944743864137826e-06,0.8965259516822799,0.08716234140370627,20.626,26,86,221,914,8893,10313,441,0.086,0.221,0.914,0.4311548530980316
1805,3.452840490951475e-06,0.8964966922440295,0.08723429180996166,20.626,26,91,220,867,8893,10313,445,0.091,0.22,0.867,0.4311548530980316
1806,3.8605945731668516e-06,0.8964814107630521,0.0872531264970719,20.626,26,102,216,1139,8893,10313,455,0.102,0.216,1.139,0.4311548530980316
1807,3.7971239403981166e-06,0.8964487168557824,0.08724205780163966,20.626,26,84,232,1842,8896,10313,450,0.084,0.232,1.842,0.4313003005914865
1808,3.8293285653398475e-06,0.8963865820771274,0.08739424263613703,20.626,26,97,216,924,8896,10313,442,0.097,0.216,0.924,0.4313003005914865
1809,4.122676956834007e-06,0.8965293866879824,0.08716005106741223,20.626,26,90,225,984,8896,10313,449,0.09,0.225,0.984,0.4313003005914865
1810,3.3009250256683014e-06,0.8965085760269851,0.08722230459077532,20.626,26,90,224,819,8896,10313,448,0.09,0.224,0.819,0.4313003005914865
1811,3.7801012527970206e-06,0.8964784722635786,0.08726610299500748,20.626,26,94,221,1290,8896,10313,448,0.094,0.221,1.29,0.4313003005914865
1812,3.7828958707928142e-06,0.8964402776443136,0.08726459761118029,20.626,26,83,233,1197,8899,10313,450,0.083,0.233,1.197,0.43144574808494135
1813,3.884498668805232e-06,0.8963793280860618,0.08741076645512981,20.626,26,96,219,767,8899,10313,444,0.096,0.219,0.767,0.43144574808494135
1814,4.219804206331946e-06,0.8965225528497317,0.08716270475323208,20.626,26,87,221,965,8899,10313,442,0.087,0.221,0.965,0.43144574808494135
1815,3.473296181635946e-06,0.8964965105986916,0.08723033658178567,20.626,26,90,219,811,8899,10313,443,0.09,0.219,0.811,0.43144574808494135
1816,3.907558499987665e-06,0.8964931069319696,0.08725076338091131,20.626,26,102,213,1014,8899,10313,453,0.102,0.213,1.014,0.43144574808494135
1817,3.864940649403476e-06,0.8964535906470821,0.08724028126142962,20.626,26,84,234,1551,8899,10313,452,0.084,0.234,1.551,0.43144574808494135
1818,3.892886206987508e-06,0.8963790646864345,0.08739301387500556,20.626,26,97,212,1127,8899,10313,438,0.097,0.212,1.127,0.43144574808494135
1819,4.156376275978969e-06,0.8965221116506821,0.08716088041612743,20.626,26,88,224,904,8899,10313,446,0.088,0.224,0.904,0.43144574808494135
1820,3.391244232419763e-06,0.8965047404334928,0.08723552820451917,20.626,26,90,221,798,8899,10313,445,0.09,0.221,0.798,0.43144574808494135
1821,3.999534636450274e-06,0.8964898043810426,0.0872545568518282,20.626,26,93,207,1150,8899,10313,437,0.093,0.207,1.15,0.43144574808494135
1822,3.810478682025671e-06,0.8964588027501881,0.08724377394169161,20.626,26,81,235,1734,8899,10313,450,0.081,0.235,1.734,0.43144574808494135
1823,3.851969669076616e-06,0.8963876874150376,0.08739425269175435,20.626,26,98,217,806,8899,10313,444,0.098,0.217,0.806,0.43144574808494135
1824,4.188060285625921e-06,0.8965207608893097,0.08715852125465745,20.626,26,88,222,994,8899,10313,444,0.088,0.222,0.994,0.43144574808494135
1825,3.265473910520723e-06,0.8965034010989943,0.08722159244661173,20.626,26,93,226,810,8899,10313,453,0.093,0.226,0.81,0.43144574808494135
1826,3.5809783548025207e-06,0.8964737638787629,0.08726570421549616,20.626,26,103,230,1159,8899,10313,466,0.103,0.23,1.159,0.43144574808494135
1827,3.7464457990796156e-06,0.8964461884834423,0.08726609936880915,20.626,26,86,228,1287,8899,10313,448,0.086,0.228,1.287,0.43144574808494135
1828,3.896682505835411e-06,0.8963877314587722,0.087412236932155,20.626,26,95,214,882,8899,10313,438,0.095,0.214,0.882,0.43144574808494135
1829,4.153315177415023e-06,0.8965287210845381,0.08716353696677014,20.626,26,88,222,954,8899,10313,444,0.088,0.222,0.954,0.43144574808494135
1830,3.420321566592291e-06,0.8965024778998066,0.08723124953029779,20.626,26,89,220,795,8899,10313,443,0.089,0.22,0.795,0.43144574808494135
1831,3.994329281782038e-06,0.8964918154155344,0.08725048616895317,20.626,26,93,206,1023,8899,10313,437,0.093,0.206,1.023,0.43144574808494135
1832,3.832982844601504e-06,0.8964576957089748,0.08724120191883522,20.626,26,81,235,1473,8899,10313,450,0.081,0.235,1.473,0.43144574808494135
1833,3.882407552461167e-06,0.8963865199922368,0.08739428992442572,20.626,26,97,218,1032,8899,10313,444,0.097,0.218,1.032,0.43144574808494135
1834,4.2151335411494565e-06,0.8965206447611485,0.087160425995655,20.626,26,88,222,968,8899,10313,444,0.088,0.222,0.968,0.43144574808494135
1835,3.290504523874248e-06,0.8965049394184903,0.08722376809773184,20.626,26,92,222,823,8899,10313,448,0.092,0.222,0.823,0.43144574808494135
1836,3.582229869604285e-06,0.8964775488125944,0.08726712101410918,20.626,26,102,231,1151,8899,10313,466,0.102,0.231,1.151,0.43144574808494135
1837,3.768049016577593e-06,0.8964469332091999,0.08726555951495779,20.626,26,87,229,1302,8899,10313,450,0.087,0.229,1.302,0.43144574808494135
1838,3.924400950223918e-06,0.8963794469443638,0.0874095074918657,20.626,26,96,215,886,8899,10313,440,0.096,0.215,0.886,0.43144574808494135
1839,4.133478473626849e-06,0.8965218460175394,0.08716147539703716,20.626,26,89,223,944,8899,10313,446,0.089,0.223,0.944,0.43144574808494135
1840,3.4042126522816555e-06,0.8964983804349488,0.08723061630174077,20.626,26,89,220,799,8899,10313,443,0.089,0.22,0.799,0.43144574808494135
1841,3.999181610377125e-06,0.8964926123730319,0.08725100167959565,20.626,26,93,206,1034,8899,10313,437,0.093,0.206,1.034,0.43144574808494135
1842,3.8499491982720764e-06,0.8964620227827086,0.08724221542572028,20.626,26,82,236,1481,8899,10313,452,0.082,0.236,1.481,0.43144574808494135
1843,3.884449600192477e-06,0.896383543894125,0.0873938033496286,20.626,26,99,216,1061,8899,10313,444,0.099,0.216,1.061,0.43144574808494135
1844,4.213890376590994e-06,0.8965219718250826,0.08716054690590128,20.626,26,89,223,916,8899,10313,446,0.089,0.223,0.916,0.43144574808494135
1845,3.3332133460872783e-06,0.896503687087894,0.0872223984467836,20.626,26,92,222,827,8899,10313,448,0.092,0.222,0.827,0.43144574808494135
1846,3.6618425713399124e-06,0.8964773692008037,0.08726630583937978,20.626,26,102,227,1070,8899,10313,462,0.102,0.227,1.07,0.43144574808494135
1847,3.785080640093928e-06,0.8964426205047874,0.0872647378743886,20.626,26,86,230,1091,8899,10313,450,0.086,0.23,1.091,0.43144574808494135
1848,3.8251019495532355e-06,0.8963772264114537,0.08740963752237356,20.626,26,97,220,872,8899,10313,446,0.097,0.22,0.872,0.43144574808494135
1849,4.052378543387759e-06,0.8965194072663615,0.08716163762416888,20.626,26,91,226,985,8899,10313,451,0.091,0.226,0.985,0.43144574808494135
1850,3.1547091762897377e-06,0.8965201862672829,0.08720413006071578,20.626,26,91,230,808,8899,10313,455,0.091,0.23,0.808,0.43144574808494135
1851,3.660849420574692e-06,0.89648207943797,0.08727005524688874,20.626,26,96,213,1085,8899,10313,447,0.096,0.213,1.085,0.43144574808494135
1852,3.7526734689688333e-06,0.8964312180851378,0.0872800116045247,20.626,26,83,231,973,8900,10313,448,0.083,0.231,0.973,0.4314942305827596
1853,3.865104763976724e-06,0.8963678343456235,0.08742557547465131,20.626,26,97,216,751,8900,10313,442,0.097,0.216,0.751,0.4314942305827596
1854,4.201386660187568e-06,0.8965162797527002,0.08716922339856381,20.626,26,87,217,996,8900,10313,438,0.087,0.217,0.996,0.4314942305827596
1855,3.345949785099186e-06,0.8965102855061313,0.0872139837228214,20.626,26,90,219,792,8900,10313,443,0.09,0.219,0.792,0.4314942305827596
1856,3.658572008673892e-06,0.8964956001503004,0.08725545184467139,20.626,26,100,229,1013,8900,10313,462,0.1,0.229,1.013,0.4314942305827596
1857,3.85415114412691e-06,0.8964562139327823,0.08725779957260148,20.626,26,86,228,1061,8900,10313,448,0.086,0.228,1.061,0.4314942305827596
1858,3.950860043892163e-06,0.8963723236236891,0.08740785837718042,20.626,26,96,213,864,8900,10313,438,0.096,0.213,0.864,0.4314942305827596
1859,4.151854758557606e-06,0.8965124472575396,0.08716568425129868,20.626,26,91,219,908,8900,10313,444,0.091,0.219,0.908,0.4314942305827596
1860,3.20207292660105e-06,0.8965105276867337,0.08720767990579617,20.626,26,89,220,783,8900,10313,443,0.089,0.22,0.783,0.4314942305827596
1861,3.6021426407884613e-06,0.8964787097651332,0.0872727407750711,20.626,26,94,212,1035,8900,10313,443,0.094,0.212,1.035,0.4314942305827596
1862,3.739809299661039e-06,0.8964482047635145,0.08728304125227533,20.626,26,83,233,1299,8900,10313,450,0.083,0.233,1.299,0.4314942305827596
1863,3.896088086269785e-06,0.8963752200119312,0.0874243632306889,20.626,26,97,218,763,8900,10313,444,0.097,0.218,0.763,0.4314942305827596
1864,4.191014014535596e-06,0.8965146669742442,0.08716610974261675,20.626,26,90,215,936,8900,10313,439,0.09,0.215,0.936,0.4314942305827596
1865,3.272829175853505e-06,0.8965088528644092,0.08720035149116967,20.626,26,89,220,797,8900,10313,443,0.089,0.22,0.797,0.4314942305827596
1866,3.5409422854400953e-06,0.8964798040264048,0.0872669078196436,20.626,26,101,216,1029,8900,10313,455,0.101,0.216,1.029,0.4314942305827596
1867,3.722178272580863e-06,0.8964371130057734,0.08727925486836052,20.626,26,83,224,1005,8900,10313,442,0.083,0.224,1.005,0.4314942305827596
1868,3.868151883413769e-06,0.8963795702891731,0.08742727859474471,20.626,26,93,216,855,8900,10313,438,0.093,0.216,0.855,0.4314942305827596
1869,4.133896874262333e-06,0.8965272794520754,0.08717173884887906,20.626,26,89,224,984,8900,10313,447,0.089,0.224,0.984,0.4314942305827596
1870,3.5028357907371217e-06,0.8965033387312301,0.0872218093352655,20.626,26,90,222,794,8900,10313,446,0.09,0.222,0.794,0.4314942305827596
1871,3.963933924479827e-06,0.8964902319863802,0.08725921461391657,20.626,26,95,224,1066,8900,10313,452,0.095,0.224,1.066,0.4314942305827596
1872,3.872736665955572e-06,0.8964414723430284,0.08725424471930444,20.626,26,83,237,1105,8900,10313,454,0.083,0.237,1.105,0.4314942305827596
1873,3.831977476240277e-06,0.8963778102521012,0.08739185257657121,20.626,26,96,215,755,8900,10313,440,0.096,0.215,0.755,0.4314942305827596
1874,4.127151351135975e-06,0.8965139471261275,0.08717573684104915,20.626,26,89,219,961,8900,10313,442,0.089,0.219,0.961,0.4314942305827596
1875,3.2026703163536174e-06,0.8965029950715723,0.0872274405264472,20.626,26,93,223,705,8900,10313,450,0.093,0.223,0.705,0.4314942305827596
1876,3.5017096559792224e-06,0.8964633693952789,0.08728608624095764,20.626,26,106,222,890,8900,10313,465,0.106,0.222,0.89,0.4314942305827596
1877,3.7095031461999324e-06,0.8964226265672033,0.08728253077414272,20.626,26,87,231,1022,8900,10313,452,0.087,0.231,1.022,0.4314942305827596
1878,3.831929827713623e-06,0.8963665134024447,0.08742197960239034,20.626,26,97,222,690,8900,10313,448,0.097,0.222,0.69,0.4314942305827596
1879,4.075318811634719e-06,0.8965214444024775,0.08716505611157271,20.626,26,90,223,933,8900,10313,447,0.09,0.223,0.933,0.4314942305827596
1880,3.4604821159119696e-06,0.8965032335207882,0.08722758192363964,20.626,26,90,222,811,8900,10313,446,0.09,0.222,0.811,0.4314942305827596
1881,3.930977556463434e-06,0.8964966192710956,0.08724793365853015,20.626,26,94,221,1070,8900,10313,448,0.094,0.221,1.07,0.4314942305827596
1882,3.847668963172204e-06,0.8964615331985977,0.08724055889169284,20.626,26,80,233,1771,8900,10313,448,0.08,0.233,1.771,0.4314942305827596
1883,3.892363525340053e-06,0.8963873861873906,0.08739414469397457,20.626,26,96,215,965,8900,10313,440,0.096,0.215,0.965,0.4314942305827596
1884,4.2944743864079e-06,0.8965259517156301,0.08716234141060715,20.626,26,86,221,914,8900,10313,441,0.086,0.221,0.914,0.4314942305827596
1885,3.4528404909413047e-06,0.8964966922773502,0.08723429181685846,20.626,26,91,220,867,8900,10313,445,0.091,0.22,0.867,0.4314942305827596
1886,3.860594573160327e-06,0.8964814107962805,0.08725312650395066,20.626,26,102,216,1139,8900,10313,455,0.102,0.216,1.139,0.4314942305827596
1887,3.797123940860521e-06,0.8964487168869393,0.08724205780809154,20.626,26,84,232,1842,8900,10313,450,0.084,0.232,1.842,0.4314942305827596
1888,3.829328565303375e-06,0.8963865821083113,0.08739424264259837,20.626,26,97,216,924,8900,10313,442,0.097,0.216,0.924,0.4314942305827596
1889,4.122676956828699e-06,0.8965293867191667,0.08716005107386474,20.626,26,90,225,984,8900,10313,449,0.09,0.225,0.984,0.4314942305827596
1890,3.300925025659971e-06,0.896508576058142,0.0872223045972235,20.626,26,90,224,819,8900,10313,448,0.09,0.224,0.819,0.4314942305827596
1891,3.7801012527680483e-06,0.8964784722947918,0.08726610300146917,20.626,26,94,221,1290,8900,10313,448,0.094,0.221,1.29,0.4314942305827596
1892,3.7828958712376408e-06,0.8964402776733122,0.08726459761718576,20.626,26,83,233,1197,8900,10313,450,0.083,0.233,1.197,0.4314942305827596
1893,3.884498668771634e-06,0.8963793281150866,0.08741076646114415,20.626,26,96,219,767,8900,10313,444,0.096,0.219,0.767,0.4314942305827596
1894,4.219804206328077e-06,0.8965225528787553,0.08716270475923793,20.626,26,87,221,965,8900,10313,442,0.087,0.221,0.965,0.4314942305827596
1895,3.4732961816298764e-06,0.8964965106276865,0.08723033658778709,20.626,26,90,219,811,8900,10313,443,0.09,0.219,0.811,0.4314942305827596
1896,3.907558499973962e-06,0.8964931069609211,0.08725076338690399,20.626,26,102,213,1014,8900,10313,453,0.102,0.213,1.014,0.4314942305827596
1897,3.864940649804978e-06,0.896453590673728,0.0872402812669471,20.626,26,84,234,1551,8900,10313,452,0.084,0.234,1.551,0.4314942305827596
1898,3.8928862069573604e-06,0.8963790647131025,0.08739301388053156,20.626,26,97,212,1127,8900,10313,438,0.097,0.212,1.127,0.4314942305827596
1899,4.156376275975894e-06,0.8965221116773477,0.08716088042164537,20.626,26,88,224,904,8900,10313,446,0.088,0.224,0.904,0.4314942305827596
1900,3.391244232416911e-06,0.8965047404601308,0.08723552821003236,20.626,26,90,221,798,8900,10313,445,0.09,0.221,0.798,0.4314942305827596
1901,3.999534636431807e-06,0.8964898044076797,0.087254556857342,20.626,26,93,207,1150,8900,10313,437,0.093,0.207,1.15,0.4314942305827596
1902,3.810478682513726e-06,0.8964588027744285,0.08724377394671076,20.626,26,81,235,1734,8900,10313,450,0.081,0.235,1.734,0.4314942305827596
1903,3.85196966905159e-06,0.8963876874392974,0.08739425269678101,20.626,26,98,217,806,8900,10313,444,0.098,0.217,0.806,0.4314942305827596
1904,4.188060285624108e-06,0.8965207609135664,0.08715852125967696,20.626,26,88,222,994,8900,10313,444,0.088,0.222,0.994,0.4314942305827596
1905,3.265473910514476e-06,0.8965034011232232,0.08722159245162638,20.626,26,93,226,810,8900,10313,453,0.093,0.226,0.81,0.4314942305827596
1906,3.580978354788601e-06,0.8964737639029756,0.08726570422050889,20.626,26,103,230,1159,8900,10313,466,0.103,0.23,1.159,0.4314942305827596
1907,3.746445799698729e-06,0.8964461885052601,0.08726609937332719,20.626,26,86,228,1287,8900,10313,448,0.086,0.228,1.287,0.4314942305827596
1908,3.896682505811116e-06,0.8963877314806068,0.08741223693667911,20.626,26,95,214,882,8900,10313,438,0.095,0.214,0.882,0.4314942305827596
1909,4.153315177413733e-06,0.8965287211063692,0.08716353697128736,20.626,26,88,222,954,8900,10313,444,0.088,0.222,0.954,0.4314942305827596
1910,3.4203215665917226e-06,0.8965024779216118,0.08723124953481079,20.626,26,89,220,795,8900,10313,443,0.089,0.22,0.795,0.4314942305827596
1911,3.994329281751916e-06,0.8964918154374102,0.0872504861734813,20.626,26,93,206,1023,8900,10313,437,0.093,0.206,1.023,0.4314942305827596
1912,3.832982845107422e-06,0.896457695728387,0.08724120192285469,20.626,26,81,235,1473,8900,10313,450,0.081,0.235,1.473,0.4314942305827596
1913,3.882407552441758e-06,0.8963865200116639,0.08739428992845102,20.626,26,97,218,1032,8900,10313,444,0.097,0.218,1.032,0.4314942305827596
1914,4.215133541149219e-06,0.896520644780571,0.08716042599967418,20.626,26,88,222,968,8900,10313,444,0.088,0.222,0.968,0.4314942305827596
1915,3.2905045238703616e-06,0.8965049394378868,0.08722376810174627,20.626,26,92,222,823,8900,10313,448,0.092,0.222,0.823,0.4314942305827596
1916,3.5822298696063147e-06,0.8964775488318977,0.08726712101810535,20.626,26,102,231,1151,8900,10313,466,0.102,0.231,1.151,0.4314942305827596
1917,3.7680490170607822e-06,0.8964469332260597,0.08726555951844911,20.626,26,87,229,1302,8900,10313,450,0.087,0.229,1.302,0.4314942305827596
1918,3.924400950208301e-06,0.896379446961234,0.08740950749536146,20.626,26,96,215,886,8900,10313,440,0.096,0.215,0.886,0.4314942305827596
1919,4.133478473627375e-06,0.8965218460344042,0.08716147540052697,20.626,26,89,223,944,8900,10313,446,0.089,0.223,0.944,0.4314942305827596
1920,3.4042126522831327e-06,0.8964983804517896,0.08723061630522648,20.626,26,89,220,799,8900,10313,443,0.089,0.22,0.799,0.4314942305827596
1921,3.999181610331562e-06,0.8964926123900158,0.08725100168311116,20.626,26,93,206,1034,8900,10313,437,0.093,0.206,1.034,0.4314942305827596
1922,3.849949198720656e-06,0.8964620227972505,0.08724221542873117,20.626,26,82,236,1481,8900,10313,452,0.082,0.236,1.481,0.4314942305827596
1923,3.884449600178572e-06,0.8963835439086772,0.08739380335264393,20.626,26,99,216,1061,8900,10313,444,0.099,0.216,1.061,0.4314942305827596
1924,4.213890376592237e-06,0.896521971839629,0.08716054690891135,20.626,26,89,223,916,8900,10313,446,0.089,0.223,0.916,0.4314942305827596
1925,3.3332133460853352e-06,0.8965036871024163,0.0872223984497893,20.626,26,92,222,827,8900,10313,448,0.092,0.222,0.827,0.4314942305827596
1926,3.6618425713468204e-06,0.896477369215198,0.08726630584235973,20.626,26,102,227,1070,8901,10313,462,0.102,0.227,1.07,0.4315427130805779
1927,3.78508064055685e-06,0.8964426205167234,0.08726473787686041,20.626,26,86,230,1091,8901,10313,450,0.086,0.23,1.091,0.4315427130805779
1928,3.825101949544909e-06,0.8963772264233941,0.08740963752484786,20.626,26,97,220,872,8901,10313,446,0.097,0.22,0.872,0.4315427130805779
1929,4.0523785433901156e-06,0.8965194072782948,0.08716163762663832,20.626,26,91,226,985,8901,10313,451,0.091,0.226,0.985,0.4315427130805779
1930,3.1547091762894992e-06,0.8965201862791944,0.08720413006318066,20.626,26,91,230,808,8901,10313,455,0.091,0.23,0.808,0.4315427130805779
1931,3.6608494205546828e-06,0.8964820794500645,0.08727005524939244,20.626,26,96,213,1085,8901,10313,447,0.096,0.213,1.085,0.4315427130805779
1932,3.752673469364574e-06,0.8964312180947522,0.08728001160651597,20.626,26,83,231,973,8901,10313,448,0.083,0.231,0.973,0.4315427130805779
1933,3.865104763968646e-06,0.896367834355243,0.08742557547664488,20.626,26,97,216,751,8901,10313,442,0.097,0.216,0.751,0.4315427130805779
1934,4.201386660191445e-06,0.8965162797623123,0.08716922340055294,20.626,26,87,217,996,8901,10313,438,0.087,0.217,0.996,0.4315427130805779
1935,3.3459497851018804e-06,0.8965102855157211,0.08721398372480607,20.626,26,90,219,792,8901,10313,443,0.09,0.219,0.792,0.4315427130805779
1936,3.6585720086776887e-06,0.8964956001598255,0.08725545184664296,20.626,26,100,229,1013,8901,10313,462,0.1,0.229,1.013,0.4315427130805779
1937,3.854151144441142e-06,0.8964562139398754,0.0872577995740702,20.626,26,86,228,1061,8901,10313,448,0.086,0.228,1.061,0.4315427130805779
1938,3.9508600438894275e-06,0.8963723236307826,0.0874078583786504,20.626,26,96,213,864,8901,10313,438,0.096,0.213,0.864,0.4315427130805779
1939,4.151854758561537e-06,0.8965124472646246,0.08716568425276491,20.626,26,91,219,908,8901,10313,444,0.091,0.219,0.908,0.4315427130805779
1940,3.2020729266036165e-06,0.8965105276937988,0.08720767990725832,20.626,26,89,220,783,8901,10313,443,0.089,0.22,0.783,0.4315427130805779
1941,3.6021426407708448e-06,0.8964787097722667,0.08727274077654786,20.626,26,94,212,1035,8901,10313,443,0.094,0.212,1.035,0.4315427130805779
1942,3.7398092998260855e-06,0.89644820476963,0.08728304125354172,20.626,26,83,233,1299,8901,10313,450,0.083,0.233,1.299,0.4315427130805779
1943,3.89608808626354e-06,0.8963752200180518,0.08742436323195722,20.626,26,97,218,763,8901,10313,444,0.097,0.218,0.763,0.4315427130805779
1944,4.191014014536143e-06,0.8965146669803625,0.08716610974388295,20.626,26,90,215,936,8901,10313,439,0.09,0.215,0.936,0.4315427130805779
1945,3.2728291758519253e-06,0.896508852870521,0.08720035149243457,20.626,26,89,220,797,8901,10313,443,0.089,0.22,0.797,0.4315427130805779
1946,3.540942285429635e-06,0.896479804032567,0.08726690782091927,20.626,26,101,216,1029,8901,10313,455,0.101,0.216,1.029,0.4315427130805779
1947,3.722178272565516e-06,0.8964371130119787,0.08727925486964559,20.626,26,83,224,1005,8901,10313,442,0.083,0.224,1.005,0.4315427130805779
1948,3.868151883404289e-06,0.8963795702953858,0.08742727859603208,20.626,26,93,216,855,8901,10313,438,0.093,0.216,0.855,0.4315427130805779
1949,4.133896874260037e-06,0.8965272794582907,0.08717173885016516,20.626,26,89,224,984,8901,10313,447,0.089,0.224,0.984,0.4315427130805779
1950,3.5028357907347415e-06,0.896503338737444,0.08722180933655158,20.626,26,90,222,794,8901,10313,446,0.09,0.222,0.794,0.4315427130805779
1951,3.963933924468295e-06,0.8964902319926632,0.08725921461521711,20.626,26,95,224,1066,8901,10313,452,0.095,0.224,1.066,0.4315427130805779
1952,3.872736665896084e-06,0.8964414723496638,0.08725424472067854,20.626,26,83,237,1105,8901,10313,454,0.083,0.237,1.105,0.4315427130805779
1953,3.831977476231187e-06,0.8963778102587446,0.08739185257794788,20.626,26,96,215,755,8901,10313,440,0.096,0.215,0.755,0.4315427130805779
1954,4.127151351133245e-06,0.8965139471327745,0.08717573684242476,20.626,26,89,219,961,8901,10313,442,0.089,0.219,0.961,0.4315427130805779
1955,3.202670316350093e-06,0.8965029950782197,0.08722744052782304,20.626,26,93,223,705,8901,10313,450,0.093,0.223,0.705,0.4315427130805779
1956,3.5017096559755535e-06,0.8964633694019095,0.08728608624233049,20.626,26,106,222,890,8901,10313,465,0.106,0.222,0.89,0.4315427130805779
1957,3.70950314610336e-06,0.8964226265742957,0.08728253077561175,20.626,26,87,231,1022,8901,10313,452,0.087,0.231,1.022,0.4315427130805779
1958,3.8319298277037645e-06,0.8963665134095451,0.08742197960386182,20.626,26,97,222,690,8901,10313,448,0.097,0.222,0.69,0.4315427130805779
1959,4.075318811631216e-06,0.8965214444095818,0.0871650561130428,20.626,26,90,223,933,8901,10313,447,0.09,0.223,0.933,0.4315427130805779
1960,3.4604821159083397e-06,0.8965032335278933,0.08722758192511017,20.626,26,90,222,811,8901,10313,446,0.09,0.222,0.811,0.4315427130805779
1961,3.930977556396944e-06,0.8964966192784771,0.08724793366005801,20.626,26,94,221,1070,8901,10313,448,0.094,0.221,1.07,0.4315427130805779
1962,3.847668963057073e-06,0.8964615332064879,0.08724055889332656,20.626,26,80,233,1771,8901,10313,448,0.08,0.233,1.771,0.4315427130805779
1963,3.892363525326555e-06,0.8963873861952929,0.08739414469561192,20.626,26,96,215,965,8901,10313,440,0.096,0.215,0.965,0.4315427130805779
1964,4.294474386404502e-06,0.896525951723537,0.08716234141224331,20.626,26,86,221,914,8901,10313,441,0.086,0.221,0.914,0.4315427130805779
1965,3.452840490937003e-06,0.8964966922852573,0.08723429181849508,20.626,26,91,220,867,8901,10313,445,0.091,0.22,0.867,0.4315427130805779
1966,3.860594573180672e-06,0.8964814108040482,0.08725312650555869,20.626,26,102,216,1139,8901,10313,455,0.102,0.216,1.139,0.4315427130805779
1967,3.797123940726942e-06,0.8964487168952403,0.08724205780981047,20.626,26,84,232,1842,8901,10313,450,0.084,0.232,1.842,0.4315427130805779
1968,3.829328565293e-06,0.8963865821166205,0.08739424264432002,20.626,26,97,216,924,8901,10313,442,0.097,0.216,0.924,0.4315427130805779
1969,4.122676956824947e-06,0.8965293867274803,0.08716005107558496,20.626,26,90,225,984,8901,10313,449,0.09,0.225,0.984,0.4315427130805779
1970,3.3009250256556277e-06,0.8965085760664566,0.08722230459894428,20.626,26,90,224,819,8901,10313,448,0.09,0.224,0.819,0.4315427130805779
1971,3.780101252720815e-06,0.8964784723034027,0.0872661030032518,20.626,26,94,221,1290,8901,10313,448,0.094,0.221,1.29,0.4315427130805779
1972,3.7828958711113016e-06,0.8964402776824822,0.0872645976190848,20.626,26,83,233,1197,8902,10313,450,0.083,0.233,1.197,0.4315911955783962
1973,3.88449866875592e-06,0.8963793281242703,0.0874107664630472,20.626,26,96,219,767,8902,10313,444,0.096,0.219,0.767,0.4315911955783962
1974,4.219804206323931e-06,0.8965225528879445,0.0871627047611394,20.626,26,87,221,965,8902,10313,442,0.087,0.221,0.965,0.4315911955783962
1975,3.473296181624863e-06,0.8964965106368752,0.08723033658968901,20.626,26,90,219,811,8902,10313,443,0.09,0.219,0.811,0.4315911955783962
1976,3.907558499963879e-06,0.896493106970127,0.08725076338880952,20.626,26,102,213,1014,8902,10313,453,0.102,0.213,1.014,0.4315911955783962
1977,3.864940649691071e-06,0.8964535906835108,0.0872402812689728,20.626,26,84,234,1551,8902,10313,452,0.084,0.234,1.551,0.4315911955783962
1978,3.892886206943123e-06,0.8963790647228971,0.08739301388256115,20.626,26,97,212,1127,8902,10313,438,0.097,0.212,1.127,0.4315911955783962
1979,4.156376275971291e-06,0.8965221116871478,0.08716088042367326,20.626,26,88,224,904,8902,10313,446,0.088,0.224,0.904,0.4315911955783962
1980,3.391244232411854e-06,0.8965047404699311,0.08723552821206065,20.626,26,90,221,798,8902,10313,445,0.09,0.221,0.798,0.4315911955783962
1981,3.999534636385921e-06,0.8964898044176415,0.08725455685940407,20.626,26,93,207,1150,8902,10313,437,0.093,0.207,1.15,0.4315911955783962
1982,3.810478682381654e-06,0.8964588027849701,0.08724377394889347,20.626,26,81,235,1734,8902,10313,450,0.081,0.235,1.734,0.4315911955783962
1983,3.851969669036215e-06,0.8963876874498529,0.08739425269896804,20.626,26,98,217,806,8902,10313,444,0.098,0.217,0.806,0.4315911955783962
1984,4.188060285619735e-06,0.8965207609241272,0.0871585212618623,20.626,26,88,222,994,8902,10313,444,0.088,0.222,0.994,0.4315911955783962
1985,3.2654739105087398e-06,0.8965034011337837,0.08722159245381202,20.626,26,93,226,810,8902,10313,453,0.093,0.226,0.81,0.4315911955783962
1986,3.5809783547577664e-06,0.8964737639136608,0.08726570422272106,20.626,26,103,230,1159,8903,10313,466,0.103,0.23,1.159,0.4316396780762145
1987,3.7464457995475048e-06,0.8964461885164722,0.08726609937564903,20.626,26,86,228,1287,8903,10313,448,0.086,0.228,1.287,0.4316396780762145
1988,3.896682505793679e-06,0.8963877314918328,0.08741223693900511,20.626,26,95,214,882,8903,10313,438,0.095,0.214,0.882,0.4316396780762145
1989,4.153315177409081e-06,0.8965287211176003,0.0871635369736112,20.626,26,88,222,954,8903,10313,444,0.088,0.222,0.954,0.4316396780762145
1990,3.4203215665867945e-06,0.8965024779328411,0.08723124953713496,20.626,26,89,220,795,8903,10313,443,0.089,0.22,0.795,0.4316396780762145
1991,3.994329281661928e-06,0.8964918154490203,0.08725048617588456,20.626,26,93,206,1023,8903,10313,437,0.093,0.206,1.023,0.4316396780762145
1992,3.832982844987477e-06,0.8964576957405144,0.08724120192536579,20.626,26,81,235,1473,8903,10313,450,0.081,0.235,1.473,0.4316396780762145
1993,3.8824075524226726e-06,0.8963865200238088,0.08739428993096746,20.626,26,97,218,1032,8903,10313,444,0.097,0.218,1.032,0.4316396780762145
1994,4.215133541144707e-06,0.8965206447927214,0.08716042600218846,20.626,26,88,222,968,8903,10313,444,0.088,0.222,0.968,0.4316396780762145
1995,3.2905045238641926e-06,0.8965049394500347,0.08722376810426048,20.626,26,92,222,823,8903,10313,448,0.092,0.222,0.823,0.4316396780762145
1996,3.582229869612395e-06,0.8964775488439519,0.08726712102060084,20.626,26,102,231,1151,8903,10313,466,0.102,0.231,1.151,0.4316396780762145
1997,3.7680490169454663e-06,0.8964469332386275,0.08726555952105164,20.626,26,87,229,1302,8903,10313,450,0.087,0.229,1.302,0.4316396780762145
1998,3.924400950192313e-06,0.8963794469738146,0.08740950749796833,20.626,26,96,215,886,8903,10313,440,0.096,0.215,0.886,0.4316396780762145
1999,4.133478473622598e-06,0.8965218460469896,0.08716147540313128,20.626,26,89,223,944,8903,10313,446,0.089,0.223,0.944,0.4316396780762145
2000,3.4042126522775296e-06,0.8964983804643735,0.08723061630783108,20.626,26,89,220,799,8903,10313,443,0.089,0.22,0.799,0.4316396780762145
2001,3.9991816101798935e-06,0.8964926124031968,0.08725100168583949,20.626,26,93,206,1034,8903,10313,437,0.093,0.206,1.034,0.4316396780762145
2002,3.8499491986111454e-06,0.8964620228109531,0.08724221543156835,20.626,26,82,236,1481,8903,10313,452,0.082,0.236,1.481,0.4316396780762145
2003,3.884449600155572e-06,0.8963835439224012,0.08739380335548763,20.626,26,99,216,1061,8903,10313,444,0.099,0.216,1.061,0.4316396780762145
2004,4.213890376587605e-06,0.8965219718533589,0.08716054691175246,20.626,26,89,223,916,8903,10313,446,0.089,0.223,0.916,0.4316396780762145
2005,3.333213346078689e-06,0.8965036871161424,0.08722239845263015,20.626,26,92,222,827,8903,10313,448,0.092,0.222,0.827,0.4316396780762145
2006,3.6618425713607464e-06,0.8964773692287386,0.08726630584516291,20.626,26,102,227,1070,8903,10313,462,0.102,0.227,1.07,0.4316396780762145
2007,3.78508064044749e-06,0.8964426205307711,0.08726473787976952,20.626,26,86,230,1091,8903,10313,450,0.086,0.23,1.091,0.4316396780762145
2008,3.825101949528434e-06,0.8963772264374551,0.08740963752776153,20.626,26,97,220,872,8903,10313,446,0.097,0.22,0.872,0.4316396780762145
2009,4.052378543385027e-06,0.8965194072923607,0.08716163762954905,20.626,26,91,226,985,8903,10313,451,0.091,0.226,0.985,0.4316396780762145
2010,3.154709176283275e-06,0.896520186293258,0.08720413006609093,20.626,26,91,230,808,8903,10313,455,0.091,0.23,0.808,0.4316396780762145
2011,3.660849420496376e-06,0.8964820794648483,0.0872700552524529,20.626,26,96,213,1085,8903,10313,447,0.096,0.213,1.085,0.4316396780762145
2012,3.7526734692699124e-06,0.8964312181100441,0.08728001160968313,20.626,26,83,231,973,8903,10313,448,0.083,0.231,0.973,0.4316396780762145
2013,3.865104763941458e-06,0.8963678343705591,0.08742557547981893,20.626,26,97,216,751,8903,10313,442,0.097,0.216,0.751,0.4316396780762145
2014,4.201386660185865e-06,0.8965162797776342,0.08716922340372368,20.626,26,87,217,996,8903,10313,438,0.087,0.217,0.996,0.4316396780762145
2015,3.3459497850950863e-06,0.8965102855310381,0.087213983727976,20.626,26,90,219,792,8903,10313,443,0.09,0.219,0.792,0.4316396780762145
2016,3.6585720086635797e-06,0.8964956001751537,0.08725545184981566,20.626,26,100,229,1013,8903,10313,462,0.1,0.229,1.013,0.4316396780762145
2017,3.85415114436579e-06,0.8964562139556853,0.08725779957734381,20.626,26,86,228,1061,8903,10313,448,0.086,0.228,1.061,0.4316396780762145
2018,3.9508600438690115e-06,0.8963723236466097,0.0874078583819302,20.626,26,96,213,864,8903,10313,438,0.096,0.213,0.864,0.4316396780762145
2019,4.1518547585561275e-06,0.8965124472804571,0.0871656842560414,20.626,26,91,219,908,8903,10313,444,0.091,0.219,0.908,0.4316396780762145
2020,3.202072926596926e-06,0.8965105277096276,0.08720767991053419,20.626,26,89,220,783,8903,10313,443,0.089,0.22,0.783,0.4316396780762145
2021,3.6021426406825826e-06,0.8964787097884992,0.08727274077990832,20.626,26,94,212,1035,8903,10313,443,0.094,0.212,1.035,0.4316396780762145
2022,3.7398092998234356e-06,0.8964482047858001,0.0872830412568902,20.626,26,83,233,1299,8903,10313,450,0.083,0.233,1.299,0.4316396780762145
2023,3.896088086241934e-06,0.8963752200342409,0.08742436323531197,20.626,26,97,218,763,8903,10313,444,0.097,0.218,0.763,0.4316396780762145
2024,4.19101401453262e-06,0.8965146669965547,0.08716610974723378,20.626,26,90,215,936,8903,10313,439,0.09,0.215,0.936,0.4316396780762145
2025,3.2728291758454624e-06,0.8965088528867028,0.08720035149578353,20.626,26,89,220,797,8903,10313,443,0.089,0.22,0.797,0.4316396780762145
2026,3.540942285379944e-06,0.8964798040490511,0.08726690782433175,20.626,26,101,216,1029,8904,10313,455,0.101,0.216,1.029,0.43168816057403275
2027,3.722178272645633e-06,0.8964371130280662,0.08727925487297734,20.626,26,83,224,1005,8904,10313,442,0.083,0.224,1.005,0.43168816057403275
2028,3.8681518833822225e-06,0.8963795703114906,0.08742727859936923,20.626,26,93,216,855,8904,10313,438,0.093,0.216,0.855,0.43168816057403275
2029,4.133896874257275e-06,0.8965272794743969,0.08717173885349778,20.626,26,89,224,984,8904,10313,447,0.089,0.224,0.984,0.43168816057403275
2030,3.5028357907303166e-06,0.8965033387535389,0.08722180933988273,20.626,26,90,222,794,8904,10313,446,0.09,0.222,0.794,0.43168816057403275
2031,3.96393392441777e-06,0.8964902320091246,0.0872592146186246,20.626,26,95,224,1066,8904,10313,452,0.095,0.224,1.066,0.43168816057403275
2032,3.872736665964601e-06,0.8964414723656037,0.08725424472397955,20.626,26,83,237,1105,8904,10313,454,0.083,0.237,1.105,0.43168816057403275
2033,3.831977476211987e-06,0.896377810274701,0.08739185258125434,20.626,26,96,215,755,8904,10313,440,0.096,0.215,0.755,0.43168816057403275
2034,4.127151351131251e-06,0.8965139471487317,0.08717573684572699,20.626,26,89,219,961,8904,10313,442,0.089,0.219,0.961,0.43168816057403275
2035,3.202670316343662e-06,0.8965029950941645,0.08722744053112313,20.626,26,93,223,705,8904,10313,450,0.093,0.223,0.705,0.43168816057403275
2036,3.5017096559499744e-06,0.8964633694180935,0.08728608624568135,20.626,26,106,222,890,8904,10313,465,0.106,0.222,0.89,0.43168816057403275
2037,3.709503146203034e-06,0.896422626589906,0.08728253077884511,20.626,26,87,231,1022,8904,10313,452,0.087,0.231,1.022,0.43168816057403275
2038,3.83192982768395e-06,0.8963665134251712,0.08742197960710017,20.626,26,97,222,690,8904,10313,448,0.097,0.222,0.69,0.43168816057403275
2039,4.07531881162941e-06,0.8965214444252079,0.0871650561162763,20.626,26,90,223,933,8904,10313,447,0.09,0.223,0.933,0.43168816057403275
2040,3.4604821159058113e-06,0.8965032335435072,0.08722758192834176,20.626,26,90,222,811,8904,10313,446,0.09,0.222,0.811,0.43168816057403275
2041,3.930977556128739e-06,0.896496619295241,0.08724793366352787,20.626,26,94,221,1070,8904,10313,448,0.094,0.221,1.07,0.43168816057403275
2042,3.847668963171377e-06,0.8964615332226537,0.08724055889667372,20.626,26,80,233,1771,8904,10313,448,0.08,0.233,1.771,0.43168816057403275
2043,3.892363525298938e-06,0.8963873862114833,0.08739414469896659,20.626,26,96,215,965,8904,10313,440,0.096,0.215,0.965,0.43168816057403275
2044,4.294474386402781e-06,0.8965259517397285,0.08716234141559363,20.626,26,86,221,914,8904,10313,441,0.086,0.221,0.914,0.43168816057403275
2045,3.452840490932914e-06,0.896496692301434,0.08723429182184339,20.626,26,91,220,867,8904,10313,445,0.091,0.22,0.867,0.43168816057403275
2046,3.860594573157956e-06,0.8964814108202696,0.08725312650891669,20.626,26,102,216,1139,8904,10313,455,0.102,0.216,1.139,0.43168816057403275
2047,3.7971239408677802e-06,0.8964487169108095,0.0872420578130345,20.626,26,84,232,1842,8904,10313,450,0.084,0.232,1.842,0.43168816057403275
2048,3.829328565277037e-06,0.8963865821322018,0.08739424264754847,20.626,26,97,216,924,8904,10313,442,0.097,0.216,0.924,0.43168816057403275
2049,4.122676956823756e-06,0.8965293867430605,0.08716005107880873,20.626,26,90,225,984,8904,10313,449,0.09,0.225,0.984,0.43168816057403275
2050,3.300925025651256e-06,0.8965085760820247,0.08722230460216623,20.626,26,90,224,819,8904,10313,448,0.09,0.224,0.819,0.43168816057403275
2051,3.780101252534958e-06,0.8964784723202137,0.08726610300673204,20.626,26,94,221,1290,8904,10313,448,0.094,0.221,1.29,0.43168816057403275
2052,3.7828958712388245e-06,0.8964402776986293,0.08726459762242879,20.626,26,83,233,1197,8904,10313,450,0.083,0.233,1.197,0.43168816057403275
2053,3.884498668728229e-06,0.8963793281404421,0.08741076646639825,20.626,26,96,219,767,8904,10313,444,0.096,0.219,0.767,0.43168816057403275
2054,4.2198042063232405e-06,0.8965225529041159,0.08716270476448569,20.626,26,87,221,965,8904,10313,442,0.087,0.221,0.965,0.43168816057403275
2055,3.4732961816222366e-06,0.896496510653031,0.08723033659303298,20.626,26,90,219,811,8904,10313,443,0.09,0.219,0.811,0.43168816057403275
2056,3.907558499869006e-06,0.8964931069867687,0.08725076339225417,20.626,26,102,213,1014,8910,10313,453,0.102,0.213,1.014,0.4319790555609425
2057,3.864940649808123e-06,0.8964535906994456,0.08724028127227242,20.626,26,84,234,1551,8910,10313,452,0.084,0.234,1.551,0.4319790555609425
2058,3.892886206923822e-06,0.8963790647388475,0.08739301388586634,20.626,26,97,212,1127,8910,10313,438,0.097,0.212,1.127,0.4319790555609425
2059,4.156376275970829e-06,0.8965221117030965,0.08716088042697354,20.626,26,88,224,904,8910,10313,446,0.088,0.224,0.904,0.4319790555609425
2060,3.3912442324094856e-06,0.8965047404858661,0.08723552821535867,20.626,26,90,221,798,8910,10313,445,0.09,0.221,0.798,0.4319790555609425
2061,3.999534636180932e-06,0.8964898044343792,0.08725455686286873,20.626,26,93,207,1150,8910,10313,437,0.093,0.207,1.15,0.4319790555609425
2062,3.810478682525072e-06,0.8964588028009705,0.08724377395220648,20.626,26,81,235,1734,8910,10313,450,0.081,0.235,1.734,0.4319790555609425
2063,3.851969669015583e-06,0.8963876874658717,0.08739425270228715,20.626,26,98,217,806,8910,10313,444,0.098,0.217,0.806,0.4319790555609425
2064,4.188060285620081e-06,0.8965207609401437,0.08715852126517663,20.626,26,88,222,994,8910,10313,444,0.088,0.222,0.994,0.4319790555609425
2065,3.2654739105047426e-06,0.8965034011497849,0.08722159245712378,20.626,26,93,226,810,8910,10313,453,0.093,0.226,0.81,0.4319790555609425
2066,3.5809783546165656e-06,0.8964737639303617,0.08726570422617863,20.626,26,103,230,1159,8910,10313,466,0.103,0.23,1.159,0.4319790555609425
2067,3.7464457997382295e-06,0.8964461885324068,0.0872660993789488,20.626,26,86,228,1287,8910,10313,448,0.086,0.228,1.287,0.4319790555609425
2068,3.896682505772371e-06,0.8963877315077846,0.08741223694231026,20.626,26,95,214,882,8910,10313,438,0.095,0.214,0.882,0.4319790555609425
2069,4.153315177409924e-06,0.8965287211335488,0.08716353697691122,20.626,26,88,222,954,8910,10313,444,0.088,0.222,0.954,0.4319790555609425
2070,3.4203215665856087e-06,0.8965024779487742,0.08723124954043264,20.626,26,89,220,795,8910,10313,443,0.089,0.22,0.795,0.4319790555609425
2071,3.994329281361445e-06,0.8964918154662896,0.08725048617945916,20.626,26,93,206,1023,8910,10313,437,0.093,0.206,1.023,0.4319790555609425
2072,3.832982845140324e-06,0.8964576957570007,0.08724120192877946,20.626,26,81,235,1473,8910,10313,450,0.081,0.235,1.473,0.4319790555609425
2073,3.882407552397809e-06,0.8963865200403186,0.0873942899343883,20.626,26,97,218,1032,8910,10313,444,0.097,0.218,1.032,0.4319790555609425
2074,4.2151335411457e-06,0.8965206448092286,0.0871604260056043,20.626,26,88,222,968,8910,10313,444,0.088,0.222,0.968,0.4319790555609425
2075,3.290504523860788e-06,0.8965049394665248,0.08722376810767332,20.626,26,92,222,823,8910,10313,448,0.092,0.222,0.823,0.4319790555609425
2076,3.5822298695514663e-06,0.8964775488607165,0.08726712102407146,20.626,26,102,231,1151,8911,10313,466,0.102,0.231,1.151,0.43202753805876076
2077,3.7680490171018756e-06,0.8964469332545592,0.08726555952435078,20.626,26,87,229,1302,8911,10313,450,0.087,0.229,1.302,0.43202753805876076
2078,3.92440095017777e-06,0.8963794469897575,0.08740950750127191,20.626,26,96,215,886,8911,10313,440,0.096,0.215,0.886,0.43202753805876076
2079,4.133478473624586e-06,0.8965218460629275,0.08716147540642928,20.626,26,89,223,944,8911,10313,446,0.089,0.223,0.944,0.43202753805876076
2080,3.4042126522765403e-06,0.8964983804802962,0.0872306163111267,20.626,26,89,220,799,8911,10313,443,0.089,0.22,0.799,0.43202753805876076
2081,3.999181609707781e-06,0.8964926124210388,0.08725100168953272,20.626,26,93,206,1034,8911,10313,437,0.093,0.206,1.034,0.43202753805876076
2082,3.849949198752099e-06,0.896462022827978,0.08724221543509336,20.626,26,82,236,1481,8911,10313,452,0.082,0.236,1.481,0.43202753805876076
2083,3.884449600126027e-06,0.8963835439394545,0.0873938033590212,20.626,26,99,216,1061,8911,10313,444,0.099,0.216,1.061,0.43202753805876076
2084,4.213890376589572e-06,0.8965219718704085,0.08716054691528051,20.626,26,89,223,916,8911,10313,446,0.089,0.223,0.916,0.43202753805876076
2085,3.333213346075799e-06,0.8965036871331725,0.08722239845615484,20.626,26,92,222,827,8911,10313,448,0.092,0.222,0.827,0.43202753805876076
2086,3.661842571297713e-06,0.8964773692461229,0.08726630584876184,20.626,26,102,227,1070,8911,10313,462,0.102,0.227,1.07,0.43202753805876076
2087,3.78508064060128e-06,0.8964426205472864,0.08726473788318967,20.626,26,86,230,1091,8911,10313,450,0.086,0.23,1.091,0.43202753805876076
2088,3.825101949514314e-06,0.8963772264539814,0.0874096375311861,20.626,26,97,220,872,8911,10313,446,0.097,0.22,0.872,0.43202753805876076
2089,4.052378543387851e-06,0.8965194073088812,0.08716163763296768,20.626,26,91,226,985,8911,10313,451,0.091,0.226,0.985,0.43202753805876076
2090,3.154709176280182e-06,0.8965201863097624,0.08720413006950627,20.626,26,91,230,808,8911,10313,455,0.091,0.23,0.808,0.43202753805876076
2091,3.660849420350069e-06,0.896482079483328,0.08727005525627846,20.626,26,96,213,1085,8911,10313,447,0.096,0.213,1.085,0.43202753805876076
2092,3.7526734693934793e-06,0.8964312181276795,0.08728001161333564,20.626,26,83,231,973,8911,10313,448,0.083,0.231,0.973,0.43202753805876076
2093,3.86510476391019e-06,0.8963678343882232,0.08742557548347961,20.626,26,97,216,751,8911,10313,442,0.097,0.216,0.751,0.43202753805876076
2094,4.201386660189673e-06,0.896516279795293,0.08716922340737798,20.626,26,87,217,996,8911,10313,438,0.087,0.217,0.996,0.43202753805876076
2095,3.3459497850944692e-06,0.8965102855486765,0.08721398373162634,20.626,26,90,219,792,8911,10313,443,0.09,0.219,0.792,0.43202753805876076
2096,3.6585720085179654e-06,0.8964956001935749,0.08725545185362858,20.626,26,100,229,1013,8911,10313,462,0.1,0.229,1.013,0.43202753805876076
2097,3.8541511444670625e-06,0.8964562139732312,0.0872577995809769,20.626,26,86,228,1061,8911,10313,448,0.086,0.228,1.061,0.43202753805876076
2098,3.950860043851815e-06,0.8963723236641703,0.08740785838556925,20.626,26,96,213,864,8911,10313,438,0.096,0.213,0.864,0.43202753805876076
2099,4.151854758560008e-06,0.8965124472980106,0.08716568425967408,20.626,26,91,219,908,8911,10313,444,0.091,0.219,0.908,0.43202753805876076
2100,3.202072926594919e-06,0.8965105277271631,0.08720767991416321,20.626,26,89,220,783,8911,10313,443,0.089,0.22,0.783,0.43202753805876076
2101,3.6021426404191656e-06,0.896478709807335,0.0872727407838077,20.626,26,94,212,1035,8911,10313,443,0.094,0.212,1.035,0.43202753805876076
2102,3.7398092998666825e-06,0.8964482048042897,0.087283041260719,20.626,26,83,233,1299,8911,10313,450,0.083,0.233,1.299,0.43202753805876076
2103,3.896088086217824e-06,0.8963752200527532,0.08742436323914814,20.626,26,97,218,763,8911,10313,444,0.097,0.218,0.763,0.43202753805876076
2104,4.191014014535966e-06,0.8965146670150616,0.08716610975106368,20.626,26,90,215,936,8911,10313,439,0.09,0.215,0.936,0.43202753805876076
2105,3.272829175841072e-06,0.8965088529051948,0.08720035149961056,20.626,26,89,220,797,8911,10313,443,0.089,0.22,0.797,0.43202753805876076
2106,3.540942285245497e-06,0.8964798040684977,0.08726690782835753,20.626,26,101,216,1029,8911,10313,455,0.101,0.216,1.029,0.43202753805876076
2107,3.7221782726392436e-06,0.8964371130474735,0.08727925487699664,20.626,26,83,224,1005,8911,10313,442,0.083,0.224,1.005,0.43202753805876076
2108,3.868151883358646e-06,0.8963795703309176,0.08742727860339476,20.626,26,93,216,855,8911,10313,438,0.093,0.216,0.855,0.43202753805876076
2109,4.133896874259867e-06,0.8965272794938192,0.08717173885751661,20.626,26,89,224,984,8911,10313,447,0.089,0.224,0.984,0.43202753805876076
2110,3.5028357907265702e-06,0.8965033387729473,0.08722180934389963,20.626,26,90,222,794,8911,10313,446,0.09,0.222,0.794,0.43202753805876076
2111,3.963933924402038e-06,0.8964902320285145,0.08725921462263822,20.626,26,95,224,1066,8911,10313,452,0.095,0.224,1.066,0.43202753805876076
2112,3.872736665945029e-06,0.896441472385022,0.08725424472800097,20.626,26,83,237,1105,8911,10313,454,0.083,0.237,1.105,0.43202753805876076
2113,3.831977476200723e-06,0.8963778102941282,0.08739185258527996,20.626,26,96,215,755,8911,10313,440,0.096,0.215,0.755,0.43202753805876076
2114,4.127151351134419e-06,0.896513947168152,0.08717573684974593,20.626,26,89,219,961,8911,10313,442,0.089,0.219,0.961,0.43202753805876076
2115,3.2026703163369926e-06,0.8965029951135735,0.08722744053514014,20.626,26,93,223,705,8911,10313,450,0.093,0.223,0.705,0.43202753805876076
2116,3.5017096559711972e-06,0.8964633694368548,0.08728608624956592,20.626,26,106,222,890,8911,10313,465,0.106,0.222,0.89,0.43202753805876076
2117,3.709503146179993e-06,0.8964226266087056,0.08728253078273907,20.626,26,87,231,1022,8911,10313,452,0.087,0.231,1.022,0.43202753805876076
2118,3.831929827678318e-06,0.8963665134439726,0.08742197961099653,20.626,26,97,222,690,8911,10313,448,0.097,0.222,0.69,0.43202753805876076
2119,4.07531881163438e-06,0.8965214444440006,0.08716505612016509,20.626,26,90,223,933,8911,10313,447,0.09,0.223,0.933,0.43202753805876076
2120,3.4604821159025472e-06,0.8965032335622886,0.08722758193222892,20.626,26,90,222,811,8911,10313,446,0.09,0.222,0.811,0.43202753805876076
2121,3.930977556153215e-06,0.8964966193138227,0.08724793366737396,20.626,26,94,221,1070,8912,10313,448,0.094,0.221,1.07,0.43207602055657907
2122,3.8476689631436e-06,0.8964615332412947,0.08724055890053338,20.626,26,80,233,1771,8912,10313,448,0.08,0.233,1.771,0.43207602055657907
2123,3.892363525289474e-06,0.8963873862301309,0.0873941447028303,20.626,26,96,215,965,8912,10313,440,0.096,0.215,0.965,0.43207602055657907
2124,4.294474386406902e-06,0.896525951758368,0.08716234141945053,20.626,26,86,221,914,8912,10313,441,0.086,0.221,0.914,0.43207602055657907
2125,3.4528404909280795e-06,0.8964966923200614,0.0872342918256989,20.626,26,91,220,867,8912,10313,445,0.091,0.22,0.867,0.43207602055657907
2126,3.8605945733370095e-06,0.8964814108378542,0.08725312651255696,20.626,26,102,216,1139,8912,10313,455,0.102,0.216,1.139,0.43207602055657907
2127,3.7971239408432887e-06,0.8964487169284359,0.08724205781668451,20.626,26,84,232,1842,8912,10313,450,0.084,0.232,1.842,0.43207602055657907
2128,3.829328565276276e-06,0.8963865821498253,0.08739424265120002,20.626,26,97,216,924,8912,10313,442,0.097,0.216,0.924,0.43207602055657907
2129,4.122676956828033e-06,0.8965293867606753,0.08716005108245344,20.626,26,90,225,984,8912,10313,449,0.09,0.225,0.984,0.43207602055657907
2130,3.300925025646087e-06,0.8965085760996293,0.08722230460580963,20.626,26,90,224,819,8912,10313,448,0.09,0.224,0.819,0.43207602055657907
2131,3.780101252578562e-06,0.8964784723373883,0.08726610301028753,20.626,26,94,221,1290,8912,10313,448,0.094,0.221,1.29,0.43207602055657907
2132,3.7828958712121917e-06,0.8964402777158627,0.08726459762599773,20.626,26,83,233,1197,8913,10313,450,0.083,0.233,1.197,0.43212450305439737
2133,3.884498668721256e-06,0.8963793281576794,0.08741076646997004,20.626,26,96,219,767,8913,10313,444,0.096,0.219,0.767,0.43212450305439737
2134,4.219804206327675e-06,0.8965225529213452,0.0871627047680509,20.626,26,87,221,965,8913,10313,442,0.087,0.221,0.965,0.43212450305439737
2135,3.473296181618362e-06,0.8964965106702492,0.08723033659659678,20.626,26,90,219,811,8913,10313,443,0.09,0.219,0.811,0.43212450305439737
2136,3.90755849996384e-06,0.8964931070033105,0.0872507633956782,20.626,26,102,213,1014,8913,10313,453,0.102,0.213,1.014,0.43212450305439737
2137,3.8649406497840565e-06,0.8964535907160461,0.08724028127570982,20.626,26,84,234,1551,8913,10313,452,0.084,0.234,1.551,0.43212450305439737
2138,3.892886206918986e-06,0.8963790647554498,0.08739301388930655,20.626,26,97,212,1127,8913,10313,438,0.097,0.212,1.127,0.43212450305439737
2139,4.156376275974872e-06,0.8965221117196913,0.08716088043040744,20.626,26,88,224,904,8913,10313,446,0.088,0.224,0.904,0.43212450305439737
2140,3.3912442324057798e-06,0.8965047405024509,0.08723552821879113,20.626,26,90,221,798,8913,10313,445,0.09,0.221,0.798,0.43212450305439737
2141,3.99953463634899e-06,0.8964898044501775,0.08725455686613891,20.626,26,93,207,1150,8913,10313,437,0.093,0.207,1.15,0.43212450305439737
2142,3.8104786825008973e-06,0.8964588028168217,0.08724377395548853,20.626,26,81,235,1734,8913,10313,450,0.081,0.235,1.734,0.43212450305439737
2143,3.851969669014168e-06,0.8963876874817208,0.08739425270557104,20.626,26,98,217,806,8913,10313,444,0.098,0.217,0.806,0.43212450305439737
2144,4.188060285623926e-06,0.8965207609559852,0.0871585212684547,20.626,26,88,222,994,8913,10313,444,0.088,0.222,0.994,0.43212450305439737
2145,3.2654739104998607e-06,0.8965034011656171,0.08722159246040052,20.626,26,93,226,810,8913,10313,453,0.093,0.226,0.81,0.43212450305439737
2146,3.5809783547376646e-06,0.8964737639454403,0.08726570422930031,20.626,26,103,230,1159,8913,10313,466,0.103,0.23,1.159,0.43212450305439737
2147,3.7464457997108487e-06,0.8964461885475391,0.08726609938208243,20.626,26,86,228,1287,8913,10313,448,0.086,0.228,1.287,0.43212450305439737
2148,3.896682505768999e-06,0.896387731522917,0.08741223694544564,20.626,26,95,214,882,8913,10313,438,0.095,0.214,0.882,0.43212450305439737
2149,4.1533151774140035e-06,0.8965287211486739,0.08716353698004081,20.626,26,88,222,954,8913,10313,444,0.088,0.222,0.954,0.43212450305439737
2150,3.420321566582637e-06,0.8965024779638902,0.08723124954356115,20.626,26,89,220,795,8913,10313,443,0.089,0.22,0.795,0.43212450305439737
2151,3.994329281494969e-06,0.8964918154807059,0.08725048618244327,20.626,26,93,206,1023,8913,10313,437,0.093,0.206,1.023,0.43212450305439737
2152,3.832982845116778e-06,0.8964576957714725,0.08724120193177597,20.626,26,81,235,1473,8913,10313,450,0.081,0.235,1.473,0.43212450305439737
2153,3.882407552395613e-06,0.8963865200547896,0.08739428993738667,20.626,26,97,218,1032,8913,10313,444,0.097,0.218,1.032,0.43212450305439737
2154,4.215133541149193e-06,0.8965206448236926,0.08716042600859739,20.626,26,88,222,968,8913,10313,444,0.088,0.222,0.968,0.43212450305439737
2155,3.2905045238562627e-06,0.8965049394809803,0.08722376811066514,20.626,26,92,222,823,8913,10313,448,0.092,0.222,0.823,0.43212450305439737
2156,3.582229869700856e-06,0.8964775488741894,0.08726712102686063,20.626,26,102,231,1151,8913,10313,466,0.102,0.231,1.151,0.43212450305439737
2157,3.7680490170819627e-06,0.8964469332680735,0.08726555952714932,20.626,26,87,229,1302,8913,10313,450,0.087,0.229,1.302,0.43212450305439737
2158,3.924400950177921e-06,0.8963794470032684,0.08740950750407157,20.626,26,96,215,886,8913,10313,440,0.096,0.215,0.886,0.43212450305439737
2159,4.133478473628228e-06,0.8965218460764315,0.08716147540922366,20.626,26,89,223,944,8913,10313,446,0.089,0.223,0.944,0.43212450305439737
2160,3.4042126522737006e-06,0.8964983804937925,0.08723061631392016,20.626,26,89,220,799,8913,10313,443,0.089,0.22,0.799,0.43212450305439737
2161,3.999181609941171e-06,0.8964926124334923,0.08725100169211047,20.626,26,93,206,1034,8913,10313,437,0.093,0.206,1.034,0.43212450305439737
2162,3.849949198733368e-06,0.8964620228404762,0.08724221543768113,20.626,26,82,236,1481,8913,10313,452,0.082,0.236,1.481,0.43212450305439737
2163,3.884449600128246e-06,0.8963835439519476,0.08739380336160983,20.626,26,99,216,1061,8913,10313,444,0.099,0.216,1.061,0.43212450305439737
2164,4.213890376592835e-06,0.8965219718828947,0.08716054691786426,20.626,26,89,223,916,8913,10313,446,0.089,0.223,0.916,0.43212450305439737
2165,3.333213346071546e-06,0.896503687145652,0.08722239845873767,20.626,26,92,222,827,8913,10313,448,0.092,0.222,0.827,0.43212450305439737
2166,3.6618425714455658e-06,0.8964773692574064,0.08726630585109776,20.626,26,102,227,1070,8913,10313,462,0.102,0.227,1.07,0.43212450305439737
2167,3.7850806405843223e-06,0.8964426205586076,0.08726473788553417,20.626,26,86,230,1091,8913,10313,450,0.086,0.23,1.091,0.43212450305439737
2168,3.825101949517922e-06,0.896377226465296,0.08740963753353068,20.626,26,97,220,872,8913,10313,446,0.097,0.22,0.872,0.43212450305439737
2169,4.052378543391276e-06,0.8965194073201892,0.08716163763530765,20.626,26,91,226,985,8913,10313,451,0.091,0.226,0.985,0.43212450305439737
2170,3.1547091762767615e-06,0.8965201863210642,0.087204130071845,20.626,26,91,230,808,8913,10313,455,0.091,0.23,0.808,0.43212450305439737
2171,3.66084942042017e-06,0.8964820794934544,0.08727005525837475,20.626,26,96,213,1085,8913,10313,447,0.096,0.213,1.085,0.43212450305439737
2172,3.7526734693786003e-06,0.8964312181378442,0.08728001161544086,20.626,26,83,231,973,8913,10313,448,0.083,0.231,0.973,0.43212450305439737
2173,3.86510476391455e-06,0.8963678343983811,0.08742557548558468,20.626,26,97,216,751,8913,10313,442,0.097,0.216,0.751,0.43212450305439737
2174,4.20138666019334e-06,0.8965162798054446,0.08716922340947875,20.626,26,87,217,996,8913,10313,438,0.087,0.217,0.996,0.43212450305439737
2175,3.345949785091335e-06,0.8965102855588227,0.08721398373372613,20.626,26,90,219,792,8913,10313,443,0.09,0.219,0.792,0.43212450305439737
2176,3.6585720087443888e-06,0.8964956002022761,0.08725545185542961,20.626,26,100,229,1013,8913,10313,462,0.1,0.229,1.013,0.43212450305439737
2177,3.854151144456263e-06,0.8964562139819576,0.0872577995827838,20.626,26,86,228,1061,8913,10313,448,0.086,0.228,1.061,0.43212450305439737
2178,3.9508600438576214e-06,0.8963723236728883,0.08740785838737587,20.626,26,96,213,864,8913,10313,438,0.096,0.213,0.864,0.43212450305439737
2179,4.151854758563034e-06,0.8965124473067225,0.08716568426147697,20.626,26,91,219,908,8913,10313,444,0.091,0.219,0.908,0.43212450305439737
2180,3.202072926592087e-06,0.8965105277358709,0.08720767991596533,20.626,26,89,220,783,8913,10313,443,0.089,0.22,0.783,0.43212450305439737
2181,3.6021426407085273e-06,0.8964787098144659,0.08727274078528392,20.626,26,94,212,1035,8913,10313,443,0.094,0.212,1.035,0.43212450305439737
2182,3.739809299866947e-06,0.8964482048113809,0.0872830412621874,20.626,26,83,233,1299,8913,10313,450,0.083,0.233,1.299,0.43212450305439737
2183,3.896088086228972e-06,0.8963752200598301,0.08742436324061462,20.626,26,97,218,763,8913,10313,444,0.097,0.218,0.763,0.43212450305439737
2184,4.191014014539173e-06,0.8965146670221322,0.08716610975252687,20.626,26,90,215,936,8913,10313,439,0.09,0.215,0.936,0.43212450305439737
2185,3.2728291758382355e-06,0.8965088529122618,0.08720035150107312,20.626,26,89,220,797,8913,10313,443,0.089,0.22,0.797,0.43212450305439737
2186,3.540942285412203e-06,0.8964798040741521,0.08726690782952809,20.626,26,101,216,1029,8913,10313,455,0.101,0.216,1.029,0.43212450305439737
2187,3.7221782726524585e-06,0.8964371130530503,0.08727925487815157,20.626,26,83,224,1005,8913,10313,442,0.083,0.224,1.005,0.43212450305439737
2188,3.868151883368552e-06,0.8963795703364831,0.08742727860454798,20.626,26,93,216,855,8913,10313,438,0.093,0.216,0.855,0.43212450305439737
2189,4.1338968742626e-06,0.896527279499379,0.08717173885866704,20.626,26,89,224,984,8913,10313,447,0.089,0.224,0.984,0.43212450305439737
2190,3.5028357907247847e-06,0.896503338778504,0.08722180934504968,20.626,26,90,222,794,8913,10313,446,0.09,0.222,0.794,0.43212450305439737
2191,3.963933924450157e-06,0.8964902320335764,0.08725921462368602,20.626,26,95,224,1066,8913,10313,452,0.095,0.224,1.066,0.43212450305439737
2192,3.8727366659515065e-06,0.8964414723900153,0.08725424472903502,20.626,26,83,237,1105,8913,10313,454,0.083,0.237,1.105,0.43212450305439737
2193,3.831977476201382e-06,0.8963778102991194,0.08739185258631423,20.626,26,96,215,755,8913,10313,440,0.096,0.215,0.755,0.43212450305439737
2194,4.12715135113594e-06,0.8965139471731399,0.08717573685077815,20.626,26,89,219,961,8913,10313,442,0.089,0.219,0.961,0.43212450305439737
2195,3.202670316335206e-06,0.8965029951185575,0.08722744053617168,20.626,26,93,223,705,8913,10313,450,0.093,0.223,0.705,0.43212450305439737
2196,3.5017096559808886e-06,0.896463369441604,0.0872860862505492,20.626,26,106,222,890,8913,10313,465,0.106,0.222,0.89,0.43212450305439737
2197,3.709503146190157e-06,0.896422626613383,0.08728253078370789,20.626,26,87,231,1022,8913,10313,452,0.087,0.231,1.022,0.43212450305439737
2198,3.831929827676838e-06,0.8963665134486503,0.08742197961196595,20.626,26,97,222,690,8913,10313,448,0.097,0.222,0.69,0.43212450305439737
2199,4.075318811635365e-06,0.8965214444486764,0.08716505612113265,20.626,26,90,223,933,8913,10313,447,0.09,0.223,0.933,0.43212450305439737
2200,3.4604821159018785e-06,0.8965032335669609,0.08722758193319592,20.626,26,90,222,811,8913,10313,446,0.09,0.222,0.811,0.43212450305439737
2201,3.930977556186555e-06,0.8964966193183245,0.08724793366830576,20.626,26,94,221,1070,8913,10313,448,0.094,0.221,1.07,0.43212450305439737
2202,3.847668963155423e-06,0.896461533245724,0.08724055890145045,20.626,26,80,233,1771,8913,10313,448,0.08,0.233,1.771,0.43212450305439737
2203,3.8923635252877345e-06,0.8963873862345609,0.0873941447037482,20.626,26,96,215,965,8913,10313,440,0.096,0.215,0.965,0.43212450305439737
2204,4.294474386407587e-06,0.8965259517627965,0.08716234142036686,20.626,26,86,221,914,8913,10313,441,0.086,0.221,0.914,0.43212450305439737
2205,3.4528404909268085e-06,0.8964966923244867,0.08723429182661485,20.626,26,91,220,867,8913,10313,445,0.091,0.22,0.867,0.43212450305439737
2206,3.860594573371093e-06,0.8964814108420781,0.08725312651343137,20.626,26,102,216,1139,8913,10313,455,0.102,0.216,1.139,0.43212450305439737
2207,3.7971239408586848e-06,0.8964487169325799,0.08724205781754261,20.626,26,84,232,1842,8913,10313,450,0.084,0.232,1.842,0.43212450305439737
2208,3.829328565275245e-06,0.8963865821539694,0.08739424265205867,20.626,26,97,216,924,8913,10313,442,0.097,0.216,0.924,0.43212450305439737
2209,4.1226769568287855e-06,0.8965293867648174,0.08716005108331051,20.626,26,90,225,984,8913,10313,449,0.09,0.225,0.984,0.43212450305439737
2210,3.3009250256449517e-06,0.8965085761037686,0.08722230460666629,20.626,26,90,224,819,8913,10313,448,0.09,0.224,0.819,0.43212450305439737
2211,3.7801012526110503e-06,0.8964784723412688,0.08726610301109086,20.626,26,94,221,1290,8913,10313,448,0.094,0.221,1.29,0.43212450305439737
2212,3.782895871226682e-06,0.8964402777196595,0.08726459762678404,20.626,26,83,233,1197,8913,10313,450,0.083,0.233,1.197,0.43212450305439737
2213,3.884498668721024e-06,0.8963793281614758,0.08741076647075667,20.626,26,96,219,767,8913,10313,444,0.096,0.219,0.767,0.43212450305439737
2214,4.219804206328554e-06,0.8965225529251395,0.08716270476883609,20.626,26,87,221,965,8913,10313,442,0.087,0.221,0.965,0.43212450305439737
2215,3.4732961816174293e-06,0.8964965106740408,0.08723033659738158,20.626,26,90,219,811,8913,10313,443,0.09,0.219,0.811,0.43212450305439737
2216,3.907558500006456e-06,0.8964931070068238,0.0872507633964054,20.626,26,102,213,1014,8913,10313,453,0.102,0.213,1.014,0.43212450305439737
2217,3.864940649796915e-06,0.8964535907194738,0.08724028127641958,20.626,26,84,234,1551,8913,10313,452,0.084,0.234,1.551,0.43212450305439737
2218,3.892886206918969e-06,0.8963790647588765,0.08739301389001665,20.626,26,97,212,1127,8913,10313,438,0.097,0.212,1.127,0.43212450305439737
2219,4.156376275975753e-06,0.8965221117231162,0.08716088043111617,20.626,26,88,224,904,8913,10313,446,0.088,0.224,0.904,0.43212450305439737
2220,3.3912442324050844e-06,0.8965047405058734,0.08723552821949947,20.626,26,90,221,798,8913,10313,445,0.09,0.221,0.798,0.43212450305439737
2221,3.999534636415539e-06,0.8964898044533045,0.08725455686678624,20.626,26,93,207,1150,8913,10313,437,0.093,0.207,1.15,0.43212450305439737
2222,3.8104786825181065e-06,0.8964588028198555,0.08724377395611671,20.626,26,81,235,1734,8913,10313,450,0.081,0.235,1.734,0.43212450305439737
2223,3.851969669015143e-06,0.8963876874847528,0.08739425270619926,20.626,26,98,217,806,8913,10313,444,0.098,0.217,0.806,0.43212450305439737
2224,4.188060285624771e-06,0.8965207609590153,0.08715852126908175,20.626,26,88,222,994,8913,10313,444,0.088,0.222,0.994,0.43212450305439737
2225,3.265473910498941e-06,0.8965034011686449,0.0872215924610272,20.626,26,93,226,810,8913,10313,453,0.093,0.226,0.81,0.43212450305439737
2226,3.5809783547901366e-06,0.8964737639481637,0.08726570422986415,20.626,26,103,230,1159,8913,10313,466,0.103,0.23,1.159,0.43212450305439737
2227,3.7464457997347838e-06,0.8964461885501638,0.08726609938262599,20.626,26,86,228,1287,8913,10313,448,0.086,0.228,1.287,0.43212450305439737
2228,3.89668250577006e-06,0.8963877315255402,0.08741223694598915,20.626,26,95,214,882,8913,10313,438,0.095,0.214,0.882,0.43212450305439737
2229,4.153315177414912e-06,0.8965287211512952,0.08716353698058321,20.626,26,88,222,954,8913,10313,444,0.088,0.222,0.954,0.43212450305439737
2230,3.420321566582246e-06,0.8965024779665093,0.08723124954410326,20.626,26,89,220,795,8913,10313,443,0.089,0.22,0.795,0.43212450305439737
2231,3.994329281560298e-06,0.8964918154830077,0.08725048618291971,20.626,26,93,206,1023,8913,10313,437,0.093,0.206,1.023,0.43212450305439737
2232,3.8329828451366754e-06,0.8964576957736713,0.08724120193223127,20.626,26,81,235,1473,8913,10313,450,0.081,0.235,1.473,0.43212450305439737
2233,3.882407552397278e-06,0.8963865200569863,0.0873942899378418,20.626,26,97,218,1032,8913,10313,444,0.097,0.218,1.032,0.43212450305439737
2234,4.215133541150016e-06,0.8965206448258874,0.08716042600905155,20.626,26,88,222,968,8913,10313,444,0.088,0.222,0.968,0.43212450305439737
2235,3.290504523855613e-06,0.8965049394831733,0.08722376811111901,20.626,26,92,222,823,8913,10313,448,0.092,0.222,0.823,0.43212450305439737
2236,3.5822298697527463e-06,0.8964775488760586,0.08726712102724757,20.626,26,102,231,1151,8913,10313,466,0.102,0.231,1.151,0.43212450305439737
2237,3.768049017102633e-06,0.8964469332698332,0.08726555952751372,20.626,26,87,229,1302,8913,10313,450,0.087,0.229,1.302,0.43212450305439737
2238,3.924400950179903e-06,0.8963794470050257,0.08740950750443567,20.626,26,96,215,886,8913,10313,440,0.096,0.215,0.886,0.43212450305439737
2239,4.13347847362907e-06,0.8965218460781871,0.08716147540958691,20.626,26,89,223,944,8913,10313,446,0.089,0.223,0.944,0.43212450305439737
2240,3.4042126522734977e-06,0.8964983804955464,0.08723061631428317,20.626,26,89,220,799,8913,10313,443,0.089,0.22,0.799,0.43212450305439737
2241,3.999181610018777e-06,0.8964926124349126,0.08725100169240449,20.626,26,93,206,1034,8913,10313,437,0.093,0.206,1.034,0.43212450305439737
2242,3.849949198752927e-06,0.8964620228417866,0.08724221543795242,20.626,26,82,236,1481,8913,10313,452,0.082,0.236,1.481,0.43212450305439737
2243,3.884449600130687e-06,0.8963835439532549,0.08739380336188071,20.626,26,99,216,1061,8913,10313,444,0.099,0.216,1.061,0.43212450305439737
2244,4.213890376593572e-06,0.8965219718842005,0.08716054691813446,20.626,26,89,223,916,8913,10313,446,0.089,0.223,0.916,0.43212450305439737
2245,3.3332133460711534e-06,0.8965036871469563,0.08722239845900763,20.626,26,92,222,827,8913,10313,448,0.092,0.222,0.827,0.43212450305439737
2246,3.6618425714893714e-06,0.8964773692583736,0.087266305851298,20.626,26,102,227,1070,8913,10313,462,0.102,0.227,1.07,0.43212450305439737
2247,3.7850806406051958e-06,0.8964426205594618,0.08726473788571107,20.626,26,86,230,1091,8913,10313,450,0.086,0.23,1.091,0.43212450305439737
2248,3.825101949520742e-06,0.8963772264661471,0.087409637533707,20.626,26,97,220,872,8913,10313,446,0.097,0.22,0.872,0.43212450305439737
2249,4.052378543392053e-06,0.8965194073210385,0.08716163763548343,20.626,26,91,226,985,8913,10313,451,0.091,0.226,0.985,0.43212450305439737
2250,3.1547091762765875e-06,0.8965201863219127,0.08720413007202055,20.626,26,91,230,808,8913,10313,455,0.091,0.23,0.808,0.43212450305439737
2251,3.660849420442495e-06,0.8964820794939622,0.08727005525847988,20.626,26,96,213,1085,8913,10313,447,0.096,0.213,1.085,0.43212450305439737
2252,3.752673469396768e-06,0.8964312181382375,0.08728001161552232,20.626,26,83,231,973,8913,10313,448,0.083,0.231,0.973,0.43212450305439737
2253,3.8651047639178916e-06,0.8963678343987707,0.08742557548566542,20.626,26,97,216,751,8913,10313,442,0.097,0.216,0.751,0.43212450305439737
2254,4.201386660194178e-06,0.8965162798058328,0.08716922340955907,20.626,26,87,217,996,8913,10313,438,0.087,0.217,0.996,0.43212450305439737
2255,3.345949785091337e-06,0.8965102855592102,0.08721398373380632,20.626,26,90,219,792,8913,10313,443,0.09,0.219,0.792,0.43212450305439737
2256,3.658572008767621e-06,0.8964956002025201,0.0872554518554801,20.626,26,100,229,1013,8913,10313,462,0.1,0.229,1.013,0.43212450305439737
2257,3.854151144470707e-06,0.8964562139820903,0.08725779958281125,20.626,26,86,228,1061,8913,10313,448,0.086,0.228,1.061,0.43212450305439737
2258,3.950860043858991e-06,0.8963723236730194,0.08740785838740303,20.626,26,96,213,864,8913,10313,438,0.096,0.213,0.864,0.43212450305439737
2259,4.1518547585635975e-06,0.8965124473068525,0.08716568426150388,20.626,26,91,219,908,8913,10313,444,0.091,0.219,0.908,0.43212450305439737
2260,3.202072926592289e-06,0.896510527736,0.08720767991599206,20.626,26,89,220,783,8913,10313,443,0.089,0.22,0.783,0.43212450305439737
2261,3.6021426407161912e-06,0.8964787098145541,0.08727274078530219,20.626,26,94,212,1035,8913,10313,443,0.094,0.212,1.035,0.43212450305439737
2262,3.739809299875386e-06,0.8964482048114181,0.08728304126219513,20.626,26,83,233,1299,8913,10313,450,0.083,0.233,1.299,0.43212450305439737
2263,3.89608808622938e-06,0.8963752200598669,0.08742436324062225,20.626,26,97,218,763,8913,10313,444,0.097,0.218,0.763,0.43212450305439737
2264,4.191014014539368e-06,0.8965146670221688,0.08716610975253443,20.626,26,90,215,936,8913,10313,439,0.09,0.215,0.936,0.43212450305439737
2265,3.2728291758382724e-06,0.8965088529122979,0.08720035150108063,20.626,26,89,220,797,8913,10313,443,0.089,0.22,0.797,0.43212450305439737
2266,3.5409422854135924e-06,0.8964798040741768,0.08726690782953321,20.626,26,101,216,1029,8913,10313,455,0.101,0.216,1.029,0.43212450305439737
2267,3.722178272655841e-06,0.8964371130530606,0.08727925487815372,20.626,26,83,224,1005,8913,10313,442,0.083,0.224,1.005,0.43212450305439737
2268,3.868151883368598e-06,0.8963795703364934,0.08742727860455014,20.626,26,93,216,855,8913,10313,438,0.093,0.216,0.855,0.43212450305439737
2269,4.133896874262624e-06,0.8965272794993894,0.08717173885866919,20.626,26,89,224,984,8913,10313,447,0.089,0.224,0.984,0.43212450305439737
2270,3.5028357907248075e-06,0.8965033387785143,0.0872218093450518,20.626,26,90,222,794,8913,10313,446,0.09,0.222,0.794,0.43212450305439737
2271,3.963933924450497e-06,0.8964902320335835,0.08725921462368745,20.626,26,95,224,1066,8913,10313,452,0.095,0.224,1.066,0.43212450305439737
2272,3.872736665952129e-06,0.8964414723900181,0.08725424472903563,20.626,26,83,237,1105,8913,10313,454,0.083,0.237,1.105,0.43212450305439737
2273,3.831977476201407e-06,0.8963778102991224,0.08739185258631482,20.626,26,96,215,755,8913,10313,440,0.096,0.215,0.755,0.43212450305439737
2274,4.127151351135939e-06,0.8965139471731429,0.08717573685077874,20.626,26,89,219,961,8913,10313,442,0.089,0.219,0.961,0.43212450305439737
2275,3.202670316335206e-06,0.8965029951185604,0.08722744053617228,20.626,26,93,223,705,8913,10313,450,0.093,0.223,0.705,0.43212450305439737
2276,3.501709655980938e-06,0.8964633694416059,0.08728608625054962,20.626,26,106,222,890,8913,10313,465,0.106,0.222,0.89,0.43212450305439737
2277,3.709503146190384e-06,0.8964226266133839,0.08728253078370807,20.626,26,87,231,1022,8913,10313,452,0.087,0.231,1.022,0.43212450305439737
2278,3.831929827676849e-06,0.8963665134486509,0.08742197961196613,20.626,26,97,222,690,8913,10313,448,0.097,0.222,0.69,0.43212450305439737
2279,4.075318811635366e-06,0.8965214444486772,0.0871650561211328,20.626,26,90,223,933,8913,10313,447,0.09,0.223,0.933,0.43212450305439737
2280,3.4604821159018755e-06,0.8965032335669616,0.08722758193319609,20.626,26,90,222,811,8913,10313,446,0.09,0.222,0.811,0.43212450305439737
2281,3.930977556186603e-06,0.8964966193183251,0.08724793366830588,20.626,26,94,221,1070,8913,10313,448,0.094,0.221,1.07,0.43212450305439737
2282,3.8476689631554955e-06,0.8964615332457241,0.0872405589014505,20.626,26,80,233,1771,8913,10313,448,0.08,0.233,1.771,0.43212450305439737
2283,3.892363525287732e-06,0.8963873862345612,0.08739414470374825,20.626,26,96,215,965,8913,10313,440,0.096,0.215,0.965,0.43212450305439737
2284,4.2944743864075806e-06,0.8965259517627966,0.0871623414203669,20.626,26,86,221,914,8913,10313,441,0.086,0.221,0.914,0.43212450305439737
2285,3.4528404909268128e-06,0.8964966923244869,0.08723429182661491,20.626,26,91,220,867,8913,10313,445,0.091,0.22,0.867,0.43212450305439737
2286,3.860594573371095e-06,0.8964814108420783,0.0872531265134314,20.626,26,102,216,1139,8913,10313,455,0.102,0.216,1.139,0.43212450305439737
2287,3.797123940858696e-06,0.8964487169325799,0.08724205781754263,20.626,26,84,232,1842,8913,10313,450,0.084,0.232,1.842,0.43212450305439737
2288,3.829328565275248e-06,0.8963865821539694,0.08739424265205868,20.626,26,97,216,924,8913,10313,442,0.097,0.216,0.924,0.43212450305439737
2289,4.1226769568287804e-06,0.8965293867648175,0.08716005108331056,20.626,26,90,225,984,8913,10313,449,0.09,0.225,0.984,0.43212450305439737
2290,3.3009250256449517e-06,0.8965085761037687,0.08722230460666631,20.626,26,90,224,819,8913,10313,448,0.09,0.224,0.819,0.43212450305439737
2291,3.78010125261106e-06,0.8964784723412688,0.08726610301109088,20.626,26,94,221,1290,8913,10313,448,0.094,0.221,1.29,0.43212450305439737
2292,3.782895871226688e-06,0.8964402777196595,0.08726459762678404,20.626,26,83,233,1197,8913,10313,450,0.083,0.233,1.197,0.43212450305439737
2293,3.884498668721022e-06,0.8963793281614758,0.08741076647075667,20.626,26,96,219,767,8913,10313,444,0.096,0.219,0.767,0.43212450305439737
2294,4.2198042063285565e-06,0.8965225529251395,0.08716270476883609,20.626,26,87,221,965,8913,10313,442,0.087,0.221,0.965,0.43212450305439737
2295,3.4732961816174314e-06,0.8964965106740408,0.08723033659738158,20.626,26,90,219,811,8913,10313,443,0.09,0.219,0.811,0.43212450305439737
2296,3.907558500006454e-06,0.8964931070068237,0.0872507633964054,20.626,26,102,213,1014,8913,10313,453,0.102,0.213,1.014,0.43212450305439737
2297,3.864940649796918e-06,0.8964535907194738,0.08724028127641958,20.626,26,84,234,1551,8913,10313,452,0.084,0.234,1.551,0.43212450305439737
2298,3.892886206918973e-06,0.8963790647588765,0.08739301389001665,20.626,26,97,212,1127,8913,10313,438,0.097,0.212,1.127,0.43212450305439737
2299,4.156376275975755e-06,0.8965221117231162,0.08716088043111617,20.626,26,88,224,904,8913,10313,446,0.088,0.224,0.904,0.43212450305439737
2300,3.3912442324050852e-06,0.8965047405058734,0.08723552821949948,20.626,26,90,221,798,8913,10313,445,0.09,0.221,0.798,0.43212450305439737
2301,3.999534636415539e-06,0.8964898044533045,0.08725455686678622,20.626,26,93,207,1150,8913,10313,437,0.093,0.207,1.15,0.43212450305439737
2302,3.8104786825181073e-06,0.8964588028198555,0.08724377395611671,20.626,26,81,235,1734,8913,10313,450,0.081,0.235,1.734,0.43212450305439737
2303,3.851969669015142e-06,0.8963876874847528,0.08739425270619926,20.626,26,98,217,806,8913,10313,444,0.098,0.217,0.806,0.43212450305439737
2304,4.18806028562477e-06,0.8965207609590153,0.08715852126908175,20.626,26,88,222,994,8913,10313,444,0.088,0.222,0.994,0.43212450305439737
2305,3.265473910498941e-06,0.8965034011686449,0.0872215924610272,20.626,26,93,226,810,8913,10313,453,0.093,0.226,0.81,0.43212450305439737
2306,3.580978354790137e-06,0.8964737639481637,0.08726570422986415,20.626,26,103,230,1159,8913,10313,466,0.103,0.23,1.159,0.43212450305439737
2307,3.746445799734784e-06,0.8964461885501638,0.08726609938262599,20.626,26,86,228,1287,8913,10313,448,0.086,0.228,1.287,0.43212450305439737
2308,3.896682505770059e-06,0.8963877315255401,0.08741223694598915,20.626,26,95,214,882,8913,10313,438,0.095,0.214,0.882,0.43212450305439737
2309,4.153315177414913e-06,0.8965287211512952,0.08716353698058321,20.626,26,88,222,954,8913,10313,444,0.088,0.222,0.954,0.43212450305439737
2310,3.4203215665822473e-06,0.8965024779665093,0.08723124954410326,20.626,26,89,220,795,8913,10313,443,0.089,0.22,0.795,0.43212450305439737
2311,3.994329281560297e-06,0.8964918154830077,0.08725048618291971,20.626,26,93,206,1023,8913,10313,437,0.093,0.206,1.023,0.43212450305439737
2312,3.832982845136675e-06,0.8964576957736714,0.08724120193223125,20.626,26,81,235,1473,8913,10313,450,0.081,0.235,1.473,0.43212450305439737
2313,3.882407552397279e-06,0.8963865200569863,0.0873942899378418,20.626,26,97,218,1032,8913,10313,444,0.097,0.218,1.032,0.43212450305439737
2314,4.215133541150016e-06,0.8965206448258874,0.08716042600905155,20.626,26,88,222,968,8913,10313,444,0.088,0.222,0.968,0.43212450305439737
2315,3.290504523855613e-06,0.8965049394831733,0.08722376811111901,20.626,26,92,222,823,8913,10313,448,0.092,0.222,0.823,0.43212450305439737
2316,3.582229869752746e-06,0.8964775488760586,0.08726712102724758,20.626,26,102,231,1151,8913,10313,466,0.102,0.231,1.151,0.43212450305439737
2317,3.7680490171026324e-06,0.8964469332698332,0.08726555952751372,20.626,26,87,229,1302,8913,10313,450,0.087,0.229,1.302,0.43212450305439737
2318,3.924400950179905e-06,0.8963794470050257,0.08740950750443567,20.626,26,96,215,886,8913,10313,440,0.096,0.215,0.886,0.43212450305439737
2319,4.133478473629067e-06,0.8965218460781871,0.08716147540958691,20.626,26,89,223,944,8913,10313,446,0.089,0.223,0.944,0.43212450305439737
2320,3.404212652273497e-06,0.8964983804955464,0.08723061631428317,20.626,26,89,220,799,8913,10313,443,0.089,0.22,0.799,0.43212450305439737
2321,3.999181610018775e-06,0.8964926124349126,0.08725100169240449,20.626,26,93,206,1034,8913,10313,437,0.093,0.206,1.034,0.43212450305439737
2322,3.849949198752927e-06,0.8964620228417866,0.08724221543795242,20.626,26,82,236,1481,8913,10313,452,0.082,0.236,1.481,0.43212450305439737
2323,3.8844496001306895e-06,0.8963835439532549,0.08739380336188071,20.626,26,99,216,1061,8913,10313,444,0.099,0.216,1.061,0.43212450305439737
2324,4.213890376593572e-06,0.8965219718842005,0.08716054691813446,20.626,26,89,223,916,8913,10313,446,0.089,0.223,0.916,0.43212450305439737
2325,3.3332133460711534e-06,0.8965036871469563,0.08722239845900763,20.626,26,92,222,827,8913,10313,448,0.092,0.222,0.827,0.43212450305439737
2326,3.6618425714893718e-06,0.8964773692583736,0.087266305851298,20.626,26,102,227,1070,8913,10313,462,0.102,0.227,1.07,0.43212450305439737
2327,3.7850806406051958e-06,0.8964426205594618,0.08726473788571107,20.626,26,86,230,1091,8913,10313,450,0.086,0.23,1.091,0.43212450305439737
2328,3.825101949520742e-06,0.8963772264661471,0.087409637533707,20.626,26,97,220,872,8913,10313,446,0.097,0.22,0.872,0.43212450305439737
2329,4.052378543392053e-06,0.8965194073210385,0.08716163763548344,20.626,26,91,226,985,8913,10313,451,0.091,0.226,0.985,0.43212450305439737
2330,3.154709176276587e-06,0.8965201863219127,0.08720413007202055,20.626,26,91,230,808,8913,10313,455,0.091,0.23,0.808,0.43212450305439737
2331,3.6608494204424945e-06,0.8964820794939622,0.08727005525847988,20.626,26,96,213,1085,8913,10313,447,0.096,0.213,1.085,0.43212450305439737
2332,3.7526734693967683e-06,0.8964312181382375,0.08728001161552232,20.626,26,83,231,973,8913,10313,448,0.083,0.231,0.973,0.43212450305439737
2333,3.8651047639178916e-06,0.8963678343987707,0.08742557548566542,20.626,26,97,216,751,8913,10313,442,0.097,0.216,0.751,0.43212450305439737
2334,4.201386660194177e-06,0.8965162798058328,0.08716922340955907,20.626,26,87,217,996,8913,10313,438,0.087,0.217,0.996,0.43212450305439737
2335,3.3459497850913344e-06,0.8965102855592102,0.08721398373380632,20.626,26,90,219,792,8913,10313,443,0.09,0.219,0.792,0.43212450305439737
2336,3.6585720087676203e-06,0.8964956002025201,0.0872554518554801,20.626,26,100,229,1013,8913,10313,462,0.1,0.229,1.013,0.43212450305439737
2337,3.8541511444707065e-06,0.8964562139820903,0.08725779958281125,20.626,26,86,228,1061,8913,10313,448,0.086,0.228,1.061,0.43212450305439737
2338,3.950860043858992e-06,0.8963723236730194,0.08740785838740303,20.626,26,96,213,864,8913,10313,438,0.096,0.213,0.864,0.43212450305439737
2339,4.151854758563598e-06,0.8965124473068525,0.08716568426150388,20.626,26,91,219,908,8913,10313,444,0.091,0.219,0.908,0.43212450305439737
2340,3.20207292659229e-06,0.896510527736,0.08720767991599206,20.626,26,89,220,783,8913,10313,443,0.089,0.22,0.783,0.43212450305439737
2341,3.6021426407161912e-06,0.8964787098145541,0.08727274078530219,20.626,26,94,212,1035,8913,10313,443,0.094,0.212,1.035,0.43212450305439737
2342,3.739809299875385e-06,0.8964482048114181,0.08728304126219513,20.626,26,83,233,1299,8913,10313,450,0.083,0.233,1.299,0.43212450305439737
2343,3.896088086229379e-06,0.8963752200598669,0.08742436324062225,20.626,26,97,218,763,8913,10313,444,0.097,0.218,0.763,0.43212450305439737
2344,4.191014014539368e-06,0.8965146670221688,0.08716610975253443,20.626,26,90,215,936,8913,10313,439,0.09,0.215,0.936,0.43212450305439737
2345,3.2728291758382732e-06,0.8965088529122979,0.08720035150108063,20.626,26,89,220,797,8913,10313,443,0.089,0.22,0.797,0.43212450305439737
2346,3.5409422854135933e-06,0.8964798040741768,0.08726690782953321,20.626,26,101,216,1029,8913,10313,455,0.101,0.216,1.029,0.43212450305439737
2347,3.722178272655841e-06,0.8964371130530606,0.08727925487815372,20.626,26,83,224,1005,8913,10313,442,0.083,0.224,1.005,0.43212450305439737
2348,3.868151883368596e-06,0.8963795703364934,0.08742727860455014,20.626,26,93,216,855,8913,10313,438,0.093,0.216,0.855,0.43212450305439737
2349,4.133896874262623e-06,0.8965272794993894,0.08717173885866919,20.626,26,89,224,984,8913,10313,447,0.089,0.224,0.984,0.43212450305439737
2350,3.5028357907248092e-06,0.8965033387785143,0.0872218093450518,20.626,26,90,222,794,8913,10313,446,0.09,0.222,0.794,0.43212450305439737
2351,3.963933924450498e-06,0.8964902320335835,0.08725921462368745,20.626,26,95,224,1066,8913,10313,452,0.095,0.224,1.066,0.43212450305439737
2352,3.872736665952129e-06,0.8964414723900181,0.08725424472903563,20.626,26,83,237,1105,8913,10313,454,0.083,0.237,1.105,0.43212450305439737
2353,3.8319774762014074e-06,0.8963778102991224,0.08739185258631482,20.626,26,96,215,755,8913,10313,440,0.096,0.215,0.755,0.43212450305439737
2354,4.127151351135937e-06,0.8965139471731429,0.08717573685077874,20.626,26,89,219,961,8913,10313,442,0.089,0.219,0.961,0.43212450305439737
2355,3.202670316335206e-06,0.8965029951185604,0.08722744053617228,20.626,26,93,223,705,8913,10313,450,0.093,0.223,0.705,0.43212450305439737
2356,3.501709655980939e-06,0.8964633694416059,0.08728608625054962,20.626,26,106,222,890,8913,10313,465,0.106,0.222,0.89,0.43212450305439737
2357,3.709503146190384e-06,0.8964226266133839,0.08728253078370807,20.626,26,87,231,1022,8913,10313,452,0.087,0.231,1.022,0.43212450305439737
2358,3.831929827676852e-06,0.8963665134486509,0.08742197961196613,20.626,26,97,222,690,8913,10313,448,0.097,0.222,0.69,0.43212450305439737
2359,4.0753188116353665e-06,0.8965214444486772,0.0871650561211328,20.626,26,90,223,933,8913,10313,447,0.09,0.223,0.933,0.43212450305439737
2360,3.4604821159018755e-06,0.8965032335669616,0.08722758193319609,20.626,26,90,222,811,8913,10313,446,0.09,0.222,0.811,0.43212450305439737
2361,3.930977556186603e-06,0.8964966193183251,0.08724793366830588,20.626,26,94,221,1070,8913,10313,448,0.094,0.221,1.07,0.43212450305439737
2362,3.847668963155495e-06,0.8964615332457241,0.0872405589014505,20.626,26,80,233,1771,8913,10313,448,0.08,0.233,1.771,0.43212450305439737
2363,3.89236352528773e-06,0.8963873862345612,0.08739414470374825,20.626,26,96,215,965,8913,10313,440,0.096,0.215,0.965,0.43212450305439737
2364,4.29447438640758e-06,0.8965259517627967,0.0871623414203669,20.626,26,86,221,914,8913,10313,441,0.086,0.221,0.914,0.43212450305439737
2365,3.4528404909268136e-06,0.8964966923244869,0.08723429182661491,20.626,26,91,220,867,8913,10313,445,0.091,0.22,0.867,0.43212450305439737
2366,3.860594573371095e-06,0.8964814108420783,0.0872531265134314,20.626,26,102,216,1139,8913,10313,455,0.102,0.216,1.139,0.43212450305439737
2367,3.797123940858696e-06,0.8964487169325799,0.08724205781754263,20.626,26,84,232,1842,8913,10313,450,0.084,0.232,1.842,0.43212450305439737
2368,3.829328565275247e-06,0.8963865821539694,0.08739424265205868,20.626,26,97,216,924,8913,10313,442,0.097,0.216,0.924,0.43212450305439737
2369,4.12267695682878e-06,0.8965293867648175,0.08716005108331056,20.626,26,90,225,984,8913,10313,449,0.09,0.225,0.984,0.43212450305439737
2370,3.300925025644951e-06,0.8965085761037687,0.08722230460666631,20.626,26,90,224,819,8913,10313,448,0.09,0.224,0.819,0.43212450305439737
2371,3.78010125261106e-06,0.8964784723412688,0.08726610301109088,20.626,26,94,221,1290,8913,10313,448,0.094,0.221,1.29,0.43212450305439737
2372,3.7828958712266887e-06,0.8964402777196595,0.08726459762678404,20.626,26,83,233,1197,8913,10313,450,0.083,0.233,1.197,0.43212450305439737
2373,3.884498668721025e-06,0.8963793281614758,0.08741076647075667,20.626,26,96,219,767,8913,10313,444,0.096,0.219,0.767,0.43212450305439737
2374,4.219804206328558e-06,0.8965225529251395,0.08716270476883609,20.626,26,87,221,965,8913,10313,442,0.087,0.221,0.965,0.43212450305439737
2375,3.473296181617432e-06,0.8964965106740408,0.08723033659738158,20.626,26,90,219,811,8913,10313,443,0.09,0.219,0.811,0.43212450305439737
2376,3.907558500006455e-06,0.8964931070068238,0.0872507633964054,20.626,26,102,213,1014,8913,10313,453,0.102,0.213,1.014,0.43212450305439737
2377,3.864940649796918e-06,0.8964535907194738,0.08724028127641958,20.626,26,84,234,1551,8913,10313,452,0.084,0.234,1.551,0.43212450305439737
2378,3.89288620691897e-06,0.8963790647588766,0.08739301389001665,20.626,26,97,212,1127,8913,10313,438,0.097,0.212,1.127,0.43212450305439737
2379,4.156376275975755e-06,0.8965221117231162,0.08716088043111617,20.626,26,88,224,904,8913,10313,446,0.088,0.224,0.904,0.43212450305439737
2380,3.3912442324050852e-06,0.8965047405058734,0.08723552821949948,20.626,26,90,221,798,8913,10313,445,0.09,0.221,0.798,0.43212450305439737
2381,3.99953463641554e-06,0.8964898044533045,0.08725455686678624,20.626,26,93,207,1150,8913,10313,437,0.093,0.207,1.15,0.43212450305439737
2382,3.8104786825181078e-06,0.8964588028198555,0.08724377395611671,20.626,26,81,235,1734,8913,10313,450,0.081,0.235,1.734,0.43212450305439737
2383,3.851969669015143e-06,0.8963876874847528,0.08739425270619926,20.626,26,98,217,806,8913,10313,444,0.098,0.217,0.806,0.43212450305439737
2384,4.188060285624771e-06,0.8965207609590153,0.08715852126908175,20.626,26,88,222,994,8913,10313,444,0.088,0.222,0.994,0.43212450305439737
2385,3.265473910498941e-06,0.8965034011686449,0.0872215924610272,20.626,26,93,226,810,8913,10313,453,0.093,0.226,0.81,0.43212450305439737
2386,3.580978354790136e-06,0.8964737639481637,0.08726570422986415,20.626,26,103,230,1159,8913,10313,466,0.103,0.23,1.159,0.43212450305439737
2387,3.746445799734784e-06,0.8964461885501638,0.08726609938262599,20.626,26,86,228,1287,8913,10313,448,0.086,0.228,1.287,0.43212450305439737
2388,3.8966825057700595e-06,0.8963877315255402,0.08741223694598915,20.626,26,95,214,882,8913,10313,438,0.095,0.214,0.882,0.43212450305439737
2389,4.153315177414913e-06,0.8965287211512952,0.08716353698058321,20.626,26,88,222,954,8913,10313,444,0.088,0.222,0.954,0.43212450305439737
2390,3.4203215665822473e-06,0.8965024779665093,0.08723124954410326,20.626,26,89,220,795,8913,10313,443,0.089,0.22,0.795,0.43212450305439737
2391,3.994329281560296e-06,0.8964918154830077,0.08725048618291971,20.626,26,93,206,1023,8913,10313,437,0.093,0.206,1.023,0.43212450305439737
2392,3.832982845136674e-06,0.8964576957736714,0.08724120193223125,20.626,26,81,235,1473,8913,10313,450,0.081,0.235,1.473,0.43212450305439737
2393,3.882407552397278e-06,0.8963865200569863,0.0873942899378418,20.626,26,97,218,1032,8913,10313,444,0.097,0.218,1.032,0.43212450305439737
2394,4.215133541150016e-06,0.8965206448258874,0.08716042600905155,20.626,26,88,222,968,8913,10313,444,0.088,0.222,0.968,0.43212450305439737
2395,3.2905045238556126e-06,0.8965049394831733,0.08722376811111901,20.626,26,92,222,823,8913,10313,448,0.092,0.222,0.823,0.43212450305439737
2396,3.5822298697527463e-06,0.8964775488760586,0.08726712102724757,20.626,26,102,231,1151,8913,10313,466,0.102,0.231,1.151,0.43212450305439737
2397,3.7680490171026337e-06,0.8964469332698332,0.08726555952751372,20.626,26,87,229,1302,8913,10313,450,0.087,0.229,1.302,0.43212450305439737
2398,3.924400950179903e-06,0.8963794470050257,0.08740950750443567,20.626,26,96,215,886,8913,10313,440,0.096,0.215,0.886,0.43212450305439737
2399,4.13347847362907e-06,0.8965218460781871,0.08716147540958691,20.626,26,89,223,944,8913,10313,446,0.089,0.223,0.944,0.43212450305439737
2400,3.404212652273497e-06,0.8964983804955464,0.08723061631428317,20.626,26,89,220,799,8913,10313,443,0.089,0.22,0.799,0.43212450305439737
2401,3.999181610018776e-06,0.8964926124349126,0.08725100169240449,20.626,26,93,206,1034,8913,10313,437,0.093,0.206,1.034,0.43212450305439737
2402,3.849949198752928e-06,0.8964620228417866,0.08724221543795242,20.626,26,82,236,1481,8913,10313,452,0.082,0.236,1.481,0.43212450305439737
2403,3.8844496001306895e-06,0.8963835439532549,0.08739380336188071,20.626,26,99,216,1061,8913,10313,444,0.099,0.216,1.061,0.43212450305439737
2404,4.213890376593573e-06,0.8965219718842005,0.08716054691813446,20.626,26,89,223,916,8913,10313,446,0.089,0.223,0.916,0.43212450305439737
2405,3.3332133460711534e-06,0.8965036871469563,0.08722239845900763,20.626,26,92,222,827,8913,10313,448,0.092,0.222,0.827,0.43212450305439737
2406,3.6618425714893714e-06,0.8964773692583736,0.087266305851298,20.626,26,102,227,1070,8913,10313,462,0.102,0.227,1.07,0.43212450305439737
2407,3.785080640605196e-06,0.8964426205594618,0.08726473788571107,20.626,26,86,230,1091,8913,10313,450,0.086,0.23,1.091,0.43212450305439737
2408,3.8251019495207425e-06,0.8963772264661471,0.087409637533707,20.626,26,97,220,872,8913,10313,446,0.097,0.22,0.872,0.43212450305439737
2409,4.052378543392053e-06,0.8965194073210385,0.08716163763548343,20.626,26,91,226,985,8913,10313,451,0.091,0.226,0.985,0.43212450305439737
2410,3.154709176276587e-06,0.8965201863219127,0.08720413007202055,20.626,26,91,230,808,8913,10313,455,0.091,0.23,0.808,0.43212450305439737
2411,3.6608494204424945e-06,0.8964820794939622,0.08727005525847988,20.626,26,96,213,1085,8913,10313,447,0.096,0.213,1.085,0.43212450305439737
2412,3.752673469396768e-06,0.8964312181382375,0.08728001161552232,20.626,26,83,231,973,8913,10313,448,0.083,0.231,0.973,0.43212450305439737
2413,3.8651047639178916e-06,0.8963678343987707,0.08742557548566542,20.626,26,97,216,751,8913,10313,442,0.097,0.216,0.751,0.43212450305439737
2414,4.201386660194178e-06,0.8965162798058328,0.08716922340955907,20.626,26,87,217,996,8913,10313,438,0.087,0.217,0.996,0.43212450305439737
2415,3.345949785091337e-06,0.8965102855592102,0.08721398373380632,20.626,26,90,219,792,8913,10313,443,0.09,0.219,0.792,0.43212450305439737
2416,3.6585720087676216e-06,0.8964956002025201,0.0872554518554801,20.626,26,100,229,1013,8913,10313,462,0.1,0.229,1.013,0.43212450305439737
2417,3.8541511444707065e-06,0.8964562139820903,0.08725779958281125,20.626,26,86,228,1061,8913,10313,448,0.086,0.228,1.061,0.43212450305439737
2418,3.950860043858992e-06,0.8963723236730194,0.08740785838740303,20.626,26,96,213,864,8913,10313,438,0.096,0.213,0.864,0.43212450305439737
2419,4.151854758563599e-06,0.8965124473068525,0.08716568426150388,20.626,26,91,219,908,8913,10313,444,0.091,0.219,0.908,0.43212450305439737
2420,3.20207292659229e-06,0.896510527736,0.08720767991599206,20.626,26,89,220,783,8913,10313,443,0.089,0.22,0.783,0.43212450305439737
2421,3.602142640716191e-06,0.8964787098145541,0.08727274078530219,20.626,26,94,212,1035,8913,10313,443,0.094,0.212,1.035,0.43212450305439737
2422,3.7398092998753862e-06,0.8964482048114181,0.08728304126219513,20.626,26,83,233,1299,8913,10313,450,0.083,0.233,1.299,0.43212450305439737
2423,3.896088086229379e-06,0.8963752200598669,0.08742436324062225,20.626,26,97,218,763,8913,10313,444,0.097,0.218,0.763,0.43212450305439737
2424,4.191014014539368e-06,0.8965146670221689,0.08716610975253443,20.626,26,90,215,936,8913,10313,439,0.09,0.215,0.936,0.43212450305439737
2425,3.2728291758382732e-06,0.8965088529122979,0.08720035150108063,20.626,26,89,220,797,8913,10313,443,0.089,0.22,0.797,0.43212450305439737
2426,3.5409422854135933e-06,0.8964798040741768,0.08726690782953321,20.626,26,101,216,1029,8913,10313,455,0.101,0.216,1.029,0.43212450305439737
2427,3.722178272655841e-06,0.8964371130530606,0.08727925487815372,20.626,26,83,224,1005,8913,10313,442,0.083,0.224,1.005,0.43212450305439737
2428,3.868151883368596e-06,0.8963795703364934,0.08742727860455014,20.626,26,93,216,855,8913,10313,438,0.093,0.216,0.855,0.43212450305439737
2429,4.133896874262623e-06,0.8965272794993894,0.08717173885866919,20.626,26,89,224,984,8913,10313,447,0.089,0.224,0.984,0.43212450305439737
2430,3.502835790724808e-06,0.8965033387785143,0.0872218093450518,20.626,26,90,222,794,8913,10313,446,0.09,0.222,0.794,0.43212450305439737
2431,3.963933924450498e-06,0.8964902320335835,0.08725921462368745,20.626,26,95,224,1066,8913,10313,452,0.095,0.224,1.066,0.43212450305439737
2432,3.872736665952129e-06,0.8964414723900181,0.08725424472903563,20.626,26,83,237,1105,8913,10313,454,0.083,0.237,1.105,0.43212450305439737
2433,3.831977476201406e-06,0.8963778102991224,0.08739185258631482,20.626,26,96,215,755,8913,10313,440,0.096,0.215,0.755,0.43212450305439737
2434,4.127151351135937e-06,0.8965139471731429,0.08717573685077874,20.626,26,89,219,961,8913,10313,442,0.089,0.219,0.961,0.43212450305439737
2435,3.202670316335206e-06,0.8965029951185604,0.08722744053617228,20.626,26,93,223,705,8913,10313,450,0.093,0.223,0.705,0.43212450305439737
2436,3.501709655980939e-06,0.8964633694416059,0.08728608625054964,20.626,26,106,222,890,8913,10313,465,0.106,0.222,0.89,0.43212450305439737
2437,3.709503146190384e-06,0.8964226266133839,0.08728253078370807,20.626,26,87,231,1022,8913,10313,452,0.087,0.231,1.022,0.43212450305439737
2438,3.83192982767685e-06,0.8963665134486509,0.08742197961196613,20.626,26,97,222,690,8913,10313,448,0.097,0.222,0.69,0.43212450305439737
2439,4.075318811635366e-06,0.8965214444486772,0.0871650561211328,20.626,26,90,223,933,8913,10313,447,0.09,0.223,0.933,0.43212450305439737
2440,3.4604821159018755e-06,0.8965032335669616,0.08722758193319609,20.626,26,90,222,811,8913,10313,446,0.09,0.222,0.811,0.43212450305439737
2441,3.930977556186603e-06,0.8964966193183251,0.08724793366830588,20.626,26,94,221,1070,8913,10313,448,0.094,0.221,1.07,0.43212450305439737
2442,3.8476689631554955e-06,0.8964615332457241,0.0872405589014505,20.626,26,80,233,1771,8913,10313,448,0.08,0.233,1.771,0.43212450305439737
2443,3.892363525287732e-06,0.8963873862345612,0.08739414470374825,20.626,26,96,215,965,8913,10313,440,0.096,0.215,0.965,0.43212450305439737
2444,4.29447438640758e-06,0.8965259517627966,0.0871623414203669,20.626,26,86,221,914,8913,10313,441,0.086,0.221,0.914,0.43212450305439737
2445,3.4528404909268128e-06,0.8964966923244869,0.08723429182661491,20.626,26,91,220,867,8913,10313,445,0.091,0.22,0.867,0.43212450305439737
2446,3.860594573371095e-06,0.8964814108420783,0.0872531265134314,20.626,26,102,216,1139,8913,10313,455,0.102,0.216,1.139,0.43212450305439737
2447,3.797123940858696e-06,0.8964487169325799,0.08724205781754263,20.626,26,84,232,1842,8913,10313,450,0.084,0.232,1.842,0.43212450305439737
2448,3.829328565275248e-06,0.8963865821539694,0.08739424265205868,20.626,26,97,216,924,8913,10313,442,0.097,0.216,0.924,0.43212450305439737
2449,4.1226769568287804e-06,0.8965293867648175,0.08716005108331056,20.626,26,90,225,984,8913,10313,449,0.09,0.225,0.984,0.43212450305439737
2450,3.3009250256449517e-06,0.8965085761037687,0.08722230460666631,20.626,26,90,224,819,8913,10313,448,0.09,0.224,0.819,0.43212450305439737
2451,3.7801012526110592e-06,0.8964784723412688,0.08726610301109088,20.626,26,94,221,1290,8913,10313,448,0.094,0.221,1.29,0.43212450305439737
2452,3.7828958712266882e-06,0.8964402777196595,0.08726459762678404,20.626,26,83,233,1197,8913,10313,450,0.083,0.233,1.197,0.43212450305439737
2453,3.884498668721022e-06,0.8963793281614758,0.08741076647075667,20.626,26,96,219,767,8913,10313,444,0.096,0.219,0.767,0.43212450305439737
2454,4.2198042063285565e-06,0.8965225529251396,0.08716270476883606,20.626,26,87,221,965,8913,10313,442,0.087,0.221,0.965,0.43212450305439737
2455,3.473296181617432e-06,0.8964965106740408,0.08723033659738158,20.626,26,90,219,811,8913,10313,443,0.09,0.219,0.811,0.43212450305439737
2456,3.907558500006455e-06,0.8964931070068237,0.0872507633964054,20.626,26,102,213,1014,8913,10313,453,0.102,0.213,1.014,0.43212450305439737
2457,3.864940649796919e-06,0.8964535907194738,0.08724028127641958,20.626,26,84,234,1551,8913,10313,452,0.084,0.234,1.551,0.43212450305439737
2458,3.892886206918971e-06,0.8963790647588765,0.08739301389001665,20.626,26,97,212,1127,8913,10313,438,0.097,0.212,1.127,0.43212450305439737
2459,4.156376275975754e-06,0.8965221117231162,0.08716088043111617,20.626,26,88,224,904,8913,10313,446,0.088,0.224,0.904,0.43212450305439737
2460,3.3912442324050844e-06,0.8965047405058734,0.08723552821949948,20.626,26,90,221,798,8913,10313,445,0.09,0.221,0.798,0.43212450305439737
2461,3.999534636415539e-06,0.8964898044533045,0.08725455686678622,20.626,26,93,207,1150,8913,10313,437,0.093,0.207,1.15,0.43212450305439737
2462,3.8104786825181078e-06,0.8964588028198555,0.08724377395611671,20.626,26,81,235,1734,8913,10313,450,0.081,0.235,1.734,0.43212450305439737
2463,3.851969669015143e-06,0.8963876874847528,0.08739425270619926,20.626,26,98,217,806,8913,10313,444,0.098,0.217,0.806,0.43212450305439737
2464,4.18806028562477e-06,0.8965207609590153,0.08715852126908175,20.626,26,88,222,994,8913,10313,444,0.088,0.222,0.994,0.43212450305439737
2465,3.265473910498941e-06,0.8965034011686449,0.0872215924610272,20.626,26,93,226,810,8913,10313,453,0.093,0.226,0.81,0.43212450305439737
2466,3.5809783547901366e-06,0.8964737639481637,0.08726570422986415,20.626,26,103,230,1159,8913,10313,466,0.103,0.23,1.159,0.43212450305439737
2467,3.7464457997347846e-06,0.8964461885501638,0.08726609938262599,20.626,26,86,228,1287,8913,10313,448,0.086,0.228,1.287,0.43212450305439737
2468,3.8966825057700595e-06,0.8963877315255401,0.08741223694598915,20.626,26,95,214,882,8913,10313,438,0.095,0.214,0.882,0.43212450305439737
2469,4.153315177414914e-06,0.8965287211512952,0.08716353698058321,20.626,26,88,222,954,8913,10313,444,0.088,0.222,0.954,0.43212450305439737
2470,3.4203215665822477e-06,0.8965024779665093,0.08723124954410326,20.626,26,89,220,795,8913,10313,443,0.089,0.22,0.795,0.43212450305439737
2471,3.994329281560297e-06,0.8964918154830077,0.08725048618291971,20.626,26,93,206,1023,8913,10313,437,0.093,0.206,1.023,0.43212450305439737
2472,3.832982845136675e-06,0.8964576957736714,0.08724120193223125,20.626,26,81,235,1473,8913,10313,450,0.081,0.235,1.473,0.43212450305439737
2473,3.882407552397278e-06,0.8963865200569863,0.0873942899378418,20.626,26,97,218,1032,8913,10313,444,0.097,0.218,1.032,0.43212450305439737
2474,4.2151335411500156e-06,0.8965206448258874,0.08716042600905155,20.626,26,88,222,968,8913,10313,444,0.088,0.222,0.968,0.43212450305439737
2475,3.290504523855613e-06,0.8965049394831733,0.08722376811111901,20.626,26,92,222,823,8913,10313,448,0.092,0.222,0.823,0.43212450305439737
2476,3.582229869752746e-06,0.8964775488760586,0.08726712102724757,20.626,26,102,231,1151,8913,10313,466,0.102,0.231,1.151,0.43212450305439737
2477,3.7680490171026337e-06,0.8964469332698332,0.08726555952751372,20.626,26,87,229,1302,8913,10313,450,0.087,0.229,1.302,0.43212450305439737
2478,3.924400950179904e-06,0.8963794470050257,0.08740950750443567,20.626,26,96,215,886,8913,10313,440,0.096,0.215,0.886,0.43212450305439737
2479,4.133478473629071e-06,0.8965218460781871,0.08716147540958691,20.626,26,89,223,944,8913,10313,446,0.089,0.223,0.944,0.43212450305439737
2480,3.4042126522734977e-06,0.8964983804955464,0.08723061631428317,20.626,26,89,220,799,8913,10313,443,0.089,0.22,0.799,0.43212450305439737
2481,3.999181610018775e-06,0.8964926124349126,0.08725100169240449,20.626,26,93,206,1034,8913,10313,437,0.093,0.206,1.034,0.43212450305439737
2482,3.849949198752927e-06,0.8964620228417866,0.08724221543795242,20.626,26,82,236,1481,8913,10313,452,0.082,0.236,1.481,0.43212450305439737
2483,3.884449600130688e-06,0.8963835439532549,0.08739380336188071,20.626,26,99,216,1061,8913,10313,444,0.099,0.216,1.061,0.43212450305439737
2484,4.213890376593572e-06,0.8965219718842005,0.08716054691813446,20.626,26,89,223,916,8913,10313,446,0.089,0.223,0.916,0.43212450305439737
2485,3.333213346071153e-06,0.8965036871469563,0.08722239845900763,20.626,26,92,222,827,8913,10313,448,0.092,0.222,0.827,0.43212450305439737
2486,3.6618425714893718e-06,0.8964773692583736,0.087266305851298,20.626,26,102,227,1070,8913,10313,462,0.102,0.227,1.07,0.43212450305439737
2487,3.785080640605196e-06,0.8964426205594618,0.08726473788571107,20.626,26,86,230,1091,8913,10313,450,0.086,0.23,1.091,0.43212450305439737
2488,3.825101949520742e-06,0.8963772264661471,0.087409637533707,20.626,26,97,220,872,8913,10313,446,0.097,0.22,0.872,0.43212450305439737
2489,4.052378543392052e-06,0.8965194073210385,0.08716163763548344,20.626,26,91,226,985,8913,10313,451,0.091,0.226,0.985,0.43212450305439737
2490,3.154709176276587e-06,0.8965201863219127,0.08720413007202055,20.626,26,91,230,808,8913,10313,455,0.091,0.23,0.808,0.43212450305439737
2491,3.660849420442495e-06,0.8964820794939622,0.08727005525847988,20.626,26,96,213,1085,8913,10313,447,0.096,0.213,1.085,0.43212450305439737
2492,3.7526734693967683e-06,0.8964312181382375,0.08728001161552232,20.626,26,83,231,973,8913,10313,448,0.083,0.231,0.973,0.43212450305439737
2493,3.865104763917893e-06,0.8963678343987707,0.08742557548566542,20.626,26,97,216,751,8913,10313,442,0.097,0.216,0.751,0.43212450305439737
2494,4.201386660194176e-06,0.8965162798058328,0.08716922340955907,20.626,26,87,217,996,8913,10313,438,0.087,0.217,0.996,0.43212450305439737
2495,3.3459497850913335e-06,0.8965102855592102,0.08721398373380632,20.626,26,90,219,792,8913,10313,443,0.09,0.219,0.792,0.43212450305439737
2496,3.65857200876762e-06,0.8964956002025201,0.0872554518554801,20.626,26,100,229,1013,8913,10313,462,0.1,0.229,1.013,0.43212450305439737
2497,3.8541511444707065e-06,0.8964562139820903,0.08725779958281125,20.626,26,86,228,1061,8913,10313,448,0.086,0.228,1.061,0.43212450305439737
2498,3.950860043858993e-06,0.8963723236730194,0.08740785838740303,20.626,26,96,213,864,8913,10313,438,0.096,0.213,0.864,0.43212450305439737
2499,4.151854758563598e-06,0.8965124473068525,0.08716568426150388,20.626,26,91,219,908,8913,10313,444,0.091,0.219,0.908,0.43212450305439737
2500,3.20207292659229e-06,0.896510527736,0.08720767991599206,20.626,26,89,220,783,8913,10313,443,0.089,0.22,0.783,0.43212450305439737
2501,3.6021426407161912e-06,0.8964787098145541,0.08727274078530219,20.626,26,94,212,1035,8913,10313,443,0.094,0.212,1.035,0.43212450305439737
2502,3.7398092998753845e-06,0.8964482048114181,0.08728304126219513,20.626,26,83,233,1299,8913,10313,450,0.083,0.233,1.299,0.43212450305439737
2503,3.896088086229379e-06,0.8963752200598669,0.08742436324062225,20.626,26,97,218,763,8913,10313,444,0.097,0.218,0.763,0.43212450305439737
2504,4.191014014539367e-06,0.8965146670221688,0.08716610975253443,20.626,26,90,215,936,8913,10313,439,0.09,0.215,0.936,0.43212450305439737
2505,3.2728291758382732e-06,0.8965088529122979,0.08720035150108063,20.626,26,89,220,797,8913,10313,443,0.089,0.22,0.797,0.43212450305439737
2506,3.5409422854135933e-06,0.8964798040741768,0.08726690782953321,20.626,26,101,216,1029,8913,10313,455,0.101,0.216,1.029,0.43212450305439737
2507,3.722178272655841e-06,0.8964371130530606,0.08727925487815372,20.626,26,83,224,1005,8913,10313,442,0.083,0.224,1.005,0.43212450305439737
2508,3.868151883368596e-06,0.8963795703364934,0.08742727860455014,20.626,26,93,216,855,8913,10313,438,0.093,0.216,0.855,0.43212450305439737
2509,4.133896874262623e-06,0.8965272794993894,0.08717173885866919,20.626,26,89,224,984,8913,10313,447,0.089,0.224,0.984,0.43212450305439737
2510,3.5028357907248092e-06,0.8965033387785143,0.0872218093450518,20.626,26,90,222,794,8913,10313,446,0.09,0.222,0.794,0.43212450305439737
2511,3.963933924450497e-06,0.8964902320335835,0.08725921462368745,20.626,26,95,224,1066,8913,10313,452,0.095,0.224,1.066,0.43212450305439737
2512,3.87273666595213e-06,0.8964414723900181,0.08725424472903563,20.626,26,83,237,1105,8913,10313,454,0.083,0.237,1.105,0.43212450305439737
2513,3.831977476201407e-06,0.8963778102991224,0.08739185258631482,20.626,26,96,215,755,8913,10313,440,0.096,0.215,0.755,0.43212450305439737
2514,4.127151351135937e-06,0.8965139471731429,0.08717573685077874,20.626,26,89,219,961,8913,10313,442,0.089,0.219,0.961,0.43212450305439737
2515,3.202670316335206e-06,0.8965029951185604,0.08722744053617228,20.626,26,93,223,705,8913,10313,450,0.093,0.223,0.705,0.43212450305439737
2516,3.501709655980939e-06,0.8964633694416059,0.08728608625054962,20.626,26,106,222,890,8913,10313,465,0.106,0.222,0.89,0.43212450305439737
2517,3.709503146190384e-06,0.8964226266133839,0.08728253078370807,20.626,26,87,231,1022,8913,10313,452,0.087,0.231,1.022,0.43212450305439737
2518,3.831929827676852e-06,0.8963665134486509,0.08742197961196613,20.626,26,97,222,690,8913,10313,448,0.097,0.222,0.69,0.43212450305439737
2519,4.075318811635365e-06,0.8965214444486772,0.0871650561211328,20.626,26,90,223,933,8913,10313,447,0.09,0.223,0.933,0.43212450305439737
2520,3.4604821159018747e-06,0.8965032335669616,0.08722758193319609,20.626,26,90,222,811,8913,10313,446,0.09,0.222,0.811,0.43212450305439737
2521,3.9309775561866035e-06,0.8964966193183251,0.08724793366830588,20.626,26,94,221,1070,8913,10313,448,0.094,0.221,1.07,0.43212450305439737
2522,3.8476689631554955e-06,0.8964615332457241,0.0872405589014505,20.626,26,80,233,1771,8913,10313,448,0.08,0.233,1.771,0.43212450305439737
2523,3.892363525287732e-06,0.8963873862345612,0.08739414470374825,20.626,26,96,215,965,8913,10313,440,0.096,0.215,0.965,0.43212450305439737
2524,4.29447438640758e-06,0.8965259517627967,0.0871623414203669,20.626,26,86,221,914,8913,10313,441,0.086,0.221,0.914,0.43212450305439737
2525,3.4528404909268128e-06,0.8964966923244869,0.08723429182661491,20.626,26,91,220,867,8913,10313,445,0.091,0.22,0.867,0.43212450305439737
2526,3.860594573371095e-06,0.8964814108420783,0.0872531265134314,20.626,26,102,216,1139,8913,10313,455,0.102,0.216,1.139,0.43212450305439737
2527,3.7971239408586954e-06,0.8964487169325799,0.08724205781754263,20.626,26,84,232,1842,8913,10313,450,0.084,0.232,1.842,0.43212450305439737
2528,3.829328565275247e-06,0.8963865821539694,0.08739424265205868,20.626,26,97,216,924,8913,10313,442,0.097,0.216,0.924,0.43212450305439737
2529,4.12267695682878e-06,0.8965293867648175,0.08716005108331056,20.626,26,90,225,984,8913,10313,449,0.09,0.225,0.984,0.43212450305439737
2530,3.3009250256449513e-06,0.8965085761037687,0.08722230460666631,20.626,26,90,224,819,8913,10313,448,0.09,0.224,0.819,0.43212450305439737
2531,3.7801012526110592e-06,0.8964784723412688,0.08726610301109088,20.626,26,94,221,1290,8913,10313,448,0.094,0.221,1.29,0.43212450305439737
2532,3.7828958712266887e-06,0.8964402777196595,0.08726459762678404,20.626,26,83,233,1197,8913,10313,450,0.083,0.233,1.197,0.43212450305439737
2533,3.884498668721025e-06,0.8963793281614758,0.08741076647075667,20.626,26,96,219,767,8913,10313,444,0.096,0.219,0.767,0.43212450305439737
2534,4.219804206328558e-06,0.8965225529251395,0.08716270476883609,20.626,26,87,221,965,8913,10313,442,0.087,0.221,0.965,0.43212450305439737
2535,3.4732961816174314e-06,0.8964965106740408,0.08723033659738158,20.626,26,90,219,811,8913,10313,443,0.09,0.219,0.811,0.43212450305439737
2536,3.907558500006455e-06,0.8964931070068238,0.0872507633964054,20.626,26,102,213,1014,8913,10313,453,0.102,0.213,1.014,0.43212450305439737
2537,3.864940649796917e-06,0.8964535907194738,0.08724028127641958,20.626,26,84,234,1551,8913,10313,452,0.084,0.234,1.551,0.43212450305439737
2538,3.892886206918971e-06,0.8963790647588766,0.08739301389001665,20.626,26,97,212,1127,8913,10313,438,0.097,0.212,1.127,0.43212450305439737
2539,4.156376275975755e-06,0.8965221117231162,0.08716088043111617,20.626,26,88,224,904,8913,10313,446,0.088,0.224,0.904,0.43212450305439737
2540,3.3912442324050865e-06,0.8965047405058734,0.08723552821949948,20.626,26,90,221,798,8913,10313,445,0.09,0.221,0.798,0.43212450305439737
2541,3.99953463641554e-06,0.8964898044533045,0.08725455686678624,20.626,26,93,207,1150,8913,10313,437,0.093,0.207,1.15,0.43212450305439737
2542,3.810478682518107e-06,0.8964588028198555,0.08724377395611671,20.626,26,81,235,1734,8913,10313,450,0.081,0.235,1.734,0.43212450305439737
2543,3.851969669015142e-06,0.8963876874847528,0.08739425270619926,20.626,26,98,217,806,8913,10313,444,0.098,0.217,0.806,0.43212450305439737
2544,4.188060285624771e-06,0.8965207609590153,0.08715852126908175,20.626,26,88,222,994,8913,10313,444,0.088,0.222,0.994,0.43212450305439737
2545,3.265473910498941e-06,0.8965034011686449,0.0872215924610272,20.626,26,93,226,810,8913,10313,453,0.093,0.226,0.81,0.43212450305439737
2546,3.580978354790137e-06,0.8964737639481637,0.08726570422986415,20.626,26,103,230,1159,8913,10313,466,0.103,0.23,1.159,0.43212450305439737
2547,3.7464457997347846e-06,0.8964461885501638,0.08726609938262599,20.626,26,86,228,1287,8913,10313,448,0.086,0.228,1.287,0.43212450305439737
2548,3.8966825057700595e-06,0.8963877315255402,0.08741223694598915,20.626,26,95,214,882,8913,10313,438,0.095,0.214,0.882,0.43212450305439737
2549,4.1533151774149115e-06,0.8965287211512952,0.08716353698058321,20.626,26,88,222,954,8913,10313,444,0.088,0.222,0.954,0.43212450305439737
2550,3.4203215665822473e-06,0.8965024779665093,0.08723124954410326,20.626,26,89,220,795,8913,10313,443,0.089,0.22,0.795,0.43212450305439737
2551,3.994329281560296e-06,0.8964918154830077,0.08725048618291971,20.626,26,93,206,1023,8913,10313,437,0.093,0.206,1.023,0.43212450305439737
2552,3.832982845136675e-06,0.8964576957736714,0.08724120193223125,20.626,26,81,235,1473,8913,10313,450,0.081,0.235,1.473,0.43212450305439737
2553,3.882407552397278e-06,0.8963865200569863,0.0873942899378418,20.626,26,97,218,1032,8913,10313,444,0.097,0.218,1.032,0.43212450305439737
2554,4.215133541150016e-06,0.8965206448258874,0.08716042600905155,20.626,26,88,222,968,8913,10313,444,0.088,0.222,0.968,0.43212450305439737
2555,3.2905045238556126e-06,0.8965049394831733,0.08722376811111901,20.626,26,92,222,823,8913,10313,448,0.092,0.222,0.823,0.43212450305439737
2556,3.5822298697527455e-06,0.8964775488760586,0.08726712102724757,20.626,26,102,231,1151,8913,10313,466,0.102,0.231,1.151,0.43212450305439737
2557,3.768049017102634e-06,0.8964469332698332,0.08726555952751372,20.626,26,87,229,1302,8913,10313,450,0.087,0.229,1.302,0.43212450305439737
2558,3.924400950179903e-06,0.8963794470050257,0.08740950750443567,20.626,26,96,215,886,8913,10313,440,0.096,0.215,0.886,0.43212450305439737
2559,4.133478473629071e-06,0.8965218460781871,0.08716147540958691,20.626,26,89,223,944,8913,10313,446,0.089,0.223,0.944,0.43212450305439737
2560,3.404212652273498e-06,0.8964983804955464,0.08723061631428317,20.626,26,89,220,799,8913,10313,443,0.089,0.22,0.799,0.43212450305439737
2561,3.999181610018776e-06,0.8964926124349126,0.08725100169240449,20.626,26,93,206,1034,8913,10313,437,0.093,0.206,1.034,0.43212450305439737
2562,3.849949198752927e-06,0.8964620228417866,0.08724221543795242,20.626,26,82,236,1481,8913,10313,452,0.082,0.236,1.481,0.43212450305439737
2563,3.884449600130689e-06,0.8963835439532549,0.08739380336188071,20.626,26,99,216,1061,8913,10313,444,0.099,0.216,1.061,0.43212450305439737
2564,4.213890376593573e-06,0.8965219718842005,0.08716054691813446,20.626,26,89,223,916,8913,10313,446,0.089,0.223,0.916,0.43212450305439737
2565,3.3332133460711534e-06,0.8965036871469563,0.08722239845900763,20.626,26,92,222,827,8913,10313,448,0.092,0.222,0.827,0.43212450305439737
2566,3.6618425714893718e-06,0.8964773692583736,0.087266305851298,20.626,26,102,227,1070,8913,10313,462,0.102,0.227,1.07,0.43212450305439737
2567,3.785080640605196e-06,0.8964426205594618,0.08726473788571107,20.626,26,86,230,1091,8913,10313,450,0.086,0.23,1.091,0.43212450305439737
2568,3.825101949520742e-06,0.8963772264661471,0.087409637533707,20.626,26,97,220,872,8913,10313,446,0.097,0.22,0.872,0.43212450305439737
2569,4.052378543392053e-06,0.8965194073210385,0.08716163763548343,20.626,26,91,226,985,8913,10313,451,0.091,0.226,0.985,0.43212450305439737
2570,3.154709176276587e-06,0.8965201863219127,0.08720413007202055,20.626,26,91,230,808,8913,10313,455,0.091,0.23,0.808,0.43212450305439737
2571,3.660849420442494e-06,0.8964820794939622,0.08727005525847988,20.626,26,96,213,1085,8913,10313,447,0.096,0.213,1.085,0.43212450305439737
2572,3.752673469396768e-06,0.8964312181382375,0.08728001161552232,20.626,26,83,231,973,8913,10313,448,0.083,0.231,0.973,0.43212450305439737
2573,3.8651047639178916e-06,0.8963678343987707,0.08742557548566542,20.626,26,97,216,751,8913,10313,442,0.097,0.216,0.751,0.43212450305439737
2574,4.201386660194178e-06,0.8965162798058328,0.08716922340955907,20.626,26,87,217,996,8913,10313,438,0.087,0.217,0.996,0.43212450305439737
2575,3.345949785091337e-06,0.8965102855592102,0.08721398373380632,20.626,26,90,219,792,8913,10313,443,0.09,0.219,0.792,0.43212450305439737
2576,3.6585720087676216e-06,0.8964956002025201,0.0872554518554801,20.626,26,100,229,1013,8913,10313,462,0.1,0.229,1.013,0.43212450305439737
2577,3.8541511444707065e-06,0.8964562139820903,0.08725779958281125,20.626,26,86,228,1061,8913,10313,448,0.086,0.228,1.061,0.43212450305439737
2578,3.950860043858991e-06,0.8963723236730194,0.08740785838740303,20.626,26,96,213,864,8913,10313,438,0.096,0.213,0.864,0.43212450305439737
2579,4.1518547585635975e-06,0.8965124473068525,0.08716568426150388,20.626,26,91,219,908,8913,10313,444,0.091,0.219,0.908,0.43212450305439737
2580,3.2020729265922904e-06,0.896510527736,0.08720767991599206,20.626,26,89,220,783,8913,10313,443,0.089,0.22,0.783,0.43212450305439737
2581,3.6021426407161912e-06,0.8964787098145541,0.08727274078530219,20.626,26,94,212,1035,8913,10313,443,0.094,0.212,1.035,0.43212450305439737
2582,3.739809299875386e-06,0.8964482048114181,0.08728304126219513,20.626,26,83,233,1299,8913,10313,450,0.083,0.233,1.299,0.43212450305439737
2583,3.896088086229381e-06,0.8963752200598669,0.08742436324062225,20.626,26,97,218,763,8913,10313,444,0.097,0.218,0.763,0.43212450305439737
2584,4.191014014539368e-06,0.8965146670221688,0.08716610975253443,20.626,26,90,215,936,8913,10313,439,0.09,0.215,0.936,0.43212450305439737
2585,3.272829175838273e-06,0.8965088529122979,0.08720035150108063,20.626,26,89,220,797,8913,10313,443,0.089,0.22,0.797,0.43212450305439737
2586,3.5409422854135916e-06,0.8964798040741768,0.08726690782953321,20.626,26,101,216,1029,8913,10313,455,0.101,0.216,1.029,0.43212450305439737
2587,3.7221782726558408e-06,0.8964371130530606,0.08727925487815372,20.626,26,83,224,1005,8913,10313,442,0.083,0.224,1.005,0.43212450305439737
2588,3.868151883368596e-06,0.8963795703364934,0.08742727860455014,20.626,26,93,216,855,8913,10313,438,0.093,0.216,0.855,0.43212450305439737
2589,4.133896874262624e-06,0.8965272794993894,0.08717173885866919,20.626,26,89,224,984,8913,10313,447,0.089,0.224,0.984,0.43212450305439737
2590,3.502835790724808e-06,0.8965033387785143,0.0872218093450518,20.626,26,90,222,794,8913,10313,446,0.09,0.222,0.794,0.43212450305439737
2591,3.963933924450499e-06,0.8964902320335835,0.08725921462368745,20.626,26,95,224,1066,8913,10313,452,0.095,0.224,1.066,0.43212450305439737
2592,3.87273666595213e-06,0.8964414723900181,0.08725424472903563,20.626,26,83,237,1105,8913,10313,454,0.083,0.237,1.105,0.43212450305439737
2593,3.831977476201406e-06,0.8963778102991224,0.08739185258631482,20.626,26,96,215,755,8913,10313,440,0.096,0.215,0.755,0.43212450305439737
2594,4.127151351135937e-06,0.8965139471731429,0.08717573685077874,20.626,26,89,219,961,8913,10313,442,0.089,0.219,0.961,0.43212450305439737
2595,3.202670316335206e-06,0.8965029951185604,0.08722744053617228,20.626,26,93,223,705,8913,10313,450,0.093,0.223,0.705,0.43212450305439737
2596,3.501709655980939e-06,0.8964633694416059,0.08728608625054962,20.626,26,106,222,890,8913,10313,465,0.106,0.222,0.89,0.43212450305439737
2597,3.7095031461903838e-06,0.8964226266133839,0.08728253078370807,20.626,26,87,231,1022,8913,10313,452,0.087,0.231,1.022,0.43212450305439737
2598,3.83192982767685e-06,0.8963665134486509,0.08742197961196613,20.626,26,97,222,690,8913,10313,448,0.097,0.222,0.69,0.43212450305439737
2599,4.0753188116353665e-06,0.8965214444486772,0.0871650561211328,20.626,26,90,223,933,8913,10313,447,0.09,0.223,0.933,0.43212450305439737
2600,3.4604821159018755e-06,0.8965032335669616,0.08722758193319609,20.626,26,90,222,811,8913,10313,446,0.09,0.222,0.811,0.43212450305439737
2601,3.9309775561866035e-06,0.8964966193183251,0.08724793366830588,20.626,26,94,221,1070,8913,10313,448,0.094,0.221,1.07,0.43212450305439737
2602,3.847668963155495e-06,0.8964615332457241,0.0872405589014505,20.626,26,80,233,1771,8913,10313,448,0.08,0.233,1.771,0.43212450305439737
2603,3.892363525287729e-06,0.8963873862345612,0.08739414470374825,20.626,26,96,215,965,8913,10313,440,0.096,0.215,0.965,0.43212450305439737
2604,4.29447438640758e-06,0.8965259517627967,0.0871623414203669,20.626,26,86,221,914,8913,10313,441,0.086,0.221,0.914,0.43212450305439737
2605,3.452840490926814e-06,0.8964966923244869,0.08723429182661491,20.626,26,91,220,867,8913,10313,445,0.091,0.22,0.867,0.43212450305439737
2606,3.860594573371096e-06,0.8964814108420783,0.0872531265134314,20.626,26,102,216,1139,8913,10313,455,0.102,0.216,1.139,0.43212450305439737
2607,3.797123940858695e-06,0.8964487169325799,0.08724205781754263,20.626,26,84,232,1842,8913,10313,450,0.084,0.232,1.842,0.43212450305439737
2608,3.829328565275247e-06,0.8963865821539694,0.08739424265205868,20.626,26,97,216,924,8913,10313,442,0.097,0.216,0.924,0.43212450305439737
2609,4.1226769568287804e-06,0.8965293867648175,0.08716005108331056,20.626,26,90,225,984,8913,10313,449,0.09,0.225,0.984,0.43212450305439737
2610,3.300925025644951e-06,0.8965085761037687,0.08722230460666631,20.626,26,90,224,819,8913,10313,448,0.09,0.224,0.819,0.43212450305439737
2611,3.78010125261106e-06,0.8964784723412688,0.08726610301109088,20.626,26,94,221,1290,8913,10313,448,0.094,0.221,1.29,0.43212450305439737
2612,3.7828958712266882e-06,0.8964402777196595,0.08726459762678404,20.626,26,83,233,1197,8913,10313,450,0.083,0.233,1.197,0.43212450305439737
2613,3.884498668721024e-06,0.8963793281614758,0.08741076647075667,20.626,26,96,219,767,8913,10313,444,0.096,0.219,0.767,0.43212450305439737
2614,4.2198042063285565e-06,0.8965225529251395,0.08716270476883609,20.626,26,87,221,965,8913,10313,442,0.087,0.221,0.965,0.43212450305439737
2615,3.473296181617432e-06,0.8964965106740408,0.08723033659738158,20.626,26,90,219,811,8913,10313,443,0.09,0.219,0.811,0.43212450305439737
2616,3.907558500006454e-06,0.8964931070068237,0.0872507633964054,20.626,26,102,213,1014,8913,10313,453,0.102,0.213,1.014,0.43212450305439737
2617,3.864940649796919e-06,0.8964535907194738,0.08724028127641958,20.626,26,84,234,1551,8913,10313,452,0.084,0.234,1.551,0.43212450305439737
2618,3.892886206918972e-06,0.8963790647588765,0.08739301389001665,20.626,26,97,212,1127,8913,10313,438,0.097,0.212,1.127,0.43212450305439737
2619,4.156376275975754e-06,0.8965221117231162,0.08716088043111617,20.626,26,88,224,904,8913,10313,446,0.088,0.224,0.904,0.43212450305439737
2620,3.3912442324050844e-06,0.8965047405058734,0.08723552821949948,20.626,26,90,221,798,8913,10313,445,0.09,0.221,0.798,0.43212450305439737
2621,3.999534636415539e-06,0.8964898044533045,0.08725455686678624,20.626,26,93,207,1150,8913,10313,437,0.093,0.207,1.15,0.43212450305439737
2622,3.810478682518108e-06,0.8964588028198555,0.08724377395611671,20.626,26,81,235,1734,8913,10313,450,0.081,0.235,1.734,0.43212450305439737
2623,3.851969669015142e-06,0.8963876874847528,0.08739425270619926,20.626,26,98,217,806,8913,10313,444,0.098,0.217,0.806,0.43212450305439737
2624,4.18806028562477e-06,0.8965207609590153,0.08715852126908175,20.626,26,88,222,994,8913,10313,444,0.088,0.222,0.994,0.43212450305439737
2625,3.2654739104989404e-06,0.8965034011686449,0.0872215924610272,20.626,26,93,226,810,8913,10313,453,0.093,0.226,0.81,0.43212450305439737
2626,3.580978354790136e-06,0.8964737639481637,0.08726570422986415,20.626,26,103,230,1159,8913,10313,466,0.103,0.23,1.159,0.43212450305439737
2627,3.746445799734784e-06,0.8964461885501638,0.08726609938262599,20.626,26,86,228,1287,8913,10313,448,0.086,0.228,1.287,0.43212450305439737
2628,3.8966825057700595e-06,0.8963877315255401,0.08741223694598915,20.626,26,95,214,882,8913,10313,438,0.095,0.214,0.882,0.43212450305439737
2629,4.153315177414914e-06,0.8965287211512952,0.08716353698058321,20.626,26,88,222,954,8913,10313,444,0.088,0.222,0.954,0.43212450305439737
2630,3.4203215665822477e-06,0.8965024779665093,0.08723124954410326,20.626,26,89,220,795,8913,10313,443,0.089,0.22,0.795,0.43212450305439737
2631,3.994329281560297e-06,0.8964918154830077,0.08725048618291971,20.626,26,93,206,1023,8913,10313,437,0.093,0.206,1.023,0.43212450305439737
2632,3.832982845136675e-06,0.8964576957736714,0.08724120193223125,20.626,26,81,235,1473,8913,10313,450,0.081,0.235,1.473,0.43212450305439737
2633,3.882407552397278e-06,0.8963865200569863,0.0873942899378418,20.626,26,97,218,1032,8913,10313,444,0.097,0.218,1.032,0.43212450305439737
2634,4.215133541150016e-06,0.8965206448258874,0.08716042600905155,20.626,26,88,222,968,8913,10313,444,0.088,0.222,0.968,0.43212450305439737
2635,3.290504523855613e-06,0.8965049394831733,0.08722376811111901,20.626,26,92,222,823,8913,10313,448,0.092,0.222,0.823,0.43212450305439737
2636,3.5822298697527463e-06,0.8964775488760586,0.08726712102724757,20.626,26,102,231,1151,8913,10313,466,0.102,0.231,1.151,0.43212450305439737
2637,3.7680490171026333e-06,0.8964469332698332,0.08726555952751372,20.626,26,87,229,1302,8913,10313,450,0.087,0.229,1.302,0.43212450305439737
2638,3.924400950179903e-06,0.8963794470050257,0.08740950750443567,20.626,26,96,215,886,8913,10313,440,0.096,0.215,0.886,0.43212450305439737
2639,4.133478473629071e-06,0.8965218460781871,0.08716147540958691,20.626,26,89,223,944,8913,10313,446,0.089,0.223,0.944,0.43212450305439737
2640,3.4042126522734973e-06,0.8964983804955464,0.08723061631428317,20.626,26,89,220,799,8913,10313,443,0.089,0.22,0.799,0.43212450305439737
2641,3.999181610018775e-06,0.8964926124349126,0.08725100169240449,20.626,26,93,206,1034,8913,10313,437,0.093,0.206,1.034,0.43212450305439737
2642,3.849949198752927e-06,0.8964620228417866,0.08724221543795242,20.626,26,82,236,1481,8913,10313,452,0.082,0.236,1.481,0.43212450305439737
2643,3.884449600130688e-06,0.8963835439532549,0.08739380336188071,20.626,26,99,216,1061,8913,10313,444,0.099,0.216,1.061,0.43212450305439737
2644,4.213890376593573e-06,0.8965219718842005,0.08716054691813446,20.626,26,89,223,916,8913,10313,446,0.089,0.223,0.916,0.43212450305439737
2645,3.3332133460711534e-06,0.8965036871469563,0.08722239845900763,20.626,26,92,222,827,8913,10313,448,0.092,0.222,0.827,0.43212450305439737
2646,3.6618425714893726e-06,0.8964773692583736,0.087266305851298,20.626,26,102,227,1070,8913,10313,462,0.102,0.227,1.07,0.43212450305439737
2647,3.785080640605196e-06,0.8964426205594618,0.08726473788571107,20.626,26,86,230,1091,8913,10313,450,0.086,0.23,1.091,0.43212450305439737
2648,3.825101949520742e-06,0.8963772264661471,0.087409637533707,20.626,26,97,220,872,8913,10313,446,0.097,0.22,0.872,0.43212450305439737
2649,4.052378543392052e-06,0.8965194073210385,0.08716163763548344,20.626,26,91,226,985,8913,10313,451,0.091,0.226,0.985,0.43212450305439737
2650,3.154709176276587e-06,0.8965201863219127,0.08720413007202055,20.626,26,91,230,808,8913,10313,455,0.091,0.23,0.808,0.43212450305439737
2651,3.660849420442495e-06,0.8964820794939622,0.08727005525847988,20.626,26,96,213,1085,8913,10313,447,0.096,0.213,1.085,0.43212450305439737
2652,3.7526734693967683e-06,0.8964312181382375,0.08728001161552232,20.626,26,83,231,973,8913,10313,448,0.083,0.231,0.973,0.43212450305439737
2653,3.865104763917892e-06,0.8963678343987707,0.08742557548566542,20.626,26,97,216,751,8913,10313,442,0.097,0.216,0.751,0.43212450305439737
2654,4.201386660194178e-06,0.8965162798058328,0.08716922340955907,20.626,26,87,217,996,8913,10313,438,0.087,0.217,0.996,0.43212450305439737
2655,3.3459497850913335e-06,0.8965102855592102,0.08721398373380632,20.626,26,90,219,792,8913,10313,443,0.09,0.219,0.792,0.43212450305439737
2656,3.65857200876762e-06,0.8964956002025201,0.0872554518554801,20.626,26,100,229,1013,8913,10313,462,0.1,0.229,1.013,0.43212450305439737
2657,3.8541511444707065e-06,0.8964562139820903,0.08725779958281125,20.626,26,86,228,1061,8913,10313,448,0.086,0.228,1.061,0.43212450305439737
2658,3.9508600438589945e-06,0.8963723236730194,0.08740785838740303,20.626,26,96,213,864,8913,10313,438,0.096,0.213,0.864,0.43212450305439737
2659,4.151854758563599e-06,0.8965124473068525,0.08716568426150388,20.626,26,91,219,908,8913,10313,444,0.091,0.219,0.908,0.43212450305439737
2660,3.20207292659229e-06,0.896510527736,0.08720767991599206,20.626,26,89,220,783,8913,10313,443,0.089,0.22,0.783,0.43212450305439737
2661,3.6021426407161912e-06,0.8964787098145541,0.08727274078530219,20.626,26,94,212,1035,8913,10313,443,0.094,0.212,1.035,0.43212450305439737
2662,3.739809299875384e-06,0.8964482048114181,0.08728304126219513,20.626,26,83,233,1299,8913,10313,450,0.083,0.233,1.299,0.43212450305439737
2663,3.896088086229379e-06,0.8963752200598669,0.08742436324062225,20.626,26,97,218,763,8913,10313,444,0.097,0.218,0.763,0.43212450305439737
2664,4.191014014539368e-06,0.8965146670221689,0.08716610975253443,20.626,26,90,215,936,8913,10313,439,0.09,0.215,0.936,0.43212450305439737
2665,3.2728291758382732e-06,0.8965088529122979,0.08720035150108063,20.626,26,89,220,797,8913,10313,443,0.089,0.22,0.797,0.43212450305439737
2666,3.5409422854135933e-06,0.8964798040741768,0.08726690782953321,20.626,26,101,216,1029,8913,10313,455,0.101,0.216,1.029,0.43212450305439737
2667,3.722178272655841e-06,0.8964371130530606,0.08727925487815372,20.626,26,83,224,1005,8913,10313,442,0.083,0.224,1.005,0.43212450305439737
2668,3.868151883368595e-06,0.8963795703364934,0.08742727860455014,20.626,26,93,216,855,8913,10313,438,0.093,0.216,0.855,0.43212450305439737
2669,4.133896874262623e-06,0.8965272794993894,0.08717173885866919,20.626,26,89,224,984,8913,10313,447,0.089,0.224,0.984,0.43212450305439737
2670,3.5028357907248092e-06,0.8965033387785143,0.0872218093450518,20.626,26,90,222,794,8913,10313,446,0.09,0.222,0.794,0.43212450305439737
2671,3.963933924450499e-06,0.8964902320335835,0.08725921462368745,20.626,26,95,224,1066,8913,10313,452,0.095,0.224,1.066,0.43212450305439737
2672,3.87273666595213e-06,0.8964414723900181,0.08725424472903563,20.626,26,83,237,1105,8913,10313,454,0.083,0.237,1.105,0.43212450305439737
2673,3.8319774762014074e-06,0.8963778102991224,0.08739185258631482,20.626,26,96,215,755,8913,10313,440,0.096,0.215,0.755,0.43212450305439737
2674,4.127151351135938e-06,0.8965139471731429,0.08717573685077874,20.626,26,89,219,961,8913,10313,442,0.089,0.219,0.961,0.43212450305439737
2675,3.202670316335206e-06,0.8965029951185604,0.08722744053617228,20.626,26,93,223,705,8913,10313,450,0.093,0.223,0.705,0.43212450305439737
2676,3.501709655980938e-06,0.8964633694416059,0.08728608625054964,20.626,26,106,222,890,8913,10313,465,0.106,0.222,0.89,0.43212450305439737
2677,3.709503146190384e-06,0.8964226266133839,0.08728253078370807,20.626,26,87,231,1022,8913,10313,452,0.087,0.231,1.022,0.43212450305439737
2678,3.83192982767685e-06,0.8963665134486509,0.08742197961196613,20.626,26,97,222,690,8913,10313,448,0.097,0.222,0.69,0.43212450305439737
2679,4.075318811635366e-06,0.8965214444486772,0.0871650561211328,20.626,26,90,223,933,8913,10313,447,0.09,0.223,0.933,0.43212450305439737
2680,3.460482115901875e-06,0.8965032335669616,0.08722758193319609,20.626,26,90,222,811,8913,10313,446,0.09,0.222,0.811,0.43212450305439737
2681,3.9309775561866035e-06,0.8964966193183251,0.08724793366830588,20.626,26,94,221,1070,8913,10313,448,0.094,0.221,1.07,0.43212450305439737
2682,3.8476689631554955e-06,0.8964615332457241,0.0872405589014505,20.626,26,80,233,1771,8913,10313,448,0.08,0.233,1.771,0.43212450305439737
2683,3.892363525287731e-06,0.8963873862345612,0.08739414470374825,20.626,26,96,215,965,8913,10313,440,0.096,0.215,0.965,0.43212450305439737
2684,4.29447438640758e-06,0.8965259517627967,0.0871623414203669,20.626,26,86,221,914,8913,10313,441,0.086,0.221,0.914,0.43212450305439737
2685,3.4528404909268128e-06,0.8964966923244869,0.08723429182661491,20.626,26,91,220,867,8913,10313,445,0.091,0.22,0.867,0.43212450305439737
2686,3.860594573371095e-06,0.8964814108420783,0.0872531265134314,20.626,26,102,216,1139,8913,10313,455,0.102,0.216,1.139,0.43212450305439737
2687,3.7971239408586954e-06,0.8964487169325799,0.08724205781754263,20.626,26,84,232,1842,8913,10313,450,0.084,0.232,1.842,0.43212450305439737
2688,3.829328565275248e-06,0.8963865821539694,0.08739424265205868,20.626,26,97,216,924,8913,10313,442,0.097,0.216,0.924,0.43212450305439737
2689,4.12267695682878e-06,0.8965293867648175,0.08716005108331056,20.626,26,90,225,984,8913,10313,449,0.09,0.225,0.984,0.43212450305439737
2690,3.3009250256449513e-06,0.8965085761037687,0.08722230460666631,20.626,26,90,224,819,8913,10313,448,0.09,0.224,0.819,0.43212450305439737
2691,3.7801012526110592e-06,0.8964784723412688,0.08726610301109088,20.626,26,94,221,1290,8913,10313,448,0.094,0.221,1.29,0.43212450305439737
2692,3.7828958712266887e-06,0.8964402777196595,0.08726459762678404,20.626,26,83,233,1197,8913,10313,450,0.083,0.233,1.197,0.43212450305439737
2693,3.884498668721024e-06,0.8963793281614758,0.08741076647075667,20.626,26,96,219,767,8913,10313,444,0.096,0.219,0.767,0.43212450305439737
2694,4.219804206328558e-06,0.8965225529251395,0.08716270476883609,20.626,26,87,221,965,8913,10313,442,0.087,0.221,0.965,0.43212450305439737
2695,3.4732961816174322e-06,0.8964965106740408,0.08723033659738158,20.626,26,90,219,811,8913,10313,443,0.09,0.219,0.811,0.43212450305439737
2696,3.907558500006455e-06,0.8964931070068237,0.0872507633964054,20.626,26,102,213,1014,8913,10313,453,0.102,0.213,1.014,0.43212450305439737
2697,3.864940649796918e-06,0.8964535907194738,0.08724028127641958,20.626,26,84,234,1551,8913,10313,452,0.084,0.234,1.551,0.43212450305439737
2698,3.8928862069189695e-06,0.8963790647588766,0.08739301389001665,20.626,26,97,212,1127,8913,10313,438,0.097,0.212,1.127,0.43212450305439737
2699,4.156376275975754e-06,0.8965221117231162,0.08716088043111617,20.626,26,88,224,904,8913,10313,446,0.088,0.224,0.904,0.43212450305439737
2700,3.3912442324050852e-06,0.8965047405058734,0.08723552821949948,20.626,26,90,221,798,8913,10313,445,0.09,0.221,0.798,0.43212450305439737
2701,3.99953463641554e-06,0.8964898044533045,0.08725455686678624,20.626,26,93,207,1150,8913,10313,437,0.093,0.207,1.15,0.43212450305439737
2702,3.8104786825181078e-06,0.8964588028198555,0.08724377395611671,20.626,26,81,235,1734,8913,10313,450,0.081,0.235,1.734,0.43212450305439737
2703,3.851969669015143e-06,0.8963876874847528,0.08739425270619926,20.626,26,98,217,806,8913,10313,444,0.098,0.217,0.806,0.43212450305439737
2704,4.188060285624771e-06,0.8965207609590153,0.08715852126908175,20.626,26,88,222,994,8913,10313,444,0.088,0.222,0.994,0.43212450305439737
2705,3.265473910498941e-06,0.8965034011686449,0.0872215924610272,20.626,26,93,226,810,8913,10313,453,0.093,0.226,0.81,0.43212450305439737
2706,3.580978354790136e-06,0.8964737639481637,0.08726570422986415,20.626,26,103,230,1159,8913,10313,466,0.103,0.23,1.159,0.43212450305439737
2707,3.7464457997347846e-06,0.8964461885501638,0.08726609938262599,20.626,26,86,228,1287,8913,10313,448,0.086,0.228,1.287,0.43212450305439737
2708,3.8966825057700595e-06,0.8963877315255402,0.08741223694598915,20.626,26,95,214,882,8913,10313,438,0.095,0.214,0.882,0.43212450305439737
2709,4.153315177414913e-06,0.8965287211512952,0.08716353698058321,20.626,26,88,222,954,8913,10313,444,0.088,0.222,0.954,0.43212450305439737
2710,3.4203215665822473e-06,0.8965024779665093,0.08723124954410326,20.626,26,89,220,795,8913,10313,443,0.089,0.22,0.795,0.43212450305439737
2711,3.994329281560296e-06,0.8964918154830077,0.08725048618291971,20.626,26,93,206,1023,8913,10313,437,0.093,0.206,1.023,0.43212450305439737
2712,3.832982845136675e-06,0.8964576957736714,0.08724120193223125,20.626,26,81,235,1473,8913,10313,450,0.081,0.235,1.473,0.43212450305439737
2713,3.882407552397278e-06,0.8963865200569863,0.0873942899378418,20.626,26,97,218,1032,8913,10313,444,0.097,0.218,1.032,0.43212450305439737
2714,4.215133541150016e-06,0.8965206448258874,0.08716042600905155,20.626,26,88,222,968,8913,10313,444,0.088,0.222,0.968,0.43212450305439737
2715,3.290504523855613e-06,0.8965049394831733,0.08722376811111901,20.626,26,92,222,823,8913,10313,448,0.092,0.222,0.823,0.43212450305439737
2716,3.5822298697527463e-06,0.8964775488760586,0.08726712102724757,20.626,26,102,231,1151,8913,10313,466,0.102,0.231,1.151,0.43212450305439737
2717,3.768049017102634e-06,0.8964469332698332,0.08726555952751372,20.626,26,87,229,1302,8913,10313,450,0.087,0.229,1.302,0.43212450305439737
2718,3.924400950179905e-06,0.8963794470050257,0.08740950750443567,20.626,26,96,215,886,8913,10313,440,0.096,0.215,0.886,0.43212450305439737
2719,4.133478473629071e-06,0.8965218460781871,0.08716147540958691,20.626,26,89,223,944,8913,10313,446,0.089,0.223,0.944,0.43212450305439737
2720,3.4042126522734977e-06,0.8964983804955464,0.08723061631428317,20.626,26,89,220,799,8913,10313,443,0.089,0.22,0.799,0.43212450305439737
2721,3.999181610018775e-06,0.8964926124349126,0.08725100169240449,20.626,26,93,206,1034,8913,10313,437,0.093,0.206,1.034,0.43212450305439737
2722,3.849949198752927e-06,0.8964620228417866,0.08724221543795242,20.626,26,82,236,1481,8913,10313,452,0.082,0.236,1.481,0.43212450305439737
2723,3.884449600130689e-06,0.8963835439532549,0.08739380336188071,20.626,26,99,216,1061,8913,10313,444,0.099,0.216,1.061,0.43212450305439737
2724,4.213890376593573e-06,0.8965219718842005,0.08716054691813446,20.626,26,89,223,916,8913,10313,446,0.089,0.223,0.916,0.43212450305439737
2725,3.3332133460711538e-06,0.8965036871469563,0.08722239845900763,20.626,26,92,222,827,8913,10313,448,0.092,0.222,0.827,0.43212450305439737
2726,3.6618425714893718e-06,0.8964773692583736,0.087266305851298,20.626,26,102,227,1070,8913,10313,462,0.102,0.227,1.07,0.43212450305439737
2727,3.785080640605196e-06,0.8964426205594618,0.08726473788571107,20.626,26,86,230,1091,8913,10313,450,0.086,0.23,1.091,0.43212450305439737
2728,3.825101949520741e-06,0.8963772264661471,0.087409637533707,20.626,26,97,220,872,8913,10313,446,0.097,0.22,0.872,0.43212450305439737
2729,4.052378543392053e-06,0.8965194073210385,0.08716163763548343,20.626,26,91,226,985,8913,10313,451,0.091,0.226,0.985,0.43212450305439737
2730,3.154709176276587e-06,0.8965201863219127,0.08720413007202055,20.626,26,91,230,808,8913,10313,455,0.091,0.23,0.808,0.43212450305439737
2731,3.660849420442494e-06,0.8964820794939622,0.08727005525847988,20.626,26,96,213,1085,8913,10313,447,0.096,0.213,1.085,0.43212450305439737
2732,3.752673469396768e-06,0.8964312181382375,0.08728001161552232,20.626,26,83,231,973,8913,10313,448,0.083,0.231,0.973,0.43212450305439737
2733,3.865104763917892e-06,0.8963678343987707,0.08742557548566542,20.626,26,97,216,751,8913,10313,442,0.097,0.216,0.751,0.43212450305439737
2734,4.201386660194178e-06,0.8965162798058328,0.08716922340955907,20.626,26,87,217,996,8913,10313,438,0.087,0.217,0.996,0.43212450305439737
2735,3.3459497850913365e-06,0.8965102855592102,0.08721398373380632,20.626,26,90,219,792,8913,10313,443,0.09,0.219,0.792,0.43212450305439737
2736,3.658572008767621e-06,0.8964956002025201,0.0872554518554801,20.626,26,100,229,1013,8913,10313,462,0.1,0.229,1.013,0.43212450305439737
2737,3.8541511444707065e-06,0.8964562139820903,0.08725779958281125,20.626,26,86,228,1061,8913,10313,448,0.086,0.228,1.061,0.43212450305439737
2738,3.950860043858991e-06,0.8963723236730194,0.08740785838740303,20.626,26,96,213,864,8913,10313,438,0.096,0.213,0.864,0.43212450305439737
2739,4.151854758563598e-06,0.8965124473068525,0.08716568426150388,20.626,26,91,219,908,8913,10313,444,0.091,0.219,0.908,0.43212450305439737
2740,3.202072926592289e-06,0.896510527736,0.08720767991599206,20.626,26,89,220,783,8913,10313,443,0.089,0.22,0.783,0.43212450305439737
2741,3.602142640716191e-06,0.8964787098145541,0.08727274078530219,20.626,26,94,212,1035,8913,10313,443,0.094,0.212,1.035,0.43212450305439737
2742,3.7398092998753854e-06,0.8964482048114181,0.08728304126219513,20.626,26,83,233,1299,8913,10313,450,0.083,0.233,1.299,0.43212450305439737
2743,3.89608808622938e-06,0.8963752200598669,0.08742436324062225,20.626,26,97,218,763,8913,10313,444,0.097,0.218,0.763,0.43212450305439737
2744,4.191014014539368e-06,0.8965146670221688,0.08716610975253443,20.626,26,90,215,936,8913,10313,439,0.09,0.215,0.936,0.43212450305439737
2745,3.2728291758382732e-06,0.8965088529122979,0.08720035150108063,20.626,26,89,220,797,8913,10313,443,0.089,0.22,0.797,0.43212450305439737
2746,3.5409422854135933e-06,0.8964798040741768,0.08726690782953321,20.626,26,101,216,1029,8913,10313,455,0.101,0.216,1.029,0.43212450305439737
2747,3.7221782726558408e-06,0.8964371130530606,0.08727925487815372,20.626,26,83,224,1005,8913,10313,442,0.083,0.224,1.005,0.43212450305439737
2748,3.868151883368596e-06,0.8963795703364934,0.08742727860455014,20.626,26,93,216,855,8913,10313,438,0.093,0.216,0.855,0.43212450305439737
2749,4.133896874262624e-06,0.8965272794993894,0.08717173885866919,20.626,26,89,224,984,8913,10313,447,0.089,0.224,0.984,0.43212450305439737
2750,3.5028357907248084e-06,0.8965033387785143,0.0872218093450518,20.626,26,90,222,794,8913,10313,446,0.09,0.222,0.794,0.43212450305439737
2751,3.963933924450499e-06,0.8964902320335835,0.08725921462368745,20.626,26,95,224,1066,8913,10313,452,0.095,0.224,1.066,0.43212450305439737
2752,3.872736665952129e-06,0.8964414723900181,0.08725424472903563,20.626,26,83,237,1105,8913,10313,454,0.083,0.237,1.105,0.43212450305439737
2753,3.831977476201405e-06,0.8963778102991224,0.08739185258631482,20.626,26,96,215,755,8913,10313,440,0.096,0.215,0.755,0.43212450305439737
2754,4.127151351135937e-06,0.8965139471731429,0.08717573685077874,20.626,26,89,219,961,8913,10313,442,0.089,0.219,0.961,0.43212450305439737
2755,3.202670316335206e-06,0.8965029951185604,0.08722744053617228,20.626,26,93,223,705,8913,10313,450,0.093,0.223,0.705,0.43212450305439737
2756,3.501709655980939e-06,0.8964633694416059,0.08728608625054962,20.626,26,106,222,890,8913,10313,465,0.106,0.222,0.89,0.43212450305439737
2757,3.7095031461903834e-06,0.8964226266133839,0.08728253078370807,20.626,26,87,231,1022,8913,10313,452,0.087,0.231,1.022,0.43212450305439737
2758,3.831929827676849e-06,0.8963665134486509,0.08742197961196613,20.626,26,97,222,690,8913,10313,448,0.097,0.222,0.69,0.43212450305439737
2759,4.075318811635366e-06,0.8965214444486772,0.0871650561211328,20.626,26,90,223,933,8913,10313,447,0.09,0.223,0.933,0.43212450305439737
2760,3.4604821159018755e-06,0.8965032335669616,0.08722758193319609,20.626,26,90,222,811,8913,10313,446,0.09,0.222,0.811,0.43212450305439737
2761,3.9309775561866035e-06,0.8964966193183251,0.08724793366830588,20.626,26,94,221,1070,8913,10313,448,0.094,0.221,1.07,0.43212450305439737
2762,3.8476689631554955e-06,0.8964615332457241,0.0872405589014505,20.626,26,80,233,1771,8913,10313,448,0.08,0.233,1.771,0.43212450305439737
2763,3.892363525287732e-06,0.8963873862345612,0.08739414470374825,20.626,26,96,215,965,8913,10313,440,0.096,0.215,0.965,0.43212450305439737
2764,4.294474386407581e-06,0.8965259517627966,0.0871623414203669,20.626,26,86,221,914,8913,10313,441,0.086,0.221,0.914,0.43212450305439737
2765,3.452840490926814e-06,0.8964966923244869,0.08723429182661491,20.626,26,91,220,867,8913,10313,445,0.091,0.22,0.867,0.43212450305439737
2766,3.860594573371095e-06,0.8964814108420783,0.0872531265134314,20.626,26,102,216,1139,8913,10313,455,0.102,0.216,1.139,0.43212450305439737
2767,3.7971239408586954e-06,0.8964487169325799,0.08724205781754263,20.626,26,84,232,1842,8913,10313,450,0.084,0.232,1.842,0.43212450305439737
2768,3.829328565275248e-06,0.8963865821539694,0.08739424265205868,20.626,26,97,216,924,8913,10313,442,0.097,0.216,0.924,0.43212450305439737
2769,4.12267695682878e-06,0.8965293867648175,0.08716005108331056,20.626,26,90,225,984,8913,10313,449,0.09,0.225,0.984,0.43212450305439737
2770,3.3009250256449513e-06,0.8965085761037687,0.08722230460666631,20.626,26,90,224,819,8913,10313,448,0.09,0.224,0.819,0.43212450305439737
2771,3.7801012526110592e-06,0.8964784723412688,0.08726610301109088,20.626,26,94,221,1290,8913,10313,448,0.094,0.221,1.29,0.43212450305439737
2772,3.7828958712266882e-06,0.8964402777196595,0.08726459762678404,20.626,26,83,233,1197,8913,10313,450,0.083,0.233,1.197,0.43212450305439737
2773,3.884498668721024e-06,0.8963793281614758,0.08741076647075667,20.626,26,96,219,767,8913,10313,444,0.096,0.219,0.767,0.43212450305439737
2774,4.2198042063285565e-06,0.8965225529251395,0.08716270476883609,20.626,26,87,221,965,8913,10313,442,0.087,0.221,0.965,0.43212450305439737
2775,3.473296181617432e-06,0.8964965106740408,0.08723033659738158,20.626,26,90,219,811,8913,10313,443,0.09,0.219,0.811,0.43212450305439737
2776,3.907558500006454e-06,0.8964931070068237,0.0872507633964054,20.626,26,102,213,1014,8913,10313,453,0.102,0.213,1.014,0.43212450305439737
2777,3.864940649796918e-06,0.8964535907194738,0.08724028127641958,20.626,26,84,234,1551,8913,10313,452,0.084,0.234,1.551,0.43212450305439737
2778,3.892886206918973e-06,0.8963790647588765,0.08739301389001665,20.626,26,97,212,1127,8913,10313,438,0.097,0.212,1.127,0.43212450305439737
2779,4.156376275975755e-06,0.8965221117231162,0.08716088043111617,20.626,26,88,224,904,8913,10313,446,0.088,0.224,0.904,0.43212450305439737
2780,3.391244232405085e-06,0.8965047405058734,0.08723552821949948,20.626,26,90,221,798,8913,10313,445,0.09,0.221,0.798,0.43212450305439737
2781,3.999534636415539e-06,0.8964898044533045,0.08725455686678622,20.626,26,93,207,1150,8913,10313,437,0.093,0.207,1.15,0.43212450305439737
2782,3.8104786825181073e-06,0.8964588028198555,0.08724377395611671,20.626,26,81,235,1734,8913,10313,450,0.081,0.235,1.734,0.43212450305439737
2783,3.851969669015142e-06,0.8963876874847528,0.08739425270619926,20.626,26,98,217,806,8913,10313,444,0.098,0.217,0.806,0.43212450305439737
2784,4.18806028562477e-06,0.8965207609590153,0.08715852126908175,20.626,26,88,222,994,8913,10313,444,0.088,0.222,0.994,0.43212450305439737
2785,3.265473910498941e-06,0.8965034011686449,0.0872215924610272,20.626,26,93,226,810,8913,10313,453,0.093,0.226,0.81,0.43212450305439737
2786,3.5809783547901366e-06,0.8964737639481637,0.08726570422986415,20.626,26,103,230,1159,8913,10313,466,0.103,0.23,1.159,0.43212450305439737
2787,3.746445799734784e-06,0.8964461885501638,0.08726609938262599,20.626,26,86,228,1287,8913,10313,448,0.086,0.228,1.287,0.43212450305439737
2788,3.896682505770059e-06,0.8963877315255401,0.08741223694598915,20.626,26,95,214,882,8913,10313,438,0.095,0.214,0.882,0.43212450305439737
2789,4.153315177414913e-06,0.8965287211512952,0.08716353698058321,20.626,26,88,222,954,8913,10313,444,0.088,0.222,0.954,0.43212450305439737
2790,3.4203215665822477e-06,0.8965024779665093,0.08723124954410326,20.626,26,89,220,795,8913,10313,443,0.089,0.22,0.795,0.43212450305439737
2791,3.994329281560297e-06,0.8964918154830077,0.08725048618291971,20.626,26,93,206,1023,8913,10313,437,0.093,0.206,1.023,0.43212450305439737
2792,3.832982845136675e-06,0.8964576957736714,0.08724120193223125,20.626,26,81,235,1473,8913,10313,450,0.081,0.235,1.473,0.43212450305439737
2793,3.882407552397279e-06,0.8963865200569863,0.0873942899378418,20.626,26,97,218,1032,8913,10313,444,0.097,0.218,1.032,0.43212450305439737
2794,4.215133541150017e-06,0.8965206448258874,0.08716042600905155,20.626,26,88,222,968,8913,10313,444,0.088,0.222,0.968,0.43212450305439737
2795,3.290504523855612e-06,0.8965049394831733,0.08722376811111901,20.626,26,92,222,823,8913,10313,448,0.092,0.222,0.823,0.43212450305439737
2796,3.582229869752746e-06,0.8964775488760586,0.08726712102724757,20.626,26,102,231,1151,8913,10313,466,0.102,0.231,1.151,0.43212450305439737
2797,3.7680490171026333e-06,0.8964469332698332,0.08726555952751372,20.626,26,87,229,1302,8913,10313,450,0.087,0.229,1.302,0.43212450305439737
2798,3.924400950179903e-06,0.8963794470050257,0.08740950750443567,20.626,26,96,215,886,8913,10313,440,0.096,0.215,0.886,0.43212450305439737
2799,4.133478473629071e-06,0.8965218460781871,0.08716147540958691,20.626,26,89,223,944,8913,10313,446,0.089,0.223,0.944,0.43212450305439737
2800,3.4042126522734973e-06,0.8964983804955464,0.08723061631428317,20.626,26,89,220,799,8913,10313,443,0.089,0.22,0.799,0.43212450305439737
2801,3.999181610018775e-06,0.8964926124349126,0.08725100169240449,20.626,26,93,206,1034,8913,10313,437,0.093,0.206,1.034,0.43212450305439737
2802,3.849949198752927e-06,0.8964620228417866,0.08724221543795242,20.626,26,82,236,1481,8913,10313,452,0.082,0.236,1.481,0.43212450305439737
2803,3.884449600130689e-06,0.8963835439532549,0.08739380336188071,20.626,26,99,216,1061,8913,10313,444,0.099,0.216,1.061,0.43212450305439737
2804,4.213890376593573e-06,0.8965219718842005,0.08716054691813446,20.626,26,89,223,916,8913,10313,446,0.089,0.223,0.916,0.43212450305439737
2805,3.3332133460711534e-06,0.8965036871469563,0.08722239845900763,20.626,26,92,222,827,8913,10313,448,0.092,0.222,0.827,0.43212450305439737
2806,3.6618425714893726e-06,0.8964773692583736,0.087266305851298,20.626,26,102,227,1070,8913,10313,462,0.102,0.227,1.07,0.43212450305439737
2807,3.7850806406051954e-06,0.8964426205594618,0.08726473788571107,20.626,26,86,230,1091,8913,10313,450,0.086,0.23,1.091,0.43212450305439737
2808,3.825101949520742e-06,0.8963772264661471,0.087409637533707,20.626,26,97,220,872,8913,10313,446,0.097,0.22,0.872,0.43212450305439737
2809,4.052378543392053e-06,0.8965194073210385,0.08716163763548344,20.626,26,91,226,985,8913,10313,451,0.091,0.226,0.985,0.43212450305439737
2810,3.154709176276587e-06,0.8965201863219127,0.08720413007202055,20.626,26,91,230,808,8913,10313,455,0.091,0.23,0.808,0.43212450305439737
2811,3.660849420442495e-06,0.8964820794939622,0.08727005525847988,20.626,26,96,213,1085,8913,10313,447,0.096,0.213,1.085,0.43212450305439737
2812,3.752673469396768e-06,0.8964312181382375,0.08728001161552232,20.626,26,83,231,973,8913,10313,448,0.083,0.231,0.973,0.43212450305439737
2813,3.8651047639178916e-06,0.8963678343987707,0.08742557548566542,20.626,26,97,216,751,8913,10313,442,0.097,0.216,0.751,0.43212450305439737
2814,4.201386660194178e-06,0.8965162798058328,0.08716922340955907,20.626,26,87,217,996,8913,10313,438,0.087,0.217,0.996,0.43212450305439737
2815,3.345949785091335e-06,0.8965102855592102,0.08721398373380632,20.626,26,90,219,792,8913,10313,443,0.09,0.219,0.792,0.43212450305439737
2816,3.6585720087676203e-06,0.8964956002025201,0.0872554518554801,20.626,26,100,229,1013,8913,10313,462,0.1,0.229,1.013,0.43212450305439737
2817,3.8541511444707065e-06,0.8964562139820903,0.08725779958281125,20.626,26,86,228,1061,8913,10313,448,0.086,0.228,1.061,0.43212450305439737
2818,3.950860043858992e-06,0.8963723236730194,0.08740785838740303,20.626,26,96,213,864,8913,10313,438,0.096,0.213,0.864,0.43212450305439737
2819,4.151854758563598e-06,0.8965124473068525,0.08716568426150388,20.626,26,91,219,908,8913,10313,444,0.091,0.219,0.908,0.43212450305439737
2820,3.20207292659229e-06,0.896510527736,0.08720767991599206,20.626,26,89,220,783,8913,10313,443,0.089,0.22,0.783,0.43212450305439737
2821,3.6021426407161912e-06,0.8964787098145541,0.08727274078530219,20.626,26,94,212,1035,8913,10313,443,0.094,0.212,1.035,0.43212450305439737
2822,3.7398092998753845e-06,0.8964482048114181,0.08728304126219513,20.626,26,83,233,1299,8913,10313,450,0.083,0.233,1.299,0.43212450305439737
2823,3.896088086229379e-06,0.8963752200598669,0.08742436324062225,20.626,26,97,218,763,8913,10313,444,0.097,0.218,0.763,0.43212450305439737
2824,4.191014014539368e-06,0.8965146670221688,0.08716610975253443,20.626,26,90,215,936,8913,10313,439,0.09,0.215,0.936,0.43212450305439737
2825,3.2728291758382732e-06,0.8965088529122979,0.08720035150108063,20.626,26,89,220,797,8913,10313,443,0.089,0.22,0.797,0.43212450305439737
2826,3.5409422854135933e-06,0.8964798040741768,0.08726690782953321,20.626,26,101,216,1029,8913,10313,455,0.101,0.216,1.029,0.43212450305439737
2827,3.722178272655842e-06,0.8964371130530606,0.08727925487815372,20.626,26,83,224,1005,8913,10313,442,0.083,0.224,1.005,0.43212450305439737
2828,3.868151883368596e-06,0.8963795703364934,0.08742727860455014,20.626,26,93,216,855,8913,10313,438,0.093,0.216,0.855,0.43212450305439737
2829,4.133896874262623e-06,0.8965272794993894,0.08717173885866919,20.626,26,89,224,984,8913,10313,447,0.089,0.224,0.984,0.43212450305439737
2830,3.5028357907248092e-06,0.8965033387785143,0.0872218093450518,20.626,26,90,222,794,8913,10313,446,0.09,0.222,0.794,0.43212450305439737
2831,3.963933924450499e-06,0.8964902320335835,0.08725921462368745,20.626,26,95,224,1066,8913,10313,452,0.095,0.224,1.066,0.43212450305439737
2832,3.872736665952129e-06,0.8964414723900181,0.08725424472903563,20.626,26,83,237,1105,8913,10313,454,0.083,0.237,1.105,0.43212450305439737
2833,3.8319774762014074e-06,0.8963778102991224,0.08739185258631482,20.626,26,96,215,755,8913,10313,440,0.096,0.215,0.755,0.43212450305439737
2834,4.127151351135937e-06,0.8965139471731429,0.08717573685077874,20.626,26,89,219,961,8913,10313,442,0.089,0.219,0.961,0.43212450305439737
2835,3.202670316335206e-06,0.8965029951185604,0.08722744053617228,20.626,26,93,223,705,8913,10313,450,0.093,0.223,0.705,0.43212450305439737
2836,3.501709655980939e-06,0.8964633694416059,0.08728608625054962,20.626,26,106,222,890,8913,10313,465,0.106,0.222,0.89,0.43212450305439737
2837,3.709503146190384e-06,0.8964226266133839,0.08728253078370807,20.626,26,87,231,1022,8913,10313,452,0.087,0.231,1.022,0.43212450305439737
2838,3.831929827676852e-06,0.8963665134486509,0.08742197961196613,20.626,26,97,222,690,8913,10313,448,0.097,0.222,0.69,0.43212450305439737
2839,4.0753188116353665e-06,0.8965214444486772,0.0871650561211328,20.626,26,90,223,933,8913,10313,447,0.09,0.223,0.933,0.43212450305439737
2840,3.4604821159018755e-06,0.8965032335669616,0.08722758193319609,20.626,26,90,222,811,8913,10313,446,0.09,0.222,0.811,0.43212450305439737
2841,3.930977556186603e-06,0.8964966193183251,0.08724793366830588,20.626,26,94,221,1070,8913,10313,448,0.094,0.221,1.07,0.43212450305439737
2842,3.847668963155495e-06,0.8964615332457241,0.0872405589014505,20.626,26,80,233,1771,8913,10313,448,0.08,0.233,1.771,0.43212450305439737
2843,3.89236352528773e-06,0.8963873862345612,0.08739414470374825,20.626,26,96,215,965,8913,10313,440,0.096,0.215,0.965,0.43212450305439737
2844,4.29447438640758e-06,0.8965259517627967,0.0871623414203669,20.626,26,86,221,914,8913,10313,441,0.086,0.221,0.914,0.43212450305439737
2845,3.4528404909268136e-06,0.8964966923244869,0.08723429182661491,20.626,26,91,220,867,8913,10313,445,0.091,0.22,0.867,0.43212450305439737
2846,3.860594573371095e-06,0.8964814108420783,0.0872531265134314,20.626,26,102,216,1139,8913,10313,455,0.102,0.216,1.139,0.43212450305439737
2847,3.797123940858696e-06,0.8964487169325799,0.08724205781754263,20.626,26,84,232,1842,8913,10313,450,0.084,0.232,1.842,0.43212450305439737
2848,3.829328565275247e-06,0.8963865821539694,0.08739424265205868,20.626,26,97,216,924,8913,10313,442,0.097,0.216,0.924,0.43212450305439737
2849,4.12267695682878e-06,0.8965293867648175,0.08716005108331056,20.626,26,90,225,984,8913,10313,449,0.09,0.225,0.984,0.43212450305439737
2850,3.300925025644951e-06,0.8965085761037687,0.08722230460666631,20.626,26,90,224,819,8913,10313,448,0.09,0.224,0.819,0.43212450305439737
2851,3.78010125261106e-06,0.8964784723412688,0.08726610301109088,20.626,26,94,221,1290,8913,10313,448,0.094,0.221,1.29,0.43212450305439737
2852,3.7828958712266887e-06,0.8964402777196595,0.08726459762678404,20.626,26,83,233,1197,8913,10313,450,0.083,0.233,1.197,0.43212450305439737
2853,3.884498668721025e-06,0.8963793281614758,0.08741076647075667,20.626,26,96,219,767,8913,10313,444,0.096,0.219,0.767,0.43212450305439737
2854,4.219804206328558e-06,0.8965225529251395,0.08716270476883609,20.626,26,87,221,965,8913,10313,442,0.087,0.221,0.965,0.43212450305439737
2855,3.473296181617432e-06,0.8964965106740408,0.08723033659738158,20.626,26,90,219,811,8913,10313,443,0.09,0.219,0.811,0.43212450305439737
2856,3.907558500006455e-06,0.8964931070068238,0.0872507633964054,20.626,26,102,213,1014,8913,10313,453,0.102,0.213,1.014,0.43212450305439737
2857,3.864940649796918e-06,0.8964535907194738,0.08724028127641958,20.626,26,84,234,1551,8913,10313,452,0.084,0.234,1.551,0.43212450305439737
2858,3.89288620691897e-06,0.8963790647588766,0.08739301389001665,20.626,26,97,212,1127,8913,10313,438,0.097,0.212,1.127,0.43212450305439737
2859,4.156376275975755e-06,0.8965221117231162,0.08716088043111617,20.626,26,88,224,904,8913,10313,446,0.088,0.224,0.904,0.43212450305439737
2860,3.3912442324050852e-06,0.8965047405058734,0.08723552821949948,20.626,26,90,221,798,8913,10313,445,0.09,0.221,0.798,0.43212450305439737
2861,3.99953463641554e-06,0.8964898044533045,0.08725455686678624,20.626,26,93,207,1150,8913,10313,437,0.093,0.207,1.15,0.43212450305439737
2862,3.8104786825181078e-06,0.8964588028198555,0.08724377395611671,20.626,26,81,235,1734,8913,10313,450,0.081,0.235,1.734,0.43212450305439737
2863,3.851969669015143e-06,0.8963876874847528,0.08739425270619926,20.626,26,98,217,806,8913,10313,444,0.098,0.217,0.806,0.43212450305439737
2864,4.188060285624771e-06,0.8965207609590153,0.08715852126908175,20.626,26,88,222,994,8913,10313,444,0.088,0.222,0.994,0.43212450305439737
2865,3.265473910498941e-06,0.8965034011686449,0.0872215924610272,20.626,26,93,226,810,8913,10313,453,0.093,0.226,0.81,0.43212450305439737
2866,3.580978354790136e-06,0.8964737639481637,0.08726570422986415,20.626,26,103,230,1159,8913,10313,466,0.103,0.23,1.159,0.43212450305439737
2867,3.746445799734784e-06,0.8964461885501638,0.08726609938262599,20.626,26,86,228,1287,8913,10313,448,0.086,0.228,1.287,0.43212450305439737
2868,3.8966825057700595e-06,0.8963877315255402,0.08741223694598915,20.626,26,95,214,882,8913,10313,438,0.095,0.214,0.882,0.43212450305439737
2869,4.153315177414913e-06,0.8965287211512952,0.08716353698058321,20.626,26,88,222,954,8913,10313,444,0.088,0.222,0.954,0.43212450305439737
2870,3.4203215665822473e-06,0.8965024779665093,0.08723124954410326,20.626,26,89,220,795,8913,10313,443,0.089,0.22,0.795,0.43212450305439737
2871,3.994329281560296e-06,0.8964918154830077,0.08725048618291971,20.626,26,93,206,1023,8913,10313,437,0.093,0.206,1.023,0.43212450305439737
2872,3.832982845136674e-06,0.8964576957736714,0.08724120193223125,20.626,26,81,235,1473,8913,10313,450,0.081,0.235,1.473,0.43212450305439737
2873,3.882407552397278e-06,0.8963865200569863,0.0873942899378418,20.626,26,97,218,1032,8913,10313,444,0.097,0.218,1.032,0.43212450305439737
2874,4.215133541150016e-06,0.8965206448258874,0.08716042600905155,20.626,26,88,222,968,8913,10313,444,0.088,0.222,0.968,0.43212450305439737
2875,3.2905045238556126e-06,0.8965049394831733,0.08722376811111901,20.626,26,92,222,823,8913,10313,448,0.092,0.222,0.823,0.43212450305439737
2876,3.5822298697527463e-06,0.8964775488760586,0.08726712102724757,20.626,26,102,231,1151,8913,10313,466,0.102,0.231,1.151,0.43212450305439737
2877,3.7680490171026337e-06,0.8964469332698332,0.08726555952751372,20.626,26,87,229,1302,8913,10313,450,0.087,0.229,1.302,0.43212450305439737
2878,3.924400950179903e-06,0.8963794470050257,0.08740950750443567,20.626,26,96,215,886,8913,10313,440,0.096,0.215,0.886,0.43212450305439737
2879,4.13347847362907e-06,0.8965218460781871,0.08716147540958691,20.626,26,89,223,944,8913,10313,446,0.089,0.223,0.944,0.43212450305439737
2880,3.404212652273497e-06,0.8964983804955464,0.08723061631428317,20.626,26,89,220,799,8913,10313,443,0.089,0.22,0.799,0.43212450305439737
2881,3.999181610018776e-06,0.8964926124349126,0.08725100169240449,20.626,26,93,206,1034,8913,10313,437,0.093,0.206,1.034,0.43212450305439737
2882,3.849949198752928e-06,0.8964620228417866,0.08724221543795242,20.626,26,82,236,1481,8913,10313,452,0.082,0.236,1.481,0.43212450305439737
2883,3.8844496001306895e-06,0.8963835439532549,0.08739380336188071,20.626,26,99,216,1061,8913,10313,444,0.099,0.216,1.061,0.43212450305439737
2884,4.213890376593573e-06,0.8965219718842005,0.08716054691813446,20.626,26,89,223,916,8913,10313,446,0.089,0.223,0.916,0.43212450305439737
2885,3.3332133460711534e-06,0.8965036871469563,0.08722239845900763,20.626,26,92,222,827,8913,10313,448,0.092,0.222,0.827,0.43212450305439737
2886,3.6618425714893714e-06,0.8964773692583736,0.087266305851298,20.626,26,102,227,1070,8913,10313,462,0.102,0.227,1.07,0.43212450305439737
2887,3.785080640605196e-06,0.8964426205594618,0.08726473788571107,20.626,26,86,230,1091,8913,10313,450,0.086,0.23,1.091,0.43212450305439737
2888,3.8251019495207425e-06,0.8963772264661471,0.087409637533707,20.626,26,97,220,872,8913,10313,446,0.097,0.22,0.872,0.43212450305439737
2889,4.052378543392053e-06,0.8965194073210385,0.08716163763548343,20.626,26,91,226,985,8913,10313,451,0.091,0.226,0.985,0.43212450305439737
2890,3.154709176276587e-06,0.8965201863219127,0.08720413007202055,20.626,26,91,230,808,8913,10313,455,0.091,0.23,0.808,0.43212450305439737
2891,3.6608494204424945e-06,0.8964820794939622,0.08727005525847988,20.626,26,96,213,1085,8913,10313,447,0.096,0.213,1.085,0.43212450305439737
2892,3.752673469396768e-06,0.8964312181382375,0.08728001161552232,20.626,26,83,231,973,8913,10313,448,0.083,0.231,0.973,0.43212450305439737
2893,3.8651047639178916e-06,0.8963678343987707,0.08742557548566542,20.626,26,97,216,751,8913,10313,442,0.097,0.216,0.751,0.43212450305439737
2894,4.201386660194178e-06,0.8965162798058328,0.08716922340955907,20.626,26,87,217,996,8913,10313,438,0.087,0.217,0.996,0.43212450305439737
2895,3.345949785091337e-06,0.8965102855592102,0.08721398373380632,20.626,26,90,219,792,8913,10313,443,0.09,0.219,0.792,0.43212450305439737
2896,3.6585720087676216e-06,0.8964956002025201,0.0872554518554801,20.626,26,100,229,1013,8913,10313,462,0.1,0.229,1.013,0.43212450305439737
2897,3.8541511444707065e-06,0.8964562139820903,0.08725779958281125,20.626,26,86,228,1061,8913,10313,448,0.086,0.228,1.061,0.43212450305439737
2898,3.950860043858992e-06,0.8963723236730194,0.08740785838740303,20.626,26,96,213,864,8913,10313,438,0.096,0.213,0.864,0.43212450305439737
2899,4.151854758563599e-06,0.8965124473068525,0.08716568426150388,20.626,26,91,219,908,8913,10313,444,0.091,0.219,0.908,0.43212450305439737
2900,3.20207292659229e-06,0.896510527736,0.08720767991599206,20.626,26,89,220,783,8913,10313,443,0.089,0.22,0.783,0.43212450305439737
2901,3.602142640716191e-06,0.8964787098145541,0.08727274078530219,20.626,26,94,212,1035,8913,10313,443,0.094,0.212,1.035,0.43212450305439737
2902,3.7398092998753862e-06,0.8964482048114181,0.08728304126219513,20.626,26,83,233,1299,8913,10313,450,0.083,0.233,1.299,0.43212450305439737
2903,3.896088086229379e-06,0.8963752200598669,0.08742436324062225,20.626,26,97,218,763,8913,10313,444,0.097,0.218,0.763,0.43212450305439737
2904,4.191014014539368e-06,0.8965146670221689,0.08716610975253443,20.626,26,90,215,936,8913,10313,439,0.09,0.215,0.936,0.43212450305439737
2905,3.2728291758382732e-06,0.8965088529122979,0.08720035150108063,20.626,26,89,220,797,8913,10313,443,0.089,0.22,0.797,0.43212450305439737
2906,3.5409422854135933e-06,0.8964798040741768,0.08726690782953321,20.626,26,101,216,1029,8913,10313,455,0.101,0.216,1.029,0.43212450305439737
2907,3.722178272655841e-06,0.8964371130530606,0.08727925487815372,20.626,26,83,224,1005,8913,10313,442,0.083,0.224,1.005,0.43212450305439737
2908,3.868151883368596e-06,0.8963795703364934,0.08742727860455014,20.626,26,93,216,855,8913,10313,438,0.093,0.216,0.855,0.43212450305439737
2909,4.133896874262623e-06,0.8965272794993894,0.08717173885866919,20.626,26,89,224,984,8913,10313,447,0.089,0.224,0.984,0.43212450305439737
2910,3.502835790724808e-06,0.8965033387785143,0.0872218093450518,20.626,26,90,222,794,8913,10313,446,0.09,0.222,0.794,0.43212450305439737
2911,3.963933924450498e-06,0.8964902320335835,0.08725921462368745,20.626,26,95,224,1066,8913,10313,452,0.095,0.224,1.066,0.43212450305439737
2912,3.872736665952129e-06,0.8964414723900181,0.08725424472903563,20.626,26,83,237,1105,8913,10313,454,0.083,0.237,1.105,0.43212450305439737
2913,3.831977476201406e-06,0.8963778102991224,0.08739185258631482,20.626,26,96,215,755,8913,10313,440,0.096,0.215,0.755,0.43212450305439737
2914,4.127151351135937e-06,0.8965139471731429,0.08717573685077874,20.626,26,89,219,961,8913,10313,442,0.089,0.219,0.961,0.43212450305439737
2915,3.202670316335206e-06,0.8965029951185604,0.08722744053617228,20.626,26,93,223,705,8913,10313,450,0.093,0.223,0.705,0.43212450305439737
2916,3.501709655980939e-06,0.8964633694416059,0.08728608625054964,20.626,26,106,222,890,8913,10313,465,0.106,0.222,0.89,0.43212450305439737
2917,3.709503146190384e-06,0.8964226266133839,0.08728253078370807,20.626,26,87,231,1022,8913,10313,452,0.087,0.231,1.022,0.43212450305439737
2918,3.83192982767685e-06,0.8963665134486509,0.08742197961196613,20.626,26,97,222,690,8913,10313,448,0.097,0.222,0.69,0.43212450305439737
2919,4.075318811635366e-06,0.8965214444486772,0.0871650561211328,20.626,26,90,223,933,8913,10313,447,0.09,0.223,0.933,0.43212450305439737
2920,3.4604821159018755e-06,0.8965032335669616,0.08722758193319609,20.626,26,90,222,811,8913,10313,446,0.09,0.222,0.811,0.43212450305439737
2921,3.930977556186603e-06,0.8964966193183251,0.08724793366830588,20.626,26,94,221,1070,8913,10313,448,0.094,0.221,1.07,0.43212450305439737
2922,3.8476689631554955e-06,0.8964615332457241,0.0872405589014505,20.626,26,80,233,1771,8913,10313,448,0.08,0.233,1.771,0.43212450305439737
2923,3.892363525287732e-06,0.8963873862345612,0.08739414470374825,20.626,26,96,215,965,8913,10313,440,0.096,0.215,0.965,0.43212450305439737
2924,4.29447438640758e-06,0.8965259517627966,0.0871623414203669,20.626,26,86,221,914,8913,10313,441,0.086,0.221,0.914,0.43212450305439737
2925,3.4528404909268128e-06,0.8964966923244869,0.08723429182661491,20.626,26,91,220,867,8913,10313,445,0.091,0.22,0.867,0.43212450305439737
2926,3.860594573371095e-06,0.8964814108420783,0.0872531265134314,20.626,26,102,216,1139,8913,10313,455,0.102,0.216,1.139,0.43212450305439737
2927,3.797123940858696e-06,0.8964487169325799,0.08724205781754263,20.626,26,84,232,1842,8913,10313,450,0.084,0.232,1.842,0.43212450305439737
2928,3.829328565275248e-06,0.8963865821539694,0.08739424265205868,20.626,26,97,216,924,8913,10313,442,0.097,0.216,0.924,0.43212450305439737
2929,4.1226769568287804e-06,0.8965293867648175,0.08716005108331056,20.626,26,90,225,984,8913,10313,449,0.09,0.225,0.984,0.43212450305439737
2930,3.3009250256449517e-06,0.8965085761037687,0.08722230460666631,20.626,26,90,224,819,8913,10313,448,0.09,0.224,0.819,0.43212450305439737
2931,3.7801012526110592e-06,0.8964784723412688,0.08726610301109088,20.626,26,94,221,1290,8913,10313,448,0.094,0.221,1.29,0.43212450305439737
2932,3.7828958712266882e-06,0.8964402777196595,0.08726459762678404,20.626,26,83,233,1197,8913,10313,450,0.083,0.233,1.197,0.43212450305439737
2933,3.884498668721022e-06,0.8963793281614758,0.08741076647075667,20.626,26,96,219,767,8913,10313,444,0.096,0.219,0.767,0.43212450305439737
2934,4.2198042063285565e-06,0.8965225529251396,0.08716270476883606,20.626,26,87,221,965,8913,10313,442,0.087,0.221,0.965,0.43212450305439737
2935,3.473296181617432e-06,0.8964965106740408,0.08723033659738158,20.626,26,90,219,811,8913,10313,443,0.09,0.219,0.811,0.43212450305439737
2936,3.907558500006455e-06,0.8964931070068237,0.0872507633964054,20.626,26,102,213,1014,8913,10313,453,0.102,0.213,1.014,0.43212450305439737
2937,3.864940649796919e-06,0.8964535907194738,0.08724028127641958,20.626,26,84,234,1551,8913,10313,452,0.084,0.234,1.551,0.43212450305439737
2938,3.892886206918971e-06,0.8963790647588765,0.08739301389001665,20.626,26,97,212,1127,8913,10313,438,0.097,0.212,1.127,0.43212450305439737
2939,4.156376275975754e-06,0.8965221117231162,0.08716088043111617,20.626,26,88,224,904,8913,10313,446,0.088,0.224,0.904,0.43212450305439737
2940,3.3912442324050844e-06,0.8965047405058734,0.08723552821949948,20.626,26,90,221,798,8913,10313,445,0.09,0.221,0.798,0.43212450305439737
2941,3.999534636415539e-06,0.8964898044533045,0.08725455686678622,20.626,26,93,207,1150,8913,10313,437,0.093,0.207,1.15,0.43212450305439737
2942,3.8104786825181078e-06,0.8964588028198555,0.08724377395611671,20.626,26,81,235,1734,8913,10313,450,0.081,0.235,1.734,0.43212450305439737
2943,3.851969669015143e-06,0.8963876874847528,0.08739425270619926,20.626,26,98,217,806,8913,10313,444,0.098,0.217,0.806,0.43212450305439737
2944,4.18806028562477e-06,0.8965207609590153,0.08715852126908175,20.626,26,88,222,994,8913,10313,444,0.088,0.222,0.994,0.43212450305439737
2945,3.265473910498941e-06,0.8965034011686449,0.0872215924610272,20.626,26,93,226,810,8913,10313,453,0.093,0.226,0.81,0.43212450305439737
2946,3.5809783547901366e-06,0.8964737639481637,0.08726570422986415,20.626,26,103,230,1159,8913,10313,466,0.103,0.23,1.159,0.43212450305439737
2947,3.7464457997347846e-06,0.8964461885501638,0.08726609938262599,20.626,26,86,228,1287,8913,10313,448,0.086,0.228,1.287,0.43212450305439737
2948,3.8966825057700595e-06,0.8963877315255401,0.08741223694598915,20.626,26,95,214,882,8913,10313,438,0.095,0.214,0.882,0.43212450305439737
2949,4.153315177414914e-06,0.8965287211512952,0.08716353698058321,20.626,26,88,222,954,8913,10313,444,0.088,0.222,0.954,0.43212450305439737
2950,3.4203215665822477e-06,0.8965024779665093,0.08723124954410326,20.626,26,89,220,795,8913,10313,443,0.089,0.22,0.795,0.43212450305439737
2951,3.994329281560297e-06,0.8964918154830077,0.08725048618291971,20.626,26,93,206,1023,8913,10313,437,0.093,0.206,1.023,0.43212450305439737
2952,3.832982845136675e-06,0.8964576957736714,0.08724120193223125,20.626,26,81,235,1473,8913,10313,450,0.081,0.235,1.473,0.43212450305439737
2953,3.882407552397278e-06,0.8963865200569863,0.0873942899378418,20.626,26,97,218,1032,8913,10313,444,0.097,0.218,1.032,0.43212450305439737
2954,4.2151335411500156e-06,0.8965206448258874,0.08716042600905155,20.626,26,88,222,968,8913,10313,444,0.088,0.222,0.968,0.43212450305439737
2955,3.290504523855613e-06,0.8965049394831733,0.08722376811111901,20.626,26,92,222,823,8913,10313,448,0.092,0.222,0.823,0.43212450305439737
2956,3.582229869752746e-06,0.8964775488760586,0.08726712102724757,20.626,26,102,231,1151,8913,10313,466,0.102,0.231,1.151,0.43212450305439737
2957,3.7680490171026337e-06,0.8964469332698332,0.08726555952751372,20.626,26,87,229,1302,8913,10313,450,0.087,0.229,1.302,0.43212450305439737
2958,3.924400950179904e-06,0.8963794470050257,0.08740950750443567,20.626,26,96,215,886,8913,10313,440,0.096,0.215,0.886,0.43212450305439737
2959,4.133478473629071e-06,0.8965218460781871,0.08716147540958691,20.626,26,89,223,944,8913,10313,446,0.089,0.223,0.944,0.43212450305439737
2960,3.4042126522734977e-06,0.8964983804955464,0.08723061631428317,20.626,26,89,220,799,8913,10313,443,0.089,0.22,0.799,0.43212450305439737
2961,3.999181610018775e-06,0.8964926124349126,0.08725100169240449,20.626,26,93,206,1034,8913,10313,437,0.093,0.206,1.034,0.43212450305439737
2962,3.849949198752927e-06,0.8964620228417866,0.08724221543795242,20.626,26,82,236,1481,8913,10313,452,0.082,0.236,1.481,0.43212450305439737
2963,3.884449600130688e-06,0.8963835439532549,0.08739380336188071,20.626,26,99,216,1061,8913,10313,444,0.099,0.216,1.061,0.43212450305439737
2964,4.213890376593572e-06,0.8965219718842005,0.08716054691813446,20.626,26,89,223,916,8913,10313,446,0.089,0.223,0.916,0.43212450305439737
2965,3.333213346071153e-06,0.8965036871469563,0.08722239845900763,20.626,26,92,222,827,8913,10313,448,0.092,0.222,0.827,0.43212450305439737
2966,3.6618425714893718e-06,0.8964773692583736,0.087266305851298,20.626,26,102,227,1070,8913,10313,462,0.102,0.227,1.07,0.43212450305439737
2967,3.785080640605196e-06,0.8964426205594618,0.08726473788571107,20.626,26,86,230,1091,8913,10313,450,0.086,0.23,1.091,0.43212450305439737
2968,3.825101949520742e-06,0.8963772264661471,0.087409637533707,20.626,26,97,220,872,8913,10313,446,0.097,0.22,0.872,0.43212450305439737
2969,4.052378543392052e-06,0.8965194073210385,0.08716163763548344,20.626,26,91,226,985,8913,10313,451,0.091,0.226,0.985,0.43212450305439737
2970,3.154709176276587e-06,0.8965201863219127,0.08720413007202055,20.626,26,91,230,808,8913,10313,455,0.091,0.23,0.808,0.43212450305439737
2971,3.660849420442495e-06,0.8964820794939622,0.08727005525847988,20.626,26,96,213,1085,8913,10313,447,0.096,0.213,1.085,0.43212450305439737
2972,3.7526734693967683e-06,0.8964312181382375,0.08728001161552232,20.626,26,83,231,973,8913,10313,448,0.083,0.231,0.973,0.43212450305439737
2973,3.865104763917893e-06,0.8963678343987707,0.08742557548566542,20.626,26,97,216,751,8913,10313,442,0.097,0.216,0.751,0.43212450305439737
2974,4.201386660194176e-06,0.8965162798058328,0.08716922340955907,20.626,26,87,217,996,8913,10313,438,0.087,0.217,0.996,0.43212450305439737
2975,3.3459497850913335e-06,0.8965102855592102,0.08721398373380632,20.626,26,90,219,792,8913,10313,443,0.09,0.219,0.792,0.43212450305439737
2976,3.65857200876762e-06,0.8964956002025201,0.0872554518554801,20.626,26,100,229,1013,8913,10313,462,0.1,0.229,1.013,0.43212450305439737
2977,3.8541511444707065e-06,0.8964562139820903,0.08725779958281125,20.626,26,86,228,1061,8913,10313,448,0.086,0.228,1.061,0.43212450305439737
2978,3.950860043858993e-06,0.8963723236730194,0.08740785838740303,20.626,26,96,213,864,8913,10313,438,0.096,0.213,0.864,0.43212450305439737
2979,4.151854758563598e-06,0.8965124473068525,0.08716568426150388,20.626,26,91,219,908,8913,10313,444,0.091,0.219,0.908,0.43212450305439737
2980,3.20207292659229e-06,0.896510527736,0.08720767991599206,20.626,26,89,220,783,8913,10313,443,0.089,0.22,0.783,0.43212450305439737
2981,3.6021426407161912e-06,0.8964787098145541,0.08727274078530219,20.626,26,94,212,1035,8913,10313,443,0.094,0.212,1.035,0.43212450305439737
2982,3.7398092998753845e-06,0.8964482048114181,0.08728304126219513,20.626,26,83,233,1299,8913,10313,450,0.083,0.233,1.299,0.43212450305439737
2983,3.896088086229379e-06,0.8963752200598669,0.08742436324062225,20.626,26,97,218,763,8913,10313,444,0.097,0.218,0.763,0.43212450305439737
2984,4.191014014539367e-06,0.8965146670221688,0.08716610975253443,20.626,26,90,215,936,8913,10313,439,0.09,0.215,0.936,0.43212450305439737
2985,3.2728291758382732e-06,0.8965088529122979,0.08720035150108063,20.626,26,89,220,797,8913,10313,443,0.089,0.22,0.797,0.43212450305439737
2986,3.5409422854135933e-06,0.8964798040741768,0.08726690782953321,20.626,26,101,216,1029,8913,10313,455,0.101,0.216,1.029,0.43212450305439737
2987,3.722178272655841e-06,0.8964371130530606,0.08727925487815372,20.626,26,83,224,1005,8913,10313,442,0.083,0.224,1.005,0.43212450305439737
2988,3.868151883368596e-06,0.8963795703364934,0.08742727860455014,20.626,26,93,216,855,8913,10313,438,0.093,0.216,0.855,0.43212450305439737
2989,4.133896874262623e-06,0.8965272794993894,0.08717173885866919,20.626,26,89,224,984,8913,10313,447,0.089,0.224,0.984,0.43212450305439737
2990,3.5028357907248092e-06,0.8965033387785143,0.0872218093450518,20.626,26,90,222,794,8913,10313,446,0.09,0.222,0.794,0.43212450305439737
2991,3.963933924450497e-06,0.8964902320335835,0.08725921462368745,20.626,26,95,224,1066,8913,10313,452,0.095,0.224,1.066,0.43212450305439737
2992,3.87273666595213e-06,0.8964414723900181,0.08725424472903563,20.626,26,83,237,1105,8913,10313,454,0.083,0.237,1.105,0.43212450305439737
2993,3.831977476201407e-06,0.8963778102991224,0.08739185258631482,20.626,26,96,215,755,8913,10313,440,0.096,0.215,0.755,0.43212450305439737
2994,4.127151351135937e-06,0.8965139471731429,0.08717573685077874,20.626,26,89,219,961,8913,10313,442,0.089,0.219,0.961,0.43212450305439737
2995,3.202670316335206e-06,0.8965029951185604,0.08722744053617228,20.626,26,93,223,705,8913,10313,450,0.093,0.223,0.705,0.43212450305439737
2996,3.501709655980939e-06,0.8964633694416059,0.08728608625054962,20.626,26,106,222,890,8913,10313,465,0.106,0.222,0.89,0.43212450305439737
2997,3.709503146190384e-06,0.8964226266133839,0.08728253078370807,20.626,26,87,231,1022,8913,10313,452,0.087,0.231,1.022,0.43212450305439737
2998,3.831929827676852e-06,0.8963665134486509,0.08742197961196613,20.626,26,97,222,690,8913,10313,448,0.097,0.222,0.69,0.43212450305439737
2999,4.075318811635365e-06,0.8965214444486772,0.0871650561211328,20.626,26,90,223,933,8913,10313,447,0.09,0.223,0.933,0.43212450305439737
3000,3.4604821159018747e-06,0.8965032335669616,0.08722758193319609,20.626,26,90,222,811,8913,10313,446,0.09,0.222,0.811,0.43212450305439737
3001,3.9309775561866035e-06,0.8964966193183251,0.08724793366830588,20.626,26,94,221,1070,8913,10313,448,0.094,0.221,1.07,0.43212450305439737
3002,3.8476689631554955e-06,0.8964615332457241,0.0872405589014505,20.626,26,80,233,1771,8913,10313,448,0.08,0.233,1.771,0.43212450305439737
3003,3.892363525287732e-06,0.8963873862345612,0.08739414470374825,20.626,26,96,215,965,8913,10313,440,0.096,0.215,0.965,0.43212450305439737
3004,4.29447438640758e-06,0.8965259517627967,0.0871623414203669,20.626,26,86,221,914,8913,10313,441,0.086,0.221,0.914,0.43212450305439737
3005,3.4528404909268128e-06,0.8964966923244869,0.08723429182661491,20.626,26,91,220,867,8913,10313,445,0.091,0.22,0.867,0.43212450305439737
3006,3.860594573371095e-06,0.8964814108420783,0.0872531265134314,20.626,26,102,216,1139,8913,10313,455,0.102,0.216,1.139,0.43212450305439737
3007,3.7971239408586954e-06,0.8964487169325799,0.08724205781754263,20.626,26,84,232,1842,8913,10313,450,0.084,0.232,1.842,0.43212450305439737
3008,3.829328565275247e-06,0.8963865821539694,0.08739424265205868,20.626,26,97,216,924,8913,10313,442,0.097,0.216,0.924,0.43212450305439737
3009,4.12267695682878e-06,0.8965293867648175,0.08716005108331056,20.626,26,90,225,984,8913,10313,449,0.09,0.225,0.984,0.43212450305439737
3010,3.3009250256449513e-06,0.8965085761037687,0.08722230460666631,20.626,26,90,224,819,8913,10313,448,0.09,0.224,0.819,0.43212450305439737
3011,3.7801012526110592e-06,0.8964784723412688,0.08726610301109088,20.626,26,94,221,1290,8913,10313,448,0.094,0.221,1.29,0.43212450305439737
3012,3.7828958712266887e-06,0.8964402777196595,0.08726459762678404,20.626,26,83,233,1197,8913,10313,450,0.083,0.233,1.197,0.43212450305439737
3013,3.884498668721025e-06,0.8963793281614758,0.08741076647075667,20.626,26,96,219,767,8913,10313,444,0.096,0.219,0.767,0.43212450305439737
3014,4.219804206328558e-06,0.8965225529251395,0.08716270476883609,20.626,26,87,221,965,8913,10313,442,0.087,0.221,0.965,0.43212450305439737
3015,3.4732961816174314e-06,0.8964965106740408,0.08723033659738158,20.626,26,90,219,811,8913,10313,443,0.09,0.219,0.811,0.43212450305439737
3016,3.907558500006455e-06,0.8964931070068238,0.0872507633964054,20.626,26,102,213,1014,8913,10313,453,0.102,0.213,1.014,0.43212450305439737
3017,3.864940649796917e-06,0.8964535907194738,0.08724028127641958,20.626,26,84,234,1551,8913,10313,452,0.084,0.234,1.551,0.43212450305439737
3018,3.892886206918971e-06,0.8963790647588766,0.08739301389001665,20.626,26,97,212,1127,8913,10313,438,0.097,0.212,1.127,0.43212450305439737
3019,4.156376275975755e-06,0.8965221117231162,0.08716088043111617,20.626,26,88,224,904,8913,10313,446,0.088,0.224,0.904,0.43212450305439737
3020,3.3912442324050865e-06,0.8965047405058734,0.08723552821949948,20.626,26,90,221,798,8913,10313,445,0.09,0.221,0.798,0.43212450305439737
3021,3.99953463641554e-06,0.8964898044533045,0.08725455686678624,20.626,26,93,207,1150,8913,10313,437,0.093,0.207,1.15,0.43212450305439737
3022,3.810478682518107e-06,0.8964588028198555,0.08724377395611671,20.626,26,81,235,1734,8913,10313,450,0.081,0.235,1.734,0.43212450305439737
3023,3.851969669015142e-06,0.8963876874847528,0.08739425270619926,20.626,26,98,217,806,8913,10313,444,0.098,0.217,0.806,0.43212450305439737
3024,4.188060285624771e-06,0.8965207609590153,0.08715852126908175,20.626,26,88,222,994,8913,10313,444,0.088,0.222,0.994,0.43212450305439737
3025,3.265473910498941e-06,0.8965034011686449,0.0872215924610272,20.626,26,93,226,810,8913,10313,453,0.093,0.226,0.81,0.43212450305439737
3026,3.580978354790137e-06,0.8964737639481637,0.08726570422986415,20.626,26,103,230,1159,8913,10313,466,0.103,0.23,1.159,0.43212450305439737
3027,3.7464457997347846e-06,0.8964461885501638,0.08726609938262599,20.626,26,86,228,1287,8913,10313,448,0.086,0.228,1.287,0.43212450305439737
3028,3.8966825057700595e-06,0.8963877315255402,0.08741223694598915,20.626,26,95,214,882,8913,10313,438,0.095,0.214,0.882,0.43212450305439737
3029,4.1533151774149115e-06,0.8965287211512952,0.08716353698058321,20.626,26,88,222,954,8913,10313,444,0.088,0.222,0.954,0.43212450305439737
3030,3.4203215665822473e-06,0.8965024779665093,0.08723124954410326,20.626,26,89,220,795,8913,10313,443,0.089,0.22,0.795,0.43212450305439737
3031,3.994329281560296e-06,0.8964918154830077,0.08725048618291971,20.626,26,93,206,1023,8913,10313,437,0.093,0.206,1.023,0.43212450305439737
3032,3.832982845136675e-06,0.8964576957736714,0.08724120193223125,20.626,26,81,235,1473,8913,10313,450,0.081,0.235,1.473,0.43212450305439737
3033,3.882407552397278e-06,0.8963865200569863,0.0873942899378418,20.626,26,97,218,1032,8913,10313,444,0.097,0.218,1.032,0.43212450305439737
3034,4.215133541150016e-06,0.8965206448258874,0.08716042600905155,20.626,26,88,222,968,8913,10313,444,0.088,0.222,0.968,0.43212450305439737
3035,3.2905045238556126e-06,0.8965049394831733,0.08722376811111901,20.626,26,92,222,823,8913,10313,448,0.092,0.222,0.823,0.43212450305439737
3036,3.5822298697527455e-06,0.8964775488760586,0.08726712102724757,20.626,26,102,231,1151,8913,10313,466,0.102,0.231,1.151,0.43212450305439737
3037,3.768049017102634e-06,0.8964469332698332,0.08726555952751372,20.626,26,87,229,1302,8913,10313,450,0.087,0.229,1.302,0.43212450305439737
3038,3.924400950179903e-06,0.8963794470050257,0.08740950750443567,20.626,26,96,215,886,8913,10313,440,0.096,0.215,0.886,0.43212450305439737
3039,4.133478473629071e-06,0.8965218460781871,0.08716147540958691,20.626,26,89,223,944,8913,10313,446,0.089,0.223,0.944,0.43212450305439737
3040,3.404212652273498e-06,0.8964983804955464,0.08723061631428317,20.626,26,89,220,799,8913,10313,443,0.089,0.22,0.799,0.43212450305439737
3041,3.999181610018776e-06,0.8964926124349126,0.08725100169240449,20.626,26,93,206,1034,8913,10313,437,0.093,0.206,1.034,0.43212450305439737
3042,3.849949198752927e-06,0.8964620228417866,0.08724221543795242,20.626,26,82,236,1481,8913,10313,452,0.082,0.236,1.481,0.43212450305439737
3043,3.884449600130689e-06,0.8963835439532549,0.08739380336188071,20.626,26,99,216,1061,8913,10313,444,0.099,0.216,1.061,0.43212450305439737
3044,4.213890376593573e-06,0.8965219718842005,0.08716054691813446,20.626,26,89,223,916,8913,10313,446,0.089,0.223,0.916,0.43212450305439737
3045,3.3332133460711534e-06,0.8965036871469563,0.08722239845900763,20.626,26,92,222,827,8913,10313,448,0.092,0.222,0.827,0.43212450305439737
3046,3.6618425714893718e-06,0.8964773692583736,0.087266305851298,20.626,26,102,227,1070,8913,10313,462,0.102,0.227,1.07,0.43212450305439737
3047,3.785080640605196e-06,0.8964426205594618,0.08726473788571107,20.626,26,86,230,1091,8913,10313,450,0.086,0.23,1.091,0.43212450305439737
3048,3.825101949520742e-06,0.8963772264661471,0.087409637533707,20.626,26,97,220,872,8913,10313,446,0.097,0.22,0.872,0.43212450305439737
3049,4.052378543392053e-06,0.8965194073210385,0.08716163763548343,20.626,26,91,226,985,8913,10313,451,0.091,0.226,0.985,0.43212450305439737
3050,3.154709176276587e-06,0.8965201863219127,0.08720413007202055,20.626,26,91,230,808,8913,10313,455,0.091,0.23,0.808,0.43212450305439737
3051,3.660849420442494e-06,0.8964820794939622,0.08727005525847988,20.626,26,96,213,1085,8913,10313,447,0.096,0.213,1.085,0.43212450305439737
3052,3.752673469396768e-06,0.8964312181382375,0.08728001161552232,20.626,26,83,231,973,8913,10313,448,0.083,0.231,0.973,0.43212450305439737
3053,3.8651047639178916e-06,0.8963678343987707,0.08742557548566542,20.626,26,97,216,751,8913,10313,442,0.097,0.216,0.751,0.43212450305439737
3054,4.201386660194178e-06,0.8965162798058328,0.08716922340955907,20.626,26,87,217,996,8913,10313,438,0.087,0.217,0.996,0.43212450305439737
3055,3.345949785091337e-06,0.8965102855592102,0.08721398373380632,20.626,26,90,219,792,8913,10313,443,0.09,0.219,0.792,0.43212450305439737
3056,3.6585720087676216e-06,0.8964956002025201,0.0872554518554801,20.626,26,100,229,1013,8913,10313,462,0.1,0.229,1.013,0.43212450305439737
3057,3.8541511444707065e-06,0.8964562139820903,0.08725779958281125,20.626,26,86,228,1061,8913,10313,448,0.086,0.228,1.061,0.43212450305439737
3058,3.950860043858991e-06,0.8963723236730194,0.08740785838740303,20.626,26,96,213,864,8913,10313,438,0.096,0.213,0.864,0.43212450305439737
3059,4.1518547585635975e-06,0.8965124473068525,0.08716568426150388,20.626,26,91,219,908,8913,10313,444,0.091,0.219,0.908,0.43212450305439737
3060,3.2020729265922904e-06,0.896510527736,0.08720767991599206,20.626,26,89,220,783,8913,10313,443,0.089,0.22,0.783,0.43212450305439737
3061,3.6021426407161912e-06,0.8964787098145541,0.08727274078530219,20.626,26,94,212,1035,8913,10313,443,0.094,0.212,1.035,0.43212450305439737
3062,3.739809299875386e-06,0.8964482048114181,0.08728304126219513,20.626,26,83,233,1299,8913,10313,450,0.083,0.233,1.299,0.43212450305439737
3063,3.896088086229381e-06,0.8963752200598669,0.08742436324062225,20.626,26,97,218,763,8913,10313,444,0.097,0.218,0.763,0.43212450305439737
3064,4.191014014539368e-06,0.8965146670221688,0.08716610975253443,20.626,26,90,215,936,8913,10313,439,0.09,0.215,0.936,0.43212450305439737
3065,3.272829175838273e-06,0.8965088529122979,0.08720035150108063,20.626,26,89,220,797,8913,10313,443,0.089,0.22,0.797,0.43212450305439737
3066,3.5409422854135916e-06,0.8964798040741768,0.08726690782953321,20.626,26,101,216,1029,8913,10313,455,0.101,0.216,1.029,0.43212450305439737
3067,3.7221782726558408e-06,0.8964371130530606,0.08727925487815372,20.626,26,83,224,1005,8913,10313,442,0.083,0.224,1.005,0.43212450305439737
3068,3.868151883368596e-06,0.8963795703364934,0.08742727860455014,20.626,26,93,216,855,8913,10313,438,0.093,0.216,0.855,0.43212450305439737
3069,4.133896874262624e-06,0.8965272794993894,0.08717173885866919,20.626,26,89,224,984,8913,10313,447,0.089,0.224,0.984,0.43212450305439737
3070,3.502835790724808e-06,0.8965033387785143,0.0872218093450518,20.626,26,90,222,794,8913,10313,446,0.09,0.222,0.794,0.43212450305439737
3071,3.963933924450499e-06,0.8964902320335835,0.08725921462368745,20.626,26,95,224,1066,8913,10313,452,0.095,0.224,1.066,0.43212450305439737
3072,3.87273666595213e-06,0.8964414723900181,0.08725424472903563,20.626,26,83,237,1105,8913,10313,454,0.083,0.237,1.105,0.43212450305439737
3073,3.831977476201406e-06,0.8963778102991224,0.08739185258631482,20.626,26,96,215,755,8913,10313,440,0.096,0.215,0.755,0.43212450305439737
3074,4.127151351135937e-06,0.8965139471731429,0.08717573685077874,20.626,26,89,219,961,8913,10313,442,0.089,0.219,0.961,0.43212450305439737
3075,3.202670316335206e-06,0.8965029951185604,0.08722744053617228,20.626,26,93,223,705,8913,10313,450,0.093,0.223,0.705,0.43212450305439737
3076,3.501709655980939e-06,0.8964633694416059,0.08728608625054962,20.626,26,106,222,890,8913,10313,465,0.106,0.222,0.89,0.43212450305439737
3077,3.7095031461903838e-06,0.8964226266133839,0.08728253078370807,20.626,26,87,231,1022,8913,10313,452,0.087,0.231,1.022,0.43212450305439737
3078,3.83192982767685e-06,0.8963665134486509,0.08742197961196613,20.626,26,97,222,690,8913,10313,448,0.097,0.222,0.69,0.43212450305439737
3079,4.0753188116353665e-06,0.8965214444486772,0.0871650561211328,20.626,26,90,223,933,8913,10313,447,0.09,0.223,0.933,0.43212450305439737
3080,3.4604821159018755e-06,0.8965032335669616,0.08722758193319609,20.626,26,90,222,811,8913,10313,446,0.09,0.222,0.811,0.43212450305439737
3081,3.9309775561866035e-06,0.8964966193183251,0.08724793366830588,20.626,26,94,221,1070,8913,10313,448,0.094,0.221,1.07,0.43212450305439737
3082,3.847668963155495e-06,0.8964615332457241,0.0872405589014505,20.626,26,80,233,1771,8913,10313,448,0.08,0.233,1.771,0.43212450305439737
3083,3.892363525287729e-06,0.8963873862345612,0.08739414470374825,20.626,26,96,215,965,8913,10313,440,0.096,0.215,0.965,0.43212450305439737
3084,4.29447438640758e-06,0.8965259517627967,0.0871623414203669,20.626,26,86,221,914,8913,10313,441,0.086,0.221,0.914,0.43212450305439737
3085,3.452840490926814e-06,0.8964966923244869,0.08723429182661491,20.626,26,91,220,867,8913,10313,445,0.091,0.22,0.867,0.43212450305439737
3086,3.860594573371096e-06,0.8964814108420783,0.0872531265134314,20.626,26,102,216,1139,8913,10313,455,0.102,0.216,1.139,0.43212450305439737
3087,3.797123940858695e-06,0.8964487169325799,0.08724205781754263,20.626,26,84,232,1842,8913,10313,450,0.084,0.232,1.842,0.43212450305439737
3088,3.829328565275247e-06,0.8963865821539694,0.08739424265205868,20.626,26,97,216,924,8913,10313,442,0.097,0.216,0.924,0.43212450305439737
3089,4.1226769568287804e-06,0.8965293867648175,0.08716005108331056,20.626,26,90,225,984,8913,10313,449,0.09,0.225,0.984,0.43212450305439737
3090,3.300925025644951e-06,0.8965085761037687,0.08722230460666631,20.626,26,90,224,819,8913,10313,448,0.09,0.224,0.819,0.43212450305439737
3091,3.78010125261106e-06,0.8964784723412688,0.08726610301109088,20.626,26,94,221,1290,8913,10313,448,0.094,0.221,1.29,0.43212450305439737
3092,3.7828958712266882e-06,0.8964402777196595,0.08726459762678404,20.626,26,83,233,1197,8913,10313,450,0.083,0.233,1.197,0.43212450305439737
3093,3.884498668721024e-06,0.8963793281614758,0.08741076647075667,20.626,26,96,219,767,8913,10313,444,0.096,0.219,0.767,0.43212450305439737
3094,4.2198042063285565e-06,0.8965225529251395,0.08716270476883609,20.626,26,87,221,965,8913,10313,442,0.087,0.221,0.965,0.43212450305439737
3095,3.473296181617432e-06,0.8964965106740408,0.08723033659738158,20.626,26,90,219,811,8913,10313,443,0.09,0.219,0.811,0.43212450305439737
3096,3.907558500006454e-06,0.8964931070068237,0.0872507633964054,20.626,26,102,213,1014,8913,10313,453,0.102,0.213,1.014,0.43212450305439737
3097,3.864940649796919e-06,0.8964535907194738,0.08724028127641958,20.626,26,84,234,1551,8913,10313,452,0.084,0.234,1.551,0.43212450305439737
3098,3.892886206918972e-06,0.8963790647588765,0.08739301389001665,20.626,26,97,212,1127,8913,10313,438,0.097,0.212,1.127,0.43212450305439737
3099,4.156376275975754e-06,0.8965221117231162,0.08716088043111617,20.626,26,88,224,904,8913,10313,446,0.088,0.224,0.904,0.43212450305439737
3100,3.3912442324050844e-06,0.8965047405058734,0.08723552821949948,20.626,26,90,221,798,8913,10313,445,0.09,0.221,0.798,0.43212450305439737
3101,3.999534636415539e-06,0.8964898044533045,0.08725455686678624,20.626,26,93,207,1150,8913,10313,437,0.093,0.207,1.15,0.43212450305439737
3102,3.810478682518108e-06,0.8964588028198555,0.08724377395611671,20.626,26,81,235,1734,8913,10313,450,0.081,0.235,1.734,0.43212450305439737
3103,3.851969669015142e-06,0.8963876874847528,0.08739425270619926,20.626,26,98,217,806,8913,10313,444,0.098,0.217,0.806,0.43212450305439737
3104,4.18806028562477e-06,0.8965207609590153,0.08715852126908175,20.626,26,88,222,994,8913,10313,444,0.088,0.222,0.994,0.43212450305439737
3105,3.2654739104989404e-06,0.8965034011686449,0.0872215924610272,20.626,26,93,226,810,8913,10313,453,0.093,0.226,0.81,0.43212450305439737
3106,3.580978354790136e-06,0.8964737639481637,0.08726570422986415,20.626,26,103,230,1159,8913,10313,466,0.103,0.23,1.159,0.43212450305439737
3107,3.746445799734784e-06,0.8964461885501638,0.08726609938262599,20.626,26,86,228,1287,8913,10313,448,0.086,0.228,1.287,0.43212450305439737
3108,3.8966825057700595e-06,0.8963877315255401,0.08741223694598915,20.626,26,95,214,882,8913,10313,438,0.095,0.214,0.882,0.43212450305439737
3109,4.153315177414914e-06,0.8965287211512952,0.08716353698058321,20.626,26,88,222,954,8913,10313,444,0.088,0.222,0.954,0.43212450305439737
3110,3.4203215665822477e-06,0.8965024779665093,0.08723124954410326,20.626,26,89,220,795,8913,10313,443,0.089,0.22,0.795,0.43212450305439737
3111,3.994329281560297e-06,0.8964918154830077,0.08725048618291971,20.626,26,93,206,1023,8913,10313,437,0.093,0.206,1.023,0.43212450305439737
3112,3.832982845136675e-06,0.8964576957736714,0.08724120193223125,20.626,26,81,235,1473,8913,10313,450,0.081,0.235,1.473,0.43212450305439737
3113,3.882407552397278e-06,0.8963865200569863,0.0873942899378418,20.626,26,97,218,1032,8913,10313,444,0.097,0.218,1.032,0.43212450305439737
3114,4.215133541150016e-06,0.8965206448258874,0.08716042600905155,20.626,26,88,222,968,8913,10313,444,0.088,0.222,0.968,0.43212450305439737
3115,3.290504523855613e-06,0.8965049394831733,0.08722376811111901,20.626,26,92,222,823,8913,10313,448,0.092,0.222,0.823,0.43212450305439737
3116,3.5822298697527463e-06,0.8964775488760586,0.08726712102724757,20.626,26,102,231,1151,8913,10313,466,0.102,0.231,1.151,0.43212450305439737
3117,3.7680490171026333e-06,0.8964469332698332,0.08726555952751372,20.626,26,87,229,1302,8913,10313,450,0.087,0.229,1.302,0.43212450305439737
3118,3.924400950179903e-06,0.8963794470050257,0.08740950750443567,20.626,26,96,215,886,8913,10313,440,0.096,0.215,0.886,0.43212450305439737
3119,4.133478473629071e-06,0.8965218460781871,0.08716147540958691,20.626,26,89,223,944,8913,10313,446,0.089,0.223,0.944,0.43212450305439737
3120,3.4042126522734973e-06,0.8964983804955464,0.08723061631428317,20.626,26,89,220,799,8913,10313,443,0.089,0.22,0.799,0.43212450305439737
3121,3.999181610018775e-06,0.8964926124349126,0.08725100169240449,20.626,26,93,206,1034,8913,10313,437,0.093,0.206,1.034,0.43212450305439737
3122,3.849949198752927e-06,0.8964620228417866,0.08724221543795242,20.626,26,82,236,1481,8913,10313,452,0.082,0.236,1.481,0.43212450305439737
3123,3.884449600130688e-06,0.8963835439532549,0.08739380336188071,20.626,26,99,216,1061,8913,10313,444,0.099,0.216,1.061,0.43212450305439737
3124,4.213890376593573e-06,0.8965219718842005,0.08716054691813446,20.626,26,89,223,916,8913,10313,446,0.089,0.223,0.916,0.43212450305439737
3125,3.3332133460711534e-06,0.8965036871469563,0.08722239845900763,20.626,26,92,222,827,8913,10313,448,0.092,0.222,0.827,0.43212450305439737
3126,3.6618425714893726e-06,0.8964773692583736,0.087266305851298,20.626,26,102,227,1070,8913,10313,462,0.102,0.227,1.07,0.43212450305439737
3127,3.785080640605196e-06,0.8964426205594618,0.08726473788571107,20.626,26,86,230,1091,8913,10313,450,0.086,0.23,1.091,0.43212450305439737
3128,3.825101949520742e-06,0.8963772264661471,0.087409637533707,20.626,26,97,220,872,8913,10313,446,0.097,0.22,0.872,0.43212450305439737
3129,4.052378543392052e-06,0.8965194073210385,0.08716163763548344,20.626,26,91,226,985,8913,10313,451,0.091,0.226,0.985,0.43212450305439737
3130,3.154709176276587e-06,0.8965201863219127,0.08720413007202055,20.626,26,91,230,808,8913,10313,455,0.091,0.23,0.808,0.43212450305439737
3131,3.660849420442495e-06,0.8964820794939622,0.08727005525847988,20.626,26,96,213,1085,8913,10313,447,0.096,0.213,1.085,0.43212450305439737
3132,3.7526734693967683e-06,0.8964312181382375,0.08728001161552232,20.626,26,83,231,973,8913,10313,448,0.083,0.231,0.973,0.43212450305439737
3133,3.865104763917892e-06,0.8963678343987707,0.08742557548566542,20.626,26,97,216,751,8913,10313,442,0.097,0.216,0.751,0.43212450305439737
3134,4.201386660194178e-06,0.8965162798058328,0.08716922340955907,20.626,26,87,217,996,8913,10313,438,0.087,0.217,0.996,0.43212450305439737
3135,3.3459497850913335e-06,0.8965102855592102,0.08721398373380632,20.626,26,90,219,792,8913,10313,443,0.09,0.219,0.792,0.43212450305439737
3136,3.65857200876762e-06,0.8964956002025201,0.0872554518554801,20.626,26,100,229,1013,8913,10313,462,0.1,0.229,1.013,0.43212450305439737
3137,3.8541511444707065e-06,0.8964562139820903,0.08725779958281125,20.626,26,86,228,1061,8913,10313,448,0.086,0.228,1.061,0.43212450305439737
3138,3.9508600438589945e-06,0.8963723236730194,0.08740785838740303,20.626,26,96,213,864,8913,10313,438,0.096,0.213,0.864,0.43212450305439737
3139,4.151854758563599e-06,0.8965124473068525,0.08716568426150388,20.626,26,91,219,908,8913,10313,444,0.091,0.219,0.908,0.43212450305439737
3140,3.20207292659229e-06,0.896510527736,0.08720767991599206,20.626,26,89,220,783,8913,10313,443,0.089,0.22,0.783,0.43212450305439737
3141,3.6021426407161912e-06,0.8964787098145541,0.08727274078530219,20.626,26,94,212,1035,8913,10313,443,0.094,0.212,1.035,0.43212450305439737
3142,3.739809299875384e-06,0.8964482048114181,0.08728304126219513,20.626,26,83,233,1299,8913,10313,450,0.083,0.233,1.299,0.43212450305439737
3143,3.896088086229379e-06,0.8963752200598669,0.08742436324062225,20.626,26,97,218,763,8913,10313,444,0.097,0.218,0.763,0.43212450305439737
3144,4.191014014539368e-06,0.8965146670221689,0.08716610975253443,20.626,26,90,215,936,8913,10313,439,0.09,0.215,0.936,0.43212450305439737
3145,3.2728291758382732e-06,0.8965088529122979,0.08720035150108063,20.626,26,89,220,797,8913,10313,443,0.089,0.22,0.797,0.43212450305439737
3146,3.5409422854135933e-06,0.8964798040741768,0.08726690782953321,20.626,26,101,216,1029,8913,10313,455,0.101,0.216,1.029,0.43212450305439737
3147,3.722178272655841e-06,0.8964371130530606,0.08727925487815372,20.626,26,83,224,1005,8913,10313,442,0.083,0.224,1.005,0.43212450305439737
3148,3.868151883368595e-06,0.8963795703364934,0.08742727860455014,20.626,26,93,216,855,8913,10313,438,0.093,0.216,0.855,0.43212450305439737
3149,4.133896874262623e-06,0.8965272794993894,0.08717173885866919,20.626,26,89,224,984,8913,10313,447,0.089,0.224,0.984,0.43212450305439737
3150,3.5028357907248092e-06,0.8965033387785143,0.0872218093450518,20.626,26,90,222,794,8913,10313,446,0.09,0.222,0.794,0.43212450305439737
3151,3.963933924450499e-06,0.8964902320335835,0.08725921462368745,20.626,26,95,224,1066,8913,10313,452,0.095,0.224,1.066,0.43212450305439737
3152,3.87273666595213e-06,0.8964414723900181,0.08725424472903563,20.626,26,83,237,1105,8913,10313,454,0.083,0.237,1.105,0.43212450305439737
3153,3.8319774762014074e-06,0.8963778102991224,0.08739185258631482,20.626,26,96,215,755,8913,10313,440,0.096,0.215,0.755,0.43212450305439737
3154,4.127151351135938e-06,0.8965139471731429,0.08717573685077874,20.626,26,89,219,961,8913,10313,442,0.089,0.219,0.961,0.43212450305439737
3155,3.202670316335206e-06,0.8965029951185604,0.08722744053617228,20.626,26,93,223,705,8913,10313,450,0.093,0.223,0.705,0.43212450305439737
3156,3.501709655980938e-06,0.8964633694416059,0.08728608625054964,20.626,26,106,222,890,8913,10313,465,0.106,0.222,0.89,0.43212450305439737
3157,3.709503146190384e-06,0.8964226266133839,0.08728253078370807,20.626,26,87,231,1022,8913,10313,452,0.087,0.231,1.022,0.43212450305439737
3158,3.83192982767685e-06,0.8963665134486509,0.08742197961196613,20.626,26,97,222,690,8913,10313,448,0.097,0.222,0.69,0.43212450305439737
3159,4.075318811635366e-06,0.8965214444486772,0.0871650561211328,20.626,26,90,223,933,8913,10313,447,0.09,0.223,0.933,0.43212450305439737
3160,3.460482115901875e-06,0.8965032335669616,0.08722758193319609,20.626,26,90,222,811,8913,10313,446,0.09,0.222,0.811,0.43212450305439737
3161,3.9309775561866035e-06,0.8964966193183251,0.08724793366830588,20.626,26,94,221,1070,8913,10313,448,0.094,0.221,1.07,0.43212450305439737
3162,3.8476689631554955e-06,0.8964615332457241,0.0872405589014505,20.626,26,80,233,1771,8913,10313,448,0.08,0.233,1.771,0.43212450305439737
3163,3.892363525287731e-06,0.8963873862345612,0.08739414470374825,20.626,26,96,215,965,8913,10313,440,0.096,0.215,0.965,0.43212450305439737
3164,4.29447438640758e-06,0.8965259517627967,0.0871623414203669,20.626,26,86,221,914,8913,10313,441,0.086,0.221,0.914,0.43212450305439737
3165,3.4528404909268128e-06,0.8964966923244869,0.08723429182661491,20.626,26,91,220,867,8913,10313,445,0.091,0.22,0.867,0.43212450305439737
3166,3.860594573371095e-06,0.8964814108420783,0.0872531265134314,20.626,26,102,216,1139,8913,10313,455,0.102,0.216,1.139,0.43212450305439737
3167,3.7971239408586954e-06,0.8964487169325799,0.08724205781754263,20.626,26,84,232,1842,8913,10313,450,0.084,0.232,1.842,0.43212450305439737
3168,3.829328565275248e-06,0.8963865821539694,0.08739424265205868,20.626,26,97,216,924,8913,10313,442,0.097,0.216,0.924,0.43212450305439737
3169,4.12267695682878e-06,0.8965293867648175,0.08716005108331056,20.626,26,90,225,984,8913,10313,449,0.09,0.225,0.984,0.43212450305439737
3170,3.3009250256449513e-06,0.8965085761037687,0.08722230460666631,20.626,26,90,224,819,8913,10313,448,0.09,0.224,0.819,0.43212450305439737
3171,3.7801012526110592e-06,0.8964784723412688,0.08726610301109088,20.626,26,94,221,1290,8913,10313,448,0.094,0.221,1.29,0.43212450305439737
3172,3.7828958712266887e-06,0.8964402777196595,0.08726459762678404,20.626,26,83,233,1197,8913,10313,450,0.083,0.233,1.197,0.43212450305439737
3173,3.884498668721024e-06,0.8963793281614758,0.08741076647075667,20.626,26,96,219,767,8913,10313,444,0.096,0.219,0.767,0.43212450305439737
3174,4.219804206328558e-06,0.8965225529251395,0.08716270476883609,20.626,26,87,221,965,8913,10313,442,0.087,0.221,0.965,0.43212450305439737
3175,3.4732961816174322e-06,0.8964965106740408,0.08723033659738158,20.626,26,90,219,811,8913,10313,443,0.09,0.219,0.811,0.43212450305439737
3176,3.907558500006455e-06,0.8964931070068237,0.0872507633964054,20.626,26,102,213,1014,8913,10313,453,0.102,0.213,1.014,0.43212450305439737
3177,3.864940649796918e-06,0.8964535907194738,0.08724028127641958,20.626,26,84,234,1551,8913,10313,452,0.084,0.234,1.551,0.43212450305439737
3178,3.8928862069189695e-06,0.8963790647588766,0.08739301389001665,20.626,26,97,212,1127,8913,10313,438,0.097,0.212,1.127,0.43212450305439737
3179,4.156376275975754e-06,0.8965221117231162,0.08716088043111617,20.626,26,88,224,904,8913,10313,446,0.088,0.224,0.904,0.43212450305439737
3180,3.3912442324050852e-06,0.8965047405058734,0.08723552821949948,20.626,26,90,221,798,8913,10313,445,0.09,0.221,0.798,0.43212450305439737
3181,3.99953463641554e-06,0.8964898044533045,0.08725455686678624,20.626,26,93,207,1150,8913,10313,437,0.093,0.207,1.15,0.43212450305439737
3182,3.8104786825181078e-06,0.8964588028198555,0.08724377395611671,20.626,26,81,235,1734,8913,10313,450,0.081,0.235,1.734,0.43212450305439737
3183,3.851969669015143e-06,0.8963876874847528,0.08739425270619926,20.626,26,98,217,806,8913,10313,444,0.098,0.217,0.806,0.43212450305439737
3184,4.188060285624771e-06,0.8965207609590153,0.08715852126908175,20.626,26,88,222,994,8913,10313,444,0.088,0.222,0.994,0.43212450305439737
3185,3.265473910498941e-06,0.8965034011686449,0.0872215924610272,20.626,26,93,226,810,8913,10313,453,0.093,0.226,0.81,0.43212450305439737
3186,3.580978354790136e-06,0.8964737639481637,0.08726570422986415,20.626,26,103,230,1159,8913,10313,466,0.103,0.23,1.159,0.43212450305439737
3187,3.7464457997347846e-06,0.8964461885501638,0.08726609938262599,20.626,26,86,228,1287,8913,10313,448,0.086,0.228,1.287,0.43212450305439737
3188,3.8966825057700595e-06,0.8963877315255402,0.08741223694598915,20.626,26,95,214,882,8913,10313,438,0.095,0.214,0.882,0.43212450305439737
3189,4.153315177414913e-06,0.8965287211512952,0.08716353698058321,20.626,26,88,222,954,8913,10313,444,0.088,0.222,0.954,0.43212450305439737
3190,3.4203215665822473e-06,0.8965024779665093,0.08723124954410326,20.626,26,89,220,795,8913,10313,443,0.089,0.22,0.795,0.43212450305439737
3191,3.994329281560296e-06,0.8964918154830077,0.08725048618291971,20.626,26,93,206,1023,8913,10313,437,0.093,0.206,1.023,0.43212450305439737
3192,3.832982845136675e-06,0.8964576957736714,0.08724120193223125,20.626,26,81,235,1473,8913,10313,450,0.081,0.235,1.473,0.43212450305439737
3193,3.882407552397278e-06,0.8963865200569863,0.0873942899378418,20.626,26,97,218,1032,8913,10313,444,0.097,0.218,1.032,0.43212450305439737
3194,4.215133541150016e-06,0.8965206448258874,0.08716042600905155,20.626,26,88,222,968,8913,10313,444,0.088,0.222,0.968,0.43212450305439737
3195,3.290504523855613e-06,0.8965049394831733,0.08722376811111901,20.626,26,92,222,823,8913,10313,448,0.092,0.222,0.823,0.43212450305439737
3196,3.5822298697527463e-06,0.8964775488760586,0.08726712102724757,20.626,26,102,231,1151,8913,10313,466,0.102,0.231,1.151,0.43212450305439737
3197,3.768049017102634e-06,0.8964469332698332,0.08726555952751372,20.626,26,87,229,1302,8913,10313,450,0.087,0.229,1.302,0.43212450305439737
3198,3.924400950179905e-06,0.8963794470050257,0.08740950750443567,20.626,26,96,215,886,8913,10313,440,0.096,0.215,0.886,0.43212450305439737
3199,4.133478473629071e-06,0.8965218460781871,0.08716147540958691,20.626,26,89,223,944,8913,10313,446,0.089,0.223,0.944,0.43212450305439737
3200,3.4042126522734977e-06,0.8964983804955464,0.08723061631428317,20.626,26,89,220,799,8913,10313,443,0.089,0.22,0.799,0.43212450305439737
3201,3.999181610018775e-06,0.8964926124349126,0.08725100169240449,20.626,26,93,206,1034,8913,10313,437,0.093,0.206,1.034,0.43212450305439737
3202,3.849949198752927e-06,0.8964620228417866,0.08724221543795242,20.626,26,82,236,1481,8913,10313,452,0.082,0.236,1.481,0.43212450305439737
3203,3.884449600130689e-06,0.8963835439532549,0.08739380336188071,20.626,26,99,216,1061,8913,10313,444,0.099,0.216,1.061,0.43212450305439737
3204,4.213890376593573e-06,0.8965219718842005,0.08716054691813446,20.626,26,89,223,916,8913,10313,446,0.089,0.223,0.916,0.43212450305439737
3205,3.3332133460711538e-06,0.8965036871469563,0.08722239845900763,20.626,26,92,222,827,8913,10313,448,0.092,0.222,0.827,0.43212450305439737
3206,3.6618425714893718e-06,0.8964773692583736,0.087266305851298,20.626,26,102,227,1070,8913,10313,462,0.102,0.227,1.07,0.43212450305439737
3207,3.785080640605196e-06,0.8964426205594618,0.08726473788571107,20.626,26,86,230,1091,8913,10313,450,0.086,0.23,1.091,0.43212450305439737
3208,3.825101949520741e-06,0.8963772264661471,0.087409637533707,20.626,26,97,220,872,8913,10313,446,0.097,0.22,0.872,0.43212450305439737
3209,4.052378543392053e-06,0.8965194073210385,0.08716163763548343,20.626,26,91,226,985,8913,10313,451,0.091,0.226,0.985,0.43212450305439737
3210,3.154709176276587e-06,0.8965201863219127,0.08720413007202055,20.626,26,91,230,808,8913,10313,455,0.091,0.23,0.808,0.43212450305439737
3211,3.660849420442494e-06,0.8964820794939622,0.08727005525847988,20.626,26,96,213,1085,8913,10313,447,0.096,0.213,1.085,0.43212450305439737
3212,3.752673469396768e-06,0.8964312181382375,0.08728001161552232,20.626,26,83,231,973,8913,10313,448,0.083,0.231,0.973,0.43212450305439737
3213,3.865104763917892e-06,0.8963678343987707,0.08742557548566542,20.626,26,97,216,751,8913,10313,442,0.097,0.216,0.751,0.43212450305439737
3214,4.201386660194178e-06,0.8965162798058328,0.08716922340955907,20.626,26,87,217,996,8913,10313,438,0.087,0.217,0.996,0.43212450305439737
3215,3.3459497850913365e-06,0.8965102855592102,0.08721398373380632,20.626,26,90,219,792,8913,10313,443,0.09,0.219,0.792,0.43212450305439737
3216,3.658572008767621e-06,0.8964956002025201,0.0872554518554801,20.626,26,100,229,1013,8913,10313,462,0.1,0.229,1.013,0.43212450305439737
3217,3.8541511444707065e-06,0.8964562139820903,0.08725779958281125,20.626,26,86,228,1061,8913,10313,448,0.086,0.228,1.061,0.43212450305439737
3218,3.950860043858991e-06,0.8963723236730194,0.08740785838740303,20.626,26,96,213,864,8913,10313,438,0.096,0.213,0.864,0.43212450305439737
3219,4.151854758563598e-06,0.8965124473068525,0.08716568426150388,20.626,26,91,219,908,8913,10313,444,0.091,0.219,0.908,0.43212450305439737
3220,3.202072926592289e-06,0.896510527736,0.08720767991599206,20.626,26,89,220,783,8913,10313,443,0.089,0.22,0.783,0.43212450305439737
3221,3.602142640716191e-06,0.8964787098145541,0.08727274078530219,20.626,26,94,212,1035,8913,10313,443,0.094,0.212,1.035,0.43212450305439737
3222,3.7398092998753854e-06,0.8964482048114181,0.08728304126219513,20.626,26,83,233,1299,8913,10313,450,0.083,0.233,1.299,0.43212450305439737
3223,3.89608808622938e-06,0.8963752200598669,0.08742436324062225,20.626,26,97,218,763,8913,10313,444,0.097,0.218,0.763,0.43212450305439737
3224,4.191014014539368e-06,0.8965146670221688,0.08716610975253443,20.626,26,90,215,936,8913,10313,439,0.09,0.215,0.936,0.43212450305439737
3225,3.2728291758382732e-06,0.8965088529122979,0.08720035150108063,20.626,26,89,220,797,8913,10313,443,0.089,0.22,0.797,0.43212450305439737
3226,3.5409422854135933e-06,0.8964798040741768,0.08726690782953321,20.626,26,101,216,1029,8913,10313,455,0.101,0.216,1.029,0.43212450305439737
3227,3.7221782726558408e-06,0.8964371130530606,0.08727925487815372,20.626,26,83,224,1005,8913,10313,442,0.083,0.224,1.005,0.43212450305439737
3228,3.868151883368596e-06,0.8963795703364934,0.08742727860455014,20.626,26,93,216,855,8913,10313,438,0.093,0.216,0.855,0.43212450305439737
3229,4.133896874262624e-06,0.8965272794993894,0.08717173885866919,20.626,26,89,224,984,8913,10313,447,0.089,0.224,0.984,0.43212450305439737
3230,3.5028357907248084e-06,0.8965033387785143,0.0872218093450518,20.626,26,90,222,794,8913,10313,446,0.09,0.222,0.794,0.43212450305439737
3231,3.963933924450499e-06,0.8964902320335835,0.08725921462368745,20.626,26,95,224,1066,8913,10313,452,0.095,0.224,1.066,0.43212450305439737
3232,3.872736665952129e-06,0.8964414723900181,0.08725424472903563,20.626,26,83,237,1105,8913,10313,454,0.083,0.237,1.105,0.43212450305439737
3233,3.831977476201405e-06,0.8963778102991224,0.08739185258631482,20.626,26,96,215,755,8913,10313,440,0.096,0.215,0.755,0.43212450305439737
3234,4.127151351135937e-06,0.8965139471731429,0.08717573685077874,20.626,26,89,219,961,8913,10313,442,0.089,0.219,0.961,0.43212450305439737
3235,3.202670316335206e-06,0.8965029951185604,0.08722744053617228,20.626,26,93,223,705,8913,10313,450,0.093,0.223,0.705,0.43212450305439737
3236,3.501709655980939e-06,0.8964633694416059,0.08728608625054962,20.626,26,106,222,890,8913,10313,465,0.106,0.222,0.89,0.43212450305439737
3237,3.7095031461903834e-06,0.8964226266133839,0.08728253078370807,20.626,26,87,231,1022,8913,10313,452,0.087,0.231,1.022,0.43212450305439737
3238,3.831929827676849e-06,0.8963665134486509,0.08742197961196613,20.626,26,97,222,690,8913,10313,448,0.097,0.222,0.69,0.43212450305439737
3239,4.075318811635366e-06,0.8965214444486772,0.0871650561211328,20.626,26,90,223,933,8913,10313,447,0.09,0.223,0.933,0.43212450305439737
3240,3.4604821159018755e-06,0.8965032335669616,0.08722758193319609,20.626,26,90,222,811,8913,10313,446,0.09,0.222,0.811,0.43212450305439737
3241,3.9309775561866035e-06,0.8964966193183251,0.08724793366830588,20.626,26,94,221,1070,8913,10313,448,0.094,0.221,1.07,0.43212450305439737
3242,3.8476689631554955e-06,0.8964615332457241,0.0872405589014505,20.626,26,80,233,1771,8913,10313,448,0.08,0.233,1.771,0.43212450305439737
3243,3.892363525287732e-06,0.8963873862345612,0.08739414470374825,20.626,26,96,215,965,8913,10313,440,0.096,0.215,0.965,0.43212450305439737
3244,4.294474386407581e-06,0.8965259517627966,0.0871623414203669,20.626,26,86,221,914,8913,10313,441,0.086,0.221,0.914,0.43212450305439737
3245,3.452840490926814e-06,0.8964966923244869,0.08723429182661491,20.626,26,91,220,867,8913,10313,445,0.091,0.22,0.867,0.43212450305439737
3246,3.860594573371095e-06,0.8964814108420783,0.0872531265134314,20.626,26,102,216,1139,8913,10313,455,0.102,0.216,1.139,0.43212450305439737
3247,3.7971239408586954e-06,0.8964487169325799,0.08724205781754263,20.626,26,84,232,1842,8913,10313,450,0.084,0.232,1.842,0.43212450305439737
3248,3.829328565275248e-06,0.8963865821539694,0.08739424265205868,20.626,26,97,216,924,8913,10313,442,0.097,0.216,0.924,0.43212450305439737
3249,4.12267695682878e-06,0.8965293867648175,0.08716005108331056,20.626,26,90,225,984,8913,10313,449,0.09,0.225,0.984,0.43212450305439737
3250,3.3009250256449513e-06,0.8965085761037687,0.08722230460666631,20.626,26,90,224,819,8913,10313,448,0.09,0.224,0.819,0.43212450305439737
3251,3.7801012526110592e-06,0.8964784723412688,0.08726610301109088,20.626,26,94,221,1290,8913,10313,448,0.094,0.221,1.29,0.43212450305439737
3252,3.7828958712266882e-06,0.8964402777196595,0.08726459762678404,20.626,26,83,233,1197,8913,10313,450,0.083,0.233,1.197,0.43212450305439737
3253,3.884498668721024e-06,0.8963793281614758,0.08741076647075667,20.626,26,96,219,767,8913,10313,444,0.096,0.219,0.767,0.43212450305439737
3254,4.2198042063285565e-06,0.8965225529251395,0.08716270476883609,20.626,26,87,221,965,8913,10313,442,0.087,0.221,0.965,0.43212450305439737
3255,3.473296181617432e-06,0.8964965106740408,0.08723033659738158,20.626,26,90,219,811,8913,10313,443,0.09,0.219,0.811,0.43212450305439737
3256,3.907558500006454e-06,0.8964931070068237,0.0872507633964054,20.626,26,102,213,1014,8913,10313,453,0.102,0.213,1.014,0.43212450305439737
3257,3.864940649796918e-06,0.8964535907194738,0.08724028127641958,20.626,26,84,234,1551,8913,10313,452,0.084,0.234,1.551,0.43212450305439737
3258,3.892886206918973e-06,0.8963790647588765,0.08739301389001665,20.626,26,97,212,1127,8913,10313,438,0.097,0.212,1.127,0.43212450305439737
3259,4.156376275975755e-06,0.8965221117231162,0.08716088043111617,20.626,26,88,224,904,8913,10313,446,0.088,0.224,0.904,0.43212450305439737
3260,3.391244232405085e-06,0.8965047405058734,0.08723552821949948,20.626,26,90,221,798,8913,10313,445,0.09,0.221,0.798,0.43212450305439737
3261,3.999534636415539e-06,0.8964898044533045,0.08725455686678622,20.626,26,93,207,1150,8913,10313,437,0.093,0.207,1.15,0.43212450305439737
3262,3.8104786825181073e-06,0.8964588028198555,0.08724377395611671,20.626,26,81,235,1734,8913,10313,450,0.081,0.235,1.734,0.43212450305439737
3263,3.851969669015142e-06,0.8963876874847528,0.08739425270619926,20.626,26,98,217,806,8913,10313,444,0.098,0.217,0.806,0.43212450305439737
3264,4.18806028562477e-06,0.8965207609590153,0.08715852126908175,20.626,26,88,222,994,8913,10313,444,0.088,0.222,0.994,0.43212450305439737
3265,3.265473910498941e-06,0.8965034011686449,0.0872215924610272,20.626,26,93,226,810,8913,10313,453,0.093,0.226,0.81,0.43212450305439737
3266,3.5809783547901366e-06,0.8964737639481637,0.08726570422986415,20.626,26,103,230,1159,8913,10313,466,0.103,0.23,1.159,0.43212450305439737
3267,3.746445799734784e-06,0.8964461885501638,0.08726609938262599,20.626,26,86,228,1287,8913,10313,448,0.086,0.228,1.287,0.43212450305439737
3268,3.896682505770059e-06,0.8963877315255401,0.08741223694598915,20.626,26,95,214,882,8913,10313,438,0.095,0.214,0.882,0.43212450305439737
3269,4.153315177414913e-06,0.8965287211512952,0.08716353698058321,20.626,26,88,222,954,8913,10313,444,0.088,0.222,0.954,0.43212450305439737
3270,3.4203215665822477e-06,0.8965024779665093,0.08723124954410326,20.626,26,89,220,795,8913,10313,443,0.089,0.22,0.795,0.43212450305439737
3271,3.994329281560297e-06,0.8964918154830077,0.08725048618291971,20.626,26,93,206,1023,8913,10313,437,0.093,0.206,1.023,0.43212450305439737
3272,3.832982845136675e-06,0.8964576957736714,0.08724120193223125,20.626,26,81,235,1473,8913,10313,450,0.081,0.235,1.473,0.43212450305439737
3273,3.882407552397279e-06,0.8963865200569863,0.0873942899378418,20.626,26,97,218,1032,8913,10313,444,0.097,0.218,1.032,0.43212450305439737
3274,4.215133541150017e-06,0.8965206448258874,0.08716042600905155,20.626,26,88,222,968,8913,10313,444,0.088,0.222,0.968,0.43212450305439737
3275,3.290504523855612e-06,0.8965049394831733,0.08722376811111901,20.626,26,92,222,823,8913,10313,448,0.092,0.222,0.823,0.43212450305439737
3276,3.582229869752746e-06,0.8964775488760586,0.08726712102724757,20.626,26,102,231,1151,8913,10313,466,0.102,0.231,1.151,0.43212450305439737
3277,3.7680490171026333e-06,0.8964469332698332,0.08726555952751372,20.626,26,87,229,1302,8913,10313,450,0.087,0.229,1.302,0.43212450305439737
3278,3.924400950179903e-06,0.8963794470050257,0.08740950750443567,20.626,26,96,215,886,8913,10313,440,0.096,0.215,0.886,0.43212450305439737
3279,4.133478473629071e-06,0.8965218460781871,0.08716147540958691,20.626,26,89,223,944,8913,10313,446,0.089,0.223,0.944,0.43212450305439737
3280,3.4042126522734973e-06,0.8964983804955464,0.08723061631428317,20.626,26,89,220,799,8913,10313,443,0.089,0.22,0.799,0.43212450305439737
3281,3.999181610018775e-06,0.8964926124349126,0.08725100169240449,20.626,26,93,206,1034,8913,10313,437,0.093,0.206,1.034,0.43212450305439737
3282,3.849949198752927e-06,0.8964620228417866,0.08724221543795242,20.626,26,82,236,1481,8913,10313,452,0.082,0.236,1.481,0.43212450305439737
3283,3.884449600130689e-06,0.8963835439532549,0.08739380336188071,20.626,26,99,216,1061,8913,10313,444,0.099,0.216,1.061,0.43212450305439737
3284,4.213890376593573e-06,0.8965219718842005,0.08716054691813446,20.626,26,89,223,916,8913,10313,446,0.089,0.223,0.916,0.43212450305439737
3285,3.3332133460711534e-06,0.8965036871469563,0.08722239845900763,20.626,26,92,222,827,8913,10313,448,0.092,0.222,0.827,0.43212450305439737
3286,3.6618425714893726e-06,0.8964773692583736,0.087266305851298,20.626,26,102,227,1070,8913,10313,462,0.102,0.227,1.07,0.43212450305439737
3287,3.7850806406051954e-06,0.8964426205594618,0.08726473788571107,20.626,26,86,230,1091,8913,10313,450,0.086,0.23,1.091,0.43212450305439737
3288,3.825101949520742e-06,0.8963772264661471,0.087409637533707,20.626,26,97,220,872,8913,10313,446,0.097,0.22,0.872,0.43212450305439737
3289,4.052378543392053e-06,0.8965194073210385,0.08716163763548344,20.626,26,91,226,985,8913,10313,451,0.091,0.226,0.985,0.43212450305439737
3290,3.154709176276587e-06,0.8965201863219127,0.08720413007202055,20.626,26,91,230,808,8913,10313,455,0.091,0.23,0.808,0.43212450305439737
3291,3.660849420442495e-06,0.8964820794939622,0.08727005525847988,20.626,26,96,213,1085,8913,10313,447,0.096,0.213,1.085,0.43212450305439737
3292,3.752673469396768e-06,0.8964312181382375,0.08728001161552232,20.626,26,83,231,973,8913,10313,448,0.083,0.231,0.973,0.43212450305439737
3293,3.8651047639178916e-06,0.8963678343987707,0.08742557548566542,20.626,26,97,216,751,8913,10313,442,0.097,0.216,0.751,0.43212450305439737
3294,4.201386660194178e-06,0.8965162798058328,0.08716922340955907,20.626,26,87,217,996,8913,10313,438,0.087,0.217,0.996,0.43212450305439737
3295,3.345949785091335e-06,0.8965102855592102,0.08721398373380632,20.626,26,90,219,792,8913,10313,443,0.09,0.219,0.792,0.43212450305439737
3296,3.6585720087676203e-06,0.8964956002025201,0.0872554518554801,20.626,26,100,229,1013,8913,10313,462,0.1,0.229,1.013,0.43212450305439737
3297,3.8541511444707065e-06,0.8964562139820903,0.08725779958281125,20.626,26,86,228,1061,8913,10313,448,0.086,0.228,1.061,0.43212450305439737
3298,3.950860043858992e-06,0.8963723236730194,0.08740785838740303,20.626,26,96,213,864,8913,10313,438,0.096,0.213,0.864,0.43212450305439737
3299,4.151854758563598e-06,0.8965124473068525,0.08716568426150388,20.626,26,91,219,908,8913,10313,444,0.091,0.219,0.908,0.43212450305439737
3300,3.20207292659229e-06,0.896510527736,0.08720767991599206,20.626,26,89,220,783,8913,10313,443,0.089,0.22,0.783,0.43212450305439737
3301,3.6021426407161912e-06,0.8964787098145541,0.08727274078530219,20.626,26,94,212,1035,8913,10313,443,0.094,0.212,1.035,0.43212450305439737
3302,3.7398092998753845e-06,0.8964482048114181,0.08728304126219513,20.626,26,83,233,1299,8913,10313,450,0.083,0.233,1.299,0.43212450305439737
3303,3.896088086229379e-06,0.8963752200598669,0.08742436324062225,20.626,26,97,218,763,8913,10313,444,0.097,0.218,0.763,0.43212450305439737
3304,4.191014014539368e-06,0.8965146670221688,0.08716610975253443,20.626,26,90,215,936,8913,10313,439,0.09,0.215,0.936,0.43212450305439737
3305,3.2728291758382732e-06,0.8965088529122979,0.08720035150108063,20.626,26,89,220,797,8913,10313,443,0.089,0.22,0.797,0.43212450305439737
3306,3.5409422854135933e-06,0.8964798040741768,0.08726690782953321,20.626,26,101,216,1029,8913,10313,455,0.101,0.216,1.029,0.43212450305439737
3307,3.722178272655842e-06,0.8964371130530606,0.08727925487815372,20.626,26,83,224,1005,8913,10313,442,0.083,0.224,1.005,0.43212450305439737
3308,3.868151883368596e-06,0.8963795703364934,0.08742727860455014,20.626,26,93,216,855,8913,10313,438,0.093,0.216,0.855,0.43212450305439737
3309,4.133896874262623e-06,0.8965272794993894,0.08717173885866919,20.626,26,89,224,984,8913,10313,447,0.089,0.224,0.984,0.43212450305439737
3310,3.5028357907248092e-06,0.8965033387785143,0.0872218093450518,20.626,26,90,222,794,8913,10313,446,0.09,0.222,0.794,0.43212450305439737
3311,3.963933924450499e-06,0.8964902320335835,0.08725921462368745,20.626,26,95,224,1066,8913,10313,452,0.095,0.224,1.066,0.43212450305439737
3312,3.872736665952129e-06,0.8964414723900181,0.08725424472903563,20.626,26,83,237,1105,8913,10313,454,0.083,0.237,1.105,0.43212450305439737
3313,3.8319774762014074e-06,0.8963778102991224,0.08739185258631482,20.626,26,96,215,755,8913,10313,440,0.096,0.215,0.755,0.43212450305439737
3314,4.127151351135937e-06,0.8965139471731429,0.08717573685077874,20.626,26,89,219,961,8913,10313,442,0.089,0.219,0.961,0.43212450305439737
3315,3.202670316335206e-06,0.8965029951185604,0.08722744053617228,20.626,26,93,223,705,8913,10313,450,0.093,0.223,0.705,0.43212450305439737
3316,3.501709655980939e-06,0.8964633694416059,0.08728608625054962,20.626,26,106,222,890,8913,10313,465,0.106,0.222,0.89,0.43212450305439737
3317,3.709503146190384e-06,0.8964226266133839,0.08728253078370807,20.626,26,87,231,1022,8913,10313,452,0.087,0.231,1.022,0.43212450305439737
3318,3.831929827676852e-06,0.8963665134486509,0.08742197961196613,20.626,26,97,222,690,8913,10313,448,0.097,0.222,0.69,0.43212450305439737
3319,4.0753188116353665e-06,0.8965214444486772,0.0871650561211328,20.626,26,90,223,933,8913,10313,447,0.09,0.223,0.933,0.43212450305439737
3320,3.4604821159018755e-06,0.8965032335669616,0.08722758193319609,20.626,26,90,222,811,8913,10313,446,0.09,0.222,0.811,0.43212450305439737
3321,3.930977556186603e-06,0.8964966193183251,0.08724793366830588,20.626,26,94,221,1070,8913,10313,448,0.094,0.221,1.07,0.43212450305439737
3322,3.847668963155495e-06,0.8964615332457241,0.0872405589014505,20.626,26,80,233,1771,8913,10313,448,0.08,0.233,1.771,0.43212450305439737
3323,3.89236352528773e-06,0.8963873862345612,0.08739414470374825,20.626,26,96,215,965,8913,10313,440,0.096,0.215,0.965,0.43212450305439737
3324,4.29447438640758e-06,0.8965259517627967,0.0871623414203669,20.626,26,86,221,914,8913,10313,441,0.086,0.221,0.914,0.43212450305439737
3325,3.4528404909268136e-06,0.8964966923244869,0.08723429182661491,20.626,26,91,220,867,8913,10313,445,0.091,0.22,0.867,0.43212450305439737
3326,3.860594573371095e-06,0.8964814108420783,0.0872531265134314,20.626,26,102,216,1139,8913,10313,455,0.102,0.216,1.139,0.43212450305439737
3327,3.797123940858696e-06,0.8964487169325799,0.08724205781754263,20.626,26,84,232,1842,8913,10313,450,0.084,0.232,1.842,0.43212450305439737
3328,3.829328565275247e-06,0.8963865821539694,0.08739424265205868,20.626,26,97,216,924,8913,10313,442,0.097,0.216,0.924,0.43212450305439737
3329,4.12267695682878e-06,0.8965293867648175,0.08716005108331056,20.626,26,90,225,984,8913,10313,449,0.09,0.225,0.984,0.43212450305439737
3330,3.300925025644951e-06,0.8965085761037687,0.08722230460666631,20.626,26,90,224,819,8913,10313,448,0.09,0.224,0.819,0.43212450305439737
3331,3.78010125261106e-06,0.8964784723412688,0.08726610301109088,20.626,26,94,221,1290,8913,10313,448,0.094,0.221,1.29,0.43212450305439737
3332,3.7828958712266887e-06,0.8964402777196595,0.08726459762678404,20.626,26,83,233,1197,8913,10313,450,0.083,0.233,1.197,0.43212450305439737
3333,3.884498668721025e-06,0.8963793281614758,0.08741076647075667,20.626,26,96,219,767,8913,10313,444,0.096,0.219,0.767,0.43212450305439737
3334,4.219804206328558e-06,0.8965225529251395,0.08716270476883609,20.626,26,87,221,965,8913,10313,442,0.087,0.221,0.965,0.43212450305439737
3335,3.473296181617432e-06,0.8964965106740408,0.08723033659738158,20.626,26,90,219,811,8913,10313,443,0.09,0.219,0.811,0.43212450305439737
3336,3.907558500006455e-06,0.8964931070068238,0.0872507633964054,20.626,26,102,213,1014,8913,10313,453,0.102,0.213,1.014,0.43212450305439737
3337,3.864940649796918e-06,0.8964535907194738,0.08724028127641958,20.626,26,84,234,1551,8913,10313,452,0.084,0.234,1.551,0.43212450305439737
3338,3.89288620691897e-06,0.8963790647588766,0.08739301389001665,20.626,26,97,212,1127,8913,10313,438,0.097,0.212,1.127,0.43212450305439737
3339,4.156376275975755e-06,0.8965221117231162,0.08716088043111617,20.626,26,88,224,904,8913,10313,446,0.088,0.224,0.904,0.43212450305439737
3340,3.3912442324050852e-06,0.8965047405058734,0.08723552821949948,20.626,26,90,221,798,8913,10313,445,0.09,0.221,0.798,0.43212450305439737
3341,3.99953463641554e-06,0.8964898044533045,0.08725455686678624,20.626,26,93,207,1150,8913,10313,437,0.093,0.207,1.15,0.43212450305439737
3342,3.8104786825181078e-06,0.8964588028198555,0.08724377395611671,20.626,26,81,235,1734,8913,10313,450,0.081,0.235,1.734,0.43212450305439737
3343,3.851969669015143e-06,0.8963876874847528,0.08739425270619926,20.626,26,98,217,806,8913,10313,444,0.098,0.217,0.806,0.43212450305439737
3344,4.188060285624771e-06,0.8965207609590153,0.08715852126908175,20.626,26,88,222,994,8913,10313,444,0.088,0.222,0.994,0.43212450305439737
3345,3.265473910498941e-06,0.8965034011686449,0.0872215924610272,20.626,26,93,226,810,8913,10313,453,0.093,0.226,0.81,0.43212450305439737
3346,3.580978354790136e-06,0.8964737639481637,0.08726570422986415,20.626,26,103,230,1159,8913,10313,466,0.103,0.23,1.159,0.43212450305439737
3347,3.746445799734784e-06,0.8964461885501638,0.08726609938262599,20.626,26,86,228,1287,8913,10313,448,0.086,0.228,1.287,0.43212450305439737
3348,3.8966825057700595e-06,0.8963877315255402,0.08741223694598915,20.626,26,95,214,882,8913,10313,438,0.095,0.214,0.882,0.43212450305439737
3349,4.153315177414913e-06,0.8965287211512952,0.08716353698058321,20.626,26,88,222,954,8913,10313,444,0.088,0.222,0.954,0.43212450305439737
3350,3.4203215665822473e-06,0.8965024779665093,0.08723124954410326,20.626,26,89,220,795,8913,10313,443,0.089,0.22,0.795,0.43212450305439737
3351,3.994329281560296e-06,0.8964918154830077,0.08725048618291971,20.626,26,93,206,1023,8913,10313,437,0.093,0.206,1.023,0.43212450305439737
3352,3.832982845136674e-06,0.8964576957736714,0.08724120193223125,20.626,26,81,235,1473,8913,10313,450,0.081,0.235,1.473,0.43212450305439737
3353,3.882407552397278e-06,0.8963865200569863,0.0873942899378418,20.626,26,97,218,1032,8913,10313,444,0.097,0.218,1.032,0.43212450305439737
3354,4.215133541150016e-06,0.8965206448258874,0.08716042600905155,20.626,26,88,222,968,8913,10313,444,0.088,0.222,0.968,0.43212450305439737
3355,3.2905045238556126e-06,0.8965049394831733,0.08722376811111901,20.626,26,92,222,823,8913,10313,448,0.092,0.222,0.823,0.43212450305439737
3356,3.5822298697527463e-06,0.8964775488760586,0.08726712102724757,20.626,26,102,231,1151,8913,10313,466,0.102,0.231,1.151,0.43212450305439737
3357,3.7680490171026337e-06,0.8964469332698332,0.08726555952751372,20.626,26,87,229,1302,8913,10313,450,0.087,0.229,1.302,0.43212450305439737
3358,3.924400950179903e-06,0.8963794470050257,0.08740950750443567,20.626,26,96,215,886,8913,10313,440,0.096,0.215,0.886,0.43212450305439737
3359,4.13347847362907e-06,0.8965218460781871,0.08716147540958691,20.626,26,89,223,944,8913,10313,446,0.089,0.223,0.944,0.43212450305439737
3360,3.404212652273497e-06,0.8964983804955464,0.08723061631428317,20.626,26,89,220,799,8913,10313,443,0.089,0.22,0.799,0.43212450305439737
3361,3.999181610018776e-06,0.8964926124349126,0.08725100169240449,20.626,26,93,206,1034,8913,10313,437,0.093,0.206,1.034,0.43212450305439737
3362,3.849949198752928e-06,0.8964620228417866,0.08724221543795242,20.626,26,82,236,1481,8913,10313,452,0.082,0.236,1.481,0.43212450305439737
3363,3.8844496001306895e-06,0.8963835439532549,0.08739380336188071,20.626,26,99,216,1061,8913,10313,444,0.099,0.216,1.061,0.43212450305439737
3364,4.213890376593573e-06,0.8965219718842005,0.08716054691813446,20.626,26,89,223,916,8913,10313,446,0.089,0.223,0.916,0.43212450305439737
3365,3.3332133460711534e-06,0.8965036871469563,0.08722239845900763,20.626,26,92,222,827,8913,10313,448,0.092,0.222,0.827,0.43212450305439737
3366,3.6618425714893714e-06,0.8964773692583736,0.087266305851298,20.626,26,102,227,1070,8913,10313,462,0.102,0.227,1.07,0.43212450305439737
3367,3.785080640605196e-06,0.8964426205594618,0.08726473788571107,20.626,26,86,230,1091,8913,10313,450,0.086,0.23,1.091,0.43212450305439737
3368,3.8251019495207425e-06,0.8963772264661471,0.087409637533707,20.626,26,97,220,872,8913,10313,446,0.097,0.22,0.872,0.43212450305439737
3369,4.052378543392053e-06,0.8965194073210385,0.08716163763548343,20.626,26,91,226,985,8913,10313,451,0.091,0.226,0.985,0.43212450305439737
3370,3.154709176276587e-06,0.8965201863219127,0.08720413007202055,20.626,26,91,230,808,8913,10313,455,0.091,0.23,0.808,0.43212450305439737
3371,3.6608494204424945e-06,0.8964820794939622,0.08727005525847988,20.626,26,96,213,1085,8913,10313,447,0.096,0.213,1.085,0.43212450305439737
3372,3.752673469396768e-06,0.8964312181382375,0.08728001161552232,20.626,26,83,231,973,8913,10313,448,0.083,0.231,0.973,0.43212450305439737
3373,3.8651047639178916e-06,0.8963678343987707,0.08742557548566542,20.626,26,97,216,751,8913,10313,442,0.097,0.216,0.751,0.43212450305439737
3374,4.201386660194178e-06,0.8965162798058328,0.08716922340955907,20.626,26,87,217,996,8913,10313,438,0.087,0.217,0.996,0.43212450305439737
3375,3.345949785091337e-06,0.8965102855592102,0.08721398373380632,20.626,26,90,219,792,8913,10313,443,0.09,0.219,0.792,0.43212450305439737
3376,3.6585720087676216e-06,0.8964956002025201,0.0872554518554801,20.626,26,100,229,1013,8913,10313,462,0.1,0.229,1.013,0.43212450305439737
3377,3.8541511444707065e-06,0.8964562139820903,0.08725779958281125,20.626,26,86,228,1061,8913,10313,448,0.086,0.228,1.061,0.43212450305439737
3378,3.950860043858992e-06,0.8963723236730194,0.08740785838740303,20.626,26,96,213,864,8913,10313,438,0.096,0.213,0.864,0.43212450305439737
3379,4.151854758563599e-06,0.8965124473068525,0.08716568426150388,20.626,26,91,219,908,8913,10313,444,0.091,0.219,0.908,0.43212450305439737
3380,3.20207292659229e-06,0.896510527736,0.08720767991599206,20.626,26,89,220,783,8913,10313,443,0.089,0.22,0.783,0.43212450305439737
3381,3.602142640716191e-06,0.8964787098145541,0.08727274078530219,20.626,26,94,212,1035,8913,10313,443,0.094,0.212,1.035,0.43212450305439737
3382,3.7398092998753862e-06,0.8964482048114181,0.08728304126219513,20.626,26,83,233,1299,8913,10313,450,0.083,0.233,1.299,0.43212450305439737
3383,3.896088086229379e-06,0.8963752200598669,0.08742436324062225,20.626,26,97,218,763,8913,10313,444,0.097,0.218,0.763,0.43212450305439737
3384,4.191014014539368e-06,0.8965146670221689,0.08716610975253443,20.626,26,90,215,936,8913,10313,439,0.09,0.215,0.936,0.43212450305439737
3385,3.2728291758382732e-06,0.8965088529122979,0.08720035150108063,20.626,26,89,220,797,8913,10313,443,0.089,0.22,0.797,0.43212450305439737
3386,3.5409422854135933e-06,0.8964798040741768,0.08726690782953321,20.626,26,101,216,1029,8913,10313,455,0.101,0.216,1.029,0.43212450305439737
3387,3.722178272655841e-06,0.8964371130530606,0.08727925487815372,20.626,26,83,224,1005,8913,10313,442,0.083,0.224,1.005,0.43212450305439737
3388,3.868151883368596e-06,0.8963795703364934,0.08742727860455014,20.626,26,93,216,855,8913,10313,438,0.093,0.216,0.855,0.43212450305439737
3389,4.133896874262623e-06,0.8965272794993894,0.08717173885866919,20.626,26,89,224,984,8913,10313,447,0.089,0.224,0.984,0.43212450305439737
3390,3.502835790724808e-06,0.8965033387785143,0.0872218093450518,20.626,26,90,222,794,8913,10313,446,0.09,0.222,0.794,0.43212450305439737
3391,3.963933924450498e-06,0.8964902320335835,0.08725921462368745,20.626,26,95,224,1066,8913,10313,452,0.095,0.224,1.066,0.43212450305439737
3392,3.872736665952129e-06,0.8964414723900181,0.08725424472903563,20.626,26,83,237,1105,8913,10313,454,0.083,0.237,1.105,0.43212450305439737
3393,3.831977476201406e-06,0.8963778102991224,0.08739185258631482,20.626,26,96,215,755,8913,10313,440,0.096,0.215,0.755,0.43212450305439737
3394,4.127151351135937e-06,0.8965139471731429,0.08717573685077874,20.626,26,89,219,961,8913,10313,442,0.089,0.219,0.961,0.43212450305439737
3395,3.202670316335206e-06,0.8965029951185604,0.08722744053617228,20.626,26,93,223,705,8913,10313,450,0.093,0.223,0.705,0.43212450305439737
3396,3.501709655980939e-06,0.8964633694416059,0.08728608625054964,20.626,26,106,222,890,8913,10313,465,0.106,0.222,0.89,0.43212450305439737
3397,3.709503146190384e-06,0.8964226266133839,0.08728253078370807,20.626,26,87,231,1022,8913,10313,452,0.087,0.231,1.022,0.43212450305439737
3398,3.83192982767685e-06,0.8963665134486509,0.08742197961196613,20.626,26,97,222,690,8913,10313,448,0.097,0.222,0.69,0.43212450305439737
3399,4.075318811635366e-06,0.8965214444486772,0.0871650561211328,20.626,26,90,223,933,8913,10313,447,0.09,0.223,0.933,0.43212450305439737
3400,3.4604821159018755e-06,0.8965032335669616,0.08722758193319609,20.626,26,90,222,811,8913,10313,446,0.09,0.222,0.811,0.43212450305439737
3401,3.930977556186603e-06,0.8964966193183251,0.08724793366830588,20.626,26,94,221,1070,8913,10313,448,0.094,0.221,1.07,0.43212450305439737
3402,3.8476689631554955e-06,0.8964615332457241,0.0872405589014505,20.626,26,80,233,1771,8913,10313,448,0.08,0.233,1.771,0.43212450305439737
3403,3.892363525287732e-06,0.8963873862345612,0.08739414470374825,20.626,26,96,215,965,8913,10313,440,0.096,0.215,0.965,0.43212450305439737
3404,4.29447438640758e-06,0.8965259517627966,0.0871623414203669,20.626,26,86,221,914,8913,10313,441,0.086,0.221,0.914,0.43212450305439737
3405,3.4528404909268128e-06,0.8964966923244869,0.08723429182661491,20.626,26,91,220,867,8913,10313,445,0.091,0.22,0.867,0.43212450305439737
3406,3.860594573371095e-06,0.8964814108420783,0.0872531265134314,20.626,26,102,216,1139,8913,10313,455,0.102,0.216,1.139,0.43212450305439737
3407,3.797123940858696e-06,0.8964487169325799,0.08724205781754263,20.626,26,84,232,1842,8913,10313,450,0.084,0.232,1.842,0.43212450305439737
3408,3.829328565275248e-06,0.8963865821539694,0.08739424265205868,20.626,26,97,216,924,8913,10313,442,0.097,0.216,0.924,0.43212450305439737
3409,4.1226769568287804e-06,0.8965293867648175,0.08716005108331056,20.626,26,90,225,984,8913,10313,449,0.09,0.225,0.984,0.43212450305439737
3410,3.3009250256449517e-06,0.8965085761037687,0.08722230460666631,20.626,26,90,224,819,8913,10313,448,0.09,0.224,0.819,0.43212450305439737
3411,3.7801012526110592e-06,0.8964784723412688,0.08726610301109088,20.626,26,94,221,1290,8913,10313,448,0.094,0.221,1.29,0.43212450305439737
3412,3.7828958712266882e-06,0.8964402777196595,0.08726459762678404,20.626,26,83,233,1197,8913,10313,450,0.083,0.233,1.197,0.43212450305439737
3413,3.884498668721022e-06,0.8963793281614758,0.08741076647075667,20.626,26,96,219,767,8913,10313,444,0.096,0.219,0.767,0.43212450305439737
3414,4.2198042063285565e-06,0.8965225529251396,0.08716270476883606,20.626,26,87,221,965,8913,10313,442,0.087,0.221,0.965,0.43212450305439737
3415,3.473296181617432e-06,0.8964965106740408,0.08723033659738158,20.626,26,90,219,811,8913,10313,443,0.09,0.219,0.811,0.43212450305439737
3416,3.907558500006455e-06,0.8964931070068237,0.0872507633964054,20.626,26,102,213,1014,8913,10313,453,0.102,0.213,1.014,0.43212450305439737
3417,3.864940649796919e-06,0.8964535907194738,0.08724028127641958,20.626,26,84,234,1551,8913,10313,452,0.084,0.234,1.551,0.43212450305439737
3418,3.892886206918971e-06,0.8963790647588765,0.08739301389001665,20.626,26,97,212,1127,8913,10313,438,0.097,0.212,1.127,0.43212450305439737
3419,4.156376275975754e-06,0.8965221117231162,0.08716088043111617,20.626,26,88,224,904,8913,10313,446,0.088,0.224,0.904,0.43212450305439737
3420,3.3912442324050844e-06,0.8965047405058734,0.08723552821949948,20.626,26,90,221,798,8913,10313,445,0.09,0.221,0.798,0.43212450305439737
3421,3.999534636415539e-06,0.8964898044533045,0.08725455686678622,20.626,26,93,207,1150,8913,10313,437,0.093,0.207,1.15,0.43212450305439737
3422,3.8104786825181078e-06,0.8964588028198555,0.08724377395611671,20.626,26,81,235,1734,8913,10313,450,0.081,0.235,1.734,0.43212450305439737
3423,3.851969669015143e-06,0.8963876874847528,0.08739425270619926,20.626,26,98,217,806,8913,10313,444,0.098,0.217,0.806,0.43212450305439737
3424,4.18806028562477e-06,0.8965207609590153,0.08715852126908175,20.626,26,88,222,994,8913,10313,444,0.088,0.222,0.994,0.43212450305439737
3425,3.265473910498941e-06,0.8965034011686449,0.0872215924610272,20.626,26,93,226,810,8913,10313,453,0.093,0.226,0.81,0.43212450305439737
3426,3.5809783547901366e-06,0.8964737639481637,0.08726570422986415,20.626,26,103,230,1159,8913,10313,466,0.103,0.23,1.159,0.43212450305439737
3427,3.7464457997347846e-06,0.8964461885501638,0.08726609938262599,20.626,26,86,228,1287,8913,10313,448,0.086,0.228,1.287,0.43212450305439737
3428,3.8966825057700595e-06,0.8963877315255401,0.08741223694598915,20.626,26,95,214,882,8913,10313,438,0.095,0.214,0.882,0.43212450305439737
3429,4.153315177414914e-06,0.8965287211512952,0.08716353698058321,20.626,26,88,222,954,8913,10313,444,0.088,0.222,0.954,0.43212450305439737
3430,3.4203215665822477e-06,0.8965024779665093,0.08723124954410326,20.626,26,89,220,795,8913,10313,443,0.089,0.22,0.795,0.43212450305439737
3431,3.994329281560297e-06,0.8964918154830077,0.08725048618291971,20.626,26,93,206,1023,8913,10313,437,0.093,0.206,1.023,0.43212450305439737
3432,3.832982845136675e-06,0.8964576957736714,0.08724120193223125,20.626,26,81,235,1473,8913,10313,450,0.081,0.235,1.473,0.43212450305439737
3433,3.882407552397278e-06,0.8963865200569863,0.0873942899378418,20.626,26,97,218,1032,8913,10313,444,0.097,0.218,1.032,0.43212450305439737
3434,4.2151335411500156e-06,0.8965206448258874,0.08716042600905155,20.626,26,88,222,968,8913,10313,444,0.088,0.222,0.968,0.43212450305439737
3435,3.290504523855613e-06,0.8965049394831733,0.08722376811111901,20.626,26,92,222,823,8913,10313,448,0.092,0.222,0.823,0.43212450305439737
3436,3.582229869752746e-06,0.8964775488760586,0.08726712102724757,20.626,26,102,231,1151,8913,10313,466,0.102,0.231,1.151,0.43212450305439737
3437,3.7680490171026337e-06,0.8964469332698332,0.08726555952751372,20.626,26,87,229,1302,8913,10313,450,0.087,0.229,1.302,0.43212450305439737
3438,3.924400950179904e-06,0.8963794470050257,0.08740950750443567,20.626,26,96,215,886,8913,10313,440,0.096,0.215,0.886,0.43212450305439737
3439,4.133478473629071e-06,0.8965218460781871,0.08716147540958691,20.626,26,89,223,944,8913,10313,446,0.089,0.223,0.944,0.43212450305439737
3440,3.4042126522734977e-06,0.8964983804955464,0.08723061631428317,20.626,26,89,220,799,8913,10313,443,0.089,0.22,0.799,0.43212450305439737
3441,3.999181610018775e-06,0.8964926124349126,0.08725100169240449,20.626,26,93,206,1034,8913,10313,437,0.093,0.206,1.034,0.43212450305439737
3442,3.849949198752927e-06,0.8964620228417866,0.08724221543795242,20.626,26,82,236,1481,8913,10313,452,0.082,0.236,1.481,0.43212450305439737
3443,3.884449600130688e-06,0.8963835439532549,0.08739380336188071,20.626,26,99,216,1061,8913,10313,444,0.099,0.216,1.061,0.43212450305439737
3444,4.213890376593572e-06,0.8965219718842005,0.08716054691813446,20.626,26,89,223,916,8913,10313,446,0.089,0.223,0.916,0.43212450305439737
3445,3.333213346071153e-06,0.8965036871469563,0.08722239845900763,20.626,26,92,222,827,8913,10313,448,0.092,0.222,0.827,0.43212450305439737
3446,3.6618425714893718e-06,0.8964773692583736,0.087266305851298,20.626,26,102,227,1070,8913,10313,462,0.102,0.227,1.07,0.43212450305439737
3447,3.785080640605196e-06,0.8964426205594618,0.08726473788571107,20.626,26,86,230,1091,8913,10313,450,0.086,0.23,1.091,0.43212450305439737
3448,3.825101949520742e-06,0.8963772264661471,0.087409637533707,20.626,26,97,220,872,8913,10313,446,0.097,0.22,0.872,0.43212450305439737
3449,4.052378543392052e-06,0.8965194073210385,0.08716163763548344,20.626,26,91,226,985,8913,10313,451,0.091,0.226,0.985,0.43212450305439737
3450,3.154709176276587e-06,0.8965201863219127,0.08720413007202055,20.626,26,91,230,808,8913,10313,455,0.091,0.23,0.808,0.43212450305439737
3451,3.660849420442495e-06,0.8964820794939622,0.08727005525847988,20.626,26,96,213,1085,8913,10313,447,0.096,0.213,1.085,0.43212450305439737
3452,3.7526734693967683e-06,0.8964312181382375,0.08728001161552232,20.626,26,83,231,973,8913,10313,448,0.083,0.231,0.973,0.43212450305439737
3453,3.865104763917893e-06,0.8963678343987707,0.08742557548566542,20.626,26,97,216,751,8913,10313,442,0.097,0.216,0.751,0.43212450305439737
3454,4.201386660194176e-06,0.8965162798058328,0.08716922340955907,20.626,26,87,217,996,8913,10313,438,0.087,0.217,0.996,0.43212450305439737
3455,3.3459497850913335e-06,0.8965102855592102,0.08721398373380632,20.626,26,90,219,792,8913,10313,443,0.09,0.219,0.792,0.43212450305439737
3456,3.65857200876762e-06,0.8964956002025201,0.0872554518554801,20.626,26,100,229,1013,8913,10313,462,0.1,0.229,1.013,0.43212450305439737
3457,3.8541511444707065e-06,0.8964562139820903,0.08725779958281125,20.626,26,86,228,1061,8913,10313,448,0.086,0.228,1.061,0.43212450305439737
3458,3.950860043858993e-06,0.8963723236730194,0.08740785838740303,20.626,26,96,213,864,8913,10313,438,0.096,0.213,0.864,0.43212450305439737
3459,4.151854758563598e-06,0.8965124473068525,0.08716568426150388,20.626,26,91,219,908,8913,10313,444,0.091,0.219,0.908,0.43212450305439737
3460,3.20207292659229e-06,0.896510527736,0.08720767991599206,20.626,26,89,220,783,8913,10313,443,0.089,0.22,0.783,0.43212450305439737
3461,3.6021426407161912e-06,0.8964787098145541,0.08727274078530219,20.626,26,94,212,1035,8913,10313,443,0.094,0.212,1.035,0.43212450305439737
3462,3.7398092998753845e-06,0.8964482048114181,0.08728304126219513,20.626,26,83,233,1299,8913,10313,450,0.083,0.233,1.299,0.43212450305439737
3463,3.896088086229379e-06,0.8963752200598669,0.08742436324062225,20.626,26,97,218,763,8913,10313,444,0.097,0.218,0.763,0.43212450305439737
3464,4.191014014539367e-06,0.8965146670221688,0.08716610975253443,20.626,26,90,215,936,8913,10313,439,0.09,0.215,0.936,0.43212450305439737
3465,3.2728291758382732e-06,0.8965088529122979,0.08720035150108063,20.626,26,89,220,797,8913,10313,443,0.089,0.22,0.797,0.43212450305439737
3466,3.5409422854135933e-06,0.8964798040741768,0.08726690782953321,20.626,26,101,216,1029,8913,10313,455,0.101,0.216,1.029,0.43212450305439737
3467,3.722178272655841e-06,0.8964371130530606,0.08727925487815372,20.626,26,83,224,1005,8913,10313,442,0.083,0.224,1.005,0.43212450305439737
3468,3.868151883368596e-06,0.8963795703364934,0.08742727860455014,20.626,26,93,216,855,8913,10313,438,0.093,0.216,0.855,0.43212450305439737
3469,4.133896874262623e-06,0.8965272794993894,0.08717173885866919,20.626,26,89,224,984,8913,10313,447,0.089,0.224,0.984,0.43212450305439737
3470,3.5028357907248092e-06,0.8965033387785143,0.0872218093450518,20.626,26,90,222,794,8913,10313,446,0.09,0.222,0.794,0.43212450305439737
3471,3.963933924450497e-06,0.8964902320335835,0.08725921462368745,20.626,26,95,224,1066,8913,10313,452,0.095,0.224,1.066,0.43212450305439737
3472,3.87273666595213e-06,0.8964414723900181,0.08725424472903563,20.626,26,83,237,1105,8913,10313,454,0.083,0.237,1.105,0.43212450305439737
3473,3.831977476201407e-06,0.8963778102991224,0.08739185258631482,20.626,26,96,215,755,8913,10313,440,0.096,0.215,0.755,0.43212450305439737
3474,4.127151351135937e-06,0.8965139471731429,0.08717573685077874,20.626,26,89,219,961,8913,10313,442,0.089,0.219,0.961,0.43212450305439737
3475,3.202670316335206e-06,0.8965029951185604,0.08722744053617228,20.626,26,93,223,705,8913,10313,450,0.093,0.223,0.705,0.43212450305439737
3476,3.501709655980939e-06,0.8964633694416059,0.08728608625054962,20.626,26,106,222,890,8913,10313,465,0.106,0.222,0.89,0.43212450305439737
3477,3.709503146190384e-06,0.8964226266133839,0.08728253078370807,20.626,26,87,231,1022,8913,10313,452,0.087,0.231,1.022,0.43212450305439737
3478,3.831929827676852e-06,0.8963665134486509,0.08742197961196613,20.626,26,97,222,690,8913,10313,448,0.097,0.222,0.69,0.43212450305439737
3479,4.075318811635365e-06,0.8965214444486772,0.0871650561211328,20.626,26,90,223,933,8913,10313,447,0.09,0.223,0.933,0.43212450305439737
3480,3.4604821159018747e-06,0.8965032335669616,0.08722758193319609,20.626,26,90,222,811,8913,10313,446,0.09,0.222,0.811,0.43212450305439737
3481,3.9309775561866035e-06,0.8964966193183251,0.08724793366830588,20.626,26,94,221,1070,8913,10313,448,0.094,0.221,1.07,0.43212450305439737
3482,3.8476689631554955e-06,0.8964615332457241,0.0872405589014505,20.626,26,80,233,1771,8913,10313,448,0.08,0.233,1.771,0.43212450305439737
3483,3.892363525287732e-06,0.8963873862345612,0.08739414470374825,20.626,26,96,215,965,8913,10313,440,0.096,0.215,0.965,0.43212450305439737
3484,4.29447438640758e-06,0.8965259517627967,0.0871623414203669,20.626,26,86,221,914,8913,10313,441,0.086,0.221,0.914,0.43212450305439737
3485,3.4528404909268128e-06,0.8964966923244869,0.08723429182661491,20.626,26,91,220,867,8913,10313,445,0.091,0.22,0.867,0.43212450305439737
3486,3.860594573371095e-06,0.8964814108420783,0.0872531265134314,20.626,26,102,216,1139,8913,10313,455,0.102,0.216,1.139,0.43212450305439737
3487,3.7971239408586954e-06,0.8964487169325799,0.08724205781754263,20.626,26,84,232,1842,8913,10313,450,0.084,0.232,1.842,0.43212450305439737
3488,3.829328565275247e-06,0.8963865821539694,0.08739424265205868,20.626,26,97,216,924,8913,10313,442,0.097,0.216,0.924,0.43212450305439737
3489,4.12267695682878e-06,0.8965293867648175,0.08716005108331056,20.626,26,90,225,984,8913,10313,449,0.09,0.225,0.984,0.43212450305439737
3490,3.3009250256449513e-06,0.8965085761037687,0.08722230460666631,20.626,26,90,224,819,8913,10313,448,0.09,0.224,0.819,0.43212450305439737
3491,3.7801012526110592e-06,0.8964784723412688,0.08726610301109088,20.626,26,94,221,1290,8913,10313,448,0.094,0.221,1.29,0.43212450305439737
3492,3.7828958712266887e-06,0.8964402777196595,0.08726459762678404,20.626,26,83,233,1197,8913,10313,450,0.083,0.233,1.197,0.43212450305439737
3493,3.884498668721025e-06,0.8963793281614758,0.08741076647075667,20.626,26,96,219,767,8913,10313,444,0.096,0.219,0.767,0.43212450305439737
3494,4.219804206328558e-06,0.8965225529251395,0.08716270476883609,20.626,26,87,221,965,8913,10313,442,0.087,0.221,0.965,0.43212450305439737
3495,3.4732961816174314e-06,0.8964965106740408,0.08723033659738158,20.626,26,90,219,811,8913,10313,443,0.09,0.219,0.811,0.43212450305439737
3496,3.907558500006455e-06,0.8964931070068238,0.0872507633964054,20.626,26,102,213,1014,8913,10313,453,0.102,0.213,1.014,0.43212450305439737
3497,3.864940649796917e-06,0.8964535907194738,0.08724028127641958,20.626,26,84,234,1551,8913,10313,452,0.084,0.234,1.551,0.43212450305439737
3498,3.892886206918971e-06,0.8963790647588766,0.08739301389001665,20.626,26,97,212,1127,8913,10313,438,0.097,0.212,1.127,0.43212450305439737
3499,4.156376275975755e-06,0.8965221117231162,0.08716088043111617,20.626,26,88,224,904,8913,10313,446,0.088,0.224,0.904,0.43212450305439737
3500,3.3912442324050865e-06,0.8965047405058734,0.08723552821949948,20.626,26,90,221,798,8913,10313,445,0.09,0.221,0.798,0.43212450305439737
3501,3.99953463641554e-06,0.8964898044533045,0.08725455686678624,20.626,26,93,207,1150,8913,10313,437,0.093,0.207,1.15,0.43212450305439737
3502,3.810478682518107e-06,0.8964588028198555,0.08724377395611671,20.626,26,81,235,1734,8913,10313,450,0.081,0.235,1.734,0.43212450305439737
3503,3.851969669015142e-06,0.8963876874847528,0.08739425270619926,20.626,26,98,217,806,8913,10313,444,0.098,0.217,0.806,0.43212450305439737
3504,4.188060285624771e-06,0.8965207609590153,0.08715852126908175,20.626,26,88,222,994,8913,10313,444,0.088,0.222,0.994,0.43212450305439737
3505,3.265473910498941e-06,0.8965034011686449,0.0872215924610272,20.626,26,93,226,810,8913,10313,453,0.093,0.226,0.81,0.43212450305439737
3506,3.580978354790137e-06,0.8964737639481637,0.08726570422986415,20.626,26,103,230,1159,8913,10313,466,0.103,0.23,1.159,0.43212450305439737
3507,3.7464457997347846e-06,0.8964461885501638,0.08726609938262599,20.626,26,86,228,1287,8913,10313,448,0.086,0.228,1.287,0.43212450305439737
3508,3.8966825057700595e-06,0.8963877315255402,0.08741223694598915,20.626,26,95,214,882,8913,10313,438,0.095,0.214,0.882,0.43212450305439737
3509,4.1533151774149115e-06,0.8965287211512952,0.08716353698058321,20.626,26,88,222,954,8913,10313,444,0.088,0.222,0.954,0.43212450305439737
3510,3.4203215665822473e-06,0.8965024779665093,0.08723124954410326,20.626,26,89,220,795,8913,10313,443,0.089,0.22,0.795,0.43212450305439737
3511,3.994329281560296e-06,0.8964918154830077,0.08725048618291971,20.626,26,93,206,1023,8913,10313,437,0.093,0.206,1.023,0.43212450305439737
3512,3.832982845136675e-06,0.8964576957736714,0.08724120193223125,20.626,26,81,235,1473,8913,10313,450,0.081,0.235,1.473,0.43212450305439737
3513,3.882407552397278e-06,0.8963865200569863,0.0873942899378418,20.626,26,97,218,1032,8913,10313,444,0.097,0.218,1.032,0.43212450305439737
3514,4.215133541150016e-06,0.8965206448258874,0.08716042600905155,20.626,26,88,222,968,8913,10313,444,0.088,0.222,0.968,0.43212450305439737
3515,3.2905045238556126e-06,0.8965049394831733,0.08722376811111901,20.626,26,92,222,823,8913,10313,448,0.092,0.222,0.823,0.43212450305439737
3516,3.5822298697527455e-06,0.8964775488760586,0.08726712102724757,20.626,26,102,231,1151,8913,10313,466,0.102,0.231,1.151,0.43212450305439737
3517,3.768049017102634e-06,0.8964469332698332,0.08726555952751372,20.626,26,87,229,1302,8913,10313,450,0.087,0.229,1.302,0.43212450305439737
3518,3.924400950179903e-06,0.8963794470050257,0.08740950750443567,20.626,26,96,215,886,8913,10313,440,0.096,0.215,0.886,0.43212450305439737
3519,4.133478473629071e-06,0.8965218460781871,0.08716147540958691,20.626,26,89,223,944,8913,10313,446,0.089,0.223,0.944,0.43212450305439737
3520,3.404212652273498e-06,0.8964983804955464,0.08723061631428317,20.626,26,89,220,799,8913,10313,443,0.089,0.22,0.799,0.43212450305439737
3521,3.999181610018776e-06,0.8964926124349126,0.08725100169240449,20.626,26,93,206,1034,8913,10313,437,0.093,0.206,1.034,0.43212450305439737
3522,3.849949198752927e-06,0.8964620228417866,0.08724221543795242,20.626,26,82,236,1481,8913,10313,452,0.082,0.236,1.481,0.43212450305439737
3523,3.884449600130689e-06,0.8963835439532549,0.08739380336188071,20.626,26,99,216,1061,8913,10313,444,0.099,0.216,1.061,0.43212450305439737
3524,4.213890376593573e-06,0.8965219718842005,0.08716054691813446,20.626,26,89,223,916,8913,10313,446,0.089,0.223,0.916,0.43212450305439737
3525,3.3332133460711534e-06,0.8965036871469563,0.08722239845900763,20.626,26,92,222,827,8913,10313,448,0.092,0.222,0.827,0.43212450305439737
3526,3.6618425714893718e-06,0.8964773692583736,0.087266305851298,20.626,26,102,227,1070,8913,10313,462,0.102,0.227,1.07,0.43212450305439737
3527,3.785080640605196e-06,0.8964426205594618,0.08726473788571107,20.626,26,86,230,1091,8913,10313,450,0.086,0.23,1.091,0.43212450305439737
3528,3.825101949520742e-06,0.8963772264661471,0.087409637533707,20.626,26,97,220,872,8913,10313,446,0.097,0.22,0.872,0.43212450305439737
3529,4.052378543392053e-06,0.8965194073210385,0.08716163763548343,20.626,26,91,226,985,8913,10313,451,0.091,0.226,0.985,0.43212450305439737
3530,3.154709176276587e-06,0.8965201863219127,0.08720413007202055,20.626,26,91,230,808,8913,10313,455,0.091,0.23,0.808,0.43212450305439737
3531,3.660849420442494e-06,0.8964820794939622,0.08727005525847988,20.626,26,96,213,1085,8913,10313,447,0.096,0.213,1.085,0.43212450305439737
3532,3.752673469396768e-06,0.8964312181382375,0.08728001161552232,20.626,26,83,231,973,8913,10313,448,0.083,0.231,0.973,0.43212450305439737
3533,3.8651047639178916e-06,0.8963678343987707,0.08742557548566542,20.626,26,97,216,751,8913,10313,442,0.097,0.216,0.751,0.43212450305439737
3534,4.201386660194178e-06,0.8965162798058328,0.08716922340955907,20.626,26,87,217,996,8913,10313,438,0.087,0.217,0.996,0.43212450305439737
3535,3.345949785091337e-06,0.8965102855592102,0.08721398373380632,20.626,26,90,219,792,8913,10313,443,0.09,0.219,0.792,0.43212450305439737
3536,3.6585720087676216e-06,0.8964956002025201,0.0872554518554801,20.626,26,100,229,1013,8913,10313,462,0.1,0.229,1.013,0.43212450305439737
3537,3.8541511444707065e-06,0.8964562139820903,0.08725779958281125,20.626,26,86,228,1061,8913,10313,448,0.086,0.228,1.061,0.43212450305439737
3538,3.950860043858991e-06,0.8963723236730194,0.08740785838740303,20.626,26,96,213,864,8913,10313,438,0.096,0.213,0.864,0.43212450305439737
3539,4.1518547585635975e-06,0.8965124473068525,0.08716568426150388,20.626,26,91,219,908,8913,10313,444,0.091,0.219,0.908,0.43212450305439737
3540,3.2020729265922904e-06,0.896510527736,0.08720767991599206,20.626,26,89,220,783,8913,10313,443,0.089,0.22,0.783,0.43212450305439737
3541,3.6021426407161912e-06,0.8964787098145541,0.08727274078530219,20.626,26,94,212,1035,8913,10313,443,0.094,0.212,1.035,0.43212450305439737
3542,3.739809299875386e-06,0.8964482048114181,0.08728304126219513,20.626,26,83,233,1299,8913,10313,450,0.083,0.233,1.299,0.43212450305439737
3543,3.896088086229381e-06,0.8963752200598669,0.08742436324062225,20.626,26,97,218,763,8913,10313,444,0.097,0.218,0.763,0.43212450305439737
3544,4.191014014539368e-06,0.8965146670221688,0.08716610975253443,20.626,26,90,215,936,8913,10313,439,0.09,0.215,0.936,0.43212450305439737
3545,3.272829175838273e-06,0.8965088529122979,0.08720035150108063,20.626,26,89,220,797,8913,10313,443,0.089,0.22,0.797,0.43212450305439737
3546,3.5409422854135916e-06,0.8964798040741768,0.08726690782953321,20.626,26,101,216,1029,8913,10313,455,0.101,0.216,1.029,0.43212450305439737
3547,3.7221782726558408e-06,0.8964371130530606,0.08727925487815372,20.626,26,83,224,1005,8913,10313,442,0.083,0.224,1.005,0.43212450305439737
3548,3.868151883368596e-06,0.8963795703364934,0.08742727860455014,20.626,26,93,216,855,8913,10313,438,0.093,0.216,0.855,0.43212450305439737
3549,4.133896874262624e-06,0.8965272794993894,0.08717173885866919,20.626,26,89,224,984,8913,10313,447,0.089,0.224,0.984,0.43212450305439737
3550,3.502835790724808e-06,0.8965033387785143,0.0872218093450518,20.626,26,90,222,794,8913,10313,446,0.09,0.222,0.794,0.43212450305439737
3551,3.963933924450499e-06,0.8964902320335835,0.08725921462368745,20.626,26,95,224,1066,8913,10313,452,0.095,0.224,1.066,0.43212450305439737
3552,3.87273666595213e-06,0.8964414723900181,0.08725424472903563,20.626,26,83,237,1105,8913,10313,454,0.083,0.237,1.105,0.43212450305439737
3553,3.831977476201406e-06,0.8963778102991224,0.08739185258631482,20.626,26,96,215,755,8913,10313,440,0.096,0.215,0.755,0.43212450305439737
3554,4.127151351135937e-06,0.8965139471731429,0.08717573685077874,20.626,26,89,219,961,8913,10313,442,0.089,0.219,0.961,0.43212450305439737
3555,3.202670316335206e-06,0.8965029951185604,0.08722744053617228,20.626,26,93,223,705,8913,10313,450,0.093,0.223,0.705,0.43212450305439737
3556,3.501709655980939e-06,0.8964633694416059,0.08728608625054962,20.626,26,106,222,890,8913,10313,465,0.106,0.222,0.89,0.43212450305439737
3557,3.7095031461903838e-06,0.8964226266133839,0.08728253078370807,20.626,26,87,231,1022,8913,10313,452,0.087,0.231,1.022,0.43212450305439737
3558,3.83192982767685e-06,0.8963665134486509,0.08742197961196613,20.626,26,97,222,690,8913,10313,448,0.097,0.222,0.69,0.43212450305439737
3559,4.0753188116353665e-06,0.8965214444486772,0.0871650561211328,20.626,26,90,223,933,8913,10313,447,0.09,0.223,0.933,0.43212450305439737
3560,3.4604821159018755e-06,0.8965032335669616,0.08722758193319609,20.626,26,90,222,811,8913,10313,446,0.09,0.222,0.811,0.43212450305439737
3561,3.9309775561866035e-06,0.8964966193183251,0.08724793366830588,20.626,26,94,221,1070,8913,10313,448,0.094,0.221,1.07,0.43212450305439737
3562,3.847668963155495e-06,0.8964615332457241,0.0872405589014505,20.626,26,80,233,1771,8913,10313,448,0.08,0.233,1.771,0.43212450305439737
3563,3.892363525287729e-06,0.8963873862345612,0.08739414470374825,20.626,26,96,215,965,8913,10313,440,0.096,0.215,0.965,0.43212450305439737
3564,4.29447438640758e-06,0.8965259517627967,0.0871623414203669,20.626,26,86,221,914,8913,10313,441,0.086,0.221,0.914,0.43212450305439737
3565,3.452840490926814e-06,0.8964966923244869,0.08723429182661491,20.626,26,91,220,867,8913,10313,445,0.091,0.22,0.867,0.43212450305439737
3566,3.860594573371096e-06,0.8964814108420783,0.0872531265134314,20.626,26,102,216,1139,8913,10313,455,0.102,0.216,1.139,0.43212450305439737
3567,3.797123940858695e-06,0.8964487169325799,0.08724205781754263,20.626,26,84,232,1842,8913,10313,450,0.084,0.232,1.842,0.43212450305439737
3568,3.829328565275247e-06,0.8963865821539694,0.08739424265205868,20.626,26,97,216,924,8913,10313,442,0.097,0.216,0.924,0.43212450305439737
3569,4.1226769568287804e-06,0.8965293867648175,0.08716005108331056,20.626,26,90,225,984,8913,10313,449,0.09,0.225,0.984,0.43212450305439737
3570,3.300925025644951e-06,0.8965085761037687,0.08722230460666631,20.626,26,90,224,819,8913,10313,448,0.09,0.224,0.819,0.43212450305439737
3571,3.78010125261106e-06,0.8964784723412688,0.08726610301109088,20.626,26,94,221,1290,8913,10313,448,0.094,0.221,1.29,0.43212450305439737
3572,3.7828958712266882e-06,0.8964402777196595,0.08726459762678404,20.626,26,83,233,1197,8913,10313,450,0.083,0.233,1.197,0.43212450305439737
3573,3.884498668721024e-06,0.8963793281614758,0.08741076647075667,20.626,26,96,219,767,8913,10313,444,0.096,0.219,0.767,0.43212450305439737
3574,4.2198042063285565e-06,0.8965225529251395,0.08716270476883609,20.626,26,87,221,965,8913,10313,442,0.087,0.221,0.965,0.43212450305439737
3575,3.473296181617432e-06,0.8964965106740408,0.08723033659738158,20.626,26,90,219,811,8913,10313,443,0.09,0.219,0.811,0.43212450305439737
3576,3.907558500006454e-06,0.8964931070068237,0.0872507633964054,20.626,26,102,213,1014,8913,10313,453,0.102,0.213,1.014,0.43212450305439737
3577,3.864940649796919e-06,0.8964535907194738,0.08724028127641958,20.626,26,84,234,1551,8913,10313,452,0.084,0.234,1.551,0.43212450305439737
3578,3.892886206918972e-06,0.8963790647588765,0.08739301389001665,20.626,26,97,212,1127,8913,10313,438,0.097,0.212,1.127,0.43212450305439737
3579,4.156376275975754e-06,0.8965221117231162,0.08716088043111617,20.626,26,88,224,904,8913,10313,446,0.088,0.224,0.904,0.43212450305439737
3580,3.3912442324050844e-06,0.8965047405058734,0.08723552821949948,20.626,26,90,221,798,8913,10313,445,0.09,0.221,0.798,0.43212450305439737
3581,3.999534636415539e-06,0.8964898044533045,0.08725455686678624,20.626,26,93,207,1150,8913,10313,437,0.093,0.207,1.15,0.43212450305439737
3582,3.810478682518108e-06,0.8964588028198555,0.08724377395611671,20.626,26,81,235,1734,8913,10313,450,0.081,0.235,1.734,0.43212450305439737
3583,3.851969669015142e-06,0.8963876874847528,0.08739425270619926,20.626,26,98,217,806,8913,10313,444,0.098,0.217,0.806,0.43212450305439737
3584,4.18806028562477e-06,0.8965207609590153,0.08715852126908175,20.626,26,88,222,994,8913,10313,444,0.088,0.222,0.994,0.43212450305439737
3585,3.2654739104989404e-06,0.8965034011686449,0.0872215924610272,20.626,26,93,226,810,8913,10313,453,0.093,0.226,0.81,0.43212450305439737
3586,3.580978354790136e-06,0.8964737639481637,0.08726570422986415,20.626,26,103,230,1159,8913,10313,466,0.103,0.23,1.159,0.43212450305439737
3587,3.746445799734784e-06,0.8964461885501638,0.08726609938262599,20.626,26,86,228,1287,8913,10313,448,0.086,0.228,1.287,0.43212450305439737
3588,3.8966825057700595e-06,0.8963877315255401,0.08741223694598915,20.626,26,95,214,882,8913,10313,438,0.095,0.214,0.882,0.43212450305439737
3589,4.153315177414914e-06,0.8965287211512952,0.08716353698058321,20.626,26,88,222,954,8913,10313,444,0.088,0.222,0.954,0.43212450305439737
3590,3.4203215665822477e-06,0.8965024779665093,0.08723124954410326,20.626,26,89,220,795,8913,10313,443,0.089,0.22,0.795,0.43212450305439737
3591,3.994329281560297e-06,0.8964918154830077,0.08725048618291971,20.626,26,93,206,1023,8913,10313,437,0.093,0.206,1.023,0.43212450305439737
3592,3.832982845136675e-06,0.8964576957736714,0.08724120193223125,20.626,26,81,235,1473,8913,10313,450,0.081,0.235,1.473,0.43212450305439737
3593,3.882407552397278e-06,0.8963865200569863,0.0873942899378418,20.626,26,97,218,1032,8913,10313,444,0.097,0.218,1.032,0.43212450305439737
3594,4.215133541150016e-06,0.8965206448258874,0.08716042600905155,20.626,26,88,222,968,8913,10313,444,0.088,0.222,0.968,0.43212450305439737
3595,3.290504523855613e-06,0.8965049394831733,0.08722376811111901,20.626,26,92,222,823,8913,10313,448,0.092,0.222,0.823,0.43212450305439737
3596,3.5822298697527463e-06,0.8964775488760586,0.08726712102724757,20.626,26,102,231,1151,8913,10313,466,0.102,0.231,1.151,0.43212450305439737
3597,3.7680490171026333e-06,0.8964469332698332,0.08726555952751372,20.626,26,87,229,1302,8913,10313,450,0.087,0.229,1.302,0.43212450305439737
3598,3.924400950179903e-06,0.8963794470050257,0.08740950750443567,20.626,26,96,215,886,8913,10313,440,0.096,0.215,0.886,0.43212450305439737
3599,4.133478473629071e-06,0.8965218460781871,0.08716147540958691,20.626,26,89,223,944,8913,10313,446,0.089,0.223,0.944,0.43212450305439737
3600,3.4042126522734973e-06,0.8964983804955464,0.08723061631428317,20.626,26,89,220,799,8913,10313,443,0.089,0.22,0.799,0.43212450305439737
3601,3.999181610018775e-06,0.8964926124349126,0.08725100169240449,20.626,26,93,206,1034,8913,10313,437,0.093,0.206,1.034,0.43212450305439737
3602,3.849949198752927e-06,0.8964620228417866,0.08724221543795242,20.626,26,82,236,1481,8913,10313,452,0.082,0.236,1.481,0.43212450305439737
3603,3.884449600130688e-06,0.8963835439532549,0.08739380336188071,20.626,26,99,216,1061,8913,10313,444,0.099,0.216,1.061,0.43212450305439737
3604,4.213890376593573e-06,0.8965219718842005,0.08716054691813446,20.626,26,89,223,916,8913,10313,446,0.089,0.223,0.916,0.43212450305439737
3605,3.3332133460711534e-06,0.8965036871469563,0.08722239845900763,20.626,26,92,222,827,8913,10313,448,0.092,0.222,0.827,0.43212450305439737
3606,3.6618425714893726e-06,0.8964773692583736,0.087266305851298,20.626,26,102,227,1070,8913,10313,462,0.102,0.227,1.07,0.43212450305439737
3607,3.785080640605196e-06,0.8964426205594618,0.08726473788571107,20.626,26,86,230,1091,8913,10313,450,0.086,0.23,1.091,0.43212450305439737
3608,3.825101949520742e-06,0.8963772264661471,0.087409637533707,20.626,26,97,220,872,8913,10313,446,0.097,0.22,0.872,0.43212450305439737
3609,4.052378543392052e-06,0.8965194073210385,0.08716163763548344,20.626,26,91,226,985,8913,10313,451,0.091,0.226,0.985,0.43212450305439737
3610,3.154709176276587e-06,0.8965201863219127,0.08720413007202055,20.626,26,91,230,808,8913,10313,455,0.091,0.23,0.808,0.43212450305439737
3611,3.660849420442495e-06,0.8964820794939622,0.08727005525847988,20.626,26,96,213,1085,8913,10313,447,0.096,0.213,1.085,0.43212450305439737
3612,3.7526734693967683e-06,0.8964312181382375,0.08728001161552232,20.626,26,83,231,973,8913,10313,448,0.083,0.231,0.973,0.43212450305439737
3613,3.865104763917892e-06,0.8963678343987707,0.08742557548566542,20.626,26,97,216,751,8913,10313,442,0.097,0.216,0.751,0.43212450305439737
3614,4.201386660194178e-06,0.8965162798058328,0.08716922340955907,20.626,26,87,217,996,8913,10313,438,0.087,0.217,0.996,0.43212450305439737
3615,3.3459497850913335e-06,0.8965102855592102,0.08721398373380632,20.626,26,90,219,792,8913,10313,443,0.09,0.219,0.792,0.43212450305439737
3616,3.65857200876762e-06,0.8964956002025201,0.0872554518554801,20.626,26,100,229,1013,8913,10313,462,0.1,0.229,1.013,0.43212450305439737
3617,3.8541511444707065e-06,0.8964562139820903,0.08725779958281125,20.626,26,86,228,1061,8913,10313,448,0.086,0.228,1.061,0.43212450305439737
3618,3.9508600438589945e-06,0.8963723236730194,0.08740785838740303,20.626,26,96,213,864,8913,10313,438,0.096,0.213,0.864,0.43212450305439737
3619,4.151854758563599e-06,0.8965124473068525,0.08716568426150388,20.626,26,91,219,908,8913,10313,444,0.091,0.219,0.908,0.43212450305439737
3620,3.20207292659229e-06,0.896510527736,0.08720767991599206,20.626,26,89,220,783,8913,10313,443,0.089,0.22,0.783,0.43212450305439737
3621,3.6021426407161912e-06,0.8964787098145541,0.08727274078530219,20.626,26,94,212,1035,8913,10313,443,0.094,0.212,1.035,0.43212450305439737
3622,3.739809299875384e-06,0.8964482048114181,0.08728304126219513,20.626,26,83,233,1299,8913,10313,450,0.083,0.233,1.299,0.43212450305439737
3623,3.896088086229379e-06,0.8963752200598669,0.08742436324062225,20.626,26,97,218,763,8913,10313,444,0.097,0.218,0.763,0.43212450305439737
3624,4.191014014539368e-06,0.8965146670221689,0.08716610975253443,20.626,26,90,215,936,8913,10313,439,0.09,0.215,0.936,0.43212450305439737
3625,3.2728291758382732e-06,0.8965088529122979,0.08720035150108063,20.626,26,89,220,797,8913,10313,443,0.089,0.22,0.797,0.43212450305439737
3626,3.5409422854135933e-06,0.8964798040741768,0.08726690782953321,20.626,26,101,216,1029,8913,10313,455,0.101,0.216,1.029,0.43212450305439737
3627,3.722178272655841e-06,0.8964371130530606,0.08727925487815372,20.626,26,83,224,1005,8913,10313,442,0.083,0.224,1.005,0.43212450305439737
3628,3.868151883368595e-06,0.8963795703364934,0.08742727860455014,20.626,26,93,216,855,8913,10313,438,0.093,0.216,0.855,0.43212450305439737
3629,4.133896874262623e-06,0.8965272794993894,0.08717173885866919,20.626,26,89,224,984,8913,10313,447,0.089,0.224,0.984,0.43212450305439737
3630,3.5028357907248092e-06,0.8965033387785143,0.0872218093450518,20.626,26,90,222,794,8913,10313,446,0.09,0.222,0.794,0.43212450305439737
3631,3.963933924450499e-06,0.8964902320335835,0.08725921462368745,20.626,26,95,224,1066,8913,10313,452,0.095,0.224,1.066,0.43212450305439737
3632,3.87273666595213e-06,0.8964414723900181,0.08725424472903563,20.626,26,83,237,1105,8913,10313,454,0.083,0.237,1.105,0.43212450305439737
3633,3.8319774762014074e-06,0.8963778102991224,0.08739185258631482,20.626,26,96,215,755,8913,10313,440,0.096,0.215,0.755,0.43212450305439737
3634,4.127151351135938e-06,0.8965139471731429,0.08717573685077874,20.626,26,89,219,961,8913,10313,442,0.089,0.219,0.961,0.43212450305439737
3635,3.202670316335206e-06,0.8965029951185604,0.08722744053617228,20.626,26,93,223,705,8913,10313,450,0.093,0.223,0.705,0.43212450305439737
3636,3.501709655980938e-06,0.8964633694416059,0.08728608625054964,20.626,26,106,222,890,8913,10313,465,0.106,0.222,0.89,0.43212450305439737
3637,3.709503146190384e-06,0.8964226266133839,0.08728253078370807,20.626,26,87,231,1022,8913,10313,452,0.087,0.231,1.022,0.43212450305439737
3638,3.83192982767685e-06,0.8963665134486509,0.08742197961196613,20.626,26,97,222,690,8913,10313,448,0.097,0.222,0.69,0.43212450305439737
3639,4.075318811635366e-06,0.8965214444486772,0.0871650561211328,20.626,26,90,223,933,8913,10313,447,0.09,0.223,0.933,0.43212450305439737
3640,3.460482115901875e-06,0.8965032335669616,0.08722758193319609,20.626,26,90,222,811,8913,10313,446,0.09,0.222,0.811,0.43212450305439737
3641,3.9309775561866035e-06,0.8964966193183251,0.08724793366830588,20.626,26,94,221,1070,8913,10313,448,0.094,0.221,1.07,0.43212450305439737
3642,3.8476689631554955e-06,0.8964615332457241,0.0872405589014505,20.626,26,80,233,1771,8913,10313,448,0.08,0.233,1.771,0.43212450305439737
3643,3.892363525287731e-06,0.8963873862345612,0.08739414470374825,20.626,26,96,215,965,8913,10313,440,0.096,0.215,0.965,0.43212450305439737
3644,4.29447438640758e-06,0.8965259517627967,0.0871623414203669,20.626,26,86,221,914,8913,10313,441,0.086,0.221,0.914,0.43212450305439737
3645,3.4528404909268128e-06,0.8964966923244869,0.08723429182661491,20.626,26,91,220,867,8913,10313,445,0.091,0.22,0.867,0.43212450305439737
3646,3.860594573371095e-06,0.8964814108420783,0.0872531265134314,20.626,26,102,216,1139,8913,10313,455,0.102,0.216,1.139,0.43212450305439737
3647,3.7971239408586954e-06,0.8964487169325799,0.08724205781754263,20.626,26,84,232,1842,8913,10313,450,0.084,0.232,1.842,0.43212450305439737
3648,3.829328565275248e-06,0.8963865821539694,0.08739424265205868,20.626,26,97,216,924,8913,10313,442,0.097,0.216,0.924,0.43212450305439737
3649,4.12267695682878e-06,0.8965293867648175,0.08716005108331056,20.626,26,90,225,984,8913,10313,449,0.09,0.225,0.984,0.43212450305439737
3650,3.3009250256449513e-06,0.8965085761037687,0.08722230460666631,20.626,26,90,224,819,8913,10313,448,0.09,0.224,0.819,0.43212450305439737
3651,3.7801012526110592e-06,0.8964784723412688,0.08726610301109088,20.626,26,94,221,1290,8913,10313,448,0.094,0.221,1.29,0.43212450305439737
3652,3.7828958712266887e-06,0.8964402777196595,0.08726459762678404,20.626,26,83,233,1197,8913,10313,450,0.083,0.233,1.197,0.43212450305439737
3653,3.884498668721024e-06,0.8963793281614758,0.08741076647075667,20.626,26,96,219,767,8913,10313,444,0.096,0.219,0.767,0.43212450305439737
3654,4.219804206328558e-06,0.8965225529251395,0.08716270476883609,20.626,26,87,221,965,8913,10313,442,0.087,0.221,0.965,0.43212450305439737
3655,3.4732961816174322e-06,0.8964965106740408,0.08723033659738158,20.626,26,90,219,811,8913,10313,443,0.09,0.219,0.811,0.43212450305439737
3656,3.907558500006455e-06,0.8964931070068237,0.0872507633964054,20.626,26,102,213,1014,8913,10313,453,0.102,0.213,1.014,0.43212450305439737
3657,3.864940649796918e-06,0.8964535907194738,0.08724028127641958,20.626,26,84,234,1551,8913,10313,452,0.084,0.234,1.551,0.43212450305439737
3658,3.8928862069189695e-06,0.8963790647588766,0.08739301389001665,20.626,26,97,212,1127,8913,10313,438,0.097,0.212,1.127,0.43212450305439737
3659,4.156376275975754e-06,0.8965221117231162,0.08716088043111617,20.626,26,88,224,904,8913,10313,446,0.088,0.224,0.904,0.43212450305439737
3660,3.3912442324050852e-06,0.8965047405058734,0.08723552821949948,20.626,26,90,221,798,8913,10313,445,0.09,0.221,0.798,0.43212450305439737
3661,3.99953463641554e-06,0.8964898044533045,0.08725455686678624,20.626,26,93,207,1150,8913,10313,437,0.093,0.207,1.15,0.43212450305439737
3662,3.8104786825181078e-06,0.8964588028198555,0.08724377395611671,20.626,26,81,235,1734,8913,10313,450,0.081,0.235,1.734,0.43212450305439737
3663,3.851969669015143e-06,0.8963876874847528,0.08739425270619926,20.626,26,98,217,806,8913,10313,444,0.098,0.217,0.806,0.43212450305439737
3664,4.188060285624771e-06,0.8965207609590153,0.08715852126908175,20.626,26,88,222,994,8913,10313,444,0.088,0.222,0.994,0.43212450305439737
3665,3.265473910498941e-06,0.8965034011686449,0.0872215924610272,20.626,26,93,226,810,8913,10313,453,0.093,0.226,0.81,0.43212450305439737
3666,3.580978354790136e-06,0.8964737639481637,0.08726570422986415,20.626,26,103,230,1159,8913,10313,466,0.103,0.23,1.159,0.43212450305439737
3667,3.7464457997347846e-06,0.8964461885501638,0.08726609938262599,20.626,26,86,228,1287,8913,10313,448,0.086,0.228,1.287,0.43212450305439737
3668,3.8966825057700595e-06,0.8963877315255402,0.08741223694598915,20.626,26,95,214,882,8913,10313,438,0.095,0.214,0.882,0.43212450305439737
3669,4.153315177414913e-06,0.8965287211512952,0.08716353698058321,20.626,26,88,222,954,8913,10313,444,0.088,0.222,0.954,0.43212450305439737
3670,3.4203215665822473e-06,0.8965024779665093,0.08723124954410326,20.626,26,89,220,795,8913,10313,443,0.089,0.22,0.795,0.43212450305439737
3671,3.994329281560296e-06,0.8964918154830077,0.08725048618291971,20.626,26,93,206,1023,8913,10313,437,0.093,0.206,1.023,0.43212450305439737
3672,3.832982845136675e-06,0.8964576957736714,0.08724120193223125,20.626,26,81,235,1473,8913,10313,450,0.081,0.235,1.473,0.43212450305439737
3673,3.882407552397278e-06,0.8963865200569863,0.0873942899378418,20.626,26,97,218,1032,8913,10313,444,0.097,0.218,1.032,0.43212450305439737
3674,4.215133541150016e-06,0.8965206448258874,0.08716042600905155,20.626,26,88,222,968,8913,10313,444,0.088,0.222,0.968,0.43212450305439737
3675,3.290504523855613e-06,0.8965049394831733,0.08722376811111901,20.626,26,92,222,823,8913,10313,448,0.092,0.222,0.823,0.43212450305439737
3676,3.5822298697527463e-06,0.8964775488760586,0.08726712102724757,20.626,26,102,231,1151,8913,10313,466,0.102,0.231,1.151,0.43212450305439737
3677,3.768049017102634e-06,0.8964469332698332,0.08726555952751372,20.626,26,87,229,1302,8913,10313,450,0.087,0.229,1.302,0.43212450305439737
3678,3.924400950179905e-06,0.8963794470050257,0.08740950750443567,20.626,26,96,215,886,8913,10313,440,0.096,0.215,0.886,0.43212450305439737
3679,4.133478473629071e-06,0.8965218460781871,0.08716147540958691,20.626,26,89,223,944,8913,10313,446,0.089,0.223,0.944,0.43212450305439737
3680,3.4042126522734977e-06,0.8964983804955464,0.08723061631428317,20.626,26,89,220,799,8913,10313,443,0.089,0.22,0.799,0.43212450305439737
3681,3.999181610018775e-06,0.8964926124349126,0.08725100169240449,20.626,26,93,206,1034,8913,10313,437,0.093,0.206,1.034,0.43212450305439737
3682,3.849949198752927e-06,0.8964620228417866,0.08724221543795242,20.626,26,82,236,1481,8913,10313,452,0.082,0.236,1.481,0.43212450305439737
3683,3.884449600130689e-06,0.8963835439532549,0.08739380336188071,20.626,26,99,216,1061,8913,10313,444,0.099,0.216,1.061,0.43212450305439737
3684,4.213890376593573e-06,0.8965219718842005,0.08716054691813446,20.626,26,89,223,916,8913,10313,446,0.089,0.223,0.916,0.43212450305439737
3685,3.3332133460711538e-06,0.8965036871469563,0.08722239845900763,20.626,26,92,222,827,8913,10313,448,0.092,0.222,0.827,0.43212450305439737
3686,3.6618425714893718e-06,0.8964773692583736,0.087266305851298,20.626,26,102,227,1070,8913,10313,462,0.102,0.227,1.07,0.43212450305439737
3687,3.785080640605196e-06,0.8964426205594618,0.08726473788571107,20.626,26,86,230,1091,8913,10313,450,0.086,0.23,1.091,0.43212450305439737
3688,3.825101949520741e-06,0.8963772264661471,0.087409637533707,20.626,26,97,220,872,8913,10313,446,0.097,0.22,0.872,0.43212450305439737
3689,4.052378543392053e-06,0.8965194073210385,0.08716163763548343,20.626,26,91,226,985,8913,10313,451,0.091,0.226,0.985,0.43212450305439737
3690,3.154709176276587e-06,0.8965201863219127,0.08720413007202055,20.626,26,91,230,808,8913,10313,455,0.091,0.23,0.808,0.43212450305439737
3691,3.660849420442494e-06,0.8964820794939622,0.08727005525847988,20.626,26,96,213,1085,8913,10313,447,0.096,0.213,1.085,0.43212450305439737
3692,3.752673469396768e-06,0.8964312181382375,0.08728001161552232,20.626,26,83,231,973,8913,10313,448,0.083,0.231,0.973,0.43212450305439737
3693,3.865104763917892e-06,0.8963678343987707,0.08742557548566542,20.626,26,97,216,751,8913,10313,442,0.097,0.216,0.751,0.43212450305439737
3694,4.201386660194178e-06,0.8965162798058328,0.08716922340955907,20.626,26,87,217,996,8913,10313,438,0.087,0.217,0.996,0.43212450305439737
3695,3.3459497850913365e-06,0.8965102855592102,0.08721398373380632,20.626,26,90,219,792,8913,10313,443,0.09,0.219,0.792,0.43212450305439737
3696,3.658572008767621e-06,0.8964956002025201,0.0872554518554801,20.626,26,100,229,1013,8913,10313,462,0.1,0.229,1.013,0.43212450305439737
3697,3.8541511444707065e-06,0.8964562139820903,0.08725779958281125,20.626,26,86,228,1061,8913,10313,448,0.086,0.228,1.061,0.43212450305439737
3698,3.950860043858991e-06,0.8963723236730194,0.08740785838740303,20.626,26,96,213,864,8913,10313,438,0.096,0.213,0.864,0.43212450305439737
3699,4.151854758563598e-06,0.8965124473068525,0.08716568426150388,20.626,26,91,219,908,8913,10313,444,0.091,0.219,0.908,0.43212450305439737
3700,3.202072926592289e-06,0.896510527736,0.08720767991599206,20.626,26,89,220,783,8913,10313,443,0.089,0.22,0.783,0.43212450305439737
3701,3.602142640716191e-06,0.8964787098145541,0.08727274078530219,20.626,26,94,212,1035,8913,10313,443,0.094,0.212,1.035,0.43212450305439737
3702,3.7398092998753854e-06,0.8964482048114181,0.08728304126219513,20.626,26,83,233,1299,8913,10313,450,0.083,0.233,1.299,0.43212450305439737
3703,3.89608808622938e-06,0.8963752200598669,0.08742436324062225,20.626,26,97,218,763,8913,10313,444,0.097,0.218,0.763,0.43212450305439737
3704,4.191014014539368e-06,0.8965146670221688,0.08716610975253443,20.626,26,90,215,936,8913,10313,439,0.09,0.215,0.936,0.43212450305439737
3705,3.2728291758382732e-06,0.8965088529122979,0.08720035150108063,20.626,26,89,220,797,8913,10313,443,0.089,0.22,0.797,0.43212450305439737
3706,3.5409422854135933e-06,0.8964798040741768,0.08726690782953321,20.626,26,101,216,1029,8913,10313,455,0.101,0.216,1.029,0.43212450305439737
3707,3.7221782726558408e-06,0.8964371130530606,0.08727925487815372,20.626,26,83,224,1005,8913,10313,442,0.083,0.224,1.005,0.43212450305439737
3708,3.868151883368596e-06,0.8963795703364934,0.08742727860455014,20.626,26,93,216,855,8913,10313,438,0.093,0.216,0.855,0.43212450305439737
3709,4.133896874262624e-06,0.8965272794993894,0.08717173885866919,20.626,26,89,224,984,8913,10313,447,0.089,0.224,0.984,0.43212450305439737
3710,3.5028357907248084e-06,0.8965033387785143,0.0872218093450518,20.626,26,90,222,794,8913,10313,446,0.09,0.222,0.794,0.43212450305439737
3711,3.963933924450499e-06,0.8964902320335835,0.08725921462368745,20.626,26,95,224,1066,8913,10313,452,0.095,0.224,1.066,0.43212450305439737
3712,3.872736665952129e-06,0.8964414723900181,0.08725424472903563,20.626,26,83,237,1105,8913,10313,454,0.083,0.237,1.105,0.43212450305439737
3713,3.831977476201405e-06,0.8963778102991224,0.08739185258631482,20.626,26,96,215,755,8913,10313,440,0.096,0.215,0.755,0.43212450305439737
3714,4.127151351135937e-06,0.8965139471731429,0.08717573685077874,20.626,26,89,219,961,8913,10313,442,0.089,0.219,0.961,0.43212450305439737
3715,3.202670316335206e-06,0.8965029951185604,0.08722744053617228,20.626,26,93,223,705,8913,10313,450,0.093,0.223,0.705,0.43212450305439737
3716,3.501709655980939e-06,0.8964633694416059,0.08728608625054962,20.626,26,106,222,890,8913,10313,465,0.106,0.222,0.89,0.43212450305439737
3717,3.7095031461903834e-06,0.8964226266133839,0.08728253078370807,20.626,26,87,231,1022,8913,10313,452,0.087,0.231,1.022,0.43212450305439737
3718,3.831929827676849e-06,0.8963665134486509,0.08742197961196613,20.626,26,97,222,690,8913,10313,448,0.097,0.222,0.69,0.43212450305439737
3719,4.075318811635366e-06,0.8965214444486772,0.0871650561211328,20.626,26,90,223,933,8913,10313,447,0.09,0.223,0.933,0.43212450305439737
3720,3.4604821159018755e-06,0.8965032335669616,0.08722758193319609,20.626,26,90,222,811,8913,10313,446,0.09,0.222,0.811,0.43212450305439737
3721,3.9309775561866035e-06,0.8964966193183251,0.08724793366830588,20.626,26,94,221,1070,8913,10313,448,0.094,0.221,1.07,0.43212450305439737
3722,3.8476689631554955e-06,0.8964615332457241,0.0872405589014505,20.626,26,80,233,1771,8913,10313,448,0.08,0.233,1.771,0.43212450305439737
3723,3.892363525287732e-06,0.8963873862345612,0.08739414470374825,20.626,26,96,215,965,8913,10313,440,0.096,0.215,0.965,0.43212450305439737
3724,4.294474386407581e-06,0.8965259517627966,0.0871623414203669,20.626,26,86,221,914,8913,10313,441,0.086,0.221,0.914,0.43212450305439737
3725,3.452840490926814e-06,0.8964966923244869,0.08723429182661491,20.626,26,91,220,867,8913,10313,445,0.091,0.22,0.867,0.43212450305439737
3726,3.860594573371095e-06,0.8964814108420783,0.0872531265134314,20.626,26,102,216,1139,8913,10313,455,0.102,0.216,1.139,0.43212450305439737
3727,3.7971239408586954e-06,0.8964487169325799,0.08724205781754263,20.626,26,84,232,1842,8913,10313,450,0.084,0.232,1.842,0.43212450305439737
3728,3.829328565275248e-06,0.8963865821539694,0.08739424265205868,20.626,26,97,216,924,8913,10313,442,0.097,0.216,0.924,0.43212450305439737
3729,4.12267695682878e-06,0.8965293867648175,0.08716005108331056,20.626,26,90,225,984,8913,10313,449,0.09,0.225,0.984,0.43212450305439737
3730,3.3009250256449513e-06,0.8965085761037687,0.08722230460666631,20.626,26,90,224,819,8913,10313,448,0.09,0.224,0.819,0.43212450305439737
3731,3.7801012526110592e-06,0.8964784723412688,0.08726610301109088,20.626,26,94,221,1290,8913,10313,448,0.094,0.221,1.29,0.43212450305439737
3732,3.7828958712266882e-06,0.8964402777196595,0.08726459762678404,20.626,26,83,233,1197,8913,10313,450,0.083,0.233,1.197,0.43212450305439737
3733,3.884498668721024e-06,0.8963793281614758,0.08741076647075667,20.626,26,96,219,767,8913,10313,444,0.096,0.219,0.767,0.43212450305439737
3734,4.2198042063285565e-06,0.8965225529251395,0.08716270476883609,20.626,26,87,221,965,8913,10313,442,0.087,0.221,0.965,0.43212450305439737
3735,3.473296181617432e-06,0.8964965106740408,0.08723033659738158,20.626,26,90,219,811,8913,10313,443,0.09,0.219,0.811,0.43212450305439737
3736,3.907558500006454e-06,0.8964931070068237,0.0872507633964054,20.626,26,102,213,1014,8913,10313,453,0.102,0.213,1.014,0.43212450305439737
3737,3.864940649796918e-06,0.8964535907194738,0.08724028127641958,20.626,26,84,234,1551,8913,10313,452,0.084,0.234,1.551,0.43212450305439737
3738,3.892886206918973e-06,0.8963790647588765,0.08739301389001665,20.626,26,97,212,1127,8913,10313,438,0.097,0.212,1.127,0.43212450305439737
3739,4.156376275975755e-06,0.8965221117231162,0.08716088043111617,20.626,26,88,224,904,8913,10313,446,0.088,0.224,0.904,0.43212450305439737
3740,3.391244232405085e-06,0.8965047405058734,0.08723552821949948,20.626,26,90,221,798,8913,10313,445,0.09,0.221,0.798,0.43212450305439737
3741,3.999534636415539e-06,0.8964898044533045,0.08725455686678622,20.626,26,93,207,1150,8913,10313,437,0.093,0.207,1.15,0.43212450305439737
3742,3.8104786825181073e-06,0.8964588028198555,0.08724377395611671,20.626,26,81,235,1734,8913,10313,450,0.081,0.235,1.734,0.43212450305439737
3743,3.851969669015142e-06,0.8963876874847528,0.08739425270619926,20.626,26,98,217,806,8913,10313,444,0.098,0.217,0.806,0.43212450305439737
3744,4.18806028562477e-06,0.8965207609590153,0.08715852126908175,20.626,26,88,222,994,8913,10313,444,0.088,0.222,0.994,0.43212450305439737
3745,3.265473910498941e-06,0.8965034011686449,0.0872215924610272,20.626,26,93,226,810,8913,10313,453,0.093,0.226,0.81,0.43212450305439737
3746,3.5809783547901366e-06,0.8964737639481637,0.08726570422986415,20.626,26,103,230,1159,8913,10313,466,0.103,0.23,1.159,0.43212450305439737
3747,3.746445799734784e-06,0.8964461885501638,0.08726609938262599,20.626,26,86,228,1287,8913,10313,448,0.086,0.228,1.287,0.43212450305439737
3748,3.896682505770059e-06,0.8963877315255401,0.08741223694598915,20.626,26,95,214,882,8913,10313,438,0.095,0.214,0.882,0.43212450305439737
3749,4.153315177414913e-06,0.8965287211512952,0.08716353698058321,20.626,26,88,222,954,8913,10313,444,0.088,0.222,0.954,0.43212450305439737
3750,3.4203215665822477e-06,0.8965024779665093,0.08723124954410326,20.626,26,89,220,795,8913,10313,443,0.089,0.22,0.795,0.43212450305439737
3751,3.994329281560297e-06,0.8964918154830077,0.08725048618291971,20.626,26,93,206,1023,8913,10313,437,0.093,0.206,1.023,0.43212450305439737
3752,3.832982845136675e-06,0.8964576957736714,0.08724120193223125,20.626,26,81,235,1473,8913,10313,450,0.081,0.235,1.473,0.43212450305439737
3753,3.882407552397279e-06,0.8963865200569863,0.0873942899378418,20.626,26,97,218,1032,8913,10313,444,0.097,0.218,1.032,0.43212450305439737
3754,4.215133541150017e-06,0.8965206448258874,0.08716042600905155,20.626,26,88,222,968,8913,10313,444,0.088,0.222,0.968,0.43212450305439737
3755,3.290504523855612e-06,0.8965049394831733,0.08722376811111901,20.626,26,92,222,823,8913,10313,448,0.092,0.222,0.823,0.43212450305439737
3756,3.582229869752746e-06,0.8964775488760586,0.08726712102724757,20.626,26,102,231,1151,8913,10313,466,0.102,0.231,1.151,0.43212450305439737
3757,3.7680490171026333e-06,0.8964469332698332,0.08726555952751372,20.626,26,87,229,1302,8913,10313,450,0.087,0.229,1.302,0.43212450305439737
3758,3.924400950179903e-06,0.8963794470050257,0.08740950750443567,20.626,26,96,215,886,8913,10313,440,0.096,0.215,0.886,0.43212450305439737
3759,4.133478473629071e-06,0.8965218460781871,0.08716147540958691,20.626,26,89,223,944,8913,10313,446,0.089,0.223,0.944,0.43212450305439737
3760,3.4042126522734973e-06,0.8964983804955464,0.08723061631428317,20.626,26,89,220,799,8913,10313,443,0.089,0.22,0.799,0.43212450305439737
3761,3.999181610018775e-06,0.8964926124349126,0.08725100169240449,20.626,26,93,206,1034,8913,10313,437,0.093,0.206,1.034,0.43212450305439737
3762,3.849949198752927e-06,0.8964620228417866,0.08724221543795242,20.626,26,82,236,1481,8913,10313,452,0.082,0.236,1.481,0.43212450305439737
3763,3.884449600130689e-06,0.8963835439532549,0.08739380336188071,20.626,26,99,216,1061,8913,10313,444,0.099,0.216,1.061,0.43212450305439737
3764,4.213890376593573e-06,0.8965219718842005,0.08716054691813446,20.626,26,89,223,916,8913,10313,446,0.089,0.223,0.916,0.43212450305439737
3765,3.3332133460711534e-06,0.8965036871469563,0.08722239845900763,20.626,26,92,222,827,8913,10313,448,0.092,0.222,0.827,0.43212450305439737
3766,3.6618425714893726e-06,0.8964773692583736,0.087266305851298,20.626,26,102,227,1070,8913,10313,462,0.102,0.227,1.07,0.43212450305439737
3767,3.7850806406051954e-06,0.8964426205594618,0.08726473788571107,20.626,26,86,230,1091,8913,10313,450,0.086,0.23,1.091,0.43212450305439737
3768,3.825101949520742e-06,0.8963772264661471,0.087409637533707,20.626,26,97,220,872,8913,10313,446,0.097,0.22,0.872,0.43212450305439737
3769,4.052378543392053e-06,0.8965194073210385,0.08716163763548344,20.626,26,91,226,985,8913,10313,451,0.091,0.226,0.985,0.43212450305439737
3770,3.154709176276587e-06,0.8965201863219127,0.08720413007202055,20.626,26,91,230,808,8913,10313,455,0.091,0.23,0.808,0.43212450305439737
3771,3.660849420442495e-06,0.8964820794939622,0.08727005525847988,20.626,26,96,213,1085,8913,10313,447,0.096,0.213,1.085,0.43212450305439737
3772,3.752673469396768e-06,0.8964312181382375,0.08728001161552232,20.626,26,83,231,973,8913,10313,448,0.083,0.231,0.973,0.43212450305439737
3773,3.8651047639178916e-06,0.8963678343987707,0.08742557548566542,20.626,26,97,216,751,8913,10313,442,0.097,0.216,0.751,0.43212450305439737
3774,4.201386660194178e-06,0.8965162798058328,0.08716922340955907,20.626,26,87,217,996,8913,10313,438,0.087,0.217,0.996,0.43212450305439737
3775,3.345949785091335e-06,0.8965102855592102,0.08721398373380632,20.626,26,90,219,792,8913,10313,443,0.09,0.219,0.792,0.43212450305439737
3776,3.6585720087676203e-06,0.8964956002025201,0.0872554518554801,20.626,26,100,229,1013,8913,10313,462,0.1,0.229,1.013,0.43212450305439737
3777,3.8541511444707065e-06,0.8964562139820903,0.08725779958281125,20.626,26,86,228,1061,8913,10313,448,0.086,0.228,1.061,0.43212450305439737
3778,3.950860043858992e-06,0.8963723236730194,0.08740785838740303,20.626,26,96,213,864,8913,10313,438,0.096,0.213,0.864,0.43212450305439737
3779,4.151854758563598e-06,0.8965124473068525,0.08716568426150388,20.626,26,91,219,908,8913,10313,444,0.091,0.219,0.908,0.43212450305439737
3780,3.20207292659229e-06,0.896510527736,0.08720767991599206,20.626,26,89,220,783,8913,10313,443,0.089,0.22,0.783,0.43212450305439737
3781,3.6021426407161912e-06,0.8964787098145541,0.08727274078530219,20.626,26,94,212,1035,8913,10313,443,0.094,0.212,1.035,0.43212450305439737
3782,3.7398092998753845e-06,0.8964482048114181,0.08728304126219513,20.626,26,83,233,1299,8913,10313,450,0.083,0.233,1.299,0.43212450305439737
3783,3.896088086229379e-06,0.8963752200598669,0.08742436324062225,20.626,26,97,218,763,8913,10313,444,0.097,0.218,0.763,0.43212450305439737
3784,4.191014014539368e-06,0.8965146670221688,0.08716610975253443,20.626,26,90,215,936,8913,10313,439,0.09,0.215,0.936,0.43212450305439737
3785,3.2728291758382732e-06,0.8965088529122979,0.08720035150108063,20.626,26,89,220,797,8913,10313,443,0.089,0.22,0.797,0.43212450305439737
3786,3.5409422854135933e-06,0.8964798040741768,0.08726690782953321,20.626,26,101,216,1029,8913,10313,455,0.101,0.216,1.029,0.43212450305439737
3787,3.722178272655842e-06,0.8964371130530606,0.08727925487815372,20.626,26,83,224,1005,8913,10313,442,0.083,0.224,1.005,0.43212450305439737
3788,3.868151883368596e-06,0.8963795703364934,0.08742727860455014,20.626,26,93,216,855,8913,10313,438,0.093,0.216,0.855,0.43212450305439737
3789,4.133896874262623e-06,0.8965272794993894,0.08717173885866919,20.626,26,89,224,984,8913,10313,447,0.089,0.224,0.984,0.43212450305439737
3790,3.5028357907248092e-06,0.8965033387785143,0.0872218093450518,20.626,26,90,222,794,8913,10313,446,0.09,0.222,0.794,0.43212450305439737
3791,3.963933924450499e-06,0.8964902320335835,0.08725921462368745,20.626,26,95,224,1066,8913,10313,452,0.095,0.224,1.066,0.43212450305439737
3792,3.872736665952129e-06,0.8964414723900181,0.08725424472903563,20.626,26,83,237,1105,8913,10313,454,0.083,0.237,1.105,0.43212450305439737
3793,3.8319774762014074e-06,0.8963778102991224,0.08739185258631482,20.626,26,96,215,755,8913,10313,440,0.096,0.215,0.755,0.43212450305439737
3794,4.127151351135937e-06,0.8965139471731429,0.08717573685077874,20.626,26,89,219,961,8913,10313,442,0.089,0.219,0.961,0.43212450305439737
3795,3.202670316335206e-06,0.8965029951185604,0.08722744053617228,20.626,26,93,223,705,8913,10313,450,0.093,0.223,0.705,0.43212450305439737
3796,3.501709655980939e-06,0.8964633694416059,0.08728608625054962,20.626,26,106,222,890,8913,10313,465,0.106,0.222,0.89,0.43212450305439737
3797,3.709503146190384e-06,0.8964226266133839,0.08728253078370807,20.626,26,87,231,1022,8913,10313,452,0.087,0.231,1.022,0.43212450305439737
3798,3.831929827676852e-06,0.8963665134486509,0.08742197961196613,20.626,26,97,222,690,8913,10313,448,0.097,0.222,0.69,0.43212450305439737
3799,4.0753188116353665e-06,0.8965214444486772,0.0871650561211328,20.626,26,90,223,933,8913,10313,447,0.09,0.223,0.933,0.43212450305439737
3800,3.4604821159018755e-06,0.8965032335669616,0.08722758193319609,20.626,26,90,222,811,8913,10313,446,0.09,0.222,0.811,0.43212450305439737
3801,3.930977556186603e-06,0.8964966193183251,0.08724793366830588,20.626,26,94,221,1070,8913,10313,448,0.094,0.221,1.07,0.43212450305439737
3802,3.847668963155495e-06,0.8964615332457241,0.0872405589014505,20.626,26,80,233,1771,8913,10313,448,0.08,0.233,1.771,0.43212450305439737
3803,3.89236352528773e-06,0.8963873862345612,0.08739414470374825,20.626,26,96,215,965,8913,10313,440,0.096,0.215,0.965,0.43212450305439737
3804,4.29447438640758e-06,0.8965259517627967,0.0871623414203669,20.626,26,86,221,914,8913,10313,441,0.086,0.221,0.914,0.43212450305439737
3805,3.4528404909268136e-06,0.8964966923244869,0.08723429182661491,20.626,26,91,220,867,8913,10313,445,0.091,0.22,0.867,0.43212450305439737
3806,3.860594573371095e-06,0.8964814108420783,0.0872531265134314,20.626,26,102,216,1139,8913,10313,455,0.102,0.216,1.139,0.43212450305439737
3807,3.797123940858696e-06,0.8964487169325799,0.08724205781754263,20.626,26,84,232,1842,8913,10313,450,0.084,0.232,1.842,0.43212450305439737
3808,3.829328565275247e-06,0.8963865821539694,0.08739424265205868,20.626,26,97,216,924,8913,10313,442,0.097,0.216,0.924,0.43212450305439737
3809,4.12267695682878e-06,0.8965293867648175,0.08716005108331056,20.626,26,90,225,984,8913,10313,449,0.09,0.225,0.984,0.43212450305439737
3810,3.300925025644951e-06,0.8965085761037687,0.08722230460666631,20.626,26,90,224,819,8913,10313,448,0.09,0.224,0.819,0.43212450305439737
3811,3.78010125261106e-06,0.8964784723412688,0.08726610301109088,20.626,26,94,221,1290,8913,10313,448,0.094,0.221,1.29,0.43212450305439737
3812,3.7828958712266887e-06,0.8964402777196595,0.08726459762678404,20.626,26,83,233,1197,8913,10313,450,0.083,0.233,1.197,0.43212450305439737
3813,3.884498668721025e-06,0.8963793281614758,0.08741076647075667,20.626,26,96,219,767,8913,10313,444,0.096,0.219,0.767,0.43212450305439737
3814,4.219804206328558e-06,0.8965225529251395,0.08716270476883609,20.626,26,87,221,965,8913,10313,442,0.087,0.221,0.965,0.43212450305439737
3815,3.473296181617432e-06,0.8964965106740408,0.08723033659738158,20.626,26,90,219,811,8913,10313,443,0.09,0.219,0.811,0.43212450305439737
3816,3.907558500006455e-06,0.8964931070068238,0.0872507633964054,20.626,26,102,213,1014,8913,10313,453,0.102,0.213,1.014,0.43212450305439737
3817,3.864940649796918e-06,0.8964535907194738,0.08724028127641958,20.626,26,84,234,1551,8913,10313,452,0.084,0.234,1.551,0.43212450305439737
3818,3.89288620691897e-06,0.8963790647588766,0.08739301389001665,20.626,26,97,212,1127,8913,10313,438,0.097,0.212,1.127,0.43212450305439737
3819,4.156376275975755e-06,0.8965221117231162,0.08716088043111617,20.626,26,88,224,904,8913,10313,446,0.088,0.224,0.904,0.43212450305439737
3820,3.3912442324050852e-06,0.8965047405058734,0.08723552821949948,20.626,26,90,221,798,8913,10313,445,0.09,0.221,0.798,0.43212450305439737
3821,3.99953463641554e-06,0.8964898044533045,0.08725455686678624,20.626,26,93,207,1150,8913,10313,437,0.093,0.207,1.15,0.43212450305439737
3822,3.8104786825181078e-06,0.8964588028198555,0.08724377395611671,20.626,26,81,235,1734,8913,10313,450,0.081,0.235,1.734,0.43212450305439737
3823,3.851969669015143e-06,0.8963876874847528,0.08739425270619926,20.626,26,98,217,806,8913,10313,444,0.098,0.217,0.806,0.43212450305439737
3824,4.188060285624771e-06,0.8965207609590153,0.08715852126908175,20.626,26,88,222,994,8913,10313,444,0.088,0.222,0.994,0.43212450305439737
3825,3.265473910498941e-06,0.8965034011686449,0.0872215924610272,20.626,26,93,226,810,8913,10313,453,0.093,0.226,0.81,0.43212450305439737
3826,3.580978354790136e-06,0.8964737639481637,0.08726570422986415,20.626,26,103,230,1159,8913,10313,466,0.103,0.23,1.159,0.43212450305439737
3827,3.746445799734784e-06,0.8964461885501638,0.08726609938262599,20.626,26,86,228,1287,8913,10313,448,0.086,0.228,1.287,0.43212450305439737
3828,3.8966825057700595e-06,0.8963877315255402,0.08741223694598915,20.626,26,95,214,882,8913,10313,438,0.095,0.214,0.882,0.43212450305439737
3829,4.153315177414913e-06,0.8965287211512952,0.08716353698058321,20.626,26,88,222,954,8913,10313,444,0.088,0.222,0.954,0.43212450305439737
3830,3.4203215665822473e-06,0.8965024779665093,0.08723124954410326,20.626,26,89,220,795,8913,10313,443,0.089,0.22,0.795,0.43212450305439737
3831,3.994329281560296e-06,0.8964918154830077,0.08725048618291971,20.626,26,93,206,1023,8913,10313,437,0.093,0.206,1.023,0.43212450305439737
3832,3.832982845136674e-06,0.8964576957736714,0.08724120193223125,20.626,26,81,235,1473,8913,10313,450,0.081,0.235,1.473,0.43212450305439737
3833,3.882407552397278e-06,0.8963865200569863,0.0873942899378418,20.626,26,97,218,1032,8913,10313,444,0.097,0.218,1.032,0.43212450305439737
3834,4.215133541150016e-06,0.8965206448258874,0.08716042600905155,20.626,26,88,222,968,8913,10313,444,0.088,0.222,0.968,0.43212450305439737
3835,3.2905045238556126e-06,0.8965049394831733,0.08722376811111901,20.626,26,92,222,823,8913,10313,448,0.092,0.222,0.823,0.43212450305439737
3836,3.5822298697527463e-06,0.8964775488760586,0.08726712102724757,20.626,26,102,231,1151,8913,10313,466,0.102,0.231,1.151,0.43212450305439737
3837,3.7680490171026337e-06,0.8964469332698332,0.08726555952751372,20.626,26,87,229,1302,8913,10313,450,0.087,0.229,1.302,0.43212450305439737
3838,3.924400950179903e-06,0.8963794470050257,0.08740950750443567,20.626,26,96,215,886,8913,10313,440,0.096,0.215,0.886,0.43212450305439737
3839,4.13347847362907e-06,0.8965218460781871,0.08716147540958691,20.626,26,89,223,944,8913,10313,446,0.089,0.223,0.944,0.43212450305439737
3840,3.404212652273497e-06,0.8964983804955464,0.08723061631428317,20.626,26,89,220,799,8913,10313,443,0.089,0.22,0.799,0.43212450305439737
3841,3.999181610018776e-06,0.8964926124349126,0.08725100169240449,20.626,26,93,206,1034,8913,10313,437,0.093,0.206,1.034,0.43212450305439737
3842,3.849949198752928e-06,0.8964620228417866,0.08724221543795242,20.626,26,82,236,1481,8913,10313,452,0.082,0.236,1.481,0.43212450305439737
3843,3.8844496001306895e-06,0.8963835439532549,0.08739380336188071,20.626,26,99,216,1061,8913,10313,444,0.099,0.216,1.061,0.43212450305439737
3844,4.213890376593573e-06,0.8965219718842005,0.08716054691813446,20.626,26,89,223,916,8913,10313,446,0.089,0.223,0.916,0.43212450305439737
3845,3.3332133460711534e-06,0.8965036871469563,0.08722239845900763,20.626,26,92,222,827,8913,10313,448,0.092,0.222,0.827,0.43212450305439737
3846,3.6618425714893714e-06,0.8964773692583736,0.087266305851298,20.626,26,102,227,1070,8913,10313,462,0.102,0.227,1.07,0.43212450305439737
3847,3.785080640605196e-06,0.8964426205594618,0.08726473788571107,20.626,26,86,230,1091,8913,10313,450,0.086,0.23,1.091,0.43212450305439737
3848,3.8251019495207425e-06,0.8963772264661471,0.087409637533707,20.626,26,97,220,872,8913,10313,446,0.097,0.22,0.872,0.43212450305439737
3849,4.052378543392053e-06,0.8965194073210385,0.08716163763548343,20.626,26,91,226,985,8913,10313,451,0.091,0.226,0.985,0.43212450305439737
3850,3.154709176276587e-06,0.8965201863219127,0.08720413007202055,20.626,26,91,230,808,8913,10313,455,0.091,0.23,0.808,0.43212450305439737
3851,3.6608494204424945e-06,0.8964820794939622,0.08727005525847988,20.626,26,96,213,1085,8913,10313,447,0.096,0.213,1.085,0.43212450305439737
3852,3.752673469396768e-06,0.8964312181382375,0.08728001161552232,20.626,26,83,231,973,8913,10313,448,0.083,0.231,0.973,0.43212450305439737
3853,3.8651047639178916e-06,0.8963678343987707,0.08742557548566542,20.626,26,97,216,751,8913,10313,442,0.097,0.216,0.751,0.43212450305439737
3854,4.201386660194178e-06,0.8965162798058328,0.08716922340955907,20.626,26,87,217,996,8913,10313,438,0.087,0.217,0.996,0.43212450305439737
3855,3.345949785091337e-06,0.8965102855592102,0.08721398373380632,20.626,26,90,219,792,8913,10313,443,0.09,0.219,0.792,0.43212450305439737
3856,3.6585720087676216e-06,0.8964956002025201,0.0872554518554801,20.626,26,100,229,1013,8913,10313,462,0.1,0.229,1.013,0.43212450305439737
3857,3.8541511444707065e-06,0.8964562139820903,0.08725779958281125,20.626,26,86,228,1061,8913,10313,448,0.086,0.228,1.061,0.43212450305439737
3858,3.950860043858992e-06,0.8963723236730194,0.08740785838740303,20.626,26,96,213,864,8913,10313,438,0.096,0.213,0.864,0.43212450305439737
3859,4.151854758563599e-06,0.8965124473068525,0.08716568426150388,20.626,26,91,219,908,8913,10313,444,0.091,0.219,0.908,0.43212450305439737
3860,3.20207292659229e-06,0.896510527736,0.08720767991599206,20.626,26,89,220,783,8913,10313,443,0.089,0.22,0.783,0.43212450305439737
3861,3.602142640716191e-06,0.8964787098145541,0.08727274078530219,20.626,26,94,212,1035,8913,10313,443,0.094,0.212,1.035,0.43212450305439737
3862,3.7398092998753862e-06,0.8964482048114181,0.08728304126219513,20.626,26,83,233,1299,8913,10313,450,0.083,0.233,1.299,0.43212450305439737
3863,3.896088086229379e-06,0.8963752200598669,0.08742436324062225,20.626,26,97,218,763,8913,10313,444,0.097,0.218,0.763,0.43212450305439737
3864,4.191014014539368e-06,0.8965146670221689,0.08716610975253443,20.626,26,90,215,936,8913,10313,439,0.09,0.215,0.936,0.43212450305439737
3865,3.2728291758382732e-06,0.8965088529122979,0.08720035150108063,20.626,26,89,220,797,8913,10313,443,0.089,0.22,0.797,0.43212450305439737
3866,3.5409422854135933e-06,0.8964798040741768,0.08726690782953321,20.626,26,101,216,1029,8913,10313,455,0.101,0.216,1.029,0.43212450305439737
3867,3.722178272655841e-06,0.8964371130530606,0.08727925487815372,20.626,26,83,224,1005,8913,10313,442,0.083,0.224,1.005,0.43212450305439737
3868,3.868151883368596e-06,0.8963795703364934,0.08742727860455014,20.626,26,93,216,855,8913,10313,438,0.093,0.216,0.855,0.43212450305439737
3869,4.133896874262623e-06,0.8965272794993894,0.08717173885866919,20.626,26,89,224,984,8913,10313,447,0.089,0.224,0.984,0.43212450305439737
3870,3.502835790724808e-06,0.8965033387785143,0.0872218093450518,20.626,26,90,222,794,8913,10313,446,0.09,0.222,0.794,0.43212450305439737
3871,3.963933924450498e-06,0.8964902320335835,0.08725921462368745,20.626,26,95,224,1066,8913,10313,452,0.095,0.224,1.066,0.43212450305439737
3872,3.872736665952129e-06,0.8964414723900181,0.08725424472903563,20.626,26,83,237,1105,8913,10313,454,0.083,0.237,1.105,0.43212450305439737
3873,3.831977476201406e-06,0.8963778102991224,0.08739185258631482,20.626,26,96,215,755,8913,10313,440,0.096,0.215,0.755,0.43212450305439737
3874,4.127151351135937e-06,0.8965139471731429,0.08717573685077874,20.626,26,89,219,961,8913,10313,442,0.089,0.219,0.961,0.43212450305439737
3875,3.202670316335206e-06,0.8965029951185604,0.08722744053617228,20.626,26,93,223,705,8913,10313,450,0.093,0.223,0.705,0.43212450305439737
3876,3.501709655980939e-06,0.8964633694416059,0.08728608625054964,20.626,26,106,222,890,8913,10313,465,0.106,0.222,0.89,0.43212450305439737
3877,3.709503146190384e-06,0.8964226266133839,0.08728253078370807,20.626,26,87,231,1022,8913,10313,452,0.087,0.231,1.022,0.43212450305439737
3878,3.83192982767685e-06,0.8963665134486509,0.08742197961196613,20.626,26,97,222,690,8913,10313,448,0.097,0.222,0.69,0.43212450305439737
3879,4.075318811635366e-06,0.8965214444486772,0.0871650561211328,20.626,26,90,223,933,8913,10313,447,0.09,0.223,0.933,0.43212450305439737
3880,3.4604821159018755e-06,0.8965032335669616,0.08722758193319609,20.626,26,90,222,811,8913,10313,446,0.09,0.222,0.811,0.43212450305439737
3881,3.930977556186603e-06,0.8964966193183251,0.08724793366830588,20.626,26,94,221,1070,8913,10313,448,0.094,0.221,1.07,0.43212450305439737
3882,3.8476689631554955e-06,0.8964615332457241,0.0872405589014505,20.626,26,80,233,1771,8913,10313,448,0.08,0.233,1.771,0.43212450305439737
3883,3.892363525287732e-06,0.8963873862345612,0.08739414470374825,20.626,26,96,215,965,8913,10313,440,0.096,0.215,0.965,0.43212450305439737
3884,4.29447438640758e-06,0.8965259517627966,0.0871623414203669,20.626,26,86,221,914,8913,10313,441,0.086,0.221,0.914,0.43212450305439737
3885,3.4528404909268128e-06,0.8964966923244869,0.08723429182661491,20.626,26,91,220,867,8913,10313,445,0.091,0.22,0.867,0.43212450305439737
3886,3.860594573371095e-06,0.8964814108420783,0.0872531265134314,20.626,26,102,216,1139,8913,10313,455,0.102,0.216,1.139,0.43212450305439737
3887,3.797123940858696e-06,0.8964487169325799,0.08724205781754263,20.626,26,84,232,1842,8913,10313,450,0.084,0.232,1.842,0.43212450305439737
3888,3.829328565275248e-06,0.8963865821539694,0.08739424265205868,20.626,26,97,216,924,8913,10313,442,0.097,0.216,0.924,0.43212450305439737
3889,4.1226769568287804e-06,0.8965293867648175,0.08716005108331056,20.626,26,90,225,984,8913,10313,449,0.09,0.225,0.984,0.43212450305439737
3890,3.3009250256449517e-06,0.8965085761037687,0.08722230460666631,20.626,26,90,224,819,8913,10313,448,0.09,0.224,0.819,0.43212450305439737
3891,3.7801012526110592e-06,0.8964784723412688,0.08726610301109088,20.626,26,94,221,1290,8913,10313,448,0.094,0.221,1.29,0.43212450305439737
3892,3.7828958712266882e-06,0.8964402777196595,0.08726459762678404,20.626,26,83,233,1197,8913,10313,450,0.083,0.233,1.197,0.43212450305439737
3893,3.884498668721022e-06,0.8963793281614758,0.08741076647075667,20.626,26,96,219,767,8913,10313,444,0.096,0.219,0.767,0.43212450305439737
3894,4.2198042063285565e-06,0.8965225529251396,0.08716270476883606,20.626,26,87,221,965,8913,10313,442,0.087,0.221,0.965,0.43212450305439737
3895,3.473296181617432e-06,0.8964965106740408,0.08723033659738158,20.626,26,90,219,811,8913,10313,443,0.09,0.219,0.811,0.43212450305439737
3896,3.907558500006455e-06,0.8964931070068237,0.0872507633964054,20.626,26,102,213,1014,8913,10313,453,0.102,0.213,1.014,0.43212450305439737
3897,3.864940649796919e-06,0.8964535907194738,0.08724028127641958,20.626,26,84,234,1551,8913,10313,452,0.084,0.234,1.551,0.43212450305439737
3898,3.892886206918971e-06,0.8963790647588765,0.08739301389001665,20.626,26,97,212,1127,8913,10313,438,0.097,0.212,1.127,0.43212450305439737
3899,4.156376275975754e-06,0.8965221117231162,0.08716088043111617,20.626,26,88,224,904,8913,10313,446,0.088,0.224,0.904,0.43212450305439737
3900,3.3912442324050844e-06,0.8965047405058734,0.08723552821949948,20.626,26,90,221,798,8913,10313,445,0.09,0.221,0.798,0.43212450305439737
3901,3.999534636415539e-06,0.8964898044533045,0.08725455686678622,20.626,26,93,207,1150,8913,10313,437,0.093,0.207,1.15,0.43212450305439737
3902,3.8104786825181078e-06,0.8964588028198555,0.08724377395611671,20.626,26,81,235,1734,8913,10313,450,0.081,0.235,1.734,0.43212450305439737
3903,3.851969669015143e-06,0.8963876874847528,0.08739425270619926,20.626,26,98,217,806,8913,10313,444,0.098,0.217,0.806,0.43212450305439737
3904,4.18806028562477e-06,0.8965207609590153,0.08715852126908175,20.626,26,88,222,994,8913,10313,444,0.088,0.222,0.994,0.43212450305439737
3905,3.265473910498941e-06,0.8965034011686449,0.0872215924610272,20.626,26,93,226,810,8913,10313,453,0.093,0.226,0.81,0.43212450305439737
3906,3.5809783547901366e-06,0.8964737639481637,0.08726570422986415,20.626,26,103,230,1159,8913,10313,466,0.103,0.23,1.159,0.43212450305439737
3907,3.7464457997347846e-06,0.8964461885501638,0.08726609938262599,20.626,26,86,228,1287,8913,10313,448,0.086,0.228,1.287,0.43212450305439737
3908,3.8966825057700595e-06,0.8963877315255401,0.08741223694598915,20.626,26,95,214,882,8913,10313,438,0.095,0.214,0.882,0.43212450305439737
3909,4.153315177414914e-06,0.8965287211512952,0.08716353698058321,20.626,26,88,222,954,8913,10313,444,0.088,0.222,0.954,0.43212450305439737
3910,3.4203215665822477e-06,0.8965024779665093,0.08723124954410326,20.626,26,89,220,795,8913,10313,443,0.089,0.22,0.795,0.43212450305439737
3911,3.994329281560297e-06,0.8964918154830077,0.08725048618291971,20.626,26,93,206,1023,8913,10313,437,0.093,0.206,1.023,0.43212450305439737
3912,3.832982845136675e-06,0.8964576957736714,0.08724120193223125,20.626,26,81,235,1473,8913,10313,450,0.081,0.235,1.473,0.43212450305439737
3913,3.882407552397278e-06,0.8963865200569863,0.0873942899378418,20.626,26,97,218,1032,8913,10313,444,0.097,0.218,1.032,0.43212450305439737
3914,4.2151335411500156e-06,0.8965206448258874,0.08716042600905155,20.626,26,88,222,968,8913,10313,444,0.088,0.222,0.968,0.43212450305439737
3915,3.290504523855613e-06,0.8965049394831733,0.08722376811111901,20.626,26,92,222,823,8913,10313,448,0.092,0.222,0.823,0.43212450305439737
3916,3.582229869752746e-06,0.8964775488760586,0.08726712102724757,20.626,26,102,231,1151,8913,10313,466,0.102,0.231,1.151,0.43212450305439737
3917,3.7680490171026337e-06,0.8964469332698332,0.08726555952751372,20.626,26,87,229,1302,8913,10313,450,0.087,0.229,1.302,0.43212450305439737
3918,3.924400950179904e-06,0.8963794470050257,0.08740950750443567,20.626,26,96,215,886,8913,10313,440,0.096,0.215,0.886,0.43212450305439737
3919,4.133478473629071e-06,0.8965218460781871,0.08716147540958691,20.626,26,89,223,944,8913,10313,446,0.089,0.223,0.944,0.43212450305439737
3920,3.4042126522734977e-06,0.8964983804955464,0.08723061631428317,20.626,26,89,220,799,8913,10313,443,0.089,0.22,0.799,0.43212450305439737
3921,3.999181610018775e-06,0.8964926124349126,0.08725100169240449,20.626,26,93,206,1034,8913,10313,437,0.093,0.206,1.034,0.43212450305439737
3922,3.849949198752927e-06,0.8964620228417866,0.08724221543795242,20.626,26,82,236,1481,8913,10313,452,0.082,0.236,1.481,0.43212450305439737
3923,3.884449600130688e-06,0.8963835439532549,0.08739380336188071,20.626,26,99,216,1061,8913,10313,444,0.099,0.216,1.061,0.43212450305439737
3924,4.213890376593572e-06,0.8965219718842005,0.08716054691813446,20.626,26,89,223,916,8913,10313,446,0.089,0.223,0.916,0.43212450305439737
3925,3.333213346071153e-06,0.8965036871469563,0.08722239845900763,20.626,26,92,222,827,8913,10313,448,0.092,0.222,0.827,0.43212450305439737
3926,3.6618425714893718e-06,0.8964773692583736,0.087266305851298,20.626,26,102,227,1070,8913,10313,462,0.102,0.227,1.07,0.43212450305439737
3927,3.785080640605196e-06,0.8964426205594618,0.08726473788571107,20.626,26,86,230,1091,8913,10313,450,0.086,0.23,1.091,0.43212450305439737
3928,3.825101949520742e-06,0.8963772264661471,0.087409637533707,20.626,26,97,220,872,8913,10313,446,0.097,0.22,0.872,0.43212450305439737
3929,4.052378543392052e-06,0.8965194073210385,0.08716163763548344,20.626,26,91,226,985,8913,10313,451,0.091,0.226,0.985,0.43212450305439737
3930,3.154709176276587e-06,0.8965201863219127,0.08720413007202055,20.626,26,91,230,808,8913,10313,455,0.091,0.23,0.808,0.43212450305439737
3931,3.660849420442495e-06,0.8964820794939622,0.08727005525847988,20.626,26,96,213,1085,8913,10313,447,0.096,0.213,1.085,0.43212450305439737
3932,3.7526734693967683e-06,0.8964312181382375,0.08728001161552232,20.626,26,83,231,973,8913,10313,448,0.083,0.231,0.973,0.43212450305439737
3933,3.865104763917893e-06,0.8963678343987707,0.08742557548566542,20.626,26,97,216,751,8913,10313,442,0.097,0.216,0.751,0.43212450305439737
3934,4.201386660194176e-06,0.8965162798058328,0.08716922340955907,20.626,26,87,217,996,8913,10313,438,0.087,0.217,0.996,0.43212450305439737
3935,3.3459497850913335e-06,0.8965102855592102,0.08721398373380632,20.626,26,90,219,792,8913,10313,443,0.09,0.219,0.792,0.43212450305439737
3936,3.65857200876762e-06,0.8964956002025201,0.0872554518554801,20.626,26,100,229,1013,8913,10313,462,0.1,0.229,1.013,0.43212450305439737
3937,3.8541511444707065e-06,0.8964562139820903,0.08725779958281125,20.626,26,86,228,1061,8913,10313,448,0.086,0.228,1.061,0.43212450305439737
3938,3.950860043858993e-06,0.8963723236730194,0.08740785838740303,20.626,26,96,213,864,8913,10313,438,0.096,0.213,0.864,0.43212450305439737
3939,4.151854758563598e-06,0.8965124473068525,0.08716568426150388,20.626,26,91,219,908,8913,10313,444,0.091,0.219,0.908,0.43212450305439737
3940,3.20207292659229e-06,0.896510527736,0.08720767991599206,20.626,26,89,220,783,8913,10313,443,0.089,0.22,0.783,0.43212450305439737
3941,3.6021426407161912e-06,0.8964787098145541,0.08727274078530219,20.626,26,94,212,1035,8913,10313,443,0.094,0.212,1.035,0.43212450305439737
3942,3.7398092998753845e-06,0.8964482048114181,0.08728304126219513,20.626,26,83,233,1299,8913,10313,450,0.083,0.233,1.299,0.43212450305439737
3943,3.896088086229379e-06,0.8963752200598669,0.08742436324062225,20.626,26,97,218,763,8913,10313,444,0.097,0.218,0.763,0.43212450305439737
3944,4.191014014539367e-06,0.8965146670221688,0.08716610975253443,20.626,26,90,215,936,8913,10313,439,0.09,0.215,0.936,0.43212450305439737
3945,3.2728291758382732e-06,0.8965088529122979,0.08720035150108063,20.626,26,89,220,797,8913,10313,443,0.089,0.22,0.797,0.43212450305439737
3946,3.5409422854135933e-06,0.8964798040741768,0.08726690782953321,20.626,26,101,216,1029,8913,10313,455,0.101,0.216,1.029,0.43212450305439737
3947,3.722178272655841e-06,0.8964371130530606,0.08727925487815372,20.626,26,83,224,1005,8913,10313,442,0.083,0.224,1.005,0.43212450305439737
3948,3.868151883368596e-06,0.8963795703364934,0.08742727860455014,20.626,26,93,216,855,8913,10313,438,0.093,0.216,0.855,0.43212450305439737
3949,4.133896874262623e-06,0.8965272794993894,0.08717173885866919,20.626,26,89,224,984,8913,10313,447,0.089,0.224,0.984,0.43212450305439737
3950,3.5028357907248092e-06,0.8965033387785143,0.0872218093450518,20.626,26,90,222,794,8913,10313,446,0.09,0.222,0.794,0.43212450305439737
3951,3.963933924450497e-06,0.8964902320335835,0.08725921462368745,20.626,26,95,224,1066,8913,10313,452,0.095,0.224,1.066,0.43212450305439737
3952,3.87273666595213e-06,0.8964414723900181,0.08725424472903563,20.626,26,83,237,1105,8913,10313,454,0.083,0.237,1.105,0.43212450305439737
3953,3.831977476201407e-06,0.8963778102991224,0.08739185258631482,20.626,26,96,215,755,8913,10313,440,0.096,0.215,0.755,0.43212450305439737
3954,4.127151351135937e-06,0.8965139471731429,0.08717573685077874,20.626,26,89,219,961,8913,10313,442,0.089,0.219,0.961,0.43212450305439737
3955,3.202670316335206e-06,0.8965029951185604,0.08722744053617228,20.626,26,93,223,705,8913,10313,450,0.093,0.223,0.705,0.43212450305439737
3956,3.501709655980939e-06,0.8964633694416059,0.08728608625054962,20.626,26,106,222,890,8913,10313,465,0.106,0.222,0.89,0.43212450305439737
3957,3.709503146190384e-06,0.8964226266133839,0.08728253078370807,20.626,26,87,231,1022,8913,10313,452,0.087,0.231,1.022,0.43212450305439737
3958,3.831929827676852e-06,0.8963665134486509,0.08742197961196613,20.626,26,97,222,690,8913,10313,448,0.097,0.222,0.69,0.43212450305439737
3959,4.075318811635365e-06,0.8965214444486772,0.0871650561211328,20.626,26,90,223,933,8913,10313,447,0.09,0.223,0.933,0.43212450305439737
3960,3.4604821159018747e-06,0.8965032335669616,0.08722758193319609,20.626,26,90,222,811,8913,10313,446,0.09,0.222,0.811,0.43212450305439737
3961,3.9309775561866035e-06,0.8964966193183251,0.08724793366830588,20.626,26,94,221,1070,8913,10313,448,0.094,0.221,1.07,0.43212450305439737
3962,3.8476689631554955e-06,0.8964615332457241,0.0872405589014505,20.626,26,80,233,1771,8913,10313,448,0.08,0.233,1.771,0.43212450305439737
3963,3.892363525287732e-06,0.8963873862345612,0.08739414470374825,20.626,26,96,215,965,8913,10313,440,0.096,0.215,0.965,0.43212450305439737
3964,4.29447438640758e-06,0.8965259517627967,0.0871623414203669,20.626,26,86,221,914,8913,10313,441,0.086,0.221,0.914,0.43212450305439737
3965,3.4528404909268128e-06,0.8964966923244869,0.08723429182661491,20.626,26,91,220,867,8913,10313,445,0.091,0.22,0.867,0.43212450305439737
3966,3.860594573371095e-06,0.8964814108420783,0.0872531265134314,20.626,26,102,216,1139,8913,10313,455,0.102,0.216,1.139,0.43212450305439737
3967,3.7971239408586954e-06,0.8964487169325799,0.08724205781754263,20.626,26,84,232,1842,8913,10313,450,0.084,0.232,1.842,0.43212450305439737
3968,3.829328565275247e-06,0.8963865821539694,0.08739424265205868,20.626,26,97,216,924,8913,10313,442,0.097,0.216,0.924,0.43212450305439737
3969,4.12267695682878e-06,0.8965293867648175,0.08716005108331056,20.626,26,90,225,984,8913,10313,449,0.09,0.225,0.984,0.43212450305439737
3970,3.3009250256449513e-06,0.8965085761037687,0.08722230460666631,20.626,26,90,224,819,8913,10313,448,0.09,0.224,0.819,0.43212450305439737
3971,3.7801012526110592e-06,0.8964784723412688,0.08726610301109088,20.626,26,94,221,1290,8913,10313,448,0.094,0.221,1.29,0.43212450305439737
3972,3.7828958712266887e-06,0.8964402777196595,0.08726459762678404,20.626,26,83,233,1197,8913,10313,450,0.083,0.233,1.197,0.43212450305439737
3973,3.884498668721025e-06,0.8963793281614758,0.08741076647075667,20.626,26,96,219,767,8913,10313,444,0.096,0.219,0.767,0.43212450305439737
3974,4.219804206328558e-06,0.8965225529251395,0.08716270476883609,20.626,26,87,221,965,8913,10313,442,0.087,0.221,0.965,0.43212450305439737
3975,3.4732961816174314e-06,0.8964965106740408,0.08723033659738158,20.626,26,90,219,811,8913,10313,443,0.09,0.219,0.811,0.43212450305439737
3976,3.907558500006455e-06,0.8964931070068238,0.0872507633964054,20.626,26,102,213,1014,8913,10313,453,0.102,0.213,1.014,0.43212450305439737
3977,3.864940649796917e-06,0.8964535907194738,0.08724028127641958,20.626,26,84,234,1551,8913,10313,452,0.084,0.234,1.551,0.43212450305439737
3978,3.892886206918971e-06,0.8963790647588766,0.08739301389001665,20.626,26,97,212,1127,8913,10313,438,0.097,0.212,1.127,0.43212450305439737
3979,4.156376275975755e-06,0.8965221117231162,0.08716088043111617,20.626,26,88,224,904,8913,10313,446,0.088,0.224,0.904,0.43212450305439737
3980,3.3912442324050865e-06,0.8965047405058734,0.08723552821949948,20.626,26,90,221,798,8913,10313,445,0.09,0.221,0.798,0.43212450305439737
3981,3.99953463641554e-06,0.8964898044533045,0.08725455686678624,20.626,26,93,207,1150,8913,10313,437,0.093,0.207,1.15,0.43212450305439737
3982,3.810478682518107e-06,0.8964588028198555,0.08724377395611671,20.626,26,81,235,1734,8913,10313,450,0.081,0.235,1.734,0.43212450305439737
3983,3.851969669015142e-06,0.8963876874847528,0.08739425270619926,20.626,26,98,217,806,8913,10313,444,0.098,0.217,0.806,0.43212450305439737
3984,4.188060285624771e-06,0.8965207609590153,0.08715852126908175,20.626,26,88,222,994,8913,10313,444,0.088,0.222,0.994,0.43212450305439737
3985,3.265473910498941e-06,0.8965034011686449,0.0872215924610272,20.626,26,93,226,810,8913,10313,453,0.093,0.226,0.81,0.43212450305439737
3986,3.580978354790137e-06,0.8964737639481637,0.08726570422986415,20.626,26,103,230,1159,8913,10313,466,0.103,0.23,1.159,0.43212450305439737
3987,3.7464457997347846e-06,0.8964461885501638,0.08726609938262599,20.626,26,86,228,1287,8913,10313,448,0.086,0.228,1.287,0.43212450305439737
3988,3.8966825057700595e-06,0.8963877315255402,0.08741223694598915,20.626,26,95,214,882,8913,10313,438,0.095,0.214,0.882,0.43212450305439737
3989,4.1533151774149115e-06,0.8965287211512952,0.08716353698058321,20.626,26,88,222,954,8913,10313,444,0.088,0.222,0.954,0.43212450305439737
3990,3.4203215665822473e-06,0.8965024779665093,0.08723124954410326,20.626,26,89,220,795,8913,10313,443,0.089,0.22,0.795,0.43212450305439737
3991,3.994329281560296e-06,0.8964918154830077,0.08725048618291971,20.626,26,93,206,1023,8913,10313,437,0.093,0.206,1.023,0.43212450305439737
3992,3.832982845136675e-06,0.8964576957736714,0.08724120193223125,20.626,26,81,235,1473,8913,10313,450,0.081,0.235,1.473,0.43212450305439737
3993,3.882407552397278e-06,0.8963865200569863,0.0873942899378418,20.626,26,97,218,1032,8913,10313,444,0.097,0.218,1.032,0.43212450305439737
3994,4.215133541150016e-06,0.8965206448258874,0.08716042600905155,20.626,26,88,222,968,8913,10313,444,0.088,0.222,0.968,0.43212450305439737
3995,3.2905045238556126e-06,0.8965049394831733,0.08722376811111901,20.626,26,92,222,823,8913,10313,448,0.092,0.222,0.823,0.43212450305439737
3996,3.5822298697527455e-06,0.8964775488760586,0.08726712102724757,20.626,26,102,231,1151,8913,10313,466,0.102,0.231,1.151,0.43212450305439737
3997,3.768049017102634e-06,0.8964469332698332,0.08726555952751372,20.626,26,87,229,1302,8913,10313,450,0.087,0.229,1.302,0.43212450305439737
3998,3.924400950179903e-06,0.8963794470050257,0.08740950750443567,20.626,26,96,215,886,8913,10313,440,0.096,0.215,0.886,0.43212450305439737
3999,4.133478473629071e-06,0.8965218460781871,0.08716147540958691,20.626,26,89,223,944,8913,10313,446,0.089,0.223,0.944,0.43212450305439737
4000,3.404212652273498e-06,0.8964983804955464,0.08723061631428317,20.626,26,89,220,799,8913,10313,443,0.089,0.22,0.799,0.43212450305439737
4001,3.999181610018776e-06,0.8964926124349126,0.08725100169240449,20.626,26,93,206,1034,8913,10313,437,0.093,0.206,1.034,0.43212450305439737
4002,3.849949198752927e-06,0.8964620228417866,0.08724221543795242,20.626,26,82,236,1481,8913,10313,452,0.082,0.236,1.481,0.43212450305439737
4003,3.884449600130689e-06,0.8963835439532549,0.08739380336188071,20.626,26,99,216,1061,8913,10313,444,0.099,0.216,1.061,0.43212450305439737
4004,4.213890376593573e-06,0.8965219718842005,0.08716054691813446,20.626,26,89,223,916,8913,10313,446,0.089,0.223,0.916,0.43212450305439737
4005,3.3332133460711534e-06,0.8965036871469563,0.08722239845900763,20.626,26,92,222,827,8913,10313,448,0.092,0.222,0.827,0.43212450305439737
4006,3.6618425714893718e-06,0.8964773692583736,0.087266305851298,20.626,26,102,227,1070,8913,10313,462,0.102,0.227,1.07,0.43212450305439737
4007,3.785080640605196e-06,0.8964426205594618,0.08726473788571107,20.626,26,86,230,1091,8913,10313,450,0.086,0.23,1.091,0.43212450305439737
4008,3.825101949520742e-06,0.8963772264661471,0.087409637533707,20.626,26,97,220,872,8913,10313,446,0.097,0.22,0.872,0.43212450305439737
4009,4.052378543392053e-06,0.8965194073210385,0.08716163763548343,20.626,26,91,226,985,8913,10313,451,0.091,0.226,0.985,0.43212450305439737
4010,3.154709176276587e-06,0.8965201863219127,0.08720413007202055,20.626,26,91,230,808,8913,10313,455,0.091,0.23,0.808,0.43212450305439737
4011,3.660849420442494e-06,0.8964820794939622,0.08727005525847988,20.626,26,96,213,1085,8913,10313,447,0.096,0.213,1.085,0.43212450305439737
4012,3.752673469396768e-06,0.8964312181382375,0.08728001161552232,20.626,26,83,231,973,8913,10313,448,0.083,0.231,0.973,0.43212450305439737
4013,3.8651047639178916e-06,0.8963678343987707,0.08742557548566542,20.626,26,97,216,751,8913,10313,442,0.097,0.216,0.751,0.43212450305439737
4014,4.201386660194178e-06,0.8965162798058328,0.08716922340955907,20.626,26,87,217,996,8913,10313,438,0.087,0.217,0.996,0.43212450305439737
4015,3.345949785091337e-06,0.8965102855592102,0.08721398373380632,20.626,26,90,219,792,8913,10313,443,0.09,0.219,0.792,0.43212450305439737
4016,3.6585720087676216e-06,0.8964956002025201,0.0872554518554801,20.626,26,100,229,1013,8913,10313,462,0.1,0.229,1.013,0.43212450305439737
4017,3.8541511444707065e-06,0.8964562139820903,0.08725779958281125,20.626,26,86,228,1061,8913,10313,448,0.086,0.228,1.061,0.43212450305439737
4018,3.950860043858991e-06,0.8963723236730194,0.08740785838740303,20.626,26,96,213,864,8913,10313,438,0.096,0.213,0.864,0.43212450305439737
4019,4.1518547585635975e-06,0.8965124473068525,0.08716568426150388,20.626,26,91,219,908,8913,10313,444,0.091,0.219,0.908,0.43212450305439737
4020,3.2020729265922904e-06,0.896510527736,0.08720767991599206,20.626,26,89,220,783,8913,10313,443,0.089,0.22,0.783,0.43212450305439737
4021,3.6021426407161912e-06,0.8964787098145541,0.08727274078530219,20.626,26,94,212,1035,8913,10313,443,0.094,0.212,1.035,0.43212450305439737
4022,3.739809299875386e-06,0.8964482048114181,0.08728304126219513,20.626,26,83,233,1299,8913,10313,450,0.083,0.233,1.299,0.43212450305439737
4023,3.896088086229381e-06,0.8963752200598669,0.08742436324062225,20.626,26,97,218,763,8913,10313,444,0.097,0.218,0.763,0.43212450305439737
4024,4.191014014539368e-06,0.8965146670221688,0.08716610975253443,20.626,26,90,215,936,8913,10313,439,0.09,0.215,0.936,0.43212450305439737
4025,3.272829175838273e-06,0.8965088529122979,0.08720035150108063,20.626,26,89,220,797,8913,10313,443,0.089,0.22,0.797,0.43212450305439737
4026,3.5409422854135916e-06,0.8964798040741768,0.08726690782953321,20.626,26,101,216,1029,8913,10313,455,0.101,0.216,1.029,0.43212450305439737
4027,3.7221782726558408e-06,0.8964371130530606,0.08727925487815372,20.626,26,83,224,1005,8913,10313,442,0.083,0.224,1.005,0.43212450305439737
4028,3.868151883368596e-06,0.8963795703364934,0.08742727860455014,20.626,26,93,216,855,8913,10313,438,0.093,0.216,0.855,0.43212450305439737
4029,4.133896874262624e-06,0.8965272794993894,0.08717173885866919,20.626,26,89,224,984,8913,10313,447,0.089,0.224,0.984,0.43212450305439737
4030,3.502835790724808e-06,0.8965033387785143,0.0872218093450518,20.626,26,90,222,794,8913,10313,446,0.09,0.222,0.794,0.43212450305439737
4031,3.963933924450499e-06,0.8964902320335835,0.08725921462368745,20.626,26,95,224,1066,8913,10313,452,0.095,0.224,1.066,0.43212450305439737
4032,3.87273666595213e-06,0.8964414723900181,0.08725424472903563,20.626,26,83,237,1105,8913,10313,454,0.083,0.237,1.105,0.43212450305439737
4033,3.831977476201406e-06,0.8963778102991224,0.08739185258631482,20.626,26,96,215,755,8913,10313,440,0.096,0.215,0.755,0.43212450305439737
4034,4.127151351135937e-06,0.8965139471731429,0.08717573685077874,20.626,26,89,219,961,8913,10313,442,0.089,0.219,0.961,0.43212450305439737
4035,3.202670316335206e-06,0.8965029951185604,0.08722744053617228,20.626,26,93,223,705,8913,10313,450,0.093,0.223,0.705,0.43212450305439737
4036,3.501709655980939e-06,0.8964633694416059,0.08728608625054962,20.626,26,106,222,890,8913,10313,465,0.106,0.222,0.89,0.43212450305439737
4037,3.7095031461903838e-06,0.8964226266133839,0.08728253078370807,20.626,26,87,231,1022,8913,10313,452,0.087,0.231,1.022,0.43212450305439737
4038,3.83192982767685e-06,0.8963665134486509,0.08742197961196613,20.626,26,97,222,690,8913,10313,448,0.097,0.222,0.69,0.43212450305439737
4039,4.0753188116353665e-06,0.8965214444486772,0.0871650561211328,20.626,26,90,223,933,8913,10313,447,0.09,0.223,0.933,0.43212450305439737
4040,3.4604821159018755e-06,0.8965032335669616,0.08722758193319609,20.626,26,90,222,811,8913,10313,446,0.09,0.222,0.811,0.43212450305439737
4041,3.9309775561866035e-06,0.8964966193183251,0.08724793366830588,20.626,26,94,221,1070,8913,10313,448,0.094,0.221,1.07,0.43212450305439737
4042,3.847668963155495e-06,0.8964615332457241,0.0872405589014505,20.626,26,80,233,1771,8913,10313,448,0.08,0.233,1.771,0.43212450305439737
4043,3.892363525287729e-06,0.8963873862345612,0.08739414470374825,20.626,26,96,215,965,8913,10313,440,0.096,0.215,0.965,0.43212450305439737
4044,4.29447438640758e-06,0.8965259517627967,0.0871623414203669,20.626,26,86,221,914,8913,10313,441,0.086,0.221,0.914,0.43212450305439737
4045,3.452840490926814e-06,0.8964966923244869,0.08723429182661491,20.626,26,91,220,867,8913,10313,445,0.091,0.22,0.867,0.43212450305439737
4046,3.860594573371096e-06,0.8964814108420783,0.0872531265134314,20.626,26,102,216,1139,8913,10313,455,0.102,0.216,1.139,0.43212450305439737
4047,3.797123940858695e-06,0.8964487169325799,0.08724205781754263,20.626,26,84,232,1842,8913,10313,450,0.084,0.232,1.842,0.43212450305439737
4048,3.829328565275247e-06,0.8963865821539694,0.08739424265205868,20.626,26,97,216,924,8913,10313,442,0.097,0.216,0.924,0.43212450305439737
4049,4.1226769568287804e-06,0.8965293867648175,0.08716005108331056,20.626,26,90,225,984,8913,10313,449,0.09,0.225,0.984,0.43212450305439737
4050,3.300925025644951e-06,0.8965085761037687,0.08722230460666631,20.626,26,90,224,819,8913,10313,448,0.09,0.224,0.819,0.43212450305439737
4051,3.78010125261106e-06,0.8964784723412688,0.08726610301109088,20.626,26,94,221,1290,8913,10313,448,0.094,0.221,1.29,0.43212450305439737
4052,3.7828958712266882e-06,0.8964402777196595,0.08726459762678404,20.626,26,83,233,1197,8913,10313,450,0.083,0.233,1.197,0.43212450305439737
4053,3.884498668721024e-06,0.8963793281614758,0.08741076647075667,20.626,26,96,219,767,8913,10313,444,0.096,0.219,0.767,0.43212450305439737
4054,4.2198042063285565e-06,0.8965225529251395,0.08716270476883609,20.626,26,87,221,965,8913,10313,442,0.087,0.221,0.965,0.43212450305439737
4055,3.473296181617432e-06,0.8964965106740408,0.08723033659738158,20.626,26,90,219,811,8913,10313,443,0.09,0.219,0.811,0.43212450305439737
4056,3.907558500006454e-06,0.8964931070068237,0.0872507633964054,20.626,26,102,213,1014,8913,10313,453,0.102,0.213,1.014,0.43212450305439737
4057,3.864940649796919e-06,0.8964535907194738,0.08724028127641958,20.626,26,84,234,1551,8913,10313,452,0.084,0.234,1.551,0.43212450305439737
4058,3.892886206918972e-06,0.8963790647588765,0.08739301389001665,20.626,26,97,212,1127,8913,10313,438,0.097,0.212,1.127,0.43212450305439737
4059,4.156376275975754e-06,0.8965221117231162,0.08716088043111617,20.626,26,88,224,904,8913,10313,446,0.088,0.224,0.904,0.43212450305439737
4060,3.3912442324050844e-06,0.8965047405058734,0.08723552821949948,20.626,26,90,221,798,8913,10313,445,0.09,0.221,0.798,0.43212450305439737
4061,3.999534636415539e-06,0.8964898044533045,0.08725455686678624,20.626,26,93,207,1150,8913,10313,437,0.093,0.207,1.15,0.43212450305439737
4062,3.810478682518108e-06,0.8964588028198555,0.08724377395611671,20.626,26,81,235,1734,8913,10313,450,0.081,0.235,1.734,0.43212450305439737
4063,3.851969669015142e-06,0.8963876874847528,0.08739425270619926,20.626,26,98,217,806,8913,10313,444,0.098,0.217,0.806,0.43212450305439737
4064,4.18806028562477e-06,0.8965207609590153,0.08715852126908175,20.626,26,88,222,994,8913,10313,444,0.088,0.222,0.994,0.43212450305439737
4065,3.2654739104989404e-06,0.8965034011686449,0.0872215924610272,20.626,26,93,226,810,8913,10313,453,0.093,0.226,0.81,0.43212450305439737
4066,3.580978354790136e-06,0.8964737639481637,0.08726570422986415,20.626,26,103,230,1159,8913,10313,466,0.103,0.23,1.159,0.43212450305439737
4067,3.746445799734784e-06,0.8964461885501638,0.08726609938262599,20.626,26,86,228,1287,8913,10313,448,0.086,0.228,1.287,0.43212450305439737
4068,3.8966825057700595e-06,0.8963877315255401,0.08741223694598915,20.626,26,95,214,882,8913,10313,438,0.095,0.214,0.882,0.43212450305439737
4069,4.153315177414914e-06,0.8965287211512952,0.08716353698058321,20.626,26,88,222,954,8913,10313,444,0.088,0.222,0.954,0.43212450305439737
4070,3.4203215665822477e-06,0.8965024779665093,0.08723124954410326,20.626,26,89,220,795,8913,10313,443,0.089,0.22,0.795,0.43212450305439737
4071,3.994329281560297e-06,0.8964918154830077,0.08725048618291971,20.626,26,93,206,1023,8913,10313,437,0.093,0.206,1.023,0.43212450305439737
4072,3.832982845136675e-06,0.8964576957736714,0.08724120193223125,20.626,26,81,235,1473,8913,10313,450,0.081,0.235,1.473,0.43212450305439737
4073,3.882407552397278e-06,0.8963865200569863,0.0873942899378418,20.626,26,97,218,1032,8913,10313,444,0.097,0.218,1.032,0.43212450305439737
4074,4.215133541150016e-06,0.8965206448258874,0.08716042600905155,20.626,26,88,222,968,8913,10313,444,0.088,0.222,0.968,0.43212450305439737
4075,3.290504523855613e-06,0.8965049394831733,0.08722376811111901,20.626,26,92,222,823,8913,10313,448,0.092,0.222,0.823,0.43212450305439737
4076,3.5822298697527463e-06,0.8964775488760586,0.08726712102724757,20.626,26,102,231,1151,8913,10313,466,0.102,0.231,1.151,0.43212450305439737
4077,3.7680490171026333e-06,0.8964469332698332,0.08726555952751372,20.626,26,87,229,1302,8913,10313,450,0.087,0.229,1.302,0.43212450305439737
4078,3.924400950179903e-06,0.8963794470050257,0.08740950750443567,20.626,26,96,215,886,8913,10313,440,0.096,0.215,0.886,0.43212450305439737
4079,4.133478473629071e-06,0.8965218460781871,0.08716147540958691,20.626,26,89,223,944,8913,10313,446,0.089,0.223,0.944,0.43212450305439737
4080,3.4042126522734973e-06,0.8964983804955464,0.08723061631428317,20.626,26,89,220,799,8913,10313,443,0.089,0.22,0.799,0.43212450305439737
4081,3.999181610018775e-06,0.8964926124349126,0.08725100169240449,20.626,26,93,206,1034,8913,10313,437,0.093,0.206,1.034,0.43212450305439737
4082,3.849949198752927e-06,0.8964620228417866,0.08724221543795242,20.626,26,82,236,1481,8913,10313,452,0.082,0.236,1.481,0.43212450305439737
4083,3.884449600130688e-06,0.8963835439532549,0.08739380336188071,20.626,26,99,216,1061,8913,10313,444,0.099,0.216,1.061,0.43212450305439737
4084,4.213890376593573e-06,0.8965219718842005,0.08716054691813446,20.626,26,89,223,916,8913,10313,446,0.089,0.223,0.916,0.43212450305439737
4085,3.3332133460711534e-06,0.8965036871469563,0.08722239845900763,20.626,26,92,222,827,8913,10313,448,0.092,0.222,0.827,0.43212450305439737
4086,3.6618425714893726e-06,0.8964773692583736,0.087266305851298,20.626,26,102,227,1070,8913,10313,462,0.102,0.227,1.07,0.43212450305439737
4087,3.785080640605196e-06,0.8964426205594618,0.08726473788571107,20.626,26,86,230,1091,8913,10313,450,0.086,0.23,1.091,0.43212450305439737
4088,3.825101949520742e-06,0.8963772264661471,0.087409637533707,20.626,26,97,220,872,8913,10313,446,0.097,0.22,0.872,0.43212450305439737
4089,4.052378543392052e-06,0.8965194073210385,0.08716163763548344,20.626,26,91,226,985,8913,10313,451,0.091,0.226,0.985,0.43212450305439737
4090,3.154709176276587e-06,0.8965201863219127,0.08720413007202055,20.626,26,91,230,808,8913,10313,455,0.091,0.23,0.808,0.43212450305439737
4091,3.660849420442495e-06,0.8964820794939622,0.08727005525847988,20.626,26,96,213,1085,8913,10313,447,0.096,0.213,1.085,0.43212450305439737
4092,3.7526734693967683e-06,0.8964312181382375,0.08728001161552232,20.626,26,83,231,973,8913,10313,448,0.083,0.231,0.973,0.43212450305439737
4093,3.865104763917892e-06,0.8963678343987707,0.08742557548566542,20.626,26,97,216,751,8913,10313,442,0.097,0.216,0.751,0.43212450305439737
4094,4.201386660194178e-06,0.8965162798058328,0.08716922340955907,20.626,26,87,217,996,8913,10313,438,0.087,0.217,0.996,0.43212450305439737
4095,3.3459497850913335e-06,0.8965102855592102,0.08721398373380632,20.626,26,90,219,792,8913,10313,443,0.09,0.219,0.792,0.43212450305439737
4096,3.65857200876762e-06,0.8964956002025201,0.0872554518554801,20.626,26,100,229,1013,8913,10313,462,0.1,0.229,1.013,0.43212450305439737
4097,3.8541511444707065e-06,0.8964562139820903,0.08725779958281125,20.626,26,86,228,1061,8913,10313,448,0.086,0.228,1.061,0.43212450305439737
4098,3.9508600438589945e-06,0.8963723236730194,0.08740785838740303,20.626,26,96,213,864,8913,10313,438,0.096,0.213,0.864,0.43212450305439737
4099,4.151854758563599e-06,0.8965124473068525,0.08716568426150388,20.626,26,91,219,908,8913,10313,444,0.091,0.219,0.908,0.43212450305439737
4100,3.20207292659229e-06,0.896510527736,0.08720767991599206,20.626,26,89,220,783,8913,10313,443,0.089,0.22,0.783,0.43212450305439737
4101,3.6021426407161912e-06,0.8964787098145541,0.08727274078530219,20.626,26,94,212,1035,8913,10313,443,0.094,0.212,1.035,0.43212450305439737
4102,3.739809299875384e-06,0.8964482048114181,0.08728304126219513,20.626,26,83,233,1299,8913,10313,450,0.083,0.233,1.299,0.43212450305439737
4103,3.896088086229379e-06,0.8963752200598669,0.08742436324062225,20.626,26,97,218,763,8913,10313,444,0.097,0.218,0.763,0.43212450305439737
4104,4.191014014539368e-06,0.8965146670221689,0.08716610975253443,20.626,26,90,215,936,8913,10313,439,0.09,0.215,0.936,0.43212450305439737
4105,3.2728291758382732e-06,0.8965088529122979,0.08720035150108063,20.626,26,89,220,797,8913,10313,443,0.089,0.22,0.797,0.43212450305439737
4106,3.5409422854135933e-06,0.8964798040741768,0.08726690782953321,20.626,26,101,216,1029,8913,10313,455,0.101,0.216,1.029,0.43212450305439737
4107,3.722178272655841e-06,0.8964371130530606,0.08727925487815372,20.626,26,83,224,1005,8913,10313,442,0.083,0.224,1.005,0.43212450305439737
4108,3.868151883368595e-06,0.8963795703364934,0.08742727860455014,20.626,26,93,216,855,8913,10313,438,0.093,0.216,0.855,0.43212450305439737
4109,4.133896874262623e-06,0.8965272794993894,0.08717173885866919,20.626,26,89,224,984,8913,10313,447,0.089,0.224,0.984,0.43212450305439737
4110,3.5028357907248092e-06,0.8965033387785143,0.0872218093450518,20.626,26,90,222,794,8913,10313,446,0.09,0.222,0.794,0.43212450305439737
4111,3.963933924450499e-06,0.8964902320335835,0.08725921462368745,20.626,26,95,224,1066,8913,10313,452,0.095,0.224,1.066,0.43212450305439737
4112,3.87273666595213e-06,0.8964414723900181,0.08725424472903563,20.626,26,83,237,1105,8913,10313,454,0.083,0.237,1.105,0.43212450305439737
4113,3.8319774762014074e-06,0.8963778102991224,0.08739185258631482,20.626,26,96,215,755,8913,10313,440,0.096,0.215,0.755,0.43212450305439737
4114,4.127151351135938e-06,0.8965139471731429,0.08717573685077874,20.626,26,89,219,961,8913,10313,442,0.089,0.219,0.961,0.43212450305439737
4115,3.202670316335206e-06,0.8965029951185604,0.08722744053617228,20.626,26,93,223,705,8913,10313,450,0.093,0.223,0.705,0.43212450305439737
4116,3.501709655980938e-06,0.8964633694416059,0.08728608625054964,20.626,26,106,222,890,8913,10313,465,0.106,0.222,0.89,0.43212450305439737
4117,3.709503146190384e-06,0.8964226266133839,0.08728253078370807,20.626,26,87,231,1022,8913,10313,452,0.087,0.231,1.022,0.43212450305439737
4118,3.83192982767685e-06,0.8963665134486509,0.08742197961196613,20.626,26,97,222,690,8913,10313,448,0.097,0.222,0.69,0.43212450305439737
4119,4.075318811635366e-06,0.8965214444486772,0.0871650561211328,20.626,26,90,223,933,8913,10313,447,0.09,0.223,0.933,0.43212450305439737
4120,3.460482115901875e-06,0.8965032335669616,0.08722758193319609,20.626,26,90,222,811,8913,10313,446,0.09,0.222,0.811,0.43212450305439737
4121,3.9309775561866035e-06,0.8964966193183251,0.08724793366830588,20.626,26,94,221,1070,8913,10313,448,0.094,0.221,1.07,0.43212450305439737
4122,3.8476689631554955e-06,0.8964615332457241,0.0872405589014505,20.626,26,80,233,1771,8913,10313,448,0.08,0.233,1.771,0.43212450305439737
4123,3.892363525287731e-06,0.8963873862345612,0.08739414470374825,20.626,26,96,215,965,8913,10313,440,0.096,0.215,0.965,0.43212450305439737
4124,4.29447438640758e-06,0.8965259517627967,0.0871623414203669,20.626,26,86,221,914,8913,10313,441,0.086,0.221,0.914,0.43212450305439737
4125,3.4528404909268128e-06,0.8964966923244869,0.08723429182661491,20.626,26,91,220,867,8913,10313,445,0.091,0.22,0.867,0.43212450305439737
4126,3.860594573371095e-06,0.8964814108420783,0.0872531265134314,20.626,26,102,216,1139,8913,10313,455,0.102,0.216,1.139,0.43212450305439737
4127,3.7971239408586954e-06,0.8964487169325799,0.08724205781754263,20.626,26,84,232,1842,8913,10313,450,0.084,0.232,1.842,0.43212450305439737
4128,3.829328565275248e-06,0.8963865821539694,0.08739424265205868,20.626,26,97,216,924,8913,10313,442,0.097,0.216,0.924,0.43212450305439737
4129,4.12267695682878e-06,0.8965293867648175,0.08716005108331056,20.626,26,90,225,984,8913,10313,449,0.09,0.225,0.984,0.43212450305439737
4130,3.3009250256449513e-06,0.8965085761037687,0.08722230460666631,20.626,26,90,224,819,8913,10313,448,0.09,0.224,0.819,0.43212450305439737
4131,3.7801012526110592e-06,0.8964784723412688,0.08726610301109088,20.626,26,94,221,1290,8913,10313,448,0.094,0.221,1.29,0.43212450305439737
4132,3.7828958712266887e-06,0.8964402777196595,0.08726459762678404,20.626,26,83,233,1197,8913,10313,450,0.083,0.233,1.197,0.43212450305439737
4133,3.884498668721024e-06,0.8963793281614758,0.08741076647075667,20.626,26,96,219,767,8913,10313,444,0.096,0.219,0.767,0.43212450305439737
4134,4.219804206328558e-06,0.8965225529251395,0.08716270476883609,20.626,26,87,221,965,8913,10313,442,0.087,0.221,0.965,0.43212450305439737
4135,3.4732961816174322e-06,0.8964965106740408,0.08723033659738158,20.626,26,90,219,811,8913,10313,443,0.09,0.219,0.811,0.43212450305439737
4136,3.907558500006455e-06,0.8964931070068237,0.0872507633964054,20.626,26,102,213,1014,8913,10313,453,0.102,0.213,1.014,0.43212450305439737
4137,3.864940649796918e-06,0.8964535907194738,0.08724028127641958,20.626,26,84,234,1551,8913,10313,452,0.084,0.234,1.551,0.43212450305439737
4138,3.8928862069189695e-06,0.8963790647588766,0.08739301389001665,20.626,26,97,212,1127,8913,10313,438,0.097,0.212,1.127,0.43212450305439737
4139,4.156376275975754e-06,0.8965221117231162,0.08716088043111617,20.626,26,88,224,904,8913,10313,446,0.088,0.224,0.904,0.43212450305439737
4140,3.3912442324050852e-06,0.8965047405058734,0.08723552821949948,20.626,26,90,221,798,8913,10313,445,0.09,0.221,0.798,0.43212450305439737
4141,3.99953463641554e-06,0.8964898044533045,0.08725455686678624,20.626,26,93,207,1150,8913,10313,437,0.093,0.207,1.15,0.43212450305439737
4142,3.8104786825181078e-06,0.8964588028198555,0.08724377395611671,20.626,26,81,235,1734,8913,10313,450,0.081,0.235,1.734,0.43212450305439737
4143,3.851969669015143e-06,0.8963876874847528,0.08739425270619926,20.626,26,98,217,806,8913,10313,444,0.098,0.217,0.806,0.43212450305439737
4144,4.188060285624771e-06,0.8965207609590153,0.08715852126908175,20.626,26,88,222,994,8913,10313,444,0.088,0.222,0.994,0.43212450305439737
4145,3.265473910498941e-06,0.8965034011686449,0.0872215924610272,20.626,26,93,226,810,8913,10313,453,0.093,0.226,0.81,0.43212450305439737
4146,3.580978354790136e-06,0.8964737639481637,0.08726570422986415,20.626,26,103,230,1159,8913,10313,466,0.103,0.23,1.159,0.43212450305439737
4147,3.7464457997347846e-06,0.8964461885501638,0.08726609938262599,20.626,26,86,228,1287,8913,10313,448,0.086,0.228,1.287,0.43212450305439737
4148,3.8966825057700595e-06,0.8963877315255402,0.08741223694598915,20.626,26,95,214,882,8913,10313,438,0.095,0.214,0.882,0.43212450305439737
4149,4.153315177414913e-06,0.8965287211512952,0.08716353698058321,20.626,26,88,222,954,8913,10313,444,0.088,0.222,0.954,0.43212450305439737
4150,3.4203215665822473e-06,0.8965024779665093,0.08723124954410326,20.626,26,89,220,795,8913,10313,443,0.089,0.22,0.795,0.43212450305439737
4151,3.994329281560296e-06,0.8964918154830077,0.08725048618291971,20.626,26,93,206,1023,8913,10313,437,0.093,0.206,1.023,0.43212450305439737
4152,3.832982845136675e-06,0.8964576957736714,0.08724120193223125,20.626,26,81,235,1473,8913,10313,450,0.081,0.235,1.473,0.43212450305439737
4153,3.882407552397278e-06,0.8963865200569863,0.0873942899378418,20.626,26,97,218,1032,8913,10313,444,0.097,0.218,1.032,0.43212450305439737
4154,4.215133541150016e-06,0.8965206448258874,0.08716042600905155,20.626,26,88,222,968,8913,10313,444,0.088,0.222,0.968,0.43212450305439737
4155,3.290504523855613e-06,0.8965049394831733,0.08722376811111901,20.626,26,92,222,823,8913,10313,448,0.092,0.222,0.823,0.43212450305439737
4156,3.5822298697527463e-06,0.8964775488760586,0.08726712102724757,20.626,26,102,231,1151,8913,10313,466,0.102,0.231,1.151,0.43212450305439737
4157,3.768049017102634e-06,0.8964469332698332,0.08726555952751372,20.626,26,87,229,1302,8913,10313,450,0.087,0.229,1.302,0.43212450305439737
4158,3.924400950179905e-06,0.8963794470050257,0.08740950750443567,20.626,26,96,215,886,8913,10313,440,0.096,0.215,0.886,0.43212450305439737
4159,4.133478473629071e-06,0.8965218460781871,0.08716147540958691,20.626,26,89,223,944,8913,10313,446,0.089,0.223,0.944,0.43212450305439737
4160,3.4042126522734977e-06,0.8964983804955464,0.08723061631428317,20.626,26,89,220,799,8913,10313,443,0.089,0.22,0.799,0.43212450305439737
4161,3.999181610018775e-06,0.8964926124349126,0.08725100169240449,20.626,26,93,206,1034,8913,10313,437,0.093,0.206,1.034,0.43212450305439737
4162,3.849949198752927e-06,0.8964620228417866,0.08724221543795242,20.626,26,82,236,1481,8913,10313,452,0.082,0.236,1.481,0.43212450305439737
4163,3.884449600130689e-06,0.8963835439532549,0.08739380336188071,20.626,26,99,216,1061,8913,10313,444,0.099,0.216,1.061,0.43212450305439737
4164,4.213890376593573e-06,0.8965219718842005,0.08716054691813446,20.626,26,89,223,916,8913,10313,446,0.089,0.223,0.916,0.43212450305439737
4165,3.3332133460711538e-06,0.8965036871469563,0.08722239845900763,20.626,26,92,222,827,8913,10313,448,0.092,0.222,0.827,0.43212450305439737
4166,3.6618425714893718e-06,0.8964773692583736,0.087266305851298,20.626,26,102,227,1070,8913,10313,462,0.102,0.227,1.07,0.43212450305439737
4167,3.785080640605196e-06,0.8964426205594618,0.08726473788571107,20.626,26,86,230,1091,8913,10313,450,0.086,0.23,1.091,0.43212450305439737
4168,3.825101949520741e-06,0.8963772264661471,0.087409637533707,20.626,26,97,220,872,8913,10313,446,0.097,0.22,0.872,0.43212450305439737
4169,4.052378543392053e-06,0.8965194073210385,0.08716163763548343,20.626,26,91,226,985,8913,10313,451,0.091,0.226,0.985,0.43212450305439737
4170,3.154709176276587e-06,0.8965201863219127,0.08720413007202055,20.626,26,91,230,808,8913,10313,455,0.091,0.23,0.808,0.43212450305439737
4171,3.660849420442494e-06,0.8964820794939622,0.08727005525847988,20.626,26,96,213,1085,8913,10313,447,0.096,0.213,1.085,0.43212450305439737
4172,3.752673469396768e-06,0.8964312181382375,0.08728001161552232,20.626,26,83,231,973,8913,10313,448,0.083,0.231,0.973,0.43212450305439737
4173,3.865104763917892e-06,0.8963678343987707,0.08742557548566542,20.626,26,97,216,751,8913,10313,442,0.097,0.216,0.751,0.43212450305439737
4174,4.201386660194178e-06,0.8965162798058328,0.08716922340955907,20.626,26,87,217,996,8913,10313,438,0.087,0.217,0.996,0.43212450305439737
4175,3.3459497850913365e-06,0.8965102855592102,0.08721398373380632,20.626,26,90,219,792,8913,10313,443,0.09,0.219,0.792,0.43212450305439737
4176,3.658572008767621e-06,0.8964956002025201,0.0872554518554801,20.626,26,100,229,1013,8913,10313,462,0.1,0.229,1.013,0.43212450305439737
4177,3.8541511444707065e-06,0.8964562139820903,0.08725779958281125,20.626,26,86,228,1061,8913,10313,448,0.086,0.228,1.061,0.43212450305439737
4178,3.950860043858991e-06,0.8963723236730194,0.08740785838740303,20.626,26,96,213,864,8913,10313,438,0.096,0.213,0.864,0.43212450305439737
4179,4.151854758563598e-06,0.8965124473068525,0.08716568426150388,20.626,26,91,219,908,8913,10313,444,0.091,0.219,0.908,0.43212450305439737
4180,3.202072926592289e-06,0.896510527736,0.08720767991599206,20.626,26,89,220,783,8913,10313,443,0.089,0.22,0.783,0.43212450305439737
4181,3.602142640716191e-06,0.8964787098145541,0.08727274078530219,20.626,26,94,212,1035,8913,10313,443,0.094,0.212,1.035,0.43212450305439737
4182,3.7398092998753854e-06,0.8964482048114181,0.08728304126219513,20.626,26,83,233,1299,8913,10313,450,0.083,0.233,1.299,0.43212450305439737
4183,3.89608808622938e-06,0.8963752200598669,0.08742436324062225,20.626,26,97,218,763,8913,10313,444,0.097,0.218,0.763,0.43212450305439737
4184,4.191014014539368e-06,0.8965146670221688,0.08716610975253443,20.626,26,90,215,936,8913,10313,439,0.09,0.215,0.936,0.43212450305439737
4185,3.2728291758382732e-06,0.8965088529122979,0.08720035150108063,20.626,26,89,220,797,8913,10313,443,0.089,0.22,0.797,0.43212450305439737
4186,3.5409422854135933e-06,0.8964798040741768,0.08726690782953321,20.626,26,101,216,1029,8913,10313,455,0.101,0.216,1.029,0.43212450305439737
4187,3.7221782726558408e-06,0.8964371130530606,0.08727925487815372,20.626,26,83,224,1005,8913,10313,442,0.083,0.224,1.005,0.43212450305439737
4188,3.868151883368596e-06,0.8963795703364934,0.08742727860455014,20.626,26,93,216,855,8913,10313,438,0.093,0.216,0.855,0.43212450305439737
4189,4.133896874262624e-06,0.8965272794993894,0.08717173885866919,20.626,26,89,224,984,8913,10313,447,0.089,0.224,0.984,0.43212450305439737
4190,3.5028357907248084e-06,0.8965033387785143,0.0872218093450518,20.626,26,90,222,794,8913,10313,446,0.09,0.222,0.794,0.43212450305439737
4191,3.963933924450499e-06,0.8964902320335835,0.08725921462368745,20.626,26,95,224,1066,8913,10313,452,0.095,0.224,1.066,0.43212450305439737
4192,3.872736665952129e-06,0.8964414723900181,0.08725424472903563,20.626,26,83,237,1105,8913,10313,454,0.083,0.237,1.105,0.43212450305439737
4193,3.831977476201405e-06,0.8963778102991224,0.08739185258631482,20.626,26,96,215,755,8913,10313,440,0.096,0.215,0.755,0.43212450305439737
4194,4.127151351135937e-06,0.8965139471731429,0.08717573685077874,20.626,26,89,219,961,8913,10313,442,0.089,0.219,0.961,0.43212450305439737
4195,3.202670316335206e-06,0.8965029951185604,0.08722744053617228,20.626,26,93,223,705,8913,10313,450,0.093,0.223,0.705,0.43212450305439737
4196,3.501709655980939e-06,0.8964633694416059,0.08728608625054962,20.626,26,106,222,890,8913,10313,465,0.106,0.222,0.89,0.43212450305439737
4197,3.7095031461903834e-06,0.8964226266133839,0.08728253078370807,20.626,26,87,231,1022,8913,10313,452,0.087,0.231,1.022,0.43212450305439737
4198,3.831929827676849e-06,0.8963665134486509,0.08742197961196613,20.626,26,97,222,690,8913,10313,448,0.097,0.222,0.69,0.43212450305439737
4199,4.075318811635366e-06,0.8965214444486772,0.0871650561211328,20.626,26,90,223,933,8913,10313,447,0.09,0.223,0.933,0.43212450305439737
4200,3.4604821159018755e-06,0.8965032335669616,0.08722758193319609,20.626,26,90,222,811,8913,10313,446,0.09,0.222,0.811,0.43212450305439737
4201,3.9309775561866035e-06,0.8964966193183251,0.08724793366830588,20.626,26,94,221,1070,8913,10313,448,0.094,0.221,1.07,0.43212450305439737
4202,3.8476689631554955e-06,0.8964615332457241,0.0872405589014505,20.626,26,80,233,1771,8913,10313,448,0.08,0.233,1.771,0.43212450305439737
4203,3.892363525287732e-06,0.8963873862345612,0.08739414470374825,20.626,26,96,215,965,8913,10313,440,0.096,0.215,0.965,0.43212450305439737
4204,4.294474386407581e-06,0.8965259517627966,0.0871623414203669,20.626,26,86,221,914,8913,10313,441,0.086,0.221,0.914,0.43212450305439737
4205,3.452840490926814e-06,0.8964966923244869,0.08723429182661491,20.626,26,91,220,867,8913,10313,445,0.091,0.22,0.867,0.43212450305439737
4206,3.860594573371095e-06,0.8964814108420783,0.0872531265134314,20.626,26,102,216,1139,8913,10313,455,0.102,0.216,1.139,0.43212450305439737
4207,3.7971239408586954e-06,0.8964487169325799,0.08724205781754263,20.626,26,84,232,1842,8913,10313,450,0.084,0.232,1.842,0.43212450305439737
4208,3.829328565275248e-06,0.8963865821539694,0.08739424265205868,20.626,26,97,216,924,8913,10313,442,0.097,0.216,0.924,0.43212450305439737
4209,4.12267695682878e-06,0.8965293867648175,0.08716005108331056,20.626,26,90,225,984,8913,10313,449,0.09,0.225,0.984,0.43212450305439737
4210,3.3009250256449513e-06,0.8965085761037687,0.08722230460666631,20.626,26,90,224,819,8913,10313,448,0.09,0.224,0.819,0.43212450305439737
4211,3.7801012526110592e-06,0.8964784723412688,0.08726610301109088,20.626,26,94,221,1290,8913,10313,448,0.094,0.221,1.29,0.43212450305439737
4212,3.7828958712266882e-06,0.8964402777196595,0.08726459762678404,20.626,26,83,233,1197,8913,10313,450,0.083,0.233,1.197,0.43212450305439737
4213,3.884498668721024e-06,0.8963793281614758,0.08741076647075667,20.626,26,96,219,767,8913,10313,444,0.096,0.219,0.767,0.43212450305439737
4214,4.2198042063285565e-06,0.8965225529251395,0.08716270476883609,20.626,26,87,221,965,8913,10313,442,0.087,0.221,0.965,0.43212450305439737
4215,3.473296181617432e-06,0.8964965106740408,0.08723033659738158,20.626,26,90,219,811,8913,10313,443,0.09,0.219,0.811,0.43212450305439737
4216,3.907558500006454e-06,0.8964931070068237,0.0872507633964054,20.626,26,102,213,1014,8913,10313,453,0.102,0.213,1.014,0.43212450305439737
4217,3.864940649796918e-06,0.8964535907194738,0.08724028127641958,20.626,26,84,234,1551,8913,10313,452,0.084,0.234,1.551,0.43212450305439737
4218,3.892886206918973e-06,0.8963790647588765,0.08739301389001665,20.626,26,97,212,1127,8913,10313,438,0.097,0.212,1.127,0.43212450305439737
4219,4.156376275975755e-06,0.8965221117231162,0.08716088043111617,20.626,26,88,224,904,8913,10313,446,0.088,0.224,0.904,0.43212450305439737
4220,3.391244232405085e-06,0.8965047405058734,0.08723552821949948,20.626,26,90,221,798,8913,10313,445,0.09,0.221,0.798,0.43212450305439737
4221,3.999534636415539e-06,0.8964898044533045,0.08725455686678622,20.626,26,93,207,1150,8913,10313,437,0.093,0.207,1.15,0.43212450305439737
4222,3.8104786825181073e-06,0.8964588028198555,0.08724377395611671,20.626,26,81,235,1734,8913,10313,450,0.081,0.235,1.734,0.43212450305439737
4223,3.851969669015142e-06,0.8963876874847528,0.08739425270619926,20.626,26,98,217,806,8913,10313,444,0.098,0.217,0.806,0.43212450305439737
4224,4.18806028562477e-06,0.8965207609590153,0.08715852126908175,20.626,26,88,222,994,8913,10313,444,0.088,0.222,0.994,0.43212450305439737
4225,3.265473910498941e-06,0.8965034011686449,0.0872215924610272,20.626,26,93,226,810,8913,10313,453,0.093,0.226,0.81,0.43212450305439737
4226,3.5809783547901366e-06,0.8964737639481637,0.08726570422986415,20.626,26,103,230,1159,8913,10313,466,0.103,0.23,1.159,0.43212450305439737
4227,3.746445799734784e-06,0.8964461885501638,0.08726609938262599,20.626,26,86,228,1287,8913,10313,448,0.086,0.228,1.287,0.43212450305439737
4228,3.896682505770059e-06,0.8963877315255401,0.08741223694598915,20.626,26,95,214,882,8913,10313,438,0.095,0.214,0.882,0.43212450305439737
4229,4.153315177414913e-06,0.8965287211512952,0.08716353698058321,20.626,26,88,222,954,8913,10313,444,0.088,0.222,0.954,0.43212450305439737
4230,3.4203215665822477e-06,0.8965024779665093,0.08723124954410326,20.626,26,89,220,795,8913,10313,443,0.089,0.22,0.795,0.43212450305439737
4231,3.994329281560297e-06,0.8964918154830077,0.08725048618291971,20.626,26,93,206,1023,8913,10313,437,0.093,0.206,1.023,0.43212450305439737
4232,3.832982845136675e-06,0.8964576957736714,0.08724120193223125,20.626,26,81,235,1473,8913,10313,450,0.081,0.235,1.473,0.43212450305439737
4233,3.882407552397279e-06,0.8963865200569863,0.0873942899378418,20.626,26,97,218,1032,8913,10313,444,0.097,0.218,1.032,0.43212450305439737
4234,4.215133541150017e-06,0.8965206448258874,0.08716042600905155,20.626,26,88,222,968,8913,10313,444,0.088,0.222,0.968,0.43212450305439737
4235,3.290504523855612e-06,0.8965049394831733,0.08722376811111901,20.626,26,92,222,823,8913,10313,448,0.092,0.222,0.823,0.43212450305439737
4236,3.582229869752746e-06,0.8964775488760586,0.08726712102724757,20.626,26,102,231,1151,8913,10313,466,0.102,0.231,1.151,0.43212450305439737
4237,3.7680490171026333e-06,0.8964469332698332,0.08726555952751372,20.626,26,87,229,1302,8913,10313,450,0.087,0.229,1.302,0.43212450305439737
4238,3.924400950179903e-06,0.8963794470050257,0.08740950750443567,20.626,26,96,215,886,8913,10313,440,0.096,0.215,0.886,0.43212450305439737
4239,4.133478473629071e-06,0.8965218460781871,0.08716147540958691,20.626,26,89,223,944,8913,10313,446,0.089,0.223,0.944,0.43212450305439737
4240,3.4042126522734973e-06,0.8964983804955464,0.08723061631428317,20.626,26,89,220,799,8913,10313,443,0.089,0.22,0.799,0.43212450305439737
4241,3.999181610018775e-06,0.8964926124349126,0.08725100169240449,20.626,26,93,206,1034,8913,10313,437,0.093,0.206,1.034,0.43212450305439737
4242,3.849949198752927e-06,0.8964620228417866,0.08724221543795242,20.626,26,82,236,1481,8913,10313,452,0.082,0.236,1.481,0.43212450305439737
4243,3.884449600130689e-06,0.8963835439532549,0.08739380336188071,20.626,26,99,216,1061,8913,10313,444,0.099,0.216,1.061,0.43212450305439737
4244,4.213890376593573e-06,0.8965219718842005,0.08716054691813446,20.626,26,89,223,916,8913,10313,446,0.089,0.223,0.916,0.43212450305439737
4245,3.3332133460711534e-06,0.8965036871469563,0.08722239845900763,20.626,26,92,222,827,8913,10313,448,0.092,0.222,0.827,0.43212450305439737
4246,3.6618425714893726e-06,0.8964773692583736,0.087266305851298,20.626,26,102,227,1070,8913,10313,462,0.102,0.227,1.07,0.43212450305439737
4247,3.7850806406051954e-06,0.8964426205594618,0.08726473788571107,20.626,26,86,230,1091,8913,10313,450,0.086,0.23,1.091,0.43212450305439737
4248,3.825101949520742e-06,0.8963772264661471,0.087409637533707,20.626,26,97,220,872,8913,10313,446,0.097,0.22,0.872,0.43212450305439737
4249,4.052378543392053e-06,0.8965194073210385,0.08716163763548344,20.626,26,91,226,985,8913,10313,451,0.091,0.226,0.985,0.43212450305439737
4250,3.154709176276587e-06,0.8965201863219127,0.08720413007202055,20.626,26,91,230,808,8913,10313,455,0.091,0.23,0.808,0.43212450305439737
4251,3.660849420442495e-06,0.8964820794939622,0.08727005525847988,20.626,26,96,213,1085,8913,10313,447,0.096,0.213,1.085,0.43212450305439737
4252,3.752673469396768e-06,0.8964312181382375,0.08728001161552232,20.626,26,83,231,973,8913,10313,448,0.083,0.231,0.973,0.43212450305439737
4253,3.8651047639178916e-06,0.8963678343987707,0.08742557548566542,20.626,26,97,216,751,8913,10313,442,0.097,0.216,0.751,0.43212450305439737
4254,4.201386660194178e-06,0.8965162798058328,0.08716922340955907,20.626,26,87,217,996,8913,10313,438,0.087,0.217,0.996,0.43212450305439737
4255,3.345949785091335e-06,0.8965102855592102,0.08721398373380632,20.626,26,90,219,792,8913,10313,443,0.09,0.219,0.792,0.43212450305439737
4256,3.6585720087676203e-06,0.8964956002025201,0.0872554518554801,20.626,26,100,229,1013,8913,10313,462,0.1,0.229,1.013,0.43212450305439737
4257,3.8541511444707065e-06,0.8964562139820903,0.08725779958281125,20.626,26,86,228,1061,8913,10313,448,0.086,0.228,1.061,0.43212450305439737
4258,3.950860043858992e-06,0.8963723236730194,0.08740785838740303,20.626,26,96,213,864,8913,10313,438,0.096,0.213,0.864,0.43212450305439737
4259,4.151854758563598e-06,0.8965124473068525,0.08716568426150388,20.626,26,91,219,908,8913,10313,444,0.091,0.219,0.908,0.43212450305439737
4260,3.20207292659229e-06,0.896510527736,0.08720767991599206,20.626,26,89,220,783,8913,10313,443,0.089,0.22,0.783,0.43212450305439737
4261,3.6021426407161912e-06,0.8964787098145541,0.08727274078530219,20.626,26,94,212,1035,8913,10313,443,0.094,0.212,1.035,0.43212450305439737
4262,3.7398092998753845e-06,0.8964482048114181,0.08728304126219513,20.626,26,83,233,1299,8913,10313,450,0.083,0.233,1.299,0.43212450305439737
4263,3.896088086229379e-06,0.8963752200598669,0.08742436324062225,20.626,26,97,218,763,8913,10313,444,0.097,0.218,0.763,0.43212450305439737
4264,4.191014014539368e-06,0.8965146670221688,0.08716610975253443,20.626,26,90,215,936,8913,10313,439,0.09,0.215,0.936,0.43212450305439737
4265,3.2728291758382732e-06,0.8965088529122979,0.08720035150108063,20.626,26,89,220,797,8913,10313,443,0.089,0.22,0.797,0.43212450305439737
4266,3.5409422854135933e-06,0.8964798040741768,0.08726690782953321,20.626,26,101,216,1029,8913,10313,455,0.101,0.216,1.029,0.43212450305439737
4267,3.722178272655842e-06,0.8964371130530606,0.08727925487815372,20.626,26,83,224,1005,8913,10313,442,0.083,0.224,1.005,0.43212450305439737
4268,3.868151883368596e-06,0.8963795703364934,0.08742727860455014,20.626,26,93,216,855,8913,10313,438,0.093,0.216,0.855,0.43212450305439737
4269,4.133896874262623e-06,0.8965272794993894,0.08717173885866919,20.626,26,89,224,984,8913,10313,447,0.089,0.224,0.984,0.43212450305439737
4270,3.5028357907248092e-06,0.8965033387785143,0.0872218093450518,20.626,26,90,222,794,8913,10313,446,0.09,0.222,0.794,0.43212450305439737
4271,3.963933924450499e-06,0.8964902320335835,0.08725921462368745,20.626,26,95,224,1066,8913,10313,452,0.095,0.224,1.066,0.43212450305439737
4272,3.872736665952129e-06,0.8964414723900181,0.08725424472903563,20.626,26,83,237,1105,8913,10313,454,0.083,0.237,1.105,0.43212450305439737
4273,3.8319774762014074e-06,0.8963778102991224,0.08739185258631482,20.626,26,96,215,755,8913,10313,440,0.096,0.215,0.755,0.43212450305439737
4274,4.127151351135937e-06,0.8965139471731429,0.08717573685077874,20.626,26,89,219,961,8913,10313,442,0.089,0.219,0.961,0.43212450305439737
4275,3.202670316335206e-06,0.8965029951185604,0.08722744053617228,20.626,26,93,223,705,8913,10313,450,0.093,0.223,0.705,0.43212450305439737
4276,3.501709655980939e-06,0.8964633694416059,0.08728608625054962,20.626,26,106,222,890,8913,10313,465,0.106,0.222,0.89,0.43212450305439737
4277,3.709503146190384e-06,0.8964226266133839,0.08728253078370807,20.626,26,87,231,1022,8913,10313,452,0.087,0.231,1.022,0.43212450305439737
4278,3.831929827676852e-06,0.8963665134486509,0.08742197961196613,20.626,26,97,222,690,8913,10313,448,0.097,0.222,0.69,0.43212450305439737
4279,4.0753188116353665e-06,0.8965214444486772,0.0871650561211328,20.626,26,90,223,933,8913,10313,447,0.09,0.223,0.933,0.43212450305439737
4280,3.4604821159018755e-06,0.8965032335669616,0.08722758193319609,20.626,26,90,222,811,8913,10313,446,0.09,0.222,0.811,0.43212450305439737
4281,3.930977556186603e-06,0.8964966193183251,0.08724793366830588,20.626,26,94,221,1070,8913,10313,448,0.094,0.221,1.07,0.43212450305439737
4282,3.847668963155495e-06,0.8964615332457241,0.0872405589014505,20.626,26,80,233,1771,8913,10313,448,0.08,0.233,1.771,0.43212450305439737
4283,3.89236352528773e-06,0.8963873862345612,0.08739414470374825,20.626,26,96,215,965,8913,10313,440,0.096,0.215,0.965,0.43212450305439737
4284,4.29447438640758e-06,0.8965259517627967,0.0871623414203669,20.626,26,86,221,914,8913,10313,441,0.086,0.221,0.914,0.43212450305439737
4285,3.4528404909268136e-06,0.8964966923244869,0.08723429182661491,20.626,26,91,220,867,8913,10313,445,0.091,0.22,0.867,0.43212450305439737
4286,3.860594573371095e-06,0.8964814108420783,0.0872531265134314,20.626,26,102,216,1139,8913,10313,455,0.102,0.216,1.139,0.43212450305439737
4287,3.797123940858696e-06,0.8964487169325799,0.08724205781754263,20.626,26,84,232,1842,8913,10313,450,0.084,0.232,1.842,0.43212450305439737
4288,3.829328565275247e-06,0.8963865821539694,0.08739424265205868,20.626,26,97,216,924,8913,10313,442,0.097,0.216,0.924,0.43212450305439737
4289,4.12267695682878e-06,0.8965293867648175,0.08716005108331056,20.626,26,90,225,984,8913,10313,449,0.09,0.225,0.984,0.43212450305439737
4290,3.300925025644951e-06,0.8965085761037687,0.08722230460666631,20.626,26,90,224,819,8913,10313,448,0.09,0.224,0.819,0.43212450305439737
4291,3.78010125261106e-06,0.8964784723412688,0.08726610301109088,20.626,26,94,221,1290,8913,10313,448,0.094,0.221,1.29,0.43212450305439737
4292,3.7828958712266887e-06,0.8964402777196595,0.08726459762678404,20.626,26,83,233,1197,8913,10313,450,0.083,0.233,1.197,0.43212450305439737
4293,3.884498668721025e-06,0.8963793281614758,0.08741076647075667,20.626,26,96,219,767,8913,10313,444,0.096,0.219,0.767,0.43212450305439737
4294,4.219804206328558e-06,0.8965225529251395,0.08716270476883609,20.626,26,87,221,965,8913,10313,442,0.087,0.221,0.965,0.43212450305439737
4295,3.473296181617432e-06,0.8964965106740408,0.08723033659738158,20.626,26,90,219,811,8913,10313,443,0.09,0.219,0.811,0.43212450305439737
4296,3.907558500006455e-06,0.8964931070068238,0.0872507633964054,20.626,26,102,213,1014,8913,10313,453,0.102,0.213,1.014,0.43212450305439737
4297,3.864940649796918e-06,0.8964535907194738,0.08724028127641958,20.626,26,84,234,1551,8913,10313,452,0.084,0.234,1.551,0.43212450305439737
4298,3.89288620691897e-06,0.8963790647588766,0.08739301389001665,20.626,26,97,212,1127,8913,10313,438,0.097,0.212,1.127,0.43212450305439737
4299,4.156376275975755e-06,0.8965221117231162,0.08716088043111617,20.626,26,88,224,904,8913,10313,446,0.088,0.224,0.904,0.43212450305439737
4300,3.3912442324050852e-06,0.8965047405058734,0.08723552821949948,20.626,26,90,221,798,8913,10313,445,0.09,0.221,0.798,0.43212450305439737
4301,3.99953463641554e-06,0.8964898044533045,0.08725455686678624,20.626,26,93,207,1150,8913,10313,437,0.093,0.207,1.15,0.43212450305439737
4302,3.8104786825181078e-06,0.8964588028198555,0.08724377395611671,20.626,26,81,235,1734,8913,10313,450,0.081,0.235,1.734,0.43212450305439737
4303,3.851969669015143e-06,0.8963876874847528,0.08739425270619926,20.626,26,98,217,806,8913,10313,444,0.098,0.217,0.806,0.43212450305439737
4304,4.188060285624771e-06,0.8965207609590153,0.08715852126908175,20.626,26,88,222,994,8913,10313,444,0.088,0.222,0.994,0.43212450305439737
4305,3.265473910498941e-06,0.8965034011686449,0.0872215924610272,20.626,26,93,226,810,8913,10313,453,0.093,0.226,0.81,0.43212450305439737
4306,3.580978354790136e-06,0.8964737639481637,0.08726570422986415,20.626,26,103,230,1159,8913,10313,466,0.103,0.23,1.159,0.43212450305439737
4307,3.746445799734784e-06,0.8964461885501638,0.08726609938262599,20.626,26,86,228,1287,8913,10313,448,0.086,0.228,1.287,0.43212450305439737
4308,3.8966825057700595e-06,0.8963877315255402,0.08741223694598915,20.626,26,95,214,882,8913,10313,438,0.095,0.214,0.882,0.43212450305439737
4309,4.153315177414913e-06,0.8965287211512952,0.08716353698058321,20.626,26,88,222,954,8913,10313,444,0.088,0.222,0.954,0.43212450305439737
4310,3.4203215665822473e-06,0.8965024779665093,0.08723124954410326,20.626,26,89,220,795,8913,10313,443,0.089,0.22,0.795,0.43212450305439737
4311,3.994329281560296e-06,0.8964918154830077,0.08725048618291971,20.626,26,93,206,1023,8913,10313,437,0.093,0.206,1.023,0.43212450305439737
4312,3.832982845136674e-06,0.8964576957736714,0.08724120193223125,20.626,26,81,235,1473,8913,10313,450,0.081,0.235,1.473,0.43212450305439737
4313,3.882407552397278e-06,0.8963865200569863,0.0873942899378418,20.626,26,97,218,1032,8913,10313,444,0.097,0.218,1.032,0.43212450305439737
4314,4.215133541150016e-06,0.8965206448258874,0.08716042600905155,20.626,26,88,222,968,8913,10313,444,0.088,0.222,0.968,0.43212450305439737
4315,3.2905045238556126e-06,0.8965049394831733,0.08722376811111901,20.626,26,92,222,823,8913,10313,448,0.092,0.222,0.823,0.43212450305439737
4316,3.5822298697527463e-06,0.8964775488760586,0.08726712102724757,20.626,26,102,231,1151,8913,10313,466,0.102,0.231,1.151,0.43212450305439737
4317,3.7680490171026337e-06,0.8964469332698332,0.08726555952751372,20.626,26,87,229,1302,8913,10313,450,0.087,0.229,1.302,0.43212450305439737
4318,3.924400950179903e-06,0.8963794470050257,0.08740950750443567,20.626,26,96,215,886,8913,10313,440,0.096,0.215,0.886,0.43212450305439737
4319,4.13347847362907e-06,0.8965218460781871,0.08716147540958691,20.626,26,89,223,944,8913,10313,446,0.089,0.223,0.944,0.43212450305439737
4320,3.404212652273497e-06,0.8964983804955464,0.08723061631428317,20.626,26,89,220,799,8913,10313,443,0.089,0.22,0.799,0.43212450305439737
4321,3.999181610018776e-06,0.8964926124349126,0.08725100169240449,20.626,26,93,206,1034,8913,10313,437,0.093,0.206,1.034,0.43212450305439737
4322,3.849949198752928e-06,0.8964620228417866,0.08724221543795242,20.626,26,82,236,1481,8913,10313,452,0.082,0.236,1.481,0.43212450305439737
4323,3.8844496001306895e-06,0.8963835439532549,0.08739380336188071,20.626,26,99,216,1061,8913,10313,444,0.099,0.216,1.061,0.43212450305439737
4324,4.213890376593573e-06,0.8965219718842005,0.08716054691813446,20.626,26,89,223,916,8913,10313,446,0.089,0.223,0.916,0.43212450305439737
4325,3.3332133460711534e-06,0.8965036871469563,0.08722239845900763,20.626,26,92,222,827,8913,10313,448,0.092,0.222,0.827,0.43212450305439737
4326,3.6618425714893714e-06,0.8964773692583736,0.087266305851298,20.626,26,102,227,1070,8913,10313,462,0.102,0.227,1.07,0.43212450305439737
4327,3.785080640605196e-06,0.8964426205594618,0.08726473788571107,20.626,26,86,230,1091,8913,10313,450,0.086,0.23,1.091,0.43212450305439737
4328,3.8251019495207425e-06,0.8963772264661471,0.087409637533707,20.626,26,97,220,872,8913,10313,446,0.097,0.22,0.872,0.43212450305439737
4329,4.052378543392053e-06,0.8965194073210385,0.08716163763548343,20.626,26,91,226,985,8913,10313,451,0.091,0.226,0.985,0.43212450305439737
4330,3.154709176276587e-06,0.8965201863219127,0.08720413007202055,20.626,26,91,230,808,8913,10313,455,0.091,0.23,0.808,0.43212450305439737
4331,3.6608494204424945e-06,0.8964820794939622,0.08727005525847988,20.626,26,96,213,1085,8913,10313,447,0.096,0.213,1.085,0.43212450305439737
4332,3.752673469396768e-06,0.8964312181382375,0.08728001161552232,20.626,26,83,231,973,8913,10313,448,0.083,0.231,0.973,0.43212450305439737
4333,3.8651047639178916e-06,0.8963678343987707,0.08742557548566542,20.626,26,97,216,751,8913,10313,442,0.097,0.216,0.751,0.43212450305439737
4334,4.201386660194178e-06,0.8965162798058328,0.08716922340955907,20.626,26,87,217,996,8913,10313,438,0.087,0.217,0.996,0.43212450305439737
4335,3.345949785091337e-06,0.8965102855592102,0.08721398373380632,20.626,26,90,219,792,8913,10313,443,0.09,0.219,0.792,0.43212450305439737
4336,3.6585720087676216e-06,0.8964956002025201,0.0872554518554801,20.626,26,100,229,1013,8913,10313,462,0.1,0.229,1.013,0.43212450305439737
4337,3.8541511444707065e-06,0.8964562139820903,0.08725779958281125,20.626,26,86,228,1061,8913,10313,448,0.086,0.228,1.061,0.43212450305439737
4338,3.950860043858992e-06,0.8963723236730194,0.08740785838740303,20.626,26,96,213,864,8913,10313,438,0.096,0.213,0.864,0.43212450305439737
4339,4.151854758563599e-06,0.8965124473068525,0.08716568426150388,20.626,26,91,219,908,8913,10313,444,0.091,0.219,0.908,0.43212450305439737
4340,3.20207292659229e-06,0.896510527736,0.08720767991599206,20.626,26,89,220,783,8913,10313,443,0.089,0.22,0.783,0.43212450305439737
4341,3.602142640716191e-06,0.8964787098145541,0.08727274078530219,20.626,26,94,212,1035,8913,10313,443,0.094,0.212,1.035,0.43212450305439737
4342,3.7398092998753862e-06,0.8964482048114181,0.08728304126219513,20.626,26,83,233,1299,8913,10313,450,0.083,0.233,1.299,0.43212450305439737
4343,3.896088086229379e-06,0.8963752200598669,0.08742436324062225,20.626,26,97,218,763,8913,10313,444,0.097,0.218,0.763,0.43212450305439737
4344,4.191014014539368e-06,0.8965146670221689,0.08716610975253443,20.626,26,90,215,936,8913,10313,439,0.09,0.215,0.936,0.43212450305439737
4345,3.2728291758382732e-06,0.8965088529122979,0.08720035150108063,20.626,26,89,220,797,8913,10313,443,0.089,0.22,0.797,0.43212450305439737
4346,3.5409422854135933e-06,0.8964798040741768,0.08726690782953321,20.626,26,101,216,1029,8913,10313,455,0.101,0.216,1.029,0.43212450305439737
4347,3.722178272655841e-06,0.8964371130530606,0.08727925487815372,20.626,26,83,224,1005,8913,10313,442,0.083,0.224,1.005,0.43212450305439737
4348,3.868151883368596e-06,0.8963795703364934,0.08742727860455014,20.626,26,93,216,855,8913,10313,438,0.093,0.216,0.855,0.43212450305439737
4349,4.133896874262623e-06,0.8965272794993894,0.08717173885866919,20.626,26,89,224,984,8913,10313,447,0.089,0.224,0.984,0.43212450305439737
4350,3.502835790724808e-06,0.8965033387785143,0.0872218093450518,20.626,26,90,222,794,8913,10313,446,0.09,0.222,0.794,0.43212450305439737
4351,3.963933924450498e-06,0.8964902320335835,0.08725921462368745,20.626,26,95,224,1066,8913,10313,452,0.095,0.224,1.066,0.43212450305439737
4352,3.872736665952129e-06,0.8964414723900181,0.08725424472903563,20.626,26,83,237,1105,8913,10313,454,0.083,0.237,1.105,0.43212450305439737
4353,3.831977476201406e-06,0.8963778102991224,0.08739185258631482,20.626,26,96,215,755,8913,10313,440,0.096,0.215,0.755,0.43212450305439737
4354,4.127151351135937e-06,0.8965139471731429,0.08717573685077874,20.626,26,89,219,961,8913,10313,442,0.089,0.219,0.961,0.43212450305439737
4355,3.202670316335206e-06,0.8965029951185604,0.08722744053617228,20.626,26,93,223,705,8913,10313,450,0.093,0.223,0.705,0.43212450305439737
4356,3.501709655980939e-06,0.8964633694416059,0.08728608625054964,20.626,26,106,222,890,8913,10313,465,0.106,0.222,0.89,0.43212450305439737
4357,3.709503146190384e-06,0.8964226266133839,0.08728253078370807,20.626,26,87,231,1022,8913,10313,452,0.087,0.231,1.022,0.43212450305439737
4358,3.83192982767685e-06,0.8963665134486509,0.08742197961196613,20.626,26,97,222,690,8913,10313,448,0.097,0.222,0.69,0.43212450305439737
4359,4.075318811635366e-06,0.8965214444486772,0.0871650561211328,20.626,26,90,223,933,8913,10313,447,0.09,0.223,0.933,0.43212450305439737
4360,3.4604821159018755e-06,0.8965032335669616,0.08722758193319609,20.626,26,90,222,811,8913,10313,446,0.09,0.222,0.811,0.43212450305439737
4361,3.930977556186603e-06,0.8964966193183251,0.08724793366830588,20.626,26,94,221,1070,8913,10313,448,0.094,0.221,1.07,0.43212450305439737
4362,3.8476689631554955e-06,0.8964615332457241,0.0872405589014505,20.626,26,80,233,1771,8913,10313,448,0.08,0.233,1.771,0.43212450305439737
4363,3.892363525287732e-06,0.8963873862345612,0.08739414470374825,20.626,26,96,215,965,8913,10313,440,0.096,0.215,0.965,0.43212450305439737
4364,4.29447438640758e-06,0.8965259517627966,0.0871623414203669,20.626,26,86,221,914,8913,10313,441,0.086,0.221,0.914,0.43212450305439737
4365,3.4528404909268128e-06,0.8964966923244869,0.08723429182661491,20.626,26,91,220,867,8913,10313,445,0.091,0.22,0.867,0.43212450305439737
4366,3.860594573371095e-06,0.8964814108420783,0.0872531265134314,20.626,26,102,216,1139,8913,10313,455,0.102,0.216,1.139,0.43212450305439737
4367,3.797123940858696e-06,0.8964487169325799,0.08724205781754263,20.626,26,84,232,1842,8913,10313,450,0.084,0.232,1.842,0.43212450305439737
4368,3.829328565275248e-06,0.8963865821539694,0.08739424265205868,20.626,26,97,216,924,8913,10313,442,0.097,0.216,0.924,0.43212450305439737
4369,4.1226769568287804e-06,0.8965293867648175,0.08716005108331056,20.626,26,90,225,984,8913,10313,449,0.09,0.225,0.984,0.43212450305439737
4370,3.3009250256449517e-06,0.8965085761037687,0.08722230460666631,20.626,26,90,224,819,8913,10313,448,0.09,0.224,0.819,0.43212450305439737
4371,3.7801012526110592e-06,0.8964784723412688,0.08726610301109088,20.626,26,94,221,1290,8913,10313,448,0.094,0.221,1.29,0.43212450305439737
4372,3.7828958712266882e-06,0.8964402777196595,0.08726459762678404,20.626,26,83,233,1197,8913,10313,450,0.083,0.233,1.197,0.43212450305439737
4373,3.884498668721022e-06,0.8963793281614758,0.08741076647075667,20.626,26,96,219,767,8913,10313,444,0.096,0.219,0.767,0.43212450305439737
4374,4.2198042063285565e-06,0.8965225529251396,0.08716270476883606,20.626,26,87,221,965,8913,10313,442,0.087,0.221,0.965,0.43212450305439737
4375,3.473296181617432e-06,0.8964965106740408,0.08723033659738158,20.626,26,90,219,811,8913,10313,443,0.09,0.219,0.811,0.43212450305439737
4376,3.907558500006455e-06,0.8964931070068237,0.0872507633964054,20.626,26,102,213,1014,8913,10313,453,0.102,0.213,1.014,0.43212450305439737
4377,3.864940649796919e-06,0.8964535907194738,0.08724028127641958,20.626,26,84,234,1551,8913,10313,452,0.084,0.234,1.551,0.43212450305439737
4378,3.892886206918971e-06,0.8963790647588765,0.08739301389001665,20.626,26,97,212,1127,8913,10313,438,0.097,0.212,1.127,0.43212450305439737
4379,4.156376275975754e-06,0.8965221117231162,0.08716088043111617,20.626,26,88,224,904,8913,10313,446,0.088,0.224,0.904,0.43212450305439737
4380,3.3912442324050844e-06,0.8965047405058734,0.08723552821949948,20.626,26,90,221,798,8913,10313,445,0.09,0.221,0.798,0.43212450305439737
4381,3.999534636415539e-06,0.8964898044533045,0.08725455686678622,20.626,26,93,207,1150,8913,10313,437,0.093,0.207,1.15,0.43212450305439737
4382,3.8104786825181078e-06,0.8964588028198555,0.08724377395611671,20.626,26,81,235,1734,8913,10313,450,0.081,0.235,1.734,0.43212450305439737
4383,3.851969669015143e-06,0.8963876874847528,0.08739425270619926,20.626,26,98,217,806,8913,10313,444,0.098,0.217,0.806,0.43212450305439737
4384,4.18806028562477e-06,0.8965207609590153,0.08715852126908175,20.626,26,88,222,994,8913,10313,444,0.088,0.222,0.994,0.43212450305439737
4385,3.265473910498941e-06,0.8965034011686449,0.0872215924610272,20.626,26,93,226,810,8913,10313,453,0.093,0.226,0.81,0.43212450305439737
4386,3.5809783547901366e-06,0.8964737639481637,0.08726570422986415,20.626,26,103,230,1159,8913,10313,466,0.103,0.23,1.159,0.43212450305439737
4387,3.7464457997347846e-06,0.8964461885501638,0.08726609938262599,20.626,26,86,228,1287,8913,10313,448,0.086,0.228,1.287,0.43212450305439737
4388,3.8966825057700595e-06,0.8963877315255401,0.08741223694598915,20.626,26,95,214,882,8913,10313,438,0.095,0.214,0.882,0.43212450305439737
4389,4.153315177414914e-06,0.8965287211512952,0.08716353698058321,20.626,26,88,222,954,8913,10313,444,0.088,0.222,0.954,0.43212450305439737
4390,3.4203215665822477e-06,0.8965024779665093,0.08723124954410326,20.626,26,89,220,795,8913,10313,443,0.089,0.22,0.795,0.43212450305439737
4391,3.994329281560297e-06,0.8964918154830077,0.08725048618291971,20.626,26,93,206,1023,8913,10313,437,0.093,0.206,1.023,0.43212450305439737
4392,3.832982845136675e-06,0.8964576957736714,0.08724120193223125,20.626,26,81,235,1473,8913,10313,450,0.081,0.235,1.473,0.43212450305439737
4393,3.882407552397278e-06,0.8963865200569863,0.0873942899378418,20.626,26,97,218,1032,8913,10313,444,0.097,0.218,1.032,0.43212450305439737
4394,4.2151335411500156e-06,0.8965206448258874,0.08716042600905155,20.626,26,88,222,968,8913,10313,444,0.088,0.222,0.968,0.43212450305439737
4395,3.290504523855613e-06,0.8965049394831733,0.08722376811111901,20.626,26,92,222,823,8913,10313,448,0.092,0.222,0.823,0.43212450305439737
4396,3.582229869752746e-06,0.8964775488760586,0.08726712102724757,20.626,26,102,231,1151,8913,10313,466,0.102,0.231,1.151,0.43212450305439737
4397,3.7680490171026337e-06,0.8964469332698332,0.08726555952751372,20.626,26,87,229,1302,8913,10313,450,0.087,0.229,1.302,0.43212450305439737
4398,3.924400950179904e-06,0.8963794470050257,0.08740950750443567,20.626,26,96,215,886,8913,10313,440,0.096,0.215,0.886,0.43212450305439737
4399,4.133478473629071e-06,0.8965218460781871,0.08716147540958691,20.626,26,89,223,944,8913,10313,446,0.089,0.223,0.944,0.43212450305439737
4400,3.4042126522734977e-06,0.8964983804955464,0.08723061631428317,20.626,26,89,220,799,8913,10313,443,0.089,0.22,0.799,0.43212450305439737
4401,3.999181610018775e-06,0.8964926124349126,0.08725100169240449,20.626,26,93,206,1034,8913,10313,437,0.093,0.206,1.034,0.43212450305439737
4402,3.849949198752927e-06,0.8964620228417866,0.08724221543795242,20.626,26,82,236,1481,8913,10313,452,0.082,0.236,1.481,0.43212450305439737
4403,3.884449600130688e-06,0.8963835439532549,0.08739380336188071,20.626,26,99,216,1061,8913,10313,444,0.099,0.216,1.061,0.43212450305439737
4404,4.213890376593572e-06,0.8965219718842005,0.08716054691813446,20.626,26,89,223,916,8913,10313,446,0.089,0.223,0.916,0.43212450305439737
4405,3.333213346071153e-06,0.8965036871469563,0.08722239845900763,20.626,26,92,222,827,8913,10313,448,0.092,0.222,0.827,0.43212450305439737
4406,3.6618425714893718e-06,0.8964773692583736,0.087266305851298,20.626,26,102,227,1070,8913,10313,462,0.102,0.227,1.07,0.43212450305439737
4407,3.785080640605196e-06,0.8964426205594618,0.08726473788571107,20.626,26,86,230,1091,8913,10313,450,0.086,0.23,1.091,0.43212450305439737
4408,3.825101949520742e-06,0.8963772264661471,0.087409637533707,20.626,26,97,220,872,8913,10313,446,0.097,0.22,0.872,0.43212450305439737
4409,4.052378543392052e-06,0.8965194073210385,0.08716163763548344,20.626,26,91,226,985,8913,10313,451,0.091,0.226,0.985,0.43212450305439737
4410,3.154709176276587e-06,0.8965201863219127,0.08720413007202055,20.626,26,91,230,808,8913,10313,455,0.091,0.23,0.808,0.43212450305439737
4411,3.660849420442495e-06,0.8964820794939622,0.08727005525847988,20.626,26,96,213,1085,8913,10313,447,0.096,0.213,1.085,0.43212450305439737
4412,3.7526734693967683e-06,0.8964312181382375,0.08728001161552232,20.626,26,83,231,973,8913,10313,448,0.083,0.231,0.973,0.43212450305439737
4413,3.865104763917893e-06,0.8963678343987707,0.08742557548566542,20.626,26,97,216,751,8913,10313,442,0.097,0.216,0.751,0.43212450305439737
4414,4.201386660194176e-06,0.8965162798058328,0.08716922340955907,20.626,26,87,217,996,8913,10313,438,0.087,0.217,0.996,0.43212450305439737
4415,3.3459497850913335e-06,0.8965102855592102,0.08721398373380632,20.626,26,90,219,792,8913,10313,443,0.09,0.219,0.792,0.43212450305439737
4416,3.65857200876762e-06,0.8964956002025201,0.0872554518554801,20.626,26,100,229,1013,8913,10313,462,0.1,0.229,1.013,0.43212450305439737
4417,3.8541511444707065e-06,0.8964562139820903,0.08725779958281125,20.626,26,86,228,1061,8913,10313,448,0.086,0.228,1.061,0.43212450305439737
4418,3.950860043858993e-06,0.8963723236730194,0.08740785838740303,20.626,26,96,213,864,8913,10313,438,0.096,0.213,0.864,0.43212450305439737
4419,4.151854758563598e-06,0.8965124473068525,0.08716568426150388,20.626,26,91,219,908,8913,10313,444,0.091,0.219,0.908,0.43212450305439737
4420,3.20207292659229e-06,0.896510527736,0.08720767991599206,20.626,26,89,220,783,8913,10313,443,0.089,0.22,0.783,0.43212450305439737
4421,3.6021426407161912e-06,0.8964787098145541,0.08727274078530219,20.626,26,94,212,1035,8913,10313,443,0.094,0.212,1.035,0.43212450305439737
4422,3.7398092998753845e-06,0.8964482048114181,0.08728304126219513,20.626,26,83,233,1299,8913,10313,450,0.083,0.233,1.299,0.43212450305439737
4423,3.896088086229379e-06,0.8963752200598669,0.08742436324062225,20.626,26,97,218,763,8913,10313,444,0.097,0.218,0.763,0.43212450305439737
4424,4.191014014539367e-06,0.8965146670221688,0.08716610975253443,20.626,26,90,215,936,8913,10313,439,0.09,0.215,0.936,0.43212450305439737
4425,3.2728291758382732e-06,0.8965088529122979,0.08720035150108063,20.626,26,89,220,797,8913,10313,443,0.089,0.22,0.797,0.43212450305439737
4426,3.5409422854135933e-06,0.8964798040741768,0.08726690782953321,20.626,26,101,216,1029,8913,10313,455,0.101,0.216,1.029,0.43212450305439737
4427,3.722178272655841e-06,0.8964371130530606,0.08727925487815372,20.626,26,83,224,1005,8913,10313,442,0.083,0.224,1.005,0.43212450305439737
4428,3.868151883368596e-06,0.8963795703364934,0.08742727860455014,20.626,26,93,216,855,8913,10313,438,0.093,0.216,0.855,0.43212450305439737
4429,4.133896874262623e-06,0.8965272794993894,0.08717173885866919,20.626,26,89,224,984,8913,10313,447,0.089,0.224,0.984,0.43212450305439737
4430,3.5028357907248092e-06,0.8965033387785143,0.0872218093450518,20.626,26,90,222,794,8913,10313,446,0.09,0.222,0.794,0.43212450305439737
4431,3.963933924450497e-06,0.8964902320335835,0.08725921462368745,20.626,26,95,224,1066,8913,10313,452,0.095,0.224,1.066,0.43212450305439737
4432,3.87273666595213e-06,0.8964414723900181,0.08725424472903563,20.626,26,83,237,1105,8913,10313,454,0.083,0.237,1.105,0.43212450305439737
4433,3.831977476201407e-06,0.8963778102991224,0.08739185258631482,20.626,26,96,215,755,8913,10313,440,0.096,0.215,0.755,0.43212450305439737
4434,4.127151351135937e-06,0.8965139471731429,0.08717573685077874,20.626,26,89,219,961,8913,10313,442,0.089,0.219,0.961,0.43212450305439737
4435,3.202670316335206e-06,0.8965029951185604,0.08722744053617228,20.626,26,93,223,705,8913,10313,450,0.093,0.223,0.705,0.43212450305439737
4436,3.501709655980939e-06,0.8964633694416059,0.08728608625054962,20.626,26,106,222,890,8913,10313,465,0.106,0.222,0.89,0.43212450305439737
4437,3.709503146190384e-06,0.8964226266133839,0.08728253078370807,20.626,26,87,231,1022,8913,10313,452,0.087,0.231,1.022,0.43212450305439737
4438,3.831929827676852e-06,0.8963665134486509,0.08742197961196613,20.626,26,97,222,690,8913,10313,448,0.097,0.222,0.69,0.43212450305439737
4439,4.075318811635365e-06,0.8965214444486772,0.0871650561211328,20.626,26,90,223,933,8913,10313,447,0.09,0.223,0.933,0.43212450305439737
4440,3.4604821159018747e-06,0.8965032335669616,0.08722758193319609,20.626,26,90,222,811,8913,10313,446,0.09,0.222,0.811,0.43212450305439737
4441,3.9309775561866035e-06,0.8964966193183251,0.08724793366830588,20.626,26,94,221,1070,8913,10313,448,0.094,0.221,1.07,0.43212450305439737
4442,3.8476689631554955e-06,0.8964615332457241,0.0872405589014505,20.626,26,80,233,1771,8913,10313,448,0.08,0.233,1.771,0.43212450305439737
4443,3.892363525287732e-06,0.8963873862345612,0.08739414470374825,20.626,26,96,215,965,8913,10313,440,0.096,0.215,0.965,0.43212450305439737
4444,4.29447438640758e-06,0.8965259517627967,0.0871623414203669,20.626,26,86,221,914,8913,10313,441,0.086,0.221,0.914,0.43212450305439737
4445,3.4528404909268128e-06,0.8964966923244869,0.08723429182661491,20.626,26,91,220,867,8913,10313,445,0.091,0.22,0.867,0.43212450305439737
4446,3.860594573371095e-06,0.8964814108420783,0.0872531265134314,20.626,26,102,216,1139,8913,10313,455,0.102,0.216,1.139,0.43212450305439737
4447,3.7971239408586954e-06,0.8964487169325799,0.08724205781754263,20.626,26,84,232,1842,8913,10313,450,0.084,0.232,1.842,0.43212450305439737
4448,3.829328565275247e-06,0.8963865821539694,0.08739424265205868,20.626,26,97,216,924,8913,10313,442,0.097,0.216,0.924,0.43212450305439737
4449,4.12267695682878e-06,0.8965293867648175,0.08716005108331056,20.626,26,90,225,984,8913,10313,449,0.09,0.225,0.984,0.43212450305439737
4450,3.3009250256449513e-06,0.8965085761037687,0.08722230460666631,20.626,26,90,224,819,8913,10313,448,0.09,0.224,0.819,0.43212450305439737
4451,3.7801012526110592e-06,0.8964784723412688,0.08726610301109088,20.626,26,94,221,1290,8913,10313,448,0.094,0.221,1.29,0.43212450305439737
4452,3.7828958712266887e-06,0.8964402777196595,0.08726459762678404,20.626,26,83,233,1197,8913,10313,450,0.083,0.233,1.197,0.43212450305439737
4453,3.884498668721025e-06,0.8963793281614758,0.08741076647075667,20.626,26,96,219,767,8913,10313,444,0.096,0.219,0.767,0.43212450305439737
4454,4.219804206328558e-06,0.8965225529251395,0.08716270476883609,20.626,26,87,221,965,8913,10313,442,0.087,0.221,0.965,0.43212450305439737
4455,3.4732961816174314e-06,0.8964965106740408,0.08723033659738158,20.626,26,90,219,811,8913,10313,443,0.09,0.219,0.811,0.43212450305439737
4456,3.907558500006455e-06,0.8964931070068238,0.0872507633964054,20.626,26,102,213,1014,8913,10313,453,0.102,0.213,1.014,0.43212450305439737
4457,3.864940649796917e-06,0.8964535907194738,0.08724028127641958,20.626,26,84,234,1551,8913,10313,452,0.084,0.234,1.551,0.43212450305439737
4458,3.892886206918971e-06,0.8963790647588766,0.08739301389001665,20.626,26,97,212,1127,8913,10313,438,0.097,0.212,1.127,0.43212450305439737
4459,4.156376275975755e-06,0.8965221117231162,0.08716088043111617,20.626,26,88,224,904,8913,10313,446,0.088,0.224,0.904,0.43212450305439737
4460,3.3912442324050865e-06,0.8965047405058734,0.08723552821949948,20.626,26,90,221,798,8913,10313,445,0.09,0.221,0.798,0.43212450305439737
4461,3.99953463641554e-06,0.8964898044533045,0.08725455686678624,20.626,26,93,207,1150,8913,10313,437,0.093,0.207,1.15,0.43212450305439737
4462,3.810478682518107e-06,0.8964588028198555,0.08724377395611671,20.626,26,81,235,1734,8913,10313,450,0.081,0.235,1.734,0.43212450305439737
4463,3.851969669015142e-06,0.8963876874847528,0.08739425270619926,20.626,26,98,217,806,8913,10313,444,0.098,0.217,0.806,0.43212450305439737
4464,4.188060285624771e-06,0.8965207609590153,0.08715852126908175,20.626,26,88,222,994,8913,10313,444,0.088,0.222,0.994,0.43212450305439737
4465,3.265473910498941e-06,0.8965034011686449,0.0872215924610272,20.626,26,93,226,810,8913,10313,453,0.093,0.226,0.81,0.43212450305439737
4466,3.580978354790137e-06,0.8964737639481637,0.08726570422986415,20.626,26,103,230,1159,8913,10313,466,0.103,0.23,1.159,0.43212450305439737
4467,3.7464457997347846e-06,0.8964461885501638,0.08726609938262599,20.626,26,86,228,1287,8913,10313,448,0.086,0.228,1.287,0.43212450305439737
4468,3.8966825057700595e-06,0.8963877315255402,0.08741223694598915,20.626,26,95,214,882,8913,10313,438,0.095,0.214,0.882,0.43212450305439737
4469,4.1533151774149115e-06,0.8965287211512952,0.08716353698058321,20.626,26,88,222,954,8913,10313,444,0.088,0.222,0.954,0.43212450305439737
4470,3.4203215665822473e-06,0.8965024779665093,0.08723124954410326,20.626,26,89,220,795,8913,10313,443,0.089,0.22,0.795,0.43212450305439737
4471,3.994329281560296e-06,0.8964918154830077,0.08725048618291971,20.626,26,93,206,1023,8913,10313,437,0.093,0.206,1.023,0.43212450305439737
4472,3.832982845136675e-06,0.8964576957736714,0.08724120193223125,20.626,26,81,235,1473,8913,10313,450,0.081,0.235,1.473,0.43212450305439737
4473,3.882407552397278e-06,0.8963865200569863,0.0873942899378418,20.626,26,97,218,1032,8913,10313,444,0.097,0.218,1.032,0.43212450305439737
4474,4.215133541150016e-06,0.8965206448258874,0.08716042600905155,20.626,26,88,222,968,8913,10313,444,0.088,0.222,0.968,0.43212450305439737
4475,3.2905045238556126e-06,0.8965049394831733,0.08722376811111901,20.626,26,92,222,823,8913,10313,448,0.092,0.222,0.823,0.43212450305439737
4476,3.5822298697527455e-06,0.8964775488760586,0.08726712102724757,20.626,26,102,231,1151,8913,10313,466,0.102,0.231,1.151,0.43212450305439737
4477,3.768049017102634e-06,0.8964469332698332,0.08726555952751372,20.626,26,87,229,1302,8913,10313,450,0.087,0.229,1.302,0.43212450305439737
4478,3.924400950179903e-06,0.8963794470050257,0.08740950750443567,20.626,26,96,215,886,8913,10313,440,0.096,0.215,0.886,0.43212450305439737
4479,4.133478473629071e-06,0.8965218460781871,0.08716147540958691,20.626,26,89,223,944,8913,10313,446,0.089,0.223,0.944,0.43212450305439737
4480,3.404212652273498e-06,0.8964983804955464,0.08723061631428317,20.626,26,89,220,799,8913,10313,443,0.089,0.22,0.799,0.43212450305439737
4481,3.999181610018776e-06,0.8964926124349126,0.08725100169240449,20.626,26,93,206,1034,8913,10313,437,0.093,0.206,1.034,0.43212450305439737
4482,3.849949198752927e-06,0.8964620228417866,0.08724221543795242,20.626,26,82,236,1481,8913,10313,452,0.082,0.236,1.481,0.43212450305439737
4483,3.884449600130689e-06,0.8963835439532549,0.08739380336188071,20.626,26,99,216,1061,8913,10313,444,0.099,0.216,1.061,0.43212450305439737
4484,4.213890376593573e-06,0.8965219718842005,0.08716054691813446,20.626,26,89,223,916,8913,10313,446,0.089,0.223,0.916,0.43212450305439737
4485,3.3332133460711534e-06,0.8965036871469563,0.08722239845900763,20.626,26,92,222,827,8913,10313,448,0.092,0.222,0.827,0.43212450305439737
4486,3.6618425714893718e-06,0.8964773692583736,0.087266305851298,20.626,26,102,227,1070,8913,10313,462,0.102,0.227,1.07,0.43212450305439737
4487,3.785080640605196e-06,0.8964426205594618,0.08726473788571107,20.626,26,86,230,1091,8913,10313,450,0.086,0.23,1.091,0.43212450305439737
4488,3.825101949520742e-06,0.8963772264661471,0.087409637533707,20.626,26,97,220,872,8913,10313,446,0.097,0.22,0.872,0.43212450305439737
4489,4.052378543392053e-06,0.8965194073210385,0.08716163763548343,20.626,26,91,226,985,8913,10313,451,0.091,0.226,0.985,0.43212450305439737
4490,3.154709176276587e-06,0.8965201863219127,0.08720413007202055,20.626,26,91,230,808,8913,10313,455,0.091,0.23,0.808,0.43212450305439737
4491,3.660849420442494e-06,0.8964820794939622,0.08727005525847988,20.626,26,96,213,1085,8913,10313,447,0.096,0.213,1.085,0.43212450305439737
4492,3.752673469396768e-06,0.8964312181382375,0.08728001161552232,20.626,26,83,231,973,8913,10313,448,0.083,0.231,0.973,0.43212450305439737
4493,3.8651047639178916e-06,0.8963678343987707,0.08742557548566542,20.626,26,97,216,751,8913,10313,442,0.097,0.216,0.751,0.43212450305439737
4494,4.201386660194178e-06,0.8965162798058328,0.08716922340955907,20.626,26,87,217,996,8913,10313,438,0.087,0.217,0.996,0.43212450305439737
4495,3.345949785091337e-06,0.8965102855592102,0.08721398373380632,20.626,26,90,219,792,8913,10313,443,0.09,0.219,0.792,0.43212450305439737
4496,3.6585720087676216e-06,0.8964956002025201,0.0872554518554801,20.626,26,100,229,1013,8913,10313,462,0.1,0.229,1.013,0.43212450305439737
4497,3.8541511444707065e-06,0.8964562139820903,0.08725779958281125,20.626,26,86,228,1061,8913,10313,448,0.086,0.228,1.061,0.43212450305439737
4498,3.950860043858991e-06,0.8963723236730194,0.08740785838740303,20.626,26,96,213,864,8913,10313,438,0.096,0.213,0.864,0.43212450305439737
4499,4.1518547585635975e-06,0.8965124473068525,0.08716568426150388,20.626,26,91,219,908,8913,10313,444,0.091,0.219,0.908,0.43212450305439737
4500,3.2020729265922904e-06,0.896510527736,0.08720767991599206,20.626,26,89,220,783,8913,10313,443,0.089,0.22,0.783,0.43212450305439737
4501,3.6021426407161912e-06,0.8964787098145541,0.08727274078530219,20.626,26,94,212,1035,8913,10313,443,0.094,0.212,1.035,0.43212450305439737
4502,3.739809299875386e-06,0.8964482048114181,0.08728304126219513,20.626,26,83,233,1299,8913,10313,450,0.083,0.233,1.299,0.43212450305439737
4503,3.896088086229381e-06,0.8963752200598669,0.08742436324062225,20.626,26,97,218,763,8913,10313,444,0.097,0.218,0.763,0.43212450305439737
4504,4.191014014539368e-06,0.8965146670221688,0.08716610975253443,20.626,26,90,215,936,8913,10313,439,0.09,0.215,0.936,0.43212450305439737
4505,3.272829175838273e-06,0.8965088529122979,0.08720035150108063,20.626,26,89,220,797,8913,10313,443,0.089,0.22,0.797,0.43212450305439737
4506,3.5409422854135916e-06,0.8964798040741768,0.08726690782953321,20.626,26,101,216,1029,8913,10313,455,0.101,0.216,1.029,0.43212450305439737
4507,3.7221782726558408e-06,0.8964371130530606,0.08727925487815372,20.626,26,83,224,1005,8913,10313,442,0.083,0.224,1.005,0.43212450305439737
4508,3.868151883368596e-06,0.8963795703364934,0.08742727860455014,20.626,26,93,216,855,8913,10313,438,0.093,0.216,0.855,0.43212450305439737
4509,4.133896874262624e-06,0.8965272794993894,0.08717173885866919,20.626,26,89,224,984,8913,10313,447,0.089,0.224,0.984,0.43212450305439737
4510,3.502835790724808e-06,0.8965033387785143,0.0872218093450518,20.626,26,90,222,794,8913,10313,446,0.09,0.222,0.794,0.43212450305439737
4511,3.963933924450499e-06,0.8964902320335835,0.08725921462368745,20.626,26,95,224,1066,8913,10313,452,0.095,0.224,1.066,0.43212450305439737
4512,3.87273666595213e-06,0.8964414723900181,0.08725424472903563,20.626,26,83,237,1105,8913,10313,454,0.083,0.237,1.105,0.43212450305439737
4513,3.831977476201406e-06,0.8963778102991224,0.08739185258631482,20.626,26,96,215,755,8913,10313,440,0.096,0.215,0.755,0.43212450305439737
4514,4.127151351135937e-06,0.8965139471731429,0.08717573685077874,20.626,26,89,219,961,8913,10313,442,0.089,0.219,0.961,0.43212450305439737
4515,3.202670316335206e-06,0.8965029951185604,0.08722744053617228,20.626,26,93,223,705,8913,10313,450,0.093,0.223,0.705,0.43212450305439737
4516,3.501709655980939e-06,0.8964633694416059,0.08728608625054962,20.626,26,106,222,890,8913,10313,465,0.106,0.222,0.89,0.43212450305439737
4517,3.7095031461903838e-06,0.8964226266133839,0.08728253078370807,20.626,26,87,231,1022,8913,10313,452,0.087,0.231,1.022,0.43212450305439737
4518,3.83192982767685e-06,0.8963665134486509,0.08742197961196613,20.626,26,97,222,690,8913,10313,448,0.097,0.222,0.69,0.43212450305439737
4519,4.0753188116353665e-06,0.8965214444486772,0.0871650561211328,20.626,26,90,223,933,8913,10313,447,0.09,0.223,0.933,0.43212450305439737
4520,3.4604821159018755e-06,0.8965032335669616,0.08722758193319609,20.626,26,90,222,811,8913,10313,446,0.09,0.222,0.811,0.43212450305439737
4521,3.9309775561866035e-06,0.8964966193183251,0.08724793366830588,20.626,26,94,221,1070,8913,10313,448,0.094,0.221,1.07,0.43212450305439737
4522,3.847668963155495e-06,0.8964615332457241,0.0872405589014505,20.626,26,80,233,1771,8913,10313,448,0.08,0.233,1.771,0.43212450305439737
4523,3.892363525287729e-06,0.8963873862345612,0.08739414470374825,20.626,26,96,215,965,8913,10313,440,0.096,0.215,0.965,0.43212450305439737
4524,4.29447438640758e-06,0.8965259517627967,0.0871623414203669,20.626,26,86,221,914,8913,10313,441,0.086,0.221,0.914,0.43212450305439737
4525,3.452840490926814e-06,0.8964966923244869,0.08723429182661491,20.626,26,91,220,867,8913,10313,445,0.091,0.22,0.867,0.43212450305439737
4526,3.860594573371096e-06,0.8964814108420783,0.0872531265134314,20.626,26,102,216,1139,8913,10313,455,0.102,0.216,1.139,0.43212450305439737
4527,3.797123940858695e-06,0.8964487169325799,0.08724205781754263,20.626,26,84,232,1842,8913,10313,450,0.084,0.232,1.842,0.43212450305439737
4528,3.829328565275247e-06,0.8963865821539694,0.08739424265205868,20.626,26,97,216,924,8913,10313,442,0.097,0.216,0.924,0.43212450305439737
4529,4.1226769568287804e-06,0.8965293867648175,0.08716005108331056,20.626,26,90,225,984,8913,10313,449,0.09,0.225,0.984,0.43212450305439737
4530,3.300925025644951e-06,0.8965085761037687,0.08722230460666631,20.626,26,90,224,819,8913,10313,448,0.09,0.224,0.819,0.43212450305439737
4531,3.78010125261106e-06,0.8964784723412688,0.08726610301109088,20.626,26,94,221,1290,8913,10313,448,0.094,0.221,1.29,0.43212450305439737
4532,3.7828958712266882e-06,0.8964402777196595,0.08726459762678404,20.626,26,83,233,1197,8913,10313,450,0.083,0.233,1.197,0.43212450305439737
4533,3.884498668721024e-06,0.8963793281614758,0.08741076647075667,20.626,26,96,219,767,8913,10313,444,0.096,0.219,0.767,0.43212450305439737
4534,4.2198042063285565e-06,0.8965225529251395,0.08716270476883609,20.626,26,87,221,965,8913,10313,442,0.087,0.221,0.965,0.43212450305439737
4535,3.473296181617432e-06,0.8964965106740408,0.08723033659738158,20.626,26,90,219,811,8913,10313,443,0.09,0.219,0.811,0.43212450305439737
4536,3.907558500006454e-06,0.8964931070068237,0.0872507633964054,20.626,26,102,213,1014,8913,10313,453,0.102,0.213,1.014,0.43212450305439737
4537,3.864940649796919e-06,0.8964535907194738,0.08724028127641958,20.626,26,84,234,1551,8913,10313,452,0.084,0.234,1.551,0.43212450305439737
4538,3.892886206918972e-06,0.8963790647588765,0.08739301389001665,20.626,26,97,212,1127,8913,10313,438,0.097,0.212,1.127,0.43212450305439737
4539,4.156376275975754e-06,0.8965221117231162,0.08716088043111617,20.626,26,88,224,904,8913,10313,446,0.088,0.224,0.904,0.43212450305439737
4540,3.3912442324050844e-06,0.8965047405058734,0.08723552821949948,20.626,26,90,221,798,8913,10313,445,0.09,0.221,0.798,0.43212450305439737
4541,3.999534636415539e-06,0.8964898044533045,0.08725455686678624,20.626,26,93,207,1150,8913,10313,437,0.093,0.207,1.15,0.43212450305439737
4542,3.810478682518108e-06,0.8964588028198555,0.08724377395611671,20.626,26,81,235,1734,8913,10313,450,0.081,0.235,1.734,0.43212450305439737
4543,3.851969669015142e-06,0.8963876874847528,0.08739425270619926,20.626,26,98,217,806,8913,10313,444,0.098,0.217,0.806,0.43212450305439737
4544,4.18806028562477e-06,0.8965207609590153,0.08715852126908175,20.626,26,88,222,994,8913,10313,444,0.088,0.222,0.994,0.43212450305439737
4545,3.2654739104989404e-06,0.8965034011686449,0.0872215924610272,20.626,26,93,226,810,8913,10313,453,0.093,0.226,0.81,0.43212450305439737
4546,3.580978354790136e-06,0.8964737639481637,0.08726570422986415,20.626,26,103,230,1159,8913,10313,466,0.103,0.23,1.159,0.43212450305439737
4547,3.746445799734784e-06,0.8964461885501638,0.08726609938262599,20.626,26,86,228,1287,8913,10313,448,0.086,0.228,1.287,0.43212450305439737
4548,3.8966825057700595e-06,0.8963877315255401,0.08741223694598915,20.626,26,95,214,882,8913,10313,438,0.095,0.214,0.882,0.43212450305439737
4549,4.153315177414914e-06,0.8965287211512952,0.08716353698058321,20.626,26,88,222,954,8913,10313,444,0.088,0.222,0.954,0.43212450305439737
4550,3.4203215665822477e-06,0.8965024779665093,0.08723124954410326,20.626,26,89,220,795,8913,10313,443,0.089,0.22,0.795,0.43212450305439737
4551,3.994329281560297e-06,0.8964918154830077,0.08725048618291971,20.626,26,93,206,1023,8913,10313,437,0.093,0.206,1.023,0.43212450305439737
4552,3.832982845136675e-06,0.8964576957736714,0.08724120193223125,20.626,26,81,235,1473,8913,10313,450,0.081,0.235,1.473,0.43212450305439737
4553,3.882407552397278e-06,0.8963865200569863,0.0873942899378418,20.626,26,97,218,1032,8913,10313,444,0.097,0.218,1.032,0.43212450305439737
4554,4.215133541150016e-06,0.8965206448258874,0.08716042600905155,20.626,26,88,222,968,8913,10313,444,0.088,0.222,0.968,0.43212450305439737
4555,3.290504523855613e-06,0.8965049394831733,0.08722376811111901,20.626,26,92,222,823,8913,10313,448,0.092,0.222,0.823,0.43212450305439737
4556,3.5822298697527463e-06,0.8964775488760586,0.08726712102724757,20.626,26,102,231,1151,8913,10313,466,0.102,0.231,1.151,0.43212450305439737
4557,3.7680490171026333e-06,0.8964469332698332,0.08726555952751372,20.626,26,87,229,1302,8913,10313,450,0.087,0.229,1.302,0.43212450305439737
4558,3.924400950179903e-06,0.8963794470050257,0.08740950750443567,20.626,26,96,215,886,8913,10313,440,0.096,0.215,0.886,0.43212450305439737
4559,4.133478473629071e-06,0.8965218460781871,0.08716147540958691,20.626,26,89,223,944,8913,10313,446,0.089,0.223,0.944,0.43212450305439737
4560,3.4042126522734973e-06,0.8964983804955464,0.08723061631428317,20.626,26,89,220,799,8913,10313,443,0.089,0.22,0.799,0.43212450305439737
4561,3.999181610018775e-06,0.8964926124349126,0.08725100169240449,20.626,26,93,206,1034,8913,10313,437,0.093,0.206,1.034,0.43212450305439737
4562,3.849949198752927e-06,0.8964620228417866,0.08724221543795242,20.626,26,82,236,1481,8913,10313,452,0.082,0.236,1.481,0.43212450305439737
4563,3.884449600130688e-06,0.8963835439532549,0.08739380336188071,20.626,26,99,216,1061,8913,10313,444,0.099,0.216,1.061,0.43212450305439737
4564,4.213890376593573e-06,0.8965219718842005,0.08716054691813446,20.626,26,89,223,916,8913,10313,446,0.089,0.223,0.916,0.43212450305439737
4565,3.3332133460711534e-06,0.8965036871469563,0.08722239845900763,20.626,26,92,222,827,8913,10313,448,0.092,0.222,0.827,0.43212450305439737
4566,3.6618425714893726e-06,0.8964773692583736,0.087266305851298,20.626,26,102,227,1070,8913,10313,462,0.102,0.227,1.07,0.43212450305439737
4567,3.785080640605196e-06,0.8964426205594618,0.08726473788571107,20.626,26,86,230,1091,8913,10313,450,0.086,0.23,1.091,0.43212450305439737
4568,3.825101949520742e-06,0.8963772264661471,0.087409637533707,20.626,26,97,220,872,8913,10313,446,0.097,0.22,0.872,0.43212450305439737
4569,4.052378543392052e-06,0.8965194073210385,0.08716163763548344,20.626,26,91,226,985,8913,10313,451,0.091,0.226,0.985,0.43212450305439737
4570,3.154709176276587e-06,0.8965201863219127,0.08720413007202055,20.626,26,91,230,808,8913,10313,455,0.091,0.23,0.808,0.43212450305439737
4571,3.660849420442495e-06,0.8964820794939622,0.08727005525847988,20.626,26,96,213,1085,8913,10313,447,0.096,0.213,1.085,0.43212450305439737
4572,3.7526734693967683e-06,0.8964312181382375,0.08728001161552232,20.626,26,83,231,973,8913,10313,448,0.083,0.231,0.973,0.43212450305439737
4573,3.865104763917892e-06,0.8963678343987707,0.08742557548566542,20.626,26,97,216,751,8913,10313,442,0.097,0.216,0.751,0.43212450305439737
4574,4.201386660194178e-06,0.8965162798058328,0.08716922340955907,20.626,26,87,217,996,8913,10313,438,0.087,0.217,0.996,0.43212450305439737
4575,3.3459497850913335e-06,0.8965102855592102,0.08721398373380632,20.626,26,90,219,792,8913,10313,443,0.09,0.219,0.792,0.43212450305439737
4576,3.65857200876762e-06,0.8964956002025201,0.0872554518554801,20.626,26,100,229,1013,8913,10313,462,0.1,0.229,1.013,0.43212450305439737
4577,3.8541511444707065e-06,0.8964562139820903,0.08725779958281125,20.626,26,86,228,1061,8913,10313,448,0.086,0.228,1.061,0.43212450305439737
4578,3.9508600438589945e-06,0.8963723236730194,0.08740785838740303,20.626,26,96,213,864,8913,10313,438,0.096,0.213,0.864,0.43212450305439737
4579,4.151854758563599e-06,0.8965124473068525,0.08716568426150388,20.626,26,91,219,908,8913,10313,444,0.091,0.219,0.908,0.43212450305439737
4580,3.20207292659229e-06,0.896510527736,0.08720767991599206,20.626,26,89,220,783,8913,10313,443,0.089,0.22,0.783,0.43212450305439737
4581,3.6021426407161912e-06,0.8964787098145541,0.08727274078530219,20.626,26,94,212,1035,8913,10313,443,0.094,0.212,1.035,0.43212450305439737
4582,3.739809299875384e-06,0.8964482048114181,0.08728304126219513,20.626,26,83,233,1299,8913,10313,450,0.083,0.233,1.299,0.43212450305439737
4583,3.896088086229379e-06,0.8963752200598669,0.08742436324062225,20.626,26,97,218,763,8913,10313,444,0.097,0.218,0.763,0.43212450305439737
4584,4.191014014539368e-06,0.8965146670221689,0.08716610975253443,20.626,26,90,215,936,8913,10313,439,0.09,0.215,0.936,0.43212450305439737
4585,3.2728291758382732e-06,0.8965088529122979,0.08720035150108063,20.626,26,89,220,797,8913,10313,443,0.089,0.22,0.797,0.43212450305439737
4586,3.5409422854135933e-06,0.8964798040741768,0.08726690782953321,20.626,26,101,216,1029,8913,10313,455,0.101,0.216,1.029,0.43212450305439737
4587,3.722178272655841e-06,0.8964371130530606,0.08727925487815372,20.626,26,83,224,1005,8913,10313,442,0.083,0.224,1.005,0.43212450305439737
4588,3.868151883368595e-06,0.8963795703364934,0.08742727860455014,20.626,26,93,216,855,8913,10313,438,0.093,0.216,0.855,0.43212450305439737
4589,4.133896874262623e-06,0.8965272794993894,0.08717173885866919,20.626,26,89,224,984,8913,10313,447,0.089,0.224,0.984,0.43212450305439737
4590,3.5028357907248092e-06,0.8965033387785143,0.0872218093450518,20.626,26,90,222,794,8913,10313,446,0.09,0.222,0.794,0.43212450305439737
4591,3.963933924450499e-06,0.8964902320335835,0.08725921462368745,20.626,26,95,224,1066,8913,10313,452,0.095,0.224,1.066,0.43212450305439737
4592,3.87273666595213e-06,0.8964414723900181,0.08725424472903563,20.626,26,83,237,1105,8913,10313,454,0.083,0.237,1.105,0.43212450305439737
4593,3.8319774762014074e-06,0.8963778102991224,0.08739185258631482,20.626,26,96,215,755,8913,10313,440,0.096,0.215,0.755,0.43212450305439737
4594,4.127151351135938e-06,0.8965139471731429,0.08717573685077874,20.626,26,89,219,961,8913,10313,442,0.089,0.219,0.961,0.43212450305439737
4595,3.202670316335206e-06,0.8965029951185604,0.08722744053617228,20.626,26,93,223,705,8913,10313,450,0.093,0.223,0.705,0.43212450305439737
4596,3.501709655980938e-06,0.8964633694416059,0.08728608625054964,20.626,26,106,222,890,8913,10313,465,0.106,0.222,0.89,0.43212450305439737
4597,3.709503146190384e-06,0.8964226266133839,0.08728253078370807,20.626,26,87,231,1022,8913,10313,452,0.087,0.231,1.022,0.43212450305439737
4598,3.83192982767685e-06,0.8963665134486509,0.08742197961196613,20.626,26,97,222,690,8913,10313,448,0.097,0.222,0.69,0.43212450305439737
4599,4.075318811635366e-06,0.8965214444486772,0.0871650561211328,20.626,26,90,223,933,8913,10313,447,0.09,0.223,0.933,0.43212450305439737
4600,3.460482115901875e-06,0.8965032335669616,0.08722758193319609,20.626,26,90,222,811,8913,10313,446,0.09,0.222,0.811,0.43212450305439737
4601,3.9309775561866035e-06,0.8964966193183251,0.08724793366830588,20.626,26,94,221,1070,8913,10313,448,0.094,0.221,1.07,0.43212450305439737
4602,3.8476689631554955e-06,0.8964615332457241,0.0872405589014505,20.626,26,80,233,1771,8913,10313,448,0.08,0.233,1.771,0.43212450305439737
4603,3.892363525287731e-06,0.8963873862345612,0.08739414470374825,20.626,26,96,215,965,8913,10313,440,0.096,0.215,0.965,0.43212450305439737
4604,4.29447438640758e-06,0.8965259517627967,0.0871623414203669,20.626,26,86,221,914,8913,10313,441,0.086,0.221,0.914,0.43212450305439737
4605,3.4528404909268128e-06,0.8964966923244869,0.08723429182661491,20.626,26,91,220,867,8913,10313,445,0.091,0.22,0.867,0.43212450305439737
4606,3.860594573371095e-06,0.8964814108420783,0.0872531265134314,20.626,26,102,216,1139,8913,10313,455,0.102,0.216,1.139,0.43212450305439737
4607,3.7971239408586954e-06,0.8964487169325799,0.08724205781754263,20.626,26,84,232,1842,8913,10313,450,0.084,0.232,1.842,0.43212450305439737
4608,3.829328565275248e-06,0.8963865821539694,0.08739424265205868,20.626,26,97,216,924,8913,10313,442,0.097,0.216,0.924,0.43212450305439737
4609,4.12267695682878e-06,0.8965293867648175,0.08716005108331056,20.626,26,90,225,984,8913,10313,449,0.09,0.225,0.984,0.43212450305439737
4610,3.3009250256449513e-06,0.8965085761037687,0.08722230460666631,20.626,26,90,224,819,8913,10313,448,0.09,0.224,0.819,0.43212450305439737
4611,3.7801012526110592e-06,0.8964784723412688,0.08726610301109088,20.626,26,94,221,1290,8913,10313,448,0.094,0.221,1.29,0.43212450305439737
4612,3.7828958712266887e-06,0.8964402777196595,0.08726459762678404,20.626,26,83,233,1197,8913,10313,450,0.083,0.233,1.197,0.43212450305439737
4613,3.884498668721024e-06,0.8963793281614758,0.08741076647075667,20.626,26,96,219,767,8913,10313,444,0.096,0.219,0.767,0.43212450305439737
4614,4.219804206328558e-06,0.8965225529251395,0.08716270476883609,20.626,26,87,221,965,8913,10313,442,0.087,0.221,0.965,0.43212450305439737
4615,3.4732961816174322e-06,0.8964965106740408,0.08723033659738158,20.626,26,90,219,811,8913,10313,443,0.09,0.219,0.811,0.43212450305439737
4616,3.907558500006455e-06,0.8964931070068237,0.0872507633964054,20.626,26,102,213,1014,8913,10313,453,0.102,0.213,1.014,0.43212450305439737
4617,3.864940649796918e-06,0.8964535907194738,0.08724028127641958,20.626,26,84,234,1551,8913,10313,452,0.084,0.234,1.551,0.43212450305439737
4618,3.8928862069189695e-06,0.8963790647588766,0.08739301389001665,20.626,26,97,212,1127,8913,10313,438,0.097,0.212,1.127,0.43212450305439737
4619,4.156376275975754e-06,0.8965221117231162,0.08716088043111617,20.626,26,88,224,904,8913,10313,446,0.088,0.224,0.904,0.43212450305439737
4620,3.3912442324050852e-06,0.8965047405058734,0.08723552821949948,20.626,26,90,221,798,8913,10313,445,0.09,0.221,0.798,0.43212450305439737
4621,3.99953463641554e-06,0.8964898044533045,0.08725455686678624,20.626,26,93,207,1150,8913,10313,437,0.093,0.207,1.15,0.43212450305439737
4622,3.8104786825181078e-06,0.8964588028198555,0.08724377395611671,20.626,26,81,235,1734,8913,10313,450,0.081,0.235,1.734,0.43212450305439737
4623,3.851969669015143e-06,0.8963876874847528,0.08739425270619926,20.626,26,98,217,806,8913,10313,444,0.098,0.217,0.806,0.43212450305439737
4624,4.188060285624771e-06,0.8965207609590153,0.08715852126908175,20.626,26,88,222,994,8913,10313,444,0.088,0.222,0.994,0.43212450305439737
4625,3.265473910498941e-06,0.8965034011686449,0.0872215924610272,20.626,26,93,226,810,8913,10313,453,0.093,0.226,0.81,0.43212450305439737
4626,3.580978354790136e-06,0.8964737639481637,0.08726570422986415,20.626,26,103,230,1159,8913,10313,466,0.103,0.23,1.159,0.43212450305439737
4627,3.7464457997347846e-06,0.8964461885501638,0.08726609938262599,20.626,26,86,228,1287,8913,10313,448,0.086,0.228,1.287,0.43212450305439737
4628,3.8966825057700595e-06,0.8963877315255402,0.08741223694598915,20.626,26,95,214,882,8913,10313,438,0.095,0.214,0.882,0.43212450305439737
4629,4.153315177414913e-06,0.8965287211512952,0.08716353698058321,20.626,26,88,222,954,8913,10313,444,0.088,0.222,0.954,0.43212450305439737
4630,3.4203215665822473e-06,0.8965024779665093,0.08723124954410326,20.626,26,89,220,795,8913,10313,443,0.089,0.22,0.795,0.43212450305439737
4631,3.994329281560296e-06,0.8964918154830077,0.08725048618291971,20.626,26,93,206,1023,8913,10313,437,0.093,0.206,1.023,0.43212450305439737
4632,3.832982845136675e-06,0.8964576957736714,0.08724120193223125,20.626,26,81,235,1473,8913,10313,450,0.081,0.235,1.473,0.43212450305439737
4633,3.882407552397278e-06,0.8963865200569863,0.0873942899378418,20.626,26,97,218,1032,8913,10313,444,0.097,0.218,1.032,0.43212450305439737
4634,4.215133541150016e-06,0.8965206448258874,0.08716042600905155,20.626,26,88,222,968,8913,10313,444,0.088,0.222,0.968,0.43212450305439737
4635,3.290504523855613e-06,0.8965049394831733,0.08722376811111901,20.626,26,92,222,823,8913,10313,448,0.092,0.222,0.823,0.43212450305439737
4636,3.5822298697527463e-06,0.8964775488760586,0.08726712102724757,20.626,26,102,231,1151,8913,10313,466,0.102,0.231,1.151,0.43212450305439737
4637,3.768049017102634e-06,0.8964469332698332,0.08726555952751372,20.626,26,87,229,1302,8913,10313,450,0.087,0.229,1.302,0.43212450305439737
4638,3.924400950179905e-06,0.8963794470050257,0.08740950750443567,20.626,26,96,215,886,8913,10313,440,0.096,0.215,0.886,0.43212450305439737
4639,4.133478473629071e-06,0.8965218460781871,0.08716147540958691,20.626,26,89,223,944,8913,10313,446,0.089,0.223,0.944,0.43212450305439737
4640,3.4042126522734977e-06,0.8964983804955464,0.08723061631428317,20.626,26,89,220,799,8913,10313,443,0.089,0.22,0.799,0.43212450305439737
4641,3.999181610018775e-06,0.8964926124349126,0.08725100169240449,20.626,26,93,206,1034,8913,10313,437,0.093,0.206,1.034,0.43212450305439737
4642,3.849949198752927e-06,0.8964620228417866,0.08724221543795242,20.626,26,82,236,1481,8913,10313,452,0.082,0.236,1.481,0.43212450305439737
4643,3.884449600130689e-06,0.8963835439532549,0.08739380336188071,20.626,26,99,216,1061,8913,10313,444,0.099,0.216,1.061,0.43212450305439737
4644,4.213890376593573e-06,0.8965219718842005,0.08716054691813446,20.626,26,89,223,916,8913,10313,446,0.089,0.223,0.916,0.43212450305439737
4645,3.3332133460711538e-06,0.8965036871469563,0.08722239845900763,20.626,26,92,222,827,8913,10313,448,0.092,0.222,0.827,0.43212450305439737
4646,3.6618425714893718e-06,0.8964773692583736,0.087266305851298,20.626,26,102,227,1070,8913,10313,462,0.102,0.227,1.07,0.43212450305439737
4647,3.785080640605196e-06,0.8964426205594618,0.08726473788571107,20.626,26,86,230,1091,8913,10313,450,0.086,0.23,1.091,0.43212450305439737
4648,3.825101949520741e-06,0.8963772264661471,0.087409637533707,20.626,26,97,220,872,8913,10313,446,0.097,0.22,0.872,0.43212450305439737
4649,4.052378543392053e-06,0.8965194073210385,0.08716163763548343,20.626,26,91,226,985,8913,10313,451,0.091,0.226,0.985,0.43212450305439737
4650,3.154709176276587e-06,0.8965201863219127,0.08720413007202055,20.626,26,91,230,808,8913,10313,455,0.091,0.23,0.808,0.43212450305439737
4651,3.660849420442494e-06,0.8964820794939622,0.08727005525847988,20.626,26,96,213,1085,8913,10313,447,0.096,0.213,1.085,0.43212450305439737
4652,3.752673469396768e-06,0.8964312181382375,0.08728001161552232,20.626,26,83,231,973,8913,10313,448,0.083,0.231,0.973,0.43212450305439737
4653,3.865104763917892e-06,0.8963678343987707,0.08742557548566542,20.626,26,97,216,751,8913,10313,442,0.097,0.216,0.751,0.43212450305439737
4654,4.201386660194178e-06,0.8965162798058328,0.08716922340955907,20.626,26,87,217,996,8913,10313,438,0.087,0.217,0.996,0.43212450305439737
4655,3.3459497850913365e-06,0.8965102855592102,0.08721398373380632,20.626,26,90,219,792,8913,10313,443,0.09,0.219,0.792,0.43212450305439737
4656,3.658572008767621e-06,0.8964956002025201,0.0872554518554801,20.626,26,100,229,1013,8913,10313,462,0.1,0.229,1.013,0.43212450305439737
4657,3.8541511444707065e-06,0.8964562139820903,0.08725779958281125,20.626,26,86,228,1061,8913,10313,448,0.086,0.228,1.061,0.43212450305439737
4658,3.950860043858991e-06,0.8963723236730194,0.08740785838740303,20.626,26,96,213,864,8913,10313,438,0.096,0.213,0.864,0.43212450305439737
4659,4.151854758563598e-06,0.8965124473068525,0.08716568426150388,20.626,26,91,219,908,8913,10313,444,0.091,0.219,0.908,0.43212450305439737
4660,3.202072926592289e-06,0.896510527736,0.08720767991599206,20.626,26,89,220,783,8913,10313,443,0.089,0.22,0.783,0.43212450305439737
4661,3.602142640716191e-06,0.8964787098145541,0.08727274078530219,20.626,26,94,212,1035,8913,10313,443,0.094,0.212,1.035,0.43212450305439737
4662,3.7398092998753854e-06,0.8964482048114181,0.08728304126219513,20.626,26,83,233,1299,8913,10313,450,0.083,0.233,1.299,0.43212450305439737
4663,3.89608808622938e-06,0.8963752200598669,0.08742436324062225,20.626,26,97,218,763,8913,10313,444,0.097,0.218,0.763,0.43212450305439737
4664,4.191014014539368e-06,0.8965146670221688,0.08716610975253443,20.626,26,90,215,936,8913,10313,439,0.09,0.215,0.936,0.43212450305439737
4665,3.2728291758382732e-06,0.8965088529122979,0.08720035150108063,20.626,26,89,220,797,8913,10313,443,0.089,0.22,0.797,0.43212450305439737
4666,3.5409422854135933e-06,0.8964798040741768,0.08726690782953321,20.626,26,101,216,1029,8913,10313,455,0.101,0.216,1.029,0.43212450305439737
4667,3.7221782726558408e-06,0.8964371130530606,0.08727925487815372,20.626,26,83,224,1005,8913,10313,442,0.083,0.224,1.005,0.43212450305439737
4668,3.868151883368596e-06,0.8963795703364934,0.08742727860455014,20.626,26,93,216,855,8913,10313,438,0.093,0.216,0.855,0.43212450305439737
4669,4.133896874262624e-06,0.8965272794993894,0.08717173885866919,20.626,26,89,224,984,8913,10313,447,0.089,0.224,0.984,0.43212450305439737
4670,3.5028357907248084e-06,0.8965033387785143,0.0872218093450518,20.626,26,90,222,794,8913,10313,446,0.09,0.222,0.794,0.43212450305439737
4671,3.963933924450499e-06,0.8964902320335835,0.08725921462368745,20.626,26,95,224,1066,8913,10313,452,0.095,0.224,1.066,0.43212450305439737
4672,3.872736665952129e-06,0.8964414723900181,0.08725424472903563,20.626,26,83,237,1105,8913,10313,454,0.083,0.237,1.105,0.43212450305439737
4673,3.831977476201405e-06,0.8963778102991224,0.08739185258631482,20.626,26,96,215,755,8913,10313,440,0.096,0.215,0.755,0.43212450305439737
4674,4.127151351135937e-06,0.8965139471731429,0.08717573685077874,20.626,26,89,219,961,8913,10313,442,0.089,0.219,0.961,0.43212450305439737
4675,3.202670316335206e-06,0.8965029951185604,0.08722744053617228,20.626,26,93,223,705,8913,10313,450,0.093,0.223,0.705,0.43212450305439737
4676,3.501709655980939e-06,0.8964633694416059,0.08728608625054962,20.626,26,106,222,890,8913,10313,465,0.106,0.222,0.89,0.43212450305439737
4677,3.7095031461903834e-06,0.8964226266133839,0.08728253078370807,20.626,26,87,231,1022,8913,10313,452,0.087,0.231,1.022,0.43212450305439737
4678,3.831929827676849e-06,0.8963665134486509,0.08742197961196613,20.626,26,97,222,690,8913,10313,448,0.097,0.222,0.69,0.43212450305439737
4679,4.075318811635366e-06,0.8965214444486772,0.0871650561211328,20.626,26,90,223,933,8913,10313,447,0.09,0.223,0.933,0.43212450305439737
4680,3.4604821159018755e-06,0.8965032335669616,0.08722758193319609,20.626,26,90,222,811,8913,10313,446,0.09,0.222,0.811,0.43212450305439737
4681,3.9309775561866035e-06,0.8964966193183251,0.08724793366830588,20.626,26,94,221,1070,8913,10313,448,0.094,0.221,1.07,0.43212450305439737
4682,3.8476689631554955e-06,0.8964615332457241,0.0872405589014505,20.626,26,80,233,1771,8913,10313,448,0.08,0.233,1.771,0.43212450305439737
4683,3.892363525287732e-06,0.8963873862345612,0.08739414470374825,20.626,26,96,215,965,8913,10313,440,0.096,0.215,0.965,0.43212450305439737
4684,4.294474386407581e-06,0.8965259517627966,0.0871623414203669,20.626,26,86,221,914,8913,10313,441,0.086,0.221,0.914,0.43212450305439737
4685,3.452840490926814e-06,0.8964966923244869,0.08723429182661491,20.626,26,91,220,867,8913,10313,445,0.091,0.22,0.867,0.43212450305439737
4686,3.860594573371095e-06,0.8964814108420783,0.0872531265134314,20.626,26,102,216,1139,8913,10313,455,0.102,0.216,1.139,0.43212450305439737
4687,3.7971239408586954e-06,0.8964487169325799,0.08724205781754263,20.626,26,84,232,1842,8913,10313,450,0.084,0.232,1.842,0.43212450305439737
4688,3.829328565275248e-06,0.8963865821539694,0.08739424265205868,20.626,26,97,216,924,8913,10313,442,0.097,0.216,0.924,0.43212450305439737
4689,4.12267695682878e-06,0.8965293867648175,0.08716005108331056,20.626,26,90,225,984,8913,10313,449,0.09,0.225,0.984,0.43212450305439737
4690,3.3009250256449513e-06,0.8965085761037687,0.08722230460666631,20.626,26,90,224,819,8913,10313,448,0.09,0.224,0.819,0.43212450305439737
4691,3.7801012526110592e-06,0.8964784723412688,0.08726610301109088,20.626,26,94,221,1290,8913,10313,448,0.094,0.221,1.29,0.43212450305439737
4692,3.7828958712266882e-06,0.8964402777196595,0.08726459762678404,20.626,26,83,233,1197,8913,10313,450,0.083,0.233,1.197,0.43212450305439737
4693,3.884498668721024e-06,0.8963793281614758,0.08741076647075667,20.626,26,96,219,767,8913,10313,444,0.096,0.219,0.767,0.43212450305439737
4694,4.2198042063285565e-06,0.8965225529251395,0.08716270476883609,20.626,26,87,221,965,8913,10313,442,0.087,0.221,0.965,0.43212450305439737
4695,3.473296181617432e-06,0.8964965106740408,0.08723033659738158,20.626,26,90,219,811,8913,10313,443,0.09,0.219,0.811,0.43212450305439737
4696,3.907558500006454e-06,0.8964931070068237,0.0872507633964054,20.626,26,102,213,1014,8913,10313,453,0.102,0.213,1.014,0.43212450305439737
4697,3.864940649796918e-06,0.8964535907194738,0.08724028127641958,20.626,26,84,234,1551,8913,10313,452,0.084,0.234,1.551,0.43212450305439737
4698,3.892886206918973e-06,0.8963790647588765,0.08739301389001665,20.626,26,97,212,1127,8913,10313,438,0.097,0.212,1.127,0.43212450305439737
4699,4.156376275975755e-06,0.8965221117231162,0.08716088043111617,20.626,26,88,224,904,8913,10313,446,0.088,0.224,0.904,0.43212450305439737
4700,3.391244232405085e-06,0.8965047405058734,0.08723552821949948,20.626,26,90,221,798,8913,10313,445,0.09,0.221,0.798,0.43212450305439737
4701,3.999534636415539e-06,0.8964898044533045,0.08725455686678622,20.626,26,93,207,1150,8913,10313,437,0.093,0.207,1.15,0.43212450305439737
4702,3.8104786825181073e-06,0.8964588028198555,0.08724377395611671,20.626,26,81,235,1734,8913,10313,450,0.081,0.235,1.734,0.43212450305439737
4703,3.851969669015142e-06,0.8963876874847528,0.08739425270619926,20.626,26,98,217,806,8913,10313,444,0.098,0.217,0.806,0.43212450305439737
4704,4.18806028562477e-06,0.8965207609590153,0.08715852126908175,20.626,26,88,222,994,8913,10313,444,0.088,0.222,0.994,0.43212450305439737
4705,3.265473910498941e-06,0.8965034011686449,0.0872215924610272,20.626,26,93,226,810,8913,10313,453,0.093,0.226,0.81,0.43212450305439737
4706,3.5809783547901366e-06,0.8964737639481637,0.08726570422986415,20.626,26,103,230,1159,8913,10313,466,0.103,0.23,1.159,0.43212450305439737
4707,3.746445799734784e-06,0.8964461885501638,0.08726609938262599,20.626,26,86,228,1287,8913,10313,448,0.086,0.228,1.287,0.43212450305439737
4708,3.896682505770059e-06,0.8963877315255401,0.08741223694598915,20.626,26,95,214,882,8913,10313,438,0.095,0.214,0.882,0.43212450305439737
4709,4.153315177414913e-06,0.8965287211512952,0.08716353698058321,20.626,26,88,222,954,8913,10313,444,0.088,0.222,0.954,0.43212450305439737
4710,3.4203215665822477e-06,0.8965024779665093,0.08723124954410326,20.626,26,89,220,795,8913,10313,443,0.089,0.22,0.795,0.43212450305439737
4711,3.994329281560297e-06,0.8964918154830077,0.08725048618291971,20.626,26,93,206,1023,8913,10313,437,0.093,0.206,1.023,0.43212450305439737
4712,3.832982845136675e-06,0.8964576957736714,0.08724120193223125,20.626,26,81,235,1473,8913,10313,450,0.081,0.235,1.473,0.43212450305439737
4713,3.882407552397279e-06,0.8963865200569863,0.0873942899378418,20.626,26,97,218,1032,8913,10313,444,0.097,0.218,1.032,0.43212450305439737
4714,4.215133541150017e-06,0.8965206448258874,0.08716042600905155,20.626,26,88,222,968,8913,10313,444,0.088,0.222,0.968,0.43212450305439737
4715,3.290504523855612e-06,0.8965049394831733,0.08722376811111901,20.626,26,92,222,823,8913,10313,448,0.092,0.222,0.823,0.43212450305439737
4716,3.582229869752746e-06,0.8964775488760586,0.08726712102724757,20.626,26,102,231,1151,8913,10313,466,0.102,0.231,1.151,0.43212450305439737
4717,3.7680490171026333e-06,0.8964469332698332,0.08726555952751372,20.626,26,87,229,1302,8913,10313,450,0.087,0.229,1.302,0.43212450305439737
4718,3.924400950179903e-06,0.8963794470050257,0.08740950750443567,20.626,26,96,215,886,8913,10313,440,0.096,0.215,0.886,0.43212450305439737
4719,4.133478473629071e-06,0.8965218460781871,0.08716147540958691,20.626,26,89,223,944,8913,10313,446,0.089,0.223,0.944,0.43212450305439737
4720,3.4042126522734973e-06,0.8964983804955464,0.08723061631428317,20.626,26,89,220,799,8913,10313,443,0.089,0.22,0.799,0.43212450305439737
4721,3.999181610018775e-06,0.8964926124349126,0.08725100169240449,20.626,26,93,206,1034,8913,10313,437,0.093,0.206,1.034,0.43212450305439737
4722,3.849949198752927e-06,0.8964620228417866,0.08724221543795242,20.626,26,82,236,1481,8913,10313,452,0.082,0.236,1.481,0.43212450305439737
4723,3.884449600130689e-06,0.8963835439532549,0.08739380336188071,20.626,26,99,216,1061,8913,10313,444,0.099,0.216,1.061,0.43212450305439737
4724,4.213890376593573e-06,0.8965219718842005,0.08716054691813446,20.626,26,89,223,916,8913,10313,446,0.089,0.223,0.916,0.43212450305439737
4725,3.3332133460711534e-06,0.8965036871469563,0.08722239845900763,20.626,26,92,222,827,8913,10313,448,0.092,0.222,0.827,0.43212450305439737
4726,3.6618425714893726e-06,0.8964773692583736,0.087266305851298,20.626,26,102,227,1070,8913,10313,462,0.102,0.227,1.07,0.43212450305439737
4727,3.7850806406051954e-06,0.8964426205594618,0.08726473788571107,20.626,26,86,230,1091,8913,10313,450,0.086,0.23,1.091,0.43212450305439737
4728,3.825101949520742e-06,0.8963772264661471,0.087409637533707,20.626,26,97,220,872,8913,10313,446,0.097,0.22,0.872,0.43212450305439737
4729,4.052378543392053e-06,0.8965194073210385,0.08716163763548344,20.626,26,91,226,985,8913,10313,451,0.091,0.226,0.985,0.43212450305439737
4730,3.154709176276587e-06,0.8965201863219127,0.08720413007202055,20.626,26,91,230,808,8913,10313,455,0.091,0.23,0.808,0.43212450305439737
4731,3.660849420442495e-06,0.8964820794939622,0.08727005525847988,20.626,26,96,213,1085,8913,10313,447,0.096,0.213,1.085,0.43212450305439737
4732,3.752673469396768e-06,0.8964312181382375,0.08728001161552232,20.626,26,83,231,973,8913,10313,448,0.083,0.231,0.973,0.43212450305439737
4733,3.8651047639178916e-06,0.8963678343987707,0.08742557548566542,20.626,26,97,216,751,8913,10313,442,0.097,0.216,0.751,0.43212450305439737
4734,4.201386660194178e-06,0.8965162798058328,0.08716922340955907,20.626,26,87,217,996,8913,10313,438,0.087,0.217,0.996,0.43212450305439737
4735,3.345949785091335e-06,0.8965102855592102,0.08721398373380632,20.626,26,90,219,792,8913,10313,443,0.09,0.219,0.792,0.43212450305439737
4736,3.6585720087676203e-06,0.8964956002025201,0.0872554518554801,20.626,26,100,229,1013,8913,10313,462,0.1,0.229,1.013,0.43212450305439737
4737,3.8541511444707065e-06,0.8964562139820903,0.08725779958281125,20.626,26,86,228,1061,8913,10313,448,0.086,0.228,1.061,0.43212450305439737
4738,3.950860043858992e-06,0.8963723236730194,0.08740785838740303,20.626,26,96,213,864,8913,10313,438,0.096,0.213,0.864,0.43212450305439737
4739,4.151854758563598e-06,0.8965124473068525,0.08716568426150388,20.626,26,91,219,908,8913,10313,444,0.091,0.219,0.908,0.43212450305439737
4740,3.20207292659229e-06,0.896510527736,0.08720767991599206,20.626,26,89,220,783,8913,10313,443,0.089,0.22,0.783,0.43212450305439737
4741,3.6021426407161912e-06,0.8964787098145541,0.08727274078530219,20.626,26,94,212,1035,8913,10313,443,0.094,0.212,1.035,0.43212450305439737
4742,3.7398092998753845e-06,0.8964482048114181,0.08728304126219513,20.626,26,83,233,1299,8913,10313,450,0.083,0.233,1.299,0.43212450305439737
4743,3.896088086229379e-06,0.8963752200598669,0.08742436324062225,20.626,26,97,218,763,8913,10313,444,0.097,0.218,0.763,0.43212450305439737
4744,4.191014014539368e-06,0.8965146670221688,0.08716610975253443,20.626,26,90,215,936,8913,10313,439,0.09,0.215,0.936,0.43212450305439737
4745,3.2728291758382732e-06,0.8965088529122979,0.08720035150108063,20.626,26,89,220,797,8913,10313,443,0.089,0.22,0.797,0.43212450305439737
4746,3.5409422854135933e-06,0.8964798040741768,0.08726690782953321,20.626,26,101,216,1029,8913,10313,455,0.101,0.216,1.029,0.43212450305439737
4747,3.722178272655842e-06,0.8964371130530606,0.08727925487815372,20.626,26,83,224,1005,8913,10313,442,0.083,0.224,1.005,0.43212450305439737
4748,3.868151883368596e-06,0.8963795703364934,0.08742727860455014,20.626,26,93,216,855,8913,10313,438,0.093,0.216,0.855,0.43212450305439737
4749,4.133896874262623e-06,0.8965272794993894,0.08717173885866919,20.626,26,89,224,984,8913,10313,447,0.089,0.224,0.984,0.43212450305439737
4750,3.5028357907248092e-06,0.8965033387785143,0.0872218093450518,20.626,26,90,222,794,8913,10313,446,0.09,0.222,0.794,0.43212450305439737
4751,3.963933924450499e-06,0.8964902320335835,0.08725921462368745,20.626,26,95,224,1066,8913,10313,452,0.095,0.224,1.066,0.43212450305439737
4752,3.872736665952129e-06,0.8964414723900181,0.08725424472903563,20.626,26,83,237,1105,8913,10313,454,0.083,0.237,1.105,0.43212450305439737
4753,3.8319774762014074e-06,0.8963778102991224,0.08739185258631482,20.626,26,96,215,755,8913,10313,440,0.096,0.215,0.755,0.43212450305439737
4754,4.127151351135937e-06,0.8965139471731429,0.08717573685077874,20.626,26,89,219,961,8913,10313,442,0.089,0.219,0.961,0.43212450305439737
4755,3.202670316335206e-06,0.8965029951185604,0.08722744053617228,20.626,26,93,223,705,8913,10313,450,0.093,0.223,0.705,0.43212450305439737
4756,3.501709655980939e-06,0.8964633694416059,0.08728608625054962,20.626,26,106,222,890,8913,10313,465,0.106,0.222,0.89,0.43212450305439737
4757,3.709503146190384e-06,0.8964226266133839,0.08728253078370807,20.626,26,87,231,1022,8913,10313,452,0.087,0.231,1.022,0.43212450305439737
4758,3.831929827676852e-06,0.8963665134486509,0.08742197961196613,20.626,26,97,222,690,8913,10313,448,0.097,0.222,0.69,0.43212450305439737
4759,4.0753188116353665e-06,0.8965214444486772,0.0871650561211328,20.626,26,90,223,933,8913,10313,447,0.09,0.223,0.933,0.43212450305439737
4760,3.4604821159018755e-06,0.8965032335669616,0.08722758193319609,20.626,26,90,222,811,8913,10313,446,0.09,0.222,0.811,0.43212450305439737
4761,3.930977556186603e-06,0.8964966193183251,0.08724793366830588,20.626,26,94,221,1070,8913,10313,448,0.094,0.221,1.07,0.43212450305439737
4762,3.847668963155495e-06,0.8964615332457241,0.0872405589014505,20.626,26,80,233,1771,8913,10313,448,0.08,0.233,1.771,0.43212450305439737
4763,3.89236352528773e-06,0.8963873862345612,0.08739414470374825,20.626,26,96,215,965,8913,10313,440,0.096,0.215,0.965,0.43212450305439737
4764,4.29447438640758e-06,0.8965259517627967,0.0871623414203669,20.626,26,86,221,914,8913,10313,441,0.086,0.221,0.914,0.43212450305439737
4765,3.4528404909268136e-06,0.8964966923244869,0.08723429182661491,20.626,26,91,220,867,8913,10313,445,0.091,0.22,0.867,0.43212450305439737
4766,3.860594573371095e-06,0.8964814108420783,0.0872531265134314,20.626,26,102,216,1139,8913,10313,455,0.102,0.216,1.139,0.43212450305439737
4767,3.797123940858696e-06,0.8964487169325799,0.08724205781754263,20.626,26,84,232,1842,8913,10313,450,0.084,0.232,1.842,0.43212450305439737
4768,3.829328565275247e-06,0.8963865821539694,0.08739424265205868,20.626,26,97,216,924,8913,10313,442,0.097,0.216,0.924,0.43212450305439737
4769,4.12267695682878e-06,0.8965293867648175,0.08716005108331056,20.626,26,90,225,984,8913,10313,449,0.09,0.225,0.984,0.43212450305439737
4770,3.300925025644951e-06,0.8965085761037687,0.08722230460666631,20.626,26,90,224,819,8913,10313,448,0.09,0.224,0.819,0.43212450305439737
4771,3.78010125261106e-06,0.8964784723412688,0.08726610301109088,20.626,26,94,221,1290,8913,10313,448,0.094,0.221,1.29,0.43212450305439737
4772,3.7828958712266887e-06,0.8964402777196595,0.08726459762678404,20.626,26,83,233,1197,8913,10313,450,0.083,0.233,1.197,0.43212450305439737
4773,3.884498668721025e-06,0.8963793281614758,0.08741076647075667,20.626,26,96,219,767,8913,10313,444,0.096,0.219,0.767,0.43212450305439737
4774,4.219804206328558e-06,0.8965225529251395,0.08716270476883609,20.626,26,87,221,965,8913,10313,442,0.087,0.221,0.965,0.43212450305439737
4775,3.473296181617432e-06,0.8964965106740408,0.08723033659738158,20.626,26,90,219,811,8913,10313,443,0.09,0.219,0.811,0.43212450305439737
4776,3.907558500006455e-06,0.8964931070068238,0.0872507633964054,20.626,26,102,213,1014,8913,10313,453,0.102,0.213,1.014,0.43212450305439737
4777,3.864940649796918e-06,0.8964535907194738,0.08724028127641958,20.626,26,84,234,1551,8913,10313,452,0.084,0.234,1.551,0.43212450305439737
4778,3.89288620691897e-06,0.8963790647588766,0.08739301389001665,20.626,26,97,212,1127,8913,10313,438,0.097,0.212,1.127,0.43212450305439737
4779,4.156376275975755e-06,0.8965221117231162,0.08716088043111617,20.626,26,88,224,904,8913,10313,446,0.088,0.224,0.904,0.43212450305439737
4780,3.3912442324050852e-06,0.8965047405058734,0.08723552821949948,20.626,26,90,221,798,8913,10313,445,0.09,0.221,0.798,0.43212450305439737
4781,3.99953463641554e-06,0.8964898044533045,0.08725455686678624,20.626,26,93,207,1150,8913,10313,437,0.093,0.207,1.15,0.43212450305439737
4782,3.8104786825181078e-06,0.8964588028198555,0.08724377395611671,20.626,26,81,235,1734,8913,10313,450,0.081,0.235,1.734,0.43212450305439737
4783,3.851969669015143e-06,0.8963876874847528,0.08739425270619926,20.626,26,98,217,806,8913,10313,444,0.098,0.217,0.806,0.43212450305439737
4784,4.188060285624771e-06,0.8965207609590153,0.08715852126908175,20.626,26,88,222,994,8913,10313,444,0.088,0.222,0.994,0.43212450305439737
4785,3.265473910498941e-06,0.8965034011686449,0.0872215924610272,20.626,26,93,226,810,8913,10313,453,0.093,0.226,0.81,0.43212450305439737
4786,3.580978354790136e-06,0.8964737639481637,0.08726570422986415,20.626,26,103,230,1159,8913,10313,466,0.103,0.23,1.159,0.43212450305439737
4787,3.746445799734784e-06,0.8964461885501638,0.08726609938262599,20.626,26,86,228,1287,8913,10313,448,0.086,0.228,1.287,0.43212450305439737
4788,3.8966825057700595e-06,0.8963877315255402,0.08741223694598915,20.626,26,95,214,882,8913,10313,438,0.095,0.214,0.882,0.43212450305439737
4789,4.153315177414913e-06,0.8965287211512952,0.08716353698058321,20.626,26,88,222,954,8913,10313,444,0.088,0.222,0.954,0.43212450305439737
4790,3.4203215665822473e-06,0.8965024779665093,0.08723124954410326,20.626,26,89,220,795,8913,10313,443,0.089,0.22,0.795,0.43212450305439737
4791,3.994329281560296e-06,0.8964918154830077,0.08725048618291971,20.626,26,93,206,1023,8913,10313,437,0.093,0.206,1.023,0.43212450305439737
4792,3.832982845136674e-06,0.8964576957736714,0.08724120193223125,20.626,26,81,235,1473,8913,10313,450,0.081,0.235,1.473,0.43212450305439737
4793,3.882407552397278e-06,0.8963865200569863,0.0873942899378418,20.626,26,97,218,1032,8913,10313,444,0.097,0.218,1.032,0.43212450305439737
4794,4.215133541150016e-06,0.8965206448258874,0.08716042600905155,20.626,26,88,222,968,8913,10313,444,0.088,0.222,0.968,0.43212450305439737
4795,3.2905045238556126e-06,0.8965049394831733,0.08722376811111901,20.626,26,92,222,823,8913,10313,448,0.092,0.222,0.823,0.43212450305439737
4796,3.5822298697527463e-06,0.8964775488760586,0.08726712102724757,20.626,26,102,231,1151,8913,10313,466,0.102,0.231,1.151,0.43212450305439737
4797,3.7680490171026337e-06,0.8964469332698332,0.08726555952751372,20.626,26,87,229,1302,8913,10313,450,0.087,0.229,1.302,0.43212450305439737
4798,3.924400950179903e-06,0.8963794470050257,0.08740950750443567,20.626,26,96,215,886,8913,10313,440,0.096,0.215,0.886,0.43212450305439737
4799,4.13347847362907e-06,0.8965218460781871,0.08716147540958691,20.626,26,89,223,944,8913,10313,446,0.089,0.223,0.944,0.43212450305439737
4800,3.404212652273497e-06,0.8964983804955464,0.08723061631428317,20.626,26,89,220,799,8913,10313,443,0.089,0.22,0.799,0.43212450305439737
4801,3.999181610018776e-06,0.8964926124349126,0.08725100169240449,20.626,26,93,206,1034,8913,10313,437,0.093,0.206,1.034,0.43212450305439737
4802,3.849949198752928e-06,0.8964620228417866,0.08724221543795242,20.626,26,82,236,1481,8913,10313,452,0.082,0.236,1.481,0.43212450305439737
4803,3.8844496001306895e-06,0.8963835439532549,0.08739380336188071,20.626,26,99,216,1061,8913,10313,444,0.099,0.216,1.061,0.43212450305439737
4804,4.213890376593573e-06,0.8965219718842005,0.08716054691813446,20.626,26,89,223,916,8913,10313,446,0.089,0.223,0.916,0.43212450305439737
4805,3.3332133460711534e-06,0.8965036871469563,0.08722239845900763,20.626,26,92,222,827,8913,10313,448,0.092,0.222,0.827,0.43212450305439737
4806,3.6618425714893714e-06,0.8964773692583736,0.087266305851298,20.626,26,102,227,1070,8913,10313,462,0.102,0.227,1.07,0.43212450305439737
4807,3.785080640605196e-06,0.8964426205594618,0.08726473788571107,20.626,26,86,230,1091,8913,10313,450,0.086,0.23,1.091,0.43212450305439737
4808,3.8251019495207425e-06,0.8963772264661471,0.087409637533707,20.626,26,97,220,872,8913,10313,446,0.097,0.22,0.872,0.43212450305439737
4809,4.052378543392053e-06,0.8965194073210385,0.08716163763548343,20.626,26,91,226,985,8913,10313,451,0.091,0.226,0.985,0.43212450305439737
4810,3.154709176276587e-06,0.8965201863219127,0.08720413007202055,20.626,26,91,230,808,8913,10313,455,0.091,0.23,0.808,0.43212450305439737
4811,3.6608494204424945e-06,0.8964820794939622,0.08727005525847988,20.626,26,96,213,1085,8913,10313,447,0.096,0.213,1.085,0.43212450305439737
4812,3.752673469396768e-06,0.8964312181382375,0.08728001161552232,20.626,26,83,231,973,8913,10313,448,0.083,0.231,0.973,0.43212450305439737
4813,3.8651047639178916e-06,0.8963678343987707,0.08742557548566542,20.626,26,97,216,751,8913,10313,442,0.097,0.216,0.751,0.43212450305439737
4814,4.201386660194178e-06,0.8965162798058328,0.08716922340955907,20.626,26,87,217,996,8913,10313,438,0.087,0.217,0.996,0.43212450305439737
4815,3.345949785091337e-06,0.8965102855592102,0.08721398373380632,20.626,26,90,219,792,8913,10313,443,0.09,0.219,0.792,0.43212450305439737
4816,3.6585720087676216e-06,0.8964956002025201,0.0872554518554801,20.626,26,100,229,1013,8913,10313,462,0.1,0.229,1.013,0.43212450305439737
4817,3.8541511444707065e-06,0.8964562139820903,0.08725779958281125,20.626,26,86,228,1061,8913,10313,448,0.086,0.228,1.061,0.43212450305439737
4818,3.950860043858992e-06,0.8963723236730194,0.08740785838740303,20.626,26,96,213,864,8913,10313,438,0.096,0.213,0.864,0.43212450305439737
4819,4.151854758563599e-06,0.8965124473068525,0.08716568426150388,20.626,26,91,219,908,8913,10313,444,0.091,0.219,0.908,0.43212450305439737
4820,3.20207292659229e-06,0.896510527736,0.08720767991599206,20.626,26,89,220,783,8913,10313,443,0.089,0.22,0.783,0.43212450305439737
4821,3.602142640716191e-06,0.8964787098145541,0.08727274078530219,20.626,26,94,212,1035,8913,10313,443,0.094,0.212,1.035,0.43212450305439737
4822,3.7398092998753862e-06,0.8964482048114181,0.08728304126219513,20.626,26,83,233,1299,8913,10313,450,0.083,0.233,1.299,0.43212450305439737
4823,3.896088086229379e-06,0.8963752200598669,0.08742436324062225,20.626,26,97,218,763,8913,10313,444,0.097,0.218,0.763,0.43212450305439737
4824,4.191014014539368e-06,0.8965146670221689,0.08716610975253443,20.626,26,90,215,936,8913,10313,439,0.09,0.215,0.936,0.43212450305439737
4825,3.2728291758382732e-06,0.8965088529122979,0.08720035150108063,20.626,26,89,220,797,8913,10313,443,0.089,0.22,0.797,0.43212450305439737
4826,3.5409422854135933e-06,0.8964798040741768,0.08726690782953321,20.626,26,101,216,1029,8913,10313,455,0.101,0.216,1.029,0.43212450305439737
4827,3.722178272655841e-06,0.8964371130530606,0.08727925487815372,20.626,26,83,224,1005,8913,10313,442,0.083,0.224,1.005,0.43212450305439737
4828,3.868151883368596e-06,0.8963795703364934,0.08742727860455014,20.626,26,93,216,855,8913,10313,438,0.093,0.216,0.855,0.43212450305439737
4829,4.133896874262623e-06,0.8965272794993894,0.08717173885866919,20.626,26,89,224,984,8913,10313,447,0.089,0.224,0.984,0.43212450305439737
4830,3.502835790724808e-06,0.8965033387785143,0.0872218093450518,20.626,26,90,222,794,8913,10313,446,0.09,0.222,0.794,0.43212450305439737
4831,3.963933924450498e-06,0.8964902320335835,0.08725921462368745,20.626,26,95,224,1066,8913,10313,452,0.095,0.224,1.066,0.43212450305439737
4832,3.872736665952129e-06,0.8964414723900181,0.08725424472903563,20.626,26,83,237,1105,8913,10313,454,0.083,0.237,1.105,0.43212450305439737
4833,3.831977476201406e-06,0.8963778102991224,0.08739185258631482,20.626,26,96,215,755,8913,10313,440,0.096,0.215,0.755,0.43212450305439737
4834,4.127151351135937e-06,0.8965139471731429,0.08717573685077874,20.626,26,89,219,961,8913,10313,442,0.089,0.219,0.961,0.43212450305439737
4835,3.202670316335206e-06,0.8965029951185604,0.08722744053617228,20.626,26,93,223,705,8913,10313,450,0.093,0.223,0.705,0.43212450305439737
4836,3.501709655980939e-06,0.8964633694416059,0.08728608625054964,20.626,26,106,222,890,8913,10313,465,0.106,0.222,0.89,0.43212450305439737
4837,3.709503146190384e-06,0.8964226266133839,0.08728253078370807,20.626,26,87,231,1022,8913,10313,452,0.087,0.231,1.022,0.43212450305439737
4838,3.83192982767685e-06,0.8963665134486509,0.08742197961196613,20.626,26,97,222,690,8913,10313,448,0.097,0.222,0.69,0.43212450305439737
4839,4.075318811635366e-06,0.8965214444486772,0.0871650561211328,20.626,26,90,223,933,8913,10313,447,0.09,0.223,0.933,0.43212450305439737
4840,3.4604821159018755e-06,0.8965032335669616,0.08722758193319609,20.626,26,90,222,811,8913,10313,446,0.09,0.222,0.811,0.43212450305439737
4841,3.930977556186603e-06,0.8964966193183251,0.08724793366830588,20.626,26,94,221,1070,8913,10313,448,0.094,0.221,1.07,0.43212450305439737
4842,3.8476689631554955e-06,0.8964615332457241,0.0872405589014505,20.626,26,80,233,1771,8913,10313,448,0.08,0.233,1.771,0.43212450305439737
4843,3.892363525287732e-06,0.8963873862345612,0.08739414470374825,20.626,26,96,215,965,8913,10313,440,0.096,0.215,0.965,0.43212450305439737
4844,4.29447438640758e-06,0.8965259517627966,0.0871623414203669,20.626,26,86,221,914,8913,10313,441,0.086,0.221,0.914,0.43212450305439737
4845,3.4528404909268128e-06,0.8964966923244869,0.08723429182661491,20.626,26,91,220,867,8913,10313,445,0.091,0.22,0.867,0.43212450305439737
4846,3.860594573371095e-06,0.8964814108420783,0.0872531265134314,20.626,26,102,216,1139,8913,10313,455,0.102,0.216,1.139,0.43212450305439737
4847,3.797123940858696e-06,0.8964487169325799,0.08724205781754263,20.626,26,84,232,1842,8913,10313,450,0.084,0.232,1.842,0.43212450305439737
4848,3.829328565275248e-06,0.8963865821539694,0.08739424265205868,20.626,26,97,216,924,8913,10313,442,0.097,0.216,0.924,0.43212450305439737
4849,4.1226769568287804e-06,0.8965293867648175,0.08716005108331056,20.626,26,90,225,984,8913,10313,449,0.09,0.225,0.984,0.43212450305439737
4850,3.3009250256449517e-06,0.8965085761037687,0.08722230460666631,20.626,26,90,224,819,8913,10313,448,0.09,0.224,0.819,0.43212450305439737
4851,3.7801012526110592e-06,0.8964784723412688,0.08726610301109088,20.626,26,94,221,1290,8913,10313,448,0.094,0.221,1.29,0.43212450305439737
4852,3.7828958712266882e-06,0.8964402777196595,0.08726459762678404,20.626,26,83,233,1197,8913,10313,450,0.083,0.233,1.197,0.43212450305439737
4853,3.884498668721022e-06,0.8963793281614758,0.08741076647075667,20.626,26,96,219,767,8913,10313,444,0.096,0.219,0.767,0.43212450305439737
4854,4.2198042063285565e-06,0.8965225529251396,0.08716270476883606,20.626,26,87,221,965,8913,10313,442,0.087,0.221,0.965,0.43212450305439737
4855,3.473296181617432e-06,0.8964965106740408,0.08723033659738158,20.626,26,90,219,811,8913,10313,443,0.09,0.219,0.811,0.43212450305439737
4856,3.907558500006455e-06,0.8964931070068237,0.0872507633964054,20.626,26,102,213,1014,8913,10313,453,0.102,0.213,1.014,0.43212450305439737
4857,3.864940649796919e-06,0.8964535907194738,0.08724028127641958,20.626,26,84,234,1551,8913,10313,452,0.084,0.234,1.551,0.43212450305439737
4858,3.892886206918971e-06,0.8963790647588765,0.08739301389001665,20.626,26,97,212,1127,8913,10313,438,0.097,0.212,1.127,0.43212450305439737
4859,4.156376275975754e-06,0.8965221117231162,0.08716088043111617,20.626,26,88,224,904,8913,10313,446,0.088,0.224,0.904,0.43212450305439737
4860,3.3912442324050844e-06,0.8965047405058734,0.08723552821949948,20.626,26,90,221,798,8913,10313,445,0.09,0.221,0.798,0.43212450305439737
4861,3.999534636415539e-06,0.8964898044533045,0.08725455686678622,20.626,26,93,207,1150,8913,10313,437,0.093,0.207,1.15,0.43212450305439737
4862,3.8104786825181078e-06,0.8964588028198555,0.08724377395611671,20.626,26,81,235,1734,8913,10313,450,0.081,0.235,1.734,0.43212450305439737
4863,3.851969669015143e-06,0.8963876874847528,0.08739425270619926,20.626,26,98,217,806,8913,10313,444,0.098,0.217,0.806,0.43212450305439737
4864,4.18806028562477e-06,0.8965207609590153,0.08715852126908175,20.626,26,88,222,994,8913,10313,444,0.088,0.222,0.994,0.43212450305439737
4865,3.265473910498941e-06,0.8965034011686449,0.0872215924610272,20.626,26,93,226,810,8913,10313,453,0.093,0.226,0.81,0.43212450305439737
4866,3.5809783547901366e-06,0.8964737639481637,0.08726570422986415,20.626,26,103,230,1159,8913,10313,466,0.103,0.23,1.159,0.43212450305439737
4867,3.7464457997347846e-06,0.8964461885501638,0.08726609938262599,20.626,26,86,228,1287,8913,10313,448,0.086,0.228,1.287,0.43212450305439737
4868,3.8966825057700595e-06,0.8963877315255401,0.08741223694598915,20.626,26,95,214,882,8913,10313,438,0.095,0.214,0.882,0.43212450305439737
4869,4.153315177414914e-06,0.8965287211512952,0.08716353698058321,20.626,26,88,222,954,8913,10313,444,0.088,0.222,0.954,0.43212450305439737
4870,3.4203215665822477e-06,0.8965024779665093,0.08723124954410326,20.626,26,89,220,795,8913,10313,443,0.089,0.22,0.795,0.43212450305439737
4871,3.994329281560297e-06,0.8964918154830077,0.08725048618291971,20.626,26,93,206,1023,8913,10313,437,0.093,0.206,1.023,0.43212450305439737
4872,3.832982845136675e-06,0.8964576957736714,0.08724120193223125,20.626,26,81,235,1473,8913,10313,450,0.081,0.235,1.473,0.43212450305439737
4873,3.882407552397278e-06,0.8963865200569863,0.0873942899378418,20.626,26,97,218,1032,8913,10313,444,0.097,0.218,1.032,0.43212450305439737
4874,4.2151335411500156e-06,0.8965206448258874,0.08716042600905155,20.626,26,88,222,968,8913,10313,444,0.088,0.222,0.968,0.43212450305439737
4875,3.290504523855613e-06,0.8965049394831733,0.08722376811111901,20.626,26,92,222,823,8913,10313,448,0.092,0.222,0.823,0.43212450305439737
4876,3.582229869752746e-06,0.8964775488760586,0.08726712102724757,20.626,26,102,231,1151,8913,10313,466,0.102,0.231,1.151,0.43212450305439737
4877,3.7680490171026337e-06,0.8964469332698332,0.08726555952751372,20.626,26,87,229,1302,8913,10313,450,0.087,0.229,1.302,0.43212450305439737
4878,3.924400950179904e-06,0.8963794470050257,0.08740950750443567,20.626,26,96,215,886,8913,10313,440,0.096,0.215,0.886,0.43212450305439737
4879,4.133478473629071e-06,0.8965218460781871,0.08716147540958691,20.626,26,89,223,944,8913,10313,446,0.089,0.223,0.944,0.43212450305439737
4880,3.4042126522734977e-06,0.8964983804955464,0.08723061631428317,20.626,26,89,220,799,8913,10313,443,0.089,0.22,0.799,0.43212450305439737
4881,3.999181610018775e-06,0.8964926124349126,0.08725100169240449,20.626,26,93,206,1034,8913,10313,437,0.093,0.206,1.034,0.43212450305439737
4882,3.849949198752927e-06,0.8964620228417866,0.08724221543795242,20.626,26,82,236,1481,8913,10313,452,0.082,0.236,1.481,0.43212450305439737
4883,3.884449600130688e-06,0.8963835439532549,0.08739380336188071,20.626,26,99,216,1061,8913,10313,444,0.099,0.216,1.061,0.43212450305439737
4884,4.213890376593572e-06,0.8965219718842005,0.08716054691813446,20.626,26,89,223,916,8913,10313,446,0.089,0.223,0.916,0.43212450305439737
4885,3.333213346071153e-06,0.8965036871469563,0.08722239845900763,20.626,26,92,222,827,8913,10313,448,0.092,0.222,0.827,0.43212450305439737
4886,3.6618425714893718e-06,0.8964773692583736,0.087266305851298,20.626,26,102,227,1070,8913,10313,462,0.102,0.227,1.07,0.43212450305439737
4887,3.785080640605196e-06,0.8964426205594618,0.08726473788571107,20.626,26,86,230,1091,8913,10313,450,0.086,0.23,1.091,0.43212450305439737
4888,3.825101949520742e-06,0.8963772264661471,0.087409637533707,20.626,26,97,220,872,8913,10313,446,0.097,0.22,0.872,0.43212450305439737
4889,4.052378543392052e-06,0.8965194073210385,0.08716163763548344,20.626,26,91,226,985,8913,10313,451,0.091,0.226,0.985,0.43212450305439737
4890,3.154709176276587e-06,0.8965201863219127,0.08720413007202055,20.626,26,91,230,808,8913,10313,455,0.091,0.23,0.808,0.43212450305439737
4891,3.660849420442495e-06,0.8964820794939622,0.08727005525847988,20.626,26,96,213,1085,8913,10313,447,0.096,0.213,1.085,0.43212450305439737
4892,3.7526734693967683e-06,0.8964312181382375,0.08728001161552232,20.626,26,83,231,973,8913,10313,448,0.083,0.231,0.973,0.43212450305439737
4893,3.865104763917893e-06,0.8963678343987707,0.08742557548566542,20.626,26,97,216,751,8913,10313,442,0.097,0.216,0.751,0.43212450305439737
4894,4.201386660194176e-06,0.8965162798058328,0.08716922340955907,20.626,26,87,217,996,8913,10313,438,0.087,0.217,0.996,0.43212450305439737
4895,3.3459497850913335e-06,0.8965102855592102,0.08721398373380632,20.626,26,90,219,792,8913,10313,443,0.09,0.219,0.792,0.43212450305439737
4896,3.65857200876762e-06,0.8964956002025201,0.0872554518554801,20.626,26,100,229,1013,8913,10313,462,0.1,0.229,1.013,0.43212450305439737
4897,3.8541511444707065e-06,0.8964562139820903,0.08725779958281125,20.626,26,86,228,1061,8913,10313,448,0.086,0.228,1.061,0.43212450305439737
4898,3.950860043858993e-06,0.8963723236730194,0.08740785838740303,20.626,26,96,213,864,8913,10313,438,0.096,0.213,0.864,0.43212450305439737
4899,4.151854758563598e-06,0.8965124473068525,0.08716568426150388,20.626,26,91,219,908,8913,10313,444,0.091,0.219,0.908,0.43212450305439737
4900,3.20207292659229e-06,0.896510527736,0.08720767991599206,20.626,26,89,220,783,8913,10313,443,0.089,0.22,0.783,0.43212450305439737
4901,3.6021426407161912e-06,0.8964787098145541,0.08727274078530219,20.626,26,94,212,1035,8913,10313,443,0.094,0.212,1.035,0.43212450305439737
4902,3.7398092998753845e-06,0.8964482048114181,0.08728304126219513,20.626,26,83,233,1299,8913,10313,450,0.083,0.233,1.299,0.43212450305439737
4903,3.896088086229379e-06,0.8963752200598669,0.08742436324062225,20.626,26,97,218,763,8913,10313,444,0.097,0.218,0.763,0.43212450305439737
4904,4.191014014539367e-06,0.8965146670221688,0.08716610975253443,20.626,26,90,215,936,8913,10313,439,0.09,0.215,0.936,0.43212450305439737
4905,3.2728291758382732e-06,0.8965088529122979,0.08720035150108063,20.626,26,89,220,797,8913,10313,443,0.089,0.22,0.797,0.43212450305439737
4906,3.5409422854135933e-06,0.8964798040741768,0.08726690782953321,20.626,26,101,216,1029,8913,10313,455,0.101,0.216,1.029,0.43212450305439737
4907,3.722178272655841e-06,0.8964371130530606,0.08727925487815372,20.626,26,83,224,1005,8913,10313,442,0.083,0.224,1.005,0.43212450305439737
4908,3.868151883368596e-06,0.8963795703364934,0.08742727860455014,20.626,26,93,216,855,8913,10313,438,0.093,0.216,0.855,0.43212450305439737
4909,4.133896874262623e-06,0.8965272794993894,0.08717173885866919,20.626,26,89,224,984,8913,10313,447,0.089,0.224,0.984,0.43212450305439737
4910,3.5028357907248092e-06,0.8965033387785143,0.0872218093450518,20.626,26,90,222,794,8913,10313,446,0.09,0.222,0.794,0.43212450305439737
4911,3.963933924450497e-06,0.8964902320335835,0.08725921462368745,20.626,26,95,224,1066,8913,10313,452,0.095,0.224,1.066,0.43212450305439737
4912,3.87273666595213e-06,0.8964414723900181,0.08725424472903563,20.626,26,83,237,1105,8913,10313,454,0.083,0.237,1.105,0.43212450305439737
4913,3.831977476201407e-06,0.8963778102991224,0.08739185258631482,20.626,26,96,215,755,8913,10313,440,0.096,0.215,0.755,0.43212450305439737
4914,4.127151351135937e-06,0.8965139471731429,0.08717573685077874,20.626,26,89,219,961,8913,10313,442,0.089,0.219,0.961,0.43212450305439737
4915,3.202670316335206e-06,0.8965029951185604,0.08722744053617228,20.626,26,93,223,705,8913,10313,450,0.093,0.223,0.705,0.43212450305439737
4916,3.501709655980939e-06,0.8964633694416059,0.08728608625054962,20.626,26,106,222,890,8913,10313,465,0.106,0.222,0.89,0.43212450305439737
4917,3.709503146190384e-06,0.8964226266133839,0.08728253078370807,20.626,26,87,231,1022,8913,10313,452,0.087,0.231,1.022,0.43212450305439737
4918,3.831929827676852e-06,0.8963665134486509,0.08742197961196613,20.626,26,97,222,690,8913,10313,448,0.097,0.222,0.69,0.43212450305439737
4919,4.075318811635365e-06,0.8965214444486772,0.0871650561211328,20.626,26,90,223,933,8913,10313,447,0.09,0.223,0.933,0.43212450305439737
4920,3.4604821159018747e-06,0.8965032335669616,0.08722758193319609,20.626,26,90,222,811,8913,10313,446,0.09,0.222,0.811,0.43212450305439737
4921,3.9309775561866035e-06,0.8964966193183251,0.08724793366830588,20.626,26,94,221,1070,8913,10313,448,0.094,0.221,1.07,0.43212450305439737
4922,3.8476689631554955e-06,0.8964615332457241,0.0872405589014505,20.626,26,80,233,1771,8913,10313,448,0.08,0.233,1.771,0.43212450305439737
4923,3.892363525287732e-06,0.8963873862345612,0.08739414470374825,20.626,26,96,215,965,8913,10313,440,0.096,0.215,0.965,0.43212450305439737
4924,4.29447438640758e-06,0.8965259517627967,0.0871623414203669,20.626,26,86,221,914,8913,10313,441,0.086,0.221,0.914,0.43212450305439737
4925,3.4528404909268128e-06,0.8964966923244869,0.08723429182661491,20.626,26,91,220,867,8913,10313,445,0.091,0.22,0.867,0.43212450305439737
4926,3.860594573371095e-06,0.8964814108420783,0.0872531265134314,20.626,26,102,216,1139,8913,10313,455,0.102,0.216,1.139,0.43212450305439737
4927,3.7971239408586954e-06,0.8964487169325799,0.08724205781754263,20.626,26,84,232,1842,8913,10313,450,0.084,0.232,1.842,0.43212450305439737
4928,3.829328565275247e-06,0.8963865821539694,0.08739424265205868,20.626,26,97,216,924,8913,10313,442,0.097,0.216,0.924,0.43212450305439737
4929,4.12267695682878e-06,0.8965293867648175,0.08716005108331056,20.626,26,90,225,984,8913,10313,449,0.09,0.225,0.984,0.43212450305439737
4930,3.3009250256449513e-06,0.8965085761037687,0.08722230460666631,20.626,26,90,224,819,8913,10313,448,0.09,0.224,0.819,0.43212450305439737
4931,3.7801012526110592e-06,0.8964784723412688,0.08726610301109088,20.626,26,94,221,1290,8913,10313,448,0.094,0.221,1.29,0.43212450305439737
4932,3.7828958712266887e-06,0.8964402777196595,0.08726459762678404,20.626,26,83,233,1197,8913,10313,450,0.083,0.233,1.197,0.43212450305439737
4933,3.884498668721025e-06,0.8963793281614758,0.08741076647075667,20.626,26,96,219,767,8913,10313,444,0.096,0.219,0.767,0.43212450305439737
4934,4.219804206328558e-06,0.8965225529251395,0.08716270476883609,20.626,26,87,221,965,8913,10313,442,0.087,0.221,0.965,0.43212450305439737
4935,3.4732961816174314e-06,0.8964965106740408,0.08723033659738158,20.626,26,90,219,811,8913,10313,443,0.09,0.219,0.811,0.43212450305439737
4936,3.907558500006455e-06,0.8964931070068238,0.0872507633964054,20.626,26,102,213,1014,8913,10313,453,0.102,0.213,1.014,0.43212450305439737
4937,3.864940649796917e-06,0.8964535907194738,0.08724028127641958,20.626,26,84,234,1551,8913,10313,452,0.084,0.234,1.551,0.43212450305439737
4938,3.892886206918971e-06,0.8963790647588766,0.08739301389001665,20.626,26,97,212,1127,8913,10313,438,0.097,0.212,1.127,0.43212450305439737
4939,4.156376275975755e-06,0.8965221117231162,0.08716088043111617,20.626,26,88,224,904,8913,10313,446,0.088,0.224,0.904,0.43212450305439737
4940,3.3912442324050865e-06,0.8965047405058734,0.08723552821949948,20.626,26,90,221,798,8913,10313,445,0.09,0.221,0.798,0.43212450305439737
4941,3.99953463641554e-06,0.8964898044533045,0.08725455686678624,20.626,26,93,207,1150,8913,10313,437,0.093,0.207,1.15,0.43212450305439737
4942,3.810478682518107e-06,0.8964588028198555,0.08724377395611671,20.626,26,81,235,1734,8913,10313,450,0.081,0.235,1.734,0.43212450305439737
4943,3.851969669015142e-06,0.8963876874847528,0.08739425270619926,20.626,26,98,217,806,8913,10313,444,0.098,0.217,0.806,0.43212450305439737
4944,4.188060285624771e-06,0.8965207609590153,0.08715852126908175,20.626,26,88,222,994,8913,10313,444,0.088,0.222,0.994,0.43212450305439737
4945,3.265473910498941e-06,0.8965034011686449,0.0872215924610272,20.626,26,93,226,810,8913,10313,453,0.093,0.226,0.81,0.43212450305439737
4946,3.580978354790137e-06,0.8964737639481637,0.08726570422986415,20.626,26,103,230,1159,8913,10313,466,0.103,0.23,1.159,0.43212450305439737
4947,3.7464457997347846e-06,0.8964461885501638,0.08726609938262599,20.626,26,86,228,1287,8913,10313,448,0.086,0.228,1.287,0.43212450305439737
4948,3.8966825057700595e-06,0.8963877315255402,0.08741223694598915,20.626,26,95,214,882,8913,10313,438,0.095,0.214,0.882,0.43212450305439737
4949,4.1533151774149115e-06,0.8965287211512952,0.08716353698058321,20.626,26,88,222,954,8913,10313,444,0.088,0.222,0.954,0.43212450305439737
4950,3.4203215665822473e-06,0.8965024779665093,0.08723124954410326,20.626,26,89,220,795,8913,10313,443,0.089,0.22,0.795,0.43212450305439737
4951,3.994329281560296e-06,0.8964918154830077,0.08725048618291971,20.626,26,93,206,1023,8913,10313,437,0.093,0.206,1.023,0.43212450305439737
4952,3.832982845136675e-06,0.8964576957736714,0.08724120193223125,20.626,26,81,235,1473,8913,10313,450,0.081,0.235,1.473,0.43212450305439737
4953,3.882407552397278e-06,0.8963865200569863,0.0873942899378418,20.626,26,97,218,1032,8913,10313,444,0.097,0.218,1.032,0.43212450305439737
4954,4.215133541150016e-06,0.8965206448258874,0.08716042600905155,20.626,26,88,222,968,8913,10313,444,0.088,0.222,0.968,0.43212450305439737
4955,3.2905045238556126e-06,0.8965049394831733,0.08722376811111901,20.626,26,92,222,823,8913,10313,448,0.092,0.222,0.823,0.43212450305439737
4956,3.5822298697527455e-06,0.8964775488760586,0.08726712102724757,20.626,26,102,231,1151,8913,10313,466,0.102,0.231,1.151,0.43212450305439737
4957,3.768049017102634e-06,0.8964469332698332,0.08726555952751372,20.626,26,87,229,1302,8913,10313,450,0.087,0.229,1.302,0.43212450305439737
4958,3.924400950179903e-06,0.8963794470050257,0.08740950750443567,20.626,26,96,215,886,8913,10313,440,0.096,0.215,0.886,0.43212450305439737
4959,4.133478473629071e-06,0.8965218460781871,0.08716147540958691,20.626,26,89,223,944,8913,10313,446,0.089,0.223,0.944,0.43212450305439737
4960,3.404212652273498e-06,0.8964983804955464,0.08723061631428317,20.626,26,89,220,799,8913,10313,443,0.089,0.22,0.799,0.43212450305439737
4961,3.999181610018776e-06,0.8964926124349126,0.08725100169240449,20.626,26,93,206,1034,8913,10313,437,0.093,0.206,1.034,0.43212450305439737
4962,3.849949198752927e-06,0.8964620228417866,0.08724221543795242,20.626,26,82,236,1481,8913,10313,452,0.082,0.236,1.481,0.43212450305439737
4963,3.884449600130689e-06,0.8963835439532549,0.08739380336188071,20.626,26,99,216,1061,8913,10313,444,0.099,0.216,1.061,0.43212450305439737
4964,4.213890376593573e-06,0.8965219718842005,0.08716054691813446,20.626,26,89,223,916,8913,10313,446,0.089,0.223,0.916,0.43212450305439737
4965,3.3332133460711534e-06,0.8965036871469563,0.08722239845900763,20.626,26,92,222,827,8913,10313,448,0.092,0.222,0.827,0.43212450305439737
4966,3.6618425714893718e-06,0.8964773692583736,0.087266305851298,20.626,26,102,227,1070,8913,10313,462,0.102,0.227,1.07,0.43212450305439737
4967,3.785080640605196e-06,0.8964426205594618,0.08726473788571107,20.626,26,86,230,1091,8913,10313,450,0.086,0.23,1.091,0.43212450305439737
4968,3.825101949520742e-06,0.8963772264661471,0.087409637533707,20.626,26,97,220,872,8913,10313,446,0.097,0.22,0.872,0.43212450305439737
4969,4.052378543392053e-06,0.8965194073210385,0.08716163763548343,20.626,26,91,226,985,8913,10313,451,0.091,0.226,0.985,0.43212450305439737
4970,3.154709176276587e-06,0.8965201863219127,0.08720413007202055,20.626,26,91,230,808,8913,10313,455,0.091,0.23,0.808,0.43212450305439737
4971,3.660849420442494e-06,0.8964820794939622,0.08727005525847988,20.626,26,96,213,1085,8913,10313,447,0.096,0.213,1.085,0.43212450305439737
4972,3.752673469396768e-06,0.8964312181382375,0.08728001161552232,20.626,26,83,231,973,8913,10313,448,0.083,0.231,0.973,0.43212450305439737
4973,3.8651047639178916e-06,0.8963678343987707,0.08742557548566542,20.626,26,97,216,751,8913,10313,442,0.097,0.216,0.751,0.43212450305439737
4974,4.201386660194178e-06,0.8965162798058328,0.08716922340955907,20.626,26,87,217,996,8913,10313,438,0.087,0.217,0.996,0.43212450305439737
4975,3.345949785091337e-06,0.8965102855592102,0.08721398373380632,20.626,26,90,219,792,8913,10313,443,0.09,0.219,0.792,0.43212450305439737
4976,3.6585720087676216e-06,0.8964956002025201,0.0872554518554801,20.626,26,100,229,1013,8913,10313,462,0.1,0.229,1.013,0.43212450305439737
4977,3.8541511444707065e-06,0.8964562139820903,0.08725779958281125,20.626,26,86,228,1061,8913,10313,448,0.086,0.228,1.061,0.43212450305439737
4978,3.950860043858991e-06,0.8963723236730194,0.08740785838740303,20.626,26,96,213,864,8913,10313,438,0.096,0.213,0.864,0.43212450305439737
4979,4.1518547585635975e-06,0.8965124473068525,0.08716568426150388,20.626,26,91,219,908,8913,10313,444,0.091,0.219,0.908,0.43212450305439737
4980,3.2020729265922904e-06,0.896510527736,0.08720767991599206,20.626,26,89,220,783,8913,10313,443,0.089,0.22,0.783,0.43212450305439737
4981,3.6021426407161912e-06,0.8964787098145541,0.08727274078530219,20.626,26,94,212,1035,8913,10313,443,0.094,0.212,1.035,0.43212450305439737
4982,3.739809299875386e-06,0.8964482048114181,0.08728304126219513,20.626,26,83,233,1299,8913,10313,450,0.083,0.233,1.299,0.43212450305439737
4983,3.896088086229381e-06,0.8963752200598669,0.08742436324062225,20.626,26,97,218,763,8913,10313,444,0.097,0.218,0.763,0.43212450305439737
4984,4.191014014539368e-06,0.8965146670221688,0.08716610975253443,20.626,26,90,215,936,8913,10313,439,0.09,0.215,0.936,0.43212450305439737
4985,3.272829175838273e-06,0.8965088529122979,0.08720035150108063,20.626,26,89,220,797,8913,10313,443,0.089,0.22,0.797,0.43212450305439737
4986,3.5409422854135916e-06,0.8964798040741768,0.08726690782953321,20.626,26,101,216,1029,8913,10313,455,0.101,0.216,1.029,0.43212450305439737
4987,3.7221782726558408e-06,0.8964371130530606,0.08727925487815372,20.626,26,83,224,1005,8913,10313,442,0.083,0.224,1.005,0.43212450305439737
4988,3.868151883368596e-06,0.8963795703364934,0.08742727860455014,20.626,26,93,216,855,8913,10313,438,0.093,0.216,0.855,0.43212450305439737
4989,4.133896874262624e-06,0.8965272794993894,0.08717173885866919,20.626,26,89,224,984,8913,10313,447,0.089,0.224,0.984,0.43212450305439737
4990,3.502835790724808e-06,0.8965033387785143,0.0872218093450518,20.626,26,90,222,794,8913,10313,446,0.09,0.222,0.794,0.43212450305439737
4991,3.963933924450499e-06,0.8964902320335835,0.08725921462368745,20.626,26,95,224,1066,8913,10313,452,0.095,0.224,1.066,0.43212450305439737
4992,3.87273666595213e-06,0.8964414723900181,0.08725424472903563,20.626,26,83,237,1105,8913,10313,454,0.083,0.237,1.105,0.43212450305439737
4993,3.831977476201406e-06,0.8963778102991224,0.08739185258631482,20.626,26,96,215,755,8913,10313,440,0.096,0.215,0.755,0.43212450305439737
4994,4.127151351135937e-06,0.8965139471731429,0.08717573685077874,20.626,26,89,219,961,8913,10313,442,0.089,0.219,0.961,0.43212450305439737
4995,3.202670316335206e-06,0.8965029951185604,0.08722744053617228,20.626,26,93,223,705,8913,10313,450,0.093,0.223,0.705,0.43212450305439737
4996,3.501709655980939e-06,0.8964633694416059,0.08728608625054962,20.626,26,106,222,890,8913,10313,465,0.106,0.222,0.89,0.43212450305439737
4997,3.7095031461903838e-06,0.8964226266133839,0.08728253078370807,20.626,26,87,231,1022,8913,10313,452,0.087,0.231,1.022,0.43212450305439737
4998,3.83192982767685e-06,0.8963665134486509,0.08742197961196613,20.626,26,97,222,690,8913,10313,448,0.097,0.222,0.69,0.43212450305439737
4999,4.0753188116353665e-06,0.8965214444486772,0.0871650561211328,20.626,26,90,223,933,8913,10313,447,0.09,0.223,0.933,0.43212450305439737
