R,ell,kappa,k_in,k_out
1.0,7.0,0.9977125752831573,0.0675989432006908,1.7307311700198127
1.0,8.0,0.9909984858728059,0.13387307794252754,1.7268694215261888
1.5,7.0,0.9989840017593672,0.04506622048542164,1.7314644194355133
1.5,8.0,0.9960093711978463,0.08924871139725714,1.729749885825673
2.0,8.0,0.9977572366312678,0.06693651283071314,1.7307569162797136
2.5,8.0,0.9985652011051442,0.0535494084172999,1.7312228224171946
