{
  "annotation": {
    "f_star": 1.0
  },
  "csv": "/mnt/ironwolf/git/Void_Unity_Proofs/Derivation/code/outputs/logs/dark_photons/20251006_180709_noise_budget__DP-noise-smoke.csv",
  "figure": "/mnt/ironwolf/git/Void_Unity_Proofs/Derivation/code/outputs/figures/dark_photons/20251006_180709_noise_budget__DP-noise-smoke.png",
  "minmax": {
    "S_bg": 8.2838940000000005e-19,
    "S_inst_max": 1.0100000000000001e-20,
    "S_inst_min": 1.0100000000000001e-22,
    "S_total_max": 8.384894000000001e-19,
    "S_total_min": 8.284904e-19
  },
  "params": {
    "R": 50.0,
    "S_inst0": 1e-22,
    "T": 300.0,
    "f_max": 10000.0,
    "f_min": 1.0,
    "npts": 64
  },
  "passed": true,
  "sanity": {
    "finite_all": true,
    "monotone_ok": true,
    "nonneg_all": true
  },
  "policy": {
    "pre_registered": false,
    "engineering_only": true,
    "quarantined": true
  },
  "series": {
    "f": [
      1.0,
      1.1574228805920572,
      1.3396277245180157,
      1.5505157798326246,
      1.7946024402973164,
      2.0771139259664553,
      2.4040991835099716,
      2.7825594022071245,
      3.220597918721083,
      3.72759372031494,
      4.314402261443781,
      4.993587893473147,
      5.779692884153313,
      6.689548786914143,
      7.742636826811269,
      8.961505019466045,
      10.37225095407057,
      12.005080577484073,
      13.894954943731374,
      16.082338776670415,
      18.614066873551213,
      21.544346900318832,
      24.935920049841585,
      28.861404414300882,
      33.404849835132445,
      38.6635375219241,
      44.75006297250449,
      51.7947467923121,
      59.94842503189409,
      69.38567878737184,
      80.30857221391513,
      92.95097898806489,
      107.58358985421785,
      124.51970847350319,
      144.12195967188532,
      166.81005372000593,
      193.06977288832496,
      223.46337269165923,
      258.64162052759684,
      299.357729472049,
      346.4834855730366,
      401.0279139495203,
      464.15888336127773,
      537.2281118324031,
      621.8001087320915,
      719.6856730011514,
      832.9806647658264,
      964.1108804907501,
      1115.883992507748,
      1291.5496650148827,
      1494.869133709233,
      1730.1957388458943,
      2002.568136043117,
      2317.8181806008897,
      2682.6957952797247,
      3105.01349512486,
      3593.813663804626,
      4159.562163071843,
      4814.372420784343,
      5572.264795507173,
      6449.466771037621,
      7464.760408417113,
      8639.884494839682,
      10000.0
    ]
  }
}