I_analytic,I_fd,rel_err,theta_hat,n,sigma,dx
155.6678910669158,155.66789106458145,1.499558979657854e-11,0.3324457349490466,200,1.0,0.001
