{
  "grid": [
    -2.0,
    -1.95,
    -1.9,
    -1.85,
    -1.8,
    -1.75,
    -1.7,
    -1.65,
    -1.6,
    -1.55,
    -1.5,
    -1.45,
    -1.4,
    -1.35,
    -1.2999999999999998,
    -1.25,
    -1.2,
    -1.15,
    -1.1,
    -1.0499999999999998,
    -1.0,
    -0.95,
    -0.8999999999999999,
    -0.8499999999999999,
    -0.7999999999999998,
    -0.75,
    -0.7,
    -0.6499999999999999,
    -0.5999999999999999,
    -0.5499999999999998,
    -0.5,
    -0.44999999999999996,
    -0.3999999999999999,
    -0.34999999999999987,
    -0.2999999999999998,
    -0.25,
    -0.19999999999999996,
    -0.1499999999999999,
    -0.09999999999999987,
    -0.04999999999999982,
    0.0,
    0.050000000000000266,
    0.10000000000000009,
    0.1499999999999999,
    0.20000000000000018,
    0.25,
    0.30000000000000027,
    0.3500000000000001,
    0.40000000000000036,
    0.4500000000000002,
    0.5,
    0.5500000000000003,
    0.6000000000000001,
    0.6500000000000004,
    0.7000000000000002,
    0.75,
    0.8000000000000003,
    0.8500000000000001,
    0.9000000000000004,
    0.9500000000000002,
    1.0,
    1.0500000000000003,
    1.1,
    1.1500000000000004,
    1.2000000000000002,
    1.25,
    1.3000000000000003,
    1.35,
    1.4000000000000004,
    1.4500000000000002,
    1.5,
    1.5500000000000003,
    1.6,
    1.6500000000000004,
    1.7000000000000002,
    1.75,
    1.8000000000000003,
    1.85,
    1.9000000000000004,
    1.9500000000000002,
    2.0
  ],
  "vals": [
    0.1585780180009884,
    0.15857801800098836,
    0.15857801800098836,
    0.1585780180009884,
    0.1585780180009884,
    0.15857801800098834,
    0.15857801800098842,
    0.1585780180009884,
    0.15857801800098842,
    0.15857801800098845,
    0.15857801800098836,
    0.1585780180009884,
    0.1585780180009884,
    0.15857801800098845,
    0.15857801800098842,
    0.15857801800098845,
    0.1585780180009884,
    0.15857801800098842,
    0.1585780180009884,
    0.15857801800098842,
    0.1585780180009884,
    0.1585780180009884,
    0.15857801800098842,
    0.1585780180009884,
    0.15857801800098842,
    0.1585780180009884,
    0.1585780180009884,
    0.15857801800098842,
    0.1585780180009884,
    0.15857801800098845,
    0.15857801800098842,
    0.1585780180009884,
    0.1585780180009884,
    0.1585780180009884,
    0.1585780180009884,
    0.1585780180009884,
    0.1585780180009884,
    0.1585780180009884,
    0.1585780180009884,
    0.15857801800098836,
    0.1585780180009884,
    0.1585780180009884,
    0.1585780180009884,
    0.1585780180009884,
    0.1585780180009884,
    0.1585780180009884,
    0.1585780180009884,
    0.1585780180009884,
    0.1585780180009884,
    0.15857801800098842,
    0.1585780180009884,
    0.15857801800098842,
    0.1585780180009884,
    0.15857801800098842,
    0.1585780180009884,
    0.15857801800098842,
    0.15857801800098842,
    0.15857801800098845,
    0.15857801800098842,
    0.1585780180009884,
    0.1585780180009884,
    0.1585780180009884,
    0.1585780180009884,
    0.1585780180009884,
    0.15857801800098836,
    0.15857801800098834,
    0.1585780180009884,
    0.15857801800098836,
    0.15857801800098836,
    0.15857801800098845,
    0.1585780180009884,
    0.15857801800098845,
    0.1585780180009884,
    0.1585780180009884,
    0.15857801800098842,
    0.15857801800098845,
    0.1585780180009884,
    0.1585780180009884,
    0.1585780180009884,
    0.15857801800098836,
    0.1585780180009884
  ],
  "best_tau0": -1.75,
  "best_rms": 0.15857801800098834
}