{
  "theory": "Fisher-KPP front speed c=2*sqrt(D*r)",
  "params": {
    "N": 512,
    "L": 200.0,
    "D": 1.0,
    "r": 0.25,
    "T": 60.0,
    "cfl": 0.2,
    "seed": 42,
    "level": 0.5,
    "x0": -60.0,
    "fit_start": 0.15,
    "fit_end": 0.6
  },
  "metrics": {
    "c_meas": 0.7627527358284061,
    "c_abs": 0.7627527358284061,
    "c_sign": 1.0,
    "c_th": 1.0,
    "rel_err": 0.23724726417135666,
    "r2": 0.9980698749301764,
    "dx": 0.390625,
    "dt": 0.015255530129672006,
    "steps": 3933,
    "elapsed_sec": 0.04452800750732422,
    "acceptance_rel_err": 0.05,
    "passed": false
  },
  "outputs": {
    "figure": "C:\\git\\Prometheus_VDM\\Prometheus_FUVDM\\derivation\\code\\outputs\\figures\\rd_front_speed_experiment_20250820T103920Z.png"
  },
  "timestamp": "2025-08-20T10:39:21Z"
}