tick,kT,phi_mean,phi_var,mean_degree,max_degree,n_active,n_warm,n_walkers_emitted,n_condensed_bonds,bonds_total,n_computed,active_fraction,warm_fraction,walker_fraction,condensed_fraction_directed
0,0.00010034875633419712,0.9643459642542861,0.010175538334367011,24.934336,26,0,0,0,0,1558396,14408,0.0,0.0,0.0,0.0
1,0.001011541555492751,0.9739923219363961,0.005940022907604795,24.934336,26,27664,12152,370679,0,1558396,39816,0.221312,0.097216,2.965432,0.0
2,0.001965879296157284,0.9874724306719408,0.0029146671455567478,24.934336,26,25166,12714,74038,0,1558396,37880,0.201328,0.101712,0.592304,0.0
3,0.0008042837908564017,0.9958951641245182,0.0030337066302805484,24.934336,26,27284,12532,60927,0,1558396,39816,0.218272,0.100256,0.487416,0.0
4,5.901537742485695e-05,0.9954721024123123,0.004253391647764833,24.934336,26,25498,12382,57384,0,1558396,37880,0.203984,0.099056,0.459072,0.0
5,0.00016327149189014503,0.9952500464603409,0.004648728658151554,24.934336,26,1914,2887,43196,0,1558396,4801,0.015312,0.023096,0.345568,0.0
6,1.6006117261965103e-06,0.9952323016320679,0.00464809546487142,24.934336,26,1147,1417,5517,0,1558396,2565,0.009176,0.011336,0.044136,0.0
7,5.599130696216432e-06,0.9952410958852458,0.004596978705647514,24.934336,26,905,1867,3027,0,1558396,3287,0.00724,0.014936,0.024216,0.0
8,7.732725896985409e-06,0.9952503212296447,0.004564292989318452,24.934336,26,633,1289,8647,0,1558396,2414,0.005064,0.010312,0.069176,0.0
9,4.226086432275395e-06,0.9952736215355621,0.004525658556490577,24.934336,26,638,1333,6588,0,1558396,2439,0.005104,0.010664,0.052704,0.0
10,1.3616293926797851e-06,0.9952868317403295,0.004515537091387988,24.934336,26,677,1424,5173,0,1558396,2545,0.005416,0.011392,0.041384,0.0
11,1.936781201444277e-06,0.995285427332757,0.004525265906167125,24.934336,26,702,1612,3539,0,1558396,2726,0.005616,0.012896,0.028312,0.0
12,2.42949186027183e-06,0.9952741631263257,0.004538566355961901,24.934336,26,460,1194,10404,0,1558396,2683,0.00368,0.009552,0.083232,0.0
13,3.838856245551061e-06,0.9952625225697798,0.004546423439779011,24.934336,26,860,1871,10951,33,1558396,3087,0.00688,0.014968,0.087608,1.0587809516964879e-05
14,4.590793160374994e-06,0.9952700514767082,0.00450738741090573,24.934336,26,840,1744,3817,265,1558396,3172,0.00672,0.013952,0.030536,8.502331884835434e-05
15,2.5956462044970983e-06,0.9952786495799364,0.004478646951831447,24.934336,26,812,1711,4471,1150,1558396,3171,0.006496,0.013688,0.035768,0.00036896911953059427
16,3.4493802425326927e-06,0.995279520259749,0.004478217761809827,24.934336,26,829,2050,7373,2929,1558396,3159,0.006632,0.0164,0.058984,0.0009397483053087918
17,4.67302147522585e-06,0.9952854749816088,0.004462712370316871,24.934336,26,504,1427,22436,5302,1558396,2929,0.004032,0.011416,0.179488,0.0017011080623923573
18,3.0264960977691104e-06,0.9952849370803281,0.0044516972533742176,24.934336,26,503,1425,34839,7930,1558396,2998,0.004024,0.0114,0.278712,0.002544282711197924
19,2.5171466265651166e-06,0.9952814151074255,0.004445859219492598,24.934336,26,547,1566,14927,8272,1558396,3165,0.004376,0.012528,0.119416,0.0026540109189191964
20,3.5402473723655937e-06,0.9952811091425959,0.00443398948274751,24.934336,26,531,1557,4672,8697,1558396,3338,0.004248,0.012456,0.037376,0.0027903690717891987
21,3.1958527426437434e-06,0.9952798526118174,0.004418121470383905,24.934336,26,543,1515,4467,9215,1558396,3370,0.004344,0.01212,0.035736,0.0029565655969342837
22,2.9046046783210915e-06,0.9952779514283165,0.004410357036697003,24.934336,26,544,1531,4511,10071,1558396,3339,0.004352,0.012248,0.036088,0.0032312069589501
23,3.5378255933858813e-06,0.995280405637123,0.0044035256509694426,24.934336,26,549,1579,4842,12340,1558396,3385,0.004392,0.012632,0.038736,0.0039591990739195945
24,3.145077657421735e-06,0.9952802533399393,0.0044008742757459555,24.934336,26,599,1657,4946,15733,1558396,3518,0.004792,0.013256,0.039568,0.005047818397891165
25,3.2332014855467047e-06,0.9952815330569379,0.004402877393210041,24.934288,26,613,1660,5887,18092,1558393,3507,0.004904,0.01328,0.047096,0.005804697531367248
26,3.8076286586389565e-06,0.995286248902615,0.004399676435714717,24.933312,26,595,1765,8163,20712,1558332,3564,0.00476,0.01412,0.065304,0.006645567183372991
27,3.095891131197534e-06,0.9952864596906711,0.004395995330398698,24.931776,26,666,1806,5366,23334,1558236,3680,0.005328,0.014448,0.042928,0.007487312576528844
28,3.725135491839064e-06,0.9952838516913943,0.00439951841190961,24.930192,26,762,1874,5558,25638,1558137,3783,0.006096,0.014992,0.044464,0.008227132787424983
29,4.375160620888789e-06,0.9952873308128044,0.004389802784863073,24.927488,26,695,1869,5294,27533,1557968,3720,0.00556,0.014952,0.042352,0.008836189190021874
30,3.293831938650635e-06,0.9952871243319501,0.004386642853989053,24.92336,26,747,1962,5254,29114,1557710,3822,0.005976,0.015696,0.042032,0.00934512842570183
31,3.0736119169287154e-06,0.9952898664248552,0.004384241548418869,24.920944,26,782,2175,5342,31566,1557559,4018,0.006256,0.0174,0.042736,0.010133163494930209
32,3.3761498471814982e-06,0.9952902800646851,0.004383314073779646,24.919776,26,709,2009,6837,33134,1557486,3872,0.005672,0.016072,0.054696,0.01063701375164849
33,3.228522425072483e-06,0.9952878273639928,0.004389188773512382,24.918592,26,775,2094,6546,35116,1557412,3914,0.0062,0.016752,0.052368,0.011273831202019762
34,3.403294055256469e-06,0.9952915360295396,0.004382786279424008,24.917616,26,762,2213,6853,37036,1557351,4015,0.006096,0.017704,0.054824,0.01189070415083048
35,3.0337422343296897e-06,0.9952912685642149,0.0043812297575858425,24.91688,26,779,2214,6248,38518,1557305,4007,0.006232,0.017712,0.049984,0.012366877393959436
36,2.8527622874447305e-06,0.9952925186275406,0.004378845214464875,24.91608,26,813,2265,6995,39739,1557255,4067,0.006504,0.01812,0.05596,0.012759310453329738
37,3.1250576858676896e-06,0.9952935930674076,0.0043777452723571895,24.915072,26,736,2176,9686,40603,1557192,3989,0.005888,0.017408,0.077488,0.013037249099661441
38,3.3645690317178654e-06,0.9952924910410086,0.004380693414195193,24.914096,26,804,2259,7725,41737,1557131,4033,0.006432,0.018072,0.0618,0.013401891041922612
39,3.471959910163462e-06,0.995295172758918,0.0043734408075514625,24.912896,26,789,2313,5912,42883,1557056,4076,0.006312,0.018504,0.047296,0.013770538760327182
40,3.140314353354071e-06,0.9952959579576969,0.004371276349369893,24.910208,26,800,2346,6097,44677,1556888,4089,0.0064,0.018768,0.048776,0.014348174049771081
41,3.1088707645414953e-06,0.9952976334811905,0.0043685806720191265,24.908608,26,812,2354,6559,45448,1556788,4098,0.006496,0.018832,0.052472,0.014596720940808897
42,3.4141022537669206e-06,0.9952969220073485,0.004369782484082615,24.907744,26,775,2218,7032,46259,1556734,4018,0.0062,0.017744,0.056256,0.014857708510252875
43,3.728052941839753e-06,0.9952960128907666,0.004371936142611968,24.906416,26,828,2324,6940,47223,1556651,4064,0.006624,0.018592,0.05552,0.015168139807831042
44,3.6274312108608427e-06,0.9952986556655252,0.004364183603146314,24.905888,26,814,2457,7181,48781,1556618,4177,0.006512,0.019656,0.057448,0.015668905280550528
45,3.172751393784675e-06,0.995299720905203,0.004361889231484656,24.905072,26,844,2504,6381,49563,1556567,4235,0.006752,0.020032,0.051048,0.01592061247604504
46,3.259258569280562e-06,0.9953022738573399,0.004359101870662895,24.904368,26,863,2576,7120,50313,1556523,4295,0.006904,0.020608,0.05696,0.016161984114593873
47,3.7845777708468633e-06,0.9953006811592118,0.004361648764148431,24.903536,26,849,2409,6460,51299,1556471,4206,0.006792,0.019272,0.05168,0.016479266237533496
48,4.084872370775323e-06,0.9953006177851168,0.004361080079689187,24.902736,26,910,2539,6488,52137,1556421,4281,0.00728,0.020312,0.051904,0.016749003001116022
49,3.914417593237961e-06,0.9953036977854092,0.004351673243536986,24.901952,26,860,2473,6083,53376,1556372,4169,0.00688,0.019784,0.048664,0.017147571403237787
50,3.3931081168664922e-06,0.9953047879885838,0.004350915289296206,24.90072,26,857,2576,5802,54735,1556295,4236,0.006856,0.020608,0.046416,0.017585033685772942
51,3.414214562415359e-06,0.9953065039820461,0.004350123524761848,24.899888,26,905,2652,5813,55543,1556243,4362,0.00724,0.021216,0.046504,0.017845220829908953
52,3.3606694604213464e-06,0.9953036927728874,0.0043543176026786656,24.8988,26,936,2725,6207,56043,1556175,4453,0.007488,0.0218,0.049656,0.018006650922936046
53,3.974890228751432e-06,0.9953005049393774,0.004359733332597596,24.897136,26,975,2575,6900,56531,1556071,4294,0.0078,0.0206,0.0552,0.018164659581728596
54,4.1720264379191e-06,0.9953033113010107,0.004352130506082516,24.896512,26,878,2627,6342,56967,1556032,4247,0.007024,0.021016,0.050736,0.018305214802780405
55,3.6617726797228367e-06,0.9953053238714803,0.004350144986911507,24.895984,26,883,2611,6135,57378,1555999,4192,0.007064,0.020888,0.04908,0.018437672517784394
56,3.753176992434885e-06,0.9953069495852136,0.004349030615907693,24.895504,26,868,2592,5993,57778,1555969,4181,0.006944,0.020736,0.047944,0.0185665652721873
57,3.8001687729521924e-06,0.9953063616158923,0.004351011201090853,24.895024,26,856,2640,6318,58201,1555939,4258,0.006848,0.02112,0.050544,0.01870285403219535
58,4.008837340983414e-06,0.9953031644081232,0.004356458921887322,24.894672,26,932,2660,6783,58661,1555917,4262,0.007456,0.02128,0.054264,0.01885094127771597
59,4.032051093455931e-06,0.9953041158464793,0.0043505561945960435,24.894048,26,893,2730,6556,59182,1555878,4272,0.007144,0.02184,0.052448,0.019018843379750853
60,3.648600633411527e-06,0.995305124375142,0.004350234147688138,24.89336,26,911,2792,6075,59567,1555835,4309,0.007288,0.022336,0.0486,0.019143096793683135
61,3.7123522228155783e-06,0.9953058238091755,0.004350013142914566,24.892832,26,963,2863,6110,59986,1555802,4432,0.007704,0.022904,0.04888,0.019278160074353935
62,3.6929746520315202e-06,0.9953040149357947,0.0043524157116982464,24.892384,26,987,3010,10273,60893,1555774,4594,0.007896,0.02408,0.082184,0.019570001812602603
63,3.9922215657527885e-06,0.9953021103396993,0.004356471566354428,24.891744,26,1009,2896,7167,61908,1555734,4443,0.008072,0.023168,0.057336,0.019896717562256788
64,4.166580392940162e-06,0.9953044688756156,0.004349396473336181,24.891168,26,924,2832,6655,62268,1555698,4289,0.007392,0.022656,0.05324,0.020012881677549242
65,3.919627990870544e-06,0.9953062121062883,0.00434905046510536,24.890816,26,936,2870,6014,62643,1555676,4289,0.007488,0.02296,0.048112,0.02013369107706232
66,4.1705992542975275e-06,0.9953067879729385,0.0043489098831114075,24.890512,26,911,2772,7027,63018,1555657,4196,0.007288,0.022176,0.056216,0.02025446483382905
67,4.397553308927216e-06,0.9953059064418067,0.004350954993511808,24.890064,26,865,2671,7126,63391,1555629,4099,0.00692,0.021368,0.057008,0.020374716593737966
68,4.620966634626098e-06,0.9953044751019633,0.004354219966297516,24.88976,26,955,2767,6884,63729,1555610,4186,0.00764,0.022136,0.055072,0.020483604502413846
69,4.542814999204455e-06,0.9953064485558607,0.004346425987269042,24.889456,26,917,2788,7208,63961,1555591,4167,0.007336,0.022304,0.057664,0.020558424418757888
70,3.701654686656133e-06,0.9953065500397589,0.004346162079225284,24.88912,26,926,2841,7014,64182,1555570,4209,0.007408,0.022728,0.056112,0.02062973700958491
71,3.3945058651296387e-06,0.9953071630681839,0.004347969681409585,24.888992,26,1008,3030,6176,64310,1555562,4481,0.008064,0.02424,0.049408,0.020670985791630292
72,3.3800949072902565e-06,0.9953050879570113,0.004352274174244763,24.888784,26,1033,3107,8460,64506,1555549,4612,0.008264,0.024856,0.06768,0.020734158808240692
73,3.7189485300315725e-06,0.9953004292149129,0.004359411623937167,24.888624,26,1075,2975,7998,64693,1555539,4501,0.0086,0.0238,0.063984,0.0207943998832559
74,3.659401166732577e-06,0.9953025898755175,0.004351521526318906,24.888304,26,969,2984,6790,64824,1555519,4411,0.007752,0.023872,0.05432,0.02083677537850711
75,3.1430290511184544e-06,0.9953041391926701,0.0043500144253192105,24.88808,26,943,2960,5839,64896,1555505,4336,0.007544,0.02368,0.046712,0.02086010652489063
76,3.4461244143125126e-06,0.9953078270996315,0.0043485704215226574,24.887824,26,966,2922,5960,65029,1555489,4380,0.007728,0.023376,0.04768,0.020903072924334406
77,3.6624901174746287e-06,0.9953063137916983,0.004351072703998646,24.887552,26,946,2821,6638,65156,1555472,4370,0.007568,0.022568,0.053104,0.020944124998714217
78,3.838742911467886e-06,0.9953020009561733,0.004357152445020265,24.887296,26,995,2902,6510,65289,1555456,4365,0.00796,0.023216,0.05208,0.020987093173963134
79,3.992053709439809e-06,0.9953041652334483,0.004349397879880322,24.887152,26,939,2892,7763,65385,1555447,4311,0.007512,0.023136,0.062104,0.021018073904157455
80,3.519882762791235e-06,0.9953053795360911,0.0043481809679790364,24.887024,26,929,2973,6728,65566,1555439,4366,0.007432,0.023784,0.053824,0.02107636493620129
81,3.574319894636892e-06,0.9953069469086744,0.0043483892584059046,24.886912,26,1005,2980,6733,65761,1555432,4459,0.00804,0.02384,0.053864,0.02113914333767082
82,3.87873264257716e-06,0.9953052422308787,0.004350994446563152,24.886576,26,976,2914,6601,65879,1555411,4432,0.007808,0.023312,0.052808,0.021177360839032256
83,4.131845668375305e-06,0.9953022685301807,0.004356333256412387,24.886368,26,1019,2938,6779,66015,1555398,4403,0.008152,0.023504,0.054232,0.02122125655298515
84,4.142058783433114e-06,0.9953052287488783,0.0043481027704829955,24.886128,26,921,2821,8082,66118,1555383,4221,0.007368,0.022568,0.064656,0.021254572025025346
85,3.278593011597246e-06,0.9953062822189226,0.004347505103175681,24.885872,26,955,2997,8134,66275,1555367,4393,0.00764,0.023976,0.065072,0.021305261073431545
86,3.2049395221481656e-06,0.9953068748447721,0.004349212089870924,24.885552,26,1075,3091,7011,66540,1555347,4596,0.0086,0.024728,0.056088,0.021390725027919815
87,3.6486188126764335e-06,0.9953037493547823,0.004354060732642191,24.88528,26,1059,3107,6568,66796,1555330,4636,0.008472,0.024856,0.052544,0.02147325647933236
88,3.953374208556994e-06,0.9953011153643269,0.004357987412464039,24.885216,26,1025,2959,7513,66994,1555326,4435,0.0082,0.023672,0.060104,0.02153696395482362
89,3.8036318764245815e-06,0.9953034594810893,0.004349740579573774,24.885024,26,901,2861,8214,67174,1555314,4226,0.007208,0.022888,0.065712,0.021594996251560777
90,3.251787117109591e-06,0.9953059488703817,0.004348701002229256,24.884848,26,915,2957,6285,67362,1555303,4325,0.00732,0.023656,0.05028,0.02165558736786337
91,3.5229250698277316e-06,0.9953067018469559,0.00434951141882087,24.884352,26,996,2949,6165,67566,1555272,4420,0.007968,0.023592,0.04932,0.02172160239495085
92,3.882518152036017e-06,0.995303948564039,0.004353502005584035,24.883984,26,972,2884,8662,67689,1555249,4395,0.007776,0.023072,0.069296,0.021761467134844645
93,4.272854808914157e-06,0.9953022080547753,0.004355867851974993,24.883792,26,995,2833,7322,67833,1555237,4285,0.00796,0.022664,0.058576,0.021807930238285225
94,4.010960415462534e-06,0.9953051935144002,0.004346356772502544,24.883664,26,933,2843,7216,67944,1555229,4244,0.007464,0.022744,0.057728,0.021843728479857306
95,3.25225513223196e-06,0.9953061103648678,0.004346305470342788,24.88352,26,936,2974,6273,68097,1555220,4343,0.007488,0.023792,0.050184,0.021893044070935303
96,3.2321532609400097e-06,0.9953074131191976,0.0043482768859280626,24.883392,26,1062,3104,6273,68322,1555212,4605,0.008496,0.024832,0.050184,0.02196549409340977
97,3.4026922242413737e-06,0.9953034412260987,0.004354245582545065,24.883264,26,1079,3106,7185,68454,1555204,4649,0.008632,0.024848,0.05748,0.022008045246797205
98,3.804205196456176e-06,0.9953003644484766,0.004359515682808018,24.883024,26,1125,2970,7345,68657,1555189,4534,0.009,0.02376,0.05876,0.022073522896573987
99,3.7796481367974217e-06,0.9953034783563613,0.00435002682420466,24.8828,26,972,2962,7479,68789,1555175,4391,0.007776,0.023696,0.059832,0.0221161605607086
100,3.2216932053903893e-06,0.9953049226642712,0.0043485532013303255,24.882752,26,954,2960,5704,68888,1555172,4354,0.007632,0.02368,0.045632,0.022148032500585144
101,3.368659865456806e-06,0.9953073884279818,0.004347798583111669,24.882688,26,991,2930,6074,69076,1555168,4396,0.007928,0.02344,0.048592,0.022208533097388836
102,3.5808401416179706e-06,0.9953051550383528,0.004351850693633332,24.88248,26,979,2816,6512,69199,1555155,4375,0.007832,0.022528,0.052096,0.02224826464243114
103,3.924616538456162e-06,0.995302204630394,0.004356823931119461,24.88224,26,993,2871,6944,69346,1555140,4321,0.007944,0.022968,0.055552,0.022295741862468976
104,4.125591679712323e-06,0.9953038665353102,0.00435036959775612,24.88224,26,932,2837,6679,69448,1555140,4242,0.007456,0.022696,0.053432,0.022328536337564462
105,3.715174812848518e-06,0.9953053744946637,0.004348701566392703,24.882048,26,912,2913,5917,69639,1555128,4262,0.007296,0.023304,0.047336,0.02239011836967761
106,3.563901351931593e-06,0.9953079312319162,0.004346883877788627,24.882,26,978,3020,7701,69777,1555125,4460,0.007824,0.02416,0.061608,0.022434530986255124
107,3.4708253987237146e-06,0.9953053147733963,0.004350074009141117,24.881472,26,1000,3067,8287,69876,1555092,4559,0.008,0.024536,0.066296,0.022466837974859367
108,3.642482793524074e-06,0.9953023363122308,0.004355336444568024,24.881424,26,1051,3001,10307,70038,1555089,4491,0.008408,0.024008,0.082456,0.022518968367726863
109,3.666809405250397e-06,0.9953044258238313,0.00434966865569125,24.88112,26,977,3026,7657,70159,1555070,4462,0.007816,0.024208,0.061256,0.022558148507784214
110,3.220751700447091e-06,0.9953040655850512,0.004350715067328952,24.88112,26,970,3050,7655,70277,1555070,4459,0.00776,0.0244,0.06124,0.022596088922042096
111,3.4896372070699844e-06,0.995306170213843,0.004350046980294432,24.881056,26,1014,2929,8622,70410,1555066,4404,0.008112,0.023432,0.068976,0.022638910502833964
112,3.57837448838197e-06,0.9953047832157313,0.00435096585536118,24.8808,26,945,2830,7101,70563,1555050,4364,0.00756,0.02264,0.056808,0.022688337995562843
113,3.5729477692097636e-06,0.9953020936284888,0.004355940050868115,24.880608,26,1003,2986,7057,70671,1555038,4439,0.008024,0.023888,0.056456,0.022723238917634166
114,3.850391164130851e-06,0.9953051151021775,0.004349293718183983,24.88056,26,943,2963,6625,70737,1555035,4373,0.007544,0.023704,0.053,0.022744504142993567
115,3.4247117496565316e-06,0.9953048936684882,0.0043493740149752585,24.88056,26,953,2952,6745,70827,1555035,4363,0.007624,0.023616,0.05396,0.022773442398402607
116,3.2626602846663206e-06,0.9953068766581568,0.0043485045473426525,24.880544,26,1032,3005,6016,70940,1555034,4494,0.008256,0.02404,0.048128,0.022809790654095025
117,3.6276032523241597e-06,0.995304624555629,0.00435148242406007,24.880544,26,1001,2855,6795,71101,1555034,4423,0.008008,0.02284,0.05436,0.02286155801095024
118,3.8005806409181394e-06,0.9953021976191508,0.004355714389387806,24.880544,26,1012,2938,6201,71192,1555034,4390,0.008096,0.023504,0.049608,0.022890817821346672
119,3.70731225953675e-06,0.9953048188694512,0.00434962843173938,24.880544,26,973,2973,6220,71330,1555034,4403,0.007784,0.023784,0.04976,0.02293518984150829
120,3.395775068689774e-06,0.9953044641872052,0.004349737211998669,24.880496,26,977,2993,6712,71409,1555031,4420,0.007816,0.023944,0.053696,0.022960635511446396
121,3.4634158636815102e-06,0.9953063753544918,0.0043486920832630106,24.880496,26,1002,2875,5857,71571,1555031,4344,0.008016,0.023,0.046856,0.023012724505170636
122,3.4604970475849e-06,0.9953049819121824,0.0043508868840011275,24.880448,26,936,2810,7477,71697,1555028,4325,0.007488,0.02248,0.059816,0.023053282641855966
123,3.87140267685418e-06,0.9953026405401123,0.004356303564712562,24.880368,26,1011,2965,6878,71823,1555023,4424,0.008088,0.02372,0.055024,0.02309387063728318
124,4.066558777102298e-06,0.9953046303517958,0.004350150512362517,24.880368,26,958,2984,6436,71934,1555023,4402,0.007664,0.023872,0.051488,0.023129561427708785
125,3.661572612192972e-06,0.9953046282948549,0.00434925373248482,24.880368,26,952,2972,6630,72024,1555023,4371,0.007616,0.023776,0.05304,0.02315849990643225
126,3.5841407496975414e-06,0.9953072111120677,0.004346749490609785,24.880368,26,982,3025,7255,72131,1555023,4470,0.007856,0.0242,0.05804,0.023192904542247927
127,3.587497352272341e-06,0.9953051400030785,0.004349988527804604,24.880288,26,972,3072,7227,72269,1555018,4536,0.007776,0.024576,0.057816,0.023237351593357762
128,3.7504789706848343e-06,0.995303288960286,0.0043550370606284475,24.88024,26,1025,3012,7699,72404,1555015,4479,0.0082,0.024096,0.061592,0.023280804365231205
129,3.7562690612088176e-06,0.9953041339319872,0.0043499710972024035,24.88024,26,986,3004,6796,72471,1555015,4449,0.007888,0.024032,0.054368,0.02330234756577911
130,3.2919031310357073e-06,0.9953037852283461,0.004349975978072198,24.88024,26,1008,3037,6359,72606,1555015,4479,0.008064,0.024296,0.050872,0.0233457555071816
131,3.395467491033521e-06,0.9953066800985799,0.004348104343633556,24.88024,26,1022,2939,6974,72681,1555015,4421,0.008176,0.023512,0.055792,0.02336987103018299
132,3.5084779317610647e-06,0.9953046687905558,0.00435126532548962,24.88024,26,977,2832,6652,72783,1555015,4383,0.007816,0.022656,0.053216,0.023402668141464873
133,3.5018113557613423e-06,0.9953015539913878,0.004356788600539294,24.88024,26,1017,2992,6090,72888,1555015,4451,0.008136,0.023936,0.04872,0.023436429873666814
134,3.692765804668219e-06,0.99530352617269,0.004352111642739043,24.88024,26,950,2948,5847,73038,1555015,4365,0.0076,0.023584,0.046776,0.023484660919669584
135,3.458005876355083e-06,0.9953040028475081,0.004351651800558215,24.88024,26,954,2990,6135,73183,1555015,4388,0.007632,0.02392,0.04908,0.023531284264138932
136,3.43920702896815e-06,0.9953071692942055,0.004347823891272698,24.88024,26,999,2972,7598,73254,1555015,4436,0.007992,0.023776,0.060784,0.023554113625913576
137,3.718493912627705e-06,0.9953053881872115,0.004350588595461799,24.880112,26,983,2813,8976,73343,1555007,4365,0.007864,0.022504,0.071808,0.023582852038608187
138,4.0869544143178745e-06,0.9953032636727231,0.00435400721495821,24.879952,26,1006,2909,7211,73406,1554997,4367,0.008048,0.023272,0.057688,0.023603260970921486
139,3.9705238736202035e-06,0.9953052258953098,0.004347607117085663,24.879792,26,931,2880,6999,73472,1554987,4274,0.007448,0.02304,0.055992,0.02362463480402087
140,3.5612562759925485e-06,0.9953056393352323,0.004349154154538882,24.879792,26,934,2881,6166,73628,1554987,4249,0.007472,0.023048,0.049328,0.02367479599507906
141,3.443929633783942e-06,0.9953072211774227,0.004347788185105634,24.87968,26,973,3009,7029,73766,1554980,4459,0.007784,0.024072,0.056232,0.023719276132168902
142,3.3438984452128548e-06,0.9953046677990909,0.004352717902470746,24.87968,26,1041,3104,6856,73899,1554980,4616,0.008328,0.024832,0.054848,0.023762041955523543
143,3.882650371450309e-06,0.9953020063777905,0.004357146622723962,24.87968,26,1100,2979,7138,74010,1554980,4515,0.0088,0.023832,0.057104,0.023797733732909748
144,3.9354273189925115e-06,0.9953026777056585,0.004350101231139303,24.8796,26,962,2953,7498,74103,1554975,4378,0.007696,0.023624,0.059984,0.02382771427193363
145,3.317952286626557e-06,0.9953053973732281,0.004348399331336641,24.879536,26,954,2984,6116,74304,1554971,4371,0.007632,0.023872,0.048928,0.023892406996657817
146,3.6275496132049005e-06,0.9953072435133635,0.0043482763651520075,24.879536,26,976,2872,6270,74598,1554971,4318,0.007808,0.022976,0.05016,0.02398694252175764
147,3.59191849487843e-06,0.9953043780166095,0.004351375926174744,24.879424,26,952,2919,6268,74721,1554964,4421,0.007616,0.023352,0.050144,0.0240266012589359
148,3.7105420246833e-06,0.9953027480339501,0.004355936446100224,24.879376,26,997,2925,7051,74813,1554961,4375,0.007976,0.0234,0.056408,0.024056230349185605
149,3.867558376927189e-06,0.9953045604655936,0.004349887995907689,24.879184,26,955,2962,6573,74923,1554949,4382,0.00764,0.023696,0.052584,0.024091786933204882
150,3.3301307882825956e-06,0.9953046098804045,0.004348988729131928,24.879072,26,975,3048,5979,75009,1554942,4459,0.0078,0.024384,0.047832,0.02411954915360187
151,3.3816718806080233e-06,0.9953072380735813,0.0043480407284890495,24.878928,26,1015,2947,5864,75064,1554933,4436,0.00812,0.023576,0.046912,0.02413737440777191
152,3.710160768116205e-06,0.9953049859450889,0.004351309046478846,24.878928,26,988,2823,7161,75099,1554933,4387,0.007904,0.022584,0.057288,0.024148628911985274
153,3.7624513500122255e-06,0.995302121291036,0.00435564832388321,24.878928,26,1029,3030,7122,75148,1554933,4497,0.008232,0.02424,0.056976,0.024164385217883985
154,3.9022850405892036e-06,0.9953050194762189,0.004349306706393432,24.878928,26,951,2920,7170,75196,1554933,4326,0.007608,0.02336,0.05736,0.024179819966519456
155,3.4390593104056557e-06,0.9953049408813277,0.004348561567241052,24.87888,26,953,2952,6530,75263,1554930,4351,0.007624,0.023616,0.05224,0.024201410995993388
156,3.3744708849578108e-06,0.9953069101476641,0.004348191746285382,24.87888,26,1013,2957,6311,75325,1554930,4429,0.008104,0.023656,0.050488,0.024221347584778737
157,3.676859600466094e-06,0.9953054073255253,0.004350739717391607,24.87888,26,949,2800,7801,75424,1554930,4329,0.007592,0.0224,0.062408,0.024253181815258564
158,3.840464028810178e-06,0.9953028820133918,0.004355291629521682,24.878816,26,996,2917,7326,75482,1554926,4380,0.007968,0.023336,0.058608,0.024271894611061877
159,3.740614465660507e-06,0.9953043692033435,0.0043492548301059565,24.878624,26,954,2932,6386,75566,1554914,4348,0.007632,0.023456,0.051088,0.02429909306881281
160,3.3097572881623416e-06,0.9953050389656702,0.004349018699337557,24.878432,26,950,3003,6516,75639,1554902,4388,0.0076,0.024024,0.052128,0.024322754745958266
161,3.4780726987533037e-06,0.9953066815399919,0.004348419335756758,24.878384,26,1028,2939,6595,75724,1554899,4440,0.008224,0.023512,0.05276,0.02435013463897012
162,3.553644456235764e-06,0.9953049279296547,0.004351034810840264,24.878384,26,948,2901,7454,75757,1554899,4387,0.007584,0.023208,0.059632,0.0243607462606896
163,3.6988838121229905e-06,0.9953023921994792,0.004356050598671401,24.878304,26,997,2912,7052,75804,1554894,4361,0.007976,0.023296,0.056416,0.0243759381668461
164,3.8101477859527407e-06,0.9953044312572521,0.0043501258102830835,24.878304,26,954,2979,7052,75846,1554894,4398,0.007632,0.023832,0.056416,0.024389443910646
165,3.3688919330743546e-06,0.9953048922556073,0.004348786433714004,24.878224,26,980,3033,6542,75923,1554889,4451,0.00784,0.024264,0.052336,0.024414282948814994
166,3.399434520849875e-06,0.99530646762951,0.0043478322988698016,24.878224,26,1023,2964,5941,75955,1554889,4456,0.008184,0.023712,0.047528,0.024424573072418673
167,3.646512313721549e-06,0.9953052928404515,0.004350642620512517,24.878112,26,981,2842,7042,75986,1554882,4387,0.007848,0.022736,0.056336,0.0244346516327284
168,3.7884246440549987e-06,0.9953032073845246,0.004354603680169093,24.878064,26,992,2956,7054,76020,1554879,4401,0.007936,0.023648,0.056432,0.024445632103848595
169,3.862731628949709e-06,0.9953059069142981,0.004348249386145395,24.878064,26,940,2903,7288,76045,1554879,4308,0.00752,0.023224,0.058304,0.024453671314616763
170,3.459763332499903e-06,0.9953049252922305,0.004348551663859695,24.878064,26,946,2912,7172,76069,1554879,4301,0.007568,0.023296,0.057376,0.024461388956954207
171,3.444246648826765e-06,0.9953071125951116,0.004347795989458933,24.878064,26,977,2916,7135,76094,1554879,4365,0.007816,0.023328,0.05708,0.024469428167722376
172,3.5694979272299035e-06,0.9953054623177399,0.004350888926521392,24.878064,26,964,2812,7507,76117,1554879,4348,0.007712,0.022496,0.060056,0.024476824241629093
173,3.636597208728564e-06,0.9953026709646038,0.004355319832892916,24.878,26,1031,2930,6721,76172,1554875,4402,0.008248,0.02344,0.053768,0.024494573518771604
174,3.5342574259226376e-06,0.995304260068136,0.00434965313514087,24.878,26,987,3007,7277,76217,1554875,4451,0.007896,0.024056,0.058216,0.02450904413538066
175,3.112034272523321e-06,0.9953039421403688,0.00434985106499031,24.878,26,980,2976,6691,76241,1554875,4423,0.00784,0.023808,0.053528,0.024516761797572152
176,3.283227933572384e-06,0.9953058099792679,0.00435028635693472,24.878,26,1027,2939,6694,76260,1554875,4461,0.008216,0.023512,0.053552,0.024522871613473753
177,3.598858745345231e-06,0.9953057545520259,0.004351005774416835,24.878,26,973,2813,7076,76323,1554875,4371,0.007784,0.022504,0.056608,0.024543130476726426
178,3.703130975047139e-06,0.995302663239798,0.00435525100792171,24.878,26,974,2892,7727,76364,1554875,4331,0.007792,0.023136,0.061816,0.024556314816303562
179,3.905368537268079e-06,0.995304341217805,0.004350217765626747,24.878,26,960,2957,6686,76407,1554875,4378,0.00768,0.023656,0.053488,0.024570142294396656
180,3.7085531442496365e-06,0.9953050747805692,0.004348603926843947,24.877936,26,929,2895,6950,76463,1554871,4306,0.007432,0.02316,0.0556,0.02458821342735185
181,3.7197998951732404e-06,0.995307060926646,0.004347933999525483,24.877936,26,943,2847,6631,76497,1554871,4261,0.007544,0.022776,0.053048,0.024599146810249852
182,3.8415258748260215e-06,0.9953057399869645,0.004349347783856418,24.877936,26,935,2784,6903,76506,1554871,4308,0.00748,0.022272,0.055224,0.02460204094101697
183,3.981170815938032e-06,0.9953037138032188,0.004354066510640061,24.877936,26,998,2925,6133,76553,1554871,4369,0.007984,0.0234,0.049064,0.024617154735023034
184,3.982529887212586e-06,0.9953052817752222,0.0043487949960757865,24.877936,26,938,2902,7219,76578,1554871,4308,0.007504,0.023216,0.057752,0.024625193987153918
185,3.5445907512130562e-06,0.9953052165061058,0.0043490703098537364,24.877936,26,949,2948,6288,76626,1554871,4339,0.007592,0.023584,0.050304,0.024640629351245214
186,3.332427663809443e-06,0.9953052378132521,0.004349392907946881,24.877936,26,1021,3083,6341,76689,1554871,4542,0.008168,0.024664,0.050728,0.024660888266615045
187,3.4237788644886166e-06,0.99530399682658,0.00435249107461053,24.877936,26,1051,3083,6936,76736,1554871,4602,0.008408,0.024664,0.055488,0.024676002060621108
188,3.789202429948818e-06,0.9953021042834981,0.004355733049437018,24.877936,26,1066,2962,7050,76762,1554871,4478,0.008528,0.023696,0.0564,0.024684362882837225
189,3.6345816812688587e-06,0.9953043829173442,0.0043491381558695445,24.877936,26,985,3006,6923,76797,1554871,4450,0.00788,0.024048,0.055384,0.024695617835820464
190,3.241632012545495e-06,0.99530499771158,0.004348769578948684,24.877936,26,969,2964,5896,76822,1554871,4370,0.007752,0.023712,0.047168,0.024703657087951348
191,3.406159175458114e-06,0.9953075357574138,0.004347570226020532,24.877936,26,991,2934,6564,76868,1554871,4388,0.007928,0.023472,0.052512,0.024718449311872174
192,3.4401710539429065e-06,0.9953055567892277,0.0043510172387936415,24.877936,26,946,2836,7053,76909,1554871,4351,0.007568,0.022688,0.056424,0.024731633685366825
193,3.7257983462380032e-06,0.9953020404597318,0.004357307525338571,24.877936,26,997,2900,6310,76940,1554871,4349,0.007976,0.0232,0.05048,0.02474160235800912
194,4.015481949494467e-06,0.9953043812321544,0.0043506202577850185,24.877936,26,946,2934,6305,76969,1554871,4337,0.007568,0.023472,0.05044,0.02475092789048095
195,3.61232359820161e-06,0.9953044623014737,0.004349260834892502,24.877904,26,944,2936,6632,77045,1554869,4315,0.007552,0.023488,0.053056,0.024775399085067616
196,3.611507447203007e-06,0.9953082931527202,0.004346179570036565,24.87784,26,968,2899,6071,77080,1554865,4330,0.007744,0.023192,0.048568,0.02478671781794561
197,3.718576006559879e-06,0.9953062353183881,0.004348772818489661,24.877792,26,930,2794,6926,77111,1554862,4310,0.00744,0.022352,0.055408,0.024796734372568113
198,3.7434474666386493e-06,0.9953031827188609,0.004355012043054236,24.877792,26,1013,2961,6629,77135,1554862,4416,0.008104,0.023688,0.053032,0.024804452099285983
199,3.8377366619670325e-06,0.9953044846879446,0.004349732891779507,24.877792,26,963,3005,7324,77180,1554862,4442,0.007704,0.02404,0.058592,0.024818922836881988
200,3.4218495103067558e-06,0.9953033673368997,0.004350051025381873,24.877792,26,976,2969,7860,77203,1554862,4383,0.007808,0.023752,0.06288,0.024826318991653277
201,3.337390099324524e-06,0.995306058271952,0.004348254091353241,24.877792,26,1032,2980,6487,77245,1554862,4470,0.008256,0.02384,0.051896,0.02483982501340955
202,3.6127230517207357e-06,0.995305434029985,0.004350510715820794,24.877792,26,980,2820,9971,77293,1554862,4375,0.00784,0.02256,0.079768,0.02485526046684529
203,3.701201530461019e-06,0.9953025955984629,0.004355097662668991,24.877792,26,1013,2966,8266,77342,1554862,4439,0.008104,0.023728,0.066128,0.024871017492227605
204,3.714976130753541e-06,0.9953043868541384,0.004349808304155913,24.877792,26,982,3035,7020,77396,1554862,4474,0.007856,0.02428,0.05616,0.024888382377342814
205,3.535656803036756e-06,0.9953042088795703,0.004350009503373847,24.877792,26,985,3006,7058,77456,1554862,4424,0.00788,0.024048,0.056464,0.024907676694137487
206,3.5360989107467802e-06,0.9953067178666161,0.004347035158218707,24.877792,26,980,2941,9296,77490,1554862,4386,0.00784,0.023528,0.074368,0.024918610140321134
207,3.559977320206867e-06,0.9953066793323657,0.004348813184395909,24.877792,26,933,2790,7501,77578,1554862,4301,0.007464,0.02232,0.060008,0.02494690847161999
208,3.862997033711642e-06,0.9953037888566593,0.004354215869846803,24.877792,26,989,2898,7159,77642,1554862,4341,0.007912,0.023184,0.057272,0.024967489076200975
209,3.869428165149775e-06,0.9953047969395891,0.004348988153107311,24.877792,26,954,2993,6935,77812,1554862,4417,0.007632,0.023944,0.05548,0.025022156307119216
210,3.482525578351388e-06,0.9953041027146948,0.004349962018779086,24.877792,26,966,2978,7276,77870,1554862,4385,0.007728,0.023824,0.058208,0.025040807480020733
211,3.426467699912341e-06,0.9953062434955344,0.004347441017047193,24.877792,26,984,3024,6503,77919,1554862,4469,0.007872,0.024192,0.052024,0.025056564505403053
212,3.348962075511177e-06,0.9953056583348369,0.004349719083278547,24.877792,26,1004,3046,7871,77991,1554862,4542,0.008032,0.024368,0.062968,0.02507971768555666
213,3.7387175933278027e-06,0.9953021965748875,0.00435601455294541,24.877792,26,1055,2984,7950,78046,1554862,4475,0.00844,0.023872,0.0636,0.025097404142618445
214,3.8099627105876033e-06,0.9953040739970249,0.004349899666712985,24.877792,26,980,2985,7477,78083,1554862,4432,0.00784,0.02388,0.059816,0.025109302304641826
215,3.3590230039437925e-06,0.9953038634057143,0.004350032716402604,24.877792,26,983,2970,6456,78126,1554862,4398,0.007864,0.02376,0.051648,0.025123129898344677
216,3.5419572101823786e-06,0.9953070205114823,0.004347497495970505,24.877792,26,994,2885,6981,78178,1554862,4345,0.007952,0.02308,0.055848,0.025139851639566727
217,3.4721798407792658e-06,0.9953059442861134,0.0043491733590589575,24.877792,26,914,2810,7703,78215,1554862,4310,0.007312,0.02248,0.061624,0.025151749801590108
218,3.6959005690964435e-06,0.9953035894920482,0.004355757920598225,24.877792,26,990,2927,7766,78221,1554862,4367,0.00792,0.023416,0.062128,0.025153679233269575
219,4.077131770633507e-06,0.9953053705688507,0.00434972750191042,24.877792,26,943,2937,6862,78229,1554862,4361,0.007544,0.023496,0.054896,0.0251562518088422
220,3.579455878308172e-06,0.9953036184053351,0.004349982617798975,24.877792,26,991,2956,6629,78249,1554862,4384,0.007928,0.023648,0.053032,0.025162683247773758
221,3.492656749080685e-06,0.9953064671830896,0.004346530144727095,24.877792,26,963,2885,7167,78282,1554862,4319,0.007704,0.02308,0.057336,0.025173295122010827
222,3.516486737961013e-06,0.9953053960572288,0.004348940544880453,24.877792,26,925,2808,7376,78297,1554862,4313,0.0074,0.022464,0.059008,0.025178118701209496
223,3.6781573905225113e-06,0.9953029249047595,0.004355649355445683,24.877792,26,1010,2964,6710,78332,1554862,4413,0.00808,0.023712,0.05368,0.025189373719339724
224,3.936799416477505e-06,0.9953049003983129,0.00434989467584215,24.877792,26,974,2990,7532,78360,1554862,4443,0.007792,0.02392,0.060256,0.025198377733843903
225,3.6088818194602215e-06,0.9953044413929372,0.004349506849203442,24.877792,26,982,2920,7162,78369,1554862,4344,0.007856,0.02336,0.057296,0.025201271881363105
226,3.459733134054815e-06,0.9953068712156284,0.004346386122668966,24.877792,26,969,2907,7758,78382,1554862,4339,0.007752,0.023256,0.062064,0.025205452316668618
227,3.5733177168038436e-06,0.9953061498675296,0.0043488645480902945,24.877792,26,897,2755,7432,78399,1554862,4236,0.007176,0.02204,0.059456,0.025210919039760443
228,3.7381442792504203e-06,0.9953033416168956,0.0043552762883862705,24.877792,26,994,2925,8102,78412,1554862,4369,0.007952,0.0234,0.064816,0.025215099475065953
229,3.862154270430125e-06,0.9953041587114784,0.00435018969606824,24.877792,26,964,2962,7052,78427,1554862,4401,0.007712,0.023696,0.056416,0.025219923054264622
230,3.501926955017006e-06,0.9953036588681474,0.004349909256049808,24.877792,26,979,2942,6975,78438,1554862,4359,0.007832,0.023536,0.0558,0.02522346034567698
231,3.467133187688535e-06,0.9953068795638242,0.00434666201130124,24.877792,26,970,2949,6735,78448,1554862,4379,0.00776,0.023592,0.05388,0.02522667606514276
232,3.5509165019889167e-06,0.9953066755856401,0.004348404019195781,24.877792,26,909,2772,8658,78469,1554862,4267,0.007272,0.022176,0.069264,0.025233429076020896
233,3.6812938869413355e-06,0.9953037506889455,0.0043546963932313285,24.877792,26,973,2948,7855,78510,1554862,4363,0.007784,0.023584,0.06284,0.02524661352583059
234,3.839991897227408e-06,0.995304548661207,0.00435000027729084,24.877792,26,961,2983,7249,78539,1554862,4409,0.007688,0.023864,0.057992,0.025255939112281345
235,3.574465559136408e-06,0.9953041389492763,0.004349351685037513,24.877792,26,973,2946,7309,78595,1554862,4366,0.007784,0.023568,0.058472,0.02527394714128971
236,3.5692687081654423e-06,0.9953070539478313,0.004346404447840446,24.877792,26,959,2869,8008,78654,1554862,4293,0.007672,0.022952,0.064064,0.025292919886137806
237,3.6102848312770676e-06,0.9953061862701361,0.004348791389907543,24.877792,26,907,2758,7335,78707,1554862,4253,0.007256,0.022064,0.05868,0.025309963199306434
238,3.794067468041257e-06,0.9953037055458002,0.00435453813990967,24.877792,26,980,2897,7989,78734,1554862,4329,0.00784,0.023176,0.063912,0.02531864564186404
239,3.94543177914735e-06,0.9953045678967746,0.004349813210344064,24.877792,26,967,2956,7574,78793,1554862,4392,0.007736,0.023648,0.060592,0.025337618386712134
240,3.631162063954417e-06,0.9953038844688784,0.004349706466985743,24.877792,26,981,2925,7078,78869,1554862,4347,0.007848,0.0234,0.056624,0.025362057854652054
241,3.583568939243555e-06,0.995306935915269,0.004346833743600564,24.877792,26,955,2866,7196,78913,1554862,4287,0.00764,0.022928,0.057568,0.02537620702030148
242,3.468769844222549e-06,0.9953057806327372,0.004348903543431007,24.877792,26,930,2810,7610,78952,1554862,4317,0.00744,0.02248,0.06088,0.025388748326218017
243,3.5877911455900577e-06,0.9953035762505054,0.004354909065751177,24.877792,26,1009,2990,6774,79033,1554862,4437,0.008072,0.02392,0.054192,0.025414795653890827
244,3.7822336533877594e-06,0.9953044517380071,0.004350133701290661,24.877792,26,983,3017,8526,79040,1554862,4462,0.007864,0.024136,0.068208,0.025417046657516873
245,3.5208545856637557e-06,0.9953033721136091,0.004350527805495633,24.877792,26,1003,2980,7291,79076,1554862,4424,0.008024,0.02384,0.058328,0.025428623247593676
246,3.483512302852281e-06,0.995306107865019,0.004347328164802258,24.877792,26,1010,2980,6770,79136,1554862,4446,0.00808,0.02384,0.05416,0.025447917564388352
247,3.523124045674225e-06,0.9953054768503441,0.004348948955359703,24.877792,26,909,2752,8958,79190,1554862,4244,0.007272,0.022016,0.071664,0.025465282449503558
248,3.6171308970374844e-06,0.9953040431915717,0.004354093734937133,24.877792,26,972,2901,8547,79238,1554862,4328,0.007776,0.023208,0.068376,0.025480717902939296
249,3.7173283992421186e-06,0.995305125538031,0.0043497081848119295,24.877792,26,942,2958,6915,79278,1554862,4380,0.007536,0.023664,0.05532,0.02549358078080241
250,3.393120409896336e-06,0.9953040498105841,0.004350841071148216,24.877792,26,979,3004,6860,79289,1554862,4415,0.007832,0.024032,0.05488,0.025497118072214768
251,3.687089310291012e-06,0.9953067031326766,0.004347980485673121,24.877792,26,979,2843,7004,79313,1554862,4297,0.007832,0.022744,0.056032,0.02550483579893264
252,3.656078951617759e-06,0.9953052521070601,0.0043492313332934955,24.877792,26,908,2781,8400,79370,1554862,4278,0.007264,0.022248,0.0672,0.02552316539988758
253,3.7317924459298224e-06,0.9953035171761089,0.004353898085683976,24.877792,26,957,2907,6992,79441,1554862,4319,0.007656,0.023256,0.055936,0.02554599700809461
254,3.90977167913509e-06,0.9953055553084822,0.004348719060152729,24.877792,26,948,2990,7104,79488,1554862,4411,0.007584,0.02392,0.056832,0.02556111088958377
255,3.611688446594752e-06,0.9953041152188268,0.004349750939924737,24.877792,26,977,2976,6971,79549,1554862,4387,0.007816,0.023808,0.055768,0.02558072677832502
256,3.684107416341491e-06,0.9953067887647344,0.004347357092335051,24.877792,26,991,2887,6732,79595,1554862,4343,0.007928,0.023096,0.053856,0.025595519087867606
257,3.681039480149884e-06,0.9953054161687931,0.0043488234683492465,24.877792,26,944,2785,8026,79663,1554862,4308,0.007552,0.02228,0.064208,0.025617385980234903
258,3.701386015377074e-06,0.9953029433462033,0.004354588792117344,24.877792,26,1017,2954,8192,79742,1554862,4411,0.008136,0.023632,0.065536,0.025642790164014554
259,3.878261522528783e-06,0.9953037986746133,0.004350202251864512,24.877792,26,968,2982,7483,79786,1554862,4417,0.007744,0.023856,0.059864,0.025656939329663984
260,3.45295125239401e-06,0.9953034248732853,0.004349969600828478,24.877792,26,978,2962,6958,79823,1554862,4384,0.007824,0.023696,0.055664,0.025668837491687364
261,3.408661587988755e-06,0.9953057841416928,0.00434875071658238,24.877792,26,986,2972,6446,79856,1554862,4419,0.007888,0.023776,0.051568,0.025679449365924437
262,3.704975487722321e-06,0.9953063676188352,0.00434998746146547,24.877792,26,953,2798,7879,79911,1554862,4328,0.007624,0.022384,0.063032,0.02569713582298622
263,3.794769582535924e-06,0.9953032407057506,0.004354215116017746,24.877792,26,996,2929,6945,79941,1554862,4376,0.007968,0.023432,0.05556,0.025706782981383555
264,3.7858142950354963e-06,0.9953041816245831,0.004349608386727741,24.877792,26,978,3006,6970,79969,1554862,4437,0.007824,0.024048,0.05576,0.025715786995887738
265,3.458278346051571e-06,0.995305013760038,0.004348259940704609,24.877792,26,980,3018,6682,80001,1554862,4430,0.00784,0.024144,0.053456,0.025726077298178232
266,3.3402552061334733e-06,0.9953058592561446,0.004347902159907971,24.877792,26,996,2966,6364,80039,1554862,4425,0.007968,0.023728,0.050912,0.02573829703214819
267,3.4893080587567765e-06,0.9953052407994133,0.0043504086124333445,24.877792,26,990,2835,6682,80083,1554862,4398,0.00792,0.02268,0.053456,0.025752446197797617
268,3.850396642844396e-06,0.9953032338241022,0.004354553616926643,24.877792,26,1006,2933,7310,80151,1554862,4386,0.008048,0.023464,0.05848,0.025774313090164914
269,3.816241240735404e-06,0.9953047782051802,0.004349216139595352,24.877792,26,940,2922,8138,80208,1554862,4328,0.00752,0.023376,0.065104,0.025792642691119853
270,3.4971582006108295e-06,0.9953053047587234,0.004349196679377834,24.877792,26,942,2957,6586,80266,1554862,4350,0.007536,0.023656,0.052688,0.025811293864021374
271,3.4995888614967633e-06,0.9953067037553551,0.004347755165999706,24.877792,26,973,2996,6452,80322,1554862,4436,0.007784,0.023968,0.051616,0.025829301893029736
272,3.5013931152191822e-06,0.9953051930343821,0.004350309017294921,24.877792,26,944,2949,7605,80354,1554862,4397,0.007552,0.023592,0.06084,0.025839592195320227
273,3.8961825166330866e-06,0.9953034568658903,0.004354624877276651,24.877792,26,965,2893,8936,80443,1554862,4306,0.00772,0.023144,0.071488,0.02586821209856566
274,3.930606093115698e-06,0.9953054844100291,0.004348159787825537,24.877792,26,915,2908,7342,80451,1554862,4288,0.00732,0.023264,0.058736,0.025870784674138284
275,3.3691515161104376e-06,0.9953058602434404,0.004348152508491246,24.877792,26,945,2927,6544,80476,1554862,4307,0.00756,0.023416,0.052352,0.02587882397280273
276,3.456220150546338e-06,0.9953067482995083,0.004348349747155105,24.877792,26,1005,2947,6299,80515,1554862,4416,0.00804,0.023576,0.050392,0.02589136527871927
277,3.5373184296152778e-06,0.9953040649840784,0.004351744870391818,24.877792,26,1007,3000,6697,80590,1554862,4505,0.008056,0.024,0.053576,0.025915483174712612
278,3.7687997765336497e-06,0.9953007279486915,0.004357054059321981,24.877792,26,1061,2980,6933,80628,1554862,4479,0.008488,0.02384,0.055464,0.02592770290868257
279,3.8320601019844845e-06,0.9953043462779789,0.004348746742597267,24.877792,26,957,2972,8457,80669,1554862,4390,0.007656,0.023776,0.067656,0.025940887358492266
280,3.371346988035406e-06,0.9953043043002116,0.004348299585003781,24.877792,26,951,2951,7698,80720,1554862,4354,0.007608,0.023608,0.061584,0.025957287527767738
281,3.552909076505795e-06,0.9953069862677115,0.004347851836924507,24.877792,26,983,2852,7658,80742,1554862,4318,0.007864,0.022816,0.061264,0.02596436211059245
282,3.838640006639468e-06,0.9953053214165581,0.004350722359782905,24.877792,26,929,2769,6866,80803,1554862,4283,0.007432,0.022152,0.054928,0.025983977999333704
283,3.968715407695085e-06,0.9953030102435491,0.004354867765441768,24.877792,26,984,2882,9137,80851,1554862,4309,0.007872,0.023056,0.073096,0.025999413452769442
284,3.924157916755899e-06,0.9953054736116886,0.004347366253234946,24.877792,26,910,2881,9418,80869,1554862,4254,0.00728,0.023048,0.075344,0.026005201747807846
285,3.478359282107535e-06,0.9953056054781249,0.00434823122969519,24.877792,26,923,2916,6464,80894,1554862,4276,0.007384,0.023328,0.051712,0.02601324104647229
286,3.3766857571920534e-06,0.995306164245555,0.004348858605211381,24.877792,26,1000,3082,5835,80979,1554862,4533,0.008,0.024656,0.04668,0.026040574661931413
287,3.487173070321195e-06,0.9953043541804488,0.004351995985360966,24.877792,26,1047,3105,7148,81036,1554862,4624,0.008376,0.02484,0.057184,0.026058904262886352
288,3.7362681672780885e-06,0.995301398623554,0.004355750299031928,24.877792,26,1064,3000,7620,81066,1554862,4502,0.008512,0.024,0.06096,0.02606855142128369
289,3.7795985373283204e-06,0.99530464772874,0.004348372363099182,24.877792,26,976,2977,7258,81143,1554862,4410,0.007808,0.023816,0.058064,0.026093312461170186
290,3.356874446556287e-06,0.9953059742321515,0.004347051896608535,24.877792,26,949,2973,7212,81199,1554862,4365,0.007592,0.023784,0.057696,0.02611132049017855
291,3.384804853556572e-06,0.9953070218216112,0.004347776707069356,24.877792,26,983,2837,6652,81250,1554862,4317,0.007864,0.022696,0.053216,0.026127720659454023
292,3.5507163743499585e-06,0.9953044225383892,0.004352190432637308,24.877792,26,977,2828,6948,81291,1554862,4388,0.007816,0.022624,0.055584,0.026140905109263715
293,3.885687011224355e-06,0.9953026167975108,0.0043555555984521625,24.877792,26,971,2910,8366,81338,1554862,4336,0.007768,0.02328,0.066928,0.02615601899075288
294,3.877139162843042e-06,0.9953051193039005,0.00434815654784319,24.877792,26,909,2860,7245,81389,1554862,4226,0.007272,0.02288,0.05796,0.02617241916002835
295,3.4922381614552803e-06,0.9953066274625824,0.0043477267787978,24.877792,26,915,2923,6639,81465,1554862,4279,0.00732,0.023384,0.053112,0.02619685862796827
296,3.470723658798524e-06,0.9953072409091752,0.004347628537626037,24.877792,26,992,2981,6178,81484,1554862,4437,0.007936,0.023848,0.049424,0.02620296849495325
297,3.5690510869455595e-06,0.9953029911750028,0.004353135297531983,24.877792,26,1021,3043,6835,81515,1554862,4536,0.008168,0.024344,0.05468,0.026212937225297165
298,3.972045779472084e-06,0.9953014055466157,0.004356299046114411,24.877792,26,1051,2940,8390,81544,1554862,4429,0.008408,0.02352,0.06712,0.026222262811747922
299,3.957988391406057e-06,0.9953040363158353,0.0043478088580009774,24.877792,26,941,2902,8271,81576,1554862,4312,0.007528,0.023216,0.066168,0.026232553114038416
300,3.334391615446951e-06,0.9953058288451394,0.004346868937796832,24.877792,26,954,2935,6677,81641,1554862,4330,0.007632,0.02348,0.053416,0.02625345529056598
301,3.36354731610824e-06,0.9953082997776125,0.004346197900319227,24.877792,26,994,2904,6204,81689,1554862,4385,0.007952,0.023232,0.049632,0.026268890744001717
302,3.4255053077856967e-06,0.9953040990613671,0.004352751009926275,24.877792,26,989,2921,6683,81739,1554862,4447,0.007912,0.023368,0.053464,0.026284969341330615
303,3.7323652337663336e-06,0.9953019163752922,0.0043570287180697085,24.877792,26,1047,2943,8366,81790,1554862,4445,0.008376,0.023544,0.066928,0.026301369510606087
304,3.892961538325013e-06,0.9953037376956703,0.004350111967932163,24.877792,26,949,2877,7647,81850,1554862,4296,0.007592,0.023016,0.061176,0.02632066382740076
305,3.3333821628624058e-06,0.9953040577069843,0.004348854346053282,24.877792,26,947,2910,6277,81887,1554862,4299,0.007576,0.02328,0.050216,0.02633256198942414
306,3.3534812937149707e-06,0.9953074327675553,0.004347041462826368,24.877792,26,970,2919,5982,81951,1554862,4375,0.00776,0.023352,0.047856,0.026353142594005126
307,3.6701006319194357e-06,0.9953046783037509,0.004352044385813644,24.877792,26,974,2828,6641,81993,1554862,4370,0.007792,0.022624,0.053128,0.0263666486157614
308,3.96297647638289e-06,0.995302621520665,0.004355572773301612,24.877792,26,1028,2958,7269,82023,1554862,4426,0.008224,0.023664,0.058152,0.026376295774158735
309,4.121775005096204e-06,0.9953044162320511,0.004348599916482053,24.877792,26,931,2861,8049,82079,1554862,4255,0.007448,0.022888,0.064392,0.026394303803167096
310,3.6983398814962965e-06,0.9953058444923708,0.004347075567429064,24.877792,26,931,2891,6868,82112,1554862,4256,0.007448,0.023128,0.054944,0.02640491567740417
311,3.488536759923296e-06,0.9953074329139077,0.004345904795638707,24.877792,26,990,3016,6065,82193,1554862,4473,0.00792,0.024128,0.04852,0.02643096300507698
312,3.4137603100146897e-06,0.9953046967426303,0.004350913586786483,24.877792,26,986,3087,7023,82288,1554862,4548,0.007888,0.024696,0.056184,0.026461512340001877
313,3.7534920613743996e-06,0.9953029397252451,0.004355809188723964,24.877792,26,1059,2971,7905,82361,1554862,4478,0.008472,0.023768,0.06324,0.026484987092102064
314,3.764402918439791e-06,0.9953038648870914,0.0043501146081370975,24.877792,26,979,3044,7343,82443,1554862,4484,0.007832,0.024352,0.058744,0.026511355991721452
315,3.384091508837561e-06,0.9953042051701674,0.004348982216659673,24.877792,26,985,3007,6576,82504,1554862,4425,0.00788,0.024056,0.052608,0.026530971880462703
316,3.525415179875119e-06,0.9953067421901026,0.004347047586048645,24.877792,26,1005,2917,6263,82541,1554862,4385,0.00804,0.023336,0.050104,0.026542870042486087
317,3.5384033308496802e-06,0.9953046862186512,0.004350156050903057,24.877792,26,940,2821,6710,82614,1554862,4345,0.00752,0.022568,0.05368,0.02656634479458627
318,3.5817102378327394e-06,0.9953036549315077,0.004354866146573777,24.877792,26,974,2989,6798,82671,1554862,4417,0.007792,0.023912,0.054384,0.026584674395541213
319,3.790620036092771e-06,0.9953051915293655,0.00435001023414116,24.877792,26,953,2966,7176,82723,1554862,4383,0.007624,0.023728,0.057408,0.026601396136763263
320,3.3900299274105674e-06,0.9953041521642865,0.004349952032482033,24.877792,26,979,2980,7573,82766,1554862,4391,0.007832,0.02384,0.060584,0.02661522373046611
321,3.358769826400348e-06,0.995305593085244,0.004348742591159233,24.877792,26,1041,2983,7219,82860,1554862,4484,0.008328,0.023864,0.057752,0.026645451493444435
322,3.6672097854498355e-06,0.9953045826311643,0.0043506579650052345,24.877792,26,986,2827,7285,82931,1554862,4379,0.007888,0.022616,0.05828,0.026668283101651466
323,3.9187056741643095e-06,0.9953025609934006,0.004355197319469532,24.877792,26,1006,2893,8005,83003,1554862,4354,0.008048,0.023144,0.06404,0.026691436281805075
324,3.979196616019775e-06,0.9953044441764722,0.0043491306910781475,24.877792,26,917,2901,6865,83060,1554862,4281,0.007336,0.023208,0.05492,0.026709765882760014
325,3.6521857495157552e-06,0.9953055172015005,0.004349099682285491,24.877792,26,930,2904,6623,83109,1554862,4269,0.00744,0.023232,0.052984,0.02672552290814233
326,3.5247405420948874e-06,0.9953068391955137,0.004347505652458428,24.877792,26,990,2999,6360,83148,1554862,4456,0.00792,0.023992,0.05088,0.026738064214058867
327,3.4326340702848933e-06,0.9953056854478082,0.004349558744708571,24.877792,26,1003,3081,6851,83190,1554862,4554,0.008024,0.024648,0.054808,0.02675157023581514
328,3.8125698570376103e-06,0.9953037333401975,0.004354616188593393,24.877792,26,1073,2961,6984,83265,1554862,4472,0.008584,0.023688,0.055872,0.026775688131808483
329,3.841919724801794e-06,0.9953038171801183,0.004349110021450056,24.877792,26,981,2982,7868,83333,1554862,4425,0.007848,0.023856,0.062944,0.02679755502417578
330,3.2748984214433627e-06,0.9953039317814819,0.004348924592938747,24.877792,26,964,3006,7517,83384,1554862,4404,0.007712,0.024048,0.060136,0.026813955193451252
331,3.4839433492229757e-06,0.9953063743348392,0.004348285041266534,24.877792,26,974,2866,6156,83445,1554862,4308,0.007792,0.022928,0.049248,0.026833571082192503
332,3.5075765593264887e-06,0.995304531537523,0.004350935160651065,24.877792,26,936,2872,6733,83488,1554862,4374,0.007488,0.022976,0.053864,0.02684739867589535
333,3.6667074766385718e-06,0.9953040052763659,0.004355091910440454,24.877792,26,992,2937,7222,83523,1554862,4384,0.007936,0.023496,0.057776,0.02685865369402558
334,3.903023750147878e-06,0.995304560963009,0.00435025725060631,24.877792,26,956,2943,7307,83560,1554862,4370,0.007648,0.023544,0.058456,0.02687055185604896
335,3.4316453493750094e-06,0.9953041017067301,0.004348849589306137,24.877792,26,985,3019,6614,83635,1554862,4443,0.00788,0.024152,0.052912,0.026894669752042303
336,3.3661078388595823e-06,0.9953064984264008,0.00434738732241763,24.877792,26,1036,2988,6653,83696,1554862,4481,0.008288,0.023904,0.053224,0.026914285640783554
337,3.626694525409736e-06,0.9953045280541887,0.004350621249642292,24.877792,26,977,2793,7316,83750,1554862,4344,0.007816,0.022344,0.058528,0.02693165052589876
338,3.668611694761603e-06,0.9953020511654496,0.004355731390635261,24.877792,26,1017,2978,6816,83814,1554862,4435,0.008136,0.023824,0.054528,0.026952231130479745
339,3.891037034443279e-06,0.9953039513701981,0.004350749027540907,24.877792,26,949,2909,8230,83861,1554862,4323,0.007592,0.023272,0.06584,0.02696734501196891
340,3.5317962863410206e-06,0.9953050544206103,0.004348749224942026,24.877792,26,938,2905,8477,83900,1554862,4296,0.007504,0.02324,0.067816,0.026979886317885445
341,3.507696206270994e-06,0.9953073614655773,0.004347769449251796,24.877744,26,938,2876,6975,83943,1554859,4299,0.007504,0.023008,0.0558,0.026993765994215553
342,3.7679896981768527e-06,0.9953055201405021,0.004350740709140993,24.877744,26,929,2776,6781,83989,1554859,4293,0.007432,0.022208,0.054248,0.02700855833229894
343,3.984209792737929e-06,0.9953025308041007,0.004355102766967864,24.877744,26,999,2943,7659,84058,1554859,4392,0.007992,0.023544,0.061272,0.027030746839424025
344,4.0247378901988924e-06,0.9953032315969973,0.004349552577664875,24.877744,26,948,2952,8575,84116,1554859,4358,0.007584,0.023616,0.0686,0.027049398048311777
345,3.782677200317645e-06,0.9953052576672676,0.004347710061158463,24.877744,26,938,2891,7839,84205,1554859,4271,0.007504,0.023128,0.062712,0.027078018006777463
346,3.485883166187797e-06,0.9953073435271201,0.004346148543654288,24.8776,26,1006,3021,6874,84275,1554850,4488,0.008048,0.024168,0.054992,0.027100684953532496
347,3.339153101401934e-06,0.9953045701220349,0.004350262755446982,24.8776,26,1022,3110,7265,84343,1554850,4603,0.008176,0.02488,0.05812,0.027122552014663796
348,3.7188678845261244e-06,0.9953030739706125,0.004355398457270616,24.8776,26,1088,2994,7807,84387,1554850,4520,0.008704,0.023952,0.062456,0.027136701289513458
349,3.804477764320179e-06,0.995304287116411,0.004349954405028656,24.8776,26,976,2964,7891,84437,1554850,4408,0.007808,0.023712,0.063128,0.02715278001093353
350,3.151259022340579e-06,0.9953042681935736,0.004349319945961971,24.8776,26,970,3000,6864,84484,1554850,4409,0.00776,0.024,0.054912,0.0271678940090684
351,3.3497177712094976e-06,0.9953058924730652,0.004349022744867442,24.8776,26,999,2928,6430,84567,1554850,4389,0.007992,0.023424,0.05144,0.02719458468662572
352,3.6896493983286717e-06,0.9953047775739869,0.004351487823635998,24.8776,26,979,2804,6989,84653,1554850,4363,0.007832,0.022432,0.055912,0.027222240087468246
353,3.74085301479001e-06,0.9953026269277551,0.004355627788442894,24.8776,26,1006,2949,7076,84690,1554850,4408,0.008048,0.023592,0.056608,0.0272341383413191
354,3.83947495087936e-06,0.9953040384147308,0.004350337005643296,24.8776,26,978,2954,6501,84725,1554850,4383,0.007824,0.023632,0.052008,0.02724539344631315
355,3.3233164980932057e-06,0.995304619531403,0.004348278009394861,24.8776,26,962,3028,6813,84766,1554850,4428,0.007696,0.024224,0.054504,0.02725857799787761
356,3.1882410541255035e-06,0.9953065777620147,0.004347856295365913,24.8776,26,1038,3026,6541,84813,1554850,4529,0.008304,0.024208,0.052328,0.027273691996012477
357,3.7714361463902146e-06,0.9953036950380166,0.0043528445401555035,24.877536,26,986,2801,7533,84836,1554846,4361,0.007888,0.022408,0.060264,0.027281158391249036
358,4.025813096151474e-06,0.9953029108326235,0.004355461708556179,24.877536,26,1009,2934,7654,84888,1554846,4387,0.008072,0.023472,0.061232,0.02729788030454463
359,3.843638316468945e-06,0.9953045669960819,0.004348555906057807,24.877536,26,921,2844,6998,84929,1554846,4231,0.007368,0.022752,0.055984,0.027311064890027693
360,3.320445486273917e-06,0.995306007563031,0.004347585434388036,24.877536,26,926,2964,6243,84996,1554846,4326,0.007408,0.023712,0.049944,0.027332610432158556
361,3.2869251169366934e-06,0.9953072642846732,0.004347654005689251,24.877536,26,1032,2991,6189,85048,1554846,4496,0.008256,0.023928,0.049512,0.02734933234545415
362,3.3005056297965917e-06,0.9953041302311946,0.0043525541756346394,24.877536,26,1036,3111,7111,85144,1554846,4618,0.008288,0.024888,0.056888,0.02738020356999986
363,3.848719322546366e-06,0.995300997268057,0.004358152991058661,24.877536,26,1083,3031,7155,85221,1554846,4556,0.008664,0.024248,0.05724,0.027404964864687565
364,4.128323055251985e-06,0.9953030392007639,0.004349994697298642,24.877536,26,964,2943,7344,85276,1554846,4363,0.007712,0.023544,0.058752,0.02742265150375021
365,3.5579050269534754e-06,0.9953052738741638,0.0043469327449841225,24.877536,26,938,2872,6839,85328,1554846,4259,0.007504,0.022976,0.054712,0.027439373417045804
366,3.5109454856316857e-06,0.9953083060260737,0.004345334842127275,24.877536,26,932,2876,6160,85353,1554846,4272,0.007456,0.023008,0.04928,0.027447412798437917
367,3.5867266121539854e-06,0.9953063114903634,0.00435010749566133,24.877536,26,935,2898,6497,85400,1554846,4366,0.00748,0.023184,0.051976,0.027462526835455088
368,3.869615352283465e-06,0.9953030049923488,0.004357205027467405,24.877536,26,1016,2958,7207,85444,1554846,4416,0.008128,0.023664,0.057656,0.027476676146705206
369,3.858176562458199e-06,0.9953035281607118,0.004350364908779542,24.877536,26,957,2961,7479,85508,1554846,4385,0.007656,0.023688,0.059832,0.02749725696306901
370,3.216234240138142e-06,0.995304316683301,0.004349001463932369,24.877536,26,983,3029,6409,85571,1554846,4456,0.007864,0.024232,0.051272,0.027517516204177132
371,3.241425079185596e-06,0.9953063060361079,0.004347998881692629,24.877536,26,1050,3019,6476,85660,1554846,4528,0.0084,0.024152,0.051808,0.02754613640193305
372,3.416702129558883e-06,0.9953043259326022,0.004351597312112343,24.877536,26,1023,3028,7276,85685,1554846,4548,0.008184,0.024224,0.058208,0.027554175783325165
373,3.729114605048237e-06,0.9953013796416987,0.0043575924265161275,24.877536,26,1089,3018,6751,85757,1554846,4548,0.008712,0.024144,0.054008,0.02757732920173445
374,3.9345647545132675e-06,0.9953035872922458,0.004350705158187147,24.877536,26,982,2931,7168,85812,1554846,4366,0.007856,0.023448,0.057344,0.027595015840797096
375,3.326655903237727e-06,0.9953039539269993,0.004349147271220092,24.877536,26,954,2961,6384,85843,1554846,4358,0.007632,0.023688,0.051072,0.027604984673723316
376,3.4276886674514972e-06,0.9953072288234253,0.004347517360554292,24.877536,26,970,2895,5955,85921,1554846,4341,0.00776,0.02316,0.04764,0.027630067543666703
377,3.7588167394552363e-06,0.9953051677707362,0.004351063075056175,24.877536,26,966,2804,6681,85987,1554846,4345,0.007728,0.022432,0.053448,0.02765129151054188
378,3.9367649989459906e-06,0.9953024103561933,0.004355969208483819,24.877536,26,1023,2955,7193,86049,1554846,4418,0.008184,0.02364,0.057544,0.027671229176394318
379,4.060830178430233e-06,0.9953048007073276,0.004348650379099156,24.877536,26,923,2855,7428,86108,1554846,4242,0.007384,0.02284,0.059424,0.0276902021164797
380,3.570363180563702e-06,0.9953069029203776,0.0043464993094253935,24.877536,26,913,2862,6739,86194,1554846,4210,0.007304,0.022896,0.053912,0.027717857588468568
381,3.3404270689395156e-06,0.9953072530825076,0.0043466856583175475,24.877536,26,979,2970,6191,86251,1554846,4410,0.007832,0.02376,0.049528,0.027736187378042586
382,3.282206963338987e-06,0.9953052627219774,0.00435110168636587,24.877536,26,1025,3117,6988,86287,1554846,4610,0.0082,0.024936,0.055904,0.027747764087247224
383,3.6971175662810423e-06,0.9953014494035554,0.004357383505096395,24.877536,26,1080,2994,7494,86324,1554846,4519,0.00864,0.023952,0.059952,0.02775966237170755
384,3.669021009974073e-06,0.9953024105095225,0.004350955038760537,24.877536,26,989,2995,6869,86365,1554846,4438,0.007912,0.02396,0.054952,0.027772846957190615
385,3.1603862798327216e-06,0.9953034941675813,0.004349872237632806,24.877536,26,961,2986,6267,86387,1554846,4390,0.007688,0.023888,0.050136,0.027779921612815676
386,3.479228334756279e-06,0.9953066361257604,0.004348731248673513,24.877536,26,985,2933,6150,86442,1554846,4385,0.00788,0.023464,0.0492,0.02779760825187832
387,3.6883647148642068e-06,0.9953061472121859,0.00435021922285497,24.877472,26,922,2818,6858,86473,1554842,4331,0.007376,0.022544,0.054864,0.027807648622818266
388,3.729205493581333e-06,0.9953039693109731,0.004355260920965471,24.877472,26,992,2975,6830,86504,1554842,4418,0.007936,0.0238,0.05464,0.027817617481390392
389,3.967091268943958e-06,0.9953044694565295,0.00434983540394645,24.877472,26,967,3004,7149,86542,1554842,4436,0.007736,0.024032,0.057192,0.02782983737254332
390,3.5150285294793413e-06,0.9953037242927498,0.004349067393015918,24.877472,26,987,2988,7002,86596,1554842,4429,0.007896,0.023904,0.056016,0.027847202481023795
391,3.4616497645702655e-06,0.9953058390015869,0.004347944943046041,24.877472,26,1006,2971,6352,86653,1554842,4440,0.008048,0.023768,0.050816,0.027865532317753187
392,3.839914077455523e-06,0.9953042278824602,0.00435163657287297,24.877472,26,964,2818,7168,86715,1554842,4364,0.007712,0.022544,0.057344,0.027885470034897438
393,3.921286167079552e-06,0.9953026054186659,0.004355322731924659,24.877472,26,1026,2992,6839,86730,1554842,4460,0.008208,0.023936,0.054712,0.027890293676142014
394,3.829552099342806e-06,0.9953041944326688,0.0043488845471611635,24.877472,26,938,2958,7456,86765,1554842,4358,0.007504,0.023664,0.059648,0.027901548839046025
395,3.4194020383289764e-06,0.9953053350592665,0.004348479396985238,24.877472,26,944,3006,6641,86789,1554842,4399,0.007552,0.024048,0.053128,0.027909266665037347
396,3.283240343959127e-06,0.9953067288264593,0.004347767555127461,24.877472,26,1043,3085,6105,86835,1554842,4568,0.008344,0.02468,0.04884,0.027924059164854048
397,3.3468307553824694e-06,0.9953041203557108,0.00435216680939419,24.877472,26,1042,3086,6926,86853,1554842,4620,0.008336,0.024688,0.055408,0.027929847534347543
398,3.826903775221264e-06,0.9953023479207577,0.004356302010028534,24.877472,26,1070,3025,8700,86884,1554842,4538,0.00856,0.0242,0.0696,0.027939816392919665
399,4.0705396075460834e-06,0.995303673197687,0.004350005289368623,24.877472,26,976,2931,8485,86918,1554842,4366,0.007808,0.023448,0.06788,0.027950749979740706
400,3.5876309008776757e-06,0.9953051873421851,0.0043474546947676355,24.877472,26,950,2883,7769,86962,1554842,4269,0.0076,0.023064,0.062152,0.027964899327391466
401,3.400348381990528e-06,0.9953080853009507,0.004345394583592462,24.877472,26,929,2869,6295,86987,1554842,4280,0.007432,0.022952,0.05036,0.027972938729465758
402,3.2917420115664463e-06,0.9953063791604032,0.004350120766081027,24.877472,26,969,2863,7706,87023,1554842,4390,0.007752,0.022904,0.061648,0.027984515468452743
403,3.731477902476833e-06,0.9953018016620082,0.004357948141066607,24.877472,26,1030,2955,6786,87082,1554842,4441,0.00824,0.02364,0.054288,0.02800348845734808
404,4.048837747430677e-06,0.9953032895368159,0.004352584556135911,24.877472,26,966,3015,6616,87151,1554842,4437,0.007728,0.02412,0.052928,0.028025677207073132
405,3.7260200223272914e-06,0.9953036654957905,0.004349799447386031,24.877472,26,962,2927,6648,87204,1554842,4327,0.007696,0.023416,0.053184,0.028042720739470634
406,3.817223534609259e-06,0.9953063570703984,0.004347488294505117,24.877472,26,962,2874,6344,87262,1554842,4304,0.007696,0.022992,0.050752,0.028061372152282996
407,3.7812843179567897e-06,0.9953067255327613,0.004347242763455702,24.877472,26,924,2793,8268,87291,1554842,4299,0.007392,0.022344,0.066144,0.028070697858689177
408,3.7411052693628664e-06,0.995304204396996,0.00435285225476801,24.877472,26,981,2926,8387,87325,1554842,4365,0.007848,0.023408,0.067096,0.028081631445510218
409,3.822445844737694e-06,0.995304500795991,0.004349862318096626,24.877472,26,973,2985,7019,87362,1554842,4422,0.007784,0.02388,0.056152,0.028093529760580174
410,3.459378672939695e-06,0.9953035458645895,0.004350253336040402,24.877472,26,986,2992,6560,87405,1554842,4418,0.007888,0.023936,0.05248,0.02810735753214796
411,3.276339262255085e-06,0.995305134445829,0.004349451164429479,24.877472,26,1026,3015,6526,87462,1554842,4498,0.008208,0.02412,0.052208,0.028125687368877352
412,3.5379260356178065e-06,0.9953054340472596,0.004350868416897096,24.877472,26,994,2789,7544,87497,1554842,4357,0.007952,0.022312,0.060352,0.028136942531781364
413,3.682829871821272e-06,0.9953027632765522,0.004354757944520516,24.877472,26,1026,2956,7395,87522,1554842,4428,0.008208,0.023648,0.05916,0.02814498193385566
414,3.647964239189098e-06,0.9953040443217165,0.004350358204792074,24.877472,26,1010,3080,7207,87590,1554842,4545,0.00808,0.02464,0.057656,0.02816684910749774
415,3.4015370868372044e-06,0.9953042831889294,0.004349264281446465,24.877472,26,1003,3006,6946,87625,1554842,4457,0.008024,0.024048,0.055568,0.028178104270401752
416,3.491299840565105e-06,0.9953060775829268,0.004348235024868626,24.877472,26,1003,2875,6454,87666,1554842,4344,0.008024,0.023,0.051632,0.028191288889803594
417,3.5014779004593207e-06,0.9953054803451947,0.004349729585182425,24.877472,26,924,2791,7144,87720,1554842,4294,0.007392,0.022328,0.057152,0.02820865399828407
418,3.7120313255822486e-06,0.9953040106255644,0.004354286465946818,24.877472,26,944,2870,7849,87750,1554842,4282,0.007552,0.02296,0.062792,0.028218301280773222
419,3.753610841098563e-06,0.995305218836189,0.004349913733940331,24.877472,26,952,2996,6695,87782,1554842,4416,0.007616,0.023968,0.05356,0.02822859171542832
420,3.514614157758469e-06,0.9953041568046199,0.004349739392868904,24.877472,26,989,3007,6651,87806,1554842,4432,0.007912,0.024056,0.053208,0.028236309541419643
421,3.4638856793178426e-06,0.9953058808461069,0.0043477206643388255,24.877472,26,1020,2986,6676,87825,1554842,4472,0.00816,0.023888,0.053408,0.028242419486996108
422,3.6798188164681394e-06,0.9953050212032525,0.004349783146773538,24.877472,26,953,2797,7890,87888,1554842,4329,0.007624,0.022376,0.06312,0.02826267878022333
423,3.903160837339596e-06,0.9953032094810839,0.0043542504410989825,24.877472,26,992,2894,6727,87962,1554842,4345,0.007936,0.023152,0.053816,0.02828647541036324
424,3.855499138257192e-06,0.9953044180769185,0.004348838456662883,24.877408,26,937,2967,7319,87992,1554838,4361,0.007496,0.023736,0.058552,0.028296195487890058
425,3.4754899184516855e-06,0.9953050162776341,0.004349306322010853,24.877408,26,940,2951,6565,88017,1554838,4337,0.00752,0.023608,0.05252,0.02830423491064664
426,3.534127196140254e-06,0.9953061659056524,0.0043487711489056695,24.877408,26,988,3007,6022,88073,1554838,4454,0.007904,0.024056,0.048176,0.028322243217621387
427,3.4275250661167337e-06,0.9953050924805926,0.004350247136817277,24.877408,26,1001,3084,6991,88129,1554838,4561,0.008008,0.024672,0.055928,0.02834025152459613
428,3.658421493660211e-06,0.9953027238825795,0.004355212138453827,24.877408,26,1061,2972,8986,88163,1554838,4471,0.008488,0.023776,0.071888,0.028351185139545085
429,3.772653357890744e-06,0.9953041058345442,0.0043493968201872004,24.877408,26,978,3007,6784,88223,1554838,4449,0.007824,0.024056,0.054272,0.028370479754160884
430,3.3278036568191197e-06,0.9953035770801799,0.004349838275101581,24.877408,26,982,3007,6421,88241,1554838,4441,0.007856,0.024056,0.051368,0.028376268138545623
431,3.542374043563231e-06,0.9953055119852899,0.004348988634033227,24.877408,26,987,2874,6231,88271,1554838,4334,0.007896,0.022992,0.049848,0.028385915445853522
432,3.7349756317239815e-06,0.9953047361514102,0.004350499461997911,24.877408,26,906,2796,7533,88292,1554838,4283,0.007248,0.022368,0.060264,0.028392668560969052
433,3.830328981934014e-06,0.9953047316223207,0.0043533049237367925,24.877408,26,964,2908,7266,88321,1554838,4322,0.007712,0.023264,0.058128,0.028401994291366688
434,3.8996602513893785e-06,0.9953064511731178,0.004347523473101739,24.877408,26,956,2971,8625,88397,1554838,4387,0.007648,0.023768,0.069,0.0284264341365467
435,3.4252242332694424e-06,0.9953047090511653,0.004348393448570794,24.877408,26,978,2989,6566,88417,1554838,4422,0.007824,0.023912,0.052528,0.028432865674751968
436,3.4098993653933645e-06,0.9953055568681192,0.004348572487338236,24.877408,26,1024,2973,6736,88432,1554838,4455,0.008192,0.023784,0.053888,0.02843768932840592
437,3.704422988158898e-06,0.995303972988073,0.004351305322117756,24.877408,26,983,2810,7463,88455,1554838,4358,0.007864,0.02248,0.059704,0.028445085597341973
438,3.858460035754799e-06,0.9953022681975097,0.004355329429766455,24.877408,26,1023,2953,8109,88484,1554838,4415,0.008184,0.023624,0.064872,0.02845441132773961
439,3.863260189549934e-06,0.9953048504169447,0.004348861159483417,24.877408,26,936,2891,7374,88549,1554838,4289,0.007488,0.023128,0.058992,0.028475313826906726
440,3.446504947986829e-06,0.9953051871897385,0.004348805727561528,24.877408,26,945,2932,6820,88567,1554838,4322,0.00756,0.023456,0.05456,0.028481102211291465
441,3.4853867351010527e-06,0.9953068219955871,0.0043478804088092965,24.877408,26,991,2943,6186,88609,1554838,4403,0.007928,0.023544,0.049488,0.028494608441522525
442,3.5207516102741747e-06,0.9953051832639891,0.004350517542108492,24.877408,26,949,2951,7000,88644,1554838,4412,0.007592,0.023608,0.056,0.028505863633381742
443,3.7870776555187082e-06,0.9953026664381761,0.004355558920287121,24.877408,26,1015,2917,8740,88692,1554838,4378,0.00812,0.023336,0.06992,0.02852129932507438
444,3.827163328099275e-06,0.9953041186727962,0.004349589703840464,24.877408,26,968,3021,7268,88739,1554838,4446,0.007744,0.024168,0.058144,0.028536413439856755
445,3.3407486613770244e-06,0.9953041448240195,0.0043486369663970235,24.877408,26,990,3014,7076,88751,1554838,4441,0.00792,0.024112,0.056608,0.028540272362779916
446,3.4217664760928534e-06,0.9953056772876857,0.004348617600859204,24.877408,26,1038,3002,8058,88800,1554838,4501,0.008304,0.024016,0.064464,0.028556029631382818
447,3.6776724942442465e-06,0.9953054738210365,0.004350053435090778,24.877408,26,983,2847,7014,88846,1554838,4398,0.007864,0.022776,0.056112,0.028570822169254932
448,3.8169710757918295e-06,0.9953018501723812,0.004355623567792646,24.877408,26,1015,2966,6762,88884,1554838,4421,0.00812,0.023728,0.054096,0.028583042091844937
449,3.921625603710368e-06,0.995304898061047,0.004348952998393687,24.877408,26,970,2925,8077,88905,1554838,4352,0.00776,0.0234,0.064616,0.028589795206960467
450,3.3911397315807417e-06,0.9953053520021662,0.004347362453811018,24.877408,26,956,2942,6525,88922,1554838,4342,0.007648,0.023536,0.0522,0.028595262014434946
451,3.2713825221432587e-06,0.9953068585575321,0.004347805937217382,24.877408,26,993,2940,6140,88958,1554838,4405,0.007944,0.02352,0.04912,0.028606838783204424
452,3.542948452006854e-06,0.9953049182905371,0.0043515494927067085,24.877408,26,985,2814,7784,88998,1554838,4368,0.00788,0.022512,0.062272,0.028619701859614956
453,3.797785988361999e-06,0.9953017072291283,0.004356887978143445,24.877408,26,1034,2944,6869,89036,1554838,4415,0.008272,0.023552,0.054952,0.02863192178220496
454,3.9229013653596095e-06,0.9953038382074175,0.004350533920861024,24.877408,26,971,2962,7358,89084,1554838,4386,0.007768,0.023696,0.058864,0.028647357473897603
455,3.562520201397223e-06,0.9953048346046647,0.004347974531132042,24.877344,26,962,2913,7666,89133,1554834,4314,0.007696,0.023304,0.061328,0.028663188481857227
456,3.369216938921119e-06,0.9953068034826005,0.004346773115101954,24.877344,26,974,2975,6284,89159,1554834,4414,0.007792,0.0238,0.050272,0.028671549503033765
457,3.587979056702262e-06,0.9953062871032734,0.004349663493044851,24.877344,26,948,2785,7261,89191,1554834,4305,0.007584,0.02228,0.058088,0.028681839990635657
458,3.8340466003330615e-06,0.995302449846961,0.004355537841386679,24.877344,26,985,2926,7684,89258,1554834,4360,0.00788,0.023408,0.061472,0.028703385699052116
459,3.7608534054418007e-06,0.9953044243523562,0.004350001765739736,24.877344,26,956,2982,7068,89291,1554834,4406,0.007648,0.023856,0.056544,0.02871399776439157
460,3.4460125141420754e-06,0.995304878233721,0.004349428540501922,24.877344,26,968,2982,6649,89323,1554834,4383,0.007744,0.023856,0.053192,0.02872428825199346
461,3.4910170765832654e-06,0.9953064611229343,0.004347726264906667,24.877344,26,993,2947,6436,89369,1554834,4408,0.007944,0.023576,0.051488,0.02873908082792118
462,3.5503795563851314e-06,0.9953044043766358,0.004350614472721203,24.877344,26,953,2860,6988,89414,1554834,4367,0.007624,0.02288,0.055904,0.02875355182611134
463,3.7573793274252697e-06,0.9953034084624802,0.0043542227839412665,24.877344,26,996,2903,7235,89447,1554834,4362,0.007968,0.023224,0.05788,0.02876416389145079
464,3.7481667409019237e-06,0.9953048555966362,0.00434920156504373,24.877344,26,976,3015,7071,89507,1554834,4453,0.007808,0.02412,0.056568,0.028783458555704338
465,3.4017343486092298e-06,0.9953043701300519,0.004349064167989188,24.877344,26,985,2989,7357,89541,1554834,4412,0.00788,0.023912,0.058856,0.028794392198781348
466,3.4424783372476345e-06,0.9953063879377673,0.004347889598449808,24.877344,26,1018,2923,8490,89592,1554834,4416,0.008144,0.023384,0.06792,0.028810792663396863
467,3.706165868740981e-06,0.9953047373112757,0.004351311344009828,24.87728,26,976,2806,7912,89628,1554830,4350,0.007808,0.022448,0.063296,0.02882244361119865
468,3.898095732659826e-06,0.9953024557701641,0.004355253190129905,24.87728,26,994,2905,7218,89655,1554830,4353,0.007952,0.02324,0.057744,0.02883112623244985
469,3.941287324373879e-06,0.9953045752094006,0.004349054865401181,24.87728,26,902,2835,7448,89722,1554830,4211,0.007216,0.02268,0.059584,0.028852671996295414
470,3.686302048922955e-06,0.9953061726094538,0.004348325594159687,24.87728,26,895,2847,6566,89754,1554830,4199,0.00716,0.022776,0.052528,0.028862962510370908
471,3.5704039824043663e-06,0.9953081651902692,0.0043466999059272975,24.87728,26,970,2980,6066,89769,1554830,4411,0.00776,0.02384,0.048528,0.028867786188843798
472,3.4954745171015224e-06,0.9953051268024691,0.0043503505739230855,24.87728,26,1008,3074,7411,89822,1554830,4551,0.008064,0.024592,0.059288,0.028884829852781332
473,3.83422672802248e-06,0.995302087124357,0.004355204052926805,24.87728,26,1058,2968,9284,89864,1554830,4462,0.008464,0.023744,0.074272,0.028898336152505418
474,3.7871576834496574e-06,0.9953040415979522,0.004348480732596385,24.877216,26,971,3013,7244,89930,1554826,4444,0.007768,0.024104,0.057952,0.028919634737263205
475,3.301237236217624e-06,0.9953048873151104,0.0043485779310642484,24.877216,26,988,3007,6817,89964,1554826,4427,0.007904,0.024056,0.054536,0.028930568436596762
476,3.4511781812721416e-06,0.9953064278918935,0.004347907722086927,24.877216,26,1009,2896,7192,89996,1554826,4375,0.008072,0.023168,0.057536,0.028940858977145996
477,3.47586607022643e-06,0.9953043689543847,0.004351610883017461,24.877152,26,973,2929,7840,90068,1554822,4433,0.007784,0.023432,0.06272,0.028964087207410238
478,3.8297856293697625e-06,0.995301826584231,0.004356875831757686,24.877152,26,998,2904,6833,90097,1554822,4350,0.007984,0.023232,0.054664,0.028973413033774927
479,3.902808836977437e-06,0.9953033848028197,0.0043501420075187786,24.877152,26,942,2940,7215,90116,1554822,4350,0.007536,0.02352,0.05772,0.028979523057944895
480,3.36771928988645e-06,0.9953037860803063,0.004349435393489697,24.877152,26,975,3023,6597,90127,1554822,4433,0.0078,0.024184,0.052776,0.02898306044035909
481,3.4281571419857307e-06,0.9953074421156256,0.0043465545147881555,24.877152,26,1024,2981,6234,90154,1554822,4465,0.008192,0.023848,0.049872,0.028991743106284835
482,3.5812679859448277e-06,0.9953050196201223,0.00435026934116677,24.877152,26,1007,2874,6818,90176,1554822,4419,0.008056,0.022992,0.054544,0.02899881787111322
483,3.7693533268706666e-06,0.9953020203259887,0.004355721855660962,24.877152,26,1048,2928,6457,90219,1554822,4412,0.008384,0.023424,0.051656,0.02901264582055052
484,3.893896573376567e-06,0.995303372749122,0.004350579174444498,24.877152,26,959,2910,6799,90269,1554822,4332,0.007672,0.02328,0.054392,0.029028724831524123
485,3.4294550786362046e-06,0.995304285966681,0.0043492927782636925,24.877152,26,963,2953,6347,90289,1554822,4355,0.007704,0.023624,0.050776,0.029035156435913565
486,3.446319667537408e-06,0.9953075239756058,0.004346941747464454,24.877152,26,992,2910,6136,90309,1554822,4368,0.007936,0.02328,0.049088,0.029041588040303004
487,3.563756939272535e-06,0.9953054049182005,0.0043503522830584465,24.877152,26,973,2821,6747,90336,1554822,4364,0.007784,0.022568,0.053976,0.029050270706228752
488,3.7957128962641545e-06,0.9953027519810926,0.004355324937238663,24.877152,26,1013,2951,6672,90347,1554822,4416,0.008104,0.023608,0.053376,0.029053808088642944
489,3.908393490080799e-06,0.9953046552557762,0.004349435725125251,24.877152,26,951,2924,8313,90385,1554822,4338,0.007608,0.023392,0.066504,0.029066028136982884
490,3.379077496058975e-06,0.995303667637927,0.004349486709262052,24.877152,26,949,2922,7351,90404,1554822,4306,0.007592,0.023376,0.058808,0.029072138161152852
491,3.206869311632812e-06,0.9953068089222522,0.004347581714276337,24.877152,26,1004,2976,8367,90456,1554822,4441,0.008032,0.023808,0.066936,0.0290888603325654
492,3.4951921893381397e-06,0.9953049887637038,0.004351132298335071,24.877152,26,980,2793,7597,90496,1554822,4337,0.00784,0.022344,0.060776,0.02910172354134428
493,3.8082764727566535e-06,0.9953028114748665,0.004355396687003588,24.877152,26,1036,2933,6309,90515,1554822,4406,0.008288,0.023464,0.050472,0.029107833565514253
494,3.8809020568773265e-06,0.9953043781492698,0.004350246684035985,24.877152,26,973,2949,7632,90565,1554822,4384,0.007784,0.023592,0.061056,0.029123912576487856
495,3.4403933773882953e-06,0.9953037709760086,0.0043494332870090986,24.877072,26,965,2946,6518,90578,1554817,4353,0.00772,0.023568,0.052144,0.029128186789828
496,3.423805592821636e-06,0.9953070720314751,0.0043474407485617865,24.877072,26,953,2894,6140,90593,1554817,4322,0.007624,0.023152,0.04912,0.029133010508632207
497,3.500888615430015e-06,0.9953054559202327,0.0043505524922114605,24.877072,26,941,2762,7622,90622,1554817,4289,0.007528,0.022096,0.060976,0.029142336364987004
498,3.8222823120040565e-06,0.995301786354751,0.004356622784916133,24.877072,26,980,2928,7742,90668,1554817,4361,0.00784,0.023424,0.061936,0.029157129102653237
499,4.046881703414064e-06,0.9953049846986719,0.004350085736551658,24.877072,26,952,2951,6222,90689,1554817,4363,0.007616,0.023608,0.049776,0.02916388230897913
500,3.6020193849518795e-06,0.995304526287975,0.004348940661166971,24.877072,26,951,2906,7656,90717,1554817,4301,0.007608,0.023248,0.061248,0.029172886584080314
501,3.428830756719797e-06,0.9953067062126298,0.004347211926330018,24.877072,26,963,2903,6540,90734,1554817,4338,0.007704,0.023224,0.05232,0.029178353465391747
502,3.614928775210457e-06,0.9953048932207863,0.004350545537127942,24.877072,26,977,2832,7209,90786,1554817,4383,0.007816,0.022656,0.057672,0.029195075690579664
503,3.7360987509121685e-06,0.9953023598368287,0.004354748881617163,24.877072,26,1018,2980,7797,90820,1554817,4442,0.008144,0.02384,0.062376,0.029206009453202533
504,3.72932675431803e-06,0.9953045500093755,0.004348796527922261,24.877072,26,973,3020,7313,90846,1554817,4449,0.007784,0.02416,0.058504,0.02921437056579649
505,3.365690687384775e-06,0.9953051880132652,0.004348225605142722,24.877072,26,976,2971,6569,90862,1554817,4396,0.007808,0.023768,0.052552,0.02921951586585431
506,3.331644051117575e-06,0.9953075643757852,0.004347201991708986,24.877072,26,993,2995,6328,90879,1554817,4451,0.007944,0.02396,0.050624,0.029224982747165743
507,3.5376891238066215e-06,0.9953043985833896,0.004352034356571308,24.877072,26,980,2803,7110,90905,1554817,4365,0.00784,0.022424,0.05688,0.029233343859759703
508,3.841403844203903e-06,0.995302355443612,0.004355989090579471,24.877072,26,1011,2964,7084,90941,1554817,4418,0.008088,0.023712,0.056672,0.029244920784889796
509,3.957014905293535e-06,0.9953046729843708,0.004349373886390757,24.877072,26,939,2882,6922,90963,1554817,4294,0.007512,0.023056,0.055376,0.0292519955724693
510,3.575025133107356e-06,0.9953052288471698,0.0043490052288969695,24.877072,26,953,2930,6472,90990,1554817,4318,0.007624,0.02344,0.051776,0.029260678266316873
511,3.625475976121154e-06,0.9953075134541431,0.0043470608259036665,24.877072,26,980,2927,6440,91028,1554817,4380,0.00784,0.023416,0.05152,0.029272898353954194
512,3.599397635014243e-06,0.9953038411648825,0.0043515491461750735,24.877008,26,977,2959,7189,91104,1554813,4463,0.007816,0.023672,0.057512,0.02929741390122156
513,3.902649523091194e-06,0.9953016622508943,0.004356100539670215,24.877008,26,1032,2961,6876,91117,1554813,4434,0.008256,0.023688,0.055008,0.029301594468273677
514,3.956586457593324e-06,0.9953040612936968,0.004348688462558932,24.877008,26,935,2918,7593,91144,1554813,4325,0.00748,0.023344,0.060744,0.02931027718445884
515,3.3730831034511964e-06,0.9953057755508045,0.0043481082829174705,24.877008,26,957,2933,6857,91173,1554813,4325,0.007656,0.023464,0.054856,0.029319603064805865
516,3.3910776324502423e-06,0.9953074953358639,0.004347515866492951,24.877008,26,1018,2958,5958,91197,1554813,4441,0.008144,0.023664,0.047664,0.02932732103474823
517,3.5199155697209817e-06,0.9953045354557882,0.004352074495800034,24.877008,26,1033,3047,7029,91219,1554813,4569,0.008264,0.024376,0.056232,0.029334395840528733
518,3.7356433607078896e-06,0.9953011616323912,0.004356332765632264,24.877008,26,1056,3005,7411,91244,1554813,4502,0.008448,0.02404,0.059288,0.02934243539255203
519,3.830576037749893e-06,0.9953032417376293,0.00435033629368887,24.877008,26,961,2916,7577,91272,1554813,4338,0.007688,0.023328,0.060616,0.029351439690818125
520,3.4431852381523426e-06,0.9953039804451855,0.004349351421494719,24.877008,26,954,2985,6309,91342,1554813,4376,0.007632,0.02388,0.050472,0.02937395043648336
521,3.5758636869525615e-06,0.9953070475291349,0.004347644765369613,24.877008,26,983,2896,6158,91379,1554813,4356,0.007864,0.023168,0.049264,0.02938584897347784
522,3.713427887889695e-06,0.9953059004461003,0.004350254405692539,24.877008,26,936,2793,6644,91434,1554813,4306,0.007488,0.022344,0.053152,0.029403535987929094
523,3.901809454386427e-06,0.9953031691532508,0.004354822220886541,24.877008,26,997,2940,6786,91477,1554813,4379,0.007976,0.02352,0.054288,0.02941736401740917
524,3.900154348559895e-06,0.9953047054496904,0.004348336418893777,24.876928,26,937,2946,6863,91513,1554808,4341,0.007496,0.023568,0.054904,0.029429035610827832
525,3.5469024689877903e-06,0.9953053657959959,0.0043485461095149934,24.876928,26,931,2919,6446,91559,1554808,4285,0.007448,0.023352,0.051568,0.029443828434121768
526,3.3922319138622435e-06,0.9953064490035055,0.004347695017105391,24.876928,26,980,2996,6140,91571,1554808,4434,0.00784,0.023968,0.04912,0.029447687431502795
527,3.3852925971498437e-06,0.995305200633329,0.00435089857522855,24.876928,26,1040,3057,7502,91606,1554808,4566,0.00832,0.024456,0.060016,0.029458942840530793
528,3.6806099343518937e-06,0.995302863294592,0.004355297151647697,24.876928,26,1081,2948,7276,91646,1554808,4466,0.008648,0.023584,0.058208,0.029471806165134215
529,3.6134244259726327e-06,0.9953039296064504,0.004350072487142604,24.876928,26,975,2968,6789,91662,1554808,4402,0.0078,0.023744,0.054312,0.029476951494975586
530,3.178158370957935e-06,0.995304119065157,0.004349996072322315,24.876928,26,969,2950,6123,91694,1554808,4352,0.007752,0.0236,0.048984,0.029487242154658325
531,3.4675002748425396e-06,0.9953058949097459,0.004349460488676629,24.876928,26,984,2911,6176,91728,1554808,4357,0.007872,0.023288,0.049408,0.029498175980571233
532,3.6159311278698553e-06,0.9953056327956219,0.004350646522535397,24.876928,26,950,2819,6863,91770,1554808,4355,0.0076,0.022552,0.054904,0.02951168247140483
533,3.7716172910380027e-06,0.9953031607402749,0.004355226395915095,24.876864,26,978,2917,6857,91799,1554804,4357,0.007824,0.023336,0.054856,0.029521084329600388
534,3.882957023312578e-06,0.9953046826750357,0.0043493583749448445,24.876864,26,968,2973,6719,91812,1554804,4405,0.007744,0.023784,0.053752,0.02952526492085176
535,3.4618528067080877e-06,0.9953039166006674,0.004348576842179998,24.876864,26,966,2993,6533,91838,1554804,4413,0.007728,0.023944,0.052264,0.029533626103354506
536,3.5072231659662653e-06,0.9953061225564629,0.004348355590949774,24.876864,26,1000,2984,7321,91887,1554804,4443,0.008,0.023872,0.058568,0.02954938371653276
537,3.858137493471278e-06,0.9953047293243228,0.004350970574257162,24.8768,26,950,2789,8641,91921,1554800,4329,0.0076,0.022312,0.069128,0.02956039361975817
538,3.8967149262963426e-06,0.9953030525705556,0.004354598280431346,24.8768,26,1000,2942,6611,91943,1554800,4387,0.008,0.023536,0.052888,0.029567468484692563
539,4.039521324904678e-06,0.995304877235194,0.004348859242123639,24.876736,26,921,2862,7285,91963,1554796,4255,0.007368,0.022896,0.05828,0.02957397626441025
540,3.661219544357262e-06,0.9953058607385622,0.004347617335978874,24.876736,26,952,2949,6499,91991,1554796,4335,0.007616,0.023592,0.051992,0.029582980661128536
541,3.4277132731189196e-06,0.9953064215223498,0.0043474510159105416,24.876736,26,1034,3077,6046,92015,1554796,4541,0.008272,0.024616,0.048368,0.02959069871545849
542,3.501139936728628e-06,0.9953051134950002,0.004350597521604248,24.876736,26,1028,3096,7166,92043,1554796,4603,0.008224,0.024768,0.057328,0.029599703112176773
543,3.8113341953759864e-06,0.9953014180242256,0.004355377416308045,24.876736,26,1038,2958,7962,92062,1554796,4444,0.008304,0.023664,0.063696,0.029605813238521322
544,3.764691770345875e-06,0.9953036185013018,0.0043495618561005195,24.876736,26,966,2992,7038,92088,1554796,4411,0.007728,0.023936,0.056304,0.029614174464045444
545,3.402049413050602e-06,0.9953047399855851,0.004348598566186932,24.876736,26,955,2965,6857,92145,1554796,4356,0.00764,0.02372,0.054856,0.029632504843079093
546,3.4343637140103994e-06,0.9953068728678283,0.004347878643054983,24.876656,26,976,2868,6527,92161,1554791,4320,0.007808,0.022944,0.052216,0.029637745523353298
547,3.513628096621984e-06,0.9953047684216255,0.004351452186147126,24.876656,26,960,2804,6487,92188,1554791,4330,0.00768,0.022432,0.051896,0.02964642836239726
548,3.904893221514718e-06,0.9953021142903502,0.004356089341603713,24.876656,26,973,2895,6879,92202,1554791,4321,0.007784,0.02316,0.055032,0.02965093057523487
549,4.086404050440989e-06,0.9953050521552552,0.00434873703724677,24.876656,26,915,2837,6770,92222,1554791,4214,0.00732,0.022696,0.05416,0.02965736230786003
550,3.6106071483105103e-06,0.9953075538453455,0.00434615308148376,24.876656,26,917,2845,6850,92258,1554791,4196,0.007336,0.02276,0.0548,0.02966893942658531
551,3.3120200109450264e-06,0.9953081894491639,0.004345967540267179,24.876656,26,987,2986,6934,92283,1554791,4435,0.007896,0.023888,0.055472,0.029676979092366756
552,3.3105406899789164e-06,0.9953043250562549,0.004351457342417605,24.876656,26,1057,3084,6754,92312,1554791,4605,0.008456,0.024672,0.054032,0.02968630510467323
553,3.790379878591091e-06,0.9953011808402389,0.004356629885086046,24.876656,26,1088,2935,7404,92336,1554791,4465,0.008704,0.02348,0.059232,0.02969402318382342
554,3.95517551693047e-06,0.9953025138845514,0.004351252000430523,24.876656,26,978,2932,7522,92349,1554791,4363,0.007824,0.023456,0.060176,0.029698203810029772
555,3.502027479760006e-06,0.9953050141888862,0.004347901050441074,24.876656,26,938,2906,7238,92371,1554791,4277,0.007504,0.023248,0.057904,0.029705278715917445
556,3.4316453179888426e-06,0.9953079810809067,0.004346500711425708,24.876656,26,928,2872,5896,92391,1554791,4264,0.007424,0.022976,0.047168,0.0297117104485426
557,3.454246319370993e-06,0.9953063399012039,0.0043498868615521324,24.876656,26,951,2805,6930,92417,1554791,4332,0.007608,0.02244,0.05544,0.029720071700955305
558,3.9494981846280955e-06,0.9953021986860691,0.0043567219039717525,24.876656,26,1004,2886,7223,92438,1554791,4340,0.008032,0.023088,0.057784,0.02972682502021172
559,4.123677429604652e-06,0.9953040066065111,0.0043496972247725404,24.876656,26,938,2852,6644,92474,1554791,4253,0.007504,0.022816,0.053152,0.029738402138937
560,3.505489468178702e-06,0.9953060629885432,0.004347324703864381,24.876656,26,920,2840,6208,92481,1554791,4198,0.00736,0.02272,0.049664,0.029740653245355807
561,3.2111458561642867e-06,0.9953069156675539,0.004347154556252077,24.876592,26,971,2986,5622,92511,1554787,4418,0.007768,0.023888,0.044976,0.02975037738288267
562,3.367256301395849e-06,0.9953042267395074,0.004352178705080182,24.876592,26,1055,3073,6625,92573,1554787,4598,0.00844,0.024584,0.053,0.029770315805316097
563,3.7725135798310402e-06,0.9953025043611708,0.004355656562022003,24.876592,26,1084,2950,7560,92608,1554787,4472,0.008672,0.0236,0.06048,0.029781571366367224
564,3.6697928592490883e-06,0.9953035231341356,0.004349715825142459,24.876592,26,981,2965,7334,92648,1554787,4399,0.007848,0.02372,0.058672,0.029794434864711374
565,3.1523666779502395e-06,0.9953046001777689,0.0043487756548176385,24.876592,26,965,2960,6013,92680,1554787,4360,0.00772,0.02368,0.048104,0.02980472566338669
566,3.3608831956641196e-06,0.9953066739653328,0.004348652218118659,24.876592,26,968,2916,5925,92720,1554787,4349,0.007744,0.023328,0.0474,0.029817589161730836
567,3.538840240560524e-06,0.9953057288375967,0.00435079964075972,24.876592,26,955,2774,6848,92742,1554787,4305,0.00764,0.022192,0.054784,0.029824664085820116
568,3.7446029676148773e-06,0.9953019757122877,0.004356974909883231,24.876528,26,980,2944,7091,92789,1554783,4377,0.00784,0.023552,0.056728,0.029839855465360762
569,3.972057148972034e-06,0.9953049654704726,0.004349790791420262,24.876528,26,948,2900,6645,92832,1554783,4307,0.007584,0.0232,0.05316,0.02985368376165677
570,3.3959745979455643e-06,0.9953052760371515,0.0043473966746273105,24.876528,26,932,2906,6565,92867,1554783,4283,0.007456,0.023248,0.05252,0.029864939351665152
571,3.212058293263876e-06,0.9953074107635602,0.004346713461839499,24.876528,26,989,2939,5872,92899,1554783,4401,0.007912,0.023512,0.046976,0.029875230176815672
572,3.703149185754461e-06,0.995304322013484,0.004352262868561222,24.876528,26,974,2803,6896,92926,1554783,4351,0.007792,0.022424,0.055168,0.02988391306053642
573,4.003180039190184e-06,0.9953022388930837,0.004356417488419111,24.876528,26,1016,2897,7100,92960,1554783,4371,0.008128,0.023176,0.0568,0.02989484706225885
574,3.977721469236675e-06,0.9953044998992716,0.004348893110677138,24.876528,26,932,2883,7066,92987,1554783,4283,0.007456,0.023064,0.056528,0.0299035299459796
575,3.609744062394698e-06,0.9953062550906605,0.004347046805263106,24.876528,26,925,2875,6621,93027,1554783,4242,0.0074,0.023,0.052968,0.02991639347741775
576,3.366026198012361e-06,0.9953072953938182,0.004346540435746973,24.876528,26,981,3006,6894,93091,1554783,4453,0.007848,0.024048,0.055152,0.029936975127718788
577,3.3674932600448263e-06,0.9953047854022544,0.004352098497721986,24.876464,26,1016,3064,6714,93113,1554779,4564,0.008128,0.024512,0.053712,0.029944127107453856
578,3.872490379015618e-06,0.9953017728124075,0.004357026560989891,24.876464,26,1052,2957,7595,93128,1554779,4455,0.008416,0.023656,0.06076,0.029948950944153476
579,3.879105198746873e-06,0.9953027806741946,0.00435020875045831,24.876464,26,952,2926,9186,93169,1554779,4340,0.007616,0.023408,0.073488,0.02996213609779911
580,3.4373144208621892e-06,0.9953049330905762,0.004348572062117855,24.876464,26,929,2925,6717,93203,1554779,4293,0.007432,0.0234,0.053736,0.02997307012765158
581,3.6777839976294078e-06,0.9953079130533214,0.004346899533229402,24.876464,26,943,2811,6843,93210,1554779,4243,0.007544,0.022488,0.054744,0.02997532125144474
582,3.485289694888198e-06,0.9953050068086744,0.004350576822257543,24.876464,26,949,2910,8580,93238,1554779,4410,0.007592,0.02328,0.06864,0.029984325746617364
583,3.8391303905892365e-06,0.9953026471520238,0.004356526457888488,24.876464,26,999,2969,8190,93274,1554779,4409,0.007992,0.023752,0.06552,0.029995902954696455
584,4.152627085161129e-06,0.9953048582130071,0.004349197951916574,24.876464,26,944,2987,7432,93284,1554779,4393,0.007552,0.023896,0.059456,0.029999118845829537
585,3.605616004782433e-06,0.9953049489979341,0.004347637102442724,24.876464,26,988,2972,7432,93332,1554779,4411,0.007904,0.023776,0.059456,0.030014555123268324
586,3.501291152975266e-06,0.9953064909416748,0.00434649397489332,24.8764,26,995,2937,6763,93360,1554775,4395,0.00796,0.023496,0.054104,0.030023636860639
587,3.515779216212806e-06,0.9953040671915296,0.004350625626928271,24.8764,26,948,2918,6664,93387,1554775,4395,0.007584,0.023344,0.053312,0.030032319789036997
588,3.720499890385914e-06,0.995301563576543,0.0043570715925223095,24.8764,26,1032,2969,6548,93407,1554775,4463,0.008256,0.023752,0.052384,0.030038751587850333
589,4.020174322411209e-06,0.9953042855246473,0.00435067229093658,24.8764,26,964,2942,7644,93428,1554775,4371,0.007712,0.023536,0.061152,0.030045504976604333
590,3.508760126327293e-06,0.9953047216334215,0.004348548675200109,24.8764,26,962,2929,6673,93462,1554775,4329,0.007696,0.023432,0.053384,0.030056439034586997
591,3.332261842689742e-06,0.9953068860800909,0.004347227851366609,24.8764,26,974,2961,6684,93488,1554775,4396,0.007792,0.023688,0.053472,0.03006480037304433
592,3.6347086707253037e-06,0.995306052088985,0.004350470036005176,24.8764,26,981,2822,7357,93506,1554775,4378,0.007848,0.022576,0.058856,0.03007058899197633
593,3.8155144370214154e-06,0.9953023228696275,0.004355636638958234,24.8764,26,1024,2973,7229,93525,1554775,4436,0.008192,0.023784,0.057832,0.030076699200849
594,3.812085420327462e-06,0.9953038108966716,0.00434998303166666,24.8764,26,978,2963,7292,93557,1554775,4395,0.007824,0.023704,0.058336,0.03008699007895033
595,3.326151886437762e-06,0.995303917653376,0.004348915227243447,24.8764,26,981,2952,6592,93588,1554775,4370,0.007848,0.023616,0.052736,0.030096959367110997
596,3.250853701879482e-06,0.995306590271014,0.004347578409467117,24.8764,26,988,2925,6122,93602,1554775,4377,0.007904,0.0234,0.048976,0.03010146162628033
597,3.4689325379975428e-06,0.9953045048172899,0.00435203089751087,24.8764,26,959,2768,6796,93626,1554775,4302,0.007672,0.022144,0.054368,0.03010917978485633
598,3.896076986350126e-06,0.9953020883142829,0.004357496873341723,24.8764,26,1013,2941,6459,93651,1554775,4398,0.008104,0.023528,0.051672,0.030117219533372996
599,4.0718970509138164e-06,0.9953047182076699,0.004349318995156945,24.8764,26,909,2834,6850,93670,1554775,4206,0.007272,0.022672,0.0548,0.03012332974224566
600,3.636517228429342e-06,0.9953055542796606,0.004348405441319168,24.8764,26,911,2838,6872,93684,1554775,4192,0.007288,0.022704,0.054976,0.030127832001414997
601,3.5814338865574006e-06,0.9953070093273892,0.00434683049558558,24.8764,26,969,2938,6061,93704,1554775,4381,0.007752,0.023504,0.048488,0.03013426380022833
602,3.5087332290543652e-06,0.99530483184925,0.004350503330392206,24.8764,26,981,3050,6992,93715,1554775,4525,0.007848,0.0244,0.055936,0.03013780128957566
603,3.869660639723571e-06,0.9953027504206698,0.004355517997291301,24.8764,26,1021,2938,7918,93730,1554775,4408,0.008168,0.023504,0.063344,0.030142625138685663
604,4.059633444208335e-06,0.9953038375079839,0.004349059164279128,24.8764,26,951,2951,7318,93748,1554775,4370,0.007608,0.023608,0.058544,0.030148413757617662
605,3.5755910732630235e-06,0.9953053719480326,0.004347638751875221,24.8764,26,974,2974,6988,93772,1554775,4382,0.007792,0.023792,0.055904,0.030156131916193662
606,3.6789882448304705e-06,0.9953065287881703,0.004347156885218429,24.8764,26,961,2867,6283,93780,1554775,4296,0.007688,0.022936,0.050264,0.030158704635718996
607,3.6448008468355172e-06,0.9953046016260122,0.004350728359532001,24.8764,26,940,2881,7379,93800,1554775,4362,0.00752,0.023048,0.059032,0.03016513643453233
608,3.816704986889282e-06,0.9953021422940447,0.004355849280862495,24.8764,26,1007,2936,7522,93817,1554775,4400,0.008056,0.023488,0.060176,0.03017060346352366
609,3.942210065167743e-06,0.9953041459961837,0.004349787487136406,24.8764,26,962,2944,8346,93835,1554775,4370,0.007696,0.023552,0.066768,0.03017639208245566
610,3.4040581371115003e-06,0.9953051314114661,0.004347681149900952,24.8764,26,970,2974,7307,93847,1554775,4377,0.00776,0.023792,0.058456,0.030180251161743662
611,3.434167255063179e-06,0.9953074538318754,0.004347065269795147,24.8764,26,991,2883,6505,93883,1554775,4340,0.007928,0.023064,0.05204,0.03019182839960766
612,3.5505898176037678e-06,0.9953051624250264,0.004350533360081649,24.8764,26,986,2871,7030,93911,1554775,4408,0.007888,0.022968,0.05624,0.030200832917946327
613,3.6643164688057645e-06,0.9953014216457737,0.00435645561356055,24.8764,26,1035,2990,7217,93922,1554775,4466,0.00828,0.02392,0.057736,0.03020437040729366
614,3.7923461637277524e-06,0.9953038225972913,0.004350159846102668,24.8764,26,965,2926,7234,93943,1554775,4347,0.00772,0.023408,0.057872,0.03021112379604766
615,3.4198397348098704e-06,0.9953047448329797,0.004348773174289239,24.8764,26,973,2955,6807,93969,1554775,4379,0.007784,0.02364,0.054456,0.03021948513450499
616,3.3848307427255507e-06,0.9953069793066638,0.004347233974301905,24.8764,26,1009,2954,6524,93990,1554775,4427,0.008072,0.023632,0.052192,0.030226238523258994
617,3.65163178523452e-06,0.9953049849236242,0.004350849301954679,24.876336,26,952,2779,8281,94040,1554771,4304,0.007616,0.022232,0.066248,0.03024239582549456
618,3.959001309114043e-06,0.995302674724522,0.004355176466586625,24.876336,26,978,2877,7891,94071,1554771,4310,0.007824,0.023016,0.063128,0.03025236513930347
619,4.042476838965448e-06,0.9953044616218565,0.004349008535690696,24.876336,26,915,2862,8889,94087,1554771,4240,0.00732,0.022896,0.071112,0.030257510591591943
620,3.690069511408274e-06,0.9953062798381853,0.004347597951167734,24.876336,26,926,2860,7216,94097,1554771,4221,0.007408,0.02288,0.057728,0.03026072649927224
621,3.454328334942006e-06,0.9953080437878821,0.004345500014712175,24.876336,26,975,2990,6136,94119,1554771,4428,0.0078,0.02392,0.049088,0.030267801496168888
622,3.250776615509951e-06,0.9953048295771685,0.004350388255946447,24.876336,26,1000,3107,7399,94149,1554771,4574,0.008,0.024856,0.059192,0.030277449219209773
623,3.6005690938110106e-06,0.9953025743982717,0.004356090562020508,24.876336,26,1073,3024,7782,94184,1554771,4535,0.008584,0.024192,0.062256,0.030288704896090805
624,3.7233631227454873e-06,0.9953031840839472,0.004351151649508664,24.876336,26,971,3011,7415,94212,1554771,4441,0.007768,0.024088,0.05932,0.030297709437595632
625,3.346056929330577e-06,0.9953031837284656,0.0043506801685180676,24.876336,26,969,2986,6917,94234,1554771,4387,0.007752,0.023888,0.055336,0.030304784434492284
626,3.6360846772418012e-06,0.9953068073410948,0.0043474998997031795,24.876272,26,981,2870,6522,94248,1554767,4318,0.007848,0.02296,0.052176,0.03030936468293963
627,3.684225811220229e-06,0.9953054290536966,0.004349479478622393,24.876272,26,924,2828,7950,94279,1554767,4334,0.007392,0.022624,0.0636,0.030319334022396924
628,3.7466005971232986e-06,0.9953045746850896,0.0043536813381945556,24.876208,26,999,3003,8239,94284,1554763,4453,0.007992,0.024024,0.065912,0.030321019988255444
629,3.967982744957917e-06,0.9953053387134533,0.004348394946786366,24.876208,26,958,2958,7550,94306,1554763,4386,0.007664,0.023664,0.0604,0.03032809502155634
630,3.4391981806637844e-06,0.9953036115901654,0.004348891625910312,24.876208,26,990,2934,6816,94325,1554763,4367,0.00792,0.023472,0.054528,0.03033420527758893
631,3.3009634879711877e-06,0.9953062293160808,0.004347230167575557,24.876144,26,1018,2973,7590,94344,1554759,4450,0.008144,0.023784,0.06072,0.030340393591546985
632,3.559145170058501e-06,0.9953044023013654,0.004351266836888052,24.876144,26,982,2818,6953,94355,1554759,4366,0.007856,0.022544,0.055624,0.030343931117298564
633,3.6951131645817718e-06,0.9953023309963976,0.004356247172406257,24.876144,26,1035,2950,6326,94370,1554759,4421,0.00828,0.0236,0.050608,0.030348755016050718
634,3.799933393143326e-06,0.9953040637869104,0.004350745858196476,24.876144,26,953,2993,6657,94389,1554759,4403,0.007624,0.023944,0.053256,0.030354865287803446
635,3.50954914865156e-06,0.9953042448199645,0.004349640869880786,24.876144,26,980,2976,6797,94405,1554759,4392,0.00784,0.023808,0.054376,0.030360010779805744
636,3.6664401776419084e-06,0.9953066061503336,0.004346760763821913,24.876144,26,947,2841,7087,94407,1554759,4253,0.007576,0.022728,0.056696,0.030360653966306033
637,3.6630244758512337e-06,0.9953073865102273,0.004347591514306687,24.876144,26,906,2720,7459,94422,1554759,4211,0.007248,0.02176,0.059672,0.030365477865058187
638,3.7954799372971352e-06,0.9953043763705548,0.004353673633989259,24.87608,26,966,2885,7061,94449,1554755,4305,0.007728,0.02308,0.056488,0.03037423902801406
639,3.817143812230417e-06,0.9953044061683034,0.004350195585046653,24.876,26,980,3014,6685,94468,1554750,4465,0.00784,0.024112,0.05348,0.03038044701720534
640,3.566707463308157e-06,0.9953031958653722,0.004350148445012616,24.876,26,981,2966,7368,94498,1554750,4388,0.007848,0.023728,0.058944,0.03039009487055797
641,3.5173428348796153e-06,0.9953052110055994,0.004347745566425327,24.876,26,989,2932,7450,94511,1554750,4383,0.007912,0.023456,0.0596,0.030394275607010773
642,3.5976322482731416e-06,0.9953061801119939,0.004348344236715318,24.876,26,940,2803,8214,94536,1554750,4320,0.00752,0.022424,0.065712,0.03040231548480463
643,3.7619445963338452e-06,0.995304473306898,0.004353488963185933,24.876,26,991,2904,8167,94555,1554750,4342,0.007928,0.023232,0.065336,0.030408425791927964
644,3.7461191775982496e-06,0.995305633145039,0.004349011697294356,24.876,26,973,2990,7208,94573,1554750,4435,0.007784,0.02392,0.057664,0.03041421450393954
645,3.3671834566127854e-06,0.995304209445778,0.004349844586862775,24.876,26,994,2998,6850,94598,1554750,4430,0.007952,0.023984,0.0548,0.030422254381733398
646,3.4525230198824137e-06,0.9953057592731036,0.004348335629400953,24.876,26,999,2913,7322,94608,1554750,4372,0.007992,0.023304,0.058576,0.03042547033285094
647,3.710831913059754e-06,0.9953049326824093,0.00435016927292594,24.876,26,921,2755,7286,94640,1554750,4255,0.007368,0.02204,0.058288,0.03043576137642708
648,3.8044164804902233e-06,0.9953040122341984,0.00435373089356175,24.876,26,970,2888,7206,94662,1554750,4308,0.00776,0.023104,0.057648,0.030442836468885674
649,3.7910208395132775e-06,0.9953050373196841,0.004348928004152497,24.876,26,949,2937,7468,94684,1554750,4355,0.007592,0.023496,0.059744,0.030449911561344266
650,3.3937571300595826e-06,0.9953042207683577,0.004349640894163638,24.876,26,990,3002,6565,94694,1554750,4424,0.00792,0.024016,0.05252,0.03045312751246181
651,3.3919628696056525e-06,0.9953059871956909,0.004347722565104642,24.876,26,1028,2931,6853,94722,1554750,4427,0.008224,0.023448,0.054824,0.03046213217559093
652,3.475066708083569e-06,0.995304504193519,0.004350422085761731,24.876,26,966,2766,7379,94736,1554750,4299,0.007728,0.022128,0.059032,0.03046663450715549
653,3.7942387261654777e-06,0.9953031635515285,0.004355036713281035,24.876,26,1001,2862,7239,94745,1554750,4309,0.008008,0.022896,0.057912,0.03046952886316128
654,3.983635886174566e-06,0.9953054564155663,0.004349205529392942,24.876,26,942,2892,7960,94773,1554750,4299,0.007536,0.023136,0.06368,0.0304785335262904
655,3.583999504382105e-06,0.9953045545717544,0.004349358054835017,24.876,26,961,2957,7315,94787,1554750,4352,0.007688,0.023656,0.05852,0.03048303585785496
656,3.7234309601011246e-06,0.9953074387117472,0.004346382935145885,24.876,26,933,2849,7119,94795,1554750,4254,0.007464,0.022792,0.056952,0.030485608618748994
657,3.6536285833730444e-06,0.9953063250775891,0.004348377196630891,24.876,26,930,2784,7765,94803,1554750,4293,0.00744,0.022272,0.06212,0.03048818137964303
658,3.7200187487993465e-06,0.9953045606486248,0.004352987180964536,24.875936,26,1000,2939,8683,94815,1554746,4379,0.008,0.023512,0.069464,0.030492118969915345
659,3.789450926825681e-06,0.995305217136089,0.004348688840987376,24.875888,26,966,2961,7843,94832,1554743,4414,0.007728,0.023688,0.062744,0.0304976449483934
660,3.3470092494477605e-06,0.9953034710379762,0.004350134765671717,24.875888,26,996,2967,7235,94848,1554743,4407,0.007968,0.023736,0.05788,0.03050279049334842
661,3.38794750087571e-06,0.9953054837521194,0.004348868899984787,24.875888,26,1029,2992,6609,94859,1554743,4479,0.008232,0.023936,0.052872,0.030506328055504992
662,3.623880051410992e-06,0.9953050146614639,0.004350541367449974,24.875888,26,976,2815,8194,94876,1554743,4360,0.007808,0.02252,0.065552,0.0305117951970197
663,3.7387826070682846e-06,0.9953025893575095,0.0043549009462299035,24.875888,26,987,2921,7820,94892,1554743,4354,0.007896,0.023368,0.06256,0.030516940741974717
664,3.787007685907141e-06,0.9953057407454614,0.004348368489926974,24.875888,26,951,2921,7733,94905,1554743,4344,0.007608,0.023368,0.061864,0.03052112149725067
665,3.509405399191251e-06,0.9953047959322875,0.004349129426439297,24.875888,26,960,2957,6894,94922,1554743,4352,0.00768,0.023656,0.055152,0.030526588638765378
666,3.5554778743478143e-06,0.9953068361264844,0.004347266345997071,24.875888,26,969,2888,6624,94945,1554743,4321,0.007752,0.023104,0.052992,0.030533985359638218
667,3.7115358755599444e-06,0.9953046336077545,0.0043507469506561015,24.875888,26,946,2765,6897,94957,1554743,4292,0.007568,0.02212,0.055176,0.03053784451835448
668,3.977359459732657e-06,0.9953027746510988,0.00435502420484208,24.875888,26,996,2881,7247,94983,1554743,4328,0.007968,0.023048,0.057976,0.030546206028906384
669,3.9139766278524905e-06,0.9953046781043772,0.004347929660984646,24.875888,26,935,2884,7508,94989,1554743,4296,0.00748,0.023072,0.060064,0.030548135608264516
670,3.4571060575615707e-06,0.9953052251467804,0.004348213180670772,24.875888,26,933,2902,6441,95003,1554743,4268,0.007464,0.023216,0.051528,0.03055263796010016
671,3.3752036396891524e-06,0.9953074125886922,0.004346647344828223,24.875888,26,984,2984,6321,95029,1554743,4428,0.007872,0.023872,0.050568,0.030560999470652064
672,3.2524562821724824e-06,0.9953056787907625,0.004350433032641768,24.875888,26,1036,3079,6675,95042,1554743,4580,0.008288,0.024632,0.0534,0.030565180225928017
673,3.6282179085804514e-06,0.9953021018361435,0.004356802557465728,24.875888,26,1113,2986,7359,95058,1554743,4535,0.008904,0.023888,0.058872,0.030570325770883033
674,3.8009368440373916e-06,0.9953036741368143,0.004349970159588713,24.875888,26,980,2960,7461,95075,1554743,4410,0.00784,0.02368,0.059688,0.03057579291239774
675,3.2615669370868104e-06,0.9953037789928052,0.0043494631056019825,24.875888,26,955,2957,7132,95084,1554743,4345,0.00764,0.023656,0.057056,0.030578687281434938
676,3.422515391038436e-06,0.9953067254448731,0.0043476910221165715,24.875888,26,991,2891,6724,95091,1554743,4347,0.007928,0.023128,0.053792,0.03058093845735276
677,3.5754581370958206e-06,0.9953050687911025,0.004350705850748869,24.875888,26,955,2828,6712,95094,1554743,4356,0.00764,0.022624,0.053696,0.030581903247031826
678,3.803936835664706e-06,0.9953028384307491,0.004355859976582966,24.875888,26,993,2917,7033,95104,1554743,4358,0.007944,0.023336,0.056264,0.03058511921262871
679,4.111481448025492e-06,0.9953054362115694,0.00434889111090723,24.875888,26,954,2865,7430,95128,1554743,4300,0.007632,0.02292,0.05944,0.03059283753006124
680,3.5357964738121685e-06,0.9953043376409474,0.0043483331223105074,24.875888,26,967,2947,6562,95136,1554743,4348,0.007736,0.023576,0.052496,0.030595410302538747
681,3.3795543627048352e-06,0.9953070802619058,0.004346465408496487,24.875888,26,983,2946,6912,95148,1554743,4392,0.007864,0.023568,0.055296,0.030599269461255012
682,3.5771842466468592e-06,0.9953055648391579,0.004349945240993849,24.875888,26,959,2769,7597,95156,1554743,4302,0.007672,0.022152,0.060776,0.03060184223373252
683,3.7023171408621407e-06,0.9953017817334614,0.004356521442051148,24.875888,26,1034,2937,7019,95171,1554743,4408,0.008272,0.023496,0.056152,0.03060666618212785
684,3.843679984220599e-06,0.9953044249005336,0.004350008980225461,24.875888,26,958,2965,7437,95181,1554743,4394,0.007664,0.02372,0.059496,0.030609882147724737
685,3.5750031921026708e-06,0.9953046003124137,0.004348883898361764,24.875888,26,963,2946,7636,95192,1554743,4342,0.007704,0.023568,0.061088,0.030613419709881313
686,3.5518018048128744e-06,0.9953068043120883,0.004346515886862376,24.875744,26,961,2893,7389,95207,1554734,4316,0.007688,0.023144,0.059112,0.030618420900295484
687,3.6245189605920133e-06,0.995305687400773,0.004349092071619114,24.875696,26,896,2743,7581,95214,1554731,4220,0.007168,0.021944,0.060648,0.030620731174717683
688,3.890127458720608e-06,0.9953033012105618,0.004355506139102145,24.875696,26,963,2880,7180,95228,1554731,4296,0.007704,0.02304,0.05744,0.030625233561304175
689,3.9807986409806924e-06,0.9953046355023193,0.004349757586042622,24.875696,26,904,2884,7036,95250,1554731,4272,0.007232,0.023072,0.056288,0.0306323087402258
690,3.5662901085264015e-06,0.9953052124318795,0.004349342180887794,24.875696,26,924,2907,7095,95261,1554731,4269,0.007392,0.023256,0.05676,0.030635846329686616
691,3.5122212036923105e-06,0.9953069419368321,0.004346970293888331,24.875696,26,986,2978,6756,95268,1554731,4433,0.007888,0.023824,0.054048,0.03063809752297986
692,3.4953949626750244e-06,0.995304797098171,0.0043497252687599575,24.875648,26,987,3068,7902,95278,1554728,4533,0.007896,0.024544,0.063216,0.03064137263881528
693,3.7155175503201376e-06,0.9953029246163838,0.004354656113203829,24.875648,26,1048,3015,7311,95296,1554728,4501,0.008384,0.02412,0.058488,0.03064716143273936
694,3.8114575123040953e-06,0.9953041632757182,0.004349419408176489,24.875648,26,971,2966,7505,95308,1554728,4414,0.007768,0.023728,0.06004,0.030651020628688748
695,3.3448524959442347e-06,0.9953036989214394,0.0043495842503799165,24.875648,26,980,3015,7262,95321,1554728,4428,0.00784,0.02412,0.058096,0.030655201424300584
696,3.5366408139537696e-06,0.9953067355637206,0.004347660299110379,24.875648,26,1001,2904,7158,95336,1554728,4371,0.008008,0.023232,0.057264,0.03066002541923732
697,3.6207274477898972e-06,0.9953052602437801,0.004349723828911183,24.875648,26,923,2821,7731,95357,1554728,4322,0.007384,0.022568,0.061848,0.03066677901214875
698,3.755724379155864e-06,0.9953032955597951,0.0043549448344093146,24.875648,26,974,2939,7376,95382,1554728,4365,0.007792,0.023512,0.059008,0.030674819003709972
699,3.909770077664213e-06,0.9953051801041362,0.004348904242806646,24.875648,26,940,2913,7197,95416,1554728,4336,0.00752,0.023304,0.057576,0.03068575339223324
700,3.3717522484213286e-06,0.9953039657947598,0.004349243619551096,24.875648,26,971,2964,6786,95436,1554728,4373,0.007768,0.023712,0.054288,0.03069218538548222
701,3.474101387501328e-06,0.9953063337791341,0.004348298393779283,24.875648,26,1018,2984,6566,95439,1554728,4461,0.008144,0.023872,0.052528,0.030693150184469567
702,3.7868691440490673e-06,0.995305332937205,0.004350175838625214,24.875648,26,953,2806,7314,95466,1554728,4343,0.007624,0.022448,0.058512,0.03070183337535569
703,3.884582171320753e-06,0.9953021298742101,0.0043555786651998905,24.875648,26,1024,2940,7419,95472,1554728,4404,0.008192,0.02352,0.059352,0.030703762973330384
704,3.97131623004473e-06,0.9953046451625314,0.004347924808398651,24.875648,26,921,2886,7219,95492,1554728,4289,0.007368,0.023088,0.057752,0.03071019496657936
705,3.584673118471156e-06,0.9953051985964546,0.004348224636813493,24.875648,26,929,2892,7109,95504,1554728,4254,0.007432,0.023136,0.056872,0.030714054162528752
706,3.4388394895554457e-06,0.9953071786406112,0.004346821870057044,24.875648,26,981,2975,6436,95511,1554728,4412,0.007848,0.0238,0.051488,0.030716305360165893
707,3.3388131834000615e-06,0.9953060729300631,0.00435002201147407,24.875648,26,997,3097,7410,95562,1554728,4582,0.007976,0.024776,0.05928,0.030732706942950792
708,3.761342608361542e-06,0.9953021496898239,0.00435646358636781,24.875648,26,1061,2961,7635,95571,1554728,4470,0.008488,0.023688,0.06108,0.030735601339912835
709,3.923746929950692e-06,0.9953033731938046,0.004350255079102141,24.875648,26,972,2948,6999,95598,1554728,4403,0.007776,0.023584,0.055992,0.030744284530798957
710,3.565548579092973e-06,0.9953038075682207,0.004349003754129023,24.875648,26,930,2892,7031,95602,1554728,4261,0.00744,0.023136,0.056248,0.030745570929448754
711,3.6433036562475137e-06,0.9953074016357811,0.004346267451905065,24.875648,26,928,2845,6760,95623,1554728,4245,0.007424,0.02276,0.05408,0.03075232452236018
712,3.5797747937331176e-06,0.9953068203069819,0.004348191310194608,24.875648,26,933,2803,8225,95654,1554728,4316,0.007464,0.022424,0.0658,0.0307622941118961
713,3.853979487106172e-06,0.9953030479552827,0.00435567854896266,24.875648,26,1008,2945,7830,95663,1554728,4392,0.008064,0.02356,0.06264,0.030765188508858142
714,4.0304324185558985e-06,0.9953041242747308,0.004349916830913039,24.875648,26,957,2980,8380,95670,1554728,4419,0.007656,0.02384,0.06704,0.030767439706495283
715,3.608677253232283e-06,0.9953041997234552,0.004349247520629929,24.875648,26,973,3000,7122,95696,1554728,4408,0.007784,0.024,0.056976,0.03077580129771896
716,3.4952337669005547e-06,0.9953066372611347,0.004346168847356798,24.875648,26,981,2962,7686,95710,1554728,4403,0.007848,0.023696,0.061488,0.030780303692993245
717,3.342039230447683e-06,0.9953054036846086,0.004348668357359269,24.875648,26,944,2974,9230,95724,1554728,4425,0.007552,0.023792,0.07384,0.03078480608826753
718,3.53069042907994e-06,0.9953029541897465,0.004355900934048288,24.875648,26,1057,2983,7055,95738,1554728,4485,0.008456,0.023864,0.05644,0.030789308483541816
719,3.76328767874884e-06,0.9953032161129317,0.004351971408158427,24.875648,26,987,3020,7224,95760,1554728,4493,0.007896,0.02416,0.057792,0.030796383676115695
720,3.4358281125308484e-06,0.9953033546937995,0.004351239021996029,24.875648,26,994,3020,7412,95772,1554728,4446,0.007952,0.02416,0.059296,0.030800242872065082
721,3.50242993984134e-06,0.9953070980978224,0.004346476948573892,24.875648,26,1006,2895,7086,95784,1554728,4363,0.008048,0.02316,0.056688,0.03080410206801447
722,3.4680972165690164e-06,0.9953057738748352,0.004347844896575818,24.875648,26,914,2795,7397,95819,1554728,4292,0.007312,0.02236,0.059176,0.030815358056200184
723,3.5948444390200817e-06,0.9953038632297041,0.004354224336583634,24.875648,26,953,2926,6338,95840,1554728,4333,0.007624,0.023408,0.050704,0.030822111649111614
724,3.870225045702363e-06,0.9953053640937382,0.0043500919950002995,24.875648,26,921,2907,7192,95847,1554728,4313,0.007368,0.023256,0.057536,0.030824362846748755
725,3.531708710813582e-06,0.9953035560495326,0.004351064596173648,24.875648,26,956,2921,7299,95852,1554728,4311,0.007648,0.023368,0.058392,0.030825970845061
726,3.511711031218753e-06,0.9953073415115586,0.004347090450297451,24.875648,26,957,2885,7067,95863,1554728,4310,0.007656,0.02308,0.056536,0.03082950844134794
727,3.5848653075585172e-06,0.9953049237248367,0.004349777850796141,24.875648,26,926,2771,7382,95880,1554728,4272,0.007408,0.022168,0.059056,0.030834975635609572
728,3.762594671715339e-06,0.9953027659411533,0.004355092426511048,24.875648,26,1023,2944,6916,95905,1554728,4407,0.008184,0.023552,0.055328,0.0308430156271708
729,3.9864506516672524e-06,0.9953045952748979,0.0043495892387571304,24.875648,26,969,2938,7973,95911,1554728,4394,0.007752,0.023504,0.063784,0.03084494522514549
730,3.5598449057947362e-06,0.995303832127588,0.004348988039415725,24.875648,26,980,2921,7471,95930,1554728,4335,0.00784,0.023368,0.059768,0.030851055618732023
731,3.3474289409579145e-06,0.9953073948985683,0.004345545865040689,24.875648,26,976,2913,7769,95946,1554728,4366,0.007808,0.023304,0.062152,0.030856201213331207
732,3.532188857899696e-06,0.9953066287737258,0.004349076237560754,24.875648,26,936,2767,8895,95978,1554728,4281,0.007488,0.022136,0.07116,0.030866492402529574
733,3.8134265031043865e-06,0.9953027701989128,0.004355989928418445,24.875648,26,982,2886,7574,95993,1554728,4315,0.007856,0.023088,0.060592,0.03087131639746631
734,3.863807444629828e-06,0.9953043007615723,0.004350784407099049,24.875648,26,959,2948,7148,95999,1554728,4393,0.007672,0.023584,0.057184,0.030873245995441004
735,3.6367765475567177e-06,0.995303156095583,0.00435088469991513,24.875648,26,959,2931,7833,96001,1554728,4328,0.007672,0.023448,0.062664,0.030873889194765903
736,3.6755816960539527e-06,0.9953073521015331,0.004346287499299551,24.875648,26,978,2899,7627,96030,1554728,4341,0.007824,0.023192,0.061016,0.030883215584976923
737,3.6809772215778783e-06,0.9953058185162958,0.004348596739418934,24.875648,26,938,2745,7835,96048,1554728,4257,0.007504,0.02196,0.06268,0.030889004378901005
738,3.824472607998299e-06,0.9953031226702213,0.004354125473287065,24.875648,26,995,2907,8126,96072,1554728,4343,0.00796,0.023256,0.065008,0.03089672277079978
739,3.7573962825553534e-06,0.9953046435607991,0.004349145294422675,24.875648,26,960,2979,6619,96082,1554728,4422,0.00768,0.023832,0.052952,0.03089993876742427
740,3.3875805466111435e-06,0.9953035167408427,0.004351112071320964,24.875648,26,984,2981,6742,96113,1554728,4399,0.007872,0.023848,0.053936,0.030909908356960187
741,3.433565500882219e-06,0.9953069117224738,0.0043470939559179765,24.875648,26,1006,2951,6899,96131,1554728,4427,0.008048,0.023608,0.055192,0.03091569715088427
742,3.4850393787165543e-06,0.995305174490034,0.004350119801572202,24.875648,26,976,2813,7362,96151,1554728,4351,0.007808,0.022504,0.058896,0.03092212914413325
743,3.736337756600176e-06,0.9953029690843492,0.004355059253054348,24.875648,26,1017,2941,6538,96162,1554728,4402,0.008136,0.023528,0.052304,0.030925666740420188
744,3.986406033041842e-06,0.9953048048174156,0.004349605266406414,24.875648,26,958,2941,7770,96191,1554728,4368,0.007664,0.023528,0.06216,0.03093499313063121
745,3.605197371893987e-06,0.9953041054107886,0.0043493828727396554,24.875648,26,966,2922,7723,96213,1554728,4323,0.007728,0.023376,0.061784,0.030942068323205087
746,3.57449210702729e-06,0.9953080104120917,0.004345132649362581,24.875648,26,962,2858,8084,96217,1554728,4293,0.007696,0.022864,0.064672,0.030943354721854884
747,3.5551254671317977e-06,0.9953057963569724,0.004348791360200227,24.875648,26,935,2781,7535,96228,1554728,4291,0.00748,0.022248,0.06028,0.030946892318141822
748,3.716206822774568e-06,0.9953035092977904,0.004354981231499529,24.875648,26,1005,2935,7297,96235,1554728,4382,0.00804,0.02348,0.058376,0.030949143515778967
749,3.836417796788393e-06,0.9953045328240203,0.0043501011718320185,24.875648,26,962,2978,7117,96241,1554728,4419,0.007696,0.023824,0.056936,0.03095107311375366
750,3.428859502359207e-06,0.9953033193315249,0.004350476055223312,24.875648,26,991,2965,7243,96242,1554728,4392,0.007928,0.02372,0.057944,0.030951394713416108
751,3.3745813631144626e-06,0.9953059918128859,0.00434751685208256,24.875648,26,1020,2926,7039,96246,1554728,4422,0.00816,0.023408,0.056312,0.030952681112065904
752,3.467231040943539e-06,0.9953054940822346,0.0043492981301144745,24.875648,26,954,2796,7221,96276,1554728,4327,0.007632,0.022368,0.057768,0.030962329101939374
753,3.7297295052820347e-06,0.9953031040390892,0.004355387799789225,24.875648,26,1029,2934,6483,96289,1554728,4404,0.008232,0.023472,0.051864,0.03096650989755121
754,3.964397211943071e-06,0.9953049796394358,0.004349495146819576,24.875648,26,971,2917,7090,96304,1554728,4360,0.007768,0.023336,0.05672,0.030971333892487945
755,3.5248178931644215e-06,0.9953040168068628,0.004349525084792771,24.875648,26,970,2940,6463,96308,1554728,4345,0.00776,0.02352,0.051704,0.03097262029113774
756,3.5094844918868615e-06,0.9953069491865074,0.004346686230674177,24.875648,26,955,2882,7792,96319,1554728,4309,0.00764,0.023056,0.062336,0.030976157887424683
757,3.575215623828467e-06,0.9953063622815617,0.004348973147032937,24.875648,26,921,2779,8447,96331,1554728,4275,0.007368,0.022232,0.067576,0.03098001708337407
758,3.7678505051057147e-06,0.9953036372451443,0.0043551150943367724,24.875648,26,1005,2927,6814,96337,1554728,4373,0.00804,0.023416,0.054512,0.030981946681348762
759,3.915787429661198e-06,0.9953034570472634,0.004350749592043203,24.8756,26,988,2967,6959,96363,1554725,4431,0.007904,0.023736,0.055672,0.030990368071523902
760,3.470775072807879e-06,0.9953032637741205,0.004349544404661056,24.8756,26,980,2986,7049,96380,1554725,4400,0.00784,0.023888,0.056392,0.030995835276335044
761,3.3737752851034403e-06,0.9953063031101811,0.00434712899592838,24.8756,26,973,2969,6826,96387,1554725,4414,0.007784,0.023752,0.054608,0.0309980864783161
762,3.607387466557431e-06,0.9953053925327309,0.004350115155884632,24.8756,26,959,2792,7274,96416,1554725,4327,0.007672,0.022336,0.058192,0.03100741288652334
763,3.86504756838645e-06,0.9953030707833138,0.004354813090891564,24.8756,26,1010,2897,7016,96425,1554725,4358,0.00808,0.023176,0.056128,0.031010307289070414
764,3.887075410061949e-06,0.9953048257648717,0.004348996859065551,24.8756,26,936,2914,7475,96433,1554725,4324,0.007488,0.023312,0.0598,0.03101288009133448
765,3.524683305071702e-06,0.9953055366312216,0.004348655823305725,24.8756,26,930,2915,6778,96445,1554725,4288,0.00744,0.02332,0.054224,0.031016739294730578
766,3.4745144896490537e-06,0.9953072523667239,0.00434708628008372,24.8756,26,968,2956,6477,96461,1554725,4395,0.007744,0.023648,0.051816,0.031021884899258712
767,3.397268028465949e-06,0.9953047828338512,0.0043503587962530794,24.8756,26,958,3003,7242,96482,1554725,4461,0.007664,0.024024,0.057936,0.031028638505201885
768,3.744662605970291e-06,0.9953033527762848,0.004355026213597017,24.8756,26,1020,2935,8281,96506,1554725,4398,0.00816,0.02348,0.066248,0.031036356911994082
769,3.874029704752164e-06,0.9953043078469604,0.004349613896168421,24.8756,26,958,2941,7187,96534,1554725,4387,0.007664,0.023528,0.057496,0.031045361719918313
770,3.4759693400343544e-06,0.9953036512814356,0.00434986445468879,24.8756,26,952,2978,6707,96543,1554725,4365,0.007616,0.023824,0.053656,0.03104825612246539
771,3.487140819090739e-06,0.9953071890156858,0.004346683256090339,24.8756,26,951,2914,6931,96561,1554725,4341,0.007608,0.023312,0.055448,0.031054044927559536
772,3.634731988150169e-06,0.9953051328073812,0.004349831067777067,24.8756,26,891,2737,9010,96578,1554725,4213,0.007128,0.021896,0.07208,0.031059512132370678
773,3.8286814722621355e-06,0.9953036873796962,0.004354639363490578,24.8756,26,993,2890,7513,96582,1554725,4337,0.007944,0.02312,0.060104,0.031060798533502708
774,3.950982854431993e-06,0.9953046897108129,0.004349419303407627,24.8756,26,967,2971,7330,96606,1554725,4415,0.007736,0.023768,0.05864,0.03106851694029491
775,3.522805001825444e-06,0.9953035296201066,0.004349526045425109,24.8756,26,988,2982,6825,96609,1554725,4403,0.007904,0.023856,0.0546,0.031069481741143934
776,3.555880738980455e-06,0.9953064103740973,0.004346900509022103,24.8756,26,972,2881,7888,96610,1554725,4327,0.007776,0.023048,0.063104,0.03106980334142694
777,3.483034377073504e-06,0.9953052790396274,0.004349315998722181,24.8756,26,920,2795,8841,96634,1554725,4286,0.00736,0.02236,0.070728,0.03107752174821914
778,3.5288687703145895e-06,0.9953035527464181,0.00435487753070741,24.8756,26,999,2961,7458,96649,1554725,4406,0.007992,0.023688,0.059664,0.031082345752464262
779,3.7017272461803363e-06,0.9953050759463526,0.0043498503609624255,24.8756,26,964,2971,7399,96667,1554725,4420,0.007712,0.023768,0.059192,0.03108813455755841
780,3.406591240867437e-06,0.9953040720652063,0.004350484323659198,24.8756,26,987,2962,7606,96673,1554725,4396,0.007896,0.023696,0.060848,0.03109006415925646
781,3.505052475631102e-06,0.9953062478061281,0.004347919866888481,24.8756,26,1004,2935,7456,96679,1554725,4400,0.008032,0.02348,0.059648,0.03109199376095451
782,3.654167194714387e-06,0.9953043810258948,0.004350085358689138,24.8756,26,917,2770,7518,96699,1554725,4280,0.007336,0.02216,0.060144,0.031098425766614674
783,3.76258498981219e-06,0.9953035631068807,0.004353979807582734,24.8756,26,973,2902,7570,96729,1554725,4329,0.007784,0.023216,0.06056,0.03110807377510492
784,3.861956698247357e-06,0.9953051340272382,0.004348969795148125,24.8756,26,952,2926,7401,96733,1554725,4373,0.007616,0.023408,0.059208,0.031109360176236955
785,3.5145604840242666e-06,0.9953042028451189,0.004349446435180682,24.8756,26,963,2922,6946,96739,1554725,4327,0.007704,0.023376,0.055568,0.031111289777935005
786,3.60610404153856e-06,0.9953070440986552,0.004347436136795181,24.8756,26,962,2893,6492,96756,1554725,4329,0.007696,0.023144,0.051936,0.031116756982746144
787,3.7839378630745145e-06,0.9953047160238109,0.004350701164429004,24.8756,26,935,2791,7617,96770,1554725,4300,0.00748,0.022328,0.060936,0.03112125938670826
788,3.867703503504573e-06,0.995303023241845,0.004354484279596562,24.8756,26,1019,2962,7471,96783,1554725,4423,0.008152,0.023696,0.059768,0.031125440190387366
789,4.00620990844588e-06,0.995304277307965,0.004348982575470951,24.8756,26,947,2933,7483,96788,1554725,4364,0.007576,0.023464,0.059864,0.031127048191802408
790,3.60923745789752e-06,0.9953046431818994,0.004348335575967776,24.8756,26,965,2927,7040,96790,1554725,4326,0.00772,0.023416,0.05632,0.031127691392368425
791,3.4835744963577353e-06,0.9953068695547438,0.004346456876840268,24.8756,26,966,2915,7042,96801,1554725,4357,0.007728,0.02332,0.056336,0.031131228995481517
792,3.3951440022177273e-06,0.995305232169562,0.0043500913454949915,24.8756,26,935,2950,7777,96818,1554725,4396,0.00748,0.0236,0.062216,0.031136696200292656
793,3.7370860921539314e-06,0.9953030987505335,0.004356295608531755,24.8756,26,1022,2900,7757,96828,1554725,4379,0.008176,0.0232,0.062056,0.03113991220312274
794,3.7736915888814927e-06,0.9953038827913046,0.004350603744215648,24.8756,26,962,2950,7193,96837,1554725,4394,0.007696,0.0236,0.057544,0.03114280660566981
795,3.2517393569941225e-06,0.995303846656405,0.0043500103910969765,24.8756,26,984,3019,6874,96854,1554725,4436,0.007872,0.024152,0.054992,0.031148273810480954
796,3.55238624957039e-06,0.9953065066712659,0.0043481868155596,24.8756,26,1033,2970,7198,96877,1554725,4468,0.008264,0.02376,0.057584,0.031155670616990143
797,3.751134101616245e-06,0.9953052110473649,0.0043495110220010446,24.87552,26,928,2818,8242,96923,1554720,4326,0.007424,0.022544,0.065936,0.03117056447463209
798,3.7291708361899013e-06,0.995303620470441,0.004353924174394823,24.875456,26,984,2935,8007,96945,1554716,4371,0.007872,0.02348,0.064056,0.03117771991797859
799,4.000537934501929e-06,0.9953051006957149,0.0043489224302894255,24.875456,26,943,2921,7187,96955,1554716,4347,0.007544,0.023368,0.057496,0.031180935939425593
800,3.5831484773233066e-06,0.9953046998066882,0.004348527424311358,24.875456,26,971,2919,7282,96969,1554716,4334,0.007768,0.023352,0.058256,0.0311854383694514
801,3.5364247959043694e-06,0.9953072088189775,0.0043469074456589625,24.875456,26,943,2843,6373,96979,1554716,4254,0.007544,0.022744,0.050984,0.031188654390898404
802,3.6050684579892615e-06,0.9953045549305815,0.004350970274404733,24.875456,26,935,2769,7242,97003,1554716,4283,0.00748,0.022152,0.057936,0.03119637284237121
803,3.7608168981836517e-06,0.9953026851996906,0.004355686123081449,24.875456,26,1023,2949,7070,97013,1554716,4410,0.008184,0.023592,0.05656,0.031199588863818215
804,3.9353777050366794e-06,0.9953042511976299,0.0043501766850529795,24.875456,26,973,2953,6991,97025,1554716,4401,0.007784,0.023624,0.055928,0.03120344808955462
805,3.5650174006970033e-06,0.9953034536392423,0.0043493961063675556,24.875456,26,974,2922,7157,97032,1554716,4329,0.007792,0.023376,0.057256,0.031205699304567524
806,3.372901476086925e-06,0.9953068733906173,0.0043463860250520375,24.875456,26,984,2946,6515,97037,1554716,4394,0.007872,0.023568,0.05212,0.031207307315291023
807,3.653777165473906e-06,0.995306347419773,0.004349580849031136,24.875456,26,942,2776,7134,97067,1554716,4287,0.007536,0.022208,0.057072,0.031216955379632035
808,3.819328299352646e-06,0.9953035951516314,0.00435427036007656,24.875456,26,984,2892,7165,97110,1554716,4326,0.007872,0.023136,0.05732,0.03123078427185415
809,3.7100570212695705e-06,0.995304491532787,0.004349564485585126,24.875456,26,961,2944,6819,97123,1554716,4384,0.007688,0.023552,0.054552,0.031234965099735258
810,3.389233127471076e-06,0.9953036792909722,0.004350377275342466,24.875456,26,977,2980,6546,97134,1554716,4390,0.007816,0.02384,0.052368,0.031238502723326962
811,3.4775314723303577e-06,0.9953065975334742,0.004347434335784033,24.875456,26,990,2885,6642,97148,1554716,4347,0.00792,0.02308,0.053136,0.031243005153352765
812,3.5125311984070367e-06,0.9953043116442761,0.004350885257115542,24.875456,26,928,2752,7223,97174,1554716,4258,0.007424,0.022016,0.057784,0.03125136680911498
813,3.6629916595176378e-06,0.9953035270580027,0.004354849350308282,24.875456,26,988,2913,6942,97192,1554716,4349,0.007904,0.023304,0.055536,0.03125715564771958
814,3.835470555316548e-06,0.9953045209292283,0.004350412848955881,24.875456,26,961,3001,6693,97211,1554716,4442,0.007688,0.024008,0.053544,0.03126326608846889
815,3.57423035310995e-06,0.9953043721157568,0.004349763206910877,24.875456,26,977,2956,6857,97219,1554716,4376,0.007816,0.023648,0.054856,0.031265838905626495
816,3.6778008277028666e-06,0.9953064804608411,0.004347245366090589,24.875456,26,984,2921,6900,97241,1554716,4380,0.007872,0.023368,0.0552,0.0312729141528099
817,3.905215017330174e-06,0.9953051141641867,0.004349680359725207,24.875456,26,938,2794,8248,97263,1554716,4309,0.007504,0.022352,0.065984,0.03127998939999331
818,4.004041916164479e-06,0.9953041906216412,0.004352519628264112,24.875392,26,978,2919,8573,97265,1554712,4344,0.007824,0.023352,0.068584,0.031280713083838035
819,4.085760511092057e-06,0.9953052715718276,0.004347987649794004,24.87528,26,898,2785,7927,97284,1554705,4175,0.007184,0.02228,0.063416,0.031286964408038825
820,3.6672384455353424e-06,0.9953050869280359,0.00434915694289316,24.87528,26,948,2892,7227,97287,1554705,4272,0.007584,0.023136,0.057816,0.031287929221299214
821,3.4851667911437568e-06,0.9953068320934539,0.004347403395102136,24.87528,26,1017,3033,6559,97297,1554705,4485,0.008136,0.024264,0.052472,0.03129114526550053
822,3.3592453363944303e-06,0.9953043775709417,0.004351065020070951,24.87528,26,1001,3067,7753,97313,1554705,4542,0.008008,0.024536,0.062024,0.031296290936222625
823,3.6816652091444205e-06,0.9953024528615936,0.004355753637984157,24.87528,26,1081,2978,7741,97317,1554705,4503,0.008648,0.023824,0.061928,0.03129757735390315
824,3.7617411083118377e-06,0.9953032484690306,0.00434999437856035,24.87528,26,969,2974,7865,97327,1554705,4407,0.007752,0.023792,0.06292,0.031300793398104466
825,3.2847703340336116e-06,0.9953033239623159,0.004349754039978038,24.87528,26,973,2974,6639,97341,1554705,4383,0.007784,0.023792,0.053112,0.0313052958599863
826,3.3987598103833846e-06,0.9953068320980732,0.0043470123133466255,24.87528,26,977,2852,7167,97347,1554705,4299,0.007816,0.022816,0.057336,0.031307225486507086
827,3.4320398128244717e-06,0.9953058451396593,0.004350113566819,24.87528,26,944,2800,6938,97362,1554705,4327,0.007552,0.0224,0.055504,0.03131204955280906
828,3.6953892583855232e-06,0.9953027306821912,0.00435635249413529,24.87528,26,983,2872,6569,97380,1554705,4315,0.007864,0.022976,0.052552,0.03131783843237142
829,4.011745708540955e-06,0.9953044189713011,0.004350837888993746,24.87528,26,933,2877,6508,97405,1554705,4280,0.007464,0.023016,0.052064,0.03132587854287469
830,3.6927831228689715e-06,0.9953042056632563,0.004349400489146393,24.87528,26,947,2854,6634,97409,1554705,4247,0.007576,0.022832,0.053072,0.031327164960555216
831,3.813729403144122e-06,0.995307655353434,0.004346333966181976,24.87528,26,942,2845,6342,97418,1554705,4252,0.007536,0.02276,0.050736,0.031330059400336396
832,3.7931723604297486e-06,0.9953060165847072,0.00434831746046608,24.87528,26,951,2768,7083,97425,1554705,4296,0.007608,0.022144,0.056664,0.03133231063127732
833,3.7367743288390615e-06,0.9953028146929335,0.00435421121812534,24.87528,26,1031,2968,6881,97427,1554705,4438,0.008248,0.023744,0.055048,0.031332953840117576
834,3.818657542662648e-06,0.9953041037382875,0.0043497011355907765,24.87528,26,987,3027,7819,97439,1554705,4490,0.007896,0.024216,0.062552,0.03133681309315915
835,3.5523316361008455e-06,0.9953029025605399,0.004351220927181304,24.87528,26,1003,3000,6856,97441,1554705,4435,0.008024,0.024,0.054848,0.03133745630199941
836,3.4178132564668036e-06,0.9953056457631431,0.004348052684849453,24.87528,26,1020,2973,7722,97448,1554705,4453,0.00816,0.023784,0.061776,0.03133970753294033
837,3.4671938664574643e-06,0.9953051642247663,0.004350343008267618,24.87528,26,974,2800,8251,97457,1554705,4345,0.007792,0.0224,0.066008,0.03134260197272151
838,3.7289323628438945e-06,0.9953028402370687,0.0043555371761025904,24.87528,26,1045,2942,6644,97462,1554705,4437,0.00836,0.023536,0.053152,0.03134420999482217
839,3.772013458218219e-06,0.9953043818913474,0.004349609036158671,24.87528,26,987,3055,6832,97473,1554705,4509,0.007896,0.02444,0.054656,0.03134774764344361
840,3.4332257496478435e-06,0.9953040693514091,0.0043498257322164315,24.875232,26,1006,3005,7451,97480,1554702,4444,0.008048,0.02404,0.059608,0.031350059368290516
841,3.4310889553293314e-06,0.9953063123368814,0.004346822493647148,24.875232,26,1003,2910,7897,97486,1554702,4380,0.008024,0.02328,0.063176,0.031351988998534766
842,3.3178386857822903e-06,0.995304524322619,0.004349909351951657,24.875184,26,967,2804,7289,97505,1554699,4356,0.007736,0.022432,0.058312,0.03135816000396218
843,3.59315025593727e-06,0.9953020932705847,0.004356521849337735,24.875184,26,999,2909,6848,97516,1554699,4363,0.007992,0.023272,0.054784,0.03136169766623636
844,3.7992702627165565e-06,0.9953045410044945,0.004350821726365208,24.875184,26,960,2970,6483,97525,1554699,4398,0.00768,0.02376,0.051864,0.03136459211718796
845,3.661381143972068e-06,0.9953040877463759,0.00435185547937087,24.875184,26,983,2924,6339,97535,1554699,4348,0.007864,0.023392,0.050712,0.031367808173800846
846,3.7529590845201063e-06,0.9953063377438026,0.004347638090620239,24.875184,26,981,2867,6601,97540,1554699,4328,0.007848,0.022936,0.052808,0.031369416202107286
847,3.6898537199097273e-06,0.9953051302537891,0.004349003399408528,24.875184,26,918,2765,8086,97545,1554699,4262,0.007344,0.02212,0.064688,0.031371024230413734
848,3.8289919092264385e-06,0.9953037582369477,0.004353366737260092,24.875184,26,968,2891,6391,97562,1554699,4312,0.007744,0.023128,0.051128,0.03137649152665564
849,3.8687936885153595e-06,0.9953057126523808,0.00434832059699879,24.875184,26,940,2983,7442,97593,1554699,4395,0.00752,0.023864,0.059536,0.0313864613021556
850,3.5244907934336926e-06,0.9953046028012011,0.004349956115365556,24.875184,26,957,2966,7559,97603,1554699,4357,0.007656,0.023728,0.060472,0.031389677358768485
851,3.6154786967183574e-06,0.9953060045774176,0.004348743864280177,24.875184,26,962,2933,6625,97607,1554699,4364,0.007696,0.023464,0.053,0.031390963781413636
852,3.7213807158512614e-06,0.9953047059463205,0.004350884659136309,24.875184,26,950,2827,8299,97608,1554699,4335,0.0076,0.022616,0.066392,0.031391285387074926
853,3.7407882458256194e-06,0.9953027815159554,0.004354550636408018,24.875184,26,1035,2997,8132,97610,1554699,4472,0.00828,0.023976,0.065056,0.031391928598397505
854,3.717620253944327e-06,0.9953046058385335,0.004348439372373739,24.875184,26,987,3000,7993,97621,1554699,4449,0.007896,0.024,0.063944,0.03139546626067168
855,3.202804436404463e-06,0.9953043314323148,0.004348783132414006,24.875184,26,995,3009,6686,97633,1554699,4437,0.00796,0.024072,0.053488,0.03139932552860714
856,3.319632623761687e-06,0.9953060877144572,0.004348746065068759,24.875184,26,1030,2899,6889,97649,1554699,4392,0.00824,0.023192,0.055112,0.03140447121918777
857,3.5263726382403184e-06,0.9953052375770439,0.004350874219732701,24.875184,26,972,2798,7738,97678,1554699,4337,0.007776,0.022384,0.061904,0.03141379778336514
858,3.5245897384454867e-06,0.9953019568624829,0.004356233985053093,24.875184,26,997,2937,6978,97680,1554699,4378,0.007976,0.023496,0.055824,0.031414440994687716
859,3.619989872429907e-06,0.9953047774087499,0.004350494268229848,24.875184,26,947,2929,5980,97688,1554699,4346,0.007576,0.023432,0.04784,0.031417013839978025
860,3.35277166962397e-06,0.9953050290066465,0.004350044597048481,24.875184,26,948,2944,6374,97703,1554699,4365,0.007584,0.023552,0.050992,0.03142183792489736
861,3.3507060945087723e-06,0.9953063137818924,0.004348590247355174,24.875184,26,1003,2921,6301,97721,1554699,4403,0.008024,0.023368,0.050408,0.03142762682680056
862,3.8076613972341555e-06,0.9953039945030058,0.004351622343010137,24.875184,26,954,2746,7226,97734,1554699,4288,0.007632,0.021968,0.057808,0.03143180770039731
863,4.1829209771884635e-06,0.9953036891405298,0.00435395073213528,24.875184,26,968,2873,6848,97745,1554699,4293,0.007744,0.022984,0.054784,0.03143534536267149
864,4.149806088322922e-06,0.9953057898804869,0.004347237463243258,24.875184,26,912,2846,8252,97755,1554699,4223,0.007296,0.022768,0.066016,0.031438561419284375
865,3.7060913691064e-06,0.9953067735931814,0.0043468064094226285,24.875184,26,920,2838,6765,97766,1554699,4200,0.00736,0.022704,0.05412,0.03144209908155855
866,3.4988948936735404e-06,0.995307528834453,0.004346291355751833,24.875184,26,970,2983,6444,97789,1554699,4422,0.00776,0.023864,0.051552,0.03144949601176819
867,3.367035329560738e-06,0.9953045301537186,0.004351431597369115,24.875184,26,993,3088,8956,97794,1554699,4556,0.007944,0.024704,0.071648,0.03145110404007464
868,3.911100349459446e-06,0.9953025331434255,0.0043563803295209695,24.875184,26,1066,2971,7631,97799,1554699,4475,0.008528,0.023768,0.061048,0.03145271206838108
869,3.970627753068378e-06,0.9953034723850449,0.00434918072146508,24.875184,26,940,2918,7552,97801,1554699,4327,0.00752,0.023344,0.060416,0.03145335527970366
870,3.2765175851553412e-06,0.9953052449748901,0.004347906282172956,24.875184,26,957,2971,6761,97807,1554699,4363,0.007656,0.023768,0.054088,0.031455284913671396
871,3.469840645793151e-06,0.9953073908353904,0.004347126096631655,24.875184,26,953,2843,6807,97821,1554699,4274,0.007624,0.022744,0.054456,0.031459787392929435
872,3.655622915247313e-06,0.9953045929535078,0.004351928758386386,24.875184,26,941,2864,6830,97827,1554699,4363,0.007528,0.022912,0.05464,0.031461717026897165
873,3.949343830865566e-06,0.995302507231811,0.004356378056379377,24.875184,26,1004,2964,7495,97833,1554699,4416,0.008032,0.023712,0.05996,0.0314636466608649
874,4.0573763653483025e-06,0.9953039636717713,0.004348644039589852,24.875184,26,932,2914,8648,97836,1554699,4308,0.007456,0.023312,0.069184,0.031464611477848764
875,3.465959280194917e-06,0.9953051159978616,0.004347161503596959,24.875184,26,964,2943,8380,97840,1554699,4347,0.007712,0.023544,0.06704,0.03146589790049392
876,3.3558368123324996e-06,0.995307015424202,0.004345840283244348,24.875184,26,1001,2957,6435,97849,1554699,4420,0.008008,0.023656,0.05148,0.03146879235144552
877,3.4257003605693604e-06,0.9953040993201464,0.00435163294309159,24.875184,26,1030,3035,7913,97879,1554699,4543,0.00824,0.02428,0.063304,0.031478440521284186
878,3.8536908754180295e-06,0.9953016139908326,0.00435688247706791,24.875184,26,1088,2909,8838,97886,1554699,4440,0.008704,0.023272,0.070704,0.031480691760913206
879,3.934143526364107e-06,0.9953032938567759,0.004350337873989499,24.875184,26,961,2958,7645,97891,1554699,4380,0.007688,0.023664,0.06116,0.031482299789219646
880,3.4650593251893367e-06,0.995305401229118,0.004347916164946008,24.875184,26,948,2923,6244,97899,1554699,4304,0.007584,0.023384,0.049952,0.03148487263450996
881,3.450713720045721e-06,0.9953076750396265,0.004345894675045949,24.875184,26,938,2890,6150,97915,1554699,4299,0.007504,0.02312,0.0492,0.03149001832509058
882,3.4665251355293613e-06,0.995305334589357,0.004350512341193349,24.875184,26,945,2876,6433,97926,1554699,4362,0.00756,0.023008,0.051464,0.03149355598736476
883,3.895352758326703e-06,0.9953024778754497,0.004356507505602519,24.875184,26,983,2894,6702,97934,1554699,4329,0.007864,0.023152,0.053616,0.03149612883265507
884,3.981591965959267e-06,0.9953046867460176,0.004349288217115376,24.875184,26,925,2894,7229,97935,1554699,4280,0.0074,0.023152,0.057832,0.03149645043831636
885,3.448127151082335e-06,0.9953055317895706,0.004347871364706376,24.875184,26,944,2901,7225,97937,1554699,4278,0.007552,0.023208,0.0578,0.03149709364963894
886,3.3213253735417283e-06,0.9953072008015362,0.0043458508007542754,24.875184,26,988,2964,6622,97940,1554699,4426,0.007904,0.023712,0.052976,0.0314980584666228
887,3.2975914721387224e-06,0.9953048272787757,0.004350649821202067,24.875184,26,1044,3070,6829,97942,1554699,4580,0.008352,0.02456,0.054632,0.03149870167794538
888,3.805800693289126e-06,0.995301905225863,0.004356894494157953,24.875184,26,1089,2958,7900,97945,1554699,4485,0.008712,0.023664,0.0632,0.031499666494929246
889,3.9407437057965005e-06,0.995303357178824,0.0043504466727152325,24.875184,26,982,2953,8698,97947,1554699,4390,0.007856,0.023624,0.069584,0.03150030970625182
890,3.4302629286006736e-06,0.9953040824657543,0.004348416504339019,24.875184,26,960,2885,6641,97949,1554699,4287,0.00768,0.02308,0.053128,0.0315009529175744
891,3.3447779193249754e-06,0.9953079638439796,0.004345377772826482,24.875184,26,953,2836,6032,97954,1554699,4270,0.007624,0.022688,0.048256,0.031502560945880845
892,3.392678062610249e-06,0.9953052791415059,0.004350708015141462,24.875184,26,931,2774,6420,97957,1554699,4293,0.007448,0.022192,0.05136,0.031503525762864706
893,3.8833013486717445e-06,0.9953022578908812,0.004357739449740011,24.875184,26,989,2878,7038,97957,1554699,4317,0.007912,0.023024,0.056304,0.031503525762864706
894,4.245459286828107e-06,0.9953037537737651,0.00435118228986173,24.875184,26,914,2826,7063,97960,1554699,4210,0.007312,0.022608,0.056504,0.031504490579848575
895,3.772219608209265e-06,0.9953052910168076,0.0043483633101081085,24.875184,26,930,2818,6763,97960,1554699,4182,0.00744,0.022544,0.054104,0.031504490579848575
896,3.440678068891934e-06,0.995308382339457,0.004344072795933418,24.875184,26,970,2955,6884,97964,1554699,4381,0.00776,0.02364,0.055072,0.03150577700249373
897,3.2997279908109142e-06,0.9953056090008535,0.004348881500819916,24.875184,26,1011,3076,6639,97964,1554699,4555,0.008088,0.024608,0.053112,0.03150577700249373
898,3.814692381849485e-06,0.995301412501053,0.004357042715399135,24.875184,26,1095,2927,7386,97976,1554699,4461,0.00876,0.023416,0.059088,0.031509636270429194
899,3.889275212550027e-06,0.9953037693979803,0.004349696651186068,24.875184,26,960,2973,9773,98004,1554699,4395,0.00768,0.023784,0.078184,0.03151864122894528
900,3.36240090489034e-06,0.9953035001161189,0.004350112930378751,24.875184,26,962,2942,6874,98023,1554699,4337,0.007696,0.023536,0.054992,0.03152475173650977
901,3.511518278685964e-06,0.9953081300084444,0.004346147019978607,24.875184,26,1003,2898,6217,98028,1554699,4368,0.008024,0.023184,0.049736,0.031526359764816214
902,3.473753864259085e-06,0.9953055526065074,0.00434947258532864,24.875184,26,918,2832,6848,98029,1554699,4319,0.007344,0.022656,0.054784,0.031526681370477504
903,3.615693298451947e-06,0.9953022613624213,0.0043566581496699746,24.875184,26,979,2919,7165,98048,1554699,4347,0.007832,0.023352,0.05732,0.03153279187804199
904,3.910668131694629e-06,0.9953041025242244,0.0043507253597591024,24.875184,26,942,2982,8002,98072,1554699,4402,0.007536,0.023856,0.064016,0.03154051041391292
905,3.5617116428488386e-06,0.9953034497178322,0.004350471595588978,24.875184,26,969,2924,7011,98085,1554699,4339,0.007752,0.023392,0.056088,0.031544691287509675
906,3.594836692613991e-06,0.9953075515730697,0.004346074961209626,24.875184,26,969,2882,6232,98095,1554699,4313,0.007752,0.023056,0.049856,0.03154790734412256
907,3.628097083479715e-06,0.9953061785197692,0.0043482977569395415,24.875184,26,925,2798,7066,98101,1554699,4308,0.0074,0.022384,0.056528,0.031549836978090294
908,3.737631600594329e-06,0.9953030642603631,0.004354822569109546,24.875184,26,1038,2968,7195,98105,1554699,4451,0.008304,0.023744,0.05756,0.031551123400735445
909,3.995607445568638e-06,0.9953047941331116,0.004349170559816837,24.875184,26,964,2929,7998,98112,1554699,4369,0.007712,0.023432,0.063984,0.03155337464036447
910,3.5175433542039635e-06,0.995303945133078,0.00434861515517227,24.875184,26,970,2917,7242,98129,1554699,4321,0.00776,0.023336,0.057936,0.03155884193660638
911,3.3088940886160364e-06,0.9953066660262891,0.0043467620337605236,24.875184,26,985,2956,7177,98134,1554699,4400,0.00788,0.023648,0.057416,0.03156044996491282
912,3.5335996408774193e-06,0.9953069743228327,0.004349371703326103,24.875184,26,953,2774,7209,98140,1554699,4303,0.007624,0.022192,0.057672,0.03156237959888056
913,3.6306978702926168e-06,0.9953026869455267,0.004356247663759428,24.875184,26,984,2951,6720,98147,1554699,4381,0.007872,0.023608,0.05376,0.03156463083850958
914,3.653648133580318e-06,0.9953033533286065,0.004351804354110555,24.875184,26,979,3019,6983,98153,1554699,4472,0.007832,0.024152,0.055864,0.03156656047247731
915,3.4629879700263215e-06,0.9953032613850923,0.004350800334107664,24.875184,26,977,2977,7098,98158,1554699,4420,0.007816,0.023816,0.056784,0.031568168500783755
916,3.552352568141425e-06,0.9953058367904858,0.004347793847770905,24.875184,26,972,2921,6899,98167,1554699,4357,0.007776,0.023368,0.055192,0.031571062951735354
917,3.757590698024107e-06,0.9953063138424002,0.004348365956145533,24.875184,26,915,2705,8668,98178,1554699,4212,0.00732,0.02164,0.069344,0.03157460061400953
918,3.966558574070171e-06,0.9953041866467481,0.004353031151984316,24.875184,26,972,2891,8454,98189,1554699,4316,0.007776,0.023128,0.067632,0.0315781382762837
919,3.845514166166985e-06,0.9953059000985809,0.004347036736460954,24.875184,26,947,2931,8114,98198,1554699,4353,0.007576,0.023448,0.064912,0.0315810327272353
920,3.4750945787746714e-06,0.995304516834833,0.004349657599225728,24.875184,26,949,2963,6585,98201,1554699,4352,0.007592,0.023704,0.05268,0.03158199754421917
921,3.4677759057132587e-06,0.9953057665527725,0.0043483625367851915,24.875184,26,1006,3035,6603,98211,1554699,4502,0.008048,0.02428,0.052824,0.03158521360083206
922,3.371418683798616e-06,0.9953040723257142,0.0043512098579768736,24.875184,26,1006,3081,8301,98228,1554699,4565,0.008048,0.024648,0.066408,0.03159068089707397
923,3.7639481915044256e-06,0.9953022323528209,0.004356290153587042,24.875184,26,1054,2930,7576,98252,1554699,4428,0.008432,0.02344,0.060608,0.0315983994329449
924,3.8217891302216395e-06,0.9953041497039518,0.00434966481214631,24.875184,26,972,2972,7135,98265,1554699,4431,0.007776,0.023776,0.05708,0.03160258030654165
925,3.301850644430128e-06,0.9953038819733302,0.004349421778153659,24.875184,26,975,3007,6679,98284,1554699,4427,0.0078,0.024056,0.053432,0.03160869081410614
926,3.6589282766121133e-06,0.9953060522991122,0.004348205236517566,24.875184,26,995,2875,7064,98295,1554699,4334,0.00796,0.023,0.056512,0.031612228476380316
927,3.7098302243846533e-06,0.9953059399368486,0.004349127784971484,24.875184,26,923,2817,7424,98303,1554699,4323,0.007384,0.022536,0.059392,0.031614801321670626
928,3.7683314372953693e-06,0.995303431202095,0.004354917033964523,24.875184,26,997,2941,7541,98305,1554699,4387,0.007976,0.023528,0.060328,0.031615444532993205
929,3.9670367871364714e-06,0.9953054814121735,0.004348170283012089,24.875184,26,953,2946,8403,98327,1554699,4375,0.007624,0.023568,0.067224,0.03162251985754155
930,3.4781056118239283e-06,0.9953035274270733,0.004349333538001732,24.875184,26,972,2947,7207,98340,1554699,4361,0.007776,0.023576,0.057656,0.03162670073113831
931,3.5023621387031663e-06,0.9953060431967838,0.004348116126490257,24.875184,26,985,2957,6760,98343,1554699,4400,0.00788,0.023656,0.05408,0.03162766554812218
932,3.771967628653929e-06,0.9953053005605633,0.004349776524545299,24.875184,26,916,2780,8824,98352,1554699,4284,0.007328,0.02224,0.070592,0.03163055999907378
933,3.743713077570191e-06,0.9953036298214896,0.004354454695284687,24.875184,26,1006,2963,7459,98360,1554699,4410,0.008048,0.023704,0.059672,0.03163313284436409
934,3.897875986516704e-06,0.9953055533978536,0.004347940963523852,24.875184,26,964,2943,7604,98381,1554699,4390,0.007712,0.023544,0.060832,0.03163988656325115
935,3.495527216713698e-06,0.9953042166824884,0.004348776584708932,24.875184,26,976,2924,6913,98389,1554699,4343,0.007808,0.023392,0.055304,0.03164245940854146
936,3.4384644443556018e-06,0.9953062059332577,0.004347509914155002,24.875184,26,963,2871,6903,98401,1554699,4297,0.007704,0.022968,0.055224,0.03164631867647692
937,3.6112766845415316e-06,0.99530526560906,0.004350329070408418,24.875184,26,927,2756,8008,98405,1554699,4268,0.007416,0.022048,0.064064,0.03164760509912208
938,3.823336233241571e-06,0.995302858653011,0.004355662412592537,24.875184,26,973,2890,7059,98408,1554699,4313,0.007784,0.02312,0.056472,0.03164856991610595
939,3.8886170418919534e-06,0.9953046643309373,0.004349857760674868,24.875184,26,948,2961,7062,98419,1554699,4385,0.007584,0.023688,0.056496,0.03165210757838012
940,3.527374881181368e-06,0.995304830291491,0.004348768530810378,24.875184,26,949,2946,6754,98432,1554699,4335,0.007592,0.023568,0.054032,0.03165628845197688
941,3.4090414339291877e-06,0.995307063651416,0.004346455893568625,24.875184,26,981,2937,7399,98442,1554699,4387,0.007848,0.023496,0.059192,0.031659504508589766
942,3.5234338433409516e-06,0.995305479691989,0.004349328956593718,24.875184,26,960,2804,8150,98444,1554699,4324,0.00768,0.022432,0.0652,0.031660147719912345
943,3.7430551225825556e-06,0.9953026758111371,0.004355247754158593,24.875184,26,1025,2946,8115,98450,1554699,4413,0.0082,0.023568,0.06492,0.031662077353880075
944,3.909834922262968e-06,0.9953041785324749,0.004350570643935515,24.875184,26,961,2968,6954,98476,1554699,4405,0.007688,0.023744,0.055632,0.03167043910107358
945,3.6170133726843413e-06,0.9953041117087563,0.0043492717463616245,24.875184,26,968,2941,6717,98488,1554699,4344,0.007744,0.023528,0.053736,0.03167429836900905
946,3.47224835608921e-06,0.9953075536093186,0.004345082028014649,24.875184,26,936,2843,8837,98490,1554699,4247,0.007488,0.022744,0.070696,0.03167494158033163
947,3.45858031175835e-06,0.9953058946995842,0.004349087674273304,24.875184,26,887,2731,7347,98492,1554699,4199,0.007096,0.021848,0.058776,0.03167558479165421
948,3.824089497014943e-06,0.9953039021776198,0.004355628256148793,24.875184,26,963,2868,6541,98493,1554699,4285,0.007704,0.022944,0.052328,0.0316759063973155
949,3.972220342223066e-06,0.9953044706545733,0.004351152935607796,24.875184,26,961,2976,7016,98527,1554699,4414,0.007688,0.023808,0.056128,0.03168684098979931
950,3.5668577648860776e-06,0.9953038120970321,0.004349660979637051,24.875184,26,988,2933,7303,98535,1554699,4354,0.007904,0.023464,0.058424,0.03168941383508962
951,3.3671274662569896e-06,0.9953064455987292,0.00434589210645775,24.875184,26,980,2924,7069,98535,1554699,4377,0.00784,0.023392,0.056552,0.03168941383508962
952,3.5060341889809737e-06,0.995305338689622,0.0043498301388733875,24.875184,26,961,2816,7763,98535,1554699,4343,0.007688,0.022528,0.062104,0.03168941383508962
953,3.6746330444855595e-06,0.9953031017072792,0.004354675648308397,24.875184,26,1039,2982,7400,98536,1554699,4460,0.008312,0.023856,0.0592,0.03168973544075091
954,3.883564959830259e-06,0.9953040130393765,0.004350850118511055,24.875184,26,960,2970,7147,98554,1554699,4405,0.00768,0.02376,0.057176,0.03169552434265411
955,3.703688187894281e-06,0.9953044736892003,0.00434970202318056,24.875184,26,972,2911,6900,98572,1554699,4326,0.007776,0.023288,0.0552,0.03170131324455731
956,3.556242363131114e-06,0.9953075922922959,0.004344953393181539,24.875184,26,939,2843,7808,98572,1554699,4256,0.007512,0.022744,0.062464,0.03170131324455731
957,3.4582878361901025e-06,0.9953055385844409,0.004349025506231081,24.875184,26,907,2735,7798,98578,1554699,4221,0.007256,0.02188,0.062384,0.03170324287852504
958,3.8768230464096165e-06,0.9953037536544935,0.004354661222181099,24.875184,26,981,2902,7282,98580,1554699,4332,0.007848,0.023216,0.058256,0.031703886089847616
959,3.951720643477775e-06,0.9953035355150093,0.004350616612905358,24.875184,26,932,2900,7214,98587,1554699,4316,0.007456,0.0232,0.057712,0.031706137329476636
960,3.5912773335165818e-06,0.9953040596645311,0.004350431115567195,24.875184,26,952,2926,7211,98591,1554699,4311,0.007616,0.023408,0.057688,0.031707423752121794
961,3.6131480708447585e-06,0.9953067815368392,0.0043462065438044225,24.875184,26,974,2935,8314,98613,1554699,4390,0.007792,0.02348,0.066512,0.03171449907667015
962,3.3205066815921173e-06,0.9953053915236423,0.004348555361507552,24.875184,26,972,3072,7716,98618,1554699,4518,0.007776,0.024576,0.061728,0.03171610710497659
963,3.661027189056567e-06,0.9953035132043937,0.004354451524998809,24.875184,26,1068,2970,7580,98636,1554699,4478,0.008544,0.02376,0.06064,0.03172189600687979
964,3.911994418207537e-06,0.9953045346527726,0.00434953694989767,24.875184,26,960,2958,7074,98643,1554699,4392,0.00768,0.023664,0.056592,0.03172414724650881
965,3.4181780062427967e-06,0.9953039420820654,0.004349917887687447,24.875184,26,961,2984,6656,98654,1554699,4378,0.007688,0.023872,0.053248,0.031727684908782985
966,3.551734684940381e-06,0.9953072471932618,0.004347356113258471,24.875184,26,972,2855,6914,98658,1554699,4303,0.007776,0.02284,0.055312,0.031728971331428144
967,3.4960437537859863e-06,0.9953049781436971,0.004349605237835203,24.875184,26,915,2813,7280,98665,1554699,4307,0.00732,0.022504,0.05824,0.03173122257105716
968,3.629275468413195e-06,0.9953029006857762,0.004355397353124441,24.875184,26,990,2951,6878,98667,1554699,4389,0.00792,0.023608,0.055024,0.03173186578237974
969,3.8555960194252665e-06,0.9953048614705873,0.004349582475148422,24.875184,26,950,2949,7379,98668,1554699,4365,0.0076,0.023592,0.059032,0.03173218738804103
970,3.3168982044426393e-06,0.9953042310388298,0.004349373742146089,24.875184,26,967,2956,7002,98674,1554699,4359,0.007736,0.023648,0.056016,0.03173411702200876
971,3.3181310221061143e-06,0.9953058327372575,0.004348860361683249,24.875184,26,1032,2971,7465,98674,1554699,4472,0.008256,0.023768,0.05972,0.03173411702200876
972,3.818517820346377e-06,0.9953048266949074,0.004351083876344195,24.875184,26,994,2821,7158,98687,1554699,4383,0.007952,0.022568,0.057264,0.03173829789560552
973,3.886502147562406e-06,0.9953026099035085,0.004354415682173629,24.875184,26,1026,2941,7247,98690,1554699,4406,0.008208,0.023528,0.057976,0.03173926271258938
974,3.787885743354749e-06,0.9953047765835283,0.004348099788830883,24.875184,26,914,2854,7579,98692,1554699,4229,0.007312,0.022832,0.060632,0.03173990592391196
975,3.384076070911813e-06,0.9953062752595451,0.0043481484728254615,24.875184,26,913,2895,7078,98698,1554699,4276,0.007304,0.02316,0.056624,0.03174183555787969
976,3.2901162779970384e-06,0.9953068049960931,0.0043483457789735966,24.875184,26,1023,2992,6229,98702,1554699,4490,0.008184,0.023936,0.049832,0.03174312198052485
977,3.496505631159484e-06,0.9953034139972369,0.004353369218169266,24.875184,26,1038,3092,6929,98715,1554699,4598,0.008304,0.024736,0.055432,0.031747302854121605
978,4.042307955787519e-06,0.9953022479803774,0.0043560576376949645,24.875184,26,1042,2997,7740,98718,1554699,4482,0.008336,0.023976,0.06192,0.031748267671105466
979,4.05316734937843e-06,0.9953042615526396,0.004347804079529113,24.875184,26,936,2899,7856,98728,1554699,4297,0.007488,0.023192,0.062848,0.031751483727718355
980,3.392573829032385e-06,0.9953058619471553,0.004346549515100163,24.875184,26,936,2918,7165,98743,1554699,4292,0.007488,0.023344,0.05732,0.03175630781263769
981,3.5294148474328404e-06,0.99530717015127,0.004347083896403521,24.875184,26,972,2896,5897,98747,1554699,4340,0.007776,0.023168,0.047176,0.03175759423528284
982,3.6893286048574527e-06,0.995304329928782,0.004351875527399265,24.875184,26,948,2886,6819,98749,1554699,4366,0.007584,0.023088,0.054552,0.03175823744660542
983,3.881631709696995e-06,0.9953034006977196,0.00435531630653635,24.875184,26,1009,2932,8317,98752,1554699,4383,0.008072,0.023456,0.066536,0.03175920226358929
984,3.86424704792381e-06,0.9953048100786078,0.004347928918467208,24.875184,26,913,2864,9493,98752,1554699,4246,0.007304,0.022912,0.075944,0.03175920226358929
985,3.318698305745281e-06,0.9953049085659438,0.004348491191836181,24.875184,26,956,2918,7715,98754,1554699,4327,0.007648,0.023344,0.06172,0.03175984547491186
986,3.4048551517828e-06,0.9953057235978745,0.004348739503814575,24.875184,26,1040,2987,6249,98757,1554699,4488,0.00832,0.023896,0.049992,0.03176081029189573
987,3.5157810845199815e-06,0.9953041553585047,0.004351707189068993,24.875184,26,1040,3076,7417,98771,1554699,4586,0.00832,0.024608,0.059336,0.03176531277115377
988,3.5846788299479776e-06,0.9953018601230857,0.004354956959641407,24.875184,26,1058,3000,7984,98773,1554699,4499,0.008464,0.024,0.063872,0.03176595598247635
989,3.648550382914494e-06,0.9953044998851679,0.0043491756456019905,24.875184,26,967,2934,7234,98780,1554699,4359,0.007736,0.023472,0.057872,0.031768207222105375
990,3.317398691394654e-06,0.9953055868394738,0.004348630342332715,24.875184,26,949,2964,6103,98797,1554699,4362,0.007592,0.023712,0.048824,0.031773674518347284
991,3.469086126672134e-06,0.9953065049092038,0.0043488486732728105,24.875184,26,999,2889,6649,98804,1554699,4373,0.007992,0.023112,0.053192,0.0317759257579763
992,3.738310023942221e-06,0.9953050352619979,0.0043508032702205875,24.875184,26,925,2752,7599,98826,1554699,4266,0.0074,0.022016,0.060792,0.03178300108252466
993,3.915059588089825e-06,0.9953034768184675,0.004354008083350585,24.875184,26,972,2879,6973,98829,1554699,4304,0.007776,0.023032,0.055784,0.03178396589950852
994,3.889232292064343e-06,0.9953046279154325,0.004348176995310108,24.875184,26,918,2883,7081,98836,1554699,4272,0.007344,0.023064,0.056648,0.03178621713913754
995,3.6183943556767322e-06,0.9953053577003254,0.004348257118115522,24.875184,26,915,2887,6846,98837,1554699,4252,0.00732,0.023096,0.054768,0.03178653874479883
996,3.5834935919518065e-06,0.995307073626311,0.0043476356455900474,24.875184,26,979,2976,6133,98858,1554699,4415,0.007832,0.023808,0.049064,0.031793292463685896
997,3.4992633218488273e-06,0.9953050920639399,0.0043502761759241036,24.875184,26,1000,3098,7291,98861,1554699,4566,0.008,0.024784,0.058328,0.031794257280669765
998,3.6669841950333246e-06,0.995303220669759,0.0043542714385949475,24.875184,26,1041,2952,8773,98864,1554699,4432,0.008328,0.023616,0.070184,0.031795222097653626
999,3.6601628474201615e-06,0.9953048019056813,0.00434872828886286,24.875184,26,970,2959,6971,98869,1554699,4388,0.00776,0.023672,0.055768,0.031796830125960074
