dt,two_grid_error_inf_median
0.02,5.037603016673324e-07
0.01,6.800704222768156e-08
0.005,9.814154697685568e-09
0.0025,1.5321550118040095e-09
0.00125,2.625624474783539e-10
