seed,lambda,step,mode,err_to_ref,work_total,work_e_phi,work_e_pi,phi_share,pi_share,cum_work,H_energy,theta_energy,phi1,pi1,delta_sigma,align_cos
1,0.0,1,forward,0.307290981715062,0.0,0.0,0.0,0.0,0.0,0.0,1.1516615861485828e-06,0.4013403551663317,0.002793305809144194,0.0005928817633095094,0.25692455998361124,0.0
1,0.0,2,forward,0.5444996276978744,0.0,0.0,0.0,0.0,0.0,0.0,1.1595545256707438e-06,0.379928185542346,0.0028276859628045205,0.0005647591707176499,0.1444292819738619,0.0
1,0.0,3,forward,0.7290843819519096,0.0,0.0,0.0,0.0,0.0,0.0,1.1676388939728849e-06,0.35857792340139216,0.002861069712744292,0.0005362975460242275,0.08184974263220313,0.0
1,0.0,4,forward,0.8739464991833634,0.0,0.0,0.0,0.0,0.0,0.0,1.1759112041647217e-06,0.3372918330526643,0.002893439683442377,0.0005075069464502252,0.04720014116567489,0.0
1,0.0,5,forward,0.9886630854698636,0.0,0.0,0.0,0.0,0.0,0.0,1.18436767123473e-06,0.3160720340640631,0.002924778836399127,0.0004783976013947034,0.028217395490692063,0.0
1,0.0,6,forward,1.0803802338285757,0.0,0.0,0.0,0.0,0.0,0.0,1.1930042158700057e-06,0.29492049882041543,0.0029550704783180147,0.000448979909021546,0.018024077982416294,0.0
1,0.0,7,forward,1.154460402495614,0.0,0.0,0.0,0.0,0.0,0.0,1.2018164687803368e-06,0.27383905061381486,0.0029842982691817223,0.00041926443276480053,0.012744224641449718,0.0
1,0.0,8,forward,1.2149522263296455,0.0,0.0,0.0,0.0,0.0,0.0,1.2107997755235367e-06,0.25282936225271085,0.0030124462302188325,0.0003892618977538593,0.01018498538097845,0.0
1,0.0,9,forward,1.264932088398033,0.0,0.0,0.0,0.0,0.0,0.0,1.219949201828207e-06,0.23189295517336245,0.0030394987517574673,0.0003589831871594462,0.009103128068546323,0.0
1,0.0,10,forward,1.30675307916933,0.0,0.0,0.0,0.0,0.0,0.0,1.2292595394094874e-06,0.2110311990348491,0.0030654406009624218,0.0003284393384615486,0.008794314146015322,0.0
1,0.0,11,forward,1.3422270377197123,0.0,0.0,0.0,0.0,0.0,0.0,1.2387253122723861e-06,0.19024531177677287,0.00309025692945213,0.0002976415396406269,0.008861593894368885,0.0
1,0.0,12,forward,1.3727581839017189,0.0,0.0,0.0,0.0,0.0,0.0,1.2483407834963346e-06,0.16953636011671655,0.003113933280791834,0.00026660112529315437,0.009084052368524984,0.0
1,0.0,13,forward,1.3994416655492075,0.0,0.0,0.0,0.0,0.0,0.0,1.2580999624941626e-06,0.1489052604631002,0.0031364555978597203,0.00023532957267281658,0.00934179508769345,0.0
1,0.0,14,forward,1.4231366121848963,0.0,0.0,0.0,0.0,0.0,0.0,1.2679966127373764e-06,0.12835278021786908,0.003157810230082218,0.0002038384976587246,0.00957284576467736,0.0
1,0.0,15,forward,1.4445206045199952,0.0,0.0,0.0,0.0,0.0,0.0,1.2780242599393124e-06,0.10787953944232652,0.003177983940535392,0.00017213965065181194,0.00974824600576843,0.0
1,0.0,16,forward,1.464130543913146,0.0,0.0,0.0,0.0,0.0,0.0,1.2881762006864809e-06,0.08748601285900072,0.0031969639129087427,0.00014024491240092164,0.009857609408919665,0.0
1,0.0,17,forward,1.482393524741168,0.0,0.0,0.0,0.0,0.0,0.0,1.2984455115079118e-06,0.0671725321618829,0.003214737758328205,0.00010816628975988432,0.00990072096696673,0.0
1,0.0,18,forward,1.4996503212574157,0.0,0.0,0.0,0.0,0.0,0.0,1.3088250583715518e-06,0.046939288607358284,0.003231293522035165,7.591591137707557e-05,0.009882654529757007,0.0
1,0.0,19,forward,1.5161733881281356,0.0,0.0,0.0,0.0,0.0,0.0,1.319307506595561e-06,0.026786335858199638,0.003246619689917869,4.35060233188421e-05,0.00981094924761608,0.0
1,0.0,20,forward,1.5321807609992817,0.0,0.0,0.0,0.0,0.0,0.0,1.3298853311623648e-06,0.006713593053380058,0.003260705194892553,1.0948984628332202e-05,0.009693996575344421,0.0
1,0.0,21,forward,1.547846873377359,0.0,0.0,0.0,0.0,0.0,0.0,1.3405508274216578e-06,-0.013279151922982596,0.003273539423130589,-2.1742737178703442e-05,0.009540141067147123,0.0
1,0.0,22,forward,1.5633110382964206,0.0,0.0,0.0,0.0,0.0,0.0,1.3512961221686038e-06,-0.033192238999649515,0.0032851122201289153,-5.455657067971257e-05,0.009357202183444185,0.0
1,0.0,23,forward,1.5786841488016041,0.0,0.0,0.0,0.0,0.0,0.0,1.3621131850822684e-06,-0.05302613232833309,0.0032954138966204975,-8.747984517104569e-05,0.00915224353209676,0.0
1,0.0,24,forward,1.5940540096004583,0.0,0.0,0.0,0.0,0.0,0.0,1.3729938405089198e-06,-0.07278141656999355,0.0033044352343219456,-0.00012049979535197834,0.008931486125025367,0.0
1,0.0,25,forward,1.6094896085990504,0.0,0.0,0.0,0.0,0.0,0.0,1.383929779573853e-06,-0.09245879308043656,0.0033121674915151393,-0.0001536035660654415,0.008700303813567428,0.0
1,0.0,26,forward,1.6250445609191166,0.0,0.0,0.0,0.0,0.0,0.0,1.3949125726051087e-06,-0.11205907601703892,0.003318602408460183,-0.00018677821709374087,0.008463263875447768,0.0
1,0.0,27,forward,1.640759901831849,0.0,0.0,0.0,0.0,0.0,0.0,1.4059336818514232e-06,-0.13158318838720737,0.00332373221263662,-0.0002200107280075775,0.008224190619221167,0.0
1,0.0,28,forward,1.656666363411047,0.0,0.0,0.0,0.0,0.0,0.0,1.4169844744765854e-06,-0.15103215805784487,0.0033275496238104056,-0.0002532880030666589,0.007986238860253125,0.0
1,0.0,29,forward,1.672786238685318,0.0,0.0,0.0,0.0,0.0,0.0,1.4280562358111758e-06,-0.170407113743747,0.003330047858923484,-0.00028659687617012963,0.007751969570106043,0.0
1,0.0,30,forward,1.689134913821831,0.0,0.0,0.0,0.0,0.0,0.0,1.4391401828428867e-06,-0.18970928099141104,0.003331220636803835,-0.0003199241158549742,0.007523423312100708,0.0
1,0.0,31,forward,1.7057221313467337,0.0,0.0,0.0,0.0,0.0,0.0,1.4502274779252536e-06,-0.20893997817351917,0.00333106218269285,-0.0003532564303407246,0.007302189088853883,0.0
1,0.0,32,forward,1.7225530341040403,0.0,0.0,0.0,0.0,0.0,0.0,1.461309242684812e-06,-0.22810061250775546,0.0033295672325878993,-0.00038658047261846447,0.007089467447788045,0.0
1,0.0,33,forward,1.7396290294842411,0.0,0.0,0.0,0.0,0.0,0.0,1.4723765721057836e-06,-0.2471926761124627,0.0033267310373973976,-0.00041988284558240266,0.0068861274240699655,0.0
1,0.0,34,forward,1.7569485056177852,0.0,0.0,0.0,0.0,0.0,0.0,1.48342054877104e-06,-0.26621774211016697,0.0033225493669059307,-0.0004531501072020323,0.006692757333871924,0.0
1,0.0,35,forward,1.7745074251411646,0.0,0.0,0.0,0.0,0.0,0.0,1.4944322572379382e-06,-0.2851774607887852,0.003317018513547342,-0.0004863687757330508,0.006509709678900577,0.0
1,0.0,36,forward,1.792299817373687,0.0,0.0,0.0,0.0,0.0,0.0,1.5054027985266296e-06,-0.30407355582901346,0.0033101352959830706,-0.0005195253349650097,0.0063371405566095,0.0
1,0.0,37,forward,1.8103181859729036,0.0,0.0,0.0,0.0,0.0,0.0,1.516323304698934e-06,-0.32290782060522094,0.003301897062484065,-0.0005526062395038272,0.006175044033390253,0.0
1,0.0,38,forward,1.828553846130418,0.0,0.0,0.0,0.0,0.0,0.0,1.5271849535046359e-06,-0.3416821145660068,0.0032923016941136187,-0.0005855979200871292,0.006023281957786675,0.0
1,0.0,39,forward,1.8469972029519572,0.0,0.0,0.0,0.0,0.0,0.0,1.5379789830724027e-06,-0.3603983596994607,0.00328134760770929,-0.0006184867889304286,0.005881609684619815,0.0
1,0.0,40,forward,1.8656379807050105,0.0,0.0,0.0,0.0,0.0,0.0,1.5486967066221934e-06,-0.3790585370871203,0.003269033758662041,-0.0006512592451021379,0.005749698159695671,0.0
1,0.0,41,forward,1.8844654110153647,0.0,0.0,0.0,0.0,0.0,0.0,1.5593295271754761e-06,-0.3976646835496531,0.0032553596434904204,-0.0006839016799253607,0.005627152785301903,0.0
1,0.0,42,forward,1.9034683867757578,0.0,0.0,0.0,0.0,0.0,0.0,1.5698689522396701e-06,-0.4162188883863458,0.003240325302208025,-0.000716400482404408,0.00551352945329614,0.0
1,0.0,43,forward,1.9226355874386922,0.0,0.0,0.0,0.0,0.0,0.0,1.5803066084430535e-06,-0.4347232902096077,0.0032239313204825222,-0.0007487420446739592,0.005408348097912963,0.0
1,0.0,44,forward,1.9419555804572457,0.0,0.0,0.0,0.0,0.0,0.0,1.5906342560961334e-06,-0.4531800738749136,0.003206178831584417,-0.0007809127674687765,0.005311104086136442,0.0
1,0.0,45,forward,1.9614169028784956,0.0,0.0,0.0,0.0,0.0,0.0,1.6008438036556392e-06,-0.47159146750582054,0.003187069518124135,-0.0008128990656118643,0.005221277730582785,0.0
1,0.0,46,forward,1.9810081264571273,0.0,0.0,0.0,0.0,0.0,0.0,1.6109273220669371e-06,-0.48995973961303985,0.003166605613575666,-0.0008446873735189288,0.0051383421788887,0.0
1,0.0,47,forward,2.000717909120769,0.0,0.0,0.0,0.0,0.0,0.0,1.6208770589609182e-06,-0.5082871963058989,0.0031447899035853687,-0.0008762641507170265,0.0050617699048976506,0.0
1,0.0,48,forward,2.0205350351665987,0.0,0.0,0.0,0.0,0.0,0.0,1.6306854526814245e-06,-0.5265761785939074,0.003121625727064641,-0.0009076158873752173,0.004991038000584314,0.0
1,0.0,49,forward,2.040448446187053,0.0,0.0,0.0,0.0,0.0,0.0,1.640345146119253e-06,-0.5448290597756499,0.003097116977065065,-0.0009387291098450608,0.0049256324436837695,0.0
1,0.0,50,forward,2.060447264399842,0.0,0.0,0.0,0.0,0.0,0.0,1.6498490003289759e-06,-0.5630482429117243,0.0030712681014348282,-0.0009695903862087825,0.004865051494296058,0.0
1,0.0,51,forward,2.0805208097846513,0.0,0.0,0.0,0.0,0.0,0.0,1.659190107904908e-06,-0.5812361583780108,0.0030440841032552267,-0.0010001863318329063,0.004808808354244465,0.0
1,0.0,52,forward,2.100658612198252,0.0,0.0,0.0,0.0,0.0,0.0,1.6683618060929254e-06,-0.5993952614951223,0.003015570541056376,-0.0010305036149251435,0.004756433205508115,0.0
1,0.0,53,forward,2.120850419444787,0.0,0.0,0.0,0.0,0.0,0.0,1.677357689614713e-06,-0.6175280302296183,0.002985733528810833,-0.0010605289620923386,0.004707474728502803,0.0
1,0.0,54,forward,2.1410862021133945,0.0,0.0,0.0,0.0,0.0,0.0,1.6861716231818594e-06,-0.6356369629621093,0.0029545797357047048,-0.0010902491638972304,0.004661501187185835,0.0
1,0.0,55,forward,2.161356155856449,0.0,0.0,0.0,0.0,0.0,0.0,1.6947977536768404e-06,-0.6537245763172561,0.002922116385684945,-0.0011196510804118082,0.004618101155754839,0.0
1,0.0,56,forward,2.1816507016647453,0.0,0.0,0.0,0.0,0.0,0.0,1.7032305219788682e-06,-0.6717934030502891,0.0028883512567824403,-0.001148721646765013,0.004576883950969168,0.0
1,0.0,57,forward,2.2019604845975698,0.0,0.0,0.0,0.0,0.0,0.0,1.7114646744127812e-06,-0.6898459899844944,0.0028532926802102778,-0.0011774478786825433,0.004537479824677171,0.0
1,0.0,58,forward,2.2222763713430354,0.0,0.0,0.0,0.0,0.0,0.0,1.719495273799367e-06,-0.7078848959939721,0.002816949539236426,-0.0012058168780165065,0.004499539962886101,0.0
1,0.0,59,forward,2.242589446914877,0.0,0.0,0.0,0.0,0.0,0.0,1.7273177100863265e-06,-0.7259126900257369,0.0027793312678305805,-0.0012338158382626605,0.004462736330510975,0.0
1,0.0,60,forward,2.2628910107341094,0.0,0.0,0.0,0.0,0.0,0.0,1.7349277105394158e-06,-0.7439319491551285,0.002740447849084796,-0.0012614320500629872,0.004426761394685952,0.0
1,0.0,61,forward,2.283172572295739,0.0,0.0,0.0,0.0,0.0,0.0,1.742321349473637e-06,-0.7619452566684415,0.002700309813407319,-0.001288652906691322,0.004391327754118712,0.0
1,0.0,62,forward,2.3034258465806867,0.0,0.0,0.0,0.0,0.0,0.0,1.7494950575056718e-06,-0.7799552001664087,0.002658928236490173,-0.0013154659095197844,0.004356167697297519,0.0
1,0.0,63,forward,2.3236427493398475,0.0,0.0,0.0,0.0,0.0,0.0,1.7564456303081965e-06,-0.7979643696823979,0.002616314737049479,-0.0013418586734637273,0.004321032708362205,0.0
1,0.0,64,forward,2.343815392349807,0.0,0.0,0.0,0.0,0.0,0.0,1.7631702368484989e-06,-0.8159753558088584,0.002572481474339174,-0.0013678189324029526,0.00428569293602199,0.0
1,0.0,65,forward,2.363936078717154,0.0,0.0,0.0,0.0,0.0,0.0,1.7696664270938488e-06,-0.8339907478256623,0.0025274411454380284,-0.0013933345445768946,0.004249936637994001,0.0
1,0.0,66,forward,2.3839972982898243,0.0,0.0,0.0,0.0,0.0,0.0,1.775932139166957e-06,-0.8520131318240015,0.002481206982310025,-0.0014183934979515548,0.004213569610965862,0.0
1,0.0,67,forward,2.403991723218816,0.0,0.0,0.0,0.0,0.0,0.0,1.7819657059356547e-06,-0.8700450888194032,0.0024337927486385792,-0.0014429839155558502,0.004176414614007307,0.0
1,0.0,68,forward,2.423912203701349,0.0,0.0,0.0,0.0,0.0,0.0,1.7877658610215936e-06,-0.888089192847618,0.002385212736434682,-0.0014670940607851935,0.004138310791617417,0.0
1,0.0,69,forward,2.443751763926659,0.0,0.0,0.0,0.0,0.0,0.0,1.7933317442137824e-06,-0.9061480090369989,0.002335481762419788,-0.0014907123426699698,0.004099113101142304,0.0
1,0.0,70,forward,2.4635035982376547,0.0,0.0,0.0,0.0,0.0,0.0,1.798662906273363e-06,-0.9242240916512562,0.002284615164183671,-0.0015138273211067175,0.0040586917481050255,0.0
1,0.0,71,forward,2.483161067515384,0.0,0.0,0.0,0.0,0.0,0.0,1.8037593131171227e-06,-0.942319982096439,0.002232628796118082,-0.0015364277120497457,0.004016931632005005,0.0
1,0.0,72,forward,2.502717695788237,0.0,0.0,0.0,0.0,0.0,0.0,1.8086213493679238e-06,-0.9604382068861658,0.0021795390251268536,-0.0015585023926609099,0.003973731804353731,0.0
1,0.0,73,forward,2.522167167063955,0.0,0.0,0.0,0.0,0.0,0.0,1.8132498212614025e-06,-0.9785812755592934,0.0021253627261132936,-0.0015800404064153924,0.003929004940066927,0.0
1,0.0,74,forward,2.5415033223795116,0.0,0.0,0.0,0.0,0.0,0.0,1.817645958899031e-06,-0.996751678544323,0.002070117277245855,-0.0016010309681611936,0.0038826768228348296,0.0
1,0.0,75,forward,2.5607201570616778,0.0,0.0,0.0,0.0,0.0,0.0,1.8218114178386163e-06,-1.0149518849651342,0.002013820555002891,-0.0016214634691301413,0.003834685844689656,0.0
1,0.0,76,forward,2.57981181818941,0.0,0.0,0.0,0.0,0.0,0.0,1.825748280014583e-06,-1.033184340382743,0.0019564909289979675,-0.0016413274818982348,0.003784982519690172,0.0
1,0.0,77,forward,2.598772602248015,0.0,0.0,0.0,0.0,0.0,0.0,1.8294590539808998e-06,-1.051451464468198,0.0018981472565864912,-0.00166061276529309,0.003733529011416492,0.0
1,0.0,78,forward,2.6175969529642247,0.0,0.0,0.0,0.0,0.0,0.0,1.8329466744711083e-06,-1.069755648601902,0.0018388088772552382,-0.001679309269246381,0.0036802986738032617,0.0
1,0.0,79,forward,2.6362794593108223,0.0,0.0,0.0,0.0,0.0,0.0,1.8362145012704774e-06,-1.0880992533950022,0.0017784956067961185,-0.0016974071395890018,0.003625275604729139,0.0
1,0.0,80,forward,2.6548148536691745,0.0,0.0,0.0,0.0,0.0,0.0,1.83926631739667e-06,-1.1064846061289384,0.0017172277312655223,-0.0017148967227868883,0.0035684542117074836,0.0
1,0.0,81,forward,2.6731980101379684,0.0,0.0,0.0,0.0,0.0,0.0,1.8421063265863793e-06,-1.1249139981095388,0.0016550260007310443,-0.0017317685706153398,0.0035098387889853644,0.0
1,0.0,82,forward,2.6914239429764946,0.0,0.0,0.0,0.0,0.0,0.0,1.844739150086177e-06,-1.143389681932656,0.0015919116228068702,-0.0017480134447696828,0.0034494431053432306,0.0
1,0.0,83,forward,2.7094878051710163,0.0,0.0,0.0,0.0,0.0,0.0,1.847169822747453e-06,-1.1619138686586592,0.0015279062559800246,-0.0017636223214102331,0.0033872900018940832,0.0
1,0.0,84,forward,2.7273848871130064,0.0,0.0,0.0,0.0,0.0,0.0,1.8494037884259047e-06,-1.18048872489383,0.001463032002728966,-0.001778586395639416,0.00332341099920086,0.0
1,0.0,85,forward,2.7451106153783704,0.0,0.0,0.0,0.0,0.0,0.0,1.8514468946875341e-06,-1.19911636977718,0.0013973114024367144,-0.001792897085909004,0.0032578459130575,0.0
1,0.0,86,forward,2.7626605515971305,0.0,0.0,0.0,0.0,0.0,0.0,1.853305386824027e-06,-1.2177988718720052,0.001330767424100217,-0.001806546038355445,0.0031906424783210152,0.0
1,0.0,87,forward,2.7800303914034425,0.0,0.0,0.0,0.0,0.0,0.0,1.8549859011816193e-06,-1.2365382459620444,0.0012634234588383838,-0.0018195251310611992,0.003121855980217969,0.0
1,0.0,88,forward,2.797215963456232,0.0,0.0,0.0,0.0,0.0,0.0,1.856495457808679e-06,-1.2553364497530115,0.0011953033122008435,-0.0018318264782401213,0.0030515488925939582,0.0
1,0.0,89,forward,2.814213228521169,0.0,0.0,0.0,0.0,0.0,0.0,1.8578414524284075e-06,-1.2741953804810753,0.0011264311962796566,-0.0018434424343449325,0.0029797905226172094,0.0
1,0.0,90,forward,2.83101827860511,0.0,0.0,0.0,0.0,0.0,0.0,1.8590316477439916e-06,-1.2931168714306787,0.0010568317216265377,-0.001854365598094713,0.0029066566614902034,0.0
1,0.0,91,forward,2.847627336134586,0.0,0.0,0.0,0.0,0.0,0.0,1.8600741640850687e-06,-1.3121026883651845,0.000986529888977815,-0.0018645888164206452,0.002832229240765538,0.0
1,0.0,92,forward,2.86403675317033,0.0,0.0,0.0,0.0,0.0,0.0,1.8609774694049245e-06,-1.3311545258746993,0.000915551080789813,-0.0018741051883278926,0.00275659599389777,0.0
1,0.0,93,forward,2.880243010650243,0.0,0.0,0.0,0.0,0.0,0.0,1.8617503686398157e-06,-1.3502740036465664,0.0008439210525874181,-0.001882908068671998,0.0026798501227037197,0.0
1,0.0,94,forward,2.896242717653626,0.0,0.0,0.0,0.0,0.0,0.0,1.8624019924417478e-06,-1.369462662665189,0.0007716659241281955,-0.0018909910718476373,0.0026020899684344734,0.0
1,0.0,95,forward,2.9120326106798884,0.0,0.0,0.0,0.0,0.0,0.0,1.8629417852982918e-06,-1.388721961348916,0.00069881217038522,-0.0018983480753881172,0.002523418687195189,0.0
1,0.0,96,forward,2.9276095529353245,0.0,0.0,0.0,0.0,0.0,0.0,1.8633794930535334e-06,-1.408053271633052,0.0006253866123513489,-0.0019049732234737925,0.002443943929475778,0.0
1,0.0,97,forward,2.942970533621941,0.0,0.0,0.0,0.0,0.0,0.0,1.8637251498452098e-06,-1.4274578750092768,0.0005514164076679194,-0.0019108609303475218,0.002363777523582966,0.0
1,0.0,98,forward,2.9581126672226543,0.0,0.0,0.0,0.0,0.0,0.0,1.8639890644745163e-06,-1.4469369585331153,0.0004769290410808619,-0.001916005883635514,0.00228303516278755,0.0
1,0.0,99,forward,2.973033192777548,0.0,0.0,0.0,0.0,0.0,0.0,1.8641818062259231e-06,-1.4664916108123722,0.00040195231472755366,-0.0019204030475718297,0.002201836096023646,0.0
1,0.0,100,forward,2.9877294731462034,0.0,0.0,0.0,0.0,0.0,0.0,1.86431419015543e-06,-1.4861228179908903,0.0003265143382575123,-0.0019240476661248932,0.002120302821993214,0.0
1,0.0,101,forward,3.0021989942514393,0.0,0.0,0.0,0.0,0.0,0.0,1.864397261866399e-06,-1.5058314597433728,0.0002506435187900891,-0.0019269352660242491,0.0020385607865538447,0.0
1,0.0,102,forward,3.0164393643001124,0.0,0.0,0.0,0.0,0.0,0.0,1.8644422817936507e-06,-1.525618305298296,0.00017436855071285148,-0.0019290616596861004,0.0019567380832792025,0.0
1,0.0,103,forward,3.030448312976933,0.0,0.0,0.0,0.0,0.0,0.0,1.8644607090170823e-06,-1.5454840095074474,9.771840532379548e-05,-0.0019304229480360364,0.0018749651571017822,0.0
1,0.0,104,forward,3.0442236906075237,0.0,0.0,0.0,0.0,0.0,0.0,1.8644641846266024e-06,-1.5654291089818224,2.072232032120439e-05,-0.001931015523227161,0.001793374510962592,0.0
1,0.0,105,forward,3.057763467287243,0.0,0.0,0.0,0.0,0.0,0.0,1.864464514662387e-06,-1.5854540183150794,-5.659021085556091e-05,-0.0019308360712525718,0.001712100415406509,0.0
1,0.0,106,forward,3.071065731972548,0.0,0.0,0.0,0.0,0.0,0.0,1.8644736526535497e-06,-1.605559026416807,-0.00013418944983034645,-0.001929881574450232,0.0016312786210784247,0.0
1,0.0,107,forward,3.084128691531931,0.0,0.0,0.0,0.0,0.0,0.0,1.8645036817807653e-06,-1.62574429297918,-0.00021204542423602926,-0.0019281493138991678,0.0015510460740885412,0.0
1,0.0,108,forward,3.096950669753705,0.0,0.0,0.0,0.0,0.0,0.0,1.8645667966879802e-06,-1.646009845101546,-0.0002901279387979503,-0.0019256368717053172,0.0014715406342306059,0.0
1,0.0,109,forward,3.1095301063081595,0.0,0.0,0.0,0.0,0.0,0.0,1.8646752849702485e-06,-1.6663555740984684,-0.00036840658655112884,-0.0019223421331759987,0.0013929007960511997,0.0
1,0.0,110,forward,3.1218655556618122,0.0,0.0,0.0,0.0,0.0,0.0,1.8648415083640231e-06,-1.686781232517554,-0.0004468507601872452,-0.001918263288881249,0.0013152654127815966,0.0
1,0.0,111,forward,3.1339556859417184,0.0,0.0,0.0,0.0,0.0,0.0,1.8650778836686244e-06,-1.7072864313940002,-0.0005254296635273556,-0.0019133988366012054,0.0012387734231595338,0.0
1,0.0,112,forward,3.1457992777479937,0.0,0.0,0.0,0.0,0.0,0.0,1.8653968634267171e-06,-1.7278706377693225,-0.000604112323116312,-0.0019077475831579436,0.0011635635811824974,0.0
1,0.0,113,forward,3.157395222912918,0.0,0.0,0.0,0.0,0.0,0.0,1.865810916393291e-06,-1.748533172501896,-0.0006828675999346335,-0.001901308646130768,0.0010897741888475088,0.0
1,0.0,114,forward,3.1687425232051623,0.0,0.0,0.0,0.0,0.0,0.0,1.866332507822715e-06,-1.7692732083970308,-0.0007616642012236546,-0.0018940814554537363,0.0010175428319481872,0.0
1,0.0,115,forward,3.1798402889778723,0.0,0.0,0.0,0.0,0.0,0.0,1.8669740796040126e-06,-1.790089768684062,-0.0008404706924196732,-0.0018860657548942612,0.0009470061190145346,0.0
1,0.0,116,forward,3.1906877377595353,0.0,0.0,0.0,0.0,0.0,0.0,1.8677480302754817e-06,-1.8109817258674137,-0.0009192555091926993,-0.0018772616034119403,0.0008782994234936836,0.0
1,0.0,117,forward,3.2012841927866855,0.0,0.0,0.0,0.0,0.0,0.0,1.8686666949489544e-06,-1.8319478009779218,-0.0009979869695854462,-0.0018676693763961356,0.0008115566292859616,0.0
1,0.0,118,forward,3.2116290814777195,0.0,0.0,0.0,0.0,0.0,0.0,1.8697423251763704e-06,-1.8529865632495073,-0.0010766332862480468,-0.0018572897667819175,0.0007469098797632245,0.0
1,0.0,119,forward,3.2217219338471987,0.0,0.0,0.0,0.0,0.0,0.0,1.8709870687894833e-06,-1.8740964302450724,-0.0011551625787640173,-0.001846123786042868,0.0006844893304107091,0.0
1,0.0,120,forward,3.2315623808602196,0.0,0.0,0.0,0.0,0.0,0.0,1.8724129497457853e-06,-1.8952756684536882,-0.001233542886062894,-0.0018341727650603228,0.0006244229052467659,0.0
1,0.0,121,forward,3.2411501527265285,0.0,0.0,0.0,0.0,0.0,0.0,1.8740318480123915e-06,-1.9165223943792216,-0.00131174217891482,-0.0018214383548678522,0.0005668360571869785,0.0
1,0.0,122,forward,3.25048507713425,0.0,0.0,0.0,0.0,0.0,0.0,1.8758554795209554e-06,-1.9378345761382376,-0.0013897283725025497,-0.0018079225272703873,0.000511851532532373,0.0
1,0.0,123,forward,3.259567077423199,0.0,0.0,0.0,0.0,0.0,0.0,1.8778953762263012e-06,-1.9592100355823445,-0.0014674693390659967,-0.0017936275753372146,0.00045958913977171834,0.0
1,0.0,124,forward,3.268396170697907,0.0,0.0,0.0,0.0,0.0,0.0,1.8801628663014613e-06,-1.9806464509573294,-0.0015449329206146686,-0.0017785561137680028,0.0004101655228992557,0.0
1,0.0,125,forward,3.276972465880608,0.0,0.0,0.0,0.0,0.0,0.0,1.8826690545024506e-06,-2.0021413601080993,-0.0016220869417030057,-0.0017627110791314622,0.00036369393945895334,0.0
1,0.0,126,forward,3.2852961617045753,0.0,0.0,0.0,0.0,0.0,0.0,1.8854248027352123e-06,-2.023692164235184,-0.0016988992222639577,-0.0017460957299757186,0.00032028404353546397,0.0
1,0.0,127,forward,3.293367544648315,0.0,0.0,0.0,0.0,0.0,0.0,1.888440710858113e-06,-2.0452961322046446,-0.0017753375904956874,-0.0017287136468101783,0.0002800416739197342,0.0
1,0.0,128,forward,3.301186986811249,0.0,0.0,0.0,0.0,0.0,0.0,1.8917270977521208e-06,-2.066950405409588,-0.0018513698957965763,-0.0017105687319580005,0.0002430686476847313,0.0
1,0.0,129,forward,3.3087549437316555,0.0,0.0,0.0,0.0,0.0,0.0,1.8952939826918708e-06,-2.08865200317722,-0.0019269640217434725,-0.0016916652092790927,0.00020946255941262093,0.0
1,0.0,130,forward,3.3160719521477287,0.0,0.0,0.0,0.0,0.0,0.0,1.8991510670495866e-06,-2.1103978287113736,-0.002002087899108181,-0.001672007623762996,0.00017931658631971902,0.0
1,0.0,131,forward,3.3231386277027855,0.0,0.0,0.0,0.0,0.0,0.0,1.903307716363978e-06,-2.1321846755561458,-0.0020767095189071307,-0.0016516008409913215,0.0001527192995296276,0.0
1,0.0,132,forward,3.329955662595704,0.0,0.0,0.0,0.0,0.0,0.0,1.9077729428059392e-06,-2.1540092345620026,-0.002150796945479067,-0.0016304500464694902,0.0001297544817478631,0.0
1,0.0,133,forward,3.3365238231778678,0.0,0.0,0.0,0.0,0.0,0.0,1.912555388072528e-06,-2.1758681013315115,-0.002224318329585725,-0.0016085607448275698,0.00011050095159285435,0.0
1,0.0,134,forward,3.3428439474979403,0.0,0.0,0.0,0.0,0.0,0.0,1.9176633067396723e-06,-2.1977577841177625,-0.002297241921530228,-0.001585938758889731,9.503239483913371e-05,0.0
1,0.0,135,forward,3.3489169427959697,0.0,0.0,0.0,0.0,0.0,0.0,1.923104550104948e-06,-2.2196747121443527,-0.0023695360842881054,-0.0015625902286127114,8.341720282793068e-05,0.0
1,0.0,136,forward,3.3547437829483906,0.0,0.0,0.0,0.0,0.0,0.0,1.9288865505491514e-06,-2.241615244312327,-0.0024411693066456455,-0.0015385216098924676,7.571831829898614e-05,0.0
1,0.0,137,forward,3.360325505865653,0.0,0.0,0.0,0.0,0.0,0.0,1.9350163064470375e-06,-2.2635756782555183,-0.002512110216340386,-0.001513739673239638,7.199308889482196e-05,0.0
1,0.0,138,forward,3.365663210844286,0.0,0.0,0.0,0.0,0.0,0.0,1.9415003676552335e-06,-2.2855522597027953,-0.002582327593198473,-0.0014882515023234013,7.229312858507799e-05,0.0
1,0.0,139,forward,3.3707580558753483,0.0,0.0,0.0,0.0,0.0,0.0,1.9483448216054997e-06,-2.3075411921026316,-0.0026517903822635925,-0.0014620644923839454,7.666418725399654e-05,0.0
1,0.0,140,forward,3.3756112549113175,0.0,0.0,0.0,0.0,0.0,0.0,1.955555280030567e-06,-2.3295386464629524,-0.0027204677069121905,-0.0014351863485136502,8.514602868845973e-05,0.0
1,0.0,141,forward,3.380224075093599,0.0,0.0,0.0,0.0,0.0,0.0,1.96313686634889e-06,-2.3515407713571364,-0.0027883288819496653,-0.0014076250838071169,9.777231719753678e-05,0.0
1,0.0,142,forward,3.38459783394294,0.0,0.0,0.0,0.0,0.0,0.0,1.9710942037338955e-06,-2.373543703045414,-0.002855343426682202,-0.0013793890173802589,0.00011457051308701605,0.0
1,0.0,143,forward,3.3887338965151588,0.0,0.0,0.0,0.0,0.0,0.0,1.9794314038924493e-06,-2.3955435756597505,-0.002921481077958894,-0.0013504867722587794,0.00013556177720413717,0.0
1,0.0,144,forward,3.392633672524717,0.0,0.0,0.0,0.0,0.0,0.0,1.988152056576228e-06,-2.417536531399729,-0.0029867118031788437,-0.001320927273136312,0.00016076088475858175,0.0
1,0.0,145,forward,3.3962986134387627,0.0,0.0,0.0,0.0,0.0,0.0,1.9972592198486575e-06,-2.4395187306868054,-0.0030510058132578294,-0.0012907197440025638,0.00019017614861591148,0.0
1,0.0,146,forward,3.3997302095444093,0.0,0.0,0.0,0.0,0.0,0.0,2.0067554111292984e-06,-2.4614863622247056,-0.003114333575549236,-0.001259873705642005,0.00022380935224904086,0.0
1,0.0,147,forward,3.402929986992109,0.0,0.0,0.0,0.0,0.0,0.0,2.0166425990361424e-06,-2.483435652914688,-0.003176665826713825,-0.0012283989730034822,0.00026165569252189005,0.0
1,0.0,148,forward,3.4058995048181036,0.0,0.0,0.0,0.0,0.0,0.0,2.0269221960454464e-06,-2.5053628775758083,-0.0032379735855330495,-0.0011963056524413494,0.0003037037324675855,0.0
1,0.0,149,forward,3.408640351949044,0.0,0.0,0.0,0.0,0.0,0.0,2.03759505198737e-06,-2.5272643684221876,-0.003298228165660441,-0.0011636041388286974,0.0003499353642108169,0.0
1,0.0,150,forward,3.4111541441919737,0.0,0.0,0.0,0.0,0.0,0.0,2.0486614483946863e-06,-2.5491365242516864,-0.003357401188305855,-0.0011303051125433237,0.00040032578217094605,0.0
1,0.0,151,forward,3.413442521212995,0.0,0.0,0.0,0.0,0.0,0.0,2.0601210937203708e-06,-2.5709758193030723,-0.0034154645948470783,-0.001096419536327137,0.000454843466668825,0.0
1,0.0,152,forward,3.4155071435080133,0.0,0.0,0.0,0.0,0.0,0.0,2.071973119438838e-06,-2.592778811741935,-0.003472390659363537,-0.0010619586520197735,0.0005134501780460071,0.0
1,0.0,153,forward,3.417349689369099,0.0,0.0,0.0,0.0,0.0,0.0,2.084216077044051e-06,-2.6145421517390415,-0.0035281520010867298,-0.0010269339771671571,0.000576100961390838,0.0
1,0.0,154,forward,3.4189718518500607,0.0,0.0,0.0,0.0,0.0,0.0,2.09684793595674e-06,-2.6362625891084592,-0.003582721596762078,-0.0009913573015060304,0.0006427441619504953,0.0
1,0.0,155,forward,3.4203753357349598,0.0,0.0,0.0,0.0,0.0,0.0,2.109866082351114e-06,-2.6579369804768542,-0.003636072792916848,-0.0009552406833251565,0.0007133214512930336,0.0
1,0.0,156,forward,3.4215618545133646,0.0,0.0,0.0,0.0,0.0,0.0,2.123267318910599e-06,-2.6795622959593213,-0.003688179318028968,-0.0009185964457043007,0.0007877678642679714,0.0
1,0.0,157,forward,3.4225331273662456,0.0,0.0,0.0,0.0,0.0,0.0,2.137047865520178e-06,-2.701135625321345,-0.0037390152945911974,-0.0008814371726319875,0.0008660118467977151,0.0
1,0.0,158,forward,3.4232908761664835,0.0,0.0,0.0,0.0,0.0,0.0,2.1512033609019526e-06,-2.722654183610825,-0.003788555251065723,-0.0008437757050030124,0.0009479753145161807,0.0
1,0.0,159,forward,3.4238368224980693,0.0,0.0,0.0,0.0,0.0,0.0,2.1657288651988955e-06,-2.7441153162481586,-0.003836774133723749,-0.000805625136497068,0.0010335737222546132,0.0
1,0.0,160,forward,3.424172684698115,0.0,0.0,0.0,0.0,0.0,0.0,2.1806188635098684e-06,-2.7655165035668494,-0.003883647318364825,-0.0007669988093392811,0.0011227161443578826,0.0
1,0.0,161,forward,3.4243001749258983,0.0,0.0,0.0,0.0,0.0,0.0,2.1958672703784815e-06,-2.7868553648008945,-0.003929150621910992,-0.000727910309944329,0.0012153053657974755,0.0
1,0.0,162,forward,3.4242209962632026,0.0,0.0,0.0,0.0,0.0,0.0,2.211467435235575e-06,-2.8081296615194415,-0.0039732603138702425,-0.0006883734644450268,0.001311237984032293,0.0
1,0.0,163,forward,3.423936839850295,0.0,0.0,0.0,0.0,0.0,0.0,2.2274121487947033e-06,-2.8293373005127656,-0.0040159531276644485,-0.000648402334106988,0.001410404521547809,0.0
1,0.0,164,forward,3.423449382061913,0.0,0.0,0.0,0.0,0.0,0.0,2.243693650397815e-06,-2.8504763361373247,-0.004057206271816616,-0.0006080112106305672,0.0015126895489913639,0.0
1,0.0,165,forward,3.4227602817277014,0.0,0.0,0.0,0.0,0.0,0.0,2.260303636306917e-06,-2.8715449721307955,-0.00409699744099228,-0.0005672146113416891,0.0016179718188013281,0.0
1,0.0,166,forward,3.4218711774015573,0.0,0.0,0.0,0.0,0.0,0.0,2.2772332689360345e-06,-2.892541562911238,-0.004135304826890216,-0.0005260272742728078,0.0017261244092112438,0.0
1,0.0,167,forward,3.420783684684388,0.0,0.0,0.0,0.0,0.0,0.0,2.2944731870161614e-06,-2.9134646143770153,-0.0041721071289773344,-0.00048446415313581353,0.0018370148784943863,0.0
1,0.0,168,forward,3.4194993936048,0.0,0.0,0.0,0.0,0.0,0.0,2.3120135166843988e-06,-2.9343127842267966,-0.004207383565062982,-0.00044254041218822626,0.0019505054292948965,0.0
1,0.0,169,forward,3.4180198660622634,0.0,0.0,0.0,0.0,0.0,0.0,2.329843883486767e-06,-2.955084881820893,-0.004241113881707629,-0.00040027142099443794,0.002066453082876507,0.0
1,0.0,170,forward,3.416346633337292,0.0,0.0,0.0,0.0,0.0,0.0,2.3479534252828405e-06,-2.97577986760708,-0.004273278364461183,-0.0003576727490836908,0.002184709863101375,0.0
1,0.0,171,forward,3.4144811936731863,0.0,0.0,0.0,0.0,0.0,0.0,2.366330806038705e-06,-2.9963968521355695,-0.004303857847926183,-0.0003147601605064353,0.00230512298993657,0.0
1,0.0,172,forward,3.412425009933881,0.0,0.0,0.0,0.0,0.0,0.0,2.3849642304929555e-06,-3.0169350946889253,-0.0043328337256409106,-0.00027154960829088587,0.0024275350822660635,0.0
1,0.0,173,forward,3.4101795073424124,0.0,0.0,0.0,0.0,0.0,0.0,2.4038414596796926e-06,-3.0373940015536056,-0.004360187959778162,-0.0002280572288017001,0.002551784369772825,0.0
1,0.0,174,forward,3.4077460713045,0.0,0.0,0.0,0.0,0.0,0.0,2.422949827289735e-06,-3.057773123960514,-0.004385903090654488,-0.00018429933600242618,0.002677704913636947,0.0
1,0.0,175,forward,3.405126045321708,0.0,0.0,0.0,0.0,0.0,0.0,2.4422762568512446e-06,-3.0780721557221273,-0.004409962246045959,-0.0001402924156238446,0.002805126835779548,0.0
1,0.0,176,forward,3.402320728998592,0.0,0.0,0.0,0.0,0.0,0.0,2.4618072797080303e-06,-3.0982909305939295,-0.004432349150305327,-9.605311924008529e-05,0.0029338765563681757,0.0
1,0.0,177,forward,3.399331376148211,0.0,0.0,0.0,0.0,0.0,0.0,2.481529053773553e-06,-3.1184294193877116,-0.004453048133276628,-5.159825825452186e-05,0.0030637770392806796,0.0
1,0.0,178,forward,3.396159193000291,0.0,0.0,0.0,0.0,0.0,0.0,2.5014273830364036e-06,-3.1384877268639153,-0.004472044139002527,-6.9447977975034556e-06,0.0031946480452119674,0.0
1,0.0,179,forward,3.3928053365162905,0.0,0.0,0.0,0.0,0.0,0.0,2.5214877377921492e-06,3.124719218749926,-0.004489322734220287,3.789014946206649e-05,0.0033263063920908054,0.0
1,0.0,180,forward,3.389270912815519,0.0,0.0,0.0,0.0,0.0,0.0,2.541695275574675e-06,3.104820440511379,-0.004504870116641941,8.288932958889704e-05,0.0034585662224598246,0.0
1,0.0,181,forward,3.3855569757163773,0.0,0.0,0.0,0.0,0.0,0.0,2.562034862759108e-06,3.0850007594545743,-0.004518673123014586,0.0001280353537354267,0.0035912392774575808,0.0
1,0.0,182,forward,3.3816645253967033,0.0,0.0,0.0,0.0,0.0,0.0,2.582491096806975e-06,3.0652595696053897,-0.004530719236956666,0.00017331070457534892,0.0037241351770276876,0.0
1,0.0,183,forward,3.3775945071770974,0.0,0.0,0.0,0.0,0.0,0.0,2.6030483291230144e-06,3.0455961489912315,-0.004540996596566226,0.00021869774281447002,0.0038570617059644485,0.0
1,0.0,184,forward,3.3733478104309937,0.0,0.0,0.0,0.0,0.0,0.0,2.623690688491691e-06,3.0260096635462896,-0.004549494001797051,0.00026417871377650703,0.003989825105393696,0.0
1,0.0,185,forward,3.36892526762513,0.0,0.0,0.0,0.0,0.0,0.0,2.6444021050606395e-06,3.0064991710714897,-0.00455620092159903,0.0003097357540615149,0.004122230369274282,0.0
1,0.0,186,forward,3.3643276534939464,0.0,0.0,0.0,0.0,0.0,0.0,2.665166334836706e-06,2.9870636252301095,-0.004561107500818771,0.00035535089827458405,0.0042540815454915615,0.0
1,0.0,187,forward,3.3595556843513057,0.0,0.0,0.0,0.0,0.0,0.0,2.685966984659241e-06,2.9677018795613934,-0.004564204566856655,0.00040100608582234817,0.004385182041104607,0.0
1,0.0,188,forward,3.3546100175428086,0.0,0.0,0.0,0.0,0.0,0.0,2.7067875376145644e-06,2.948412691495886,-0.004565483636076909,0.0004466831677748685,0.00451533493129741,0.0
1,0.0,189,forward,3.3494912510418224,0.0,0.0,0.0,0.0,0.0,0.0,2.727611378854321e-06,2.9291947263575597,-0.004564936919967116,0.0004923639137904228,0.004644343271572038,0.0
1,0.0,190,forward,3.3441999231922015,0.0,0.0,0.0,0.0,0.0,0.0,2.7484218217791603e-06,2.910046561339225,-0.004562557331043452,0.0005380300191006345,0.0047720104127148,0.0
1,0.0,191,forward,3.338736512600535,0.0,0.0,0.0,0.0,0.0,0.0,2.7692021345488215e-06,2.890966689439028,-0.004558338488498446,0.0005836631115534245,0.004898140318054023,0.0
1,0.0,192,forward,3.3331014381805915,0.0,0.0,0.0,0.0,0.0,0.0,2.789935566878826e-06,2.871953523347223,-0.004552274723588123,0.0006292447587111558,0.005022537882522382,0.0
1,0.0,193,forward,3.327295059352491,0.0,0.0,0.0,0.0,0.0,0.0,2.810605377082408e-06,2.8530053992736315,-0.004544361084754826,0.0006747564750013564,0.005145009253025856,0.0
1,0.0,194,forward,3.3213176763989596,0.0,0.0,0.0,0.0,0.0,0.0,2.831194859316942e-06,2.834120580707507,-0.00453459334248322,0.0007201797289173984,0.0052653621496164815,0.0
1,0.0,195,forward,3.3151695309808793,0.0,0.0,0.0,0.0,0.0,0.0,2.8516873709922274e-06,2.8152972621027126,-0.004522967993886067,0.000765495950266381,0.005383406186959316,0.0
1,0.0,196,forward,3.3088508068141746,0.0,0.0,0.0,0.0,0.0,0.0,2.8720663602979107e-06,2.796533572482242,-0.004509482267016863,0.0008106865374615438,0.005498953195576917,0.0
1,0.0,197,forward,3.3023616305099157,0.0,0.0,0.0,0.0,0.0,0.0,2.8923153938070005e-06,2.7778275789572393,-0.004494134124906694,0.0008557328648564744,0.005611817542352293,0.0
1,0.0,198,forward,3.2957020725793797,0.0,0.0,0.0,0.0,0.0,0.0,2.9124181841115544e-06,2.7591772901567104,-0.004476922269322504,0.0009006162901182723,0.005721816449761774,0.0
1,0.0,199,forward,3.2888721486056207,0.0,0.0,0.0,0.0,0.0,0.0,2.9323586174464946e-06,2.7405806595650604,-0.0044578461442441675,0.0009453181616369684,0.005828770313317078,0.0
1,0.0,200,forward,3.281871820582978,0.0,0.0,0.0,0.0,0.0,0.0,2.952120781256822e-06,2.7220355887655505,-0.004436905939057705,0.000989819825968264,0.005932503016679025,0.0
2,0.0,1,forward,0.306616109774653,0.0,0.0,0.0,0.0,0.0,0.0,3.4642950356589835e-06,1.3834589907112294,0.000980173014749935,0.0025861671641660687,0.2568274393854739,0.0
2,0.0,2,forward,0.5433016782144691,0.0,0.0,0.0,0.0,0.0,0.0,3.465363710795442e-06,1.3626833660356321,0.0010875475913922248,0.0025758220744453377,0.1454624089182912,0.0
2,0.0,3,forward,0.727444234092921,0.0,0.0,0.0,0.0,0.0,0.0,3.4666658068864e-06,1.3418317206082517,0.0011949157364802498,0.0025644025974420237,0.08355764335653193,0.0
2,0.0,4,forward,0.8719478679679183,0.0,0.0,0.0,0.0,0.0,0.0,3.468224291863056e-06,1.3209052520433686,0.0013022343662345561,0.002551909013066078,0.049277284393634394,0.0
2,0.0,5,forward,0.9864205414325535,0.0,0.0,0.0,0.0,0.0,0.0,3.470061998596234e-06,1.2999053096330302,0.001409460244313033,0.0025383420330988495,0.030432571267054398,0.0
2,0.0,6,forward,1.0780419662485876,0.0,0.0,0.0,0.0,0.0,0.0,3.4722015874881806e-06,1.278833394465105,0.0015165499985394378,0.0025237028026360007,0.02020006969508674,0.0
2,0.0,7,forward,1.1521987484652767,0.0,0.0,0.0,0.0,0.0,0.0,3.47466550904295e-06,1.2576911590816269,0.0016234601377535208,0.0025079929013623677,0.014751951870148605,0.0
2,0.0,8,forward,1.2129498406845804,0.0,0.0,0.0,0.0,0.0,0.0,3.4774759664754083e-06,1.2364804066562776,0.0017301470687760975,0.0024912143446576556,0.011938904183426663,0.0
2,0.0,9,forward,1.2633681771637004,0.0,0.0,0.0,0.0,0.0,0.0,3.4806548784195392e-06,1.2152030896718475,0.0018365671134830607,0.0024733695845319073,0.010555038341606787,0.0
2,0.0,10,forward,1.305791890568633,0.0,0.0,0.0,0.0,0.0,0.0,3.4842238417961826e-06,1.1938613080810356,0.001942676525981773,0.0024544615103894688,0.00992599650225659,0.0
2,0.0,11,forward,1.3420094362728705,0.0,0.0,0.0,0.0,0.0,0.0,3.488204094901889e-06,1.1724573069367368,0.0020484315098833164,0.0024344934496207554,0.009677305580187603,0.0
2,0.0,12,forward,1.3733963489237029,0.0,0.0,0.0,0.0,0.0,0.0,3.4926164807793634e-06,1.1509934734809244,0.0021537882356641486,0.0024134691680206253,0.00960368198135804,0.0
2,0.0,13,forward,1.4010165522175657,0.0,0.0,0.0,0.0,0.0,0.0,3.497481410931073e-06,1.1294723336846109,0.0022587028581105843,0.002391392870032667,0.009595101518753063,0.0
2,0.0,14,forward,1.4256976468311275,0.0,0.0,0.0,0.0,0.0,0.0,3.502818829436846e-06,1.1078965482349483,0.002363131533839259,0.0023682691988185464,0.009594907135961436,0.0
2,0.0,15,forward,1.4480870571202613,0.0,0.0,0.0,0.0,0.0,0.0,3.5086481775365373e-06,1.086268907969234,0.002467030438887113,0.002344103236151689,0.009576057704929586,0.0
2,0.0,16,forward,1.4686940652300027,0.0,0.0,0.0,0.0,0.0,0.0,3.514988358738223e-06,1.0645923287596364,0.0025703557863638736,0.0023189005021346195,0.0095276766023345,0.0
2,0.0,17,forward,1.4879214128253755,0.0,0.0,0.0,0.0,0.0,0.0,3.5218577045124863e-06,1.042869845856509,0.0026730638441603356,0.0022926669547394395,0.009447459219491833,0.0
2,0.0,18,forward,1.5060891682963489,0.0,0.0,0.0,0.0,0.0,0.0,3.529273940632341e-06,1.0211046077023438,0.0027751109527056274,0.0022654089891707804,0.00933741617394937,0.0
2,0.0,19,forward,1.5234528410210901,0.0,0.0,0.0,0.0,0.0,0.0,3.53725415421839e-06,0.9992998692327643,0.0028764535427663056,0.0022371334370509745,0.00920151470582678,0.0
2,0.0,20,forward,1.5402172014191704,0.0,0.0,0.0,0.0,0.0,0.0,3.5458147615475006e-06,0.9774589846850629,0.0029770481532805826,0.002207847565426833,0.009044397698252965,0.0
2,0.0,21,forward,1.5565468833143832,0.0,0.0,0.0,0.0,0.0,0.0,3.554971476683202e-06,0.9555853999391226,0.0030768514492204965,0.002177559075597913,0.008870711468435544,0.0
2,0.0,22,forward,1.5725745652475267,0.0,0.0,0.0,0.0,0.0,0.0,3.564739280984525e-06,0.9336826444195737,0.0031758202394749535,0.0021462761017659077,0.008684774498139286,0.0
2,0.0,23,forward,1.5884073220327204,0.0,0.0,0.0,0.0,0.0,0.0,3.575132393549616e-06,0.9117543225919379,0.0032739114947468004,0.002114007209505033,0.008490434385256485,0.0
2,0.0,24,forward,1.6041315868583255,0.0,0.0,0.0,0.0,0.0,0.0,3.586164242648832e-06,0.8898041050893163,0.0033710823654563783,0.00208076139405331,0.008291026279501817,0.0
2,0.0,25,forward,1.6198170529416729,0.0,0.0,0.0,0.0,0.0,0.0,3.5978474382014736e-06,0.8678357195094457,0.0034672901996449204,0.002046548078424674,0.008089383877649875,0.0
2,0.0,26,forward,1.6355197615043682,0.0,0.0,0.0,0.0,0.0,0.0,3.610193745348511e-06,0.8458529409252239,0.003562492560870136,0.0020113771113420002,0.007887875687267731,0.0
2,0.0,27,forward,1.6512845618907124,0.0,0.0,0.0,0.0,0.0,0.0,3.6232140591727216e-06,0.8238595821543945,0.0036566472460870876,0.0019752587649911183,0.007688451601234464,0.0
2,0.0,28,forward,1.6671470843566365,0.0,0.0,0.0,0.0,0.0,0.0,3.6369183806160628e-06,0.8018594838364989,0.003749712303506986,0.0019382037325960425,0.007492691814161123,0.0
2,0.0,29,forward,1.6831353322863243,0.0,0.0,0.0,0.0,0.0,0.0,3.6513157936425356e-06,0.7798565043670082,0.0038416460504267437,0.0019002231258156102,0.00730185403456185,0.0
2,0.0,30,forward,1.6992709753318898,0.0,0.0,0.0,0.0,0.0,0.0,3.6664144436932577e-06,0.7578545097400117,0.003932407091021905,0.00186132847196192,0.007116917116562593,0.0
2,0.0,31,forward,1.7155704060072046,0.0,0.0,0.0,0.0,0.0,0.0,3.6822215174788338e-06,0.7358573633516835,0.004021954334095802,0.0018215317110409585,0.006938620408660057,0.0
2,0.0,32,forward,1.7320456079764117,0.0,0.0,0.0,0.0,0.0,0.0,3.6987432241520356e-06,0.713868915817161,0.004110247010777509,0.0017808451926158476,0.006767498729641774,0.0
2,0.0,33,forward,1.7487048734654163,0.0,0.0,0.0,0.0,0.0,0.0,3.71598477790229e-06,0.69189299485334,0.0041972446921613735,0.0017392816724933204,0.006603913182507748,0.0
2,0.0,34,forward,1.7655533990087433,0.0,0.0,0.0,0.0,0.0,0.0,3.73395038201144e-06,0.669933395279409,0.004282907306880927,0.0016968543092340113,0.006448078148069358,0.0
2,0.0,35,forward,1.7825937824722997,0.0,0.0,0.0,0.0,0.0,0.0,3.752643214407718e-06,0.6479938691858669,0.004367195158609471,0.0016535766604872644,0.006300084840943798,0.0
2,0.0,36,forward,1.7998264394811727,0.0,0.0,0.0,0.0,0.0,0.0,3.7720654147537966e-06,0.6260781163209915,0.004450068943480657,0.0016094626791512076,0.006159921806555835,0.0
2,0.0,37,forward,1.81724995367122,0.0,0.0,0.0,0.0,0.0,0.0,3.7922180731013277e-06,0.6041897747418089,0.004531489767421009,0.0015645267093590085,0.00602749271286579,0.0
2,0.0,38,forward,1.8348613723060445,0.0,0.0,0.0,0.0,0.0,0.0,3.8131012201433533e-06,0.5823324117738455,0.004611419163387844,0.001518783482292086,0.005902631757794097,0.0
2,0.0,39,forward,1.8526564565568542,0.0,0.0,0.0,0.0,0.0,0.0,3.8347138190924995e-06,0.5605095153212672,0.004689819108504551,0.0014722481118214228,0.005785116979263538,0.0
2,0.0,40,forward,1.8706298939818216,0.0,0.0,0.0,0.0,0.0,0.0,3.857053759211723e-06,0.5387244855655001,0.004766652041086687,0.001424936089977922,0.005674681722492858,0.0
2,0.0,41,forward,1.8887754793510882,0.0,0.0,0.0,0.0,0.0,0.0,3.880117851020661e-06,0.516980627087045,0.0048418808775510256,0.0013768632822530023,0.005571024489862575,0.0
2,0.0,42,forward,1.907086268858659,0.0,0.0,0.0,0.0,0.0,0.0,3.903901823198894e-06,0.4952811414412626,0.00491546902920051,0.0013280459227305935,0.005473817372623924,0.0
2,0.0,43,forward,1.9255547118787177,0.0,0.0,0.0,0.0,0.0,0.0,3.928400321205115e-06,0.4736291202149272,0.004987380418878127,0.0012785006090518596,0.005382713240773718,0.0
2,0.0,44,forward,1.9441727637126125,0.0,0.0,0.0,0.0,0.0,0.0,3.95360690762762e-06,0.45202753858622435,0.0050575794974821115,0.0012282442972139662,0.005297351847243004,0.0
2,0.0,45,forward,1.9629319821966322,0.0,0.0,0.0,0.0,0.0,0.0,3.979514064279717e-06,0.4304792494065949,0.005126031260335486,0.0011772942962042989,0.00521736498478359,0.0
2,0.0,46,forward,1.9818236105712148,0.0,0.0,0.0,0.0,0.0,0.0,4.0061131960508885e-06,0.40898697781859406,0.00519270126340294,0.0011256682624716798,0.005142380818232595,0.0
2,0.0,47,forward,2.0008386486274228,0.0,0.0,0.0,0.0,0.0,0.0,4.033394636520989e-06,0.38755331641971674,0.005257555639347462,0.0010733841942360911,0.005072027500897303,0.0
2,0.0,48,forward,2.019967913829402,0.0,0.0,0.0,0.0,0.0,0.0,4.061347655343507e-06,0.36618072097792004,0.005320561113420352,0.0010204604256385773,0.005005936171374348,0.0
2,0.0,49,forward,2.039202093848849,0.0,0.0,0.0,0.0,0.0,0.0,4.0899604673992325e-06,0.34487150670063,0.005381685019176804,0.0009669156207330155,0.004943743416007063,0.0
2,0.0,50,forward,2.0585317917289196,0.0,0.0,0.0,0.0,0.0,0.0,4.119220243720754e-06,0.3236278450550486,0.005440895314010771,0.0009127687673215365,0.004885093272214869,0.0
2,0.0,51,forward,2.077947564712329,0.0,0.0,0.0,0.0,0.0,0.0,4.149113124183484e-06,0.3024517611339946,0.005498160594501444,0.0008580391706354446,0.0048296388389800216,0.0
2,0.0,52,forward,2.0974399576151117,0.0,0.0,0.0,0.0,0.0,0.0,4.179624231958079e-06,0.2813451315579782,0.0055534501115652455,0.0008027464468635463,0.004777043552733395,0.0
2,0.0,53,forward,2.116999531498538,0.0,0.0,0.0,0.0,0.0,0.0,4.210737689714006e-06,0.2603096829011246,0.005606733785405633,0.0007469105165298743,0.004726982179654171,0.0
2,0.0,54,forward,2.136616888282724,0.0,0.0,0.0,0.0,0.0,0.0,4.242436637563285e-06,0.23934699062557707,0.005657982220254648,0.0006905515977228676,0.004679141568913914,0.0
2,0.0,55,forward,2.1562826918533093,0.0,0.0,0.0,0.0,0.0,0.0,4.274703252728808e-06,0.218458478506469,0.005707166718898948,0.0006336901991781165,0.004633221205584737,0.0
2,0.0,56,forward,2.175987686134314,0.0,0.0,0.0,0.0,0.0,0.0,4.3075187709198405e-06,0.19764541852722547,0.005754259296983908,0.0005763471132168653,0.004588933596740952,0.0
2,0.0,57,forward,2.1957227105337864,0.0,0.0,0.0,0.0,0.0,0.0,4.340863509394e-06,0.17690893122299503,0.005799232697089111,0.0005185434085425371,0.004546004519651037,0.0
2,0.0,58,forward,2.215478713112196,0.0,0.0,0.0,0.0,0.0,0.0,4.374716891682001e-06,0.15624998644833812,0.005842060402568573,0.00046030042289758145,0.00450417315684809,0.0
2,0.0,59,forward,2.2352467617751905,0.0,0.0,0.0,0.0,0.0,0.0,4.409057473948889e-06,0.13566940454395535,0.0058827166511492635,0.0004016397555830485,0.004463192139220806,0.0
2,0.0,60,forward,2.255018053751035,0.0,0.0,0.0,0.0,0.0,0.0,4.443862972962831e-06,0.11516785787617766,0.005921176448281732,0.00034258325984332924,0.004422827515058736,0.0
2,0.0,61,forward,2.2747839235777243,0.0,0.0,0.0,0.0,0.0,0.0,4.479110295638635e-06,0.09474587272221739,0.005957415580235944,0.0002831530351185886,0.004382858660163025,0.0
2,0.0,62,forward,2.294535849794485,0.0,0.0,0.0,0.0,0.0,0.0,4.514775570122039e-06,0.07440383147366275,0.005991410626936673,0.00022337141916744643,0.004343078141665402,0.0
2,0.0,63,forward,2.3142654605064275,0.0,0.0,0.0,0.0,0.0,0.0,4.550834178376601e-06,0.054141975130534294,0.006023138974531856,0.0001632609800625738,0.004303291546053356,0.0
2,0.0,64,forward,2.3339645379687854,0.0,0.0,0.0,0.0,0.0,0.0,4.587260790233055e-06,0.03396040605822792,0.006052578827687943,0.00010284450806188895,0.004263317280038148,0.0
2,0.0,65,forward,2.3536250223180373,0.0,0.0,0.0,0.0,0.0,0.0,4.624029398858152e-06,0.01385909097994239,0.006079709221606195,4.2145007358116236e-05,0.004222986351303359,0.0
2,0.0,66,forward,2.373239014560642,0.0,0.0,0.0,0.0,0.0,0.0,4.6611133575973965e-06,-0.006162135822346224,0.006104510033754036,-1.881431229047281e-05,0.0041821421347985055,0.0
2,0.0,67,forward,2.392798778915912,0.0,0.0,0.0,0.0,0.0,0.0,4.698485418143332e-06,-0.026103569124642654,0.006126961995305492,-8.00100440452329e-05,0.004140640129078776,0.0
2,0.0,68,forward,2.412296744597219,0.0,0.0,0.0,0.0,0.0,0.0,4.736117769979e-06,-0.04596562922091203,0.006147046702285192,-0.00014141859258533145,0.004098347706203931,0.0
2,0.0,69,forward,2.4317255071050727,0.0,0.0,0.0,0.0,0.0,0.0,4.773982081043012e-06,-0.06574885825079518,0.00616474662641,-0.00020301618281591552,0.004055143857886578,0.0
2,0.0,70,forward,2.451077829096413,0.0,0.0,0.0,0.0,0.0,0.0,4.812049539560957e-06,-0.08545391641852988,0.006180045125622904,-0.0002647788686832428,0.004010918939890695,0.0
2,0.0,71,forward,2.470346640886393,0.0,0.0,0.0,0.0,0.0,0.0,4.850290896985188e-06,-0.1050815781253542,0.006192926454313665,-0.0003266825420936192,0.003965574416118833,0.0
2,0.0,72,forward,2.489525040631991,0.0,0.0,0.0,0.0,0.0,0.0,4.888676511982942e-06,-0.12463272803646445,0.006203375773220888,-0.00038870294193305536,0.003919022603363798,0.0
2,0.0,73,forward,2.508606294240682,0.0,0.0,0.0,0.0,0.0,0.0,4.927176395410297e-06,-0.14410835710224942,0.006211379159010149,-0.00045081566318434454,0.0038711864173331945,0.0
2,0.0,74,forward,2.5275838350420905,0.0,0.0,0.0,0.0,0.0,0.0,4.965760256208036e-06,-0.16350955855221816,0.006216923613523329,-0.0005129961661383601,0.0038219991202629866,0.0
2,0.0,75,forward,2.546451263255882,0.0,0.0,0.0,0.0,0.0,0.0,5.004397548152311e-06,-0.18283752387865457,0.006219997072693628,-0.0005752197856962322,0.0037714040702064855,0.0
2,0.0,76,forward,2.565202345285063,0.0,0.0,0.0,0.0,0.0,0.0,5.043057517392899e-06,-0.20209353882562728,0.006220588415122048,-0.0006374617407590243,0.0037193544719206217,0.0
2,0.0,77,forward,2.5838310128602613,0.0,0.0,0.0,0.0,0.0,0.0,5.081709250707798e-06,-0.22127897939764798,0.0062186874703097925,-0.0006996971437015187,0.0036658131291378293,0.0
2,0.0,78,forward,2.6023313620573747,0.0,0.0,0.0,0.0,0.0,0.0,5.120321724403286e-06,-0.24039530790085276,0.006214285026542498,-0.0007619010099266193,0.003610752197932665,0.0
2,0.0,79,forward,2.6206976522081855,0.0,0.0,0.0,0.0,0.0,0.0,5.158863853785669e-06,-0.2594440690282798,0.0062073728384214955,-0.0008240482674969075,0.003554152940832944,0.0
2,0.0,80,forward,2.6389243047210367,0.0,0.0,0.0,0.0,0.0,0.0,5.197304543129572e-06,-0.27842688599947224,0.006197943634037543,-0.0008861137668397403,0.003496005481295139,0.0
2,0.0,81,forward,2.6570059018264773,0.0,0.0,0.0,0.0,0.0,0.0,5.235612736066968e-06,-0.2973454567633797,0.006185991121783024,-0.0009480722905223505,0.0034363085581561315,0.0
2,0.0,82,forward,2.674937185260807,0.0,0.0,0.0,0.0,0.0,0.0,5.273757466318941e-06,-0.31620155027228314,0.006171509996798213,-0.001009898563093241,0.003375069279675791,0.0
2,0.0,83,forward,2.6927130548987273,0.0,0.0,0.0,0.0,0.0,0.0,5.311707908691619e-06,-0.3349970028333255,0.0061544959470476454,-0.0010715672609862752,0.003312302876806561,0.0
2,0.0,84,forward,2.710328567344723,0.0,0.0,0.0,0.0,0.0,0.0,5.349433430256254e-06,-0.35373371454306546,0.006134945659022597,-0.001133053022483675,0.0032480324553493256,0.0
2,0.0,85,forward,2.727778934491449,0.0,0.0,0.0,0.0,0.0,0.0,5.386903641632819e-06,-0.37241364580942654,0.006112856823065956,-0.001194330457734188,0.0031822887466906313,0.0
2,0.0,86,forward,2.7450595220521126,0.0,0.0,0.0,0.0,0.0,0.0,5.4240884482956474e-06,-0.39103881396440027,0.006088228138315923,-0.0012553741588226463,0.003115109856851095,0.0
2,0.0,87,forward,2.7621658480727875,0.0,0.0,0.0,0.0,0.0,0.0,5.460958101818521e-06,-0.40961128996991436,0.006061059317264806,-0.00131615870988705,0.0030465410136177873,0.0
2,0.0,88,forward,2.7790935814295543,0.0,0.0,0.0,0.0,0.0,0.0,5.4974832509767115e-06,-0.428133195218379,0.006031351089929798,-0.0013766586972793328,0.0029766343115694704,0.0
2,0.0,89,forward,2.7958385403145307,0.0,0.0,0.0,0.0,0.0,0.0,5.533634992622295e-06,-0.4466066984286169,0.005999105207632202,-0.0014368487197659026,0.0029054484548496906,0.0
2,0.0,90,forward,2.8123966907140296,0.0,0.0,0.0,0.0,0.0,0.0,5.56938492224976e-06,-0.46503401263707633,0.005964324446382418,-0.001496703398764043,0.00283304849757704,0.0
2,0.0,91,forward,2.8287641448814056,0.0,0.0,0.0,0.0,0.0,0.0,5.604705184167618e-06,-0.48341739228352915,0.005927012609867479,-0.0015561973886101378,0.002759505581825694,0.0
2,0.0,92,forward,2.8449371598065163,0.0,0.0,0.0,0.0,0.0,0.0,5.6395685211923305e-06,-0.5017591303898526,0.005887174532038222,-0.0016153053868558887,0.0026848966731396473,0.0
2,0.0,93,forward,2.8609121356831757,0.0,0.0,0.0,0.0,0.0,0.0,5.673948323781296e-06,-0.5200615558297461,0.005844816079293992,-0.0016740021445882972,0.002609304293585246,0.0
2,0.0,94,forward,2.8766856143754835,0.0,0.0,0.0,0.0,0.0,0.0,5.707818678520759e-06,-0.5383270306868697,0.005799944152261712,-0.0017322624767695599,0.002532816252372505,0.0
2,0.0,95,forward,2.8922542778834877,0.0,0.0,0.0,0.0,0.0,0.0,5.741154415886104e-06,-0.5565579476982203,0.005752566687167529,-0.0017900612725926664,0.0024555253741074257,0.0
2,0.0,96,forward,2.907614946808249,0.0,0.0,0.0,0.0,0.0,0.0,5.7739311571917515e-06,-0.5747567277792228,0.005702692656798563,-0.001847373505848734,0.002377529224765418,0.0
2,0.0,97,forward,2.922764578816053,0.0,0.0,0.0,0.0,0.0,0.0,5.8061253606486035e-06,-0.5929258176265246,0.005650332071052811,-0.0019041742453018535,0.0022989298354986754,0.0
2,0.0,98,forward,2.937700267101219,0.0,0.0,0.0,0.0,0.0,0.0,5.837714366447976e-06,-0.6110676873941601,0.00559549597707532,-0.001960438665067389,0.0022198334244135087,0.0
2,0.0,99,forward,2.9524192388467103,0.0,0.0,0.0,0.0,0.0,0.0,5.868676440791841e-06,-0.6291848284383847,0.005538196458978997,-0.0020161420549895605,0.0021403501164715677,0.0
2,0.0,100,forward,2.9669188536815336,0.0,0.0,0.0,0.0,0.0,0.0,5.898990818789956e-06,-0.6472797511262102,0.0054784466371483815,-0.002071259831014132,0.0020605936616915066,0.0
2,0.0,101,forward,2.981196602133737,0.0,0.0,0.0,0.0,0.0,0.0,5.92863774614616e-06,-0.6653549827024002,0.005416260667125109,-0.0021257675455520837,0.0019806811518374434,0.0
2,0.0,102,forward,2.995250104077665,0.0,0.0,0.0,0.0,0.0,0.0,5.957598519556777e-06,-0.683413065209443,0.005351653738073729,-0.0021796408978299845,0.0019007327358001314,0.0
2,0.0,103,forward,3.0090771071740083,0.0,0.0,0.0,0.0,0.0,0.0,5.985855525746105e-06,-0.7014565534548378,0.005284642070826893,-0.0022328557442229083,0.001820871333885976,0.0
2,0.0,104,forward,3.022675485301073,0.0,0.0,0.0,0.0,0.0,0.0,6.013392279065393e-06,-0.7194880130198625,0.005215242915508987,-0.0022853881085657325,0.001741222351243188,0.0
2,0.0,105,forward,3.0360432369756447,0.0,0.0,0.0,0.0,0.0,0.0,6.040193457583189e-06,-0.7375100183038151,0.005143474548737489,-0.0023372141924384968,0.0016619133906616845,0.0
2,0.0,106,forward,3.0491784837617377,0.0,0.0,0.0,0.0,0.0,0.0,6.066244937597032e-06,-0.7555251505976291,0.00506935627040147,-0.0023883103854216475,0.0015830739649948522,0.0
2,0.0,107,forward,3.0620794686655106,0.0,0.0,0.0,0.0,0.0,0.0,6.091533826498327e-06,-0.7735359961806674,0.004992908400016778,-0.0024386532753169353,0.0015048352094579331,0.0
2,0.0,108,forward,3.0747445545145773,0.0,0.0,0.0,0.0,0.0,0.0,6.116048493924638e-06,-0.7915451444344044,0.004914152272657805,-0.002488219658329773,0.0014273295940651909,0.0
2,0.0,109,forward,3.087172222319979,0.0,0.0,0.0,0.0,0.0,0.0,6.1397786011351185e-06,-0.809555185966633,0.00483311023446571,-0.0025369865492086423,0.0013506906364748883,0.0
2,0.0,110,forward,3.0993610696190474,0.0,0.0,0.0,0.0,0.0,0.0,6.162715128548192e-06,-0.8275687107398965,0.004749805637733106,-0.0025849311913375976,0.0012750526155166364,0.0
2,0.0,111,forward,3.111309808797451,0.0,0.0,0.0,0.0,0.0,0.0,6.1848504013818745e-06,-0.8455883061976769,0.004664262835565644,-0.0026320310667772994,0.0012005502856805572,0.0
2,0.0,112,forward,3.123017265388718,0.0,0.0,0.0,0.0,0.0,0.0,6.206178113341116e-06,-0.8636165553820356,0.004576507176120918,-0.002678263906250676,0.001127318592853227,0.0
2,0.0,113,forward,3.134482376349601,0.0,0.0,0.0,0.0,0.0,0.0,6.226693348297541e-06,-0.881656035036317,0.004486564996425143,-0.0027236076990687056,0.0010554923915883085,0.0
2,0.0,114,forward,3.145704188309674,0.0,0.0,0.0,0.0,0.0,0.0,6.246392599911337e-06,-0.8997093136866207,0.0043944636157686534,-0.0027680407029922614,0.0009852061642052767,0.0
2,0.0,115,forward,3.156681855793642,0.0,0.0,0.0,0.0,0.0,0.0,6.2652737891470225e-06,-0.91777894969584,0.004300231328680918,-0.0028115414540258146,0.000916593742010835,0.0
2,0.0,116,forward,3.1674146394148885,0.0,0.0,0.0,0.0,0.0,0.0,6.283336279637956e-06,-0.9358674892840644,0.004203897397486491,-0.0028540887761386515,0.0008497880289424914,0.0
2,0.0,117,forward,3.177901904038876,0.0,0.0,0.0,0.0,0.0,0.0,6.300580890857738e-06,-0.9539774645093853,0.004105492044442899,-0.0028956617909095717,0.0007849207279354564,0.0
2,0.0,118,forward,3.188143116915101,0.0,0.0,0.0,0.0,0.0,0.0,6.317009909059898e-06,-0.972111391203169,0.004005046443462212,-0.002936239927090832,0.0007221220703161058,0.0
2,0.0,119,forward,3.1981378457763743,0.0,0.0,0.0,0.0,0.0,0.0,6.332627095950261e-06,-0.9902717668540892,0.0039025927114178295,-0.002975802930087181,0.0006615205485276943,0.0
2,0.0,120,forward,3.207885756904313,0.0,0.0,0.0,0.0,0.0,0.0,6.347437695059749e-06,-1.0084610684353805,0.0037981638990382508,-0.003014330871345818,0.0006032426524948259,0.0
2,0.0,121,forward,3.2173866131600173,0.0,0.0,0.0,0.0,0.0,0.0,6.361448435789037e-06,-1.0266817501699872,0.0036917939813899407,-0.003051804157653146,0.000547412609934711,0.0
2,0.0,122,forward,3.226640271979004,0.0,0.0,0.0,0.0,0.0,0.0,6.374667535100384e-06,-1.0449362412285699,0.0035835178479514383,-0.00308820354033439,0.0004941521309236793,0.0
2,0.0,123,forward,3.2356466833295854,0.0,0.0,0.0,0.0,0.0,0.0,6.387104696833974e-06,-1.0632269433555366,0.0034733712922810343,-0.0031235101243516435,0.00044358015702785497,0.0
2,0.0,124,forward,3.2444058876339903,0.0,0.0,0.0,0.0,0.0,0.0,6.398771108632036e-06,-1.081556228418715,0.00336139100128045,-0.0031577053772967223,0.0003958126153062527,0.0
2,0.0,125,forward,3.2529180136516187,0.0,0.0,0.0,0.0,0.0,0.0,6.409679436455569e-06,-1.0999264358784822,0.0032476145440574204,-0.003190771138274415,0.000350962177494564,0.0
2,0.0,126,forward,3.2611832763239725,0.0,0.0,0.0,0.0,0.0,0.0,6.4198438166838e-06,-1.1183398701727152,0.003132080360389812,-0.0032226896266724027,0.00030913802467601864,0.0
2,0.0,127,forward,3.2692019745808882,0.0,0.0,0.0,0.0,0.0,0.0,6.4292798457892425e-06,-1.1367987980142653,0.0030148277487944517,-0.0032534434508136906,0.0002704456177448217,0.0
2,0.0,128,forward,3.276974489107839,0.0,0.0,0.0,0.0,0.0,0.0,6.4380045675860165e-06,-1.1553054455982068,0.002895896854203817,-0.0032830156164877816,0.00023498647396470035,0.0
2,0.0,129,forward,3.2845012800741946,0.0,0.0,0.0,0.0,0.0,0.0,6.446036458051861e-06,-1.173861995716606,0.0027753286552539736,-0.00331138953535649,0.00020285794992313394,0.0
2,0.0,130,forward,3.291782884822441,0.0,0.0,0.0,0.0,0.0,0.0,6.45339540772947e-06,-1.1924705847791928,0.002653164951187287,-0.0033385490332307447,0.0001741530311780478,0.0
2,0.0,131,forward,3.2988199155185134,0.0,0.0,0.0,0.0,0.0,0.0,6.460102701715209e-06,-1.2111332997388928,0.0025294483483736434,-0.003364478358214282,0.000148960128890192,0.0
2,0.0,132,forward,3.305613056763489,0.0,0.0,0.0,0.0,0.0,0.0,6.466180997249049e-06,-1.2298521749219544,0.0024042222464540366,-0.0033891621887107465,0.00012736288372990762,0.0
2,0.0,133,forward,3.3121630631670573,0.0,0.0,0.0,0.0,0.0,0.0,6.471654298921357e-06,-1.2486291887630716,0.002277530824110578,-0.00341258564129009,0.0001094399773420348,0.0
2,0.0,134,forward,3.318470756883284,0.0,0.0,0.0,0.0,0.0,0.0,6.476547931518522e-06,-1.2674662604467994,0.0021494190244671393,-0.0034347342784109285,9.526495164698503e-05,0.0
2,0.0,135,forward,3.324537025109337,0.0,0.0,0.0,0.0,0.0,0.0,6.4808885105309585e-06,-1.2863652464573536,0.0020199325401249963,-0.003455594115994821,8.490603624992498e-05,0.0
2,0.0,136,forward,3.330362817547972,0.0,0.0,0.0,0.0,0.0,0.0,6.484703910352916e-06,-1.3053279370398707,0.0018891177978380325,-0.0034751516308490845,7.842598422303946e-05,0.0
2,0.0,137,forward,3.3359491438347018,0.0,0.0,0.0,0.0,0.0,0.0,6.488023230206525e-06,-1.3243560525771774,0.001757021942832189,-0.0034933937679344916,7.588191651841249e-05,0.0
2,0.0,138,forward,3.341297070930728,0.0,0.0,0.0,0.0,0.0,0.0,6.490876757826384e-06,-1.3434512398871552,0.0016236928227740316,-0.0035103079474742703,7.732517526100373e-05,0.0
2,0.0,139,forward,3.3464077204828335,0.0,0.0,0.0,0.0,0.0,0.0,6.4932959309455255e-06,-1.3626150684469196,0.0014891789713934553,-0.0035258820719010248,8.280118616245326e-05,0.0
2,0.0,140,forward,3.351282266151573,0.0,0.0,0.0,0.0,0.0,0.0,6.495313296626301e-06,-1.381849026551161,0.001353529591765727,-0.0035401045326379434,9.234933028713904e-05,0.0
2,0.0,141,forward,3.3559219309092474,0.0,0.0,0.0,0.0,0.0,0.0,6.496962468485383e-06,-1.4011545174132536,0.0012167945392581828,-0.0035529642167112245,0.00010600282539200128,0.0
2,0.0,142,forward,3.360327984309265,0.0,0.0,0.0,0.0,0.0,0.0,6.498278081863661e-06,-1.42053285521895,0.0010790243041470815,-0.003564450513190078,0.00012378861705111127,0.0
2,0.0,143,forward,3.364501739728661,0.0,0.0,0.0,0.0,0.0,0.0,6.49929574699717e-06,-1.439985261143812,0.0009402699939103036,-0.0035745533194511962,0.00014572727976487967,0.0
2,0.0,144,forward,3.3684445515856383,0.0,0.0,0.0,0.0,0.0,0.0,6.500052000248301e-06,-1.459512859346862,0.0008005833152016389,-0.003583263047264477,0.00017183292824211882,0.0
2,0.0,145,forward,3.372157812534174,0.0,0.0,0.0,0.0,0.0,0.0,6.500584253459852e-06,-1.4791166729542882,0.0006600165555126441,-0.0035905706286967665,0.000202113139030978,0.0
2,0.0,146,forward,3.375642950637837,0.0,0.0,0.0,0.0,0.0,0.0,6.500930741498796e-06,-1.498797620048424,0.0005186225645282123,-0.003596467521830672,0.00023656888266196732,0.0
2,0.0,147,forward,3.378901426525122,0.0,0.0,0.0,0.0,0.0,0.0,6.501130468058597e-06,-1.5185565096786025,0.00037645473518203686,-0.003600945716295143,0.00027519446645313944,0.0
2,0.0,148,forward,3.381934730528713,0.0,0.0,0.0,0.0,0.0,0.0,6.501223149794382e-06,-1.53839403791187,0.00023356698441840722,-0.0036039977386051717,0.0003179774881135883,0.0
2,0.0,149,forward,3.38474437981124,0.0,0.0,0.0,0.0,0.0,0.0,6.501249158866688e-06,-1.5583107839428838,9.001373366688757e-05,-0.00360561665730751,0.00036489880026735477,0.0
2,0.0,150,forward,3.3873319154802135,0.0,0.0,0.0,0.0,0.0,0.0,6.501249463973346e-06,-1.5783072062836516,-5.415011096349468e-05,-0.0036057960879295544,0.00041593248600507726,0.0
2,0.0,151,forward,3.3896988996949475,0.0,0.0,0.0,0.0,0.0,0.0,6.501265569952634e-06,-1.598383639055017,-0.00019886917876364883,-0.0036045301977287625,0.0004710458455557051,0.0
2,0.0,152,forward,3.3918469127684103,0.0,0.0,0.0,0.0,0.0,0.0,6.501339456042726e-06,-1.6185402884030113,-0.0003440876547705363,-0.003601813710239731,0.0005301993941551342,0.0
2,0.0,153,forward,3.393777550267059,0.0,0.0,0.0,0.0,0.0,0.0,6.501513512886539e-06,-1.6387772290642655,-0.0004897493003728632,-0.003597641909616475,0.0005933468711727535,0.0
2,0.0,154,forward,3.395492420111836,0.0,0.0,0.0,0.0,0.0,0.0,6.501830478372558e-06,-1.6590944011056807,-0.0006357974741691004,-0.0035920106447671876,0.0006604352605409924,0.0
2,0.0,155,forward,3.3969931396836204,0.0,0.0,0.0,0.0,0.0,0.0,6.502333372405804e-06,-1.6794916068644161,-0.0007821751530705524,-0.003584916333279086,0.0007314048225159075,0.0
2,0.0,156,forward,3.3982813329365347,0.0,0.0,0.0,0.0,0.0,0.0,6.503065430705145e-06,-1.699968508114939,-0.0009288249536419242,-0.003576355965130913,0.0008061891367811963,0.0
2,0.0,157,forward,3.399358627522622,0.0,0.0,0.0,0.0,0.0,0.0,6.504070037725573e-06,-1.7205246234904192,-0.0010756891536718128,-0.0035663271061907695,0.0008847151568900369,0.0
2,0.0,158,forward,3.400226651931503,0.0,0.0,0.0,0.0,0.0,0.0,6.505390658805917e-06,-1.7411593261860772,-0.0012227097139653582,-0.0035548279014969157,0.0009669032760225432,0.0
2,0.0,159,forward,3.400887032648721,0.0,0.0,0.0,0.0,0.0,0.0,6.507070771645468e-06,-1.7618718419722035,-0.0013698283003512962,-0.0035418570783195273,0.001052667404019672,0.0
2,0.0,160,forward,3.4013413913365915,0.0,0.0,0.0,0.0,0.0,0.0,6.509153797213687e-06,-1.78266124754442,-0.0015169863058952587,-0.003527413949001163,0.0011419150556360447,0.0
2,0.0,161,forward,3.401591342041424,0.0,0.0,0.0,0.0,0.0,0.0,6.511683030199966e-06,-1.803526469238405,-0.0016641248733115061,-0.003511498413574007,0.001234547449937784,0.0
2,0.0,162,forward,3.401638488431117,0.0,0.0,0.0,0.0,0.0,0.0,6.514701569110918e-06,-1.8244662821355893,-0.0018111849175645978,-0.0034941109621518186,0.0013304596207528163,0.0
2,0.0,163,forward,3.4014844210671473,0.0,0.0,0.0,0.0,0.0,0.0,6.518252246125544e-06,-1.8454793095854223,-0.001958107148652997,-0.0034752526770949065,0.0014295405380645998,0.0
2,0.0,164,forward,3.401130714715085,0.0,0.0,0.0,0.0,0.0,0.0,6.522377556818495e-06,-1.8665640231685061,-0.0021048320945659155,-0.0034549252349462306,0.001531673240221465,0.0
2,0.0,165,forward,3.4005789256978085,0.0,0.0,0.0,0.0,0.0,0.0,6.527119589863281e-06,-1.8877187431233855,-0.00225130012440512,-0.0034331309081368955,0.0016367349768172945,0.0
2,0.0,166,forward,3.399830589295645,0.0,0.0,0.0,0.0,0.0,0.0,6.532519956829033e-06,-1.9089416392578349,-0.002397451471662961,-0.0034098725664596587,0.0017445973620809074,0.0
2,0.0,167,forward,3.3988872171977245,0.0,0.0,0.0,0.0,0.0,0.0,6.538619722183078e-06,-1.9302307323633503,-0.0025432262576479095,-0.0033851536783085644,0.0018551265385949034,0.0
2,0.0,168,forward,3.3977502950088643,0.0,0.0,0.0,0.0,0.0,0.0,6.545459333614889e-06,-1.9515838961489984,-0.002688564515048887,-0.00335897831168365,0.001968183351146735,0.0
2,0.0,169,forward,3.396421279816325,0.0,0.0,0.0,0.0,0.0,0.0,6.553078552795119e-06,-1.9729988597079924,-0.0028334062116293812,-0.003331351134959162,0.002083623530498846,0.0
2,0.0,170,forward,3.3949015978208275,0.0,0.0,0.0,0.0,0.0,0.0,6.561516386684713e-06,-1.9944732105272758,-0.0029776912740425297,-0.0033022774174140475,0.0022012978868458655,0.0
2,0.0,171,forward,3.393192642036201,0.0,0.0,0.0,0.0,0.0,0.0,6.570811019508786e-06,-2.0160043980469875,-0.003121359611757795,-0.0032717630295235824,0.0023210525127131953,0.0
2,0.0,172,forward,3.3912957700620727,0.0,0.0,0.0,0.0,0.0,0.0,6.580999745510492e-06,-2.0375897377731467,-0.0032643511410905273,-0.0032398144430111427,0.0024427289950315623,0.0
2,0.0,173,forward,3.38921230193398,0.0,0.0,0.0,0.0,0.0,0.0,6.592118902598522e-06,-2.0592264159430083,-0.0034066058093247466,-0.003206438730659012,0.0025661646361090362,0.0
2,0.0,174,forward,3.386943518055289,0.0,0.0,0.0,0.0,0.0,0.0,6.604203807002179e-06,-2.0809114947386256,-0.0035480636189201766,-0.0031716435658773055,0.0026911926832046684,0.0
2,0.0,175,forward,3.3844906572152826,0.0,0.0,0.0,0.0,0.0,0.0,6.61728868904795e-06,-2.102641918039932,-0.0036886646517939885,-0.0031354372220305034,0.0028176425663927196,0.0
2,0.0,176,forward,3.381854914697743,0.0,0.0,0.0,0.0,0.0,0.0,6.631406630168396e-06,-2.1244145177045493,-0.003828349093667763,-0.0030978285715204707,0.0029453401443917393,0.0
2,0.0,177,forward,3.3790374404843257,0.0,0.0,0.0,0.0,0.0,0.0,6.64658950125588e-06,-2.1462260203571994,-0.003967057258470436,-0.0030588270846257236,0.00307410795801788,0.0
2,0.0,178,forward,3.376039337556967,0.0,0.0,0.0,0.0,0.0,0.0,6.6628679024700355e-06,-2.1680730546673646,-0.004104729612787337,-0.003018442828096213,0.003203765490908672,0.0
2,0.0,179,forward,3.3728616603035126,0.0,0.0,0.0,0.0,0.0,0.0,6.680271104607814e-06,-2.189952159089693,-0.004241306800345923,-0.0029766864635032806,0.0033341294371477814,0.0
2,0.0,180,forward,3.369505413030696,0.0,0.0,0.0,0.0,0.0,0.0,6.698826992143022e-06,-2.2118597900375327,-0.004376729666528454,-0.002933569245344544,0.003465013975410436,0.0
2,0.0,181,forward,3.365971548588504,0.0,0.0,0.0,0.0,0.0,0.0,6.718562008039566e-06,-2.2337923304561715,-0.004510939282901882,-0.002889103018903253,0.0035962310492342886,0.0
2,0.0,182,forward,3.362260967109912,0.0,0.0,0.0,0.0,0.0,0.0,6.739501100442522e-06,-2.255746098758586,-0.004643876971755196,-0.0028433002178623727,0.0037275906530105374,0.0
2,0.0,183,forward,3.358374514869848,0.0,0.0,0.0,0.0,0.0,0.0,6.761667671346602e-06,-2.277717358083281,-0.0047754843306344755,-0.002796173861672967,0.0038589011232762482,0.0
2,0.0,184,forward,3.354312983267171,0.0,0.0,0.0,0.0,0.0,0.0,6.785083527341121e-06,-2.299702325830622,-0.004905703256865687,-0.0027477375526772344,0.003989969434879281,0.0
2,0.0,185,forward,3.3500771079333362,0.0,0.0,0.0,0.0,0.0,0.0,6.809768832526944e-06,-2.3216971834314863,-0.005034475972055357,-0.002698005472986246,0.004120601501577559,0.0
2,0.0,186,forward,3.3456675679712977,0.0,0.0,0.0,0.0,0.0,0.0,6.8357420636987576e-06,-2.3436980862997925,-0.005161745046559378,-0.002646992381112679,0.004250602480620369,0.0
2,0.0,187,forward,3.34108498532808,0.0,0.0,0.0,0.0,0.0,0.0,6.863019967882696e-06,-2.3657011739186666,-0.0052874534239097945,-0.002594713608358923,0.004379777080857128,0.0
2,0.0,188,forward,3.336329924304341,0.0,0.0,0.0,0.0,0.0,0.0,6.891617522316523e-06,-2.3877025800086953,-0.005411544445189661,-0.0025411850549610497,0.004507929873902583,0.0
2,0.0,189,forward,3.3314028912040863,0.0,0.0,0.0,0.0,0.0,0.0,6.921547896956232e-06,-2.4096984427259422,-0.005533961873346095,-0.0024864231859891184,0.004634865607887617,0.0
2,0.0,190,forward,3.326304334127578,0.0,0.0,0.0,0.0,0.0,0.0,6.952822419589814e-06,-2.431684914837046,-0.0056546499174313656,-0.002430445027004666,0.004760389523309594,0.0
2,0.0,191,forward,3.3210346429103303,0.0,0.0,0.0,0.0,0.0,0.0,6.985450543634954e-06,-2.4536581738190226,-0.005773553256762224,-0.002373268159475948,0.004884307670494192,0.0
2,0.0,192,forward,3.3155941492109333,0.0,0.0,0.0,0.0,0.0,0.0,7.0194398186937855e-06,-2.4756144318320614,-0.005890617064987108,-0.0023149107159519127,0.005006427228178456,0.0
2,0.0,193,forward,3.309983126750304,0.0,0.0,0.0,0.0,0.0,0.0,7.054795863934889e-06,-2.4975499455148973,-0.00600578703405165,-0.0022553913749959417,0.005126556822708794,0.0
2,0.0,194,forward,3.3042017917047963,0.0,0.0,0.0,0.0,0.0,0.0,7.091522344367136e-06,-2.5194610255540724,-0.006119009398052177,-0.0021947293558802314,0.005244506847353447,0.0
2,0.0,195,forward,3.2982503032554584,0.0,0.0,0.0,0.0,0.0,0.0,7.129620950067006e-06,-2.5413440459805323,-0.006230230956967086,-0.002132944413042167,0.005360089781224264,0.0
2,0.0,196,forward,3.292128764295562,0.0,0.0,0.0,0.0,0.0,0.0,7.16909137841683e-06,-2.5631954531496888,-0.00633939910025648,-0.0020700568303038875,0.0054731205072888756,0.0
2,0.0,197,forward,3.285837222298364,0.0,0.0,0.0,0.0,0.0,0.0,7.209931319406204e-06,-2.5850117743640157,-0.006446461830319738,-0.0020060874148564033,0.005583416628970217,0.0
2,0.0,198,forward,3.27937567034692,0.0,0.0,0.0,0.0,0.0,0.0,7.25213644404495e-06,-2.6067896261006056,-0.006551367785801177,-0.00194105749100975,0.005690798784813045,0.0
2,0.0,199,forward,3.272744048327585,0.0,0.0,0.0,0.0,0.0,0.0,7.2957003959311985e-06,-2.628525721809711,-0.0066540662647337915,-0.0018749888937107655,0.005795090960703964,0.0
2,0.0,200,forward,3.265942244288714,0.0,0.0,0.0,0.0,0.0,0.0,7.340614786013494e-06,-2.6502168792541863,-0.006754507247511214,-0.0018079039618301344,0.005896120799131266,0.0
3,0.0,1,forward,0.2920016879227287,0.0,0.0,0.0,0.0,0.0,0.0,6.613872112469099e-07,2.364058867166027,-0.0016387619002456498,0.0008068363176400966,0.24026447968185993,0.0
3,0.0,2,forward,0.5184333158515402,0.0,0.0,0.0,0.0,0.0,0.0,6.640276815460885e-07,2.3460497443335813,-0.0016126551615443694,0.0008231036030382396,0.13903053579044902,0.0
3,0.0,3,forward,0.6956422080422097,0.0,0.0,0.0,0.0,0.0,0.0,6.66582815677194e-07,2.3280391531719897,-0.0015857972185079445,0.0008391058988710816,0.08205190169002385,0.0
3,0.0,4,forward,0.8357007350282708,0.0,0.0,0.0,0.0,0.0,0.0,6.690516673756004e-07,2.310024504115897,-0.0015581958357299421,0.0008548357272293411,0.04992116486930258,0.0
3,0.0,5,forward,0.9475614128254856,0.0,0.0,0.0,0.0,0.0,0.0,6.714334368450746e-07,2.292003210535886,-0.0015298591070205955,0.0008702856895455338,0.031804144600203456,0.0
3,0.0,6,forward,1.0378944807720365,0.0,0.0,0.0,0.0,0.0,0.0,6.737274732793782e-07,2.2739726906236246,-0.0015007954534783966,0.0008854484698785134,0.021617321661031766,0.0
3,0.0,7,forward,1.1116957394946017,0.0,0.0,0.0,0.0,0.0,0.0,6.759332771649678e-07,2.255930369293315,-0.0014710136214227678,0.0009003168381780912,0.015925592606725596,0.0
3,0.0,8,forward,1.1727282089673061,0.0,0.0,0.0,0.0,0.0,0.0,6.780505023592107e-07,2.2378736801057957,-0.0014405226801880516,0.0009148836535282195,0.012779430649708455,0.0
3,0.0,9,forward,1.223843598085023,0.0,0.0,0.0,0.0,0.0,0.0,6.800789579390843e-07,2.219800067221433,-0.0014093320197791223,0.0009291418673674814,0.011067778476607476,0.0
3,0.0,10,forward,1.2672168324595205,0.0,0.0,0.0,0.0,0.0,0.0,6.820186098153777e-07,2.201706987387998,-0.0013774513483889724,0.0009430845266853312,0.010155683304443816,0.0
3,0.0,11,forward,1.3045176495567172,0.0,0.0,0.0,0.0,0.0,0.0,6.838695821081681e-07,2.183591911969442,-0.001344890689778819,0.0009567047771929326,0.009680078503577674,0.0
3,0.0,12,forward,1.3370365850521124,0.0,0.0,0.0,0.0,0.0,0.0,6.856321582791718e-07,2.165452329021558,-0.001311660380521173,0.0009699958664669499,0.009433946098431498,0.0
3,0.0,13,forward,1.3657778452582254,0.0,0.0,0.0,0.0,0.0,0.0,6.873067820174523e-07,2.1472857454200236,-0.0012777710671063455,0.0009829511470652189,0.009300188990329944,0.0
3,0.0,14,forward,1.3915280787351252,0.0,0.0,0.0,0.0,0.0,0.0,6.888940578749008e-07,2.129089689046531,-0.0012432337029132173,0.0009955640796126648,0.00921364678298385,0.0
3,0.0,15,forward,1.4149075536727258,0.0,0.0,0.0,0.0,0.0,0.0,6.903947516485832e-07,2.1108617110380763,-0.0012080595450446945,0.0010078282358563248,0.009139151948873159,0.0
3,0.0,16,forward,1.4364084449461179,0.0,0.0,0.0,0.0,0.0,0.0,6.918097905071749e-07,2.09259938810457,-0.001172260151028771,0.0010197373016879246,0.009058789277823609,0.0
3,0.0,17,forward,1.456423638651707,0.0,0.0,0.0,0.0,0.0,0.0,6.931402628594404e-07,2.074300324919335,-0.0011358473753858638,0.0010312850801329143,0.00896447044675347,0.0
3,0.0,18,forward,1.4752685296719419,0.0,0.0,0.0,0.0,0.0,0.0,6.943874179626495e-07,2.055962156587023,-0.0010988333660633608,0.001042465494304354,0.008853597458324203,0.0
3,0.0,19,forward,1.4931976164797347,0.0,0.0,0.0,0.0,0.0,0.0,6.955526652696789e-07,2.03758255119282,-0.0010612305607381365,0.0010532725903205644,0.008726531507412066,0.0
3,0.0,20,forward,1.5104172130572486,0.0,0.0,0.0,0.0,0.0,0.0,6.966375735136699e-07,2.01915921243668,-0.0010230516829882084,0.0010637005401850851,0.008585122327949057,0.0
3,0.0,21,forward,1.5270952475112378,0.0,0.0,0.0,0.0,0.0,0.0,6.976438695295399e-07,2.0006898823556436,-0.0009843097383342716,0.0010737436446276417,0.008431862760023334,0.0
3,0.0,22,forward,1.5433688628508495,0.0,0.0,0.0,0.0,0.0,0.0,6.985734368123334e-07,1.9821723441369548,-0.0009450180101524681,0.0010833963359049416,0.00826941261791525,0.0
3,0.0,23,forward,1.5593503503991644,0.0,0.0,0.0,0.0,0.0,0.0,6.994283138123496e-07,1.9636044250240559,-0.0009051900554592451,0.0010926531805598302,0.008100340518883392,0.0
3,0.0,24,forward,1.5751318111071189,0.0,0.0,0.0,0.0,0.0,0.0,7.002106919679576e-07,1.944983999316965,-0.0008648397005696814,0.0011015088821377426,0.007926993734760412,0.0
3,0.0,25,forward,1.590788840805988,0.0,0.0,0.0,0.0,0.0,0.0,7.009229134768901e-07,1.9263089914679243,-0.0008239810366303947,0.001109958283858976,0.007751442420697197,0.0
3,0.0,26,forward,1.6063834622733135,0.0,0.0,0.0,0.0,0.0,0.0,7.015674688077687e-07,1.9075773792724489,-0.0007826284150284705,0.0011179963712457457,0.007575466162390215,0.0
3,0.0,27,forward,1.621966472792291,0.0,0.0,0.0,0.0,0.0,0.0,7.021469939535024e-07,1.8887871971551082,-0.0007407964426774661,0.0011256182747025978,0.007400563698091334,0.0
3,0.0,28,forward,1.6375793355430326,0.0,0.0,0.0,0.0,0.0,0.0,7.0266426742916e-07,1.8699365395486753,-0.0006984999771822224,0.0011328192720491215,0.007227974437330115,0.0
3,0.0,29,forward,1.6532557129845822,0.0,0.0,0.0,0.0,0.0,0.0,7.031222070169055e-07,1.8510235643643134,-0.000655754121883824,0.0011395947910036125,0.007058705085767308,0.0
3,0.0,30,forward,1.669022717694918,0.0,0.0,0.0,0.0,0.0,0.0,7.035238662612969e-07,1.832046496549406,-0.0006125742207859984,0.0011459404116166158,0.006893557521208349,0.0
3,0.0,31,forward,1.6849019389879134,0.0,0.0,0.0,0.0,0.0,0.0,7.038724307185481e-07,1.813003631728914,-0.0005689758533648435,0.0011518518686530835,0.006733155780614619,0.0
3,0.0,32,forward,1.7009102906014648,0.0,0.0,0.0,0.0,0.0,0.0,7.041712139638294e-07,1.7938933399248447,-0.000524974829263357,0.001157325053922037,0.006577971050820863,0.0
3,0.0,33,forward,1.717060714808716,0.0,0.0,0.0,0.0,0.0,0.0,7.044236533610443e-07,1.7747140693473522,-0.0004805871828723399,0.0011623560185525588,0.006428344171824418,0.0
3,0.0,34,forward,1.7333627706777308,0.0,0.0,0.0,0.0,0.0,0.0,7.046333056000402e-07,1.7554643502498801,-0.0004358291677995369,0.0011669409752150244,0.006284505522324568,0.0
3,0.0,35,forward,1.7498231283267454,0.0,0.0,0.0,0.0,0.0,0.0,7.048038420064917e-07,1.7361427988394906,-0.00039071725122874495,0.0011710763002864106,0.0061465923614236195,0.0
3,0.0,36,forward,1.766445986470525,0.0,0.0,0.0,0.0,0.0,0.0,7.049390436302215e-07,1.71674812123221,-0.00034526810817063497,0.001174758535958636,0.006014663808886378,0.0
3,0.0,37,forward,1.7832334270132493,0.0,0.0,0.0,0.0,0.0,0.0,7.050427961180732e-07,1.6972791174420223,-0.0002994986156073174,0.001177984392288844,0.005888713696717562,0.0
3,0.0,38,forward,1.8001857176782414,0.0,0.0,0.0,0.0,0.0,0.0,7.051190843778151e-07,1.6777346853906516,-0.00025342584653236666,0.0011807507491905617,0.005768681540441745,0.0
3,0.0,39,forward,1.8173015714962584,0.0,0.0,0.0,0.0,0.0,0.0,7.051719870400041e-07,1.658113824924038,-0.0002070670638884137,0.0011830546583647095,0.005654461873907446,0.0
3,0.0,40,forward,1.8345783702666494,0.0,0.0,0.0,0.0,0.0,0.0,7.052056707251028e-07,1.6384156418200289,-0.00016043971440443674,0.0011848933451694542,0.005545912175738021,0.0
3,0.0,41,forward,1.852012357756371,0.0,0.0,0.0,0.0,0.0,0.0,7.05224384123479e-07,1.6186393517702355,-0.00011356142233447804,0.0011862642104279082,0.005442859594322558,0.0
3,0.0,42,forward,1.8695988073316352,0.0,0.0,0.0,0.0,0.0,0.0,7.052324518962831e-07,1.5987842843179163,-6.644998310024326e-05,0.001187164832172668,0.005345106654915055,0.0
3,0.0,43,forward,1.8873321678651442,0.0,0.0,0.0,0.0,0.0,0.0,7.052342684056372e-07,1.5788498867321736,-1.9123356839560738e-05,0.0011875929673263003,0.005252436109051795,0.0
3,0.0,44,forward,1.90520619108148,0.0,0.0,0.0,0.0,0.0,0.0,7.052342912827837e-07,1.5588357277975686,2.840033813700932e-05,0.0011875465533167982,0.0051646150642885025,0.0
3,0.0,45,forward,1.923214042957826,0.0,0.0,0.0,0.0,0.0,0.0,7.05237034843254e-07,1.5387415014969614,7.610283197916763e-05,0.001187023709627113,0.005081398511854296,0.0
3,0.0,46,forward,1.9413484013584537,0.0,0.0,0.0,0.0,0.0,0.0,7.052470633584143e-07,1.5185670305641852,0.00012396571001724313,0.0011860227392778788,0.005002532351491618,0.0
3,0.0,47,forward,1.959601541727078,0.0,0.0,0.0,0.0,0.0,0.0,7.05268984193052e-07,1.49831226988217,0.00017197041956747153,0.0011845421302424672,0.004927755996599947,0.0
3,0.0,48,forward,1.9779654123738806,0.0,0.0,0.0,0.0,0.0,0.0,7.053074408189592e-07,1.4779773097010735,0.00022009827681990227,0.0011825805567935352,0.004856804628752709,0.0
3,0.0,49,forward,1.9964317006600236,0.0,0.0,0.0,0.0,0.0,0.0,7.053671057147415e-07,1.4575623786502288,0.0002683304738064219,0.0011801368807802454,0.004789411158596268,0.0
3,0.0,50,forward,2.0149918911910234,0.0,0.0,0.0,0.0,0.0,0.0,7.054526731623634e-07,1.4370678465169886,0.0003166480854465068,0.0011772101528353767,0.004725307939891066,0.0
3,0.0,51,forward,2.0336373169728685,0.0,0.0,0.0,0.0,0.0,0.0,7.055688519511687e-07,1.4164942267651544,0.0003650320766680482,0.001173799613511557,0.004664228274830595,0.0
3,0.0,52,forward,2.052359204354537,0.0,0.0,0.0,0.0,0.0,0.0,7.057203580003692e-07,1.3958421787652722,0.0004134633096008617,0.0011699046943458799,0.0046059077415857574,0.0
3,0.0,53,forward,2.071148712472172,0.0,0.0,0.0,0.0,0.0,0.0,7.059119069112055e-07,1.375112509709107,0.0004619225508402242,0.0011655250188521871,0.004550085369088297,0.0
3,0.0,54,forward,2.0899969678194212,0.0,0.0,0.0,0.0,0.0,0.0,7.061482064601782e-07,1.3543061761808277,0.0005103904787776976,0.0011606604034403384,0.004496504679203872,0.0
3,0.0,55,forward,2.108895094491907,0.0,0.0,0.0,0.0,0.0,0.0,7.064339490449562e-07,1.3334242853577494,0.0005588476909967403,0.0011553108582618014,0.00444491461251173,0.0
3,0.0,56,forward,2.127834240588801,0.0,0.0,0.0,0.0,0.0,0.0,7.067738040947132e-07,1.3124680958143287,0.0006072747117303116,0.0011494765879809256,0.004395070350743602,0.0
3,0.0,57,forward,2.1468056011989085,0.0,0.0,0.0,0.0,0.0,0.0,7.071724104568202e-07,1.291439017904078,0.0006556519993777475,0.0011431579924713034,0.004346734046422607,0.0
3,0.0,58,forward,2.1658004383507876,0.0,0.0,0.0,0.0,0.0,0.0,7.076343687719026e-07,1.2703386136954473,0.0007039599540779943,0.0011363556674366243,0.004299675468271702,0.0
3,0.0,59,forward,2.184810098264883,0.0,0.0,0.0,0.0,0.0,0.0,7.081642338495084e-07,1.249168596439155,0.0007521789253367857,0.001129070404955491,0.004253672569428046,0.0
3,0.0,60,forward,2.2038260262093887,0.0,0.0,0.0,0.0,0.0,0.0,7.087665070565422e-07,1.2279308295467526,0.0008002892197044033,0.0011213031939496492,0.0042085119843239815,0.0
3,0.0,61,forward,2.2228397792296755,0.0,0.0,0.0,0.0,0.0,0.0,7.09445628730855e-07,1.2066273250622002,0.0008482711085013515,0.001113055220575168,0.0041639894592131466,0.0
3,0.0,62,forward,2.241843036992917,0.0,0.0,0.0,0.0,0.0,0.0,7.102059706324302e-07,1.1852602416107103,0.0008961048355894328,0.0011043278685360662,0.004119910220655387,0.0
3,0.0,63,forward,2.2608276109645127,0.0,0.0,0.0,0.0,0.0,0.0,7.110518284444982e-07,1.163831881812479,0.0009437706251845189,0.001095122719319994,0.004076089285793505,0.0
3,0.0,64,forward,2.2797854521105294,0.0,0.0,0.0,0.0,0.0,0.0,7.119874143371082e-07,1.1423446891515134,0.0009912486897086516,0.001085441552355529,0.004032351717907279,0.0
3,0.0,65,forward,2.298708657300335,0.0,0.0,0.0,0.0,0.0,0.0,7.1301684960564e-07,1.1208012442934376,0.001038519237678476,0.0010752863450907235,0.003988532830483171,0.0
3,0.0,66,forward,2.3175894745655907,0.0,0.0,0.0,0.0,0.0,0.0,7.141441573965155e-07,1.099204260850041,0.0010855624816263623,0.0010646592729925367,0.003944478342862157,0.0
3,0.0,67,forward,2.336420307355479,0.0,0.0,0.0,0.0,0.0,0.0,7.153732555327844e-07,1.0775565805916145,0.0011323586460521078,0.0010535627094668892,0.003900044490413923,0.0
3,0.0,68,forward,2.355193717913401,0.0,0.0,0.0,0.0,0.0,0.0,7.167079494516258e-07,1.0558611681128083,0.0011788879754012496,0.001041999225698991,0.0038550980920881717,0.0
3,0.0,69,forward,2.37390242988706,0.0,0.0,0.0,0.0,0.0,0.0,7.181519252662298e-07,1.0341211049612942,0.0012251307420676415,0.001029971590413708,0.0038095165781361073,0.0
3,0.0,70,forward,2.3925393302718376,0.0,0.0,0.0,0.0,0.0,0.0,7.19708742964101e-07,1.0123395832432527,0.0012710672544166137,0.001017482769555784,0.0037631879807346613,0.0
3,0.0,71,forward,2.41109747077647,0.0,0.0,0.0,0.0,0.0,0.0,7.213818297538342e-07,0.9905198987235617,0.0013166778648259563,0.0010045359258896533,0.003716010890192134,0.0
3,0.0,72,forward,2.4295700686901522,0.0,0.0,0.0,0.0,0.0,0.0,7.231744735722438e-07,0.9686654434430968,0.0013619429777412958,0.0009911344185187523,0.003667894379362713,0.0
3,0.0,73,forward,2.4479505073212633,0.0,0.0,0.0,0.0,0.0,0.0,7.250898167635812e-07,0.9467796978794486,0.0014068430577429821,0.0009772818023241292,0.00361875789883237,0.0
3,0.0,74,forward,2.466232336069813,0.0,0.0,0.0,0.0,0.0,0.0,7.271308499424199e-07,0.9248662226816398,0.0014513586376210948,0.0009629818273223495,0.003568531145372922,0.0
3,0.0,75,forward,2.484409270188394,0.0,0.0,0.0,0.0,0.0,0.0,7.293004060513995e-07,0.9029286500131324,0.0014954703264552576,0.0009482384379425336,0.003517153906080872,0.0
3,0.0,76,forward,2.502475190279814,0.0,0.0,0.0,0.0,0.0,0.0,7.316011546251467e-07,0.8809706745409036,0.0015391588176964651,0.0009330557722225381,0.0034645758805350035,0.0
3,0.0,77,forward,2.5204241415736304,0.0,0.0,0.0,0.0,0.0,0.0,7.340355962710865e-07,0.8589960441119743,0.001582404897247189,0.0009174381609243031,0.0034107564832064896,0.0
3,0.0,78,forward,2.5382503330184383,0.0,0.0,0.0,0.0,0.0,0.0,7.366060573778311e-07,0.8370085501614087,0.0016251894515368628,0.0009013901265683446,0.0033556646282577596,0.0
3,0.0,79,forward,2.555948136221947,0.0,0.0,0.0,0.0,0.0,0.0,7.393146850614721e-07,0.8150120178985929,0.001667493475589352,0.0008849163823875015,0.003299278498751168,0.0
3,0.0,80,forward,2.573512084266559,0.0,0.0,0.0,0.0,0.0,0.0,7.4216344235973e-07,0.7930102963206654,0.0017092980810790653,0.0008680218311999858,0.0032415853021808827,0.0
3,0.0,81,forward,2.5909368704242923,0.0,0.0,0.0,0.0,0.0,0.0,7.451541036838475e-07,0.7710072481036166,0.001750584504372717,0.0008507115642019271,0.0031825810141136723,0.0
3,0.0,82,forward,2.6082173467914336,0.0,0.0,0.0,0.0,0.0,0.0,7.482882505373978e-07,0.7490067394229156,0.0017913341145530603,0.0008329908596795261,0.0031222701116131457,0.0
3,0.0,83,forward,2.6253485228602464,0.0,0.0,0.0,0.0,0.0,0.0,7.515672675111997e-07,0.7270126297560014,0.0018315284214217092,0.0008148651816410059,0.003060665297989762,0.0
3,0.0,84,forward,2.6423255640423102,0.0,0.0,0.0,0.0,0.0,0.0,7.549923385628353e-07,0.7050287617194381,0.0018711490834772972,0.0007963401783686442,0.002997787220305914,0.0
3,0.0,85,forward,2.6591437901556643,0.0,0.0,0.0,0.0,0.0,0.0,7.585644435892081e-07,0.6830589509928273,0.0019101779158662224,0.0007774216808910593,0.0029336641809377118,0.0
3,0.0,86,forward,2.675798673885791,0.0,0.0,0.0,0.0,0.0,0.0,7.622843552999053e-07,0.6611069763811339,0.0019485968983022214,0.0007581157013761796,0.0028683318443814554,0.0
3,0.0,87,forward,2.692285839228596,0.0,0.0,0.0,0.0,0.0,0.0,7.661526363986941e-07,0.6391765700653563,0.0019863881829515835,0.0007384284314450302,0.002801832940376614,0.0
3,0.0,88,forward,2.7086010599219073,0.0,0.0,0.0,0.0,0.0,0.0,7.701696370804355e-07,0.617271408089868,0.0020235341022809485,0.0007183662404069026,0.0027342169643061465,0.0
3,0.0,89,forward,2.724740257870564,0.0,0.0,0.0,0.0,0.0,0.0,7.743354928496911e-07,0.5953951011323787,0.0020600171768640698,0.0006979356734161357,0.002665539875732814,0.0
3,0.0,90,forward,2.7406995015689506,0.0,0.0,0.0,0.0,0.0,0.0,7.786501226672688e-07,0.5735511855998225,0.00209582012314441,0.0006771434495510491,0.0025958637958244934,0.0
3,0.0,91,forward,2.7564750045237183,0.0,0.0,0.0,0.0,0.0,0.0,7.831132274302737e-07,0.5517431150903125,0.002130925861150303,0.0006559964598154001,0.0025252567043367313,0.0
3,0.0,92,forward,2.772063123678546,0.0,0.0,0.0,0.0,0.0,0.0,7.877242887907236e-07,0.5299742522580378,0.002165317522159219,0.0006345017650629116,0.002453792136724031,0.0
3,0.0,93,forward,2.7874603578419768,0.0,0.0,0.0,0.0,0.0,0.0,7.924825683175211e-07,0.5082478611141727,0.0021989784563081626,0.0006126665938454117,0.0023815488818777486,0.0
3,0.0,94,forward,2.802663346118722,0.0,0.0,0.0,0.0,0.0,0.0,7.973871070056108e-07,0.48656709979300283,0.0022318922401465898,0.000590498340185014,0.0023086106809113716,0.0
3,0.0,95,forward,2.817668866344234,0.0,0.0,0.0,0.0,0.0,0.0,8.024367251362411e-07,0.46493501380849017,0.002264042684128949,0.0005680045612711447,0.0022350659273469575,0.0
3,0.0,96,forward,2.832473833521915,0.0,0.0,0.0,0.0,0.0,0.0,8.07630022490969e-07,0.44335452982218876,0.0022954138400431185,0.0005451929750828374,0.0021610073689953824,0.0
3,0.0,97,forward,2.847075298261918,0.0,0.0,0.0,0.0,0.0,0.0,8.129653789223026e-07,0.4218284499391848,0.002325990008372088,0.0005220714579370589,0.00208653181177193,0.0
3,0.0,98,forward,2.86147044522021,0.0,0.0,0.0,0.0,0.0,0.0,8.184409552826131e-07,0.4003594465445769,0.002355755745585168,0.0004986480419637008,0.0020117398256365437,0.0
3,0.0,99,forward,2.875656591536295,0.0,0.0,0.0,0.0,0.0,0.0,8.240546947128949e-07,0.3789500576887337,0.002384695871355803,0.00047493091250802247,0.0019367354528112002,0.0
3,0.0,100,forward,2.889631185267842,0.0,0.0,0.0,0.0,0.0,0.0,8.298043242920928e-07,0.3576026830254223,0.0024127954757027126,0.00045092840546120955,0.0018616259183881767,0.0
3,0.0,101,forward,2.903391803820297,0.0,0.0,0.0,0.0,0.0,0.0,8.356873570472651e-07,0.33631958030302983,0.002440039926051151,0.00042664900451992385,0.001786521343414671,0.0
3,0.0,102,forward,2.916936152369465,0.0,0.0,0.0,0.0,0.0,0.0,8.417010943242448e-07,0.3151028624051333,0.0024664148742112387,0.00040210133837553097,0.001711534460515085,0.0
3,0.0,103,forward,2.930262062275006,0.0,0.0,0.0,0.0,0.0,0.0,8.478426285179253e-07,0.2939544949333649,0.0024919062632701374,0.0003772941778340707,0.0016367803320916918,0.0
3,0.0,104,forward,2.943367489482743,0.0,0.0,0.0,0.0,0.0,0.0,8.541088461605317e-07,0.272876294321783,0.0025165003343949614,0.0003522364328675393,0.0015623760711311607,0.0
3,0.0,105,forward,2.956250512913687,0.0,0.0,0.0,0.0,0.0,0.0,8.604964313659956e-07,0.2518699264693084,0.0025401836335434765,0.0003269371495976774,0.0014884405646325982,0.0
3,0.0,106,forward,2.968909332837701,0.0,0.0,0.0,0.0,0.0,0.0,8.670018696275653e-07,0.23093690587374235,0.0025629430180793143,0.0003014055072130748,0.0014150941996672883,0.0
3,0.0,107,forward,2.9813422692297884,0.0,0.0,0.0,0.0,0.0,0.0,8.736214519654649e-07,0.21007859524840977,0.0025847656632888264,0.0002756508148205016,0.001342458592077156,0.0
3,0.0,108,forward,2.993547760107005,0.0,0.0,0.0,0.0,0.0,0.0,8.80351279420808e-07,0.18929620560052468,0.002605639068796559,0.0002496825082316766,0.0012706563178197516,0.0
3,0.0,109,forward,3.0055243598441144,0.0,0.0,0.0,0.0,0.0,0.0,8.871872678911254e-07,0.16859079674812405,0.00262555106487623,0.00022351014668615945,0.001199810646970223,0.0
3,0.0,110,forward,3.017270737466158,0.0,0.0,0.0,0.0,0.0,0.0,8.941251533027365e-07,0.1479632782514163,0.002644489818654471,0.00019714340951185186,0.0011300452803973127,0.0
3,0.0,111,forward,3.028785674916207,0.0,0.0,0.0,0.0,0.0,0.0,9.011604971141436e-07,0.12741441073257995,0.0026624438402042577,0.00017059209272379114,0.0010614840891378513,0.0
3,0.0,112,forward,3.0400680652966736,0.0,0.0,0.0,0.0,0.0,0.0,9.082886921443567e-07,0.10694480755763991,0.0026794019885251767,0.00014386610556267265,0.000994250856504994,0.0
3,0.0,113,forward,3.051116911082642,0.0,0.0,0.0,0.0,0.0,0.0,9.155049687193638e-07,0.08655493685301208,0.002695353477407712,0.00011697546697402723,0.0009284690229765108,0.0
3,0.0,114,forward,3.061931322305823,0.0,0.0,0.0,0.0,0.0,0.0,9.228044011294496e-07,0.06624512382916788,0.0027102878811787437,8.993030202930631e-05,0.0008642614339219035,0.0
3,0.0,115,forward,3.0725105147077962,0.0,0.0,0.0,0.0,0.0,0.0,9.301819143894482e-07,0.0460155533838126,0.002724195140325417,6.274083829022407e-05,0.0008017500902425673,0.0
3,0.0,116,forward,3.0828538078613756,0.0,0.0,0.0,0.0,0.0,0.0,9.376322912934736e-07,0.025866272956715324,0.0027370655669946673,3.5417402117213927e-05,0.0007410559020114421,0.0
3,0.0,117,forward,3.0929606232590037,0.0,0.0,0.0,0.0,0.0,0.0,9.451501797552568e-07,0.005797195609281059,0.002748889850365779,7.970414923706011e-06,0.0006822984452162506,0.0
3,0.0,118,forward,3.102830482367219,0.0,0.0,0.0,0.0,0.0,0.0,9.527301004244253e-07,-0.014191896698076195,0.002759659061893133,-1.9589610622827023e-05,0.0006255957217239372,0.0
3,0.0,119,forward,3.112463004646362,0.0,0.0,0.0,0.0,0.0,0.0,9.603664545688587e-07,-0.03410134965662158,0.0027693646604167303,-4.725207445158142e-05,0.0005710639226002012,0.0
3,0.0,120,forward,3.1218579055347813,0.0,0.0,0.0,0.0,0.0,0.0,9.68053532212482e-07,-0.05393163301317285,0.002777998497137771,-7.500629298957605e-05,0.0005188171949331855,0.0
3,0.0,121,forward,3.1310149943969443,0.0,0.0,0.0,0.0,0.0,0.0,9.757855205174838e-07,-0.0736833368513452,0.0027855528204567656,-0.00010284150311198893,0.0004689674123252857,0.0
3,0.0,122,forward,3.1399341724349568,0.0,0.0,0.0,0.0,0.0,0.0,9.835565123995192e-07,-0.09335716777303996,0.0027920202806717962,-0.00013074686614011555,0.00042162394923151575,0.0
3,0.0,123,forward,3.1486154305631184,0.0,0.0,0.0,0.0,0.0,0.0,9.91360515363816e-07,-0.11295394500205598,0.002797393934534338,-0.00015871147188564058,0.00037689345933678703,0.0
3,0.0,124,forward,3.157058847245259,0.0,0.0,0.0,0.0,0.0,0.0,9.99191460549826e-07,-0.132474596430367,0.00280166724966033,-0.00018672434273980454,0.0003348796581770924,0.0
3,0.0,125,forward,3.165264586294712,0.0,0.0,0.0,0.0,0.0,0.0,1.0070432119715654e-06,-0.15192015462627173,0.002804834108794152,-0.0002147744378060042,0.0002956831102227178,0.0
3,0.0,126,forward,3.173232894636903,0.0,0.0,0.0,0.0,0.0,0.0,1.0149095759403018e-06,-0.17129175282216877,0.002806888813923158,-0.00024285065707419648,0.00025940102065134113,0.0
3,0.0,127,forward,3.1809641000346383,0.0,0.0,0.0,0.0,0.0,0.0,1.0227843106559821e-06,-0.19059062089859338,0.0028078260902405674,-0.0002709418456358325,0.00022612703205034806,0.0
3,0.0,128,forward,3.1884586087762976,0.0,0.0,0.0,0.0,0.0,0.0,1.030661135953272e-06,-0.2098180813794731,0.002807641089954471,-0.00029903679793759705,0.00019595102629570323,0.0
3,0.0,129,forward,3.195716903327253,0.0,0.0,0.0,0.0,0.0,0.0,1.0385337431878653e-06,-0.2289755454524256,0.002806329395940868,-0.00032712426207256664,0.00016895893186270883,0.0
3,0.0,130,forward,3.202739539944942,0.0,0.0,0.0,0.0,0.0,0.0,1.0463958052481908e-06,-0.24806450902630622,0.0028038870252385744,-0.00035519294410699126,0.00014523253683051442,0.0
3,0.0,131,forward,3.209527146258134,0.0,0.0,0.0,0.0,0.0,0.0,1.0542409866775711e-06,-0.26708654883722843,0.0028003104323840434,-0.0003832315124414135,0.0001248493078471963,0.0
3,0.0,132,forward,3.216080418811067,0.0,0.0,0.0,0.0,0.0,0.0,1.0620629538913175e-06,-0.2860433186125906,0.002795596512584043,-0.00041122860220422364,0.00010788221532608304,0.0
3,0.0,133,forward,3.2224001205732025,0.0,0.0,0.0,0.0,0.0,0.0,1.0698553854731875e-06,-0.3049365453016819,0.0027897426047243253,-0.0004391728196761827,9.439956514646327e-05,0.0
3,0.0,134,forward,3.2284870784155064,0.0,0.0,0.0,0.0,0.0,0.0,1.07761198253528e-06,-0.32376802538009375,0.0027827464942124214,-0.0004670527467442142,8.446483713292323e-05,0.0
3,0.0,135,forward,3.234342180554243,0.0,0.0,0.0,0.0,0.0,0.0,1.0853264791252114e-06,-0.34253962123405635,0.002774606415652718,-0.0004948569453828226,7.813653058726068e-05,0.0
3,0.0,136,forward,3.2399663739633975,0.0,0.0,0.0,0.0,0.0,0.0,1.0929926526642468e-06,-0.361253257629685,0.002765321055352112,-0.0005225739621614324,7.546801714537971e-05,0.0
3,0.0,137,forward,3.2453606617569632,0.0,0.0,0.0,0.0,0.0,0.0,1.1006043343998025e-06,-0.3799109182710364,0.0027548895536545375,-0.000550192332775857,7.650740122867503e-05,0.0
3,0.0,138,forward,3.250526100542423,0.0,0.0,0.0,0.0,0.0,0.0,1.1081554198557733e-06,-0.398514642450097,0.002743311507102768,-0.00057770058660242,8.129738835519916e-05,0.0
3,0.0,139,forward,3.255463797746892,0.0,0.0,0.0,0.0,0.0,0.0,1.1156398792636895e-06,-0.41706652179055625,0.0027305869704258964,-0.000605087251272684,8.987516157048193e-05,0.0
3,0.0,140,forward,3.2601749089174894,0.0,0.0,0.0,0.0,0.0,0.0,1.1230517679579624e-06,-0.4355686970867096,0.00271671645835104,-0.0006323408572673079,0.00010227226625121816,0.0
3,0.0,141,forward,3.264660634997625,0.0,0.0,0.0,0.0,0.0,0.0,1.1303852367180752e-06,-0.45402335523772336,0.0027017009472378142,-0.0006594499425270351,0.00011851450352718361,0.0
3,0.0,142,forward,3.2689222195810035,0.0,0.0,0.0,0.0,0.0,0.0,1.1376345420408004e-06,-0.47243272627701083,0.002685541876534226,-0.0006864030570792359,0.0001386218325578033,0.0
3,0.0,143,forward,3.272960946145264,0.0,0.0,0.0,0.0,0.0,0.0,1.1447940563252887e-06,-0.490799080495573,0.002668241150052666,-0.0007131887676780775,0.00016260828188976312,0.0
3,0.0,144,forward,3.2767781352672776,0.0,0.0,0.0,0.0,0.0,0.0,1.151858277953978e-06,-0.5091247256576145,0.0026498011370647873,-0.0007397956624565356,0.0001904818701109652,0.0
3,0.0,145,forward,3.2803751418222644,0.0,0.0,0.0,0.0,0.0,0.0,1.1588218412523654e-06,-0.5274120043062,0.002630224673214119,-0.0007662123555885228,0.00022224453600421662,0.0
3,0.0,146,forward,3.28375335216897,0.0,0.0,0.0,0.0,0.0,0.0,1.1656795263104892e-06,-0.5456632911560249,0.00260951506124528,-0.0007924274919591004,0.0002578920783909838,0.0
3,0.0,147,forward,3.2869141813232856,0.0,0.0,0.0,0.0,0.0,0.0,1.1724262686494775e-06,-0.563880990570164,0.0025876760715487957,-0.0008184297518412377,0.0002974141058419387,0.0
3,0.0,148,forward,3.2898590701227937,0.0,0.0,0.0,0.0,0.0,0.0,1.1790571687161265e-06,-0.5820675341168768,0.002564711942520554,-0.0008442078555769389,0.0003407939964164136,0.0
3,0.0,149,forward,3.292589482384834,0.0,0.0,0.0,0.0,0.0,0.0,1.1855675011890839e-06,-0.6002253782024684,0.002540627380735031,-0.0008697505682611317,0.00038800886757758835,0.0
3,0.0,150,forward,3.295106902060795,0.0,0.0,0.0,0.0,0.0,0.0,1.1919527240800107e-06,-0.6183570017756441,0.0025154275609314152,-0.0008950467044262987,0.0004390295564146024,0.0
3,0.0,151,forward,3.297412830389442,0.0,0.0,0.0,0.0,0.0,0.0,1.1982084876136008e-06,-0.6364649040985915,0.0024891181258119813,-0.0009200851327260813,0.0004938206102858625,0.0
3,0.0,152,forward,3.2995087830522056,0.0,0.0,0.0,0.0,0.0,0.0,1.2043306428702535e-06,-0.6545516025796574,0.0024617051856519333,-0.0009448547806158656,0.0005523402879812553,0.0
3,0.0,153,forward,3.30139628733345,0.0,0.0,0.0,0.0,0.0,0.0,1.2103152501757612e-06,-0.6726196306623279,0.002433195317720216,-0.0009693446390285702,0.0006145405714833851,0.0
3,0.0,154,forward,3.3030768792888474,0.0,0.0,0.0,0.0,0.0,0.0,1.2161585872223895e-06,-0.6906715357649134,0.0024035955655107234,-0.000993543767043647,0.000680367188389791,0.0
3,0.0,155,forward,3.3045521009250796,0.0,0.0,0.0,0.0,0.0,0.0,1.221857156906207e-06,-0.7087098772652409,0.0023729134377834323,-0.0010174412965474786,0.0007497596450406069,0.0
3,0.0,156,forward,3.305823497394188,0.0,0.0,0.0,0.0,0.0,0.0,1.2274076948657742e-06,-0.7267372245244118,0.0023411569074151405,-0.0010410264368832074,0.0008226512703767147,0.0
3,0.0,157,forward,3.3068926142059727,0.0,0.0,0.0,0.0,0.0,0.0,1.232807176707647e-06,-0.7447561549435855,0.002308334410059475,-0.0010642884794880814,0.0008989692705358293,0.0
3,0.0,158,forward,3.307760994461951,0.0,0.0,0.0,0.0,0.0,0.0,1.238052824904657e-06,-0.7627692520476894,0.0022744548426159206,-0.0010872168025164999,0.000978634794174163,0.0
3,0.0,159,forward,3.308430176114442,0.0,0.0,0.0,0.0,0.0,0.0,1.2431421153531865e-06,-0.7807791035897399,0.0022395275615078075,-0.0011098008754467268,0.0010615630084830074,0.0
3,0.0,160,forward,3.3089016892544434,0.0,0.0,0.0,0.0,0.0,0.0,1.248072783576258e-06,-0.7987882996695544,0.002203562380769079,-0.0011320302636695023,0.0011476631858500785,0.0
3,0.0,161,forward,3.3091770534320304,0.0,0.0,0.0,0.0,0.0,0.0,1.2528428305593334e-06,-0.8167994308603784,0.0021665695699398563,-0.0011538946330563636,0.0012368388010970954,0.0
3,0.0,162,forward,3.3092577750130725,0.0,0.0,0.0,0.0,0.0,0.0,1.2574505282070813e-06,-0.834815086337223,0.002128559851771007,-0.0011753837545062167,0.0013289876392058309,0.0
3,0.0,163,forward,3.309145344576141,0.0,0.0,0.0,0.0,0.0,0.0,1.26189442440865e-06,-0.8528378520003689,0.002089544399737659,-0.0011964875084677746,0.0014240019134246218,0.0
3,0.0,164,forward,3.308841234353512,0.0,0.0,0.0,0.0,0.0,0.0,1.2661733477006138e-06,-0.8708703085877527,0.002049534835362098,-0.0012171958894362444,0.0015217683936322446,0.0
3,0.0,165,forward,3.3083468957202413,0.0,0.0,0.0,0.0,0.0,0.0,1.27028641151669e-06,-0.8889150297698801,0.002008543225346254,-0.0012374990104222496,0.0016221685448128964,0.0
3,0.0,166,forward,3.3076637567353213,0.0,0.0,0.0,0.0,0.0,0.0,1.2742330180141676e-06,-0.9069745802210369,0.0019665820785141207,-0.0012573871073911713,0.0017250786754811065,0.0
3,0.0,167,forward,3.3067932197389656,0.0,0.0,0.0,0.0,0.0,0.0,1.2780128614673835e-06,-0.9250515136605033,0.0019236643425647045,-0.0012768505436708477,0.0018303700958762215,0.0
3,0.0,168,forward,3.3057366590100954,0.0,0.0,0.0,0.0,0.0,0.0,1.2816259312194841e-06,-0.9431483708577646,0.0018798034006359615,-0.0012958798143259192,0.0019379092857279845,0.0
3,0.0,169,forward,3.304495418488125,0.0,0.0,0.0,0.0,0.0,0.0,1.2850725141839692e-06,-0.9612676775956929,0.001835013067680292,-0.0013144655504967637,0.00204755807137727,0.0
3,0.0,170,forward,3.303070809563162,0.0,0.0,0.0,0.0,0.0,0.0,1.288353196888772e-06,-0.9794119425859026,0.0017893075866525015,-0.001332598523701368,0.002159173812020243,0.0
3,0.0,171,forward,3.3014641089387244,0.0,0.0,0.0,0.0,0.0,0.0,1.2914688670553615e-06,-0.9975836553305911,0.0017427016245106857,-0.0013502696500979421,0.002272609594825503,0.0
3,0.0,172,forward,3.299676556571102,0.0,0.0,0.0,0.0,0.0,0.0,1.2944207147071476e-06,-1.0157852839254593,0.0016952102680311695,-0.00136746999470673,0.002387714438659261,0.0
3,0.0,173,forward,3.2977093536894477,0.0,0.0,0.0,0.0,0.0,0.0,1.2972102328013083e-06,-1.0340192727984014,0.00164684901943845,-0.0013841907755889132,0.002504333506136658,0.0
3,0.0,174,forward,3.29556366090069,0.0,0.0,0.0,0.0,0.0,0.0,1.2998392173793175e-06,-1.0522880403791837,0.001597633791850753,-0.0014004233679809702,0.0026223083237019718,0.0
3,0.0,175,forward,3.2932405963833173,0.0,0.0,0.0,0.0,0.0,0.0,1.30230976723204e-06,-1.0705939766952384,0.001547580904542878,-0.0014161593083824484,0.002741477009427007,0.0
3,0.0,176,forward,3.29074123417404,0.0,0.0,0.0,0.0,0.0,0.0,1.3046242830760283e-06,-1.0889394408894426,0.00149670707802696,-0.0014313902985954796,0.002861674508200074,0.0
3,0.0,177,forward,3.2880666025513126,0.0,0.0,0.0,0.0,0.0,0.0,1.306785466238552e-06,-1.107326758655786,0.0014450294289528878,-0.0014461082097141662,0.0029827328339665504,0.0
3,0.0,178,forward,3.285217682519627,0.0,0.0,0.0,0.0,0.0,0.0,1.3087963168492702e-06,-1.125758219589516,0.0013925654648292223,-0.0014603050860619948,0.003104481318667751,0.0
3,0.0,179,forward,3.2821954063984244,0.0,0.0,0.0,0.0,0.0,0.0,1.3106601315378544e-06,-1.1442360744486537,0.0013393330785663115,-0.0014739731490756444,0.003226746867510233,0.0
3,0.0,180,forward,3.279000656519413,0.0,0.0,0.0,0.0,0.0,0.0,1.312380500636943e-06,-1.1627625323242388,0.0012853505428431294,-0.0014871048011331665,0.003349354220191003,0.0
3,0.0,181,forward,3.2756342640359977,0.0,0.0,0.0,0.0,0.0,0.0,1.3139613048912058e-06,-1.1813397577174582,0.0012306365042990544,-0.0014996926293250302,0.0034721262176837797,0.0
3,0.0,182,forward,3.2720970078484273,0.0,0.0,0.0,0.0,0.0,0.0,1.3154067116737842e-06,-1.1999698675220989,0.0011752099775526814,-0.0015117294091661385,0.003594884074190896,0.0
3,0.0,183,forward,3.26838961364819,0.0,0.0,0.0,0.0,0.0,0.0,1.3167211707122047e-06,-1.2186549279117422,0.0011190903390488895,-0.0015232081082471734,0.003717447653845407,0.0
3,0.0,184,forward,3.2645127530850737,0.0,0.0,0.0,0.0,0.0,0.0,1.3179094093266304e-06,-1.237396951131564,0.0010622973207363095,-0.0015341218898234385,0.0038396357517451185,0.0
3,0.0,185,forward,3.2604670430601943,0.0,0.0,0.0,0.0,0.0,0.0,1.3189764271844572e-06,-1.2561978921955772,0.0010048510035769247,-0.0015444641163397095,0.003961266378887496,0.0
3,0.0,186,forward,3.256253045148194,0.0,0.0,0.0,0.0,0.0,0.0,1.3199274905755083e-06,-1.2750596454908862,0.0009467718108897087,-0.0015542283528892315,0.004082157050567914,0.0
3,0.0,187,forward,3.251871265151681,0.0,0.0,0.0,0.0,0.0,0.0,1.3207681262133417e-06,-1.293984041291452,0.0008880805015303376,-0.0015634083706053076,0.004202125077794716,0.0
3,0.0,188,forward,3.2473221527908396,0.0,0.0,0.0,0.0,0.0,0.0,1.321504114568819e-06,-1.3129728421848499,0.0008287981629089698,-0.0015719981499838535,0.004320987861268,0.0
3,0.0,189,forward,3.2426061015310497,0.0,0.0,0.0,0.0,0.0,0.0,1.3221414827428874e-06,-1.3320277394164128,0.0007689462038484378,-0.001579991884135268,0.004438563187461608,0.0
3,0.0,190,forward,3.2377234485511526,0.0,0.0,0.0,0.0,0.0,0.0,1.3226864968863213e-06,-1.3511503491563426,0.0007085463472849414,-0.0015873839819640497,0.004554669526346422,0.0
3,0.0,191,forward,3.2326744748549276,0.0,0.0,0.0,0.0,0.0,0.0,1.323145654175001e-06,-1.370342208696468,0.0006476206228134969,-0.0015941690712746126,0.004669126330278828,0.0
3,0.0,192,forward,3.227459405528138,0.0,0.0,0.0,0.0,0.0,0.0,1.3235256743500271e-06,-1.3896047725844851,0.0005861913590805499,-0.001600342001801732,0.0047817543335856305,0.0
3,0.0,193,forward,3.2220784101434,0.0,0.0,0.0,0.0,0.0,0.0,1.3238334908328596e-06,-1.4089394087047014,0.0005242811760263964,-0.0016058978481641314,0.004892375852362352,0.0
3,0.0,194,forward,3.2165316033149556,0.0,0.0,0.0,0.0,0.0,0.0,1.324076241426221e-06,-1.4283473943157743,0.00046191297697947836,-0.0016108319127396836,0.0050008150840054055,0.0
3,0.0,195,forward,3.2108190454052816,0.0,0.0,0.0,0.0,0.0,0.0,1.3242612586125554e-06,-1.4478299120569451,0.00039910994060572696,-0.0016151397284608047,0.005106898405995652,0.0
3,0.0,196,forward,3.2049407433853196,0.0,0.0,0.0,0.0,0.0,0.0,1.3243960594622248e-06,-1.4673880459360338,0.00033589551271478313,-0.0016188170615285531,0.005210454673444942,0.0
3,0.0,197,forward,3.19889665184996,0.0,0.0,0.0,0.0,0.0,0.0,1.3244883351647082e-06,-1.4870227773132718,0.00027229339792686496,-0.0016218599140440488,0.005311315514922033,0.0
3,0.0,198,forward,3.1926866741902544,0.0,0.0,0.0,0.0,0.0,0.0,1.324545940196501e-06,-1.5067349808970503,0.00020832755120207827,-0.0016242645265558324,0.005409315626070388,0.0
3,0.0,199,forward,3.186310663923686,0.0,0.0,0.0,0.0,0.0,0.0,1.3245768811402313e-06,-1.5265254207685683,0.00014402216923555675,-0.001626027380521777,0.0055042930605331275,0.0
3,0.0,200,forward,3.1797684261836827,0.0,0.0,0.0,0.0,0.0,0.0,1.3245893051701923e-06,-1.546394746453936,7.940168172128338e-05,-0.001627145200684248,0.0055960895176989656,0.0
4,0.0,1,forward,0.3321859140463582,0.0,0.0,0.0,0.0,0.0,0.0,2.9592989826727963e-06,-1.9876003531174633,-0.0019692109545101475,-0.0022245372622181525,0.3015827823314125,0.0
4,0.0,2,forward,0.5868479674169198,0.0,0.0,0.0,0.0,0.0,0.0,2.9633672593120853e-06,-2.0091136524000204,-0.002065851895899394,-0.0022043492894851424,0.1689214942420429,0.0
4,0.0,3,forward,0.7833562161339953,0.0,0.0,0.0,0.0,0.0,0.0,2.967833615897225e-06,-2.030681976564974,-0.0021620511189331016,-0.0021831965109670574,0.09577847553096298,0.0
4,0.0,4,forward,0.9360753859885718,0.0,0.0,0.0,0.0,0.0,0.0,2.9727145893036696e-06,-2.052302552643125,-0.002257768276920921,-0.0021610835484789305,0.05567560958246989,0.0
4,0.0,5,forward,1.0556987971865508,0.0,0.0,0.0,0.0,0.0,0.0,2.9780262647999338e-06,-2.0739724818838234,-0.0023529630550297377,-0.0021380154273964434,0.03390201966883296,0.0
4,0.0,6,forward,1.1502191004032631,0.0,0.0,0.0,0.0,0.0,0.0,2.9837842469026694e-06,-2.0956887453367377,-0.0024475951865787497,-0.002113997576255668,0.02226267140688449,0.0
4,0.0,7,forward,1.2256358134909453,0.0,0.0,0.0,0.0,0.0,0.0,2.9900036307716703e-06,-2.1174482099648926,-0.002541624469380305,-0.002089035826189426,0.0161856980730936,0.0
4,0.0,8,forward,1.2864720740162827,0.0,0.0,0.0,0.0,0.0,0.0,2.9966989741957484e-06,-2.1392476352732555,-0.0026350107821204558,-0.002063136410200043,0.013121486276799765,0.0
4,0.0,9,forward,1.3361530149157623,0.0,0.0,0.0,0.0,0.0,0.0,3.003884270218692e-06,-2.1610836804328386,-0.0027277141007724212,-0.0020363059622679884,0.011652537381794559,0.0
4,0.0,10,forward,1.3772836646287019,0.0,0.0,0.0,0.0,0.0,0.0,3.0115729204547188e-06,-2.1829529118761837,-0.0028196945150369313,-0.002008551516296106,0.010996326358780381,0.0
4,0.0,11,forward,1.4118537705118366,0.0,0.0,0.0,0.0,0.0,0.0,3.019777709141855e-06,-2.2048518113358586,-0.0029109122448026524,-0.0019798805048893025,0.010726524878045096,0.0
4,0.0,12,forward,1.441389352576654,0.0,0.0,0.0,0.0,0.0,0.0,3.0285107779806616e-06,-2.226776784293737,-0.003001327656620208,-0.0019503007579694152,0.010616148717744689,0.0
4,0.0,13,forward,1.4670653153304296,0.0,0.0,0.0,0.0,0.0,0.0,3.0377836018052997e-06,-2.2487241688051003,-0.0030909012801834464,-0.0019198205012252135,0.010549101977731346,0.0
4,0.0,14,forward,1.4897894955359168,0.0,0.0,0.0,0.0,0.0,0.0,3.0476069651326314e-06,-2.2706902446580837,-0.003179593824811221,-0.0018884483543974986,0.010470256177027376,0.0
4,0.0,15,forward,1.5102656778257393,0.0,0.0,0.0,0.0,0.0,0.0,3.0579909396338564e-06,-2.292671242825854,-0.003267366195922956,-0.0018561933293992606,0.010357320016451177,0.0
4,0.0,16,forward,1.529041059343186,0.0,0.0,0.0,0.0,0.0,0.0,3.0689448625728245e-06,-2.314663355166149,-0.0033541795115016944,-0.00182306482827113,0.010205064749978343,0.0
4,0.0,17,forward,1.5465421653119826,0.0,0.0,0.0,0.0,0.0,0.0,3.0804773162527757e-06,-2.3366627443204036,-0.0034399951185376328,-0.0017890726409720786,0.010016564392679922,0.0
4,0.0,18,forward,1.56310214846392,0.0,0.0,0.0,0.0,0.0,0.0,3.0925961085132856e-06,-2.3586655537627306,-0.003524774609445749,-0.0017542269430058206,0.009798415556138085,0.0
4,0.0,19,forward,1.5789816307786786,0.0,0.0,0.0,0.0,0.0,0.0,3.105308254316612e-06,-2.380667917947591,-0.003608479838450571,-0.0017185382928830222,0.009558206656794355,0.0
4,0.0,20,forward,1.59438468305724,0.0,0.0,0.0,0.0,0.0,0.0,3.118619958462242e-06,-2.4026659725040225,-0.0036910729379316773,-0.0016820176294197917,0.009303248389481905,0.0
4,0.0,21,forward,1.6094711271260886,0.0,0.0,0.0,0.0,0.0,0.0,3.1325365994661633e-06,-2.4246558644237823,-0.0037725163347229374,-0.0016446762688728386,0.009040001218030225,0.0
4,0.0,22,forward,1.6243660445409087,0.0,0.0,0.0,0.0,0.0,0.0,3.1470627146402552e-06,-2.446633762190889,-0.003852772766358943,-0.0016065259019118,0.008773878537551238,0.0
4,0.0,23,forward,1.6391671541899213,0.0,0.0,0.0,0.0,0.0,0.0,3.1622019864054046e-06,-2.468595865800591,-0.003931805297261886,-0.0015675785904292908,0.008509243672428501,0.0
4,0.0,24,forward,1.6539505574554503,0.0,0.0,0.0,0.0,0.0,0.0,3.177957229870222e-06,-2.490538416616853,-0.00400957733486207,-0.0015278467641893468,0.008249499043542469,0.0
4,0.0,25,forward,1.6687752279680577,0.0,0.0,0.0,0.0,0.0,0.0,3.1943303817053786e-06,-2.5124577070190965,-0.0040860526456453885,-0.0014873432173148628,0.007997211825302442,0.0
4,0.0,26,forward,1.683686532231527,0.0,0.0,0.0,0.0,0.0,0.0,3.21132249034212e-06,-2.5343500897908817,-0.004161195371121072,-0.0014460811046149386,0.007754246658311731,0.0
4,0.0,27,forward,1.698718999370433,0.0,0.0,0.0,0.0,0.0,0.0,3.228933707521013e-06,-2.5562119872057947,-0.004234970043702915,-0.0014040739377528119,0.007521890814848442,0.0
4,0.0,28,forward,1.7138985070408053,0.0,0.0,0.0,0.0,0.0,0.0,3.24716328121555e-06,-2.578039899768595,-0.004307341602497309,-0.0013613355812553722,0.007300965453371611,0.0
4,0.0,29,forward,1.7292440118309327,0.0,0.0,0.0,0.0,0.0,0.0,3.2660095499528146e-06,-2.599830414572948,-0.0043782754089912316,-0.0013178802483652006,0.007091921044720728,0.0
4,0.0,30,forward,1.7447689230963999,0.0,0.0,0.0,0.0,0.0,0.0,3.2854699385519844e-06,-2.6215802132406307,-0.0044477372626339365,-0.0012737224967361487,0.006894917334777317,0.0
4,0.0,31,forward,1.7604821967866977,0.0,0.0,0.0,0.0,0.0,0.0,3.3055409552982805e-06,-2.6432860794107875,-0.004515693416305034,-0.001228877223973594,0.00670988927269317,0.0
4,0.0,32,forward,1.7763892087015367,0.0,0.0,0.0,0.0,0.0,0.0,3.3262181905688387e-06,-2.664944905751927,-0.0045821105916627825,-0.0011833596630204844,0.0065366007290746375,0.0
4,0.0,33,forward,1.7924924534774151,0.0,0.0,0.0,0.0,0.0,0.0,3.3474963169243936e-06,-2.686553700473391,-0.004646955994365883,-0.0011371853773904617,0.00637468787073131,0.0
4,0.0,34,forward,1.8087921054883924,0.0,0.0,0.0,0.0,0.0,0.0,3.369369090677999e-06,-2.708109593317272,-0.004710197329161885,-0.0010903702562493312,0.006223693927641438,0.0
4,0.0,35,forward,1.8252864700286433,0.0,0.0,0.0,0.0,0.0,0.0,3.391829354950683e-06,-2.729609841016057,-0.004771802814836087,-0.0010429305093462512,0.006083096884027472,0.0
4,0.0,36,forward,1.8419723470855034,0.0,0.0,0.0,0.0,0.0,0.0,3.4148690442204145e-06,-2.7510518322054325,-0.0048317411990138415,-0.000994882661796066,0.005952331403114186,0.0
4,0.0,37,forward,1.8588453253000723,0.0,0.0,0.0,0.0,0.0,0.0,3.438479190369701e-06,-2.772433091785942,-0.00488998177281027,-0.0009462435487143044,0.0058308060819275975,0.0
4,0.0,38,forward,1.8759000200368419,0.0,0.0,0.0,0.0,0.0,0.0,3.462649930233497e-06,-2.793751284731183,-0.004946494385320411,-0.0008970303097063614,0.005717916941025858,0.0
4,0.0,39,forward,1.8931302666074576,0.0,0.0,0.0,0.0,0.0,0.0,3.487370514647959e-06,-2.8150042193441616,-0.005001249457943829,-0.000847260383212545,0.005613057888696371,0.0
4,0.0,40,forward,1.9105292774357987,0.0,0.0,0.0,0.0,0.0,0.0,3.5126293189969746e-06,-2.8361898499671137,-0.005054217998536851,-0.0007969515007106212,0.005515628759881541,0.0
4,0.0,41,forward,1.9280897701736626,0.0,0.0,0.0,0.0,0.0,0.0,3.5384138552518507e-06,-2.85730627915357,-0.005105371615386289,-0.0007461216807776654,0.005425041414802212,0.0
4,0.0,42,forward,1.9458040723721417,0.0,0.0,0.0,0.0,0.0,0.0,3.5647107854969064e-06,-2.878351759314696,-0.005154682530998448,-0.0006947892230129939,0.005340724287913656,0.0
4,0.0,43,forward,1.9636642072013921,0.0,0.0,0.0,0.0,0.0,0.0,3.591505936930605e-06,-2.8993246938548145,-0.00520212359569669,-0.0006429727018240863,0.005262125701318621,0.0
4,0.0,44,forward,1.9816619638277015,0.0,0.0,0.0,0.0,0.0,0.0,3.6187843183308117e-06,-2.920223637813739,-0.005247668301022025,-0.0005906909600774361,0.005188716195055898,0.0
4,0.0,45,forward,1.9997889553525428,0.0,0.0,0.0,0.0,0.0,0.0,3.6465301379684777e-06,-2.941047298035806,-0.005291290792929789,-0.0005379631026163216,0.005119990077125658,0.0
4,0.0,46,forward,2.0180366666556404,0.0,0.0,0.0,0.0,0.0,0.0,3.674726822953463e-06,-2.9617945328875894,-0.005332965884776998,-0.0004848084896475788,0.005055466356400418,0.0
4,0.0,47,forward,2.036396494033291,0.0,0.0,0.0,0.0,0.0,0.0,3.7033570399923886e-06,-2.9824643515479288,-0.005372669070093907,-0.00043124672999950137,0.004994689189799395,0.0
4,0.0,48,forward,2.0548597781611564,0.0,0.0,0.0,0.0,0.0,0.0,3.7324027175365095e-06,-3.0030559128953334,-0.005410376535133849,-0.0003772976742530526,0.004937227949664946,0.0
4,0.0,49,forward,2.073417831619301,0.0,0.0,0.0,0.0,0.0,0.0,3.761845069295453e-06,-3.0235685240188994,-0.005446065171195614,-0.0003229814077486351,0.00488267699691014,0.0
4,0.0,50,forward,2.0920619619821337,0.0,0.0,0.0,0.0,0.0,0.0,3.791664619089774e-06,-3.044001638379674,-0.005479712586712372,-0.0002683182434707316,0.00483065522915227,0.0
4,0.0,51,forward,2.1107834912858814,0.0,0.0,0.0,0.0,0.0,0.0,3.821841227012997e-06,-3.0643548536499066,-0.005511297119101256,-0.00021332871481277724,0.004780805459891124,0.0
4,0.0,52,forward,2.129573772532385,0.0,0.0,0.0,0.0,0.0,0.0,3.8523541168720515e-06,-3.084627909257878,-0.0055407978463682195,-0.00015803356822468453,0.004732793674156077,0.0
4,0.0,53,forward,2.1484242037632777,0.0,0.0,0.0,0.0,0.0,0.0,3.88318190487165e-06,-3.1048206836659906,-0.005568194598462099,-0.00010245375574550218,0.004686308197436484,0.0
4,0.0,54,forward,2.1673262401374176,0.0,0.0,0.0,0.0,0.0,0.0,3.914302629507347e-06,-3.124933191409575,-0.005593467968372929,-4.661042742374299e-05,0.004641058807684784,0.0
4,0.0,55,forward,2.186271404362246,0.0,0.0,0.0,0.0,0.0,0.0,3.9456937826276945e-06,3.1382197272561676,-0.005616599322968167,9.475076372030771e-06,0.004596775814441512,0.0
4,0.0,56,forward,2.205251295762988,0.0,0.0,0.0,0.0,0.0,0.0,3.977332341626302e-06,3.1182671809971687,-0.005637570813562373,6.578123274971925e-05,0.004553209124406599,0.0
4,0.0,57,forward,2.2242575982193786,0.0,0.0,0.0,0.0,0.0,0.0,4.009194802720197e-06,3.0983940739976537,-0.005656365386214391,0.00012228634419459656,0.004510127308880951,0.0
4,0.0,58,forward,2.2432820871555634,0.0,0.0,0.0,0.0,0.0,0.0,4.041257215270138e-06,3.0785998808970523,-0.005672966791747101,0.0001789685465718701,0.004467316685261624,0.0
4,0.0,59,forward,2.262316635733105,0.0,0.0,0.0,0.0,0.0,0.0,4.073495217095765e-06,3.058883957736854,-0.005687359595484381,0.00023580581722808206,0.004424580422081936,0.0
4,0.0,60,forward,2.2813532203680817,0.0,0.0,0.0,0.0,0.0,0.0,4.105884070737358e-06,3.039245545817416,-0.005699529186700651,0.0002927759831885119,0.004381737674831021,0.0
4,0.0,61,forward,2.3003839256698595,0.0,0.0,0.0,0.0,0.0,0.0,4.1383987006128216e-06,3.019683775623091,-0.005709461787777524,0.00034985672944766287,0.004338622757908139,0.0
4,0.0,62,forward,2.3194009488802183,0.0,0.0,0.0,0.0,0.0,0.0,4.171013731018119e-06,3.0001976707957527,-0.005717144463063297,0.0004070256073498832,0.004295084356487677,0.0
4,0.0,63,forward,2.338396603876327,0.0,0.0,0.0,0.0,0.0,0.0,4.203703524916007e-06,2.980786152138101,-0.005722565127429907,0.00046426004305712756,0.0042509847807502,0.0
4,0.0,64,forward,2.3573633247888375,0.0,0.0,0.0,0.0,0.0,0.0,4.236442223458026e-06,2.9614480416295557,-0.005725712554523408,0.0005215373461008155,0.0042061992638378065,0.0
4,0.0,65,forward,2.376293669276634,0.0,0.0,0.0,0.0,0.0,0.0,4.269203786181055e-06,2.9421820664388756,-0.005726576384702691,0.0005788347180146646,0.004160615303976489,0.0
4,0.0,66,forward,2.3951803214919996,0.0,0.0,0.0,0.0,0.0,0.0,4.30196203182025e-06,2.922986862919047,-0.005725147132662708,0.0006361292610454163,0.0041141320504542445,0.0
4,0.0,67,forward,2.4140160947638116,0.0,0.0,0.0,0.0,0.0,0.0,4.334690679677069e-06,2.903860980571371,-0.005721416194737435,0.000693397986938198,0.004066659732529121,0.0
4,0.0,68,forward,2.432793934021525,0.0,0.0,0.0,0.0,0.0,0.0,4.367363391480511e-06,2.8848028859669763,-0.005715375855878468,0.000750617825793382,0.00401811912984662,0.0
4,0.0,69,forward,2.4515069179789086,0.0,0.0,0.0,0.0,0.0,0.0,4.399953813678423e-06,2.865810966615371,-0.005707019296305267,0.0008077656349915874,0.003968441082550955,0.0
4,0.0,70,forward,2.47014826109351,0.0,0.0,0.0,0.0,0.0,0.0,4.432435620094069e-06,2.846883534770863,-0.0056963405978228765,0.0008648182081836075,0.003917566038975084,0.0
4,0.0,71,forward,2.488711315315566,0.0,0.0,0.0,0.0,0.0,0.0,4.4647825548826685e-06,2.828018831168968,-0.005683334749803475,0.0009217522843418276,0.0038654436385714974,0.0
4,0.0,72,forward,2.5071895716382673,0.0,0.0,0.0,0.0,0.0,0.0,4.496968475721041e-06,2.8092150286860584,-0.0056679976548278535,0.0009785445568698244,0.0038120323275839807,0.0
4,0.0,73,forward,2.5255766614599526,0.0,0.0,0.0,0.0,0.0,0.0,4.528967397162895e-06,2.790470235916685,-0.005650326133983232,0.0010351716827666955,0.003757299004870096,0.0
4,0.0,74,forward,2.5438663577677736,0.0,0.0,0.0,0.0,0.0,0.0,4.560753534091327e-06,2.7717825006640444,-0.0056303179318138935,0.0010916102918426404,0.0037012186952296022,0.0
4,0.0,75,forward,2.562052576151559,0.0,0.0,0.0,0.0,0.0,0.0,4.592301345199805e-06,2.7531498133401113,-0.005607971720921431,0.0011478369959823517,0.0036437742475907142,0.0
4,0.0,76,forward,2.5801293756560293,0.0,0.0,0.0,0.0,0.0,0.0,4.623585576431433e-06,2.7345701102728777,-0.005583287106211019,0.00120382839845265,0.003584956055438404,0.0
4,0.0,77,forward,2.598090959479022,0.0,0.0,0.0,0.0,0.0,0.0,4.654581304307029e-06,2.716041276919078,-0.005556264628781033,0.001259561103250838,0.0035247617969237366,0.0
4,0.0,78,forward,2.61593167552303,0.0,0.0,0.0,0.0,0.0,0.0,4.685263979070816e-06,2.697561150981592,-0.0055269057694525775,0.0013150117244901448,0.0034631961921847143,0.0
4,0.0,79,forward,2.6336460168070492,0.0,0.0,0.0,0.0,0.0,0.0,4.715609467583443e-06,2.679127525431484,-0.005495212951936377,0.0013701568958187276,0.003400270775507419,0.0
4,0.0,80,forward,2.6512286217454686,0.0,0.0,0.0,0.0,0.0,0.0,4.745594095891163e-06,2.660738151435419,-0.005461189545634245,0.0014249732798684667,0.0033360036800806347,0.0
4,0.0,81,forward,2.6686742743005225,0.0,0.0,0.0,0.0,0.0,0.0,4.775194691400149e-06,2.6423907411897787,-0.005424839868072456,0.0014794375777299926,0.0032704194332278114,0.0
4,0.0,82,forward,2.6859779040145924,0.0,0.0,0.0,0.0,0.0,0.0,4.8043886245850596e-06,2.6240829706634647,-0.0053861691869646145,0.0015335265384502138,0.0032035487601392854,0.0
4,0.0,83,forward,2.703134585928441,0.0,0.0,0.0,0.0,0.0,0.0,4.833153850161121e-06,2.6058124822519377,-0.005345183721901786,0.001587216968548605,0.003135428394276496,0.0
4,0.0,84,forward,2.720139540391261,0.0,0.0,0.0,0.0,0.0,0.0,4.8614689476492085e-06,2.587576887345533,-0.005301890645667656,0.0016404857415485195,0.003066100892766821,0.0
4,0.0,85,forward,2.7369881327681824,0.0,0.0,0.0,0.0,0.0,0.0,4.889313161263722e-06,2.569373768815534,-0.005256298085176547,0.0016933098075197983,0.002995614455259199,0.0
4,0.0,86,forward,2.7536758730506694,0.0,0.0,0.0,0.0,0.0,0.0,4.916666439054246e-06,2.551200683421983,-0.005208415122032844,0.0017456662026288582,0.00292402274485859,0.0
4,0.0,87,forward,2.7701984153749977,0.0,0.0,0.0,0.0,0.0,0.0,4.943509471231246e-06,2.533055164147458,-0.005158251792709388,0.0017975320586924913,0.0028513847099044254,0.0
4,0.0,88,forward,2.786551557453762,0.0,0.0,0.0,0.0,0.0,0.0,4.969823727608783e-06,2.5149347224615597,-0.005105819088344178,0.0018488846127314945,0.002777764405502703,0.0
4,0.0,89,forward,2.80273123992509,0.0,0.0,0.0,0.0,0.0,0.0,4.995591494095693e-06,2.496836850520931,-0.005051128954152836,0.0018997012165203801,0.002703230813854318,0.0
4,0.0,90,forward,2.818733545624003,0.0,0.0,0.0,0.0,0.0,0.0,5.020795908170296e-06,2.4787590233101002,-0.004994194288456545,0.001949959346129321,0.002627857662559907,0.0
4,0.0,91,forward,2.8345546987800754,0.0,0.0,0.0,0.0,0.0,0.0,5.045420993272324e-06,2.4606987007285803,-0.00493502894132366,0.0019996366114543086,0.0025517232402043066,0.0
4,0.0,92,forward,2.8501910641452746,0.0,0.0,0.0,0.0,0.0,0.0,5.0694516920489534e-06,2.442653329629823,-0.0048736477128242675,0.002048710765731925,0.002474910208640546,0.0
4,0.0,93,forward,2.8656391460556008,0.0,0.0,0.0,0.0,0.0,0.0,5.092873898391823e-06,2.4246203458178908,-0.004810066350896752,0.0020971597150346234,0.00239750541151057,0.0
4,0.0,94,forward,2.8808955874298503,0.0,0.0,0.0,0.0,0.0,0.0,5.115674488204078e-06,2.406597176007801,-0.004744301548825707,0.002144961527742743,0.0023195996786357087,0.0
4,0.0,95,forward,2.8959571687085823,0.0,0.0,0.0,0.0,0.0,0.0,5.137841348837779e-06,2.3885812397556325,-0.004676370942330651,0.0021920944439893374,0.0022412876260158865,0.0
4,0.0,96,forward,2.9108208067360684,0.0,0.0,0.0,0.0,0.0,0.0,5.159363407143716e-06,2.370569951364596,-0.004606293106265134,0.0022385368850739305,0.002162667451256761,0.0
4,0.0,97,forward,2.9254835535877697,0.0,0.0,0.0,0.0,0.0,0.0,5.1802306560773555e-06,2.3525607217733397,-0.004534087550926041,0.0022842674628412653,0.0020838407243323753,0.0
4,0.0,98,forward,2.9399425953456193,0.0,0.0,0.0,0.0,0.0,0.0,5.200434179806621e-06,2.3345509604328,-0.004459774717972873,0.00232926498902121,0.0020049121736604725,0.0
4,0.0,99,forward,2.954195250823137,0.0,0.0,0.0,0.0,0.0,0.0,5.219966177269282e-06,2.3165380771780137,-0.0043833759759573905,0.0023735084845258364,0.001925989467538941,0.0
4,0.0,100,forward,2.9682389702421883,0.0,0.0,0.0,0.0,0.0,0.0,5.2388199841295005e-06,2.298519484101206,-0.004304913615463484,0.0024169771886998798,0.0018471829910493287,0.0
4,0.0,101,forward,2.982071333862952,0.0,0.0,0.0,0.0,0.0,0.0,5.25699009308528e-06,2.2804925974325787,-0.004224410843857816,0.0024596505685205478,0.0017686056185899357,0.0
4,0.0,102,forward,2.995690050568467,0.0,0.0,0.0,0.0,0.0,0.0,5.2744721724815005e-06,2.262454839435156,-0.004141891779651995,0.0025015083277429126,0.0016903724822473487,0.0
4,0.0,103,forward,3.0090929564049285,0.0,0.0,0.0,0.0,0.0,0.0,5.291263083184326e-06,2.244403640319957,-0.004057381446476564,0.0025425304159869097,0.0016126007362587402,0.0
4,0.0,104,forward,3.022278013078716,0.0,0.0,0.0,0.0,0.0,0.0,5.307360893676621e-06,2.2263364401877697,-0.003970905766668018,0.002582697037762167,0.0015354093178538142,0.0
4,0.0,105,forward,3.0352433064109654,0.0,0.0,0.0,0.0,0.0,0.0,5.32276489333509e-06,2.208250691003689,-0.0038824915544697085,0.002621988661426593,0.0014589187047972796,0.0
4,0.0,106,forward,3.0479870447503563,0.0,0.0,0.0,0.0,0.0,0.0,5.337475603854309e-06,2.1901438586104156,-0.0037921665088478805,0.0026603860280752308,0.0013832506699792968,0.0
4,0.0,107,forward,3.060507557344625,0.0,0.0,0.0,0.0,0.0,0.0,5.3514947887830045e-06,2.1720134247862957,-0.0036999592059240934,0.002697870160355047,0.001308528033426043,0.0
4,0.0,108,forward,3.0728032926712063,0.0,0.0,0.0,0.0,0.0,0.0,5.36482546114359e-06,2.1538568893537944,-0.003605899091025697,0.0027344223712022987,0.0012348744121183919,0.0
4,0.0,109,forward,3.0848728167272994,0.0,0.0,0.0,0.0,0.0,0.0,5.37747188910624e-06,2.135671772343994,-0.0035100164703557907,0.0027700242724983397,0.001162413968025633,0.0
4,0.0,110,forward,3.0967148112795275,0.0,0.0,0.0,0.0,0.0,0.0,5.389439599693405e-06,2.1174556162224687,-0.003412342502284734,0.0028046577836402108,0.0010912711547708676,0.0
4,0.0,111,forward,3.1083280720733337,0.0,0.0,0.0,0.0,0.0,0.0,5.400735380492678e-06,2.099205988181619,-0.0033129091882649207,0.0028383051400221915,0.0010215704633536465,0.0
4,0.0,112,forward,3.119711507002134,0.0,0.0,0.0,0.0,0.0,0.0,5.411367279359772e-06,2.0809204825043044,-0.003211749363371236,0.002870948901424642,0.0009534361673631808,0.0
4,0.0,113,forward,3.1308641342362353,0.0,0.0,0.0,0.0,0.0,0.0,5.4213446020951225e-06,2.0625967230032867,-0.0031088966864692394,0.002902571960306175,0.0008869920681189719,0.0
4,0.0,114,forward,3.1417850803114633,0.0,0.0,0.0,0.0,0.0,0.0,5.4306779080826605e-06,2.0442323655406014,-0.003004385630013658,0.002933157549995774,0.0008223612401763447,0.0
4,0.0,115,forward,3.152473578177444,0.0,0.0,0.0,0.0,0.0,0.0,5.439379003880588e-06,2.025825100630676,-0.002898251469479866,0.00296268925278086,0.000759665777636101,0.0
4,0.0,116,forward,3.162928965205431,0.0,0.0,0.0,0.0,0.0,0.0,5.447460934758456e-06,2.007372656130451,-0.0027905302724308555,0.0029911510078878723,0.0006990265416944585,0.0
4,0.0,117,forward,3.1731506811556174,0.0,0.0,0.0,0.0,0.0,0.0,5.454937974177597e-06,1.9888728000194111,-0.0026812588872230096,0.0030185271193515846,0.000640562909866832,0.0
4,0.0,118,forward,3.183138266103833,0.0,0.0,0.0,0.0,0.0,0.0,5.461825611215245e-06,1.9703233432717797,-0.002570474931353352,0.0030448022637696447,0.0005843925273143341,0.0
4,0.0,119,forward,3.192891358327592,0.0,0.0,0.0,0.0,0.0,0.0,5.468140535936261e-06,1.9517221428226614,-0.002458216779451914,0.0030699614979387284,0.0005306310606963058,0.0
4,0.0,120,forward,3.202409692151449,0.0,0.0,0.0,0.0,0.0,0.0,5.47390062271941e-06,1.9330671046291734,-0.002344523550922226,0.0030939902663688246,0.0004793919549659076,0.0
4,0.0,121,forward,3.211693095751692,0.0,0.0,0.0,0.0,0.0,0.0,5.479124911548249e-06,1.9143561868270358,-0.002229435097233777,0.003116874408671967,0.000430786193517739,0.0
4,0.0,122,forward,3.2207414889204333,0.0,0.0,0.0,0.0,0.0,0.0,5.4838335872813275e-06,1.8955874029822284,-0.0021129919888700243,0.0031386001668222943,0.00038492206208932955,0.0
4,0.0,123,forward,3.229554880789229,0.0,0.0,0.0,0.0,0.0,0.0,5.488047956917645e-06,1.8767588254366228,-0.001995235501935821,0.003159154192283621,0.00034190491680910484,0.0
4,0.0,124,forward,3.238133367512413,0.0,0.0,0.0,0.0,0.0,0.0,5.491790424878794e-06,1.8578685887455444,-0.0018762076044282173,0.0031785235530014462,0.00030183695677427416,0.0
4,0.0,125,forward,3.2464771299104176,0.0,0.0,0.0,0.0,0.0,0.0,5.495084466330938e-06,1.8389148932043835,-0.0017559509421749277,0.0031966957402558218,0.000264817001532993,0.0
4,0.0,126,forward,3.254586431073433,0.0,0.0,0.0,0.0,0.0,0.0,5.497954598574231e-06,1.819896008460317,-0.0016345088244446393,0.00321365867537193,0.00023094027383489119,0.0
4,0.0,127,forward,3.26246161392583,0.0,0.0,0.0,0.0,0.0,0.0,5.500426350529959e-06,1.8008102772042067,-0.001511925209233686,0.003229400716285039,0.00020029818800404268,0.0
4,0.0,128,forward,3.2701030987518913,0.0,0.0,0.0,0.0,0.0,0.0,5.502526230359358e-06,1.7816561189366238,-0.0013882446882336867,0.003243910663956667,0.00017297814427811448,0.0
4,0.0,129,forward,3.277511380683471,0.0,0.0,0.0,0.0,0.0,0.0,5.504281691250888e-06,1.7624320338008046,-0.0012635124714848883,0.0032571777686387017,0.00014906332944675423,0.0
4,0.0,130,forward,3.2846870271503206,0.0,0.0,0.0,0.0,0.0,0.0,5.505721095416538e-06,1.7431366064741203,-0.0011377743717201074,0.0032691917359824398,0.00012863252411167252,0.0
4,0.0,131,forward,3.291630675293925,0.0,0.0,0.0,0.0,0.0,0.0,5.506873676340651e-06,1.7237685101084008,-0.0010110767884043222,0.003279942732989462,0.00011175991687991348,0.0
4,0.0,132,forward,3.2983430293457987,0.0,0.0,0.0,0.0,0.0,0.0,5.507769499327697e-06,1.704326510308165,-0.0008834666914751076,0.00328942139380126,9.851492579090711e-05,0.0
4,0.0,133,forward,3.304824857971323,0.0,0.0,0.0,0.0,0.0,0.0,5.508439420399087e-06,1.6848094691344462,-0.0007549916047891921,0.0032976188253247382,8.896202726675715e-05,0.0
4,0.0,134,forward,3.3110769915803013,0.0,0.0,0.0,0.0,0.0,0.0,5.508915043591651e-06,1.6652163491205856,-0.0006256995892806643,0.0033045266126906195,8.316059286413006e-05,0.0
4,0.0,135,forward,3.317100319605558,0.0,0.0,0.0,0.0,0.0,0.0,5.5092286767136235e-06,1.645546217284952,-0.0004956392258363612,0.0033101368245419057,8.116473409478328e-05,0.0
4,0.0,136,forward,3.3228957877510057,0.0,0.0,0.0,0.0,0.0,0.0,5.509413285616954e-06,1.625798249124188,-0.00036485959789423107,0.003314442018149608,8.302315557046254e-05,0.0
4,0.0,137,forward,3.328464395210747,0.0,0.0,0.0,0.0,0.0,0.0,5.509502447047491e-06,1.6059717325691896,-0.00023341027377050442,0.0033174352443529937,8.877901671646099e-05,0.0
4,0.0,138,forward,3.3338071918609002,0.0,0.0,0.0,0.0,0.0,0.0,5.509530300137405e-06,1.586066071884677,-0.00010134128872169199,0.003319110052321658,9.846980228657431e-05,0.0
4,0.0,139,forward,3.3389252754259493,0.0,0.0,0.0,0.0,0.0,0.0,5.509531496606992e-06,1.5660807914918875,3.129687325247218e-05,0.0033194604941368185,0.00011212720190056317,0.0
4,0.0,140,forward,3.3438197886215844,0.0,0.0,0.0,0.0,0.0,0.0,5.509541149745522e-06,1.546015539692647,0.0001644532978588437,0.003318481129189262,0.000129776998813458,0.0
4,0.0,141,forward,3.348491916276076,0.0,0.0,0.0,0.0,0.0,0.0,5.509594782243294e-06,1.5258700922718724,0.00029807665920712946,0.003316167028391427,0.0001514389681141811,0.0
4,0.0,142,forward,3.352942882432398,0.0,0.0,0.0,0.0,0.0,0.0,5.5097282729496095e-06,1.505644355954458,0.000432115238745973,0.003312513778201222,0.00017712678453889706,0.0
4,0.0,143,forward,3.357173947433419,0.0,0.0,0.0,0.0,0.0,0.0,5.5099778026336276e-06,1.4853383716914614,0.0005665169444323436,0.003307517484455198,0.0002068479400723789,0.0
4,0.0,144,forward,3.361186404992599,0.0,0.0,0.0,0.0,0.0,0.0,5.510379798827223e-06,1.464952317749671,0.0007012293301273711,0.003301174776008765,0.0002406036714983177,0.0
4,0.0,145,forward,3.364981579252782,0.0,0.0,0.0,0.0,0.0,0.0,5.510970879831146e-06,1.4444865125778619,0.000836199615211886,0.0032934828081812207,0.0002783888980470092,0.0
4,0.0,146,forward,3.3685608218357586,0.0,0.0,0.0,0.0,0.0,0.0,5.511787797967958e-06,1.4239414174225549,0.0009713747044144944,0.00328443926600348,0.0003201921692761664,0.0
4,0.0,147,forward,3.371925508885424,0.0,0.0,0.0,0.0,0.0,0.0,5.512867382166522e-06,1.4033176386656776,0.0011067012078452584,0.003274042367266306,0.0003659956233077605,0.0
4,0.0,148,forward,3.3750770381074564,0.0,0.0,0.0,0.0,0.0,0.0,5.5142464799654696e-06,1.382615929856422,0.0012421254612277144,0.0032622908653671475,0.00041577495553069,0.0
4,0.0,149,forward,3.378016825808551,0.0,0.0,0.0,0.0,0.0,0.0,5.515961899023724e-06,1.3618371934096898,0.0013775935463218212,0.0032491840519535274,0.000469499397865801,0.0
4,0.0,150,forward,3.3807463039383707,0.0,0.0,0.0,0.0,0.0,0.0,5.518050348228515e-06,1.3409824819438405,0.0015130513115305772,0.0032347217593611814,0.0005271317086763538,0.0
4,0.0,151,forward,3.383266917137464,0.0,0.0,0.0,0.0,0.0,0.0,5.520548378492065e-06,1.3200529992311174,0.0016484443926826078,0.0032189043628451032,0.0005886281733932519,0.0
4,0.0,152,forward,3.385580119794511,0.0,0.0,0.0,0.0,0.0,0.0,5.5234923233298955e-06,1.2990501007350095,0.0017837182339832463,0.00320173278260184,0.0006539386159104682,0.0
4,0.0,153,forward,3.3876873731163517,0.0,0.0,0.0,0.0,0.0,0.0,5.5269182393140935e-06,1.2779752937100408,0.0019188181091262595,0.003183208485581277,0.0007230064207919273,0.0
4,0.0,154,forward,3.3895901422143466,0.0,0.0,0.0,0.0,0.0,0.0,5.530861846496377e-06,1.256830236840989,0.0020536891425584247,0.0031633334870863725,0.00079576856631694,0.0
4,0.0,155,forward,3.3912898932107005,0.0,0.0,0.0,0.0,0.0,0.0,5.535358468897208e-06,1.2356167394003834,0.0021882763308891527,0.0031421103521595798,0.0008721556683762011,0.0
4,0.0,156,forward,3.3927880903684695,0.0,0.0,0.0,0.0,0.0,0.0,5.54044297515568e-06,1.2143367599052695,0.0023225245644369415,0.0031195421967541025,0.0009520920352164564,0.0
4,0.0,157,forward,3.394086193249035,0.0,0.0,0.0,0.0,0.0,0.0,5.546149719438342e-06,1.1929924042567084,0.002456378648904759,0.003095632688689107,0.0010354957330157705,0.0
4,0.0,158,forward,3.3951856539009184,0.0,0.0,0.0,0.0,0.0,0.0,5.552512482702905e-06,1.171585923348228,0.0025897833271760697,0.0030703860483872925,0.0011222786622574477,0.0
4,0.0,159,forward,3.3960879140838376,0.0,0.0,0.0,0.0,0.0,0.0,5.559564414415011e-06,1.1501197101325218,0.0027226833012233245,0.0030438070493939468,0.0012123466448543119,0.0
4,0.0,160,forward,3.3967944025320067,0.0,0.0,0.0,0.0,0.0,0.0,5.567337974814325e-06,1.1285962961389875,0.0028550232541204802,0.0030159010186760764,0.001305599521959827,0.0
4,0.0,161,forward,3.3973065322606923,0.0,0.0,0.0,0.0,0.0,0.0,5.5758648778284565e-06,1.1070183474383266,0.0029867478721511934,0.0029866738367010305,0.0014019312623869407,0.0
4,0.0,162,forward,3.3976256979200974,0.0,0.0,0.0,0.0,0.0,0.0,5.585176034730291e-06,1.0853886600541076,0.0031178018670042916,0.0029561319372932234,0.0015012300815399893,0.0
4,0.0,163,forward,3.39775327320068,0.0,0.0,0.0,0.0,0.0,0.0,5.5953014986363e-06,1.0637101548253143,0.003248129998047741,0.0029242823072685377,0.0016033785707478265,0.0
4,0.0,164,forward,3.397690608294033,0.0,0.0,0.0,0.0,0.0,0.0,5.606270409941345e-06,1.041985871727862,0.0033776770946727552,0.0028911324858454453,0.0017082538368723699,0.0
4,0.0,165,forward,3.397439027413469,0.0,0.0,0.0,0.0,0.0,0.0,5.6181109427850764e-06,1.0202189636673682,0.003506388078699165,0.002856690563832202,0.0018157276520480714,0.0
4,0.0,166,forward,3.39699982637848,0.0,0.0,0.0,0.0,0.0,0.0,5.630850252644757e-06,0.9984126897596817,0.0036342079868334353,0.0028209651825896885,0.0019256666133943834,0.0
4,0.0,167,forward,3.3963742702672186,0.0,0.0,0.0,0.0,0.0,0.0,5.644514425146983e-06,0.9765704081199007,0.0037610819931704832,0.002783965532769148,0.0020379323125240267,0.0
4,0.0,168,forward,3.395563591141165,0.0,0.0,0.0,0.0,0.0,0.0,5.65912842619124e-06,0.9546955681848809,0.0038869554317303855,0.0027457013528247626,0.002152381514656798,0.0
4,0.0,169,forward,3.3945689858461146,0.0,0.0,0.0,0.0,0.0,0.0,5.6747160534753944e-06,0.932791702598207,0.00401177381902123,0.0027061829273004987,0.0022688663471304715,0.0
4,0.0,170,forward,3.393391613893608,0.0,0.0,0.0,0.0,0.0,0.0,5.691299889512354e-06,0.910862418690601,0.004135482876618996,0.0026654210848910923,0.002387234497082835,0.0
4,0.0,171,forward,3.39203259542688,0.0,0.0,0.0,0.0,0.0,0.0,5.7089012562256775e-06,0.8889113895923798,0.004258028553755692,0.002623427196277083,0.00250732941806886,0.0
4,0.0,172,forward,3.3904930092753864,0.0,0.0,0.0,0.0,0.0,0.0,5.727540171209328e-06,0.8669423450180371,0.004379357049906386,0.002580213171733806,0.0026289905453512064,0.0
4,0.0,173,forward,3.3887738911018968,0.0,0.0,0.0,0.0,0.0,0.0,5.747235305735777e-06,0.8449590617660508,0.00449941483736649,0.0025357914585144655,0.0027520535195973417,0.0
4,0.0,174,forward,3.386876231646094,0.0,0.0,0.0,0.0,0.0,0.0,5.768003944593407e-06,0.8229653539797875,0.004618148683809845,0.0024901750380073345,0.002876350418691609,0.0
4,0.0,175,forward,3.3848009750685684,0.0,0.0,0.0,0.0,0.0,0.0,5.789861947832753e-06,0.8009650632176509,0.004735505674818682,0.0024433774226673703,0.0030017099973613792,0.0
4,0.0,176,forward,3.3825490173989943,0.0,0.0,0.0,0.0,0.0,0.0,5.8128237144985466e-06,0.7789620483825156,0.004851433236376206,0.0023954126527226814,0.0031279579342992636,0.0
4,0.0,177,forward,3.3801212050922236,0.0,0.0,0.0,0.0,0.0,0.0,5.8369021484213546e-06,0.7569601755617684,0.004965879157312823,0.002346295292656004,0.0032549170864452637,0.0
4,0.0,178,forward,3.3775183336959276,0.0,0.0,0.0,0.0,0.0,0.0,5.862108626140517e-06,0.7349633078303098,0.0050787916116964505,0.002296040427461951,0.003382407750085581,0.0
4,0.0,179,forward,3.374741146633322,0.0,0.0,0.0,0.0,0.0,0.0,5.888452967027377e-06,0.7129752950690896,0.00519011918115818,0.002244663658680556,0.0035102479284012666,0.0
4,0.0,180,forward,3.37179033410442,0.0,0.0,0.0,0.0,0.0,0.0,5.915943405673833e-06,0.6909999638516723,0.005299810877143701,0.0021921811002077155,0.0036382536050956205,0.0
4,0.0,181,forward,3.368666532109127,0.0,0.0,0.0,0.0,0.0,0.0,5.944586566609243e-06,0.6690411074506597,0.005407816163081413,0.0021386093738834555,0.0037662390237066523,0.0
4,0.0,182,forward,3.365370321595399,0.0,0.0,0.0,0.0,0.0,0.0,5.974387441404835e-06,0.6471024760145855,0.005514084976458015,0.0020839656048588146,0.0038940169722048723,0.0
4,0.0,183,forward,3.3619022277355444,0.0,0.0,0.0,0.0,0.0,0.0,6.00534936822171e-06,0.6251877669642572,0.005618567750792385,0.0020282674167423566,0.004021399072461407,0.0
4,0.0,184,forward,3.358262719333629,0.0,0.0,0.0,0.0,0.0,0.0,6.037474013854612e-06,0.6033006156554086,0.005721215437498346,0.0019715329265273533,0.0041481960741585056,0.0
4,0.0,185,forward,3.354452208366816,0.0,0.0,0.0,0.0,0.0,0.0,6.070761358320741e-06,0.5814445863519268,0.005821979527627385,0.0019137807393007895,0.0042742181527045675,0.0
4,0.0,186,forward,3.350471049663326,0.0,0.0,0.0,0.0,0.0,0.0,6.10520968203847e-06,0.5596231635510436,0.005920812073481844,0.0018550299427354813,0.004399275210706599,0.0
4,0.0,187,forward,3.3463195407195645,0.0,0.0,0.0,0.0,0.0,0.0,6.140815555637567e-06,0.537839743698529,0.006017665710089591,0.001795300101366606,0.004523177182536697,0.0
4,0.0,188,forward,3.3419979216588143,0.0,0.0,0.0,0.0,0.0,0.0,6.177573832438283e-06,0.516097627328371,0.00611249367653094,0.0017346112506540694,0.004645734341527041,0.0
4,0.0,189,forward,3.3375063753337586,0.0,0.0,0.0,0.0,0.0,0.0,6.215477643632918e-06,0.49440001165761827,0.006205249837108636,0.0016729838908323103,0.004766757609314665,0.0
4,0.0,190,forward,3.3328450275749217,0.0,0.0,0.0,0.0,0.0,0.0,6.254518396199249e-06,0.47274998366298127,0.00629588870235192,0.0016104389805490368,0.004886058866850118,0.0
4,0.0,191,forward,3.3280139475869897,0.0,0.0,0.0,0.0,0.0,0.0,6.294685773570918e-06,0.45115051366171527,0.006384365449845338,0.001546997930294704,0.005003451266574643,0.0
4,0.0,192,forward,3.3230131484947996,0.0,0.0,0.0,0.0,0.0,0.0,6.335967739086291e-06,0.4296044494150039,0.006470635944873592,0.0014826825956244934,0.005118749545268697,0.0
4,0.0,193,forward,3.3178425880406412,0.0,0.0,0.0,0.0,0.0,0.0,6.378350542231903e-06,0.40811451076785554,0.006554656760873024,0.0014175152701746687,0.005231770337062902,0.0
4,0.0,194,forward,3.3125021694343704,0.0,0.0,0.0,0.0,0.0,0.0,6.421818727693538e-06,0.38668328483525927,0.006636385199681135,0.0013515186784753208,0.00534233248610283,0.0
4,0.0,195,forward,3.306991742357651,0.0,0.0,0.0,0.0,0.0,0.0,6.46635514722221e-06,0.3653132217402115,0.006715779311574834,0.0012847159685615026,0.005450257358348254,0.0
4,0.0,196,forward,3.3013111041235303,0.0,0.0,0.0,0.0,0.0,0.0,6.511940974319482e-06,0.3440066309051882,0.006792797915089002,0.0012171307043850066,0.005555369151992284,0.0
4,0.0,197,forward,3.2954600009923736,0.0,0.0,0.0,0.0,0.0,0.0,6.5585557217399815e-06,0.32276567789478594,0.006867400616605916,0.0011487868580289586,0.005657495205973806,0.0
4,0.0,198,forward,3.2894381296450494,0.0,0.0,0.0,0.0,0.0,0.0,6.606177261806832e-06,0.30159238180353826,0.006939547829707502,0.0010797088017275574,0.005756466306065078,0.0
4,0.0,199,forward,3.283245138814134,0.0,0.0,0.0,0.0,0.0,0.0,6.654781849528846e-06,0.2804886131795709,0.007009200794281017,0.001009921299693446,0.005852116988004474,0.0
4,0.0,200,forward,3.276880631073717,0.0,0.0,0.0,0.0,0.0,0.0,6.7043441485055245e-06,0.25945609247149953,0.00707632159536998,0.000939449499755149,0.005944285837156338,0.0
5,0.0,1,forward,0.2996070237842606,0.0,0.0,0.0,0.0,0.0,0.0,6.175570703034262e-07,-0.7411114651852363,0.0016392437631000368,-0.0007502862363174303,0.2601208779923584,0.0
5,0.0,2,forward,0.5338420763394399,0.0,0.0,0.0,0.0,0.0,0.0,6.202028159340566e-07,-0.7591255336833956,0.0016154052722677263,-0.0007665696917225595,0.15185323113445148,0.0
5,0.0,3,forward,0.7182965219067499,0.0,0.0,0.0,0.0,0.0,0.0,6.22770413328078e-07,-0.7771358328649622,0.0015908235516736877,-0.0007826108941704856,0.08960490670906561,0.0
5,0.0,4,forward,0.8646493212109138,0.0,0.0,0.0,0.0,0.0,0.0,6.252587005579121e-07,-0.7951449525063051,0.0015655054849879094,-0.0007984024411403346,0.05387474090767218,0.0
5,0.0,5,forward,0.9816946287013214,0.0,0.0,0.0,0.0,0.0,0.0,6.27666648215455e-07,-0.8131554832358875,0.0015394582787268132,-0.0008139370006063699,0.03347448494059372,0.0
5,0.0,6,forward,1.0760904505895241,0.0,0.0,0.0,0.0,0.0,0.0,6.299933621868111e-07,-0.8311700146627418,0.0015126894606552063,-0.0008292073142604687,0.02194643476294747,0.0
5,0.0,7,forward,1.1529055877016228,0.0,0.0,0.0,0.0,0.0,0.0,6.322380862321368e-07,-0.8491911335014865,0.0014852068780530638,-0.0008442062007179876,0.015544216708314212,0.0
5,0.0,8,forward,1.2160205608414552,0.0,0.0,0.0,0.0,0.0,0.0,6.344002043647501e-07,-0.8672214216874523,0.0014570186958472247,-0.0008589265587055362,0.01208617902722385,0.0
5,0.0,9,forward,1.2684226592454353,0.0,0.0,0.0,0.0,0.0,0.0,6.364792430241323e-07,-0.8852634544756799,0.0014281333946081153,-0.000873361370229418,0.010299415190324873,0.0
5,0.0,10,forward,1.3124240344658427,0.0,0.0,0.0,0.0,0.0,0.0,6.384748730378084e-07,-0.903319798517385,0.0013985597684121056,-0.0008875037037233952,0.009441708546786581,0.0
5,0.0,11,forward,1.349823689192614,0.0,0.0,0.0,0.0,0.0,0.0,6.403869113669651e-07,-0.9213930099077519,0.0013683069225693472,-0.0009013467171742913,0.00908210496410096,0.0
5,0.0,12,forward,1.3820284103086664,0.0,0.0,0.0,0.0,0.0,0.0,6.422153226315457e-07,-0.9394856321989192,0.0013373842712178163,-0.000914883661224263,0.00897271565956037,0.0
5,0.0,13,forward,1.4101435315916337,0.0,0.0,0.0,0.0,0.0,0.0,6.439602204105153e-07,-0.9576001943721449,0.0013058015347838967,-0.0009281078822483379,0.008973382204386121,0.0
5,0.0,14,forward,1.4350414221733696,0.0,0.0,0.0,0.0,0.0,0.0,6.456218683133007e-07,-0.9757392087632872,0.0012735687373098931,-0.000941012825405813,0.009007192909278372,0.0
5,0.0,15,forward,1.4574134487280184,0.0,0.0,0.0,0.0,0.0,0.0,6.472006808190197e-07,-0.9939051689359165,0.0012406962036491805,-0.0009535920376643054,0.009034126091884004,0.0
5,0.0,16,forward,1.4778096127770233,0.0,0.0,0.0,0.0,0.0,0.0,6.486972238801565e-07,-1.0121005474965745,0.0012071945565294286,-0.0009658391707950497,0.00903540845143419,0.0
5,0.0,17,forward,1.4966689479884367,0.0,0.0,0.0,0.0,0.0,0.0,6.501122152878749e-07,-1.0303277938469189,0.0011730747134845872,-0.0009777479843381608,0.009004239910395423,0.0
5,0.0,18,forward,1.5143429535411175,0.0,0.0,0.0,0.0,0.0,0.0,6.514465247965108e-07,-1.0485893318676913,0.0011383478836564725,-0.0009893123485365549,0.008940316077822807,0.0
5,0.0,19,forward,1.5311137513607034,0.0,0.0,0.0,0.0,0.0,0.0,6.527011740050367e-07,-1.0668875575298384,0.0011030255644665506,-0.001000526247237196,0.008846621460366022,0.0
5,0.0,20,forward,1.5472082252626846,0.0,0.0,0.0,0.0,0.0,0.0,6.538773359937638e-07,-1.0852248364284036,0.0010671195381587383,-0.0010113837807584002,0.008727581005173513,0.0
5,0.0,21,forward,1.562809084554494,0.0,0.0,0.0,0.0,0.0,0.0,6.549763347149591e-07,-1.103603501235113,0.0010306418682142426,-0.0010218791687219167,0.00858802238693715,0.0
5,0.0,22,forward,1.5780635619080219,0.0,0.0,0.0,0.0,0.0,0.0,6.559996441363252e-07,-1.1220258490660833,0.0009936048956392179,-0.0010320067528484975,0.008432619416608639,0.0
5,0.0,23,forward,1.5930902827444653,0.0,0.0,0.0,0.0,0.0,0.0,6.56948887136736e-07,-1.1404941387614649,0.0009560212351262741,-0.0010417609997156708,0.008265617887348142,0.0
5,0.0,24,forward,1.6079847147681505,0.0,0.0,0.0,0.0,0.0,0.0,6.578258341540647e-07,-1.1590105880743717,0.0009179037710908591,-0.0010511365034765066,0.008090724190713439,0.0
5,0.0,25,forward,1.622823509961547,0.0,0.0,0.0,0.0,0.0,0.0,6.58632401585232e-07,-1.1775773707669537,0.000879265653583615,-0.001060127988538072,0.007911084884627745,0.0
5,0.0,26,forward,1.6376679788500563,0.0,0.0,0.0,0.0,0.0,0.0,6.593706499391189e-07,-1.1961966136120994,0.0008401202940798784,-0.0010687303121983927,0.007729314428192635,0.0
5,0.0,27,forward,1.6525668820074195,0.0,0.0,0.0,0.0,0.0,0.0,6.600427817432889e-07,-1.2148703932999014,0.0008004813611474719,-0.0010769384672406643,0.007547545920803811,0.0
5,0.0,28,forward,1.6675586821009767,0.0,0.0,0.0,0.0,0.0,0.0,6.606511392058991e-07,-1.2336007332487562,0.0007603627759939746,-0.0010847475844835057,0.007367490358871048,0.0
5,0.0,29,forward,1.6826733679646426,0.0,0.0,0.0,0.0,0.0,0.0,6.611982016346869e-07,-1.2523896003215926,0.0007197787078950456,-0.0010921529352860874,0.007190496359791604,0.0
5,0.0,30,forward,1.6979339377955587,0.0,0.0,0.0,0.0,0.0,0.0,6.6168658261508e-07,-1.2712389014488086,0.0006787435695047446,-0.0010991499340068857,0.007017606148940453,0.0
5,0.0,31,forward,1.713357609787139,0.0,0.0,0.0,0.0,0.0,0.0,6.621190269501871e-07,-1.2901504801600727,0.0006372720120496682,-0.0011057341404149582,0.006849605870017816,0.0
5,0.0,32,forward,1.7289568139868758,0.0,0.0,0.0,0.0,0.0,0.0,6.624984073655856e-07,-1.3091261130283474,0.0005953789204080838,-0.0011119012620525468,0.006687069580887717,0.0
5,0.0,33,forward,1.744740007890914,0.0,0.0,0.0,0.0,0.0,0.0,6.628277209823334e-07,-1.3281675060303444,0.0005530794080756755,-0.0011176471565478646,0.0065303970162154945,0.0
5,0.0,34,forward,1.7607123494986205,0.0,0.0,0.0,0.0,0.0,0.0,6.631100855620532e-07,-1.3472762908287406,0.0005103888120194523,-0.0011229678338769728,0.006379845568420028,0.0
5,0.0,35,forward,1.7768762546745678,0.0,0.0,0.0,0.0,0.0,0.0,6.633487355282463e-07,-1.3664540209825564,0.000467322687421487,-0.0011278594585735892,0.006235557103065226,0.0
5,0.0,36,forward,1.7932318602664936,0.0,0.0,0.0,0.0,0.0,0.0,6.635470177684737e-07,-1.385702168093325,0.0004238968023141041,-0.0011323183518857692,0.006097580271462677,0.0
5,0.0,37,forward,1.8097774101736592,0.0,0.0,0.0,0.0,0.0,0.0,6.637083872223604e-07,-1.405022117895907,0.00038012713210817955,-0.0011363409938783613,0.005965888965119903,0.0
5,0.0,38,forward,1.8265095781964,0.0,0.0,0.0,0.0,0.0,0.0,6.638364022608478e-07,-1.424415166303998,0.0003360298540164356,-0.0011399240254802037,0.005840397505668615,0.0
5,0.0,39,forward,1.8434237388292958,0.0,0.0,0.0,0.0,0.0,0.0,6.639347198623956e-07,-1.4438825154217738,0.00029162134137344925,-0.0011430642504749882,0.005720973098838011,0.0
5,0.0,40,forward,1.8605141950367483,0.0,0.0,0.0,0.0,0.0,0.0,6.64007090592272e-07,-1.463425269534401,0.0002469181578542979,-0.001145758637434773,0.005607446012665607,0.0
5,0.0,41,forward,1.8777743703543086,0.0,0.0,0.0,0.0,0.0,0.0,6.640573533914734e-07,-1.4830444310914999,0.00020193705159381878,-0.0011480043215951784,0.005499617874344109,0.0
5,0.0,42,forward,1.8951969713013677,0.0,0.0,0.0,0.0,0.0,0.0,6.640894301820258e-07,-1.5027408966992006,0.00015669494920809993,-0.0011497986066712196,0.0053972684198064225,0.0
5,0.0,43,forward,1.9127741250002726,0.0,0.0,0.0,0.0,0.0,0.0,6.641073202959569e-07,-1.522515453137417,0.00011120894972080354,-0.0011511389666128485,0.005300160976582591,0.0
5,0.0,44,forward,1.9304974960183814,0.0,0.0,0.0,0.0,0.0,0.0,6.641150947354419e-07,-1.5423687734208098,6.549631839585653e-05,-0.0011520230472992644,0.005208046913818376,0.0
5,0.0,45,forward,1.9483583857397555,0.0,0.0,0.0,0.0,0.0,0.0,6.641168902719789e-07,-1.562301412922981,1.9574480478755377e-05,-0.0011524486681710386,0.005120669253329324,0.0
5,0.0,46,forward,1.9663478169980384,0.0,0.0,0.0,0.0,0.0,0.0,6.64116903392827e-07,-1.5823138055847292,-2.6538985151203235e-05,-0.0011524138237991807,0.005037765601582422,0.0
5,0.0,47,forward,1.9844566062346805,0.0,0.0,0.0,0.0,0.0,0.0,6.641193841031811e-07,-1.6024062602286406,-7.282635241584458e-05,-0.0011519166853902457,0.004959070533878507,0.0
5,0.0,48,forward,2.002675425065762,0.0,0.0,0.0,0.0,0.0,0.0,6.641286295928908e-07,-1.6225789570032378,-0.00011926975455768542,-0.0011509556022266196,0.004884317538050187,0.0
5,0.0,49,forward,2.020994852829327,0.0,0.0,0.0,0.0,0.0,0.0,6.641489777768475e-07,-1.6428319439811934,-0.00016585119074211121,-0.001149529103041176,0.004813240605036462,0.0
5,0.0,50,forward,2.0394054214298976,0.0,0.0,0.0,0.0,0.0,0.0,6.641848007183643e-07,-1.6631651339369231,-0.00021255253273968352,-0.0011476358973254474,0.004745575537146107,0.0
5,0.0,51,forward,2.057897653586983,0.0,0.0,0.0,0.0,0.0,0.0,6.642404979452149e-07,-1.6835783013298247,-0.00025935553168636444,-0.0011452748765705526,0.0046810610311529,0.0
5,0.0,52,forward,2.07646209542131,0.0,0.0,0.0,0.0,0.0,0.0,6.643204896682015e-07,-1.7040710795199447,-0.00030624182491904855,-0.001142445115440102,0.0046194395821032574,0.0
5,0.0,53,forward,2.0950893441692586,0.0,0.0,0.0,0.0,0.0,0.0,6.644292099123676e-07,-1.7246429582435303,-0.0003531929428841827,-0.001139145872874336,0.004560458244484311,0.0
5,0.0,54,forward,2.113770071697147,0.0,0.0,0.0,0.0,0.0,0.0,6.645710995712065e-07,-1.7452932813760706,-0.00040019031611689826,-0.001135376593124783,0.004503869279843586,0.0
5,0.0,55,forward,2.1324950443879827,0.0,0.0,0.0,0.0,0.0,0.0,6.647505993943935e-07,-1.766021245010502,-0.0004472152822880549,-0.001131136906718742,0.004449430713796665,0.0
5,0.0,56,forward,2.1512551398905777,0.0,0.0,0.0,0.0,0.0,0.0,6.649721429198045e-07,-1.786825895878193,-0.0004942490933168496,-0.0011264266313529229,0.0043969068203628114,0.0
5,0.0,57,forward,2.1700413611515383,0.0,0.0,0.0,0.0,0.0,0.0,6.65240149360712e-07,-1.8077061301397084,-0.0005412729225461877,-0.0011212457727156017,0.004346068547535609,0.0
5,0.0,58,forward,2.188844848092258,0.0,0.0,0.0,0.0,0.0,0.0,6.655590164592437e-07,-1.8286606925717601,-0.0005882678719783056,-0.0011155945252366761,0.004296693894746129,0.0
5,0.0,59,forward,2.207656887243712,0.0,0.0,0.0,0.0,0.0,0.0,6.659331133173198e-07,-1.8496881761757131,-0.0006352149795680052,-0.0011094732727650284,0.004248568250288687,0.0
5,0.0,60,forward,2.2264689196100513,0.0,0.0,0.0,0.0,0.0,0.0,6.663667732163948e-07,-1.8707870222315974,-0.0006820952265706241,-0.00110288258917264,0.00420148469471987,0.0
5,0.0,61,forward,2.245272546996379,0.0,0.0,0.0,0.0,0.0,0.0,6.668642864375091e-07,-1.8919555208201964,-0.0007288895449424003,-0.0010958232388849209,0.004155244274623882,0.0
5,0.0,62,forward,2.2640595370057133,0.0,0.0,0.0,0.0,0.0,0.0,6.674298930930943e-07,-1.9131918118334381,-0.0007755788247899091,-0.001088296177336734,0.004109656249880411,0.0
5,0.0,63,forward,2.2828218268840508,0.0,0.0,0.0,0.0,0.0,0.0,6.680677759822627e-07,-1.9344938864915415,-0.0008221439218663863,-0.0010803025513536505,0.004064538316601363,0.0
5,0.0,64,forward,2.301551526370001,0.0,0.0,0.0,0.0,0.0,0.0,6.687820534811599e-07,-1.95585958938235,-0.0008685656651116273,-0.001071843699457973,0.004019716807174112,0.0
5,0.0,65,forward,2.320240919686072,0.0,0.0,0.0,0.0,0.0,0.0,6.695767724801577e-07,-1.977286621035732,-0.0009148248642328953,-0.001062921152099123,0.003975026868308529,0.0
5,0.0,66,forward,2.3388824667918633,0.0,0.0,0.0,0.0,0.0,0.0,6.70455901379552e-07,-1.9987725410426418,-0.0009609023173238821,-0.001053536631807949,0.003930312617600684,0.0
5,0.0,67,forward,2.3574688040047778,0.0,0.0,0.0,0.0,0.0,0.0,6.714233231555624e-07,-2.020314771725039,-0.001006778818518836,-0.0010436920532746494,0.0038854272788574895,0.0
5,0.0,68,forward,2.375992744081085,0.0,0.0,0.0,0.0,0.0,0.0,6.724828285082734e-07,-2.041910602359173,-0.0010524351656788016,-0.00103338952334994,0.0038402332962632624,0.0
5,0.0,69,forward,2.3944472758389543,0.0,0.0,0.0,0.0,0.0,0.0,6.73638109103253e-07,-2.06355719395104,-0.0010978521681072678,-0.0010226313409691606,0.003794602427371452,0.0
5,0.0,70,forward,2.4128255633952405,0.0,0.0,0.0,0.0,0.0,0.0,6.748927509183995e-07,-2.085251584558595,-0.0011430106542920165,-0.001011419996999036,0.003748415814871675,0.0
5,0.0,71,forward,2.4311209450790967,0.0,0.0,0.0,0.0,0.0,0.0,6.762502277076114e-07,-2.1069906951512993,-0.0011878914796703002,-0.0009997581740068655,0.003701564037088989,0.0
5,0.0,72,forward,2.449326932077852,0.0,0.0,0.0,0.0,0.0,0.0,6.7771389459269e-07,-2.1287713359932776,-0.001232475534414246,-0.0009876487459519175,0.003653947137210567,0.0
5,0.0,73,forward,2.4674372068637513,0.0,0.0,0.0,0.0,0.0,0.0,6.792869817948048e-07,-2.150590213532164,-0.00127674375123351,-0.0009750947777988195,0.0036054746312990105,0.0
5,0.0,74,forward,2.4854456214441463,0.0,0.0,0.0,0.0,0.0,0.0,6.809725885167204e-07,-2.172443937771459,-0.0013206771131921357,-0.0009620995250527871,0.0035560654952256354,0.0
5,0.0,75,forward,2.503346195472329,0.0,0.0,0.0,0.0,0.0,0.0,6.827736769868769e-07,-2.1943290300999716,-0.001364256661536445,-0.000948666433216644,0.0035056481307448317,0.0
5,0.0,76,forward,2.5211331142514335,0.0,0.0,0.0,0.0,0.0,0.0,6.846930666760678e-07,-2.2162419315480726,-0.001407463503530944,-0.0009347991371693854,0.003454160311018639,0.0
5,0.0,77,forward,2.5388007266595385,0.0,0.0,0.0,0.0,0.0,0.0,6.867334286975502e-07,-2.2381790114364524,-0.0014502788202991129,-0.0009205014604663828,0.0034015491059905534,0.0
5,0.0,78,forward,2.5563435430202945,0.0,0.0,0.0,0.0,0.0,0.0,6.888972804009473e-07,-2.2601365763796157,-0.0014926838746659665,-0.0009057774145610783,0.003347770788095228,0.0
5,0.0,79,forward,2.573756232939989,0.0,0.0,0.0,0.0,0.0,0.0,6.9118698017021e-07,-2.2821108796029264,-0.0015346600189991499,-0.0008906311979482267,0.0032927907188737837,0.0
5,0.0,80,forward,2.591033623128895,0.0,0.0,0.0,0.0,0.0,0.0,6.936047224357616e-07,-2.3040981305292076,-0.0015761887030457669,-0.000875067195228712,0.0032365832171373232,0.0
5,0.0,81,forward,2.6081706952220443,0.0,0.0,0.0,0.0,0.0,0.0,6.961525329102885e-07,-2.326094504588017,-0.0016172514817611174,-0.0008590899760959736,0.00317913140939452,0.0
5,0.0,82,forward,2.625162583612087,0.0,0.0,0.0,0.0,0.0,0.0,6.988322640578876e-07,-2.348096153199017,-0.0016578300231269163,-0.000842704294244108,0.0031204270633141684,0.0
5,0.0,83,forward,2.642004573304753,0.0,0.0,0.0,0.0,0.0,0.0,7.016455908056464e-07,-2.3700992138786403,-0.0016979061159552724,-0.0008259150861979204,0.003060470405050142,0.0
5,0.0,84,forward,2.6586920978054502,0.0,0.0,0.0,0.0,0.0,0.0,7.04594006506418e-07,-2.392099820418556,-0.0017374616776755782,-0.0008087274700648435,0.002999269921295178,0.0
5,0.0,85,forward,2.6752207370438126,0.0,0.0,0.0,0.0,0.0,0.0,7.076788191613769e-07,-2.4140941130832783,-0.0017764787621008598,-0.0007911467442091228,0.002936842146965768,0.0
5,0.0,86,forward,2.6915862153414523,0.0,0.0,0.0,0.0,0.0,0.0,7.109011479105336e-07,-2.4360782487743986,-0.0018149395671706316,-0.0007731783858484083,0.0028732114394481867,0.0
5,0.0,87,forward,2.7077843994267985,0.0,0.0,0.0,0.0,0.0,0.0,7.142619197988392e-07,-2.458048411109096,-0.0018528264426667872,-0.0007548280495729404,0.0028084097403478503,0.0
5,0.0,88,forward,2.7238112964996772,0.0,0.0,0.0,0.0,0.0,0.0,7.177618668255626e-07,-2.4800008203614756,-0.0018901218978997077,-0.0007361015657877478,0.0027424763257010154,0.0
5,0.0,89,forward,2.7396630523472174,0.0,0.0,0.0,0.0,0.0,0.0,7.214015232835988e-07,-2.501931743216532,-0.0019268086093608002,-0.0007170049390780605,0.0026754575456058305,0.0
5,0.0,90,forward,2.755335949511708,0.0,0.0,0.0,0.0,0.0,0.0,7.2518122339578e-07,-2.523837502288605,-0.0019628694283391345,-0.0006975443464983662,0.00260740655422792,0.0
5,0.0,91,forward,2.770826405510204,0.0,0.0,0.0,0.0,0.0,0.0,7.291010992537389e-07,-2.5457144853580647,-0.0019982873884977913,-0.0006777261357853987,0.0025383830311261346,0.0
5,0.0,92,forward,2.7861309711049542,0.0,0.0,0.0,0.0,0.0,0.0,7.331610790658126e-07,-2.5675591542831593,-0.002033045713408108,-0.0006575568234955827,0.0024684528948295537,0.0
5,0.0,93,forward,2.801246328623089,0.0,0.0,0.0,0.0,0.0,0.0,7.373608857185313e-07,-2.589368053546485,-0.0020671278240372505,-0.0006370430930672679,0.002397688009574961,0.0
5,0.0,94,forward,2.8161692903234696,0.0,0.0,0.0,0.0,0.0,0.0,7.41700035657255e-07,-2.611137818399397,-0.002100517346187197,-0.0006161917928083871,0.0023261658860944667,0.0
5,0.0,95,forward,2.8308967968081387,0.0,0.0,0.0,0.0,0.0,0.0,7.461778380895839e-07,-2.6328651825710945,-0.0021331981178808472,-0.0005950099338097697,0.002253969377311038,0.0
5,0.0,96,forward,2.8454259154754267,0.0,0.0,0.0,0.0,0.0,0.0,7.507933945160138e-07,-2.654546985512992,-0.002165154196692835,-0.0005735046877849947,0.0021811863697732137,0.0
5,0.0,97,forward,2.859753839011441,0.0,0.0,0.0,0.0,0.0,0.0,7.555455985909225e-07,-2.676180179153278,-0.002196369867021639,-0.0005516833848370901,0.00210790947162548,0.0
5,0.0,98,forward,2.873877883916414,0.0,0.0,0.0,0.0,0.0,0.0,7.604331363168041e-07,-2.697761834140526,-0.00222682964729979,-0.0005295535111527785,0.0020342356978780285,0.0
5,0.0,99,forward,2.887795489062163,0.0,0.0,0.0,0.0,0.0,0.0,7.654544865740891e-07,-2.7192891455594874,-0.002256518297138945,-0.0005071227066249761,0.0019602661537029553,0.0
5,0.0,100,forward,2.9015042142767777,0.0,0.0,0.0,0.0,0.0,0.0,7.706079219885314e-07,-2.740759438106745,-0.0022854208244071366,-0.00048439876240401197,0.0018861057164474004,0.0
5,0.0,101,forward,2.915001738952528,0.0,0.0,0.0,0.0,0.0,0.0,7.758915101372425e-07,-2.762170170717583,-0.0023135224922344396,-0.00046138961837850426,0.0018118627170177204,0.0
5,0.0,102,forward,2.9282858606728994,0.0,0.0,0.0,0.0,0.0,0.0,7.813031150944076e-07,-2.7835189406401124,-0.0023408088259445872,-0.0004381033605864449,0.0017376486212512532,0.0
5,0.0,103,forward,2.941354493854656,0.0,0.0,0.0,0.0,0.0,0.0,7.868403993167194e-07,-2.804803486956265,-0.0023672656199090277,-0.00041454821855731536,0.001663577711855102,0.0
5,0.0,104,forward,2.954205668400795,0.0,0.0,0.0,0.0,0.0,0.0,7.925008258683414e-07,-2.8260216935532587,-0.002392878944320564,-0.00039073256258603117,0.0015897667714555308,0.0
5,0.0,105,forward,2.966837528360309,0.0,0.0,0.0,0.0,0.0,0.0,7.982816609844973e-07,-2.8471715915526565,-0.0024176351518834485,-0.0003666649009395479,0.0015163347672654814,0.0
5,0.0,106,forward,2.979248330590691,0.0,0.0,0.0,0.0,0.0,0.0,8.041799769723406e-07,-2.868251361207561,-0.002441520884417039,-0.0003423538769969266,0.0014434025378444182,0.0
5,0.0,107,forward,2.9914364434192366,0.0,0.0,0.0,0.0,0.0,0.0,8.101926554470332e-07,-2.8892593332814727,-0.0024645230793698164,-0.00031780826632376793,0.001371092482389924,0.0
5,0.0,108,forward,3.003400345299225,0.0,0.0,0.0,0.0,0.0,0.0,8.163163909006772e-07,-2.91019398992519,-0.0024866289762410375,-0.00029303697368193374,0.0012995282529699725,0.0
5,0.0,109,forward,3.015138623457247,0.0,0.0,0.0,0.0,0.0,0.0,8.225476946009094e-07,-2.931053965070546,-0.0025078261229068634,-0.00026804902997552496,0.0012288344500743786,0.0
5,0.0,110,forward,3.0266499725280074,0.0,0.0,0.0,0.0,0.0,0.0,8.288828988156053e-07,-2.9518380443620926,-0.002528102381848207,-0.00024285358913398589,0.0011591363218357575,0.0
5,0.0,111,forward,3.03793319317312,0.0,0.0,0.0,0.0,0.0,0.0,8.353181613594736e-07,-2.9725451646495182,-0.0025474459362772772,-0.0002174599249334282,0.0010905594672420416,0.0
5,0.0,112,forward,3.04898719068052,0.0,0.0,0.0,0.0,0.0,0.0,8.418494704578514e-07,-2.9931744130652085,-0.0025658452961600142,-0.00019187742775723593,0.0010232295436406746,0.0
5,0.0,113,forward,3.059810973541337,0.0,0.0,0.0,0.0,0.0,0.0,8.484726499224519e-07,-3.0137250257127777,-0.002583289304131702,-0.00016611560129677422,0.0009572719788084466,0.0
5,0.0,114,forward,3.0704036520011653,0.0,0.0,0.0,0.0,0.0,0.0,8.551833646331425e-07,-3.0341963859928596,-0.0025997671413026534,-0.00014018405919366542,0.0008928116878419573,0.0
5,0.0,115,forward,3.080764436582934,0.0,0.0,0.0,0.0,0.0,0.0,8.619771263195602e-07,-3.0545880225936886,-0.002615268332951584,-0.00011409252162437185,0.0008299727951033148,0.0
5,0.0,116,forward,3.090892636578682,0.0,0.0,0.0,0.0,0.0,0.0,8.688492996355179e-07,-3.074899607173893,-0.0026297827541036105,-8.785081182844866e-05,0.000768878361438588,0.0
5,0.0,117,forward,3.100787658507774,0.0,0.0,0.0,0.0,0.0,0.0,8.757951085189115e-07,-3.0951309517652317,-0.0026433006349903883,-6.146885258161845e-05,0.0007096501168704361,0.0
5,0.0,118,forward,3.1104490045392925,0.0,0.0,0.0,0.0,0.0,0.0,8.828096428290823e-07,-3.115282005923005,-0.0026558125663895715,-3.4956662614670654e-05,0.0006524081989527086,0.0
5,0.0,119,forward,3.119876270876488,0.0,0.0,0.0,0.0,0.0,0.0,8.898878652533576e-07,-3.135352853651141,-0.0026673095048411776,-8.324352979750123e-06,0.0005972708969619323,0.0
5,0.0,120,forward,3.129069146101419,0.0,0.0,0.0,0.0,0.0,0.0,8.970246184736403e-07,3.1278415970506157,-0.0026777827777380273,1.841787663514616e-05,0.000544354402090351,0.0
5,0.0,121,forward,3.1380274094780733,0.0,0.0,0.0,0.0,0.0,0.0,9.042146325837506e-07,3.1079303889142365,-0.0026872240882878863,4.525974164172262e-05,0.0004937725637951321,0.0
5,0.0,122,forward,3.1467509292124753,0.0,0.0,0.0,0.0,0.0,0.0,9.11452532747553e-07,3.0880983620739677,-0.0026956255203447366,7.219087633618047e-05,0.0004456366524507871,0.0
5,0.0,123,forward,3.1552396606684754,0.0,0.0,0.0,0.0,0.0,0.0,9.187328470875256e-07,3.0683449290643754,-0.002702979543106754,9.920083773150291e-05,0.00040005512844509816,0.0
5,0.0,124,forward,3.163493644538122,0.0,0.0,0.0,0.0,0.0,0.0,9.260500147928999e-07,3.0486693858164355,-0.002709279015678513,0.00012627910943616846,0.0003571334178527133,0.0
5,0.0,125,forward,3.1715130049656954,0.0,0.0,0.0,0.0,0.0,0.0,9.333983944361367e-07,3.0290709155524382,-0.002714517191495108,0.00015341510557776233,0.00031697369481688276,0.0
5,0.0,126,forward,3.179297947624708,0.0,0.0,0.0,0.0,0.0,0.0,9.407722724860657e-07,3.0095485927386174,-0.002718687722605862,0.00018059817477025442,0.0002796746707652599,0.0
5,0.0,127,forward,3.186848757747325,0.0,0.0,0.0,0.0,0.0,0.0,9.481658720055041e-07,2.9901013870764372,-0.0027217846638152754,0.00020781760412329211,0.00024533139058343853,0.0
5,0.0,128,forward,3.1941657981058964,0.0,0.0,0.0,0.0,0.0,0.0,9.555733615209393e-07,2.9707281675144817,-0.0027238024766790595,0.00023506262329229743,0.0002140350358676383,0.0
5,0.0,129,forward,3.201249506946443,0.0,0.0,0.0,0.0,0.0,0.0,9.629888640513564e-07,2.951427706264531,-0.0027247360333530206,0.0002623224085677931,0.00018587273537641613,0.0
5,0.0,130,forward,3.208100395874151,0.0,0.0,0.0,0.0,0.0,0.0,9.704064662830206e-07,2.9321986828066886,-0.0027245806202927307,0.00028958608700249,0.00016092738280009712,0.0
5,0.0,131,forward,3.2147190476910965,0.0,0.0,0.0,0.0,0.0,0.0,9.778202278765592e-07,2.9130396878698193,-0.002723331941801785,0.00031684274057462025,0.00013927746196623885,0.0
5,0.0,132,forward,3.221106114186612,0.0,0.0,0.0,0.0,0.0,0.0,9.852241908925571e-07,2.893949227374868,-0.0027209861234267505,0.00034408141038606155,0.00012099687959873755,0.0
5,0.0,133,forward,3.227262313880885,0.0,0.0,0.0,0.0,0.0,0.0,9.92612389321353e-07,2.874925726330125,-0.0027175397151967353,0.00037129110089354286,0.00010615480574822228,0.0
5,0.0,134,forward,3.233188429722551,0.0,0.0,0.0,0.0,0.0,0.0,9.999788587026927e-07,2.8559675326684784,-0.002712989694705711,0.00039846078417166494,9.481552201108892e-05,0.0
5,0.0,135,forward,3.238885306741219,0.0,0.0,0.0,0.0,0.0,0.0,1.0073176458203326e-06,2.837072921018441,-0.0027073334700356863,0.0004255794042057372,8.703827765441978e-05,0.0
5,0.0,136,forward,3.2443538496560325,0.0,0.0,0.0,0.0,0.0,0.0,1.014622818456813e-06,2.8182400964013485,-0.002700568882518951,0.000452635881213314,8.287715376385481e-05,0.0
5,0.0,137,forward,3.249595020441545,0.0,0.0,0.0,0.0,0.0,0.0,1.021888475192976e-06,2.7994671978489682,-0.0026926942093376265,0.0004796191159922546,8.238093553101242e-05,0.0
5,0.0,138,forward,3.254609835852343,0.0,0.0,0.0,0.0,0.0,0.0,1.029108755237086e-06,2.7807523019360962,-0.0026837081659588217,0.00050651799429427,8.55929927964818e-05,0.0
5,0.0,139,forward,3.2593993649080164,0.0,0.0,0.0,0.0,0.0,0.0,1.0362778482678297e-06,2.7620934262244625,-0.0026736099084037814,0.0005333213912218708,9.255116896341147e-05,0.0
5,0.0,140,forward,3.263964726340227,0.0,0.0,0.0,0.0,0.0,0.0,1.0433900042754735e-06,2.743488532614913,-0.0026623990353494263,0.0005600181756470897,0.00010328767839546315,0.0
5,0.0,141,forward,3.2683070860037895,0.0,0.0,0.0,0.0,0.0,0.0,1.0504395433855113e-06,2.7249355306056255,-0.002650075590060794,0.0005865972146505799,0.0001178290124111761,0.0
5,0.0,142,forward,3.2724276542538138,0.0,0.0,0.0,0.0,0.0,0.0,1.0574208656487138e-06,2.7064322804553558,-0.0026366400621529126,0.0006130473779790841,0.00013619585398455362,0.0
5,0.0,143,forward,3.2763276832911266,0.0,0.0,0.0,0.0,0.0,0.0,1.064328460781609e-06,2.6879765962512887,-0.0026220933891807304,0.0006393575425196267,0.00015840300125906023,0.0
5,0.0,144,forward,3.2800084644783105,0.0,0.0,0.0,0.0,0.0,0.0,1.0711569178414403e-06,2.669566248881729,-0.0026064369580557603,0.0006655165967888803,0.0001844592999789632,0.0
5,0.0,145,forward,3.2834713256288537,0.0,0.0,0.0,0.0,0.0,0.0,1.0779009348194316e-06,2.6511989689148274,-0.0025896726062882105,0.0006915134454357591,0.00021436758493810146,0.0
5,0.0,146,forward,3.286717628272035,0.0,0.0,0.0,0.0,0.0,0.0,1.0845553281362657e-06,2.632872449384998,-0.002571802623053352,0.0007173370137555161,0.00024812463054188494,0.0
5,0.0,147,forward,3.2897487648962978,0.0,0.0,0.0,0.0,0.0,0.0,1.0911150420238613e-06,2.6145843484892164,-0.0025528297500810476,0.000742976252213732,0.00028572111057315053,0.0
5,0.0,148,forward,3.292566156174001,0.0,0.0,0.0,0.0,0.0,0.0,1.0975751577773277e-06,2.5963322921961045,-0.002532757182367323,0.0007684201409782454,0.00032714156724710647,0.0
5,0.0,149,forward,3.2951712481705537,0.0,0.0,0.0,0.0,0.0,0.0,1.1039309028612345e-06,2.578113876771057,-0.0025115885687070267,0.000793657694457304,0.0003723643896339848,0.0
5,0.0,150,forward,3.2975655095410605,0.0,0.0,0.0,0.0,0.0,0.0,1.1101776598544775e-06,2.559926671221124,-0.0024893280120466842,0.0008186779658421948,0.0004213618015215595,0.0
5,0.0,151,forward,3.2997504287177244,0.0,0.0,0.0,0.0,0.0,0.0,1.1163109752178663e-06,2.5417682196637945,-0.0024659800696565115,0.0008434700516524418,0.000474099858781607,0.0
5,0.0,152,forward,3.3017275110913613,0.0,0.0,0.0,0.0,0.0,0.0,1.1223265678691866e-06,2.5236360436241587,-0.0024415497531210446,0.0008680230962818809,0.000530538456296803,0.0
5,0.0,153,forward,3.303498276190482,0.0,0.0,0.0,0.0,0.0,0.0,1.1282203375501708e-06,2.5055276442652774,-0.0024160425281474812,0.0008923262965436497,0.000590631344495246,0.0
5,0.0,154,forward,3.305064254861508,0.0,0.0,0.0,0.0,0.0,0.0,1.1339883729704505e-06,2.4874405045567696,-0.0023894643141911293,0.0009163689062124393,0.0006543261555305435,0.0
5,0.0,155,forward,3.3064269864537827,0.0,0.0,0.0,0.0,0.0,0.0,1.1396269597134636e-06,2.469372091387045,-0.0023618214838973983,0.0009401402405619965,0.0007215644391357912,0.0
5,0.0,156,forward,3.307588016013112,0.0,0.0,0.0,0.0,0.0,0.0,1.1451325878898276e-06,2.4513198576246653,-0.0023331208623598412,0.000963629680896163,0.0007922817081682937,0.0
5,0.0,157,forward,3.3085488914876877,0.0,0.0,0.0,0.0,0.0,0.0,1.150501959523777e-06,2.4332812441345917,-0.002303369726193744,0.0009868266790715697,0.0008664074938520283,0.0
5,0.0,158,forward,3.3093111609502883,0.0,0.0,0.0,0.0,0.0,0.0,1.1557319956586477e-06,2.415253681755225,-0.002272575802424921,0.0010097207620101067,0.0009438654107117306,0.0
5,0.0,159,forward,3.3098763698407545,0.0,0.0,0.0,0.0,0.0,0.0,1.160819843167876e-06,2.3972345932422625,-0.002240747267193519,0.0010323015361994143,0.0010245732311819356,0.0
5,0.0,160,forward,3.310246058232796,0.0,0.0,0.0,0.0,0.0,0.0,1.165762881257918e-06,2.3792213951855614,-0.0022078927442724145,0.0010545586921793598,0.0011084429698600684,0.0
5,0.0,161,forward,3.3104217581292303,0.0,0.0,0.0,0.0,0.0,0.0,1.1705587276505621e-06,2.3612114999051554,-0.0021740213034002654,0.0010764820090129158,0.0011953809773612434,0.0
5,0.0,162,forward,3.3104049907898405,0.0,0.0,0.0,0.0,0.0,0.0,1.1752052444316793e-06,2.3432023173328402,-0.002139142458428917,0.001098061358739272,0.001285288043717664,0.0
5,0.0,163,forward,3.3101972640960557,0.0,0.0,0.0,0.0,0.0,0.0,1.1797005435548077e-06,2.325191256885603,-0.0021032661652854727,0.0011192867108076115,0.0013780595112526939,0.0
5,0.0,164,forward,3.309800069956721,0.0,0.0,0.0,0.0,0.0,0.0,1.184042991987577e-06,2.3071757293372857,-0.0020664028197487573,0.001140148136489508,0.0014735853968444457,0.0
5,0.0,165,forward,3.30921488175924,0.0,0.0,0.0,0.0,0.0,0.0,1.188231216489966e-06,2.2891531486949224,-0.0020285632550405765,0.0011606358132680886,0.0015717505234817963,0.0
5,0.0,166,forward,3.3084431518704194,0.0,0.0,0.0,0.0,0.0,0.0,1.1922641080139195e-06,2.271120934085985,-0.001989758739231837,0.001180740029202321,0.001672434660996619,0.0
5,0.0,167,forward,3.307486309191331,0.0,0.0,0.0,0.0,0.0,0.0,1.1961408257139923e-06,2.253076511663056,-0.0019500009724640508,0.001200451187264272,0.0017755126758464967,0.0
5,0.0,168,forward,3.3063457567705683,0.0,0.0,0.0,0.0,0.0,0.0,1.199860800559516e-06,2.2350173165320157,-0.0019093020839861983,0.0012197598096477214,0.0018808546898035072,0.0
5,0.0,169,forward,3.305022869480213,0.0,0.0,0.0,0.0,0.0,0.0,1.2034237385394117e-06,2.2169407947101045,-0.0018676746290079047,0.0012386565420461767,0.001988326247389982,0.0
5,0.0,170,forward,3.303518991758886,0.0,0.0,0.0,0.0,0.0,0.0,1.2068296234510967e-06,2.1988444051198397,-0.0018251315853690389,0.001257132157898508,0.002097788491889019,0.0
5,0.0,171,forward,3.3018354354262,0.0,0.0,0.0,0.0,0.0,0.0,1.210078719265626e-06,2.1807256216248505,-0.0017816863500264987,0.001275177562600271,0.002209098349739258,0.0
5,0.0,172,forward,3.299973477572924,0.0,0.0,0.0,0.0,0.0,0.0,1.213171572062175e-06,2.1625819351134017,-0.0017373527353589729,0.0012927837976790953,0.0023221087231115045,0.0
5,0.0,173,forward,3.297934358531149,0.0,0.0,0.0,0.0,0.0,0.0,1.2161090115248907e-06,2.1444108556353085,-0.0016921449652902087,0.0013099420449320736,0.0024366686904455093,0.0
5,0.0,174,forward,3.2957192799286945,0.0,0.0,0.0,0.0,0.0,0.0,1.2188921519964342e-06,2.1262099145976703,-0.001646077671231726,0.0013266436305234867,0.0025526237147150965,0.0
5,0.0,175,forward,3.2933294028319584,0.0,0.0,0.0,0.0,0.0,0.0,1.2215223930829873e-06,2.107976667024674,-0.0015991658878459702,0.0013428800290410487,0.002669815859169089,0.0
5,0.0,176,forward,3.290765845981348,0.0,0.0,0.0,0.0,0.0,0.0,1.224001419806048e-06,2.0897086938863887,-0.001551425048630706,0.0013586428675088568,0.002788084010287184,0.0
5,0.0,177,forward,3.2880296841233863,0.0,0.0,0.0,0.0,0.0,0.0,1.2263312022971727e-06,2.0714036045012234,-0.0015028709813257326,0.0013739239293552744,0.002907264107667562,0.0
5,0.0,178,forward,3.2851219464434966,0.0,0.0,0.0,0.0,0.0,0.0,1.2285139950326068e-06,2.053059039016464,-0.001453519903143401,0.0013887151583339646,0.0030271893805575156,0.0
5,0.0,179,forward,3.282043615103409,0.0,0.0,0.0,0.0,0.0,0.0,1.2305523356050235e-06,2.0346726709706755,-0.0014033884158234369,0.0014030086623962794,0.0031476905907149577,0.0
5,0.0,180,forward,3.278795623887035,0.0,0.0,0.0,0.0,0.0,0.0,1.2324490430311227e-06,2.0162422099416775,-0.0013524935005141613,0.001416796717513382,0.0032685962812831204,0.0
5,0.0,181,forward,3.2753788569585724,0.0,0.0,0.0,0.0,0.0,0.0,1.234207215593617e-06,1.9977654042830262,-0.0013008525124807368,0.0014300717714462263,0.003389733031342268,0.0
5,0.0,182,forward,3.2717941477364922,0.0,0.0,0.0,0.0,0.0,0.0,1.2358302282176083e-06,1.9792400439517164,-0.00124848317564244,0.0014428264474617167,0.0035109257157895923,0.0
5,0.0,183,forward,3.268042277886962,0.0,0.0,0.0,0.0,0.0,0.0,1.2373217293818515e-06,1.9606639634290126,-0.001195403576940181,0.001455053547993423,0.003631997770188855,0.0
5,0.0,184,forward,3.2641239764401515,0.0,0.0,0.0,0.0,0.0,0.0,1.2386856375659186e-06,1.9420350447358528,-0.0011416321605358037,0.0014667460582450146,0.003752771460216353,0.0
5,0.0,185,forward,3.260039919032718,0.0,0.0,0.0,0.0,0.0,0.0,1.2399261372355101e-06,1.9233512205435594,-0.0010871877218449416,0.0014778971497348868,0.0038730681553181268,0.0
5,0.0,186,forward,3.2557907272796873,0.0,0.0,0.0,0.0,0.0,0.0,1.2410476743685254e-06,1.9046104773799681,-0.001032089401405305,0.0014885001837802016,0.003992708606184225,0.0
5,0.0,187,forward,3.251376968278778,0.0,0.0,0.0,0.0,0.0,0.0,1.2420549515253886e-06,1.8858108589300608,-0.0009763566785817164,0.00149854871491879,0.004111513225633301,0.0
5,0.0,188,forward,3.2467991542500965,0.0,0.0,0.0,0.0,0.0,0.0,1.2429529224680203e-06,1.8669504694297225,-0.0009200093651103998,0.0015080364942672531,0.004229302372491306,0.0
5,0.0,189,forward,3.2420577423139902,0.0,0.0,0.0,0.0,0.0,0.0,1.2437467863323153e-06,1.8480274771499692,-0.0008630675984838619,0.0015169574728136593,0.004345896638040303,0.0
5,0.0,190,forward,3.237153134409705,0.0,0.0,0.0,0.0,0.0,0.0,1.2444419813600642e-06,1.8290401179683566,-0.0008055518351788583,0.00152530580464327,0.004461117134600179,0.0
5,0.0,191,forward,3.2320856773573285,0.0,0.0,0.0,0.0,0.0,0.0,1.2450441781967656e-06,1.809986699023018,-0.0007474828437291499,0.001533075850095732,0.0045747857858033925,0.0
5,0.0,192,forward,3.2268556630653777,0.0,0.0,0.0,0.0,0.0,0.0,1.2455592727626878e-06,1.7908656024439626,-0.0006888816976456728,0.0015402621788521717,0.004686725618112453,0.0
5,0.0,193,forward,3.2214633288862125,0.0,0.0,0.0,0.0,0.0,0.0,1.2459933787051618e-06,1.771675289154817,-0.0006297697681857882,0.0015468595729507177,0.004796761053122545,0.0
5,0.0,194,forward,3.215908858121315,0.0,0.0,0.0,0.0,0.0,0.0,1.2463528194409007e-06,1.752414302737324,-0.0005701687169743231,0.0015528630297289069,0.004904718200186231,0.0
5,0.0,195,forward,3.2101923806783224,0.0,0.0,0.0,0.0,0.0,0.0,1.2466441197978448e-06,1.7330812733494678,-0.0005101004884785558,0.0015582677646915311,0.005010425148894715,0.0
5,0.0,196,forward,3.2043139738815385,0.0,0.0,0.0,0.0,0.0,0.0,1.2468739972668055e-06,1.7136749216869855,-0.00044958730233983507,0.001563069214302479,0.005113712260941039,0.0
5,0.0,197,forward,3.1982736634375004,0.0,0.0,0.0,0.0,0.0,0.0,1.2470493528737308e-06,1.6941940629764902,-0.0003886516455639533,0.001567263038699118,0.005214412460887052,0.0
5,0.0,198,forward,3.192071424557024,0.0,0.0,0.0,0.0,0.0,0.0,1.2471772616843477e-06,1.6746376109873033,-0.0003273162645731146,0.0015708451243278707,0.005312361525360965,0.0
5,0.0,199,forward,3.1857071832350035,0.0,0.0,0.0,0.0,0.0,0.0,1.247264962953372e-06,1.6550045820476253,-0.00026560415712210966,0.0015738115864995345,0.005407398370196992,0.0
5,0.0,200,forward,3.179180817689084,0.0,0.0,0.0,0.0,0.0,0.0,1.2473198499314032e-06,1.6352940990492741,-0.0002035385640813195,0.001576158771863099,0.005499365335037032,0.0
6,0.0,1,forward,0.2802014603172016,0.0,0.0,0.0,0.0,0.0,0.0,3.718383586853367e-06,0.9036659335953076,0.003373614253097582,0.0021423666567959476,0.23024077988349057,0.0
6,0.0,2,forward,0.498923787141341,0.0,0.0,0.0,0.0,0.0,0.0,3.7300926195170235e-06,0.8817085829350595,0.0034723007299596116,0.0021081156054160535,0.13578906000104563,0.0
6,0.0,3,forward,0.6712874695811538,0.0,0.0,0.0,0.0,0.0,0.0,3.74248295068978e-06,0.8597344506578156,0.0035699896439248713,0.0020728820610286303,0.08165392297906833,0.0
6,0.0,4,forward,0.8084845620131852,0.0,0.0,0.0,0.0,0.0,0.0,3.755566473095931e-06,0.8377473268926134,0.003666637826417515,0.002036676221499907,0.050484337380253194,0.0
6,0.0,5,forward,0.9188390904857441,0.0,0.0,0.0,0.0,0.0,0.0,3.769354166178999e-06,0.8157510358755591,0.0037622023534688858,0.0019995087154289133,0.03248693848868227,0.0
6,0.0,6,forward,1.0085754834085408,0.0,0.0,0.0,0.0,0.0,0.0,3.7838560715531878e-06,0.7937494259682432,0.0038566405639102468,0.0019613905996088443,0.022091173599107214,0.0
6,0.0,7,forward,1.0823758736350575,0.0,0.0,0.0,0.0,0.0,0.0,3.7990812697670937e-06,0.7717463595521401,0.003949910077533037,0.0019223333563065886,0.016103698460384373,0.0
6,0.0,8,forward,1.1437848379532713,0.0,0.0,0.0,0.0,0.0,0.0,3.815037858427104e-06,0.749745702850723,0.004041968813209022,0.001882348890360668,0.012679948747310835,0.0
6,0.0,9,forward,1.1955039372909195,0.0,0.0,0.0,0.0,0.0,0.0,3.831732931727046e-06,0.7277513157317478,0.004132775006963113,0.0018414495260981655,0.010746867126023102,0.0
6,0.0,10,forward,1.2396066488248885,0.0,0.0,0.0,0.0,0.0,0.0,3.849172561427866e-06,0.7057670415423352,0.0042222872299912855,0.0017996480040710294,0.009676357611197478,0.0
6,0.0,11,forward,1.2776957454851885,0.0,0.0,0.0,0.0,0.0,0.0,3.867361779329815e-06,0.6837966970291962,0.004310464406616151,0.0017569574776124636,0.009099066780920248,0.0
6,0.0,12,forward,1.3110190058945281,0.0,0.0,0.0,0.0,0.0,0.0,3.886304561277113e-06,0.6618440623954297,0.004397265832172864,0.0017133915092139142,0.00879729438259183,0.0
6,0.0,13,forward,1.3405546868580234,0.0,0.0,0.0,0.0,0.0,0.0,3.906003812733252e-06,0.6399128715440969,0.004482651190817738,0.0016689640667235594,0.008642879134637155,0.0
6,0.0,14,forward,1.3670749890367278,0.0,0.0,0.0,0.0,0.0,0.0,3.926461355962517e-06,0.6180068025568456,0.0045665805732522215,0.0016236895193669518,0.008560859873886578,0.0
6,0.0,15,forward,1.391193447992979,0.0,0.0,0.0,0.0,0.0,0.0,3.947677918851496e-06,0.5961294684536673,0.004649014494354815,0.0015775826335908216,0.008508035721334933,0.0
6,0.0,16,forward,1.4134005343884224,0.0,0.0,0.0,0.0,0.0,0.0,3.969653125401403e-06,0.5742844082771518,0.0047299139107133655,0.0015306585687309175,0.00846021414561332,0.0
6,0.0,17,forward,1.4340905650342126,0.0,0.0,0.0,0.0,0.0,0.0,3.992385487920124e-06,0.5524750785415495,0.004809240238050427,0.001482932872504974,0.008404569992942063,0.0
6,0.0,18,forward,1.4535821781077567,0.0,0.0,0.0,0.0,0.0,0.0,4.015872400940076e-06,0.5307048450835458,0.004886955368534258,0.001434421476331844,0.008335037596134826,0.0
6,0.0,19,forward,1.4721340159078695,0.0,0.0,0.0,0.0,0.0,0.0,4.0401101368855086e-06,0.5089769753480407,0.0049630216879679384,0.0013851406904780933,0.008249518147959434,0.0
6,0.0,20,forward,1.4899568188960424,0.0,0.0,0.0,0.0,0.0,0.0,4.065093843510301e-06,0.4872946311382254,0.005037402092849434,0.0013351071990331637,0.008148182201645093,0.0
6,0.0,21,forward,1.507222816889121,0.0,0.0,0.0,0.0,0.0,0.0,4.09081754312451e-06,0.46566086185530653,0.005110060007295026,0.0012843380547145815,0.008032437670219938,0.0
6,0.0,22,forward,1.5240730725494465,0.0,0.0,0.0,0.0,0.0,0.0,4.117274133625251e-06,0.4440785982489253,0.00518095939981891,0.0012328506735044891,0.00790430479109605,0.0
6,0.0,23,forward,1.5406232641603024,0.0,0.0,0.0,0.0,0.0,0.0,4.144455391344857e-06,0.422550646695159,0.005250064799961638,0.0011806628291190712,0.00776604119399249,0.0
6,0.0,24,forward,1.5569682715619109,0.0,0.0,0.0,0.0,0.0,0.0,4.17235197572624e-06,0.4010796840146777,0.005317341314760156,0.001127792647312354,0.007619921166307997,0.0
6,0.0,25,forward,1.5731858385658193,0.0,0.0,0.0,0.0,0.0,0.0,4.200953435832471e-06,0.3796682528394813,0.005382754645052016,0.0010742586000160716,0.007468110073440254,0.0
6,0.0,26,forward,1.5893395182339436,0.0,0.0,0.0,0.0,0.0,0.0,4.230248218695162e-06,0.35831875753242587,0.005446271101606917,0.0010200794993171904,0.00731259737082432,0.0
6,0.0,27,forward,1.6054810576987877,0.0,0.0,0.0,0.0,0.0,0.0,4.260223679502588e-06,0.33703346065990125,0.0055078576210779795,0.0009652744912749899,0.007155165459703627,0.0
6,0.0,28,forward,1.621652342103356,0.0,0.0,0.0,0.0,0.0,0.0,4.290866093626294e-06,0.31581448001407453,0.005567481781766027,0.0009098630495794113,0.006997380190032376,0.0
6,0.0,29,forward,1.6378869894203865,0.0,0.0,0.0,0.0,0.0,0.0,4.3221606704814e-06,0.2946637861776296,0.00562511181918958,0.0008538649690526492,0.006840594140589684,0.0
6,0.0,30,forward,1.6542116669509856,0.0,0.0,0.0,0.0,0.0,0.0,4.354091569213065e-06,0.27358320062054803,0.00568071664145356,0.0007973003589959736,0.0066859571420623265,0.0
6,0.0,31,forward,1.670647184437259,0.0,0.0,0.0,0.0,0.0,0.0,4.3866419161985425e-06,0.2525743943153833,0.005734265844409747,0.0007401896363838004,0.006534430606299657,0.0
6,0.0,32,forward,1.6872094066583998,0.0,0.0,0.0,0.0,0.0,0.0,4.419793824351577e-06,0.23163888685469067,0.005785729726602303,0.000682553518907116,0.006386803547327458,0.0
6,0.0,33,forward,1.7039100191622132,0.0,0.0,0.0,0.0,0.0,0.0,4.453528414211881e-06,0.2107780460518342,0.005835079303991,0.0006244130178684879,0.006243709014165044,0.0
6,0.0,34,forward,1.7207571737094611,0.0,0.0,0.0,0.0,0.0,0.0,4.487825836800843e-06,0.18999308800414705,0.0058822863244458535,0.0005657894309308984,0.006105640181409244,0.0
6,0.0,35,forward,1.7377560345530496,0.0,0.0,0.0,0.0,0.0,0.0,4.522665298220647e-06,0.1692850775955919,0.0059273232820062855,0.0005067043347226978,0.005972965673642527,0.0
6,0.0,36,forward,1.7549092424471002,0.0,0.0,0.0,0.0,0.0,0.0,4.5580250859709205e-06,0.14865492941453734,0.005970163430897902,0.0004471795773011104,0.005845943905320894,0.0
6,0.0,37,forward,1.772217309989491,0.0,0.0,0.0,0.0,0.0,0.0,4.593882596955137e-06,0.12810340906097967,0.0060107807993008,0.00038723727047670827,0.00572473634417392,0.0
6,0.0,38,forward,1.78967895932524,0.0,0.0,0.0,0.0,0.0,0.0,4.630214367144383e-06,0.10763113481666198,0.006049150202862259,0.0003268997820014119,0.00560941968223394,0.0
6,0.0,39,forward,1.8072914112107648,0.0,0.0,0.0,0.0,0.0,0.0,4.666996102865101e-06,0.08723857965083771,0.006085247257948034,0.00026618972762257857,0.005499996942865126,0.0
6,0.0,40,forward,1.8250506328345806,0.0,0.0,0.0,0.0,0.0,0.0,4.704202713672771e-06,0.06692607353409397,0.00611904839462537,0.0002051299630058323,0.005396407576447493,0.0
6,0.0,41,forward,1.8429515505125866,0.0,0.0,0.0,0.0,0.0,0.0,4.741808346771666e-06,0.04669380603252045,0.0061505308693716116,0.00014374357552937461,0.005298536609261162,0.0
6,0.0,42,forward,1.8609882323526963,0.0,0.0,0.0,0.0,0.0,0.0,4.7797864229382165e-06,0.026541829154609557,0.006179672777502519,8.205387595249535e-05,0.005206222914465597,0.0
6,0.0,43,forward,1.8791540451582864,0.0,0.0,0.0,0.0,0.0,0.0,4.818109673901412e-06,0.00647006042366751,0.0062064530653135755,2.0084389961204464e-05,0.005119266673956013,0.0
6,0.0,44,forward,1.897441789169948,0.0,0.0,0.0,0.0,0.0,0.0,4.856750181132795e-06,-0.013521713851015457,0.006230851541928901,-4.214115040620257e-05,0.005037436097258652,0.0
6,0.0,45,forward,1.9158438136972802,0.0,0.0,0.0,0.0,0.0,0.0,4.895679415994371e-06,-0.03343383513021669,0.006252848890851413,-0.00010459881545062372,0.004960473459710069,0.0
6,0.0,46,forward,1.9343521162415502,0.0,0.0,0.0,0.0,0.0,0.0,4.934868281191048e-06,-0.05326676905320893,0.006272426681208567,-0.0001672644866176907,0.004888100517696947,0.0
6,0.0,47,forward,1.9529584273362022,0.0,0.0,0.0,0.0,0.0,0.0,4.9742871534715604e-06,-0.07302110172270565,0.006289567378688029,-0.0002301138654142866,0.0048200233541614845,0.0
6,0.0,48,forward,1.9716542830201151,0.0,0.0,0.0,0.0,0.0,0.0,5.01390592751894e-06,-0.09269753588936042,0.006304254356157419,-0.00029312248243289755,0.004755936703144503,0.0
6,0.0,49,forward,1.9904310865962327,0.0,0.0,0.0,0.0,0.0,0.0,5.053694060969877e-06,-0.11229688705767049,0.00631647190396284,-0.0003562657064806382,0.0046955277979899845,0.0
6,0.0,50,forward,2.009280161106339,0.0,0.0,0.0,0.0,0.0,0.0,5.093620620499639e-06,-0.13182007953384828,0.0063262052399007335,-0.00041951875380967664,0.0046384797840214875,0.0
6,0.0,51,forward,2.0281927937639574,0.0,0.0,0.0,0.0,0.0,0.0,5.133654328906726e-06,-0.15126814243492695,0.006333440518857565,-0.0004828566974457893,0.004584474733036414,0.0
6,0.0,52,forward,2.0471602734258094,0.0,0.0,0.0,0.0,0.0,0.0,5.173763613130063e-06,-0.1706422056769893,0.0063381648421124365,-0.0005462544766116811,0.004533196293844688,0.0
6,0.0,53,forward,2.06617392204328,0.0,0.0,0.0,0.0,0.0,0.0,5.2139166531284774e-06,-0.18994349595905138,0.006340366266297173,-0.0006096869062416794,0.004484332010270209,0.0
6,0.0,54,forward,2.085225120915278,0.0,0.0,0.0,0.0,0.0,0.0,5.254081431551701e-06,-0.2091733327577249,0.006340033812009483,-0.0006731286865843479,0.004437575335518362,0.0
6,0.0,55,forward,2.104305332459677,0.0,0.0,0.0,0.0,0.0,0.0,5.294225784128316e-06,-0.22833312434643674,0.006337157472073648,-0.0007365544128895234,0.0043926273695436,0.0
6,0.0,56,forward,2.1234061181298056,0.0,0.0,0.0,0.0,0.0,0.0,5.334317450696427e-06,-0.24742436385158817,0.006331728219444646,-0.0007999385851762245,0.00434919834400932,0.0
6,0.0,57,forward,2.1425191530232484,0.0,0.0,0.0,0.0,0.0,0.0,5.374324126799384e-06,-0.26644862535673675,0.006323738014750607,-0.0008632556180778462,0.004307008877585283,0.0
6,0.0,58,forward,2.1616362376608436,0.0,0.0,0.0,0.0,0.0,0.0,5.414213515768962e-06,-0.2854075600645492,0.006313179813469614,-0.0009264798507609969,0.004265791022642129,0.0
6,0.0,59,forward,2.1807493073529325,0.0,0.0,0.0,0.0,0.0,0.0,5.45395338121558e-06,-0.304302892525045,0.006300047572736119,-0.000989585556914289,0.004225289122867848,0.0
6,0.0,60,forward,2.199850439516448,0.0,0.0,0.0,0.0,0.0,0.0,5.493511599844607e-06,-0.323136416937431,0.00628433625777284,-0.001052546954803369,0.004185260499920795,0.0
6,0.0,61,forward,2.218931859259421,0.0,0.0,0.0,0.0,0.0,0.0,5.532856214516895e-06,-0.34190999353165036,0.006266041847944327,-0.0011153382173884117,0.0041454759859256285,0.0
6,0.0,62,forward,2.2379859435080647,0.0,0.0,0.0,0.0,0.0,0.0,5.571955487469543e-06,-0.36062554503470184,0.006245161342427808,-0.0011779334825002734,0.004105720317413519,0.0
6,0.0,63,forward,2.2570052239151708,0.0,0.0,0.0,0.0,0.0,0.0,5.610777953613307e-06,-0.37928505322569966,0.006221692765497938,-0.0012403068630714583,0.004065792405174851,0.0
6,0.0,64,forward,2.2759823887564195,0.0,0.0,0.0,0.0,0.0,0.0,5.6492924738212615e-06,-0.39789055558268527,0.0061956351714215355,-0.0013024324574180178,0.004025505493444492,0.0
6,0.0,65,forward,2.2949102839929534,0.0,0.0,0.0,0.0,0.0,0.0,5.687468288122997e-06,-0.4164441420232598,0.00616698864895883,-0.001364284359568438,0.003984687220839334,0.0
6,0.0,66,forward,2.3137819136536724,0.0,0.0,0.0,0.0,0.0,0.0,5.725275068718293e-06,-0.43494795174025674,0.006135754325467869,-0.0014258366696356238,0.0039431795945418235,0.0
6,0.0,67,forward,2.332590439668829,0.0,0.0,0.0,0.0,0.0,0.0,5.7626829727234826e-06,-0.4534041701328321,0.006101934370608853,-0.0014870635042279064,0.0039008388883363665,0.0
6,0.0,68,forward,2.351329181267296,0.0,0.0,0.0,0.0,0.0,0.0,5.79966269456371e-06,-0.4718150258326418,0.006065531999645311,-0.0015479390068951374,0.0038575354742721446,0.0
6,0.0,69,forward,2.369991614033006,0.0,0.0,0.0,0.0,0.0,0.0,5.836185517923919e-06,-0.490182787824044,0.006026551476339148,-0.0016084373586057424,0.003813153596939678,0.0
6,0.0,70,forward,2.3885713687012897,0.0,0.0,0.0,0.0,0.0,0.0,5.872223367171595e-06,-0.5085097626566751,0.00598499811543675,-0.0016685327882507578,0.0037675910985938144,0.0
6,0.0,71,forward,2.407062229762955,0.0,0.0,0.0,0.0,0.0,0.0,5.9077488581645075e-06,-0.5267982917480867,0.005940878284743671,-0.0017281995831706159,0.0037207591026539033,0.0
6,0.0,72,forward,2.425458133932655,0.0,0.0,0.0,0.0,0.0,0.0,5.942735348356642e-06,-0.5450507487736896,0.005894199406785199,-0.0017874120997006685,0.0036725816624340046,0.0
6,0.0,73,forward,2.4437531685283167,0.0,0.0,0.0,0.0,0.0,0.0,5.977156986116393e-06,-0.5632695371406904,0.005844969960050663,-0.0018461447737312192,0.003622995381324934,0.0
6,0.0,74,forward,2.4619415697998885,0.0,0.0,0.0,0.0,0.0,0.0,6.010988759171397e-06,-0.5814570875423049,0.0057931994798192535,-0.001904372131277938,0.0035719490100492024,0.0
6,0.0,75,forward,2.4800177212383065,0.0,0.0,0.0,0.0,0.0,0.0,6.044206542094897e-06,-0.5996158555881216,0.005738898558565243,-0.001962068799058392,0.003519403026038981,0.0
6,0.0,76,forward,2.4979761518892403,0.0,0.0,0.0,0.0,0.0,0.0,6.0767871427501656e-06,-0.6177483195061375,0.00568207884594102,-0.0020192095150705675,0.0034653291994604096,0.0
6,0.0,77,forward,2.5158115346907404,0.0,0.0,0.0,0.0,0.0,0.0,6.108708347609299e-06,-0.6358569779116741,0.005622753048335879,-0.0020757691391690603,0.0034097101499011018,0.0
6,0.0,78,forward,2.533518684849249,0.0,0.0,0.0,0.0,0.0,0.0,6.139948965865278e-06,-0.6539443476380769,0.005560934928009472,-0.002131722663634749,0.003352538897269941,0.0
6,0.0,79,forward,2.5510925582644854,0.0,0.0,0.0,0.0,0.0,0.0,6.170488872256262e-06,-0.6720129616238797,0.005496639301798314,-0.0021870452237336504,0.0032938184100211876,0.0
6,0.0,80,forward,2.5685282500103885,0.0,0.0,0.0,0.0,0.0,0.0,6.200309048522747e-06,-0.6900653668509054,0.005429882039393944,-0.002241712108260687,0.0032335611534044517,0.0
6,0.0,81,forward,2.585820992876464,0.0,0.0,0.0,0.0,0.0,0.0,6.229391623420943e-06,-0.7081041223275065,0.005360680061192427,-0.002295698770064083,0.0031717886400634554,0.0
6,0.0,82,forward,2.6029661559716004,0.0,0.0,0.0,0.0,0.0,0.0,6.257719911215222e-06,-0.7261317971111357,0.005289051335713364,-0.0023489808365461007,0.0031085309849575027,0.0
6,0.0,83,forward,2.619959243390451,0.0,0.0,0.0,0.0,0.0,0.0,6.285278448576815e-06,-0.7441509683641089,0.00521501487658873,-0.00240153412013577,0.003043826466258448,0.0
6,0.0,84,forward,2.636795892940944,0.0,0.0,0.0,0.0,0.0,0.0,6.3120530298156375e-06,-0.7621642194365114,0.0051385907391201325,-0.002453334628729355,0.002977721093576413,0.0
6,0.0,85,forward,2.653471874930225,0.0,0.0,0.0,0.0,0.0,0.0,6.338030740376105e-06,-0.7801741379699341,0.005059800016404847,-0.0025043585760942074,0.002910268184604603,0.0
6,0.0,86,forward,2.6699830910053426,0.0,0.0,0.0,0.0,0.0,0.0,6.363199988528496e-06,-0.79818331401578,0.004978664835029963,-0.0025545823922316657,0.0028415279510268787,0.0
6,0.0,87,forward,2.6863255730442464,0.0,0.0,0.0,0.0,0.0,0.0,6.387550535191109e-06,-0.81619433816178,0.0048952083503349545,-0.0026039827336947854,0.0027715670943109227,0.0
6,0.0,88,forward,2.702495482092091,0.0,0.0,0.0,0.0,0.0,0.0,6.41107352181966e-06,-0.8342097996603237,0.004809454741242663,-0.0026525364938563994,0.002700458411819595,0.0
6,0.0,89,forward,2.718489107337474,0.0,0.0,0.0,0.0,0.0,0.0,6.43376149630426e-06,-0.8522322845522534,0.004721429204659165,-0.0027002208131234125,0.0026282804134925564,0.0
6,0.0,90,forward,2.73430286512296,0.0,0.0,0.0,0.0,0.0,0.0,6.455608436815628e-06,-0.8702643737797254,0.004631157949442876,-0.0027470130890927817,0.002555116949201963,0.0
6,0.0,91,forward,2.749933297984132,0.0,0.0,0.0,0.0,0.0,0.0,6.476609773546685e-06,-0.8883086412818282,0.004538668189943825,-0.002792890986645135,0.002481056846752927,0.0
6,0.0,92,forward,2.76537707371138,0.0,0.0,0.0,0.0,0.0,0.0,6.496762408296921e-06,-0.9063676520666504,0.0044439881391138076,-0.0028378324479714817,0.0024061935603821305,0.0
6,0.0,93,forward,2.7806309844286647,0.0,0.0,0.0,0.0,0.0,0.0,6.516064731851013e-06,-0.9244439602536341,0.004347147001188393,-0.0028818157025288734,0.002330624829516459,0.0
6,0.0,94,forward,2.7956919456836458,0.0,0.0,0.0,0.0,0.0,0.0,6.534516639106403e-06,-0.9425401070800926,0.004248174963942174,-0.0029248192769207562,0.002254452347469127,0.0
6,0.0,95,forward,2.8105569955436938,0.0,0.0,0.0,0.0,0.0,0.0,6.552119541907132e-06,-0.9606586188658883,0.004147103190518705,-0.002966822004697629,0.002177781439688442,0.0
6,0.0,96,forward,2.825223293692549,0.0,0.0,0.0,0.0,0.0,0.0,6.568876379544852e-06,-0.9788020049304859,0.0040439638108364,-0.0030078030360738456,0.0021007207511242465,0.0
6,0.0,97,forward,2.839688120522596,0.0,0.0,0.0,0.0,0.0,0.0,6.58479162689179e-06,-0.9969727554566882,0.00393878991257244,-0.0030477418475563342,0.002023381942236696,0.0
6,0.0,98,forward,2.8539488762180207,0.0,0.0,0.0,0.0,0.0,0.0,6.599871300133432e-06,-1.0151733392956102,0.003831615531726476,-0.003086618251481013,0.0019458793931490526,0.0
6,0.0,99,forward,2.868003079824359,0.0,0.0,0.0,0.0,0.0,0.0,6.614122960072122e-06,-1.0334062017076429,0.0037224756427662532,-0.0031244124054525817,0.0018683299154294009,0.0
6,0.0,100,forward,2.8818483683002714,0.0,0.0,0.0,0.0,0.0,0.0,6.627555712977723e-06,-1.0516737620344758,0.003611406148357529,-0.003161104821683799,0.0017908524709819296,0.0
6,0.0,101,forward,2.895482495547619,0.0,0.0,0.0,0.0,0.0,0.0,6.640180208963061e-06,-1.06997841129749,0.0034984438686804582,-0.0031966763762297655,0.0017135678975295776,0.0
6,0.0,102,forward,2.9089033314162696,0.0,0.0,0.0,0.0,0.0,0.0,6.65200863786823e-06,-1.0883225097181881,0.0033836265303355197,-0.0032311083181133867,0.001636598640183673,0.0
6,0.0,103,forward,2.922108860680293,0.0,0.0,0.0,0.0,0.0,0.0,6.663054722638998e-06,-1.106708384156708,0.003266992754841325,-0.00326438227833761,0.001560068488610622,0.0
6,0.0,104,forward,2.9350971819825147,0.0,0.0,0.0,0.0,0.0,0.0,6.673333710191524e-06,-1.1251383254648961,0.0031485820467276157,-0.003296480278780788,0.0014841023193310487,0.0
6,0.0,105,forward,2.947866506744676,0.0,0.0,0.0,0.0,0.0,0.0,6.682862359756191e-06,-1.1436145857507976,0.0030284347812265283,-0.0033273847409706248,0.0014088258427140676,0.0
6,0.0,106,forward,2.9604151580406866,0.0,0.0,0.0,0.0,0.0,0.0,6.6916589287004114e-06,-1.1621393755520695,0.0029065921915652636,-0.003357078494733157,0.0013343653542613743,0.0
6,0.0,107,forward,2.972741569430729,0.0,0.0,0.0,0.0,0.0,0.0,6.699743155832371e-06,-1.1807148609162064,0.002783096355864046,-0.0033855447867125192,0.0012608474898125333,0.0
6,0.0,108,forward,2.984844283754206,0.0,0.0,0.0,0.0,0.0,0.0,6.7071362421922855e-06,-1.1993431603862414,0.0026579901836425485,-0.003412767288757654,0.001188398984339395,0.0
6,0.0,109,forward,2.996721951879747,0.0,0.0,0.0,0.0,0.0,0.0,6.7138608293423185e-06,-1.2180263418910982,0.0025313174019391646,-0.0034387301061720864,0.0011171464340390125,0.0
6,0.0,110,forward,3.008373331410711,0.0,0.0,0.0,0.0,0.0,0.0,6.719940975169636e-06,-1.2367664195406065,0.0024031225410467397,-0.003463417785822869,0.0010472160614754394,0.0
6,0.0,111,forward,3.0197972853448167,0.0,0.0,0.0,0.0,0.0,0.0,6.725402127221664e-06,-1.2555653503259068,0.0022734509198690214,-0.0034868153241049108,0.0009787334835631434,0.0
6,0.0,112,forward,3.0309927806867307,0.0,0.0,0.0,0.0,0.0,0.0,6.730271093596688e-06,-1.2744250307267837,0.002142348630902437,-0.0035089081747568846,0.0009118234822266952,0.0
6,0.0,113,forward,3.0419588870126155,0.0,0.0,0.0,0.0,0.0,0.0,6.734576011416904e-06,-1.2933472932284342,0.0020098625248473755,-0.003529682256525023,0.0008466097776149428,0.0
6,0.0,114,forward,3.0526947749858064,0.0,0.0,0.0,0.0,0.0,0.0,6.738346312915247e-06,-1.3123339027510572,0.0018760401948538857,-0.003549123960671093,0.0007832148037882208,0.0
6,0.0,115,forward,3.0631997148229484,0.0,0.0,0.0,0.0,0.0,0.0,6.74161268917136e-06,-1.331386552996703,0.0017409299604065692,-0.0035672201583209257,0.0007217594868391269,0.0
6,0.0,116,forward,3.073473074710059,0.0,0.0,0.0,0.0,0.0,0.0,6.744407051536152e-06,-1.3505068627188792,0.0016045808508537015,-0.0035839582076499133,0.0006623630254458113,0.0
6,0.0,117,forward,3.0835143191681387,0.0,0.0,0.0,0.0,0.0,0.0,6.746762490788407e-06,-1.369696371921542,0.0014670425885857567,-0.0035993259609019388,0.0006051426738951926,0.0
6,0.0,118,forward,3.0933230073680553,0.0,0.0,0.0,0.0,0.0,0.0,6.7487132340708355e-06,-1.3889565379952777,0.0013283655718686809,-0.003613311771238238,0.000550213527649876,0.0
6,0.0,119,forward,3.1028987913945723,0.0,0.0,0.0,0.0,0.0,0.0,6.750294599657338e-06,-1.4082887317997257,0.0011886008573373799,-0.003625904499412865,0.0004976883115649644,0.0
6,0.0,120,forward,3.1122414144594863,0.0,0.0,0.0,0.0,0.0,0.0,6.751542949606052e-06,-1.4276942337025273,0.0010478001421552372,-0.0036370935202711748,0.00044767717089511105,0.0
6,0.0,121,forward,3.121350709063977,0.0,0.0,0.0,0.0,0.0,0.0,6.752495640358305e-06,-1.4471742295864836,0.0009060157458451943,-0.0036468687290683002,0.0004002874652593996,0.0
6,0.0,122,forward,3.1302265951103267,0.0,0.0,0.0,0.0,0.0,0.0,6.753190971345479e-06,-1.4667298068378452,0.0007633005917986863,-0.003655220547604088,0.00035562356576002846,0.0
6,0.0,123,forward,3.1388690779633333,0.0,0.0,0.0,0.0,0.0,0.0,6.7536681316711185e-06,-1.4863619503301209,0.0006197081884683106,-0.003662139930171508,0.00031378665547485834,0.0
6,0.0,124,forward,3.1472782464617666,0.0,0.0,0.0,0.0,0.0,0.0,6.753967144938025e-06,-1.5060715384191168,0.00047529261025062655,-0.0036676183693152534,0.00027487453356548133,0.0
6,0.0,125,forward,3.155454270880372,0.0,0.0,0.0,0.0,0.0,0.0,6.7541288122946685e-06,-1.5258593389663166,0.00033010847806550907,-0.00367164790139761,0.00023898142326240351,0.0
6,0.0,126,forward,3.1633974008429777,0.0,0.0,0.0,0.0,0.0,0.0,6.7541946537776995e-06,-1.5457260054090876,0.00018421093963859762,-0.003674221111968454,0.0002061977840051056,0.0
6,0.0,127,forward,3.1711079631873655,0.0,0.0,0.0,0.0,0.0,0.0,6.754206848031278e-06,-1.5656720728975397,3.7655649493531167e-05,-0.0036753311409364786,0.0001766101280292632,0.0
6,0.0,128,forward,3.1785863597826607,0.0,0.0,0.0,0.0,0.0,0.0,6.7542081704875855e-06,-1.5856979545191503,-0.00010950125133905952,-0.003674971687538897,0.00015030084170484202,0.0
6,0.0,129,forward,3.185833065300077,0.0,0.0,0.0,0.0,0.0,0.0,6.754241930094672e-06,-1.6058039376335274,-0.0002572031558889304,-0.003673137015106604,0.0001273480119379205,0.0
6,0.0,130,forward,3.192848624937937,0.0,0.0,0.0,0.0,0.0,0.0,6.754351904682599e-06,-1.625990180340829,-0.0004053930120827233,-0.0036698219556223007,0.000107825257955824,0.0
6,0.0,131,forward,3.1996336521020012,0.0,0.0,0.0,0.0,0.0,0.0,6.754582275060085e-06,-1.6462567081084296,-0.0005540133438423975,-0.0036650219140687214,9.18015687994319e-05,0.0
6,0.0,132,forward,3.206188826042201,0.0,0.0,0.0,0.0,0.0,0.0,6.754977557937877e-06,-1.6666034105813523,-0.0007030062724380899,-0.0036587328725645155,7.934114684870347e-05,0.0
6,0.0,133,forward,3.212514889446985,0.0,0.0,0.0,0.0,0.0,0.0,6.7555825377771026e-06,-1.687030038602805,-0.0008523135380879358,-0.0036509513942852225,7.050325770722695e-05,0.0
6,0.0,134,forward,3.218612645996572,0.0,0.0,0.0,0.0,0.0,0.0,6.7564421976636815e-06,-1.7075362014717852,-0.0010018765217971396,-0.003641674627166962,6.534208676963583e-05,0.0
6,0.0,135,forward,3.2244829578765004,0.0,0.0,0.0,0.0,0.0,0.0,6.757601649311578e-06,-1.7281213644651774,-0.0011516362674284899,-0.0036309003073903387,6.390660279149366e-05,0.0
6,0.0,136,forward,3.230126743252964,0.0,0.0,0.0,0.0,0.0,0.0,6.75910606230111e-06,-1.748784846652021,-0.0013015335039964168,-0.0036186267626424702,6.624042877542573e-05,0.0
6,0.0,137,forward,3.2355449737115256,0.0,0.0,0.0,0.0,0.0,0.0,6.761000592659402e-06,-1.7695258190276388,-0.0014515086681765258,-0.003604852915154812,7.238172047957915e-05,0.0
6,0.0,138,forward,3.2407386716608895,0.0,0.0,0.0,0.0,0.0,0.0,6.763330310892847e-06,-1.7903433029951057,-0.0016015019270224594,-0.003589578284514745,8.236305284527179e-05,0.0
6,0.0,139,forward,3.245708907703536,0.0,0.0,0.0,0.0,0.0,0.0,6.7661401295825085e-06,-1.811236169221038,-0.001751453200881788,-0.0035728029902488104,9.621131462998105e-05,0.0
6,0.0,140,forward,3.2504567979751084,0.0,0.0,0.0,0.0,0.0,0.0,6.769474730655768e-06,-1.8322031368919176,-0.001901302186502552,-0.0035545277541757484,0.00011394761151972254,0.0
6,0.0,141,forward,3.254983501454562,0.0,0.0,0.0,0.0,0.0,0.0,6.7733784924479726e-06,-1.853242773396109,-0.00205098838032195,-0.003534753902527336,0.00013558717798158038,0.0
6,0.0,142,forward,3.259290217247189,0.0,0.0,0.0,0.0,0.0,0.0,6.777895416670316e-06,-1.8743534944553364,-0.0022004511019285485,-0.0035134833678354235,0.00016113929810271203,0.0
6,0.0,143,forward,3.2633781818427434,0.0,0.0,0.0,0.0,0.0,0.0,6.7830690553996805e-06,-1.8955335647277414,-0.002349629517689309,-0.00349071869058323,0.0001906072356466712,0.0
6,0.0,144,forward,3.267248666351,0.0,0.0,0.0,0.0,0.0,0.0,6.78894243820927e-06,-1.9167810989025973,-0.0024984626645326463,-0.003466463020619655,0.00022398817354165462,0.0
6,0.0,145,forward,3.2709029737172006,0.0,0.0,0.0,0.0,0.0,0.0,6.7955579995566535e-06,-1.9380940633044976,-0.0026468894738785127,-0.003440720118334632,0.00026127316299800335,0.0
6,0.0,146,forward,3.274342435919947,0.0,0.0,0.0,0.0,0.0,0.0,6.802957506549609e-06,-1.9594702780221658,-0.0027948487957066286,-0.0034134943555945503,0.0003024470824347057,0.0
6,0.0,147,forward,3.2775684111542094,0.0,0.0,0.0,0.0,0.0,0.0,6.8111819872076265e-06,-1.9809074195741612,-0.0029422794227536475,-0.0033847907164360484,0.0003474886063760188,0.0
6,0.0,148,forward,3.2805822810022516,0.0,0.0,0.0,0.0,0.0,0.0,6.8202716593390685e-06,-2.0024030241205315,-0.0030891201148301466,-0.003354614797517135,0.0003963701844607176,0.0
6,0.0,149,forward,3.2833854475953643,0.0,0.0,0.0,0.0,0.0,0.0,6.830265860153351e-06,-2.0239544912260006,-0.0032353096232481155,-0.0033229728083245228,0.0004490580306870662,0.0
6,0.0,150,forward,3.2859793307694205,0.0,0.0,0.0,0.0,0.0,0.0,6.841202976726248e-06,-2.045559088176637,-0.0033807867153495823,-0.0032898715711358506,0.0005055121229970427,0.0
6,0.0,151,forward,3.2883653652173828,0.0,0.0,0.0,0.0,0.0,0.0,6.853120377438198e-06,-2.067213954848017,-0.0035254901991270686,-0.00325531852073617,0.0005656862132838517,0.0
6,0.0,152,forward,3.290544997641994,0.0,0.0,0.0,0.0,0.0,0.0,6.866054344502566e-06,-2.088916109118875,-0.0036693589479261835,-0.003219321703887557,0.0006295278478861965,0.0
6,0.0,153,forward,3.292519683911987,0.0,0.0,0.0,0.0,0.0,0.0,6.880040007701623e-06,-2.1106624528200566,-0.0038123319252208643,-0.0031818897785512276,0.0006969783986138095,0.0
6,0.0,154,forward,3.294290886225268,0.0,0.0,0.0,0.0,0.0,0.0,6.895111279446385e-06,-2.1324497782043808,-0.003954348209451714,-0.003143032012861435,0.0007679731043274407,0.0
6,0.0,155,forward,3.2958600702826097,0.0,0.0,0.0,0.0,0.0,0.0,6.911300791275028e-06,-2.1542747749187234,-0.004095347018917548,-0.0031027582838505274,0.0008424411230779361,0.0
6,0.0,156,forward,3.2972287024755067,0.0,0.0,0.0,0.0,0.0,0.0,6.928639831903773e-06,-2.176134037455433,-0.0042352677367104895,-0.003061079075924744,0.0009203055947879651,0.0
6,0.0,157,forward,3.2983982470919258,0.0,0.0,0.0,0.0,0.0,0.0,6.947158286942093e-06,-2.198024073056042,-0.0043740499356847784,-0.0030180054790903,0.0010014837144410177,0.0
6,0.0,158,forward,3.299370163543782,0.0,0.0,0.0,0.0,0.0,0.0,6.966884580382797e-06,-2.21994131003622,-0.004511633403449439,-0.0029735491869295823,0.001085886815722803,0.0
6,0.0,159,forward,3.300145903620048,0.0,0.0,0.0,0.0,0.0,0.0,6.987845617974751e-06,-2.241882106497131,-0.004647958167374723,-0.0029277224943271324,0.0011734204650404312,0.0
6,0.0,160,forward,3.3007269087694846,0.0,0.0,0.0,0.0,0.0,0.0,7.01006673258464e-06,-2.263842759384812,-0.004782964519602654,-0.0028805382949453205,0.0012639845658263815,0.0
6,0.0,161,forward,3.301114607417069,0.0,0.0,0.0,0.0,0.0,0.0,7.033571631651902e-06,-2.285819513855846,-0.004916593042051291,-0.002832010078449979,0.001357473473015569,0.0
6,0.0,162,forward,3.3013104123182266,0.0,0.0,0.0,0.0,0.0,0.0,7.058382346837479e-06,-2.307808572904852,-0.0050487846314030355,-0.0027821519274857554,0.0014537761175649477,0.0
6,0.0,163,forward,3.301315717955074,0.0,0.0,0.0,0.0,0.0,0.0,7.084519185965043e-06,-2.3298061072066516,-0.005179480524066548,-0.0027309785144015793,0.0015527761408683782,0.0
6,0.0,164,forward,3.3011318979789035,0.0,0.0,0.0,0.0,0.0,0.0,7.112000687350761e-06,-2.35180826512398,-0.005308622321102422,-0.002678505097726589,0.0016543520389009636,0.0
6,0.0,165,forward,3.3007603027032015,0.0,0.0,0.0,0.0,0.0,0.0,7.1408435766137745e-06,-2.373811182829956,-0.005436152013102343,-0.0026247475183968677,0.0017583773159102478,0.0
6,0.0,166,forward,3.3002022566515135,0.0,0.0,0.0,0.0,0.0,0.0,7.1710627260566686e-06,-2.3958109944934307,-0.0055620120050115665,-0.0025697221957334715,0.0018647206474556033,0.0
6,0.0,167,forward,3.299459056164513,0.0,0.0,0.0,0.0,0.0,0.0,7.202671116702145e-06,-2.417803842474685,-0.005686145140884656,-0.00251344612317243,0.001973246052580868,0.0
6,0.0,168,forward,3.2985319670706423,0.0,0.0,0.0,0.0,0.0,0.0,7.235679803068014e-06,-2.43978588747883,-0.005808494728564048,-0.0024559368637474756,0.0020838130748879746,0.0
6,0.0,169,forward,3.2974222224247067,0.0,0.0,0.0,0.0,0.0,0.0,7.270097880759065e-06,-2.4617533186147758,-0.005929004564271576,-0.0023972125453261416,0.0021962769722677633,0.0
6,0.0,170,forward,3.2961310203188,0.0,0.0,0.0,0.0,0.0,0.0,7.305932456950744e-06,-2.483702363308394,-0.006047618957102361,-0.002337291855600447,0.0023104889150251107,0.0
6,0.0,171,forward,3.2946595217699453,0.0,0.0,0.0,0.0,0.0,0.0,7.343188623835018e-06,-2.5056292970201235,-0.006164282753411216,-0.0022761940368328866,0.002426296192124533,0.0
6,0.0,172,forward,3.293008848688798,0.0,0.0,0.0,0.0,0.0,0.0,7.381869435094804e-06,-2.5275304527190117,-0.006278941361081051,-0.0022139388803590104,0.0025435424252680527,0.0
6,0.0,173,forward,3.291180081933756,0.0,0.0,0.0,0.0,0.0,0.0,7.421975885469639e-06,-2.549402230067579,-0.0063915407736632535,-0.0021505467208479422,0.0026620677905018764,0.0
6,0.0,174,forward,3.2891742594547555,0.0,0.0,0.0,0.0,0.0,0.0,7.4635068934695435e-06,-2.5712411042747365,-0.006502027594379908,-0.002086038430321843,0.0027817092470389104,0.0
6,0.0,175,forward,3.286992374531018,0.0,0.0,0.0,0.0,0.0,0.0,7.506459287290382e-06,-2.5930436345769405,-0.006610349059977352,-0.0020204354119360735,0.0029023007729703787,0.0
6,0.0,176,forward,3.284635374106931,0.0,0.0,0.0,0.0,0.0,0.0,7.550827793979399e-06,-2.6148064723113777,-0.006716453064421404,-0.0019537595935214193,0.0030236736075266446,0.0
6,0.0,177,forward,3.282104157230198,0.0,0.0,0.0,0.0,0.0,0.0,7.596605031893823e-06,-2.6365263685485743,-0.006820288182423633,-0.001886033420890077,0.003145656499539906,0.0
6,0.0,178,forward,3.2793995735963075,0.0,0.0,0.0,0.0,0.0,0.0,7.643781506491334e-06,-2.6582001812558174,-0.0069218036927888174,-0.0018172798509071017,0.0032680759617468857,0.0
6,0.0,179,forward,3.276522422203291,0.0,0.0,0.0,0.0,0.0,0.0,7.692345609486248e-06,-2.6798248819668555,-0.007020949601573617,-0.0017475223443291935,0.0033907565305630882,0.0
6,0.0,180,forward,3.2734734501206533,0.0,0.0,0.0,0.0,0.0,0.0,7.742283621399124e-06,-2.7013975619375117,-0.007117676665046085,-0.0016767848584127584,0.0035135210309467646,0.0
6,0.0,181,forward,3.2702533513762413,0.0,0.0,0.0,0.0,0.0,0.0,7.793579717523517e-06,-2.7229154377711637,-0.007211936412436373,-0.001605091839293251,0.00363619084596567,0.0
6,0.0,182,forward,3.266862765964729,0.0,0.0,0.0,0.0,0.0,0.0,7.846215977327144e-06,-2.7443758565022205,-0.007303681168468316,-0.0015324682141379666,0.0037585861906688778,0.0
6,0.0,183,forward,3.263302278981249,0.0,0.0,0.0,0.0,0.0,0.0,7.90017239730069e-06,-2.7657763001299753,-0.007392864075662407,-0.0014589393830745595,0.003880526389856087,0.0
6,0.0,184,forward,3.2595724198836122,0.0,0.0,0.0,0.0,0.0,0.0,7.955426907260198e-06,-2.787114389599299,-0.007479439116399784,-0.0013845312108975232,0.0040018301593364725,0.0
6,0.0,185,forward,3.255673661886383,0.0,0.0,0.0,0.0,0.0,0.0,8.011955390105802e-06,-2.808387888228575,-0.007563361134738025,-0.0013092700185551797,0.004122315890251249,0.0
6,0.0,186,forward,3.2516064214899743,0.0,0.0,0.0,0.0,0.0,0.0,8.069731705031378e-06,-2.8295947045890575,-0.007644585857968297,-0.0012331825744196538,0.004241801936038181,0.0
6,0.0,187,forward,3.247371058147758,0.0,0.0,0.0,0.0,0.0,0.0,8.128727714177196e-06,-2.8507328948433925,-0.0077230699179050575,-0.0011562960853424983,0.004360106901604599,0.0
6,0.0,188,forward,3.2429678740740333,0.0,0.0,0.0,0.0,0.0,0.0,8.188913312708351e-06,-2.8718006645543244,-0.00779877087189769,-0.0010786381874986243,0.0044770499342704495,0.0
6,0.0,189,forward,3.2383971141955663,0.0,0.0,0.0,0.0,0.0,0.0,8.250256462300179e-06,-2.892796369977646,-0.007871647223555525,-0.0010002369370214952,0.004592451016039556,0.0
6,0.0,190,forward,3.2336589662492092,0.0,0.0,0.0,0.0,0.0,0.0,8.31272322800246e-06,-2.9137185188562005,-0.007941658443175981,-0.0009211208004323569,0.004706131256753898,0.0
6,0.0,191,forward,3.2287535610279914,0.0,0.0,0.0,0.0,0.0,0.0,8.3762778184514e-06,-2.9345657707341544,-0.008008764987866972,-0.0008413186448666226,0.004817913187678213,0.0
6,0.0,192,forward,3.2236809727778644,0.0,0.0,0.0,0.0,0.0,0.0,8.440882629391179e-06,-2.9553369368128997,-0.008072928321354084,-0.0007608597281004871,0.004927621055061504,0.0
6,0.0,193,forward,3.2184412197471475,0.0,0.0,0.0,0.0,0.0,0.0,8.506498290461501e-06,-2.9760309793717385,-0.008134110933463204,-0.0006797736883809529,0.005035081113223927,0.0
6,0.0,194,forward,3.213034264890524,0.0,0.0,0.0,0.0,0.0,0.0,8.573083715202673e-06,-2.9966470107780103,-0.008192276359269795,-0.000598090534062591,0.0051401219167014345,0.0
6,0.0,195,forward,3.2074600167292924,0.0,0.0,0.0,0.0,0.0,0.0,8.640596154223159e-06,-3.017184292112484,-0.008247389197905486,-0.0005158406330543773,0.0052425746109989735,0.0
6,0.0,196,forward,3.2017183303693804,0.0,0.0,0.0,0.0,0.0,0.0,8.708991251469965e-06,-3.0376422314367306,-0.008299415131013345,-0.0004330547020801419,0.005342273221483174,0.0
6,0.0,197,forward,3.195809008678483,0.0,0.0,0.0,0.0,0.0,0.0,8.778223103535827e-06,-3.058020381729801,-0.008348320940842717,-0.00034976379575611503,0.005439054939959553,0.0
6,0.0,198,forward,3.1897318036235096,0.0,0.0,0.0,0.0,0.0,0.0,8.848244321932803e-06,-3.0783184385218356,-0.008394074527975257,-0.0002659992954892853,0.0055327604084676185,0.0
6,0.0,199,forward,3.1834864177693536,0.0,0.0,0.0,0.0,0.0,0.0,8.919006098255483e-06,-3.0985362372523246,-0.008436644928673293,-0.00018179289820025038,0.005623233999839883,0.0
6,0.0,200,forward,3.1770725059398615,0.0,0.0,0.0,0.0,0.0,0.0,8.99045827215274e-06,-3.1186737503805624,-0.008476002331842281,-9.717660487443791e-05,0.005710324094562402,0.0
7,0.0,1,forward,0.3061560311040893,0.0,0.0,0.0,0.0,0.0,0.0,2.0335794717891147e-07,0.4820837510049853,0.0011297792690502207,0.0002956744348540826,0.2604727762629503,0.0
7,0.0,2,forward,0.5424110942224385,0.0,0.0,0.0,0.0,0.0,0.0,2.0465169463494228e-07,0.4604621137737189,0.0011459241208696231,0.0002842887787472739,0.14844113484241273,0.0
7,0.0,3,forward,0.7260153196303523,0.0,0.0,0.0,0.0,0.0,0.0,2.059819563642472e-07,0.43889266916343544,0.0011616740318548468,0.00027274354876870825,0.08597225956930524,0.0
7,0.0,4,forward,0.8698303339996258,0.0,0.0,0.0,0.0,0.0,0.0,2.0734830814251583e-07,0.41737819282456873,0.0011770211052501737,0.0002610427363132287,0.05126907913958538,0.0
7,0.0,5,forward,0.9834690931646841,0.0,0.0,0.0,0.0,0.0,0.0,2.087502700265034e-07,0.39592132968677873,0.001191957574248011,0.0002491904111426424,0.032109031894084525,0.0
7,0.0,6,forward,1.074136375151678,0.0,0.0,0.0,0.0,0.0,0.0,2.1018730670126308e-07,0.37452458945847755,0.001206475805623636,0.0002371907200672298,0.021629018371939483,0.0
7,0.0,7,forward,1.1472490762263086,0.0,0.0,0.0,0.0,0.0,0.0,2.1165882791927796e-07,0.3531903426795734,0.001220568303331022,0.00022504788559107872,0.015973116964592953,0.0
7,0.0,8,forward,1.2068943663631093,0.0,0.0,0.0,0.0,0.0,0.0,2.1316418903146943e-07,0.3319208173268783,0.001234227712057945,0.0002127662045216597,0.012976060912515165,0.0
7,0.0,9,forward,1.2561683660699003,0.0,0.0,0.0,0.0,0.0,0.0,2.1470269160999451e-07,0.31071809596771016,0.0012474468207389034,0.00020035004654403793,0.01142444851360748,0.0
7,0.0,10,forward,1.2974267364729908,0.0,0.0,0.0,0.0,0.0,0.0,2.162735841625603e-07,0.28958411345372687,0.0012602185660242594,0.00018780385276013017,0.010641179937222911,0.0
7,0.0,11,forward,1.332470302699497,0.0,0.0,0.0,0.0,0.0,0.0,2.1787606293785036e-07,0.2685206551438189,0.0012725360357040349,0.00017513213419348593,0.010251246491351215,0.0
7,0.0,12,forward,1.3626827465427858,0.0,0.0,0.0,0.0,0.0,0.0,2.1950927282148396e-07,0.247529355641866,0.0012843924720847557,0.00016233947026007316,0.010049537396324068,0.0
7,0.0,13,forward,1.389132923070872,0.0,0.0,0.0,0.0,0.0,0.0,2.2117230832181367e-07,0.2266116980322418,0.0012957812753179104,0.00014943050720545029,0.009926167808819636,0.0
7,0.0,14,forward,1.4126510525809766,0.0,0.0,0.0,0.0,0.0,0.0,2.2286421464468436e-07,0.20576901359395572,0.0013066960066783694,0.000136409956508975,0.009824301683730274,0.0
7,0.0,15,forward,1.4338856041095533,0.0,0.0,0.0,0.0,0.0,0.0,2.2458398885611894e-07,0.1850024819716751,0.0013171303917912834,0.00012328259325536907,0.00971635766726224,0.0
7,0.0,16,forward,1.453345892040086,0.0,0.0,0.0,0.0,0.0,0.0,2.2633058113185794e-07,0.16431313178058451,0.0013270783238061511,0.00011005325447432589,0.009590622887166639,0.0
7,0.0,17,forward,1.4714340855041899,0.0,0.0,0.0,0.0,0.0,0.0,2.2810289609228562e-07,0.14370184162026906,0.001336533866516148,9.672683744859843e-05,0.00944375929103386,0.0
7,0.0,18,forward,1.4884693573115577,0.0,0.0,0.0,0.0,0.0,0.0,2.2989979422145616e-07,0.1231693414717763,0.0013454912574217411,8.33082979912036e-05,0.009276642615077518,0.0
7,0.0,19,forward,1.5047061833881479,0.0,0.0,0.0,0.0,0.0,0.0,2.3172009336847588e-07,0.10271621445090978,0.0013539449107367702,6.98026486921459e-05,0.009092081631019655,0.0
7,0.0,20,forward,1.5203482773404893,0.0,0.0,0.0,0.0,0.0,0.0,2.3356257032957026e-07,0.08234289889075302,0.0013618894203357298,5.6214957135491274e-05,0.00889359373811388,0.0
7,0.0,21,forward,1.535559257701387,0.0,0.0,0.0,0.0,0.0,0.0,2.3542596250890298e-07,0.06204969072546416,0.0013693195626407857,4.2550344087170795e-05,0.008684769961956468,0.0
7,0.0,22,forward,1.5504708606999291,0.0,0.0,0.0,0.0,0.0,0.0,2.3730896965613217e-07,0.04183674614777689,0.0013762302994471643,2.8813981654223986e-05,0.008468965345168528,0.0
7,0.0,23,forward,1.56518930183345,0.0,0.0,0.0,0.0,0.0,0.0,2.3921025567850887e-07,0.021704084512625697,0.0013826167806854884,1.5011091416067964e-05,0.008249166040180334,0.0
7,0.0,24,forward,1.579800235107485,0.0,0.0,0.0,0.0,0.0,0.0,2.4112845052520435e-07,0.0016515914598328203,0.001388474347119695,1.1469425284862946e-06,0.008027949880636709,0.0
7,0.0,25,forward,1.594372644878168,0.0,0.0,0.0,0.0,0.0,0.0,2.430621521414386e-07,-0.01832097777079969,0.0013937985329792668,-1.2773150199076046e-05,0.007807494283281646,0.0
7,0.0,26,forward,1.6089619210224018,0.0,0.0,0.0,0.0,0.0,0.0,2.4500992848981453e-07,-0.03821399485775745,0.0013985850685244094,-2.674382825221776e-05,0.00758960624667987,0.0
7,0.0,27,forward,1.6236123057927565,0.0,0.0,0.0,0.0,0.0,0.0,2.469703196361261e-07,-0.05802795477436784,0.0014028298825428112,-4.0759691385616754e-05,0.007375760940737913,0.0
7,0.0,28,forward,1.6383588544130767,0.0,0.0,0.0,0.0,0.0,0.0,2.4894183989686443e-07,-0.07776347204749008,0.0014065291047768854,-5.4815299621680496e-05,0.007167141899478924,0.0
7,0.0,29,forward,1.6532290170070498,0.0,0.0,0.0,0.0,0.0,0.0,2.5092298004539915e-07,-0.09742127692117071,0.0014096790682800455,-6.890517527315556e-05,0.006964679406460561,0.0
7,0.0,30,forward,1.6682439237244242,0.0,0.0,0.0,0.0,0.0,0.0,2.529122095737911e-07,-0.11700221144674731,0.0014122763117008776,-8.302380498893815e-05,0.006769085588224921,0.0
7,0.0,31,forward,1.6834194356622691,0.0,0.0,0.0,0.0,0.0,0.0,2.549079790070955e-07,-0.13650722551966038,0.001414317581494143,-9.716564182236585e-05,0.006580885738707742,0.0
7,0.0,32,forward,1.6987670096994545,0.0,0.0,0.0,0.0,0.0,0.0,2.5690872226675356e-07,-0.15593737288198187,0.0014157998340571245,-0.00011132510732129228,0.006400445900519802,0.0
7,0.0,33,forward,1.7142944144407162,0.0,0.0,0.0,0.0,0.0,0.0,2.589128590797247e-07,-0.17529380710812603,0.0014167202377903395,-0.0001254965936391241,0.0062279969597840434,0.0
7,0.0,34,forward,1.7300063261949483,0.0,0.0,0.0,0.0,0.0,0.0,2.6091879742990296e-07,-0.19457777758999284,0.0014170761750816124,-0.00013967446566611442,0.006063655599028994,0.0
7,0.0,35,forward,1.7459048276205122,0.0,0.0,0.0,0.0,0.0,0.0,2.6292493604813253e-07,-0.21379062553634115,0.0014168652442121679,-0.00015385306318011635,0.0059074424684600335,0.0
7,0.0,36,forward,1.7619898268621885,0.0,0.0,0.0,0.0,0.0,0.0,2.6492966693716285e-07,-0.2329337799998134,0.0014160852611837668,-0.00016802670301600996,0.005759297918002171,0.0
7,0.0,37,forward,1.7782594113117507,0.0,0.0,0.0,0.0,0.0,0.0,2.6693137792779567e-07,-0.2520087539437017,0.0014147342614659055,-0.0001821896812530255,0.005619095600907009,0.0
7,0.0,38,forward,1.7947101472731852,0.0,0.0,0.0,0.0,0.0,0.0,2.6892845526232353e-07,-0.27101714035915575,0.0014128105016619626,-0.00019633627541911297,0.0054866542245261,0.0
7,0.0,39,forward,1.8113373346000672,0.0,0.0,0.0,0.0,0.0,0.0,2.709192862013214e-07,-0.2899606084423992,0.001410312461093251,-0.0002104607467116114,0.00536174768983666,0.0
7,0.0,40,forward,1.828135223643842,0.0,0.0,0.0,0.0,0.0,0.0,2.7290226164987757e-07,-0.30884089984004,0.0014072388433002821,-0.00022455734223333654,0.005244113830384423,0.0
7,0.0,41,forward,1.8450972004932105,0.0,0.0,0.0,0.0,0.0,0.0,2.748757787990629e-07,-0.3276598249695655,0.0014035885774599315,-0.0002386202972432571,0.005133461934052785,0.0
7,0.0,42,forward,1.8622159454103318,0.0,0.0,0.0,0.0,0.0,0.0,2.768382437786273e-07,-0.3464192594208845,0.0013993608197178863,-0.0002526438374209511,0.005029479207358356,0.0
7,0.0,43,forward,1.8794835685141125,0.0,0.0,0.0,0.0,0.0,0.0,2.7878807431667796e-07,-0.36512114044368355,0.001394554954435322,-0.0002666221811439534,0.00493183632145433,0.0
7,0.0,44,forward,1.8968917260752076,0.0,0.0,0.0,0.0,0.0,0.0,2.807237024022122e-07,-0.38376746352430063,0.0013891705953492167,-0.00028054954177714333,0.004840192161266521,0.0
7,0.0,45,forward,1.914431720234083,0.0,0.0,0.0,0.0,0.0,0.0,2.8264357694612823e-07,-0.4023602790549817,0.0013832075866451398,-0.0002944201299733144,0.004754197883777345,0.0
7,0.0,46,forward,1.9320945845040023,0.0,0.0,0.0,0.0,0.0,0.0,2.8454616643651473e-07,-0.4209016890973038,0.0013766660039419983,-0.0003082281559840322,0.004673500378049533,0.0
7,0.0,47,forward,1.9498711570532161,0.0,0.0,0.0,0.0,0.0,0.0,2.8642996158384993e-07,-0.4393938442408131,0.0013695461551878343,-0.00032196783197989805,0.0045977452078454495,0.0
7,0.0,48,forward,1.9677521434580632,0.0,0.0,0.0,0.0,0.0,0.0,2.882934779518834e-07,-0.4578389405570249,0.0013618485814662492,-0.0003356333743793352,0.004526579107409279,0.0
7,0.0,49,forward,1.9857281703681016,0.0,0.0,0.0,0.0,0.0,0.0,2.9013525856967056e-07,-0.47623921664839775,0.0013535740577122412,-0.0003492190061849905,0.004459652091923116,0.0
7,0.0,50,forward,2.0037898313156024,0.0,0.0,0.0,0.0,0.0,0.0,2.919538765206595e-07,-0.4945969507908713,0.0013447235933375312,-0.00036271895932683953,0.004396619236179677,0.0
7,0.0,51,forward,2.0219277257268233,0.0,0.0,0.0,0.0,0.0,0.0,2.9374793750414467e-07,-0.5129144581684532,0.0013352984327637543,-0.0003761274770110964,0.004337142167988806,0.0
7,0.0,52,forward,2.0401324920451582,0.0,0.0,0.0,0.0,0.0,0.0,2.9551608236521505e-07,-0.5311940881970263,0.0013253000558643149,-0.0003894388160739977,0.0042808903166416945,0.0
7,0.0,53,forward,2.0583948357515984,0.0,0.0,0.0,0.0,0.0,0.0,2.9725698958840625e-07,-0.5494382219348809,0.0013147301783129688,-0.0004026472493395392,0.00422754195130387,0.0
7,0.0,54,forward,2.07670555296196,0.0,0.0,0.0,0.0,0.0,0.0,2.9896937775102473e-07,-0.5676492695763486,0.0013035907518393968,-0.0004157470679802393,0.004176785039416153,0.0
7,0.0,55,forward,2.095055550189914,0.0,0.0,0.0,0.0,0.0,0.0,3.006520079318886e-07,-0.5858296680246832,0.0012918839643913385,-0.0004287325838799913,0.004128317950973737,0.0
7,0.0,56,forward,2.113435860787349,0.0,0.0,0.0,0.0,0.0,0.0,3.0230368607111787e-07,-0.6039818785401104,0.001279612240202434,-0.00044159813199806235,0.004081850030866974,0.0
7,0.0,57,forward,2.1318376585070338,0.0,0.0,0.0,0.0,0.0,0.0,3.039232652768583e-07,-0.6221083844584413,0.001266778239765558,-0.00045433807273330455,0.004037102058255859,0.0
7,0.0,58,forward,2.1502522685751337,0.0,0.0,0.0,0.0,0.0,0.0,3.0550964807487907e-07,-0.6402116889752757,0.0012533848597115207,-0.0004669467942876225,0.003993806609146999,0.0
7,0.0,59,forward,2.1686711766115057,0.0,0.0,0.0,0.0,0.0,0.0,3.070617885968285e-07,-0.6582943129908216,0.0012394352325923593,-0.0004794187150277494,0.003951708335915349,0.0
7,0.0,60,forward,2.187086035692709,0.0,0.0,0.0,0.0,0.0,0.0,3.0857869470322354e-07,-0.6763587930098484,0.001224932726569185,-0.0004917482858443758,0.003910564175414022,0.0
7,0.0,61,forward,2.205488671815302,0.0,0.0,0.0,0.0,0.0,0.0,3.100594300372862e-07,-0.6944076790911292,0.0012098809450044742,-0.0005039299925076831,0.0038701434955093483,0.0
7,0.0,62,forward,2.2238710879845147,0.0,0.0,0.0,0.0,0.0,0.0,3.115031160056356e-07,-0.7124435328407374,0.0011942837259581731,-0.0005159583580183082,0.0038302281883345057,0.0
7,0.0,63,forward,2.242225467125032,0.0,0.0,0.0,0.0,0.0,0.0,3.129089336821852e-07,-0.7304689254431335,0.0011781451415877958,-0.0005278279449527869,0.003790612717228359,0.0
7,0.0,64,forward,2.2605441739858745,0.0,0.0,0.0,0.0,0.0,0.0,3.142761256315335e-07,-0.7484864357240414,0.0011614694974522376,-0.0005395333578025282,0.0037511041232153874,0.0
7,0.0,65,forward,2.278819756189736,0.0,0.0,0.0,0.0,0.0,0.0,3.156039976482248e-07,-0.7664986482389381,0.0011442613317191113,-0.0005510692453053095,0.00371152199592778,0.0
7,0.0,66,forward,2.2970449445581393,0.0,0.0,0.0,0.0,0.0,0.0,3.168919204084893e-07,-0.784508151380889,0.0011265254142757005,-0.000562430302768386,0.003671698413087232,0.0
7,0.0,67,forward,2.315212652827168,0.0,0.0,0.0,0.0,0.0,0.0,3.181393310311034e-07,-0.8025175355013373,0.0011082667457435749,-0.0005736112743822097,0.003631477851994136,0.0
7,0.0,68,forward,2.3333159768539233,0.0,0.0,0.0,0.0,0.0,0.0,3.1934573454396206e-07,-0.8205293910377734,0.0010894905563962542,-0.0005846069555237979,0.0035907170759309492,0.0
7,0.0,69,forward,2.351348193400992,0.0,0.0,0.0,0.0,0.0,0.0,3.205107052535915e-07,-0.8385463066414134,0.0010702023049811232,-0.0005954121950488149,0.0035492849979307795,0.0
7,0.0,70,forward,2.3693027585749413,0.0,0.0,0.0,0.0,0.0,0.0,3.2163388801422054e-07,-0.8565708672990506,0.001050407677444361,-0.0006060218975713463,0.003507062524000515,0.0
7,0.0,71,forward,2.387173305984882,0.0,0.0,0.0,0.0,0.0,0.0,3.2271499939389794e-07,-0.8746056524422916,0.0010301125855600795,-0.0006164310257304636,0.0034639423775849054,0.0
7,0.0,72,forward,2.4049536446783724,0.0,0.0,0.0,0.0,0.0,0.0,3.2375382873478074e-07,-0.8926532340380888,0.001009323165463254,-0.0006266346024425899,0.003419828906825184,0.0
7,0.0,73,forward,2.4226377569041944,0.0,0.0,0.0,0.0,0.0,0.0,3.24750239105059e-07,-0.9107161746542115,0.000988045776086806,-0.0006366277131386653,0.0033746378759744733,0.0
7,0.0,74,forward,2.440219795744709,0.0,0.0,0.0,0.0,0.0,0.0,3.2570416814018617e-07,-0.9287970254935698,0.0009662869975030701,-0.0006464055079852712,0.003328296242184503,0.0
7,0.0,75,forward,2.4576940826544416,0.0,0.0,0.0,0.0,0.0,0.0,3.2661562877111086e-07,-0.946898324391139,0.0009440536291700428,-0.0006559632040886028,0.0032807419187638187,0.0
7,0.0,76,forward,2.4750551049362417,0.0,0.0,0.0,0.0,0.0,0.0,3.2748470983744273e-07,-0.9650225937677522,0.0009213526880824872,-0.000665296087680456,0.0032319235259178347,0.0
7,0.0,77,forward,2.492297513181642,0.0,0.0,0.0,0.0,0.0,0.0,3.2831157658369713e-07,-0.9831723385348028,0.0008981914068285358,-0.0006743995162852499,0.0031818001299165344,0.0
7,0.0,78,forward,2.5094161186978785,0.0,0.0,0.0,0.0,0.0,0.0,3.2909647103679507e-07,-1.0013500439444012,0.0008745772315518556,-0.0006832689208671247,0.003130340971580825,0.0
7,0.0,79,forward,2.5264058909403646,0.0,0.0,0.0,0.0,0.0,0.0,3.2983971226336585e-07,-1.0195581733792625,0.0008505178198203943,-0.0006918998079561389,0.0030775251849457508,0.0
7,0.0,80,forward,2.5432619549661752,0.0,0.0,0.0,0.0,0.0,0.0,3.305416965053528e-07,-1.0377991660776849,0.0008260210384013062,-0.00070028776175274,0.0030233415069215175,0.0
7,0.0,81,forward,2.55997958892122,0.0,0.0,0.0,0.0,0.0,0.0,3.3120289719285413e-07,-1.056075434788176,0.0008010949609434868,-0.0007084284462094624,0.002967787978758296,0.0
7,0.0,82,forward,2.5765542215712887,0.0,0.0,0.0,0.0,0.0,0.0,3.3182386483309227e-07,-1.0743893633494859,0.0007757478655676665,-0.0007163176070889757,0.0029108716400976786,0.0
7,0.0,83,forward,2.5929814298849156,0.0,0.0,0.0,0.0,0.0,0.0,3.324052267747916e-07,-1.092743304191676,0.0007499882323649469,-0.000723951073997609,0.00285260821637634,0.0
7,0.0,84,forward,2.609256936674079,0.0,0.0,0.0,0.0,0.0,0.0,3.3294768684720346e-07,-1.1111395757543652,0.0007238247408042493,-0.000731324762393286,0.002793021800334583,0.0
7,0.0,85,forward,2.625376608297037,0.0,0.0,0.0,0.0,0.0,0.0,3.334520248735485e-07,-1.1295804598187622,0.0006972662670495026,-0.0007384346755671957,0.0027321445283642887,0.0
7,0.0,86,forward,2.6413364524261245,0.0,0.0,0.0,0.0,0.0,0.0,3.3391909605847033e-07,-1.148068198750446,0.0006703218811871873,-0.0007452769065980706,0.0026700162524158078,0.0
7,0.0,87,forward,2.6571326158820323,0.0,0.0,0.0,0.0,0.0,0.0,3.343498302495722e-07,-1.16660499265051,0.0006430008443649994,-0.000751847640278313,0.0026066842081636232,0.0
7,0.0,88,forward,2.6727613825349668,0.0,0.0,0.0,0.0,0.0,0.0,3.3474523107321103e-07,-1.1851929964131782,0.0006153126058424386,-0.0007581431550110728,0.0025422026801122932,0.0
7,0.0,89,forward,2.688219171272131,0.0,0.0,0.0,0.0,0.0,0.0,3.3510637494489836e-07,-1.203834316688522,0.0005872667999542795,-0.0007641598246773338,0.0024766326643007597,0.0
7,0.0,90,forward,2.7035025340301324,0.0,0.0,0.0,0.0,0.0,0.0,3.3543440995486965e-07,-1.2225310087499643,0.0005588732429873609,-0.0007698941204721967,0.0024100415292408472,0.0
7,0.0,91,forward,2.718608153890218,0.0,0.0,0.0,0.0,0.0,0.0,3.3573055462973755e-07,-1.241285073266324,0.0005301419299723124,-0.0007753426127095187,0.00234250267570002,0.0
7,0.0,92,forward,2.733532843233644,0.0,0.0,0.0,0.0,0.0,0.0,3.359960965710413e-07,-1.260098452979665,0.00050108303139048,-0.0007805019725939563,0.0022740951959088207,0.0
7,0.0,93,forward,2.748273541954006,0.0,0.0,0.0,0.0,0.0,0.0,3.362323909720554e-07,-1.2789730292906427,0.00047170688979731456,-0.0007853689739597201,0.0022049035327510458,0.0
7,0.0,94,forward,2.762827315722934,0.0,0.0,0.0,0.0,0.0,0.0,3.3644085901417034e-07,-1.297910618753848,0.00044202401636344457,-0.000789940494975057,0.0021350171394565187,0.0
7,0.0,95,forward,2.7771913543052453,0.0,0.0,0.0,0.0,0.0,0.0,3.3662298614451455e-07,-1.31691296948713,0.0004120450873340322,-0.0007942135198117894,0.0020645301402942295,0.0
7,0.0,96,forward,2.7913629699193896,0.0,0.0,0.0,0.0,0.0,0.0,3.367803202365424e-07,-1.335981757499232,0.00038178094040797547,-0.00079818514027891,0.0019935409927269165,0.0
7,0.0,97,forward,2.8053395956388374,0.0,0.0,0.0,0.0,0.0,0.0,3.369144696357686e-07,-1.3551185829418062,0.0003512425710377361,-0.0008018525574196926,0.0019221521514604933,0.0
7,0.0,98,forward,2.819118783829919,0.0,0.0,0.0,0.0,0.0,0.0,3.3702710109267833e-07,-1.3743249662925092,0.00032044112865114305,-0.0008052130830712643,0.0018504697347894727,0.0
7,0.0,99,forward,2.8326982046215514,0.0,0.0,0.0,0.0,0.0,0.0,3.371199375854089e-07,-1.3936023444773893,0.0002893879127963198,-0.0008082641413860934,0.0017786031936099511,0.0
7,0.0,100,forward,2.846075644402236,0.0,0.0,0.0,0.0,0.0,0.0,3.371947560346022e-07,-1.4129520669418307,0.0002580943692109782,-0.0008110032703143624,0.00170666498344213,0.0
7,0.0,101,forward,2.859249004339727,0.0,0.0,0.0,0.0,0.0,0.0,3.372533849135738e-07,-1.4323753916807491,0.00022657208581740656,-0.0008134281230468867,0.0016347702397765396,0.0
7,0.0,102,forward,2.872216298918792,0.0,0.0,0.0,0.0,0.0,0.0,3.3729770175638127e-07,-1.4518734812399887,0.0001948327886442808,-0.0008155364694173406,0.0015630364570303201,0.0
7,0.0,103,forward,2.884975654492549,0.0,0.0,0.0,0.0,0.0,0.0,3.373296305673087e-07,-1.4714473987021475,0.0001628883376769107,-0.0008173261972634489,0.0014915831713741556,0.0
7,0.0,104,forward,2.897525307842968,0.0,0.0,0.0,0.0,0.0,0.0,3.3735113913502435e-07,-1.4910981036716078,0.000130750722637088,-0.0008187953137463109,0.001420531647669282,0.0
7,0.0,105,forward,2.9098636047462123,0.0,0.0,0.0,0.0,0.0,0.0,3.373642362549433e-07,-1.5108264482747897,9.8432058694007e-05,-0.0008199419466271251,0.0013500045707271202,0.0
7,0.0,106,forward,2.9219889985386596,0.0,0.0,0.0,0.0,0.0,0.0,3.373709688634725e-07,-1.5306331731930316,6.594458210777353e-05,-0.0008207643455005708,0.0012801257410886557,0.0
7,0.0,107,forward,2.9339000486795523,0.0,0.0,0.0,0.0,0.0,0.0,3.3737341908825186e-07,-1.5505189037470175,3.330064580682122e-05,-0.0008212608829844434,0.0012110197754987562,0.0
7,0.0,108,forward,2.945595419306414,0.0,0.0,0.0,0.0,0.0,0.0,3.373737012182192e-07,-1.5704841460527312,5.127149009694077e-07,-0.0008214300558645923,0.0011428118122374653,0.0
7,0.0,109,forward,2.957073877779531,0.0,0.0,0.0,0.0,0.0,0.0,3.3737395859782566e-07,-1.5905292832705444,-3.240663786861082e-05,-0.000821270486194653,0.0010756272214520468,0.0
7,0.0,110,forward,2.968334293211984,0.0,0.0,0.0,0.0,0.0,0.0,3.3737636044982886e-07,-1.610654571969939,-6.544473674070449e-05,-0.0008207809223499952,0.0010095913206254609,0.0
7,0.0,111,forward,2.9793756349818845,0.0,0.0,0.0,0.0,0.0,0.0,3.3738309863109464e-07,-1.6308601386336947,-9.858880760509754e-05,-0.0008199602400351635,0.0009448290953023297,0.0
7,0.0,112,forward,2.990196971223698,0.0,0.0,0.0,0.0,0.0,0.0,3.373963843262147e-07,-1.651145976326457,-0.00013182598273189103,-0.0008188074432443731,0.000881464925187897,0.0
7,0.0,113,forward,3.0007974672957003,0.0,0.0,0.0,0.0,0.0,0.0,3.3741844468359136e-07,-1.6715119415532869,-0.00016514330555717288,-0.0008173216651742901,0.0008196223157258403,0.0
7,0.0,114,forward,3.0111763842208386,0.0,0.0,0.0,0.0,0.0,0.0,3.3745151939913563e-07,-1.6919577513347421,-0.00019852773552347938,-0.000815502169088784,0.0007594236352575084,0.0
7,0.0,115,forward,3.0213330770984554,0.0,0.0,0.0,0.0,0.0,0.0,3.374978572524125e-07,-1.7124829805256527,-0.00023196615297337716,-0.0008133483491348203,0.0007009898578593243,0.0
7,0.0,116,forward,3.0312669934845498,0.0,0.0,0.0,0.0,0.0,0.0,3.3755971260067773e-07,-1.7330870594049734,-0.0002654453640942821,-0.0008108597311092919,0.0006444403119537506,0.0
7,0.0,117,forward,3.0409776717384474,0.0,0.0,0.0,0.0,0.0,0.0,3.376393418358923e-07,-1.7537692715645048,-0.0002989521059128323,-0.0008080359731760211,0.0005898924347872286,0.0
7,0.0,118,forward,3.050464739333959,0.0,0.0,0.0,0.0,0.0,0.0,3.3773899981021086e-07,-1.7745287521241166,-0.0003324730513369831,-0.000804876866532571,0.0005374615328683566,0.0
7,0.0,119,forward,3.0597279111332965,0.0,0.0,0.0,0.0,0.0,0.0,3.3786093623540564e-07,-1.7953644863008713,-0.00036599481424400357,-0.0008013823360263525,0.00048726054845994043,0.0
7,0.0,120,forward,3.0687669876222476,0.0,0.0,0.0,0.0,0.0,0.0,3.3800739206189694e-07,-1.816275308358823,-0.00039950395461249224,-0.0007975524407197004,0.0004393998322205217,0.0
7,0.0,121,forward,3.077581853105265,0.0,0.0,0.0,0.0,0.0,0.0,3.3818059584284814e-07,-1.8372599009655501,-0.00043298698369654594,-0.0007933873744032373,0.0003939869220921377,0.0
7,0.0,122,forward,3.086172473859364,0.0,0.0,0.0,0.0,0.0,0.0,3.3838276008925286e-07,-1.8583167949802248,-0.0004664303692401926,-0.0007888874660573615,0.00035112632853473436,0.0
7,0.0,123,forward,3.094538896245888,0.0,0.0,0.0,0.0,0.0,0.0,3.386160776217042e-07,-1.8794443696966214,-0.000499820540730122,-0.0007840531802613544,0.0003109193262093926,0.0
7,0.0,124,forward,3.1026812447794128,0.0,0.0,0.0,0.0,0.0,0.0,3.3888271792467456e-07,-1.9006408535627513,-0.0005331438946848019,-0.0007788851175497131,0.0002734637522168182,0.0
7,0.0,125,forward,3.11059972015323,0.0,0.0,0.0,0.0,0.0,0.0,3.391848235092249e-07,-1.9219043253966408,-0.0005663867999779446,-0.000773384014715415,0.00023885381099987557,0.0
7,0.0,126,forward,3.118294597221059,0.0,0.0,0.0,0.0,0.0,0.0,3.395245062900349e-07,-1.94323271611551,-0.0005995356031944181,-0.000767550745059735,0.00020717988602297205,0.0
7,0.0,127,forward,3.1257662229347947,0.0,0.0,0.0,0.0,0.0,0.0,3.3990384398270887e-07,-1.964623810992768,-0.0006325766340164759,-0.0007613863185883426,0.00017852835834367316,0.0
7,0.0,128,forward,3.1330150142382993,0.0,0.0,0.0,0.0,0.0,0.0,3.403248765272632e-07,-1.986075252454426,-0.0006654962106383574,-0.000754891882153306,0.00015298143219539054,0.0
7,0.0,129,forward,3.1400414559174115,0.0,0.0,0.0,0.0,0.0,0.0,3.4078960254385837e-07,-2.0075845434230777,-0.0006982806452071516,-0.0007480687195408759,0.00013061696770234107,0.0
7,0.0,130,forward,3.1468460984065274,0.0,0.0,0.0,0.0,0.0,0.0,3.412999758265894e-07,-2.0291490512142816,-0.0007309162492878612,-0.000740918251504609,0.0001115083208504267,0.0
7,0.0,131,forward,3.153429555552272,0.0,0.0,0.0,0.0,0.0,0.0,3.41857901881401e-07,-2.050766011986265,-0.0007633893393505701,-0.000733442035743763,9.572419083950755e-05,0.0
7,0.0,132,forward,3.1597925023349545,0.0,0.0,0.0,0.0,0.0,0.0,3.424652345139735e-07,-2.0724325357400644,-0.000795686242277596,-0.0007256417668266604,8.332847494390812e-05,0.0
7,0.0,133,forward,3.16593567254867,0.0,0.0,0.0,0.0,0.0,0.0,3.4312377247347447e-07,-2.0941456118631088,-0.0008277933008885298,-0.0007175192760588354,7.43801310088254e-05,0.0
7,0.0,134,forward,3.1718598564410554,0.0,0.0,0.0,0.0,0.0,0.0,3.438352561580616e-07,-2.1159021152049964,-0.0008596968794809701,-0.0007090765312958645,6.893304771046282e-05,0.0
7,0.0,135,forward,3.177565898313898,0.0,0.0,0.0,0.0,0.0,0.0,3.446013643878911e-07,-2.1376988126700716,-0.000891383369384827,-0.0007003156367006818,6.70359227073833e-05,0.0
7,0.0,136,forward,3.183054694085915,0.0,0.0,0.0,0.0,0.0,0.0,3.4542371125129625e-07,-2.159532370307167,-0.00092283919452802,-0.0006912388324451583,6.873214880940523e-05,0.0
7,0.0,137,forward,3.1883271888192173,0.0,0.0,0.0,0.0,0.0,0.0,3.463038430299894e-07,-2.1813993608724283,-0.0009540508170113655,-0.0006818484943561278,7.405970828869594e-05,0.0
7,0.0,138,forward,3.193384374211089,0.0,0.0,0.0,0.0,0.0,0.0,3.4724323520862243e-07,-2.2032962718374156,-0.0009850047426904747,-0.0006721471335054339,8.30510754552434e-05,0.0
7,0.0,139,forward,3.198227286052882,0.0,0.0,0.0,0.0,0.0,0.0,3.482432895743448e-07,-2.225219513810378,-0.0010156875267624368,-0.0006621373957441599,9.573312761577317e-05,0.0
7,0.0,140,forward,3.202857001657974,0.0,0.0,0.0,0.0,0.0,0.0,3.4930533141170545e-07,-2.2471654293349936,-0.0010460857793550837,-0.0006518220611809491,0.00011212706453137336,0.0
7,0.0,141,forward,3.2072746372608636,0.0,0.0,0.0,0.0,0.0,0.0,3.504306067981597e-07,-2.269130302027365,-0.0010761861711165715,-0.0006412040436043939,0.0001322483364845986,0.0
7,0.0,142,forward,3.211481345389641,0.0,0.0,0.0,0.0,0.0,0.0,3.5162028000533274e-07,-2.2911103660089074,-0.0011059754388030847,-0.0006302863898494799,0.00015610658106169316,0.0
7,0.0,143,forward,3.2154783122141906,0.0,0.0,0.0,0.0,0.0,0.0,3.5287543101109726e-07,-2.313101815589863,-0.0011354403908623867,-0.0006190722791081759,0.00018370556874964736,0.0
7,0.0,144,forward,3.2192667548726317,0.0,0.0,0.0,0.0,0.0,0.0,3.541970531272947e-07,-2.3351008151558843,-0.0011645679130109414,-0.0006075650221841375,0.00021504315744155789,0.0
7,0.0,145,forward,3.222847918778621,0.0,0.0,0.0,0.0,0.0,0.0,3.5558605074792293e-07,-2.3571035092080357,-0.0011933449738024007,-0.0005957680606917087,0.00025011125593651234,0.0
7,0.0,146,forward,3.2262230749122836,0.0,0.0,0.0,0.0,0.0,0.0,3.5704323722228825e-07,-2.3791060325051867,-0.0012217586301851333,-0.0005836849661992016,0.00028889579651263445,0.0
7,0.0,147,forward,3.2293935170976478,0.0,0.0,0.0,0.0,0.0,0.0,3.585693328576054e-07,-2.401104520256658,-0.001249796033046558,-0.0005713194393166602,0.0003313767166437734,0.0
7,0.0,148,forward,3.2323605592695968,0.0,0.0,0.0,0.0,0.0,0.0,3.60164963055278e-07,-2.4230951183125176,-0.0012774444327419787,-0.0005586753087282391,0.0003775279499215606,0.0
7,0.0,149,forward,3.2351255327334467,0.0,0.0,0.0,0.0,0.0,0.0,3.6183065658488165e-07,-2.4450739932990606,-0.001304691184605668,-0.0005457565301692676,0.0004273174262351964,0.0
7,0.0,150,forward,3.237689783420395,0.0,0.0,0.0,0.0,0.0,0.0,3.635668439998532e-07,-2.467037342647245,-0.001331523754441913,-0.000532567185348415,0.0004807070812518771,0.0
7,0.0,151,forward,3.240054669142167,0.0,0.0,0.0,0.0,0.0,0.0,3.653738561983993e-07,-2.4889814044633445,-0.0013579297239937115,-0.0005191114808148768,0.0005376528752303114,0.0
7,0.0,152,forward,3.2422215568483193,0.0,0.0,0.0,0.0,0.0,0.0,3.672519231332381e-07,-2.5109024671922113,-0.0013838967963868793,-0.0005053937467710408,0.0005981048211896323,0.0
7,0.0,153,forward,3.2441918198897217,0.0,0.0,0.0,0.0,0.0,0.0,3.692011726733691e-07,-2.5327968790258093,-0.0014094128015472442,-0.0004914184358307782,0.0006620070224444413,0.0
7,0.0,154,forward,3.245966835291873,0.0,0.0,0.0,0.0,0.0,0.0,3.712216296209796e-07,-2.5546610570119666,-0.001434465701588686,-0.0004771901217237342,0.0007292977195063471,0.0
7,0.0,155,forward,3.247547981041752,0.0,0.0,0.0,0.0,0.0,0.0,3.7331321488624397e-07,-2.576491495821376,-0.0014590435961697667,-0.00046271349794576455,0.0007999093463397222,0.0
7,0.0,156,forward,3.2489366333920158,0.0,0.0,0.0,0.0,0.0,0.0,3.754757448226331e-07,-2.598284776133716,-0.0014831347278165092,-0.0004479933763560131,0.0008737685959486763,0.0
7,0.0,157,forward,3.2501341641864268,0.0,0.0,0.0,0.0,0.0,0.0,3.77708930725166e-07,-2.6200375726076204,-0.0015067274872093488,-0.0004330346857209268,0.0009507964952589765,0.0
7,0.0,158,forward,3.251141938210439,0.0,0.0,0.0,0.0,0.0,0.0,3.8001237849357263e-07,-2.6417466614028875,-0.0015298104184317265,-0.0004178424702054665,0.0010309084892471676,0.0
7,0.0,159,forward,3.25196131057097,0.0,0.0,0.0,0.0,0.0,0.0,3.823855884623434e-07,-2.6634089272271213,-0.0015523722241781413,-0.00040242188781209476,0.0011140145342562469,0.0
7,0.0,160,forward,3.2525936241094024,0.0,0.0,0.0,0.0,0.0,0.0,3.8482795539927003e-07,-2.6850213698834433,-0.0015744017709195676,-0.00038677820876780947,0.001200019200424729,0.0
7,0.0,161,forward,3.253040206851946,0.0,0.0,0.0,0.0,0.0,0.0,3.8733876867376156e-07,-2.7065811102998216,-0.0015958880940237163,-0.000370916813859739,0.0012888217831422688,0.0
7,0.0,162,forward,3.2533023695014935,0.0,0.0,0.0,0.0,0.0,0.0,3.899172125961216e-07,-2.7280853960250204,-0.0016168204028281718,-0.00035484319271975045,0.0013803164234340026,0.0
7,0.0,163,forward,3.2533814029751675,0.0,0.0,0.0,0.0,0.0,0.0,3.9256236692848567e-07,-2.7495316061803914,-0.0016371880856639288,-0.00033856294205847007,0.001474392237160005,0.0
7,0.0,164,forward,3.2532785759917604,0.0,0.0,0.0,0.0,0.0,0.0,3.9527320756818536e-07,-2.7709172558607205,-0.0016569807148274567,-0.00032208176384943005,0.001570933452905765,0.0
7,0.0,165,forward,3.2529951327132984,0.0,0.0,0.0,0.0,0.0,0.0,3.9804860740355474e-07,-2.7922399999817413,-0.0016761880514986618,-0.00030540546346360253,0.0016698195584245457,0.0
7,0.0,166,forward,3.2525322904449605,0.0,0.0,0.0,0.0,0.0,0.0,4.0088733734241314e-07,-2.813497636575533,-0.001694800050602942,-0.00028853994775506284,0.0017709254554801324,0.0
7,0.0,167,forward,3.2518912373975932,0.0,0.0,0.0,0.0,0.0,0.0,4.0378806751282664e-07,-2.8346881095388885,-0.001712806865614907,-0.00027149122309828166,0.0018741216229258006,0.0
7,0.0,168,forward,3.2510731305170433,0.0,0.0,0.0,0.0,0.0,0.0,4.0674936863567827e-07,-2.855809510843186,-0.0017301988533017685,-0.0002542653933776743,0.001979274287840449,0.0
7,0.0,169,forward,3.2500790933845227,0.0,0.0,0.0,0.0,0.0,0.0,4.0976971356815287e-07,-2.876860082217596,-0.0017469665784041295,-0.0002368686579299652,0.002086245604532466,0.0
7,0.0,170,forward,3.248910214192193,0.0,0.0,0.0,0.0,0.0,0.0,4.128474790170807e-07,-2.8978382163203213,-0.0017631008182521434,-0.00021930730944005886,0.002194893841205192,0.0
7,0.0,171,forward,3.2475675437981124,0.0,0.0,0.0,0.0,0.0,0.0,4.1598094742070553e-07,-2.91874245741531,-0.0017785925673148436,-0.00020158773179104059,0.002305073574069949,0.0
7,0.0,172,forward,3.24605209386467,0.0,0.0,0.0,0.0,0.0,0.0,4.191683089972717e-07,-2.9395715015742003,-0.0017934330416806978,-0.00018371639786901077,0.0024166358886738015,0.0
7,0.0,173,forward,3.2443648350845473,0.0,0.0,0.0,0.0,0.0,0.0,4.224076639583638e-07,-2.9603241964252636,-0.0018076136834670536,-0.00016569986732346834,0.0025294285882020984,0.0
7,0.0,174,forward,3.242506695498219,0.0,0.0,0.0,0.0,0.0,0.0,4.256970248849118e-07,-2.980999540473046,-0.0018211261651567975,-0.00014754478428386303,0.0026432964084997512,0.0
7,0.0,175,forward,3.240478558906917,0.0,0.0,0.0,0.0,0.0,0.0,4.2903431926317517e-07,-3.0015966820134694,-0.001833962393859752,-0.00012925787503319418,0.002758081239543464,0.0
7,0.0,176,forward,3.238281263384911,0.0,0.0,0.0,0.0,0.0,0.0,4.3241739217808716e-07,-3.022114917670589,-0.0018461145154972174,-0.00011084594563934813,0.0028736223530879124,0.0
7,0.0,177,forward,3.235915599894878,0.0,0.0,0.0,0.0,0.0,0.0,4.3584400916076717e-07,-3.042553690581909,-0.0018575749189074025,-9.231587954490647e-05,0.0029897566361918315,0.0
7,0.0,178,forward,3.233382311010032,0.0,0.0,0.0,0.0,0.0,0.0,4.393118591869542e-07,-3.0629125882595445,-0.0018683362398699487,-7.367463511636503e-05,0.0031063188303223077,0.0
7,0.0,179,forward,3.2306820897465953,0.0,0.0,0.0,0.0,0.0,0.0,4.4281855782261976e-07,-3.0831913401550777,-0.0018783913650473607,-5.492924315340584e-05,0.0032231417757238034,0.0
7,0.0,180,forward,3.227815578510077,0.0,0.0,0.0,0.0,0.0,0.0,4.463616505130577e-07,-3.103389814955644,-0.0018877334358417682,-3.608680435923315e-05,0.0033400566607252324,0.0
7,0.0,181,forward,3.2247833681587155,0.0,0.0,0.0,0.0,0.0,0.0,4.4993861601120987e-07,-3.123508017638842,-0.0018963558521649245,-1.715448677270214e-05,0.0034568932756497417,0.0
7,0.0,182,forward,3.221585997187317,0.0,0.0,0.0,0.0,0.0,0.0,4.535468699408179e-07,3.13963922086613,-0.0019042522761195393,1.8604768368176568e-06,0.003573480270979701,0.0
7,0.0,183,forward,3.218223951034597,0.0,0.0,0.0,0.0,0.0,0.0,4.571837684898554e-07,3.1196810183071313,-0.0019114166355903228,2.0950791610971704e-05,0.0036896454194217942,0.0
7,0.0,184,forward,3.2146976615169978,0.0,0.0,0.0,0.0,0.0,0.0,4.6084661222922135e-07,3.0998022876957116,-0.0019178431277426732,4.0109103279383294e-05,0.003805215881503954,0.0
7,0.0,185,forward,3.2110075063918204,0.0,0.0,0.0,0.0,0.0,0.0,4.645326500516897e-07,3.0800025122351498,-0.001923526222427495,5.932800087122409e-05,0.003920018474330211,0.0
7,0.0,186,forward,3.207153809052357,0.0,0.0,0.0,0.0,0.0,0.0,4.682390832256796e-07,3.0602810562601337,-0.0019284606654902672,7.860001946030823e-05,0.004033879943106777,0.0
7,0.0,187,forward,3.2031368383575805,0.0,0.0,0.0,0.0,0.0,0.0,4.719630695582336e-07,3.040637169087934,-0.0019326414819826057,9.791764294283732e-05,0.004146627235049327,0.0
7,0.0,188,forward,3.198956808598774,0.0,0.0,0.0,0.0,0.0,0.0,4.757017276614467e-07,3.021069988939328,-0.0019360639792747605,0.00011727330684680946,0.004258087775267483,0.0
7,0.0,189,forward,3.1946138796053516,0.0,0.0,0.0,0.0,0.0,0.0,4.794521413162842e-07,3.0015785469093483,-0.0019387237500673382,0.00013665940117201135,0.004368089744220205,0.0
7,0.0,190,forward,3.190108156991952,0.0,0.0,0.0,0.0,0.0,0.0,4.832113639275776e-07,2.982161770969028,-0.001940616675300662,0.00015606827325970535,0.004476462356326594,0.0
7,0.0,191,forward,3.1854396925487345,0.0,0.0,0.0,0.0,0.0,0.0,4.869764230637355e-07,2.962818489980962,-0.0019417389269601462,0.00017549223069083904,0.0045830361393084385,0.0
7,0.0,192,forward,3.18060848477665,0.0,0.0,0.0,0.0,0.0,0.0,4.907443250746131e-07,2.943547437712647,-0.001942086970776247,0.00019492354421184364,0.004687643213841186,0.0
7,0.0,193,forward,3.175614479569293,0.0,0.0,0.0,0.0,0.0,0.0,4.945120597806909e-07,2.924347256833075,-0.0019416575688173748,0.00021435445068690356,0.004790117573075792,0.0
7,0.0,194,forward,3.170457571042797,0.0,0.0,0.0,0.0,0.0,0.0,4.982766052265763e-07,2.905216502879393,-0.0019404477819742613,0.0002337771560756248,0.004890295361597463,0.0
7,0.0,195,forward,3.1651376025150584,0.0,0.0,0.0,0.0,0.0,0.0,5.020349324918406e-07,2.8861536481818395,-0.0019384549723346289,0.00025318383843499307,0.0049880151533793216,0.0
7,0.0,196,forward,3.1596543676354427,0.0,0.0,0.0,0.0,0.0,0.0,5.057840105517183e-07,2.867157085736316,-0.0019356768054463321,0.0002725666509445927,0.005083118228285333,0.0
7,0.0,197,forward,3.1540076116659534,0.0,0.0,0.0,0.0,0.0,0.0,5.095208111805055e-07,2.8482251330155512,-0.0019321112524681718,0.0002919177249538427,0.005175448846676423,0.0
7,0.0,198,forward,3.14819703291471,0.0,0.0,0.0,0.0,0.0,0.0,5.132423138897805e-07,2.8293560357106644,-0.0019277565922063286,0.0003112291730502249,0.005264854521670692,0.0
7,0.0,199,forward,3.1422222843224237,0.0,0.0,0.0,0.0,0.0,0.0,5.169455108941891e-07,2.8105479713964967,-0.0019226114130359922,0.00033049309214729534,0.005351186288603538,0.0
7,0.0,200,forward,3.136082975202437,0.0,0.0,0.0,0.0,0.0,0.0,5.206274120967356e-07,2.791799053114913,-0.001916674614706307,0.00034970156659136503,0.005434298971244145,0.0
8,0.0,1,forward,0.2615487986720601,0.0,0.0,0.0,0.0,0.0,0.0,4.019378126182663e-06,-1.886325705842386,-0.001759150869293843,-0.002695299104762017,0.18805370448666464,0.0
8,0.0,2,forward,0.46479685714911806,0.0,0.0,0.0,0.0,0.0,0.0,4.022676385804786e-06,-1.9075441785653011,-0.00187386048654278,-0.0026771226507861117,0.10848830807672599,0.0
8,0.0,3,forward,0.6241833016500155,0.0,0.0,0.0,0.0,0.0,0.0,4.0264037029340344e-06,-1.9288289829335141,-0.001988277690358566,-0.002657799843906293,0.06373395014752165,0.0
8,0.0,4,forward,0.7504067404972377,0.0,0.0,0.0,0.0,0.0,0.0,4.030585012672488e-06,-1.9501780022568793,-0.0021023554255747323,-0.002637333845515001,0.038599849719519276,0.0
8,0.0,5,forward,0.8514269383712901,0.0,0.0,0.0,0.0,0.0,0.0,4.035244830446735e-06,-1.9715889750506297,-0.002216046584849214,-0.0026157282881126534,0.024554732852988453,0.0
8,0.0,6,forward,0.9331937396907336,0.0,0.0,0.0,0.0,0.0,0.0,4.0404072096814995e-06,-1.9930594980090253,-0.002329304027347164,-0.002592987275736177,0.016783531343630167,0.0
8,0.0,7,forward,1.000177774476308,0.0,0.0,0.0,0.0,0.0,0.0,4.046095699878447e-06,-2.0145870295285055,-0.002442080597511821,-0.0025691153842003164,0.012556259181710015,0.0
8,0.0,8,forward,1.055757202977605,0.0,0.0,0.0,0.0,0.0,0.0,4.052333305170083e-06,-2.036168893783982,-0.002554329143916488,-0.0025441176611505534,0.010319321550021722,0.0
8,0.0,9,forward,1.102499964558553,0.0,0.0,0.0,0.0,0.0,0.0,4.0591424434198706e-06,-2.057802285357952,-0.0026660025381903024,-0.0025179996259271473,0.009186497361462695,0.0
8,0.0,10,forward,1.1423702008643453,0.0,0.0,0.0,0.0,0.0,0.0,4.0665449059381065e-06,-2.079484274418225,-0.002777053694010469,-0.002490767269239379,0.008652170615099722,0.0
8,0.0,11,forward,1.1768796493944471,0.0,0.0,0.0,0.0,0.0,0.0,4.074561817883577e-06,-2.1012118124358863,-0.0028874355861536164,-0.0024624270526494942,0.008428818924732906,0.0
8,0.0,12,forward,1.2071990705025093,0.0,0.0,0.0,0.0,0.0,0.0,4.0832135994201495e-06,-2.1229817384309575,-0.0029971012695989914,-0.0024329859078657677,0.008354368622451397,0.0
8,0.0,13,forward,1.2342406062183704,0.0,0.0,0.0,0.0,0.0,0.0,4.092519927696539e-06,-2.1447907857289,-0.0031060038986758212,-0.0024024512358441605,0.008339067644977147,0.0
8,0.0,14,forward,1.2587189516270623,0.0,0.0,0.0,0.0,0.0,0.0,4.102499699717191e-06,-2.1666355892069227,-0.003214096746247529,-0.0023708309056982104,0.00833484813604532,0.0
8,0.0,15,forward,1.2811970380261342,0.0,0.0,0.0,0.0,0.0,0.0,4.113170996171067e-06,-2.1885126930048115,-0.0033213332229251468,-0.0023381332534168375,0.008317568896974659,0.0
8,0.0,16,forward,1.3021203529307899,0.0,0.0,0.0,0.0,0.0,0.0,4.1245510462841295e-06,-2.2104185586709955,-0.0034276668963024626,-0.0023043670803897594,0.008276681183415763,0.0
8,0.0,17,forward,1.3218428874427488,0.0,0.0,0.0,0.0,0.0,0.0,4.136656193760163e-06,-2.2323495737105823,-0.0035330515102050893,-0.0022695416517403686,0.008209199943049639,0.0
8,0.0,18,forward,1.3406468841159276,0.0,0.0,0.0,0.0,0.0,0.0,4.149501863873486e-06,-2.2543020604985,-0.0036374410039459117,-0.00223366669446597,0.008116187191989283,0.0
8,0.0,19,forward,1.358757969343555,0.0,0.0,0.0,0.0,0.0,0.0,4.163102531775785e-06,-2.276272285517456,-0.0037407895315792893,-0.00219675239538536,0.008000709164024178,0.0
8,0.0,20,forward,1.376356829205779,0.0,0.0,0.0,0.0,0.0,0.0,4.1774716920775e-06,-2.2982564688773506,-0.003843051481146068,-0.002158809398893777,0.007866661921322238,0.0
8,0.0,21,forward,1.3935882803956088,0.0,0.0,0.0,0.0,0.0,0.0,4.192621829763081e-06,-2.3202507940701222,-0.003944181493901852,-0.0021198488045253605,0.007718110198996597,0.0
8,0.0,22,forward,1.4105683650779315,0.0,0.0,0.0,0.0,0.0,0.0,4.208564392497506e-06,-2.342251417911715,-0.0040441344835206805,-0.0020798821643233296,0.007558929676846182,0.0
8,0.0,23,forward,1.4273899365416132,0.0,0.0,0.0,0.0,0.0,0.0,4.225309764379719e-06,-2.3642544806210175,-0.0041428656552662336,-0.0020389214800181966,0.007392628030386206,0.0
8,0.0,24,forward,1.4441270842516911,0.0,0.0,0.0,0.0,0.0,0.0,4.242867241196853e-06,-2.3862561159843403,-0.004240330525122974,-0.001996979200014302,0.007222270338410219,0.0
8,0.0,25,forward,1.4608386602125485,0.0,0.0,0.0,0.0,0.0,0.0,4.26124500723083e-06,-2.4082524615530696,-0.0043364849388790256,-0.0019540682161851915,0.007050464255957761,0.0
8,0.0,26,forward,1.477571104687591,0.0,0.0,0.0,0.0,0.0,0.0,4.28045011366748e-06,-2.4302396688219043,-0.0044312850911533705,-0.001910201860478328,0.0068793782017280425,0.0
8,0.0,27,forward,1.4943607220283728,0.0,0.0,0.0,0.0,0.0,0.0,4.300488458655264e-06,-2.4522139133352003,-0.00452468754435918,-0.001865393901329688,0.006710776546044683,0.0
8,0.0,28,forward,1.5112355221495084,0.0,0.0,0.0,0.0,0.0,0.0,4.321364769059281e-06,-2.474171404669676,-0.004616649247595553,-0.0018196585398890313,0.006546062283613069,0.0
8,0.0,29,forward,1.5282167168054612,0.0,0.0,0.0,0.0,0.0,0.0,4.343082583953224e-06,-2.496108396242989,-0.004707127555459844,-0.0017730104060564493,0.006386321624979152,0.0
8,0.0,30,forward,1.5453199399407753,0.0,0.0,0.0,0.0,0.0,0.0,4.3656442398899346e-06,-2.5180211948992888,-0.00479608024677257,-0.0017254645543312022,0.00623236734695326,0.0
8,0.0,31,forward,1.5625562462996343,0.0,0.0,0.0,0.0,0.0,0.0,4.389050857988373e-06,-2.539906170225142,-0.004883465543207192,-0.0016770364594735877,0.006084779207583768,0.0
8,0.0,32,forward,1.5799329309591164,0.0,0.0,0.0,0.0,0.0,0.0,4.413302332872467e-06,-2.561759763551693,-0.004969242127816861,-0.0016277420119809613,0.005943940619192178,0.0
8,0.0,33,forward,1.5974542035911508,0.0,0.0,0.0,0.0,0.0,0.0,4.438397323494241e-06,-2.583578496601954,-0.005053369163450201,-0.001577597513378877,0.005810071304810482,0.0
8,0.0,34,forward,1.6151217443991615,0.0,0.0,0.0,0.0,0.0,0.0,4.46433324587147e-06,-2.6053589797454166,-0.005135806311048479,-0.0015266196713286135,0.005683255974758661,0.0
8,0.0,35,forward,1.6329351633288436,0.0,0.0,0.0,0.0,0.0,0.0,4.491106267766491e-06,-2.6270979198257733,-0.00521651374781617,-0.0014748255945521958,0.005563469234886487,0.0
8,0.0,36,forward,1.6508923799570143,0.0,0.0,0.0,0.0,0.0,0.0,4.518711305330613e-06,-2.648792127531391,-0.005295452185257268,-0.0014222327875762907,0.005450597028298587,0.0
8,0.0,37,forward,1.66898993814884,0.0,0.0,0.0,0.0,0.0,0.0,4.547142021735038e-06,-2.6704385242822015,-0.00537258288706944,-0.0013688591452963195,0.005344454950806932,0.0
8,0.0,38,forward,1.687223266940314,0.0,0.0,0.0,0.0,0.0,0.0,4.576390827806687e-06,-2.692034148610829,-0.005447867686888403,-0.0013147229473623025,0.005244803787423702,0.0
8,0.0,39,forward,1.7055868969977395,0.0,0.0,0.0,0.0,0.0,0.0,4.606448884683669e-06,-2.7135761620200345,-0.005521269005874651,-0.001259842852387892,0.005151362605854748,0.0
8,0.0,40,forward,1.7240746403139184,0.0,0.0,0.0,0.0,0.0,0.0,4.637306108502849e-06,-2.735061854302796,-0.005592749870135146,-0.0012042378919842887,0.005063819721350948,0.0
8,0.0,41,forward,1.7426797394338727,0.0,0.0,0.0,0.0,0.0,0.0,4.668951177127601e-06,-2.7564886483155573,-0.00566227392797189,-0.0011479274646206763,0.004981841820551169,0.0
8,0.0,42,forward,1.7613949913936269,0.0,0.0,0.0,0.0,0.0,0.0,4.701371538921915e-06,-2.7778541041993607,-0.0057298054669501644,-0.0010909313293129797,0.004905081503318365,0.0
8,0.0,43,forward,1.7802128506516184,0.0,0.0,0.0,0.0,0.0,0.0,4.734553423572859e-06,-2.7991559230475747,-0.005795309430778676,-0.001033269599142762,0.00483318347297812,0.0
8,0.0,44,forward,1.7991255145529375,0.0,0.0,0.0,0.0,0.0,0.0,4.768481854960475e-06,-2.8203919500227763,-0.005858751435994091,-0.0009749627346081993,0.004765789577992008,0.0
8,0.0,45,forward,1.8181249942599038,0.0,0.0,0.0,0.0,0.0,0.0,4.803140666070854e-06,-2.8415601769290144,-0.005920097788442499,-0.0009160315368091223,0.004702542882579042,0.0
8,0.0,46,forward,1.837203173583239,0.0,0.0,0.0,0.0,0.0,0.0,4.838512515945005e-06,-2.862658744249083,-0.005979315499550498,-0.0008564971404681911,0.004643090920456006,0.0
8,0.0,47,forward,1.856351857736253,0.0,0.0,0.0,0.0,0.0,0.0,4.8745789086522484e-06,-2.8836859426595787,-0.006036372302378309,-0.0007963810067903447,0.004587088264816519,0.0
8,0.0,48,forward,1.875562813694018,0.0,0.0,0.0,0.0,0.0,0.0,4.91132021427433e-06,-2.9046402140393917,-0.006091236667447882,-0.0007357049161627495,0.004534198528882538,0.0
8,0.0,49,forward,1.894827803557561,0.0,0.0,0.0,0.0,0.0,0.0,4.948715691882227e-06,-2.9255201519898404,-0.006143877818338473,-0.0006744909606975277,0.004484095894750129,0.0
8,0.0,50,forward,1.91413861208926,0.0,0.0,0.0,0.0,0.0,0.0,4.986743514484859e-06,-2.9463245018869157,-0.0061942657470426,-0.000612761536619628,0.004436466253655347,0.0
8,0.0,51,forward,1.9334870693914314,0.0,0.0,0.0,0.0,0.0,0.0,5.025380795925808e-06,-2.9670521604880573,-0.006242371229075513,-0.0005505393365022828,0.004391008028056476,0.0
8,0.0,52,forward,1.9528650695386343,0.0,0.0,0.0,0.0,0.0,0.0,5.064603619699788e-06,-2.9877021751174935,-0.006288165838330689,-0.00048784734135253583,0.004347432734875367,0.0
8,0.0,53,forward,1.9722645858398606,0.0,0.0,0.0,0.0,0.0,0.0,5.104387069658448e-06,-3.0082737424554997,-0.0063316219616747155,-0.0004247088125494324,0.004305465339695169,0.0
8,0.0,54,forward,1.9916776832949006,0.0,0.0,0.0,0.0,0.0,0.0,5.144705262571064e-06,-3.0287662069579513,-0.006372712813274479,-0.0003611472836375081,0.004264844443511384,0.0
8,0.0,55,forward,2.0110965287159104,0.0,0.0,0.0,0.0,0.0,0.0,5.185531382503044e-06,-3.049179058933257,-0.006411412448650102,-0.00029718655197828373,0.0042253223366101045,0.0
8,0.0,56,forward,2.030513398907471,0.0,0.0,0.0,0.0,0.0,0.0,5.2268377169708096e-06,-3.069511932304194,-0.006447695778446388,-0.0002328506702625544,0.004186664948168162,0.0
8,0.0,57,forward,2.0499206872335574,0.0,0.0,0.0,0.0,0.0,0.0,5.268595694830199e-06,-3.0897646020823704,-0.006481538581916754,-0.00016816393788631663,0.0041486517150931546,0.0
8,0.0,58,forward,2.06931090884569,0.0,0.0,0.0,0.0,0.0,0.0,5.310775925850676e-06,-3.1099369815829454,-0.006512917520112655,-0.00010315089219324225,0.004111075389333141,0.0
8,0.0,59,forward,2.088676704801342,0.0,0.0,0.0,0.0,0.0,0.0,5.3533482419254056e-06,-3.1300291194069794,-0.006541810148772088,-3.783629958668692e-05,0.004073741799280273,0.0
8,0.0,60,forward,2.108010845263893,0.0,0.0,0.0,0.0,0.0,0.0,5.396281739864558e-06,3.1331441109613047,-0.0065681949309010995,2.7754853485746116e-05,0.004036469577867574,0.0
8,0.0,61,forward,2.1273062319438534,0.0,0.0,0.0,0.0,0.0,0.0,5.439544825714987e-06,3.1132117858386397,-0.006592051249041554,9.359736967194233e-05,0.003999089867439742,0.0
8,0.0,62,forward,2.146555899914712,0.0,0.0,0.0,0.0,0.0,0.0,5.48310526054792e-06,3.09335877797661,-0.006613359417219349,0.00015966584997619777,0.003961446009387026,0.0
8,0.0,63,forward,2.165753018914647,0.0,0.0,0.0,0.0,0.0,0.0,5.526930207652751e-06,3.073584531529215,-0.006632100692566951,0.0002259347031380345,0.00392339322480173,0.0
8,0.0,64,forward,2.1848908942268968,0.0,0.0,0.0,0.0,0.0,0.0,5.570986281072071e-06,3.053888373024542,-0.006648257286614099,0.00029237815512568865,0.0038847982909999135,0.0
8,0.0,65,forward,2.203962967216087,0.0,0.0,0.0,0.0,0.0,0.0,5.615239595411102e-06,3.0342695152408923,-0.006661812376241077,0.00035897025874086485,0.0038455392175887892,0.0
8,0.0,66,forward,2.2229628155848813,0.0,0.0,0.0,0.0,0.0,0.0,5.659655816851291e-06,3.0147270611460377,-0.006672750114288543,0.00042568490333137933,0.0038055049248190143,0.0
8,0.0,67,forward,2.2418841534044396,0.0,0.0,0.0,0.0,0.0,0.0,5.704200215296176e-06,2.995260007880015,-0.006681055639818558,0.0004924958246082307,0.003764594926204623,0.0
8,0.0,68,forward,2.2607208309630726,0.0,0.0,0.0,0.0,0.0,0.0,5.748837717574544e-06,2.975867250763211,-0.006686715088021143,0.0005593766145635593,0.003722719016778453,0.0
8,0.0,69,forward,2.2794668344698428,0.0,0.0,0.0,0.0,0.0,0.0,5.7935329616237586e-06,2.9565475873128655,-0.0066897155997609,0.000626300731485942,0.003679796967877458,0.0
8,0.0,70,forward,2.2981162856434514,0.0,0.0,0.0,0.0,0.0,0.0,5.838250351574481e-06,2.937299721252504,-0.0066900453307587185,0.0006932415100693929,0.003635758228965613,0.0
8,0.0,71,forward,2.316663441211374,0.0,0.0,0.0,0.0,0.0,0.0,5.882954113654896e-06,2.918122266500194,-0.006687693460403031,0.0007601721716123528,0.003590541636713185,0.0
8,0.0,72,forward,2.3351026923396776,0.0,0.0,0.0,0.0,0.0,0.0,5.927608352831716e-06,2.8990137511228635,-0.006682650200185943,0.0008270658343030296,0.0035440951313219227,0.0
8,0.0,73,forward,2.3534285640101853,0.0,0.0,0.0,0.0,0.0,0.0,5.972177110102609e-06,2.879972621245314,-0.006674906801759224,0.0008938955235871898,0.0034963754799203217,0.0
8,0.0,74,forward,2.3716357143584363,0.0,0.0,0.0,0.0,0.0,0.0,6.016624420353081e-06,2.8609972449037953,-0.006664455564605294,0.0009606341826146702,0.0034473480067255813,0.0
8,0.0,75,forward,2.389718933983241,0.0,0.0,0.0,0.0,0.0,0.0,6.060914370689666e-06,2.8420859158353493,-0.006651289843318816,0.001027254682760692,0.0033969863295837954,0.0
8,0.0,76,forward,2.4076731452363758,0.0,0.0,0.0,0.0,0.0,0.0,6.1050111591591595e-06,2.8232368571953095,-0.006635404054494178,0.0010937298342180524,0.003345272102437069,0.0
8,0.0,77,forward,2.425493401499081,0.0,0.0,0.0,0.0,0.0,0.0,6.148879153762998e-06,2.804448225196525,-0.006616793683214759,0.001160032396656255,0.0032921947632321147,0.0
8,0.0,78,forward,2.443174886450452,0.0,0.0,0.0,0.0,0.0,0.0,6.192482951674059e-06,2.785718112665005,-0.006595455289139616,0.0012261350899435734,0.003237751286764179,0.0
8,0.0,79,forward,2.4607129133314922,0.0,0.0,0.0,0.0,0.0,0.0,6.235787438562236e-06,2.767044552507738,-0.006571386512183524,0.0012920106049279358,0.0031819459419435425,0.0
8,0.0,80,forward,2.478102924207496,0.0,0.0,0.0,0.0,0.0,0.0,6.278757847934784e-06,2.7484255210894255,-0.006544586077786658,0.0013576316142726553,0.0031247900529773887,0.0
8,0.0,81,forward,2.4953404892305233,0.0,0.0,0.0,0.0,0.0,0.0,6.321359820395735e-06,2.7298589415158423,-0.0065150538017699705,0.0014229707833427702,0.0030663017639707135,0.0
8,0.0,82,forward,2.51242130590294,0.0,0.0,0.0,0.0,0.0,0.0,6.3635594627286026e-06,2.7113426868223853,-0.006482790594772658,0.0014880007811378991,0.0030065058064695505,0.0
8,0.0,83,forward,2.5293411983424092,0.0,0.0,0.0,0.0,0.0,0.0,6.405323406706313e-06,2.692874583067234,-0.006447798466268481,0.0015526942912673875,0.0029454332694894836,0.0
8,0.0,84,forward,2.546096116548154,0.0,0.0,0.0,0.0,0.0,0.0,6.446618867531096e-06,2.6744524123292575,-0.006410080528157288,0.001617024022963508,0.0028831213715999615,0.0
8,0.0,85,forward,2.562682135667939,0.0,0.0,0.0,0.0,0.0,0.0,6.4874137018082045e-06,2.6560739156115742,-0.006369640997929028,0.001680962722128492,0.002819613234659679,0.0
8,0.0,86,forward,2.5790954552648215,0.0,0.0,0.0,0.0,0.0,0.0,6.527676464955867e-06,2.6377367956522724,-0.0063264852013969275,0.0017444831824110047,0.0027549576588284386,0.0
8,0.0,87,forward,2.595332398582502,0.0,0.0,0.0,0.0,0.0,0.0,6.567376467954986e-06,2.6194387196444007,-0.006280619574997087,0.0018075582563078683,0.0026892088985089324,0.0
8,0.0,88,forward,2.6113894118078362,0.0,0.0,0.0,0.0,0.0,0.0,6.606483833342098e-06,2.601177321867919,-0.006232051667651916,0.0018701608662865766,0.002622426438901204,0.0
8,0.0,89,forward,2.6272630633289356,0.0,0.0,0.0,0.0,0.0,0.0,6.644969550349777e-06,2.582950206236791,-0.0061807901421950815,0.0019322640159242426,0.0025546747728839025,0.0
8,0.0,90,forward,2.6429500429871373,0.0,0.0,0.0,0.0,0.0,0.0,6.682805529098278e-06,2.5647549487647683,-0.006126844776355029,0.001993840801058666,0.0024860231779625375,0.0
8,0.0,91,forward,2.6584471613210288,0.0,0.0,0.0,0.0,0.0,0.0,6.719964653744762e-06,2.5465890999539935,-0.0060702264632957895,0.002054864420946939,0.00241654549305903,0.0
8,0.0,92,forward,2.67375134880066,0.0,0.0,0.0,0.0,0.0,0.0,6.756420834495411e-06,2.5284501871107183,-0.006010947211712276,0.002115308189427304,0.0023463198949397746,0.0
8,0.0,93,forward,2.688859655050015,0.0,0.0,0.0,0.0,0.0,0.0,6.792149058388312e-06,2.5103357165929316,-0.00594902014547881,0.002175145546079675,0.0022754286741132335,0.0
8,0.0,94,forward,2.703769248055808,0.0,0.0,0.0,0.0,0.0,0.0,6.8271254387554615e-06,2.49224317599485,-0.005884459502848914,0.0022343500673804675,0.0022039580100536305,0.0
8,0.0,95,forward,2.718477413360658,0.0,0.0,0.0,0.0,0.0,0.0,6.861327263273603e-06,2.4741700362735912,-0.005817280635205009,0.002292895477847078,0.002131997745632913,0.0
8,0.0,96,forward,2.7329815532387,0.0,0.0,0.0,0.0,0.0,0.0,6.8947330405159005e-06,2.4561137538234825,-0.005747500005356757,0.002350755661167704,0.002059641160674114,0.0
8,0.0,97,forward,2.7472791858517263,0.0,0.0,0.0,0.0,0.0,0.0,6.927322544916931e-06,2.4380717725037386,-0.005675135185386847,0.002407904671311745,0.001986984744562076,0.0
8,0.0,98,forward,2.761367944383968,0.0,0.0,0.0,0.0,0.0,0.0,6.95907686006659e-06,2.4200415256253254,-0.005600204854043293,0.0024643167436164824,0.0019141279678740186,0.0
8,0.0,99,forward,2.775245576153664,0.0,0.0,0.0,0.0,0.0,0.0,6.989978420249658e-06,2.4020204379030408,-0.005522728793677508,0.0025199663058453584,0.0018411730530183412,0.0
8,0.0,100,forward,2.7889099416996226,0.0,0.0,0.0,0.0,0.0,0.0,7.020011050150232e-06,2.3840059273789307,-0.0054427278867275304,0.002574827989213328,0.0017682247438920995,0.0
8,0.0,101,forward,2.80235901384102,0.0,0.0,0.0,0.0,0.0,0.0,7.049160002642586e-06,2.365995407323244,-0.005360224111746027,0.002628876639374771,0.0016953900745936001,0.0
8,0.0,102,forward,2.815590876708734,0.0,0.0,0.0,0.0,0.0,0.0,7.0774119945922525e-06,2.3479862881192295,-0.005275240538972791,0.002682087327369347,0.0016227781372468442,0.0
8,0.0,103,forward,2.828603724746574,0.0,0.0,0.0,0.0,0.0,0.0,7.104755240593944e-06,2.3299759791381103,-0.005187801325451745,0.0027344353605212803,0.0015504998490177557,0.0
8,0.0,104,forward,2.8413958616808275,0.0,0.0,0.0,0.0,0.0,0.0,7.131179484575681e-06,2.3119618906105988,-0.005097931709692583,0.00278589629328754,0.001478667718422505,0.0
8,0.0,105,forward,2.8539656994565994,0.0,0.0,0.0,0.0,0.0,0.0,7.1566760292007966e-06,2.293941435501356,-0.005005658005877285,0.0028364459380502594,0.0014073956110487174,0.0
8,0.0,106,forward,2.8663117571395023,0.0,0.0,0.0,0.0,0.0,0.0,7.181237763003505e-06,2.2759120313927332,-0.004911007597612084,0.0028860603758490045,0.0013367985148283468,0.0
8,0.0,107,forward,2.8784326597812964,0.0,0.0,0.0,0.0,0.0,0.0,7.204859185195604e-06,2.2578711023842,-0.004814008931225616,0.0029347159670481096,0.0012669923050203091,0.0
8,0.0,108,forward,2.8903271372481796,0.0,0.0,0.0,0.0,0.0,0.0,7.227536428086621e-06,2.239816081013668,-0.004714691508613989,0.0029823893619348907,0.0011980935090778466,0.0
8,0.0,109,forward,2.9019940230104626,0.0,0.0,0.0,0.0,0.0,0.0,7.249267277061041e-06,2.22174441020703,-0.004613085879633935,0.0030290575112437474,0.001130219071589833,0.0
8,0.0,110,forward,2.9134322528924677,0.0,0.0,0.0,0.0,0.0,0.0,7.270051188062409e-06,2.20365354526195,-0.004509223634045265,0.0030746976766021614,0.001063486119503132,0.0
8,0.0,111,forward,2.924640863781537,0.0,0.0,0.0,0.0,0.0,0.0,7.289889302534714e-06,2.1855409558719985,-0.004403137393003996,0.003119287440893588,0.000998011727844167,0.0
8,0.0,112,forward,2.935618992295128,0.0,0.0,0.0,0.0,0.0,0.0,7.3087844597779285e-06,2.167404128196947,-0.004294860800107895,0.0031628047185331414,0.0009339126861723918,0.0
8,0.0,113,forward,2.9463658734050355,0.0,0.0,0.0,0.0,0.0,0.0,7.326741206676357e-06,2.1492405669849552,-0.0041844285119960545,0.0032052277656514088,0.0008713052660086484,0.0
8,0.0,114,forward,2.956880839017873,0.0,0.0,0.0,0.0,0.0,0.0,7.3437658047632046e-06,2.1310477977521693,-0.00407187618850468,0.003246535190181914,0.0008103049894929715,0.0
8,0.0,115,forward,2.967163316511006,0.0,0.0,0.0,0.0,0.0,0.0,7.359866234589077e-06,2.112823369024994,-0.003957240482381095,0.003286705961847988,0.000751026399534796,0.0
8,0.0,116,forward,2.9772128272232234,0.0,0.0,0.0,0.0,0.0,0.0,7.375052197364992e-06,2.0945648546501068,-0.003840559028558422,0.003325719422044356,0.0006935828317272408,0.0
8,0.0,117,forward,2.9870289848995153,0.0,0.0,0.0,0.0,0.0,0.0,7.3893351138566674e-06,2.0762698561769173,-0.0037218704329934874,0.003363555293609447,0.0006380861883039518,0.0
8,0.0,118,forward,2.9966114940893944,0.0,0.0,0.0,0.0,0.0,0.0,7.402728120508086e-06,2.0579360053169466,-0.0036012142610705685,0.0034001936904835624,0.0005846467144231121,0.0
8,0.0,119,forward,3.0059601484983096,0.0,0.0,0.0,0.0,0.0,0.0,7.4152460627801285e-06,2.0395609664841245,-0.0034786310255740306,0.003435615127249086,0.0005333727770678726,0.0
8,0.0,120,forward,3.0150748292917626,0.0,0.0,0.0,0.0,0.0,0.0,7.426905485691598e-06,2.0211424394197084,-0.0033541621742328915,0.003469800528548114,0.0004843706468567119,0.0
8,0.0,121,forward,3.023955503351844,0.0,0.0,0.0,0.0,0.0,0.0,7.4377246215553565e-06,2.0026781619050054,-0.00322785007684057,0.0035027312383732506,0.00043774428305948937,0.0
8,0.0,122,forward,3.0326022214859933,0.0,0.0,0.0,0.0,0.0,0.0,7.447723374907644e-06,1.9841659125645985,-0.0030997380119533046,0.003534389029227564,0.0003935951221169867,0.0
8,0.0,123,forward,3.0410151165878827,0.0,0.0,0.0,0.0,0.0,0.0,7.456923304631565e-06,1.9656035137622798,-0.0029698701531709636,0.0035647561111492765,0.0003520218699628458,0.0
8,0.0,124,forward,3.0491944017504173,0.0,0.0,0.0,0.0,0.0,0.0,7.465347603280782e-06,1.9469888345912352,-0.0028382915550039076,0.0035938151405970173,0.0003131202984458688,0.0
8,0.0,125,forward,3.0571403683309444,0.0,0.0,0.0,0.0,0.0,0.0,7.473021073615455e-06,1.9283197939594159,-0.002705048138330115,0.003621549229191817,0.00027698304615061953,0.0
8,0.0,126,forward,3.0648533839688796,0.0,0.0,0.0,0.0,0.0,0.0,7.479970102364182e-06,1.909594363770335,-0.0025701866754466057,0.0036479419523113535,0.00024369942391154129,0.0
8,0.0,127,forward,3.0723338905560285,0.0,0.0,0.0,0.0,0.0,0.0,7.486222631232902e-06,1.8908105721987425,-0.0024337547747196177,0.0036729773575326784,0.00021335522531346074,0.0
8,0.0,128,forward,3.079582402160031,0.0,0.0,0.0,0.0,0.0,0.0,7.491808125185287e-06,1.8719665070598233,-0.002295800864838067,0.003696639972919438,0.0001860325424678979,0.0
8,0.0,129,forward,3.0865995029014224,0.0,0.0,0.0,0.0,0.0,0.0,7.496757538023053e-06,1.8530603192697033,-0.0021563741786749936,0.003718914815149452,0.00016180958735000778,0.0
8,0.0,130,forward,3.0933858447849496,0.0,0.0,0.0,0.0,0.0,0.0,7.501103275300436e-06,1.834090226394084,-0.002015524736761949,0.003739787397478916,0.0001407605189764176,0.0
8,0.0,131,forward,3.099942145485864,0.0,0.0,0.0,0.0,0.0,0.0,7.504879154611062e-06,1.81505451628084,-0.0018733033303813468,0.003759243737539369,0.00012295527669816883,0.0
8,0.0,132,forward,3.106269186092051,0.0,0.0,0.0,0.0,0.0,0.0,7.508120363289612e-06,1.7959515507713661,-0.0017297615042820653,0.0037772703649635382,0.00010845941987708708,0.0
8,0.0,133,forward,3.112367808802955,0.0,0.0,0.0,0.0,0.0,0.0,7.510863413575961e-06,1.7767797694843317,-0.0015849515390237185,0.0037938543288364266,9.733397420663974e-05,0.0
8,0.0,134,forward,3.118238914586387,0.0,0.0,0.0,0.0,0.0,0.0,7.5131460952929795e-06,1.7575376936643434,-0.0014389264329551699,0.0038089832049678194,8.963528493123162e-05,0.0
8,0.0,135,forward,3.1238834607944095,0.0,0.0,0.0,0.0,0.0,0.0,7.515007426094971e-06,1.7382239300867894,-0.0012917398838330847,0.003822645102982796,8.541487720967493e-05,0.0
8,0.0,136,forward,3.1293024587396294,0.0,0.0,0.0,0.0,0.0,0.0,7.516487599345985e-06,1.718837175008888,-0.0011434462700864315,0.003834828673226352,8.471932386024464e-05,0.0
8,0.0,137,forward,3.1344969712333386,0.0,0.0,0.0,0.0,0.0,0.0,7.5176279296943136e-06,1.6993762181556282,-0.0009941006317330263,0.0038455231134790183,8.759012071571126e-05,0.0
8,0.0,138,forward,3.1394681100870665,0.0,0.0,0.0,0.0,0.0,0.0,7.518470796410793e-06,1.6798399467279896,-0.0008437586509543977,0.003854718175479666,9.406356980741287e-05,0.0
8,0.0,139,forward,3.144217033579237,0.0,0.0,0.0,0.0,0.0,0.0,7.519059584564762e-06,1.6602273494194304,-0.0006924766323353734,0.0038624041712522973,0.00010417067058762384,0.0
8,0.0,140,forward,3.1487449438887434,0.0,0.0,0.0,0.0,0.0,0.0,7.519438624114941e-06,1.640537520425271,-0.0005403114827749988,0.0038685719792335084,0.00011793701938930118,0.0
8,0.0,141,forward,3.153053084497382,0.0,0.0,0.0,0.0,0.0,0.0,7.519653126995969e-06,1.620769663428213,-0.0003873206910754938,0.0038732130501972603,0.00013538271731177928,0.0
8,0.0,142,forward,3.157142737563193,0.0,0.0,0.0,0.0,0.0,0.0,7.51974912228611e-06,1.6009230955418576,-0.00023356230721617233,0.0038763194129738878,0.0001565222867100681,0.0
8,0.0,143,forward,3.161015221266915,0.0,0.0,0.0,0.0,0.0,0.0,7.519773389544761e-06,1.5809972511927424,-7.909492131938195e-05,0.0038778836799601775,0.00018136459645431112,0.0
8,0.0,144,forward,3.1646718871338404,0.0,0.0,0.0,0.0,0.0,0.0,7.519773390411755e-06,1.560991685920088,7.60223576843841e-05,0.0038778990524173528,0.0002099127961142904,0.0
8,0.0,145,forward,3.1681141173335186,0.0,0.0,0.0,0.0,0.0,0.0,7.519797198565765e-06,1.540906080071214,0.0002317299236847797,0.0038763593255543194,0.00024216425921234214,0.0
8,0.0,146,forward,3.1713433219598492,0.0,0.0,0.0,0.0,0.0,0.0,7.519893428139586e-06,1.5207402423693748,0.0003879676953058506,0.0038732588933928576,0.00027811053567577265,0.0
8,0.0,147,forward,3.1743609362942458,0.0,0.0,0.0,0.0,0.0,0.0,7.5201111606964034e-06,1.5004941133296952,0.0005446751380986087,0.003868592753412299,0.0003177373136077355,0.0
8,0.0,148,forward,3.1771684180546473,0.0,0.0,0.0,0.0,0.0,0.0,7.52049987087162e-06,1.480167768497909,0.0007017912870040389,0.0038623565109706178,0.00036102439048289053,0.0
8,0.0,149,forward,3.179767244633299,0.0,0.0,0.0,0.0,0.0,0.0,7.521109350790364e-06,1.4597614214857497,0.0008592547690787819,0.0038545463834996113,0.000407945653861555,0.0
8,0.0,150,forward,3.182158910326303,0.0,0.0,0.0,0.0,0.0,0.0,7.521989633371459e-06,1.4392754267761816,0.0010170038264752728,0.003845159204471344,0.00045846907170293133,0.0
8,0.0,151,forward,3.1843449235580845,0.0,0.0,0.0,0.0,0.0,0.0,7.523190914632035e-06,1.4187102822711357,0.0011749763396682342,0.0038341924271333154,0.0005125566923451022,0.0
8,0.0,152,forward,3.1863268041039983,0.0,0.0,0.0,0.0,0.0,0.0,7.52476347511058e-06,1.398066631554122,0.0013331098509191677,0.0038216441280101644,0.0005701646542056599,0.0
8,0.0,153,forward,3.1881060803144154,0.0,0.0,0.0,0.0,0.0,0.0,7.526757600527014e-06,1.3773452658400127,0.0014913415879703534,0.003807513010169406,0.0006312432052440892,0.0
8,0.0,154,forward,3.1896842863437405,0.0,0.0,0.0,0.0,0.0,0.0,7.529223501800937e-06,1.3565471255844237,0.0016496084879598397,0.0037917984062488777,0.0006957367322124736,0.0
8,0.0,155,forward,3.1910629593878777,0.0,0.0,0.0,0.0,0.0,0.0,7.532211234552256e-06,1.3356733017255755,0.0018078472215486768,0.003774500281243935,0.0007635837997081452,0.0
8,0.0,156,forward,3.1922436369337834,0.0,0.0,0.0,0.0,0.0,0.0,7.5357706182089205e-06,1.314725036532197,0.0019659942172515457,0.003755619235052188,0.0008347171990269742,0.0
8,0.0,157,forward,3.1932278540248147,0.0,0.0,0.0,0.0,0.0,0.0,7.5399511548483495e-06,1.2937037240320035,0.0021239856859618903,0.0037351565047737093,0.0009090640068030176,0.0
8,0.0,158,forward,3.1940171405456588,0.0,0.0,0.0,0.0,0.0,0.0,7.544801947901761e-06,1.272610909996616,0.00228175764566245,0.0037131139667650474,0.0009865456534050854,0.0
8,0.0,159,forward,3.194613018530721,0.0,0.0,0.0,0.0,0.0,0.0,7.550371620850121e-06,1.2514482914603386,0.002439245946312105,0.003689494138445011,0.0010670780010469255,0.0
8,0.0,160,forward,3.1950169994999,0.0,0.0,0.0,0.0,0.0,0.0,7.55670823604263e-06,1.2302177157521803,0.002596386294899601,0.003664300179850599,0.0011505714315533933,0.0
8,0.0,161,forward,3.1952305818257494,0.0,0.0,0.0,0.0,0.0,0.0,7.563859213769445e-06,1.2089211790226908,0.0027531142806549625,0.00363753589494149,0.0012369309437102183,0.0
8,0.0,162,forward,3.1952552481360845,0.0,0.0,0.0,0.0,0.0,0.0,7.571871251720301e-06,1.1875608242497566,0.002909365400409002,0.0036092057326514615,0.0013260562601114523,0.0
8,0.0,163,forward,3.1950924627561386,0.0,0.0,0.0,0.0,0.0,0.0,7.580790244962044e-06,1.1661389387103411,0.0030650750840913146,0.0035793147876854244,0.0014178419434013878,0.0
8,0.0,164,forward,3.194743669194409,0.0,0.0,0.0,0.0,0.0,0.0,7.590661206567484e-06,1.1446579509082462,0.0032201787203572575,0.0035478688010606167,0.0015121775217977473,0.0
8,0.0,165,forward,3.194210287676382,0.0,0.0,0.0,0.0,0.0,0.0,7.601528189028466e-06,1.1231204269514228,0.003374611682333915,0.0035148741603907717,0.0016089476237635125,0.0
8,0.0,166,forward,3.19349371273034,0.0,0.0,0.0,0.0,0.0,0.0,7.613434206586296e-06,1.101529066375939,0.003528309353475444,0.0034803378999122285,0.0017080321216835226,0.0
8,0.0,167,forward,3.1925953108294887,0.0,0.0,0.0,0.0,0.0,0.0,7.626421158610434e-06,1.0798866974175614,0.003681207153517646,0.0034442677002506227,0.0018093062843858032,0.0
8,0.0,168,forward,3.1915164180946234,0.0,0.0,0.0,0.0,0.0,0.0,7.640529754158693e-06,1.058196271735949,0.003833240564521928,0.0034066718879276485,0.0019126409383342369,0.0
8,0.0,169,forward,3.1902583380615988,0.0,0.0,0.0,0.0,0.0,0.0,7.655799437848054e-06,1.0364608586005306,0.003984345156998457,0.003367559434606614,0.0020179026373028097,0.0
8,0.0,170,forward,3.1888223395178312,0.0,0.0,0.0,0.0,0.0,0.0,7.67226831716731e-06,1.0146836385514395,0.004134456616098432,0.003326939956076466,0.0021249538403304014,0.0
8,0.0,171,forward,3.187209654412052,0.0,0.0,0.0,0.0,0.0,0.0,7.689973091358353e-06,0.9928678965530534,0.004283510767865138,0.0032848237109732244,0.002233653097737265,0.0
8,0.0,172,forward,3.185421475841519,0.0,0.0,0.0,0.0,0.0,0.0,7.708948981994352e-06,0.9710170146619993,0.0044314436055335965,0.0032412215992386408,0.002343855244973825,0.0
8,0.0,173,forward,3.183458956120857,0.0,0.0,0.0,0.0,0.0,0.0,7.729229665379332e-06,0.9491344642356003,0.0045781913158684595,0.00319614516031546,0.0024554116040551577,0.0
8,0.0,174,forward,3.1813232049366604,0.0,0.0,0.0,0.0,0.0,0.0,7.750847206892448e-06,0.9272237977108299,0.0047236903055295565,0.0031496065710790067,0.0025681701923238043,0.0
8,0.0,175,forward,3.1790152875919353,0.0,0.0,0.0,0.0,0.0,0.0,7.773831997398236e-06,0.9052886399876313,0.004867877227454958,0.0031016186435048163,0.0026819759382681885,0.0
8,0.0,176,forward,3.1765362233444128,0.0,0.0,0.0,0.0,0.0,0.0,7.798212691841648e-06,0.8833326794541955,0.005010689007250644,0.0030521948220723354,0.0027966709041105653,0.0
8,0.0,177,forward,3.1738869838427,0.0,0.0,0.0,0.0,0.0,0.0,7.824016150143927e-06,0.8613596586949772,0.005152062869576674,0.0030013491809044554,0.0029120945148668476,0.0
8,0.0,178,forward,3.17106849166415,0.0,0.0,0.0,0.0,0.0,0.0,7.851267380513021e-06,0.8393733649253947,0.0052919363645188506,0.0029490964206432065,0.0030280837935670046,0.0
8,0.0,179,forward,3.1680816189582655,0.0,0.0,0.0,0.0,0.0,0.0,7.879989485278578e-06,0.817377620199642,0.0054302473939353705,0.0028954518650616133,0.003144473602311737,0.0
8,0.0,180,forward,3.1649271861993555,0.0,0.0,0.0,0.0,0.0,0.0,7.910203609359548e-06,0.7953762714402776,0.0055669342377681,0.002840431457412127,0.0032610968888306946,0.0
8,0.0,181,forward,3.161605961052067,0.0,0.0,0.0,0.0,0.0,0.0,7.941928891467656e-06,0.7733731803400484,0.005701935580307239,0.0027840517565120367,0.003377784938193573,0.0
8,0.0,182,forward,3.1581186573533087,0.0,0.0,0.0,0.0,0.0,0.0,7.975182418147457e-06,0.7513722131875438,0.005835190536399159,0.0027263299325662794,0.003494367629317874,0.0
8,0.0,183,forward,3.1544659342139787,0.0,0.0,0.0,0.0,0.0,0.0,8.009979180749523e-06,0.7293772306691632,0.0059666386775862204,0.0026672837627284497,0.003610673695900679,0.0
8,0.0,184,forward,3.1506483952437905,0.0,0.0,0.0,0.0,0.0,0.0,8.04633203542954e-06,0.7073920776999619,0.006096220058168304,0.0026069316264005376,0.003726530991397914,0.0
8,0.0,185,forward,3.1466665879023528,0.0,0.0,0.0,0.0,0.0,0.0,8.084251666261873e-06,0.6854205733358046,0.00622387524117489,0.0025452925002724257,0.003841766757657905,0.0
8,0.0,186,forward,3.1425210029795556,0.0,0.0,0.0,0.0,0.0,0.0,8.123746551551637e-06,0.6634665008183364,0.006349545324237101,0.002482385953101921,0.003956207896813557,0.0
8,0.0,187,forward,3.1382120742081563,0.0,0.0,0.0,0.0,0.0,0.0,8.164822933425397e-06,0.6415335978030636,0.00647317196534885,0.0024182321402365253,0.004069681246021917,0.0
8,0.0,188,forward,3.133740178011329,0.0,0.0,0.0,0.0,0.0,0.0,8.207484790775533e-06,0.6196255468189938,0.006594697408506421,0.0023528517978780015,0.004182013854637345,0.0
8,0.0,189,forward,3.1291056333878093,0.0,0.0,0.0,0.0,0.0,0.0,8.251733815628624e-06,0.5977459660060827,0.006714064509215614,0.0022862662370910403,0.004293033263391033,0.0
8,0.0,190,forward,3.1243087019370908,0.0,0.0,0.0,0.0,0.0,0.0,8.297569393003648e-06,0.5758984001740819,0.006831216759855819,0.002218497337557484,0.0044025677851500244,0.0
8,0.0,191,forward,3.1193495880270117,0.0,0.0,0.0,0.0,0.0,0.0,8.344988584319381e-06,0.5540863122233167,0.006946098314889932,0.0021495675410773967,0.004510446786813116,0.0
8,0.0,192,forward,3.1142284391058923,0.0,0.0,0.0,0.0,0.0,0.0,8.393986114407767e-06,0.5323130749645798,0.007058654015910029,0.0020794998448188163,0.004616500971902027,0.0
8,0.0,193,forward,3.108945346161247,0.0,0.0,0.0,0.0,0.0,0.0,8.444554362181493e-06,0.5105819633716805,0.007168829416507421,0.0020083177943176953,0.004720562663400041,0.0
8,0.0,194,forward,3.1035003443269256,0.0,0.0,0.0,0.0,0.0,0.0,8.496683355000966e-06,0.48889614729629616,0.00727657080695679,0.0019360454762299732,0.004822466086382149,0.0
8,0.0,195,forward,3.0978934136404006,0.0,0.0,0.0,0.0,0.0,0.0,8.550360766779179e-06,0.46725868467069986,0.007381825238703698,0.001862707510837572,0.004922047649980943,0.0
8,0.0,196,forward,3.0921244799517464,0.0,0.0,0.0,0.0,0.0,0.0,8.605571919857521e-06,0.44567251521980294,0.007484540548644802,0.0017883290443104609,0.00501914622822619,0.0
8,0.0,197,forward,3.08619341598571,0.0,0.0,0.0,0.0,0.0,0.0,8.66229979067982e-06,0.4241404546996565,0.00758466538319029,0.0017129357407268105,0.005113603439297787,0.0
8,0.0,198,forward,3.080100042558128,0.0,0.0,0.0,0.0,0.0,0.0,8.720525019285872e-06,0.40266518967534337,0.0076821492220979235,0.0016365537738535464,0.005205263922724135,0.0
8,0.0,199,forward,3.0738441299477834,0.0,0.0,0.0,0.0,0.0,0.0,8.78022592264015e-06,0.3812492728469402,0.007776942402068388,0.0015592098186895944,0.005293975614061974,0.0
8,0.0,200,forward,3.067425399424666,0.0,0.0,0.0,0.0,0.0,0.0,8.841378511804191e-06,0.3598951189281375,0.00786899614009111,0.001480931042774257,0.005379590016593494,0.0
9,0.0,1,forward,0.3101038537888878,0.0,0.0,0.0,0.0,0.0,0.0,1.462200765201366e-07,-1.7363062010736832,-0.0001781381814592101,-0.0005333873556356042,0.274292120611296,0.0
9,0.0,2,forward,0.5489983899441288,0.0,0.0,0.0,0.0,0.0,0.0,1.462558564657541e-07,-1.7570005197146301,-0.00020019248186917488,-0.0005314945154498361,0.15671917214804348,0.0
9,0.0,3,forward,0.7345669802381571,0.0,0.0,0.0,0.0,0.0,0.0,1.4630046403509736e-07,-1.7777719584498572,-0.00022225475933111696,-0.0005293809539756654,0.09086718678954628,0.0
9,0.0,4,forward,0.8800008552332071,0.0,0.0,0.0,0.0,0.0,0.0,1.46354873210858e-07,-1.7986194790226127,-0.0002443161980940669,-0.0005270466354989242,0.053942606629424676,0.0
9,0.0,5,forward,0.9950704061116302,0.0,0.0,0.0,0.0,0.0,0.0,1.4642005393555254e-07,-1.8195418920954445,-0.0002663679474630733,-0.0005244916126931118,0.033265892460480194,0.0
9,0.0,6,forward,1.0870456838700284,0.0,0.0,0.0,0.0,0.0,0.0,1.4649697053585016e-07,-1.8405378566723734,-0.00028840112520873295,-0.0005217160269519705,0.021743219349879248,0.0
9,0.0,7,forward,1.161363633685482,0.0,0.0,0.0,0.0,0.0,0.0,1.4658658014337144e-07,-1.861605879956387,-0.00031040682100305297,-0.0005187201086878456,0.015384274583567108,0.0
9,0.0,8,forward,1.2221124928722196,0.0,0.0,0.0,0.0,0.0,0.0,1.466898311144496e-07,-1.8827443176653975,-0.0003323760998803459,-0.0005155041775955408,0.011933652015789817,0.0
9,0.0,9,forward,1.272384168558787,0.0,0.0,0.0,0.0,0.0,0.0,1.4680766145136624e-07,-1.903951374827941,-0.0003543000057217791,-0.0005120686428814002,0.010111643386887997,0.0
9,0.0,10,forward,1.3145312296327127,0.0,0.0,0.0,0.0,0.0,0.0,1.4694099722766073e-07,-1.9252251070779984,-0.0003761695647624929,-0.0005084140034574484,0.009190443469717077,0.0
9,0.0,11,forward,1.3503549052226094,0.0,0.0,0.0,0.0,0.0,0.0,1.4709075102000954e-07,-1.9465634224655393,-0.000397975789119702,-0.0005045408481002823,0.008756088619446739,0.0
9,0.0,12,forward,1.381243096693299,0.0,0.0,0.0,0.0,0.0,0.0,1.4725782034931082e-07,-1.9679640837968964,-0.0004197096803405798,-0.000500449855574613,0.008573891354382121,0.0
9,0.0,13,forward,1.40827209374902,0.0,0.0,0.0,0.0,0.0,0.0,1.474430861335172e-07,-1.9894247115161636,-0.000441362232968718,-0.000496141794721166,0.008511917333785465,0.0
9,0.0,14,forward,1.4322818635296384,0.0,0.0,0.0,0.0,0.0,0.0,1.476474111548146e-07,-2.0109427871350234,-0.0004629244381275065,-0.0004916175245088529,0.00849722471763456,0.0
9,0.0,15,forward,1.4539320367513042,0.0,0.0,0.0,0.0,0.0,0.0,1.478716385437111e-07,-2.0325156572154004,-0.0004843872871192826,-0.0004868779940509806,0.008490715014622313,0.0
9,0.0,16,forward,1.4737437439645975,0.0,0.0,0.0,0.0,0.0,0.0,1.481165902826278e-07,-2.054140537905342,-0.0005057417750388879,-0.0004819242425853788,0.00847262203790125,0.0
9,0.0,17,forward,1.4921310389576168,0.0,0.0,0.0,0.0,0.0,0.0,1.4838306573153006e-07,-2.07581452002439,-0.0005269789044000385,-0.0004767573994183088,0.008434116620268634,0.0
9,0.0,18,forward,1.5094246276842644,0.0,0.0,0.0,0.0,0.0,0.0,1.4867184017816838e-07,-2.097534574690967,-0.000548089688773304,-0.0004713786838320342,0.008372445386632787,0.0
9,0.0,19,forward,1.5258898868887025,0.0,0.0,0.0,0.0,0.0,0.0,1.4898366341543758e-07,-2.1192975594798815,-0.0005690651564342169,-0.00046578940495591725,0.008288120507467245,0.0
9,0.0,20,forward,1.5417406260487094,0.0,0.0,0.0,0.0,0.0,0.0,1.4931925834837388e-07,-2.1411002250938096,-0.0005898963540200628,-0.0004599909616009885,0.008183303479859877,0.0
9,0.0,21,forward,1.557149661712391,0.0,0.0,0.0,0.0,0.0,0.0,1.496793196332662e-07,-2.162939222528421,-0.0006105743501939564,-0.00045398484205789845,0.008060885171844001,0.0
9,0.0,22,forward,1.5722569936238948,0.0,0.0,0.0,0.0,0.0,0.0,1.5006451235129015e-07,-2.1848111107066304,-0.0006310902393147079,-0.000447772623858124,0.007923971726253365,0.0
9,0.0,23,forward,1.5871761678771952,0.0,0.0,0.0,0.0,0.0,0.0,1.5047547071914004e-07,-2.206712364553263,-0.0006514351451111165,-0.0004413559734984963,0.007775606336115182,0.0
9,0.0,24,forward,1.601999262737569,0.0,0.0,0.0,0.0,0.0,0.0,1.5091279683898258e-07,-2.228639383477647,-0.0006716002243592132,-0.0004347366461289193,0.007618627199236672,0.0
9,0.0,25,forward,1.6168008227210287,0.0,0.0,0.0,0.0,0.0,0.0,1.513770594900384e-07,-2.2505885002277126,-0.0006915766705608458,-0.0004279164852032669,0.007455603179098241,0.0
9,0.0,26,forward,1.6316409852516107,0.0,0.0,0.0,0.0,0.0,0.0,1.5186879296413584e-07,-2.2725559900760337,-0.0007113557176224203,-0.0004208974220935025,0.0072888129506574195,0.0
9,0.0,27,forward,1.64656798396943,0.0,0.0,0.0,0.0,0.0,0.0,1.5238849594738928e-07,-2.294538080294795,-0.0007309286435320355,-0.0004136814756669702,0.007120247706617733,0.0
9,0.0,28,forward,1.6616201679342948,0.0,0.0,0.0,0.0,0.0,0.0,1.529366304502331e-07,-2.3165309598741595,-0.0007502867740337428,-0.0004062707518269465,0.006951625930455507,0.0
9,0.0,29,forward,1.6768276424945552,0.0,0.0,0.0,0.0,0.0,0.0,1.5351362078784232e-07,-2.338530789436078,-0.0007694214862972658,-0.0003986674430163807,0.006784413704430725,0.0
9,0.0,30,forward,1.692213612507188,0.0,0.0,0.0,0.0,0.0,0.0,1.541198526130639e-07,-2.3605337112936042,-0.0007883242125818133,-0.00039087382768502205,0.006619846927292561,0.0
9,0.0,31,forward,1.7077954897367464,0.0,0.0,0.0,0.0,0.0,0.0,1.5475567200381113e-07,-2.3825358596046793,-0.0008069864438926406,-0.0003828922697198673,0.006458953504421272,0.0
9,0.0,32,forward,1.7235858120368452,0.0,0.0,0.0,0.0,0.0,0.0,1.5542138460674123e-07,-2.404533370567739,-0.0008253997336282946,-0.00037472521783907866,0.006302574540164807,0.0
9,0.0,33,forward,1.7395930111552864,0.0,0.0,0.0,0.0,0.0,0.0,1.56117254839202e-07,-2.4265223926070214,-0.0008435557012178436,-0.00036637520494947536,0.006151384104401303,0.0
9,0.0,34,forward,1.7558220578343335,0.0,0.0,0.0,0.0,0.0,0.0,1.568435051510509e-07,-2.448499096494694,-0.000861446035745929,-0.00035784484746766593,0.006005907439473435,0.0
9,0.0,35,forward,1.7722750066560047,0.0,0.0,0.0,0.0,0.0,0.0,1.5760031534809183e-07,-2.470459685358049,-0.0008790624995644523,-0.00034913684460499266,0.005866537624687529,0.0
9,0.0,36,forward,1.7889514583275992,0.0,0.0,0.0,0.0,0.0,0.0,1.5838782197871384e-07,-2.4924004045210353,-0.0008963969318894345,-0.0003402539776164093,0.005733550785817387,0.0
9,0.0,37,forward,1.8058489534555262,0.0,0.0,0.0,0.0,0.0,0.0,1.5920611778515397e-07,-2.5143175511308433,-0.0009134412523812489,-0.0003311991090134302,0.00560711996315677,0.0
9,0.0,38,forward,1.8229633090462096,0.0,0.0,0.0,0.0,0.0,0.0,1.6005525122088464e-07,-2.5362074835226203,-0.0009301874647071122,-0.0003219751817413689,0.005487327754872817,0.0
9,0.0,39,forward,1.840288906798883,0.0,0.0,0.0,0.0,0.0,0.0,1.6093522603534253e-07,-2.5580666302776383,-0.000946627660083993,-0.00031258521832101127,0.005374177844860162,0.0
9,0.0,40,forward,1.8578189405638144,0.0,0.0,0.0,0.0,0.0,0.0,1.6184600092727882e-07,-2.5798914989333657,-0.0009627540208007186,-0.0003030323199549536,0.0052676055126520405,0.0
9,0.0,41,forward,1.8755456290158843,0.0,0.0,0.0,0.0,0.0,0.0,1.6278748926777662e-07,-2.60167868430697,-0.0009785588237175432,-0.0002933196655988003,0.005167487210716637,0.0
9,0.0,42,forward,1.8934603985505103,0.0,0.0,0.0,0.0,0.0,0.0,1.637595588939964e-07,-2.6234248763974963,-0.0009940344437419093,-0.00028345051099746594,0.005073649283325876,0.0
9,0.0,43,forward,1.9115540405809204,0.0,0.0,0.0,0.0,0.0,0.0,1.6476203197448516e-07,-2.6451268678355926,-0.0010091733572786534,-0.00027342818768682494,0.004985875891776792,0.0
9,0.0,44,forward,1.9298168467529389,0.0,0.0,0.0,0.0,0.0,0.0,1.6579468494690496e-07,-2.666781560853857,-0.001023968145653434,-0.0002632561019609761,0.004903916203172043,0.0
9,0.0,45,forward,1.94823872505807,0.0,0.0,0.0,0.0,0.0,0.0,1.6685724852882678e-07,-2.6883859737548734,-0.001038411498507759,-0.00025293773380539254,0.004827490894063091,0.0
9,0.0,46,forward,1.9668092993890922,0.0,0.0,0.0,0.0,0.0,0.0,1.6794940780215384e-07,-2.7099372468582965,-0.001052496217164134,-0.00024247663579623875,0.004756298015744065,0.0
9,0.0,47,forward,1.9855179947229247,0.0,0.0,0.0,0.0,0.0,0.0,1.690708023716551e-07,-2.731432647912573,-0.0010662152179599304,-0.00023187643196618767,0.004690018264561391,0.0
9,0.0,48,forward,2.004354109816657,0.0,0.0,0.0,0.0,0.0,0.0,1.7022102659790003e-07,-2.7528695769611193,-0.0010795615355483556,-0.00022114081663703318,0.0046283196979873265,0.0
9,0.0,49,forward,2.0233068790517543,0.0,0.0,0.0,0.0,0.0,0.0,1.7139962990490331e-07,-2.7742455706570612,-0.001092528326165382,-0.00021027355321944323,0.004570861935162873,0.0
9,0.0,50,forward,2.0423655248489543,0.0,0.0,0.0,0.0,0.0,0.0,1.7260611716250862e-07,-2.7955583060244567,-0.001105108870860898,-0.0001992784729802056,0.004517299878937453,0.0
9,0.0,51,forward,2.061519301894891,0.0,0.0,0.0,0.0,0.0,0.0,1.738399491434654e-07,-2.8168056036679423,-0.0011172965786925423,-0.00018815947377732342,0.004467286994988662,0.0
9,0.0,52,forward,2.0807575342652926,0.0,0.0,0.0,0.0,0.0,0.0,1.7510054305523204e-07,-2.8379854304365706,-0.0011290849898813948,-0.00017692051876334937,0.004420478182265819,0.0
9,0.0,53,forward,2.100069646394378,0.0,0.0,0.0,0.0,0.0,0.0,1.7638727314602463e-07,-2.8590959015506927,-0.001140467778927297,-0.0001655656350573391,0.004376532267706901,0.0
9,0.0,54,forward,2.119445188722275,0.0,0.0,0.0,0.0,0.0,0.0,1.7769947138491932e-07,-2.880135282204319,-0.001151438757683053,-0.00015409891238584288,0.004335114156858555,0.0
9,0.0,55,forward,2.1388738587492973,0.0,0.0,0.0,0.0,0.0,0.0,1.790364282153914e-07,-2.9011019886580476,-0.0011619918783856988,-0.00014252450169334726,0.004295896670677979,0.0
9,0.0,56,forward,2.1583455181354947,0.0,0.0,0.0,0.0,0.0,0.0,1.8039739338174906e-07,-2.9219945888404135,-0.0011721212366437308,-0.00013084661372260727,0.00425856209738118,0.0
9,0.0,57,forward,2.177850206404334,0.0,0.0,0.0,0.0,0.0,0.0,1.8178157682762997e-07,-2.942811802477717,-0.0011818210743786142,-0.00011906951756531058,0.004222803486730153,0.0
9,0.0,58,forward,2.1973781517392514,0.0,0.0,0.0,0.0,0.0,0.0,1.8318814966580625e-07,-2.9635525007744814,-0.0011910857827195853,-0.00010719753918355704,0.004188325712634333,0.0
9,0.0,59,forward,2.21691977929993,0.0,0.0,0.0,0.0,0.0,0.0,1.8461624521821989e-07,-2.9842157056683165,-0.0011999099048500968,-9.523505990259542e-05,0.004154846328375816,0.0
9,0.0,60,forward,2.2364657174305207,0.0,0.0,0.0,0.0,0.0,0.0,1.860649601251717e-07,-3.0048005886843345,-0.0012082881388046712,-8.31865148753306e-05,0.004122096237182404,0.0
9,0.0,61,forward,2.256006802083814,0.0,0.0,0.0,0.0,0.0,0.0,1.875333555224358e-07,-3.025306469415301,-0.0012162153402148353,-7.105639151911912e-05,0.004089820199278171,0.0
9,0.0,62,forward,2.275534079742802,0.0,0.0,0.0,0.0,0.0,0.0,1.890204582849837e-07,-3.045732813654626,-0.0012236865250029527,-5.8849227925310284e-05,0.004057777194947265,0.0
9,0.0,63,forward,2.295038809083579,0.0,0.0,0.0,0.0,0.0,0.0,1.9052526233580398e-07,-3.0660792312095015,-0.0012306968720224717,-4.656961124214566e-05,0.004025740661581068,0.0
9,0.0,64,forward,2.3145124615905095,0.0,0.0,0.0,0.0,0.0,0.0,1.920467300182142e-07,-3.0863454734220275,-0.0012372417256432749,-3.422217603147281e-05,0.003993498621143732,0.0
9,0.0,65,forward,2.3339467213055283,0.0,0.0,0.0,0.0,0.0,0.0,1.935837935300968e-07,-3.1065314304259206,-0.0012433165982812663,-2.1811602599897988e-05,0.003960853713006474,0.0
9,0.0,66,forward,2.353333483867992,0.0,0.0,0.0,0.0,0.0,0.0,1.9513535641811164e-07,-3.1266371281662657,-0.001248917172870519,-9.342615304891966e-06,0.003927623145671744,0.0
9,0.0,67,forward,2.3726648549791483,0.0,0.0,0.0,0.0,0.0,0.0,1.9670029513001185e-07,3.1365225819703584,-0.0012540393052769066,3.180019163523396e-06,0.003893638579548775,0.0
9,0.0,68,forward,2.391933148405771,0.0,0.0,0.0,0.0,0.0,0.0,1.9827746062308702e-07,3.116576797811461,-0.0012586790266521932,1.5751493524964435e-05,0.0038587459516526423,0.0
9,0.0,69,forward,2.411130883620482,0.0,0.0,0.0,0.0,0.0,0.0,1.9986568002649583e-07,3.096710413008261,-0.0012628325457270594,2.8366961674116366e-05,0.0038228052518873845,0.0
9,0.0,70,forward,2.4302507831614406,0.0,0.0,0.0,0.0,0.0,0.0,2.0146375835534901e-07,3.0769228919830076,-0.0012664962510422278,4.1021540468798655e-05,0.0037856902594469166,0.0
9,0.0,71,forward,2.449285769781202,0.0,0.0,0.0,0.0,0.0,0.0,2.030704802741576e-07,3.057213580884298,-0.0012696667131163952,5.3710311540037046e-05,0.0037472882468153057,0.0
9,0.0,72,forward,2.468228963443395,0.0,0.0,0.0,0.0,0.0,0.0,2.0468461190719463e-07,3.037581711450487,-0.001272340686549807,6.642832312351613e-05,0.003707499657889024,0.0
9,0.0,73,forward,2.487073678216196,0.0,0.0,0.0,0.0,0.0,0.0,2.0630490269327387e-07,3.018026404939686,-0.0012745151120624883,7.917059191174353e-05,0.00366623776585695,0.0
9,0.0,74,forward,2.5058134191032884,0.0,0.0,0.0,0.0,0.0,0.0,2.0793008728225042e-07,2.998546676106518,-0.0012761871184658327,9.193210492627198e-05,0.003623428315673527,0.0
9,0.0,75,forward,2.524441878845816,0.0,0.0,0.0,0.0,0.0,0.0,2.0955888747068204e-07,2.979141437207146,-0.0012773540245669612,0.00010470782140933195,0.0035790091552344028,0.0
9,0.0,76,forward,2.5429529347227366,0.0,0.0,0.0,0.0,0.0,0.0,2.111900141736484e-07,2.959809502015463,-0.001278013341004178,0.00011749267473416641,0.003532929858716727,0.0
9,0.0,77,forward,2.561340645371706,0.0,0.0,0.0,0.0,0.0,0.0,2.1282216943002807e-07,2.940549589834771,-0.001278162772013071,0.00013028157433337374,0.003485151344961357,0.0
9,0.0,78,forward,2.5795992476481726,0.0,0.0,0.0,0.0,0.0,0.0,2.1445404843816245e-07,2.9213603294905495,-0.0012778002171219066,0.00014306940764457351,0.003435645493266415,0.0
9,0.0,79,forward,2.597723153536572,0.0,0.0,0.0,0.0,0.0,0.0,2.1608434161894453e-07,2.902240263291343,-0.0012769237727755514,0.0001558510420726911,0.0033843947585071588,0.0
9,0.0,80,forward,2.61570694712426,0.0,0.0,0.0,0.0,0.0,0.0,2.177117367032197e-07,2.8831878509461593,-0.001275531733886934,0.0001686213269681339,0.003331391787106397,0.0
9,0.0,81,forward,2.6335453816461416,0.0,0.0,0.0,0.0,0.0,0.0,2.1933492084030962e-07,2.86420147342813,-0.0012736225953150703,0.00018137509562007363,0.003276639035039053,0.0
9,0.0,82,forward,2.651233376605645,0.0,0.0,0.0,0.0,0.0,0.0,2.209525827245069e-07,2.84527943677522,-0.0012711950532689061,0.00019410716726423266,0.0032201483887639992,0.0
9,0.0,83,forward,2.668766014975787,0.0,0.0,0.0,0.0,0.0,0.0,2.2256341473616724e-07,2.826419975820387,-0.001268248006635886,0.00020681234910426355,0.0031619407897302,0.0
9,0.0,84,forward,2.6861385404824656,0.0,0.0,0.0,0.0,0.0,0.0,2.2416611509419424e-07,2.807621257844465,-0.0012647805582347365,0.00021948543834607144,0.003102045862897196,0.0
9,0.0,85,forward,2.703346354970807,0.0,0.0,0.0,0.0,0.0,0.0,2.2575939001644005e-07,2.7888813861462247,-0.0012607920159913094,0.00023212122424430898,0.0030405015495406085,0.0
9,0.0,86,forward,2.720385015854274,0.0,0.0,0.0,0.0,0.0,0.0,2.2734195588471153e-07,2.7701984035253315,-0.001256281894037051,0.00024471449016022154,0.0029773537444756637,0.0
9,0.0,87,forward,2.7372502336453644,0.0,0.0,0.0,0.0,0.0,0.0,2.2891254141083404e-07,2.751570295674654,-0.0012512499137289914,0.0002572600156300967,0.002912655937719111,0.0
9,0.0,88,forward,2.753937869565976,0.0,0.0,0.0,0.0,0.0,0.0,2.3046988980039753e-07,2.7329949944795615,-0.0012456960045908463,0.00026975257844351867,0.002846468860529028,0.0
9,0.0,89,forward,2.7704439332349327,0.0,0.0,0.0,0.0,0.0,0.0,2.320127609106421e-07,2.7144703812225357,-0.001239620305174355,0.0002821869567306759,0.002778860135694783,0.0
9,0.0,90,forward,2.7867645804296677,0.0,0.0,0.0,0.0,0.0,0.0,2.3353993339895422e-07,2.6959942896924787,-0.0012330231638402053,0.00029455793105784457,0.0027099039319082863,0.0
9,0.0,91,forward,2.8028961109187125,0.0,0.0,0.0,0.0,0.0,0.0,2.3505020685849157e-07,2.6775645091987097,-0.001225905139458021,0.00030686028653028995,0.0026396806220153057,0.0
9,0.0,92,forward,2.8188349663613117,0.0,0.0,0.0,0.0,0.0,0.0,2.3654240393738207e-07,2.6591787874903603,-0.001218267002024716,0.00031908881490179923,0.002568276444934181,0.0
9,0.0,93,forward,2.8345777282702804,0.0,0.0,0.0,0.0,0.0,0.0,2.380153724378823e-07,2.6408348335826712,-0.0012101097332004945,0.000331238316689915,0.002495783171021282,0.0
9,0.0,94,forward,2.8501211160340425,0.0,0.0,0.0,0.0,0.0,0.0,2.3946798739213953e-07,2.622530320492141,-0.0012014345267623713,0.0003433036032962113,0.002422297770670878,0.0
9,0.0,95,forward,2.8654619849936678,0.0,0.0,0.0,0.0,0.0,0.0,2.4089915311085236e-07,2.6042628878832135,-0.0011922427889742954,0.00035527949913059803,0.0023479220859474736,0.0
9,0.0,96,forward,2.8805973245706564,0.0,0.0,0.0,0.0,0.0,0.0,2.423078052014175e-07,2.58603014462937,-0.0011825361388735011,0.00036716084373901106,0.0022727625050680267,0.0
9,0.0,97,forward,2.8955242564411514,0.0,0.0,0.0,0.0,0.0,0.0,2.436929125520571e-07,2.5678296712924924,-0.001172316408472804,0.0003789424939334499,0.0021969296395720206,0.0
9,0.0,98,forward,2.9102400327522697,0.0,0.0,0.0,0.0,0.0,0.0,2.4505347927842747e-07,2.5496590225241658,-0.0011615856428781395,0.00039061932592365794,0.002120538004046879,0.0
9,0.0,99,forward,2.924742034376225,0.0,0.0,0.0,0.0,0.0,0.0,2.4638854662938883e-07,2.5315157293933885,-0.0011503461003213036,0.000402186237449604,0.00204370569829887,0.0
9,0.0,100,forward,2.939027769197952,0.0,0.0,0.0,0.0,0.0,0.0,2.476971948483771e-07,2.5133973016454334,-0.0011386002521072034,0.0004136381499137386,0.0019665540918938074,0.0
9,0.0,101,forward,2.953094870431976,0.0,0.0,0.0,0.0,0.0,0.0,2.4897854498718e-07,2.4953012298965884,-0.0011263507824754717,0.00042497001051242106,0.0018892075110171769,0.0
9,0.0,102,forward,2.9669410949643407,0.0,0.0,0.0,0.0,0.0,0.0,2.502317606687599e-07,2.477224987770242,-0.0011136005883761945,0.0004361767943654727,0.0018117929276348366,0.0
9,0.0,103,forward,2.9805643217154563,0.0,0.0,0.0,0.0,0.0,0.0,2.514560497958782e-07,2.4591660339796686,-0.0011003527791594062,0.00044725350664305904,0.0017344396509633153,0.0
9,0.0,104,forward,2.9939625500198175,0.0,0.0,0.0,0.0,0.0,0.0,2.5265066620234925e-07,2.441121814363169,-0.0010866106761781536,0.00045819518468903647,0.001657279021286151,0.0
9,0.0,105,forward,3.007133898018635,0.0,0.0,0.0,0.0,0.0,0.0,2.5381491124378576e-07,2.423089763877423,-0.0010723778123049,0.0004689969001398717,0.0015804441061781915,0.0
9,0.0,106,forward,3.020076601061508,0.0,0.0,0.0,0.0,0.0,0.0,2.5494813532490167e-07,2.405067308555025,-0.0010576579313613494,0.0004796537610383609,0.001504069399225455,0.0
9,0.0,107,forward,3.0327890101133597,0.0,0.0,0.0,0.0,0.0,0.0,2.560497393602131e-07,2.387051867432311,-0.001042454987461146,0.0004901609139411068,0.0014282905213484631,0.0
9,0.0,108,forward,3.045269590162999,0.0,0.0,0.0,0.0,0.0,0.0,2.5711917616544824e-07,2.369040854453671,-0.0010267731442657748,0.0005005135460190575,0.001353243924858999,0.0
9,0.0,109,forward,3.057516918629745,0.0,0.0,0.0,0.0,0.0,0.0,2.581559517767749e-07,2.3510316803586533,-0.0010106167741534315,0.0005107068871501309,0.001279066600398615,0.0
9,0.0,110,forward,3.069529683764699,0.0,0.0,0.0,0.0,0.0,0.0,2.5915962669516975e-07,2.3330217545581076,-0.0009939904573007983,0.0005207362120031243,0.0012058957869218734,0.0
9,0.0,111,forward,3.0813066830433633,0.0,0.0,0.0,0.0,0.0,0.0,2.6012981705330983e-07,2.315008487005878,-0.0009768989806778624,0.0005305968421119406,0.001133868684903866,0.0
9,0.0,112,forward,3.0928468215464373,0.0,0.0,0.0,0.0,0.0,0.0,2.6106619570252765e-07,2.2969892900723177,-0.000959347336955789,0.0005402841479393573,0.0010631221729618945,0.0
9,0.0,113,forward,3.1041491103257526,0.0,0.0,0.0,0.0,0.0,0.0,2.619684932174275e-07,2.278961580425979,-0.0009413407233278827,0.0005497935509294652,0.0009937925280927296,0.0
9,0.0,114,forward,3.115212664752455,0.0,0.0,0.0,0.0,0.0,0.0,2.6283649881586006e-07,2.2609227809299504,-0.0009228845402438382,0.0005591205255478169,0.0009260151497349906,0.0
9,0.0,115,forward,3.1260367028446767,0.0,0.0,0.0,0.0,0.0,0.0,2.6367006119211516e-07,2.2428703225591122,-0.0009039843900574483,0.0005682606013084555,0.0008599242878732094,0.0
9,0.0,116,forward,3.136620543572088,0.0,0.0,0.0,0.0,0.0,0.0,2.644690892613706e-07,2.2248016463443463,-0.0008846460755878583,0.0005772093647871264,0.0007956527754045262,0.0
9,0.0,117,forward,3.146963605134874,0.0,0.0,0.0,0.0,0.0,0.0,2.6523355281331454e-07,2.2067142053502202,-0.0008648755985947166,0.00058596246161945,0.0007333317649944604,0.0
9,0.0,118,forward,3.1570654032148404,0.0,0.0,0.0,0.0,0.0,0.0,2.6596348307341104e-07,2.1886054666917834,-0.0008446791581674594,0.000594515598483645,0.000673090470648216,0.0
9,0.0,119,forward,3.1669255491964763,0.0,0.0,0.0,0.0,0.0,0.0,2.6665897316982795e-07,2.1704729135967757,-0.0008240631490289385,0.000602864545066393,0.0006150559142275025,0.0
9,0.0,120,forward,3.176543748356021,0.0,0.0,0.0,0.0,0.0,0.0,2.6732017850494635e-07,2.152314047518533,-0.0008030341597538919,0.0006110051360116582,0.0005593526771407384,0.0
9,0.0,121,forward,3.1859197980166836,0.0,0.0,0.0,0.0,0.0,0.0,2.679473170297178e-07,2.1341263903055228,-0.0007815989709024762,0.0006189332728510321,0.0005061026574353714,0.0
9,0.0,122,forward,3.1950535856683677,0.0,0.0,0.0,0.0,0.0,0.0,2.6854066941980736e-07,2.115907486432711,-0.0007597645530693973,0.0006266449259149863,0.0004554248325177451,0.0
9,0.0,123,forward,3.2039450870504145,0.0,0.0,0.0,0.0,0.0,0.0,2.6910057915248613e-07,2.097654905299727,-0.0007375380648489712,0.0006341361362242754,0.0004074350277245009,0.0
9,0.0,124,forward,3.212594364196031,0.0,0.0,0.0,0.0,0.0,0.0,2.69627452483267e-07,2.0793662436007714,-0.0007149268507166564,0.0006414030173604938,0.00036224569096548337,0.0
9,0.0,125,forward,3.2210015634372726,0.0,0.0,0.0,0.0,0.0,0.0,2.701217583215918e-07,2.0610391277706865,-0.0006919384388276146,0.0006484417573150576,0.0003199656736547346,0.0
9,0.0,126,forward,3.2291669133695917,0.0,0.0,0.0,0.0,0.0,0.0,2.705840280048863e-07,2.0426712165113092,-0.0006685805387327237,0.0006552486203157058,0.0002807000181417607,0.0
9,0.0,127,forward,3.2370907227751577,0.0,0.0,0.0,0.0,0.0,0.0,2.7101485497060687e-07,2.0242602034018335,-0.0006448610390127628,0.0006618199486297765,0.00024454975185064787,0.0
9,0.0,128,forward,3.2447733785043327,0.0,0.0,0.0,0.0,0.0,0.0,2.7141489432592233e-07,2.0058038195964936,-0.0006207880048313114,0.0006681521643433637,0.0002116116883296576,0.0
9,0.0,129,forward,3.252215343314849,0.0,0.0,0.0,0.0,0.0,0.0,2.717848623149623e-07,1.9872998366122987,-0.0005963696754070249,0.0006742417711156323,0.00018197823540842817,0.0
9,0.0,130,forward,3.259417153668428,0.0,0.0,0.0,0.0,0.0,0.0,2.721255356836411e-07,1.968746069209163,-0.0005716144614060374,0.000680085355907436,0.00015573721065498952,0.0
9,0.0,131,forward,3.266379417484752,0.0,0.0,0.0,0.0,0.0,0.0,2.7243775094215556e-07,1.9501403783641058,-0.0005465309422551082,0.0006856795906833164,0.00013297166431855585,0.0
9,0.0,132,forward,3.2731028118528798,0.0,0.0,0.0,0.0,0.0,0.0,2.7272240352580513e-07,1.9314806743404378,-0.0005211278633764123,0.0006910212340864829,0.0001137597099388505,0.0
9,0.0,133,forward,3.279588080700382,0.0,0.0,0.0,0.0,0.0,0.0,2.7298044685429544e-07,1.9127649198524732,-0.0004954141333446245,0.0006961071330854747,9.817436279652061e-05,0.0
9,0.0,134,forward,3.2858360324206317,0.0,0.0,0.0,0.0,0.0,0.0,2.7321289129052346e-07,1.8939911333252173,-0.00046939882096724497,0.0007009342245921474,8.628338637344879e-05,0.0
9,0.0,135,forward,3.291847537458898,0.0,0.0,0.0,0.0,0.0,0.0,2.734208029995564e-07,1.8751573922478901,-0.00044309115228896454,0.0007054995370500071,7.814914698570487e-05,0.0
9,0.0,136,forward,3.297623525858026,0.0,0.0,0.0,0.0,0.0,0.0,2.7360530270890334e-07,1.8562618366191739,-0.00041650050752097906,0.0007098001919922278,7.38284767458615e-05,0.0
9,0.0,137,forward,3.3031649847647007,0.0,0.0,0.0,0.0,0.0,0.0,2.737675643712138e-07,1.8373026724812282,-0.0003896364178962004,0.0007138334055685065,7.33725450052492e-05,0.0
9,0.0,138,forward,3.308472955897435,0.0,0.0,0.0,0.0,0.0,0.0,2.739088137308682e-07,1.818278175538417,-0.0003625085624513168,0.0007175964900401622,7.682673842057848e-05,0.0
9,0.0,139,forward,3.3135485329776206,0.0,0.0,0.0,0.0,0.0,0.0,2.7403032679591476e-07,1.7991866948557447,-0.0003351267647366853,0.00072108685524264,8.423054978310947e-05,0.0
9,0.0,140,forward,3.3183928591251326,0.0,0.0,0.0,0.0,0.0,0.0,2.741334282170534e-07,1.780026656630883,-0.0003075009894551308,0.000724302010014704,9.56174757422313e-05,0.0
9,0.0,141,forward,3.3230071242201613,0.0,0.0,0.0,0.0,0.0,0.0,2.7421948957561646e-07,1.760796568032406,-0.00027964133903065665,0.0007272395635937457,0.00011101492354887495,0.0
9,0.0,142,forward,3.327392562233094,0.0,0.0,0.0,0.0,0.0,0.0,2.742899275824016e-07,1.7414950210958307,-0.00025155805010821606,0.0007298972269762714,0.0001304441269376934,0.0
9,0.0,143,forward,3.331550448524456,0.0,0.0,0.0,0.0,0.0,0.0,2.743462021897269e-07,1.7221206966675873,-0.00022326148998563433,0.0007322728142431547,0.00015392007126025127,0.0
9,0.0,144,forward,3.335482097117055,0.0,0.0,0.0,0.0,0.0,0.0,2.7438981461891175e-07,1.702672368385921,-0.00019476215297886681,0.0007343642438487897,0.000181451427974667,0.0
9,0.0,145,forward,3.339188857942652,0.0,0.0,0.0,0.0,0.0,0.0,2.7442230530570217e-07,1.6831489066862928,-0.00016607065672176374,0.0007361695398735228,0.00021304049859016336,0.0
9,0.0,146,forward,3.342672114065619,0.0,0.0,0.0,0.0,0.0,0.0,2.744452517663741e-07,1.6635492828174963,-0.00013719773840157118,0.0007376868332388335,0.00024868316815779626,0.0
9,0.0,147,forward,3.345933278886202,0.0,0.0,0.0,0.0,0.0,0.0,2.744602663871449e-07,1.6438725728533992,-0.00010815425093143456,0.0007389143628844069,0.0002883688683912172,0.0
9,0.0,148,forward,3.3489737933261554,0.0,0.0,0.0,0.0,0.0,0.0,2.74468994140011e-07,1.624117961683726,-7.895115906116427e-05,0.0007398504769067158,0.00033208055049373936,0.0
9,0.0,149,forward,3.351795122999638,0.0,0.0,0.0,0.0,0.0,0.0,2.7447311022791105e-07,1.60428474696602,-4.9599535427592024e-05,0.0007404936336582562,0.00037979466775988485,0.0
9,0.0,150,forward,3.3543987553724297,0.0,0.0,0.0,0.0,0.0,0.0,2.7447431766264635e-07,1.5843723430194845,-2.01105565458392e-05,0.0007408424028071265,0.000431481168011727,0.0
9,0.0,151,forward,3.3567861969126165,0.0,0.0,0.0,0.0,0.0,0.0,2.7447434477867795e-07,1.5643802846401793,9.504501257088379e-06,0.0007408954663560495,0.0004871034959213552,0.0
9,0.0,152,forward,3.358958970236063,0.0,0.0,0.0,0.0,0.0,0.0,2.744749426864757e-07,1.5443082308156642,3.923426596504077e-05,0.000740651619620527,0.0005466186052625888,0.0
9,0.0,153,forward,3.360918611250069,0.0,0.0,0.0,0.0,0.0,0.0,2.744778826688894e-07,1.5241559683161041,6.90672740502954e-05,0.0007401097721653865,0.0006099769811251515,0.0
9,0.0,154,forward,3.362666666298763,0.0,0.0,0.0,0.0,0.0,0.0,2.744849535244382e-07,1.5039234151376546,9.899197470456326e-05,0.0007392689486994017,0.0006771226721158374,0.0
9,0.0,155,forward,3.3642046893138593,0.0,0.0,0.0,0.0,0.0,0.0,2.7449795886106975e-07,1.4836106237729247,0.00012899673412200208,0.0007381282899270662,0.0007479933325604537,0.0
9,0.0,156,forward,3.3655342389745306,0.0,0.0,0.0,0.0,0.0,0.0,2.745187143447454e-07,1.463217784282689,0.00015906983983250691,0.0007366870533575544,0.0008225202747109972,0.0
9,0.0,157,forward,3.3666568758802424,0.0,0.0,0.0,0.0,0.0,0.0,2.7454904490652315e-07,1.442745227141917,0.00018919950508400343,0.000734944614069845,0.0009006285309510059,0.0
9,0.0,158,forward,3.367574159740466,0.0,0.0,0.0,0.0,0.0,0.0,2.745907819125665e-07,1.422193425832975,0.00021937387327206767,0.0007329004654338945,0.0009822369259816777,0.0
9,0.0,159,forward,3.3682876465853036,0.0,0.0,0.0,0.0,0.0,0.0,2.746457603011358e-07,1.4015629991584255,0.00024958102241519694,0.0007305542197871344,0.0010672581589597496,0.0
9,0.0,160,forward,3.368798886001101,0.0,0.0,0.0,0.0,0.0,0.0,2.747158156911295e-07,1.3808547132456537,0.0002798089696742952,0.0007279056090661492,0.0011555988955462282,0.0
9,0.0,161,forward,3.369109418395211,0.0,0.0,0.0,0.0,0.0,0.0,2.7480278146632137e-07,1.3600694832157036,0.0003100456759146456,0.0007249544853927329,0.0012471598698134412,0.0
9,0.0,162,forward,3.3692207722941343,0.0,0.0,0.0,0.0,0.0,0.0,2.749084858399732e-07,1.3392083744891978,0.00034027905030864855,0.0007217008216141679,0.0013418359959444792,0.0
9,0.0,163,forward,3.369134461679299,0.0,0.0,0.0,0.0,0.0,0.0,2.750347489043751e-07,1.3182726037026589,0.0003704969549777962,0.0007181447117973022,0.001439516489647491,0.0
9,0.0,164,forward,3.368851983364801,0.0,0.0,0.0,0.0,0.0,0.0,2.7518337966982935e-07,1.2972635392096665,0.0004006872096720231,0.0007142863716759139,0.0015400849991931975,0.0
9,0.0,165,forward,3.36837481442147,0.0,0.0,0.0,0.0,0.0,0.0,2.753561730978209e-07,1.2761827011424147,0.0004308375964847851,0.0007101261390510782,0.0016434197459710143,0.0
9,0.0,166,forward,3.3677044096516275,0.0,0.0,0.0,0.0,0.0,0.0,2.75554907133156e-07,1.25503176101081,0.00046093586460218416,0.0007056644741442673,0.001749393674444627,0.0
9,0.0,167,forward,3.366842199118956,0.0,0.0,0.0,0.0,0.0,0.0,2.757813397396875e-07,1.233812540818151,0.0004909697350842305,0.0007009019599026647,0.0018578746113759592,0.0
9,0.0,168,forward,3.3657895857378857,0.0,0.0,0.0,0.0,0.0,0.0,2.760372059445165e-07,1.2125270116746112,0.0005209269056764728,0.0006958393022565187,0.001968725434168983,0.0
9,0.0,169,forward,3.364547942926929,0.0,0.0,0.0,0.0,0.0,0.0,2.7632421489552285e-07,1.1911772918921304,0.0005507950556503384,0.0006904773303282632,0.0020818042481731136,0.0
9,0.0,170,forward,3.3631186123303642,0.0,0.0,0.0,0.0,0.0,0.0,2.766440469369501e-07,1.1697656445472358,0.0005805618506701979,0.0006848169965929936,0.0021969645727704656,0.0
9,0.0,171,forward,3.3615029016126803,0.0,0.0,0.0,0.0,0.0,0.0,2.7699835070797073e-07,1.148294474501364,0.0006102149476853517,0.0006788593769901514,0.0023140555360553483,0.0
9,0.0,172,forward,3.359702082330154,0.0,0.0,0.0,0.0,0.0,0.0,2.773887402690703e-07,1.1267663248715285,0.0006397419998451574,0.000672605670986145,0.002432922077901356,0.0
9,0.0,173,forward,3.3577173878839104,0.0,0.0,0.0,0.0,0.0,0.0,2.7781679226103596e-07,1.1051838729479164,0.000669130661435237,0.0006660572015876402,0.0025534051611945663,0.0
9,0.0,174,forward,3.355550011558765,0.0,0.0,0.0,0.0,0.0,0.0,2.782840431015081e-07,1.0835499255586853,0.0006983685928330584,0.0006592154153054753,0.002675341990997615,0.0
9,0.0,175,forward,3.3532011046521206,0.0,0.0,0.0,0.0,0.0,0.0,2.787919862237355e-07,1.0618674138861026,0.0007274434654809815,0.0006520818820687607,0.0027985662413944623,0.0
9,0.0,176,forward,3.3506717746970986,0.0,0.0,0.0,0.0,0.0,0.0,2.793420693624001e-07,1.0401393877427185,0.0007563429668745529,0.000644658295089206,0.002922908289748616,0.0
9,0.0,177,forward,3.347963083784064,0.0,0.0,0.0,0.0,0.0,0.0,2.799356918912795e-07,1.0183690093198798,0.0007850548055645599,0.0006369464706754599,0.0030481954580966475,0.0
9,0.0,178,forward,3.345076046984582,0.0,0.0,0.0,0.0,0.0,0.0,2.8057420221743164e-07,0.9965595464257571,0.0008135667161704858,0.0006289483479974286,0.00317425226137813,0.0
9,0.0,179,forward,3.342011630881807,0.0,0.0,0.0,0.0,0.0,0.0,2.812588952363791e-07,0.9747143652335983,0.0008418664644036928,0.0006206659888001298,0.003300900662196238,0.0
9,0.0,180,forward,3.338770752211178,0.0,0.0,0.0,0.0,0.0,0.0,2.8199100985321185e-07,0.9528369225659932,0.0008699418520982037,0.0006121015770675678,0.0034279603317806107,0.0
9,0.0,181,forward,3.335354276615227,0.0,0.0,0.0,0.0,0.0,0.0,2.8277172657372464e-07,0.930930757744167,0.0008977807222469853,0.0006032574186359813,0.0035552489168163004,0.0
9,0.0,182,forward,3.331763017516181,0.0,0.0,0.0,0.0,0.0,0.0,2.8360216517039745e-07,0.9089994840355995,0.0009253709640422368,0.0005941359407568414,0.0036825823117860867,0.0
9,0.0,183,forward,3.3279977351099426,0.0,0.0,0.0,0.0,0.0,0.0,2.844833824272203e-07,0.887046779737147,0.0009527005179168422,0.0005847396916092968,0.0038097749364582323,0.0
9,0.0,184,forward,3.3240591354849043,0.0,0.0,0.0,0.0,0.0,0.0,2.8541636996795593e-07,0.8650763789336222,0.0009797573805859496,0.00057507133976226,0.0039366400181433114,0.0
9,0.0,185,forward,3.31994786986894,0.0,0.0,0.0,0.0,0.0,0.0,2.8640205217169263e-07,0.8430920619755994,0.0010065296100856896,0.0005651336735859985,0.004062989878326206,0.0
9,0.0,186,forward,3.315664534007776,0.0,0.0,0.0,0.0,0.0,0.0,2.8744128417999385e-07,0.8210976457221272,0.0010330053308078779,0.0005549296006133517,0.004188636223269149,0.0
9,0.0,187,forward,3.3112096676778284,0.0,0.0,0.0,0.0,0.0,0.0,2.8853484999938756e-07,0.7990969735970797,0.001059172738527875,0.0005444621468506228,0.004313390438171805,0.0
9,0.0,188,forward,3.306583754336421,0.0,0.0,0.0,0.0,0.0,0.0,2.896834607031734e-07,0.7770939055088637,0.0010850201054243352,0.0005337344560381684,0.004437063884457859,0.0
9,0.0,189,forward,3.3017872209121975,0.0,0.0,0.0,0.0,0.0,0.0,2.9088775273604916e-07,0.7550923076853766,0.0011105357850879976,0.0005227497888608096,0.004559468199752614,0.0
9,0.0,190,forward,3.2968204377383596,0.0,0.0,0.0,0.0,0.0,0.0,2.9214828632533716e-07,0.7330960424762152,0.0011357082175182528,0.0005115115221082362,0.004680415600105126,0.0
9,0.0,191,forward,3.2916837186312367,0.0,0.0,0.0,0.0,0.0,0.0,2.934655440019833e-07,0.7111089581749764,0.0011605259341047685,0.0005000231477854216,0.004799719183992135,0.0
9,0.0,192,forward,3.2863773211165213,0.0,0.0,0.0,0.0,0.0,0.0,2.948399292347572e-07,0.6891348789140297,0.0011849775625925112,0.0004882882721733342,0.0049171932376441685,0.0
9,0.0,193,forward,3.2809014468053705,0.0,0.0,0.0,0.0,0.0,0.0,2.962717651806957e-07,0.6671775946834047,0.0012090518320280743,0.0004763106148400112,0.005032653541215182,0.0
9,0.0,194,forward,3.275256241922405,0.0,0.0,0.0,0.0,0.0,0.0,2.9776129355467774e-07,0.6452408515245192,0.0012327375776849394,0.00046409400760227647,0.005145917675317024,0.0
9,0.0,195,forward,3.269441797987488,0.0,0.0,0.0,0.0,0.0,0.0,2.9930867362105546e-07,0.6233283419472389,0.0012560237459662215,0.00045164239343825635,0.005256805327430003,0.0
9,0.0,196,forward,3.263458152653015,0.0,0.0,0.0,0.0,0.0,0.0,3.009139813097422e-07,0.6014436956173486,0.0012788993992820313,0.0004389598253510324,0.005365138597695829,0.0
9,0.0,197,forward,3.2573052906982807,0.0,0.0,0.0,0.0,0.0,0.0,3.025772084593357e-07,0.579590470357995,0.0013013537209001851,0.00042605046518351576,0.005470742303596676,0.0
9,0.0,198,forward,3.2509831451823583,0.0,0.0,0.0,0.0,0.0,0.0,3.0429826218945844e-07,0.5577721435065873,0.0013233760197677304,0.00041291858238502044,0.005573444283014206,0.0
9,0.0,199,forward,3.2444915987567553,0.0,0.0,0.0,0.0,0.0,0.0,3.0607696440431873e-07,0.5359921036647796,0.0013449557353012872,0.0003995685527297235,0.005673075695168395,0.0
9,0.0,200,forward,3.2378304851389794,0.0,0.0,0.0,0.0,0.0,0.0,3.0791305142938494e-07,0.5142536428756349,0.0013660824421442982,0.0003860048569873194,0.00576947131892358,0.0
10,0.0,1,forward,0.3075304607251325,0.0,0.0,0.0,0.0,0.0,0.0,1.1877681567459558e-05,-1.4380202131986208,0.0012900994801733694,-0.004831047848924216,0.2701846830481546,0.0
10,0.0,2,forward,0.5447505581798598,0.0,0.0,0.0,0.0,0.0,0.0,1.1879108768685665e-05,-1.4575401806193973,0.0011013848308221547,-0.004843012772855177,0.1557708706366755,0.0
10,0.0,3,forward,0.7294776916661544,0.0,0.0,0.0,0.0,0.0,0.0,1.1880119631877927e-05,-1.4771362649642779,0.0009114732611497715,-0.0048530833778947,0.09166559315601608,0.0
10,0.0,4,forward,0.8748025138992248,0.0,0.0,0.0,0.0,0.0,0.0,1.1880783886267745e-05,-1.4968093950899866,0.0007204361416982414,-0.004861248044406429,0.055593562482409715,0.0
10,0.0,5,forward,0.9903763983368037,0.0,0.0,0.0,0.0,0.0,0.0,1.1881172676291347e-05,-1.5165603912210335,0.0005283455800134431,-0.004867495870594524,0.035231768989278454,0.0
10,0.0,6,forward,1.0833451463585242,0.0,0.0,0.0,0.0,0.0,0.0,1.1881358459794549e-05,-1.536389960995551,0.00033527439467719375,-0.004871816679748456,0.023722113492194188,0.0
10,0.0,7,forward,1.1590258931557462,0.0,0.0,0.0,0.0,0.0,0.0,1.1881414903314623e-05,-1.5562986955683114,0.0001412960889501866,-0.004874201027225932,0.017223757280236278,0.0
10,0.0,8,forward,1.2213977927815864,0.0,0.0,0.0,0.0,0.0,0.0,1.1881416774584718e-05,-1.5762870657914365,-5.3515175965034724e-05,-0.004874640207170215,0.013571602659304724,0.0
10,0.0,9,forward,1.2734578350865857,0.0,0.0,0.0,0.0,0.0,0.0,1.1881439832411168e-05,-1.5963554184946018,-0.0002490846080320693,-0.0048731262589580505,0.011537179734232336,0.0
10,0.0,10,forward,1.317479105119952,0.0,0.0,0.0,0.0,0.0,0.0,1.188156071407962e-05,-1.6165039728877115,-0.0004453368118500501,-0.004869651973374523,0.010419117893434166,0.0
10,0.0,11,forward,1.3551985388902852,0.0,0.0,0.0,0.0,0.0,0.0,1.188185682045117e-05,-1.6367328171101492,-0.0006421958164749207,-0.0048642108985113,0.009814834933692979,0.0
10,0.0,12,forward,1.3879537485105822,0.0,0.0,0.0,0.0,0.0,0.0,1.1882406198914667e-05,-1.6570419049517155,-0.0008395851035829482,-0.004856797345384766,0.009492402930540753,0.0
10,0.0,13,forward,1.4167830477020316,0.0,0.0,0.0,0.0,0.0,0.0,1.188328742436605e-05,-1.6774310527712053,-0.0010374276359663601,-0.004847406393270679,0.009318114964898636,0.0
10,0.0,14,forward,1.4424988624893755,0.0,0.0,0.0,0.0,0.0,0.0,1.1884579478390357e-05,-1.6978999366393357,-0.001235645886351205,-0.004836033894752089,0.009215219323856022,0.0
10,0.0,15,forward,1.4657418599546888,0.0,0.0,0.0,0.0,0.0,0.0,1.1886361626826186e-05,-1.7184480897332386,-0.0014341618665269717,-0.004822676480477362,0.009140213728106139,0.0
10,0.0,16,forward,1.4870210728715678,0.0,0.0,0.0,0.0,0.0,0.0,1.1888713295896021e-05,-1.739074900010121,-0.0016328971567777103,-0.004807331563625144,0.00906910725528981,0.0
10,0.0,17,forward,1.5067438207268151,0.0,0.0,0.0,0.0,0.0,0.0,1.1891713947090709e-05,-1.7597796081878034,-0.001831772935604003,-0.004789997344073448,0.008989386442194935,0.0
10,0.0,18,forward,1.5252381673028923,0.0,0.0,0.0,0.0,0.0,0.0,1.189544295099865e-05,-1.780561306059728,-0.0020307100097249034,-0.004770672812269907,0.008895274566778189,0.0
10,0.0,19,forward,1.542769894485821,0.0,0.0,0.0,0.0,0.0,0.0,1.1899979460274241e-05,-1.801418935171714,-0.0022296288443491336,-0.0047493577528004574,0.008784910277357727,0.0
10,0.0,20,forward,1.5595554264153866,0.0,0.0,0.0,0.0,0.0,0.0,1.1905402281942884e-05,-1.822351285887051,-0.002428449593704356,-0.004726052747653856,0.008658656197579523,0.0
10,0.0,21,forward,1.5757717463661858,0.0,0.0,0.0,0.0,0.0,0.0,1.1911789749242356e-05,-1.8433569968656258,-0.0026270921318133256,-0.004700759179179454,0.008518079816978746,0.0
10,0.0,22,forward,1.591564066983401,0.0,0.0,0.0,0.0,0.0,0.0,1.1919219593202916e-05,-1.864434554981542,-0.0028254760835055505,-0.004673479232735843,0.008365338653879922,0.0
10,0.0,23,forward,1.6070518113418135,0.0,0.0,0.0,0.0,0.0,0.0,1.1927768814170676e-05,-1.8855822957021704,-0.003023520855653099,-0.004644215899028115,0.00820281105941098,0.0
10,0.0,24,forward,1.6223333153818618,0.0,0.0,0.0,0.0,0.0,0.0,1.193751355347953e-05,-1.906798403949695,-0.0032211456686186937,-0.004612972976131395,0.00803287769123004,0.0
10,0.0,25,forward,1.6374895556614568,0.0,0.0,0.0,0.0,0.0,0.0,1.1948528965480231e-05,-1.9280809154640761,-0.003418269587904512,-0.0045797550711988285,0.007857796110440435,0.0
10,0.0,26,forward,1.6525871286874791,0.0,0.0,0.0,0.0,0.0,0.0,1.1960889090134124e-05,-1.9494277186838735,-0.0036148115559897502,-0.004544567601851829,0.007679633200728175,0.0
10,0.0,27,forward,1.667680651256077,0.0,0.0,0.0,0.0,0.0,0.0,1.1974666726381574e-05,-1.9708365571585893,-0.0038106904243449956,-0.004507416797250926,0.007500233490986996,0.0
10,0.0,28,forward,1.6828147094511055,0.0,0.0,0.0,0.0,0.0,0.0,1.1989933306494317e-05,-1.992305032503103,-0.004005824985611036,-0.004468309698845419,0.007321209617125207,0.0
10,0.0,29,forward,1.6980254530855168,0.0,0.0,0.0,0.0,0.0,0.0,1.2006758771622119e-05,-2.013830607901494,-0.004200134005930293,-0.004427254160800294,0.007143946195237616,0.0
10,0.0,30,forward,1.71334190945095,0.0,0.0,0.0,0.0,0.0,0.0,1.2025211448742702e-05,-2.035410612163876,-0.004393536257417987,-0.004384258850098908,0.006969611532384623,0.0
10,0.0,31,forward,1.7287870731287498,0.0,0.0,0.0,0.0,0.0,0.0,1.204535792922469e-05,-2.0570422443361727,-0.004585950550761096,-0.004339333246320133,0.006799173603568742,0.0
10,0.0,32,forward,1.744378815767812,0.0,0.0,0.0,0.0,0.0,0.0,1.20672629492112e-05,-2.078722578858711,-0.004777295767932282,-0.004292487641088708,0.006633418011096015,0.0
10,0.0,33,forward,1.760130650032591,0.0,0.0,0.0,0.0,0.0,0.0,1.209098927203109e-05,-2.1004485712654053,-0.004967490895005936,-0.004243733137197785,0.006472966479842968,0.0
10,0.0,34,forward,1.7760523745546113,0.0,0.0,0.0,0.0,0.0,0.0,1.2116597572843055e-05,-2.1222170644111547,-0.005156455055063993,-0.004193081647402588,0.0063182949912895525,0.0
10,0.0,35,forward,1.7921506210884988,0.0,0.0,0.0,0.0,0.0,0.0,1.214414632571631e-05,-2.1440247952107687,-0.005344107541178562,-0.004140545892884481,0.006169751021534442,0.0
10,0.0,36,forward,1.8084293207427493,0.0,0.0,0.0,0.0,0.0,0.0,1.2173691693348196e-05,-2.165868401868467,-0.0055303678494580824,-0.004086139401384676,0.006027569587758186,0.0
10,0.0,37,forward,1.824890102804725,0.0,0.0,0.0,0.0,0.0,0.0,1.220528741961777e-05,-2.187744431572905,-0.00571515571214467,-0.00402987650500698,0.005891887964791176,0.0
10,0.0,38,forward,1.8415326370706737,0.0,0.0,0.0,0.0,0.0,0.0,1.223898472517034e-05,-2.2096493486284796,-0.005898391130748867,-0.003971772337689214,0.005762759035399634,0.0
10,0.0,39,forward,1.8583549285478167,0.0,0.0,0.0,0.0,0.0,0.0,1.2274832206225622e-05,-2.2315795429898833,-0.006079994409209346,-0.003911842832342935,0.005640163302432222,0.0
10,0.0,40,forward,1.8753535717842362,0.0,0.0,0.0,0.0,0.0,0.0,1.2312875736797393e-05,-2.253531339163084,-0.0062598861870637465,-0.003850104717661298,0.005524019630063104,0.0
10,0.0,41,forward,1.8925239708039217,0.0,0.0,0.0,0.0,0.0,0.0,1.2353158374509735e-05,-2.2755010054326075,-0.0064379874726178754,-0.003786575514595013,0.005414194803225136,0.0
10,0.0,42,forward,1.9098605296036566,0.0,0.0,0.0,0.0,0.0,0.0,1.23957202701897e-05,-2.297484763371835,-0.00661421967609964,-0.0037212735324964686,0.005310512004580936,0.0
10,0.0,43,forward,1.9273568173483526,0.0,0.0,0.0,0.0,0.0,0.0,1.2440598581412414e-05,-2.3194787975903997,-0.006788504642784598,-0.003654217864932269,0.005212758310965737,0.0
10,0.0,44,forward,1.9450057117383577,0.0,0.0,0.0,0.0,0.0,0.0,1.2487827390168642e-05,-2.3414792656704115,-0.006960764686079418,-0.003585428385164492,0.0051206913088918116,0.0
10,0.0,45,forward,1.962799523482743,0.0,0.0,0.0,0.0,0.0,0.0,1.2537437624821156e-05,-2.363482308241473,-0.007130922620550242,-0.003514925741301212,0.005034044923324876,0.0
10,0.0,46,forward,1.9807301043708,0.0,0.0,0.0,0.0,0.0,0.0,1.2589456986508714e-05,-2.38548405914302,-0.007298901794882026,-0.0034427313511168453,0.004952534546862952,0.0
10,0.0,47,forward,1.9987889410699813,0.0,0.0,0.0,0.0,0.0,0.0,1.26439098801525e-05,-2.407480655621713,-0.0074646261247557156,-0.0033688673965431358,0.004875861548577887,0.0
10,0.0,48,forward,2.0169672364766877,0.0,0.0,0.0,0.0,0.0,0.0,1.2700817350212449e-05,-2.429468248511248,-0.0076280201256296596,-0.003293356817831615,0.0048037172337127565,0.0
10,0.0,49,forward,2.035255980194525,0.0,0.0,0.0,0.0,0.0,0.0,1.2760197021334419e-05,-2.4514430123420903,-0.007789008945411403,-0.0032162233073886114,0.004735786317585644,0.0
10,0.0,50,forward,2.0536460095032623,0.0,0.0,0.0,0.0,0.0,0.0,1.2822063044024066e-05,-2.473401155329405,-0.007947518397007027,-0.00313749130328394,0.004671749969662076,0.0
10,0.0,51,forward,2.0721280620032325,0.0,0.0,0.0,0.0,0.0,0.0,1.288642604547357e-05,-2.4953389291885593,-0.008103474990733698,-0.003057185982434579,0.004611288476974784,0.0
10,0.0,52,forward,2.0906928209682847,0.0,0.0,0.0,0.0,0.0,0.0,1.2953293085662588e-05,-2.517252638729324,-0.008256805966582377,-0.002975333253464769,0.004554083569950684,0.0
10,0.0,53,forward,2.1093309543108436,0.0,0.0,0.0,0.0,0.0,0.0,1.3022667618846182e-05,-2.5391386511820175,-0.008407439326317117,-0.002891959749244099,0.004499820448274627,0.0
10,0.0,54,forward,2.128033147951386,0.0,0.0,0.0,0.0,0.0,0.0,1.3094549460534414e-05,-2.5609934052113896,-0.008555303865397152,-0.002807092819105287,0.004448189539645542,0.0
10,0.0,55,forward,2.146790134288543,0.0,0.0,0.0,0.0,0.0,0.0,1.3168934760061208e-05,-2.5828134195770285,-0.008700329204708571,-0.0027207605207434887,0.00439888802013344,0.0
10,0.0,56,forward,2.165592716382709,0.0,0.0,0.0,0.0,0.0,0.0,1.3245815978831191e-05,-2.6045953014023553,-0.008842445822091915,-0.0026329916117991147,0.0043516211212712985,0.0
10,0.0,57,forward,2.184431788393386,0.0,0.0,0.0,0.0,0.0,0.0,1.3325181874324993e-05,-2.626335754017862,-0.008981585083652247,-0.0025438155411262584,0.004306103245947379,0.0
10,0.0,58,forward,2.203298352746928,0.0,0.0,0.0,0.0,0.0,0.0,1.3407017489935031e-05,-2.6480315843480993,-0.009117679274838324,-0.0024532624397489884,0.004262058912548938,0.0
10,0.0,59,forward,2.222183534455527,0.0,0.0,0.0,0.0,0.0,0.0,1.3491304150695088e-05,-2.6696797098159424,-0.00925066163127756,-0.002361363111507865,0.0042192235445857595,0.0
10,0.0,60,forward,2.2410785929590924,0.0,0.0,0.0,0.0,0.0,0.0,1.3578019464957105e-05,-2.691277164741792,-0.009380466369353102,-0.0022681490233992184,0.004177344121134796,0.0
10,0.0,61,forward,2.2599749318181983,0.0,0.0,0.0,0.0,0.0,0.0,1.3667137332061435e-05,-2.7128211062196628,-0.009507028716510284,-0.002173652295609806,0.004136179701844045,0.0
10,0.0,62,forward,2.2788641065477924,0.0,0.0,0.0,0.0,0.0,0.0,1.3758627956034757e-05,-2.7343088194562886,-0.009630284941278518,-0.002077905691249645,0.004095501838869642,0.0
10,0.0,63,forward,2.2977378308471783,0.0,0.0,0.0,0.0,0.0,0.0,1.3852457865343693e-05,-2.7557377225636923,-0.009750172382996193,-0.0019809426057859187,0.0040550948869559345,0.0
10,0.0,64,forward,2.3165879814514274,0.0,0.0,0.0,0.0,0.0,0.0,1.3948589938719497e-05,-2.777105370799732,-0.009866629481224834,-0.0018827970561810074,0.004014756221865812,0.0
10,0.0,65,forward,2.335406601802353,0.0,0.0,0.0,0.0,0.0,0.0,1.4046983437062173e-05,-2.7984094602552285,-0.009979595804839947,-0.0017835036697378093,0.003974296376496822,0.0
10,0.0,66,forward,2.354185904713116,0.0,0.0,0.0,0.0,0.0,0.0,1.4147594041420452e-05,-2.819647830990093,-0.010089012080785187,-0.0016830976726556577,0.003933539103259331,0.0
10,0.0,67,forward,2.372918274179105,0.0,0.0,0.0,0.0,0.0,0.0,1.4250373897036329e-05,-2.840818469624564,-0.010194820222477344,-0.0015816148783002464,0.0038923213706142934,0.0
10,0.0,68,forward,2.3915962664686337,0.0,0.0,0.0,0.0,0.0,0.0,1.4355271663431699e-05,-2.8619195113950537,-0.01029696335784921,-0.0014790916751911732,0.0038504933010607423,0.0
10,0.0,69,forward,2.4102126106099955,0.0,0.0,0.0,0.0,0.0,0.0,1.446223257050432e-05,-2.882949241687283,-0.010395385857017382,-0.0013755650147107038,0.0038079180573121763,0.0
10,0.0,70,forward,2.42876020837629,0.0,0.0,0.0,0.0,0.0,0.0,1.4571198480592669e-05,-2.903906097062256,-0.010490033359562933,-0.001271072398537683,0.0037644716828906244,0.0
10,0.0,71,forward,2.447232133855959,0.0,0.0,0.0,0.0,0.0,0.0,1.4682107956456548e-05,-2.924788665793199,-0.010580852801412003,-0.001165651865810416,0.003720042902890852,0.0
10,0.0,72,forward,2.465621632685041,0.0,0.0,0.0,0.0,0.0,0.0,1.4794896335111869e-05,-2.9455956879338556,-0.010667792441304004,-0.001059341980022671,0.0036745328902278995,0.0
10,0.0,73,forward,2.4839221210065334,0.0,0.0,0.0,0.0,0.0,0.0,1.490949580744882e-05,-2.9663260549404984,-0.010750801886835507,-0.0009521818156569413,0.0036278550022509903,0.0
10,0.0,74,forward,2.502127184212874,0.0,0.0,0.0,0.0,0.0,0.0,1.5025835503550684e-05,-2.9869788088716347,-0.01082983212006722,-0.0008442109445592935,0.0035799344922119447,0.0
10,0.0,75,forward,2.520230575519264,0.0,0.0,0.0,0.0,0.0,0.0,1.5143841583622419e-05,-3.0075531411907255,-0.010904835522682241,-0.0007354694220602366,0.003530708199689314,0.0
10,0.0,76,forward,2.5382262144082377,0.0,0.0,0.0,0.0,0.0,0.0,1.5263437334428562e-05,-3.0280483911982583,-0.010975765900683937,-0.0006259977728461462,0.0034801242237020302,0.0
10,0.0,77,forward,2.556108184979457,0.0,0.0,0.0,0.0,0.0,0.0,1.5384543271127903e-05,-3.0484640441202338,-0.011042578508621054,-0.0005158369765859307,0.003428141581896138,0.0
10,0.0,78,forward,2.5738707342330795,0.0,0.0,0.0,0.0,0.0,0.0,1.5507077244386898e-05,-3.0687997288805984,-0.01110523007332931,-0.00040502845331769766,0.0033747298588522323,0.0
10,0.0,79,forward,2.591508270310102,0.0,0.0,0.0,0.0,0.0,0.0,1.5630954552639827e-05,-3.0890552155853177,-0.011163678817177213,-0.0002936140486003471,0.003319868846239471,0.0
10,0.0,80,forward,2.6090153607088147,0.0,0.0,0.0,0.0,0.0,0.0,1.5756088059358294e-05,-3.1092304127457493,-0.011217884480805395,-0.00018163601843509093,0.003263548177237674,0.0
10,0.0,81,forward,2.6263867304927477,0.0,0.0,0.0,0.0,0.0,0.0,1.5882388315180376e-05,-3.1293253642686882,-0.011267808345347846,-6.913701396203677e-05,0.003205766957361189,0.0
10,0.0,82,forward,2.6436172605022947,0.0,0.0,0.0,0.0,0.0,0.0,1.60097636847437e-05,3.1338450609396116,-0.011313413254124586,4.383993406295237e-05,0.0031465333935456474,0.0
10,0.0,83,forward,2.6607019855794087,0.0,0.0,0.0,0.0,0.0,0.0,1.6138120478054508e-05,3.1139099436516915,-0.011354663633794318,0.00015725143100573,0.003085864423103213,0.0
10,0.0,84,forward,2.677636092812415,0.0,0.0,0.0,0.0,0.0,0.0,1.626736308621988e-05,3.094054160947807,-0.011391525514957092,0.0002710537343002945,0.0030237853439132323,0.0
10,0.0,85,forward,2.6944149198059453,0.0,0.0,0.0,0.0,0.0,0.0,1.6397394121358327e-05,3.0742771611793414,-0.011423966552195923,0.00038520276959851633,0.0029603294469981445,0.0
10,0.0,86,forward,2.7110339529793155,0.0,0.0,0.0,0.0,0.0,0.0,1.652811456049861e-05,3.05457827493714,-0.011451956043547507,0.0004996541471175808,0.002895537652426672,0.0
10,0.0,87,forward,2.727488825895221,0.0,0.0,0.0,0.0,0.0,0.0,1.6659423893267026e-05,3.0349567189250455,-0.011475464949391745,0.000614363178179334,0.0028294581493050752,0.0
10,0.0,88,forward,2.7437753176194466,0.0,0.0,0.0,0.0,0.0,0.0,1.67912202731561e-05,3.0154115998972806,-0.011494465910750174,0.0007292848919357061,0.002762146040447666,0.0
10,0.0,89,forward,2.7598893511113016,0.0,0.0,0.0,0.0,0.0,0.0,1.692340067216073e-05,2.99594191864003,-0.011508933266983693,0.0008443740522742026,0.0026936629921660016,0.0
10,0.0,90,forward,2.7758269916436946,0.0,0.0,0.0,0.0,0.0,0.0,1.7055861038559732e-05,2.976546573978929,-0.011518843072879934,0.0009595851748974636,0.0026240768894850164,0.0
10,0.0,91,forward,2.791584445251135,0.0,0.0,0.0,0.0,0.0,0.0,1.7188496457615146e-05,2.9572243667955505,-0.011524173115121205,0.0010748725445706502,0.0025534614969726643,0.0
10,0.0,92,forward,2.8071580572034303,0.0,0.0,0.0,0.0,0.0,0.0,1.7321201314953818e-05,2.937974004037319,-0.011524902928123677,0.0011901902325305652,0.0024818961252700555,0.0
10,0.0,93,forward,2.8225443105024843,0.0,0.0,0.0,0.0,0.0,0.0,1.745386946239055e-05,2.9187941027067437,-0.011521013809239125,0.0013054921140499452,0.002409465303321423,0.0
10,0.0,94,forward,2.8377398243993004,0.0,0.0,0.0,0.0,0.0,0.0,1.7586394385946058e-05,2.899683193817132,-0.011512488833310556,0.0014207318861507343,0.002336258456226592,0.0
10,0.0,95,forward,2.8527413529281094,0.0,0.0,0.0,0.0,0.0,0.0,1.7718669375806495e-05,2.8806397263033574,-0.011499312866573035,0.001535863085459704,0.0022623695885825024,0.0
10,0.0,96,forward,2.8675457834544007,0.0,0.0,0.0,0.0,0.0,0.0,1.7850587697968605e-05,2.861662070877546,-0.011481472579892097,0.001650839106199849,0.0021878969731304876,0.0
10,0.0,97,forward,2.882150135233587,0.0,0.0,0.0,0.0,0.0,0.0,1.798204276730611e-05,2.842748523820812,-0.011458956461331058,0.0017656132183108515,0.0021129428444868203,0.0
10,0.0,98,forward,2.8965515579769843,0.0,0.0,0.0,0.0,0.0,0.0,1.8112928321792693e-05,2.8238973107033907,-0.011431754828040189,0.0018801385856919673,0.0020376130977126095,0.0
10,0.0,99,forward,2.9107473304218394,0.0,0.0,0.0,0.0,0.0,0.0,1.8243138597609126e-05,2.805106590026698,-0.011399859837459657,0.001994368284560469,0.0019620169914578156,0.0
10,0.0,100,forward,2.9247348589021787,0.0,0.0,0.0,0.0,0.0,0.0,1.837256850486135e-05,2.7863744567820015,-0.011363265497829513,0.0021082553219185997,0.0018862668554088247,0.0
10,0.0,101,forward,2.9385116759173173,0.0,0.0,0.0,0.0,0.0,0.0,1.8501113803631528e-05,2.767698945921372,-0.011321967677999369,0.002221752654122278,0.0018104778017653533,0.0
10,0.0,102,forward,2.952075438694996,0.0,0.0,0.0,0.0,0.0,0.0,1.8628671280082107e-05,2.7490780357376607,-0.011275964116531255,0.0023348132055444584,0.001734767440481344,0.0
10,0.0,103,forward,2.9654239277462016,0.0,0.0,0.0,0.0,0.0,0.0,1.8755138922329965e-05,2.730509651151163,-0.011225254430089033,0.0024473898873259123,0.0016592555980138035,0.0
10,0.0,104,forward,2.978555045408866,0.0,0.0,0.0,0.0,0.0,0.0,1.8880416095806487e-05,2.711991666901515,-0.011169840121108244,0.0025594356162064254,0.0015840640393405825,0.0
10,0.0,105,forward,2.9914668143777634,0.0,0.0,0.0,0.0,0.0,0.0,1.900440371781747e-05,2.6935219106441988,-0.011109724584740384,0.0026709033334290718,0.0015093161930295473,0.0
10,0.0,106,forward,3.0041573762180747,0.0,0.0,0.0,0.0,0.0,0.0,1.9127004431015937e-05,2.675098165951782,-0.011044913115065903,0.0027817460237103586,0.0014351368791644115,0.0
10,0.0,107,forward,3.016624989860219,0.0,0.0,0.0,0.0,0.0,0.0,1.9248122775500452e-05,2.6567181752207696,-0.01097541291057059,0.0028919167342688003,0.0013616520399603316,0.0
10,0.0,108,forward,3.0288680300736948,0.0,0.0,0.0,0.0,0.0,0.0,1.9367665359251303e-05,2.6383796424855404,-0.010901233078880112,0.0030013685939046385,0.0012889884729299084,0.0
10,0.0,109,forward,3.040884985917826,0.0,0.0,0.0,0.0,0.0,0.0,1.948554102661724e-05,2.6200802361414883,-0.010822384640747884,0.0031100548321231496,0.0012172735664920942,0.0
10,0.0,110,forward,3.0526744591674277,0.0,0.0,0.0,0.0,0.0,0.0,1.960166102456647e-05,2.601817591580022,-0.010738880533291686,0.0032179287982940998,0.001146635037945709,0.0
10,0.0,111,forward,3.06423516271157,0.0,0.0,0.0,0.0,0.0,0.0,1.9715939166416928e-05,2.5835893137385426,-0.010650735612474647,0.003324943980839896,0.0010772006737616718,0.0
10,0.0,112,forward,3.075565918923729,0.0,0.0,0.0,0.0,0.0,0.0,1.982829199276216e-05,2.565392979569058,-0.010557966654826759,0.00343105402644461,0.0010090980721804699,0.0
10,0.0,113,forward,3.086665658001765,0.0,0.0,0.0,0.0,0.0,0.0,1.9938638929312132e-05,2.5472261404293883,-0.010460592358402956,0.003536212759276552,0.0009424543881304259,0.0
10,0.0,114,forward,3.0975334162762813,0.0,0.0,0.0,0.0,0.0,0.0,2.004690244137002e-05,2.5290863244013866,-0.010358633342974476,0.0036403742002164776,0.0008773960805145975,0.0
10,0.0,115,forward,3.1081683344860607,0.0,0.0,0.0,0.0,0.0,0.0,2.0153008184670615e-05,2.510971038540853,-0.010252112149450345,0.003743492586083971,0.0008140486619417908,0.0
10,0.0,116,forward,3.1185696560193787,0.0,0.0,0.0,0.0,0.0,0.0,2.0256885152307913e-05,2.4928777710641703,-0.0101410532385261,0.0038455223888540888,0.0007525364510070354,0.0
10,0.0,117,forward,3.128736725120134,0.0,0.0,0.0,0.0,0.0,0.0,2.0358465817484626e-05,2.4748039934769075,-0.010025482988557162,0.003946418334856602,0.0006929823272515123,0.0
10,0.0,118,forward,3.138668985057829,0.0,0.0,0.0,0.0,0.0,0.0,2.045768627182129e-05,2.4567471626498736,-0.009905429692654701,0.004046135423950153,0.000635507488958173,0.0
10,0.0,119,forward,3.1483659762605805,0.0,0.0,0.0,0.0,0.0,0.0,2.055448635896636e-05,2.4387047228483274,-0.009780923555002019,0.004144628948663358,0.0005802312139620985,0.0
10,0.0,120,forward,3.157827334410413,0.0,0.0,0.0,0.0,0.0,0.0,2.0648809803255163e-05,2.420674107720175,-0.00965199668638971,0.004241854513295199,0.0005272706236751634,0.0
10,0.0,121,forward,3.1670527885002446,0.0,0.0,0.0,0.0,0.0,0.0,2.074060433317146e-05,2.4026527422491744,-0.009518683098968432,0.004337768052966787,0.0004767404505451947,0.0
10,0.0,122,forward,3.176042158852039,0.0,0.0,0.0,0.0,0.0,0.0,2.0829821799371385e-05,2.3846380446792432,-0.009381018700218128,0.00443232585261676,0.0004287528091857923,0.0
10,0.0,123,forward,3.1847953550957446,0.0,0.0,0.0,0.0,0.0,0.0,2.0916418287036133e-05,2.366627428416107,-0.009239041286133029,0.004525484565932302,0.00038341697142905973,0.0
10,0.0,124,forward,3.1933123741087237,0.0,0.0,0.0,0.0,0.0,0.0,2.1000354222328263e-05,2.3486183039125454,-0.009092790533622011,0.00461720123420819,0.0003408391455666307,0.0
10,0.0,125,forward,3.201593297915502,0.0,0.0,0.0,0.0,0.0,0.0,2.1081594472732325e-05,2.330608080543607,-0.008942307992124294,0.004707433305125752,0.00030112226005535314,0.0
10,0.0,126,forward,3.2096382915477557,0.0,0.0,0.0,0.0,0.0,0.0,2.1160108441069926e-05,2.3125941684781437,-0.008787637074440574,0.00479613865144403,0.00026436575197354845,0.0
10,0.0,127,forward,3.2174476008645905,0.0,0.0,0.0,0.0,0.0,0.0,2.1235870152987827e-05,2.2945739805530425,-0.00862882304678022,0.0048832755895953485,0.00023066536052121847,0.0
10,0.0,128,forward,3.225021550333244,0.0,0.0,0.0,0.0,0.0,0.0,2.1308858337725186e-05,2.2765449341565605,-0.008465913018025384,0.00496880289817725,0.00020011292586268742,0.0
10,0.0,129,forward,3.232360540770479,0.0,0.0,0.0,0.0,0.0,0.0,2.137905650197739e-05,2.2585044531270633,-0.008298955928213142,0.005052679836333213,0.00017279619361438778,0.0
10,0.0,130,forward,3.2394650470450297,0.0,0.0,0.0,0.0,0.0,0.0,2.1446452996681413e-05,2.2404499696735076,-0.00812800253623723,0.00513486616201411,0.00014879862528204696,0.0
10,0.0,131,forward,3.2463356157415846,0.0,0.0,0.0,0.0,0.0,0.0,2.15110410765595e-05,2.222378926323855,-0.00795310540677108,0.00521532215011281,0.00012819921495216702,0.0
10,0.0,132,forward,3.2529728627868915,0.0,0.0,0.0,0.0,0.0,0.0,2.15728189522669e-05,2.204288777907579,-0.00777431889641443,0.005294008610463989,0.00011107231254126743,0.0
10,0.0,133,forward,3.2593774710387025,0.0,0.0,0.0,0.0,0.0,0.0,2.1631789835000216e-05,2.186176993578276,-0.007591699139065801,0.005370886905701385,9.74874539037625e-05,0.0
10,0.0,134,forward,3.265550187838369,0.0,0.0,0.0,0.0,0.0,0.0,2.1687961973435674e-05,2.1680410588822387,-0.007405304030523718,0.005445918968964997,8.75091980951136e-05,0.0
10,0.0,135,forward,3.271491822528034,0.0,0.0,0.0,0.0,0.0,0.0,2.1741348682874533e-05,2.149878477878738,-0.007215193212319736,0.005519067321450172,8.119697208157427e-05,0.0
10,0.0,136,forward,3.2772032439334784,0.0,0.0,0.0,0.0,0.0,0.0,2.1791968366487944e-05,2.131686775317504,-0.007021428054786638,0.005590295089791226,7.860492318108878e-05,0.0
10,0.0,137,forward,3.2826853778137957,0.0,0.0,0.0,0.0,0.0,0.0,2.1839844528562783e-05,2.1134634988787218,-0.006824071639365588,0.005659566023271758,7.978177951212468e-05,0.0
10,0.0,138,forward,3.287939204279192,0.0,0.0,0.0,0.0,0.0,0.0,2.1885005779663523e-05,2.0952062214805762,-0.006623188740156285,0.005726844510854164,8.477071871837482e-05,0.0
10,0.0,139,forward,3.2929657551783347,0.0,0.0,0.0,0.0,0.0,0.0,2.1927485833637e-05,2.0769125436591036,-0.006418845804714435,0.005792095598020784,9.360924522734898e-05,0.0
10,0.0,140,forward,3.2977661114567915,0.0,0.0,0.0,0.0,0.0,0.0,2.1967323496399287e-05,2.058580096024789,-0.0062111109341013,0.005855285003419132,0.0001063290762901483,0.0
10,0.0,141,forward,3.302341400488216,0.0,0.0,0.0,0.0,0.0,0.0,2.2004562646457015e-05,2.040206541799969,-0.006000053862190271,0.005916379135303803,0.00012295603703811261,0.0
10,0.0,142,forward,3.3066927933800785,0.0,0.0,0.0,0.0,0.0,0.0,2.203925220712816e-05,2.021789579440719,-0.005785745934235836,0.005975345107767608,0.00014350996477965547,0.0
10,0.0,143,forward,3.3108215022558554,0.0,0.0,0.0,0.0,0.0,0.0,2.2071446110440566e-05,2.003326945346441,-0.0055682600847105695,0.0060321507567546425,0.00016800462274755082,0.0
10,0.0,144,forward,3.3147287775157026,0.0,0.0,0.0,0.0,0.0,0.0,2.210120325269859e-05,1.9848164166598863,-0.005347670814416055,0.006086764655847844,0.0001964476234932941,0.0
10,0.0,145,forward,3.3184159050777895,0.0,0.0,0.0,0.0,0.0,0.0,2.2128587441724505e-05,1.966255814159791,-0.005124054166874137,0.006139156131824094,0.00022884036211085618,0.0
10,0.0,146,forward,3.321884203602565,0.0,0.0,0.0,0.0,0.0,0.0,2.2153667335790173e-05,1.9476430052477405,-0.0048974877040049375,0.006189295279969338,0.00026517795945735223,0.0
10,0.0,147,forward,3.325135021702369,0.0,0.0,0.0,0.0,0.0,0.0,2.2176516374272584e-05,1.9289759070301935,-0.004668050481098653,0.006237152979146906,0.0003054492155231403,0.0
10,0.0,148,forward,3.3281697351389234,0.0,0.0,0.0,0.0,0.0,0.0,2.2197212700077208e-05,1.910252489495932,-0.0044358230210882815,0.006282700906611848,0.0003496365730879386,0.0
10,0.0,149,forward,3.330989744011337,0.0,0.0,0.0,0.0,0.0,0.0,2.2215839073888617e-05,1.8914707787884215,-0.004200887288130836,0.006325911552564426,0.00039771609178384376,0.0
10,0.0,150,forward,3.3335964699374068,0.0,0.0,0.0,0.0,0.0,0.0,2.2232482780319797e-05,1.8726288605717656,-0.00396332666050483,0.006366758234435767,0.00044965743266954517,0.0
10,0.0,151,forward,3.3359913532310967,0.0,0.0,0.0,0.0,0.0,0.0,2.2247235526046842e-05,1.8537248834880522,-0.003723225902832207,0.006405215110898981,0.00050542385340413,0.0
10,0.0,152,forward,3.3381758500791845,0.0,0.0,0.0,0.0,0.0,0.0,2.2260193330028294e-05,1.8347570627029586,-0.003480671137633146,0.006441257195598995,0.0005649722140908947,0.0
10,0.0,153,forward,3.340151429720193,0.0,0.0,0.0,0.0,0.0,0.0,2.2271456405921737e-05,1.8157236835354884,-0.0032357498162224577,0.00647486037059443,0.0006282529938461401,0.0
10,0.0,154,forward,3.3419195716288277,0.0,0.0,0.0,0.0,0.0,0.0,2.228112903682444e-05,1.7966231051666521,-0.002988550688956593,0.006506001399505011,0.0006952103181293301,0.0
10,0.0,155,forward,3.343481762709229,0.0,0.0,0.0,0.0,0.0,0.0,2.228931944247811e-05,1.7774537644208015,-0.0027391637748406705,0.006534657940358118,0.0007657819968551055,0.0
10,0.0,156,forward,3.344839494500474,0.0,0.0,0.0,0.0,0.0,0.0,2.22961396390899e-05,1.7582141796121566,-0.002487680330505109,0.0065608085581279766,0.0008398995732889908,0.0
10,0.0,157,forward,3.3459942603978434,0.0,0.0,0.0,0.0,0.0,0.0,2.230170529193677e-05,1.738902954447837,-0.002234192818561687,0.00658443273696139,0.0009174883837123199,0.0
10,0.0,158,forward,3.346947552893463,0.0,0.0,0.0,0.0,0.0,0.0,2.2306135560931268e-05,1.7195187819774742,-0.001978794875349466,0.006605510892083691,0.0009984676278240734,0.0
10,0.0,159,forward,3.3477008608400163,0.0,0.0,0.0,0.0,0.0,0.0,2.230955293934194e-05,1.7000604485781337,-0.0017215812780808153,0.0066240243813790985,0.0010827504498297225,0.0
10,0.0,160,forward,3.3482556667413066,0.0,0.0,0.0,0.0,0.0,0.0,2.2312083085870648e-05,1.6805268379619815,-0.001462647911398489,0.006639955516639194,0.0011702440301504247,0.0
10,0.0,161,forward,3.3486134440735276,0.0,0.0,0.0,0.0,0.0,0.0,2.2313854650305707e-05,1.6609169351927335,-0.0012020917333547233,0.006653287574474036,0.0012608496876674036,0.0
10,0.0,162,forward,3.3487756546411567,0.0,0.0,0.0,0.0,0.0,0.0,2.2314999092977512e-05,1.6412298306955668,-0.0009400107408237616,0.006664004806879881,0.0013544629924007734,0.0
10,0.0,163,forward,3.3487437459714626,0.0,0.0,0.0,0.0,0.0,0.0,2.231565049825893e-05,1.6214647242437712,-0.0006765039343592656,0.006672092451458154,0.0014509738885036816,0.0
10,0.0,164,forward,3.3485191487516746,0.0,0.0,0.0,0.0,0.0,0.0,2.2315945382361054e-05,1.6016209289040675,-0.00041167128250867857,0.00667753674127997,0.0015502668274355036,0.0
10,0.0,165,forward,3.3481032743128867,0.0,0.0,0.0,0.0,0.0,0.0,2.2316022495688287e-05,1.5816978749211434,-0.00014561368559654067,0.006680324914390947,0.0016522209111622665,0.0
10,0.0,166,forward,3.3474975121648534,0.0,0.0,0.0,0.0,0.0,0.0,2.2316022620026757e-05,1.5616951135206603,0.0001215670610108001,0.0066804452229510545,0.0017567100452143547,0.0
10,0.0,167,forward,3.346703227585823,0.0,0.0,0.0,0.0,0.0,0.0,2.231608836085011e-05,1.5416123206087053,0.0003897683041465192,0.006677886942004285,0.0018636031014162002,0.0
10,0.0,168,forward,3.345721759271618,0.0,0.0,0.0,0.0,0.0,0.0,2.2316363935038157e-05,1.521449300344524,0.0006588865705774856,0.00667264037787329,0.001972764090085233,0.0
10,0.0,169,forward,3.344554417048163,0.0,0.0,0.0,0.0,0.0,0.0,2.231699495431212e-05,1.5012059885622013,0.0009288176052185405,0.006664696876173979,0.0020840523414824563,0.0
10,0.0,170,forward,3.3432024796516884,0.0,0.0,0.0,0.0,0.0,0.0,2.2318128204700398e-05,1.4808824560160594,0.001199456409813088,0.006654048829445419,0.002197322696280979,0.0
10,0.0,171,forward,3.341667192580827,0.0,0.0,0.0,0.0,0.0,0.0,2.231991142235775e-05,1.4604789114236343,0.001470697282066641,0.006640689684390422,0.002312425704802279,0.0
10,0.0,172,forward,3.3399497660248287,0.0,0.0,0.0,0.0,0.0,0.0,2.2322493066068827e-05,1.4399957042794471,0.0017424338552192028,0.006624613948722384,0.0024292078347564194,0.0
10,0.0,173,forward,3.3380513728720858,0.0,0.0,0.0,0.0,0.0,0.0,2.2326022086774635e-05,1.419433327412236,0.00201455913804266,0.0066058171976139364,0.0025475116872074044,0.0
10,0.0,174,forward,3.3359731468031444,0.0,0.0,0.0,0.0,0.0,0.0,2.2330647694469592e-05,1.3987924192580565,0.002286965555248412,0.006584296079743435,0.0026671762204673044,0.0
10,0.0,175,forward,3.333716180472356,0.0,0.0,0.0,0.0,0.0,0.0,2.2336519122821726e-05,1.378073765821499,0.00255954498829121,0.006560048322935062,0.0027880369816148387,0.0
10,0.0,176,forward,3.331281523782253,0.0,0.0,0.0,0.0,0.0,0.0,2.2343785391876557e-05,1.3572783022974844,0.002832188816553998,0.006533072739388743,0.002909926345313063,0.0
10,0.0,177,forward,3.328670182254718,0.0,0.0,0.0,0.0,0.0,0.0,2.235259506921074e-05,1.3364071143264762,0.0031047879588989654,0.006503369230496134,0.003032673759593707,0.0
10,0.0,178,forward,3.3258831155029207,0.0,0.0,0.0,0.0,0.0,0.0,2.2363096029906743e-05,1.3154614388566448,0.003377232915569538,0.006470938791239079,0.0031561059982584405,0.0
10,0.0,179,forward,3.322921235807959,0.0,0.0,0.0,0.0,0.0,0.0,2.2375435215725206e-05,1.2944426645874845,0.003649413810428007,0.0064357835141671165,0.003280047419537746,0.0
10,0.0,180,forward,3.3197854068040433,0.0,0.0,0.0,0.0,0.0,0.0,2.2389758393854974e-05,1.2733523319706865,0.003921220433513056,0.006397906592950688,0.003404320230634139,0.0
10,0.0,181,forward,3.3164764422759965,0.0,0.0,0.0,0.0,0.0,0.0,2.2406209915626323e-05,1.2521921327456453,0.004192542283901515,0.006357312325507077,0.0035287447577661,0.0
10,0.0,182,forward,3.3129951050727278,0.0,0.0,0.0,0.0,0.0,0.0,2.2424932475573696e-05,1.2309639089888789,0.004463268612858334,0.0063140061166959425,0.003653139721316978,0.0
10,0.0,183,forward,3.309342106140266,0.0,0.0,0.0,0.0,0.0,0.0,2.244606687123878e-05,1.2096696516588825,0.004733288467258617,0.006267994480581739,0.0037773225156859658,0.0
10,0.0,184,forward,3.305518103677812,0.0,0.0,0.0,0.0,0.0,0.0,2.2469751764105642e-05,1.1883114986204535,0.005002490733265323,0.006219285042260383,0.003901109493421484,0.0
10,0.0,185,forward,3.3015237024201536,0.0,0.0,0.0,0.0,0.0,0.0,2.249612344206167e-05,1.1668917321353438,0.005270764180246434,0.006167886539247669,0.004024316253215754,0.0
10,0.0,186,forward,3.2973594530496877,0.0,0.0,0.0,0.0,0.0,0.0,2.2525315583777452e-05,1.1454127758092625,0.005537997504914392,0.0061138088224271,0.004146757931325573,0.0
10,0.0,187,forward,3.2930258517411426,0.0,0.0,0.0,0.0,0.0,0.0,2.2557459025400766e-05,1.1238771909885594,0.00580407937567163,0.006057062856555028,0.00426824949597715,0.0
10,0.0,188,forward,3.28852333984198,0.0,0.0,0.0,0.0,0.0,0.0,2.259268152995762e-05,1.102287672603624,0.00606889847714471,0.0059976607203211406,0.0043886060443064645,0.0
10,0.0,189,forward,3.283852303691303,0.0,0.0,0.0,0.0,0.0,0.0,2.2631107559852752e-05,1.0806470444597975,0.00633234355489025,0.005935615605962434,0.004507643101378078,0.0
10,0.0,190,forward,3.279013074579981,0.0,0.0,0.0,0.0,0.0,0.0,2.267285805286053e-05,1.058958253980634,0.006594303460255428,0.005870941818429104,0.004625176920818652,0.0
10,0.0,191,forward,3.274005928854517,0.0,0.0,0.0,0.0,0.0,0.0,2.2718050201993304e-05,1.0372243664124834,0.0068546671953753436,0.005803654774100807,0.004741024786599546,0.0
10,0.0,192,forward,3.2688310881670826,0.0,0.0,0.0,0.0,0.0,0.0,2.2766797239633853e-05,1.0154485585035629,0.007113323958290286,0.005733770999052162,0.004855005315492322,0.0
10,0.0,193,forward,3.263488719873946,0.0,0.0,0.0,0.0,0.0,0.0,2.2819208226311186e-05,0.9936341116749651,0.007370163188164782,0.005661308126866194,0.00496693875971943,0.0
10,0.0,194,forward,3.2579789375844133,0.0,0.0,0.0,0.0,0.0,0.0,2.2875387844497753e-05,0.9717844047052845,0.007625074610590984,0.005586284895994935,0.00507664730932067,0.0
10,0.0,195,forward,3.2523018018622034,0.0,0.0,0.0,0.0,0.0,0.0,2.293543619779923e-05,0.9499029059547116,0.00787794828295846,0.0055087211466663495,0.005183955393748496,0.0
10,0.0,196,forward,3.2464573210810586,0.0,0.0,0.0,0.0,0.0,0.0,2.2999448615903318e-05,0.9279931651584946,0.008128674639872597,0.005428637817337064,0.005288689982206662,0.0
10,0.0,197,forward,3.240445452436223,0.0,0.0,0.0,0.0,0.0,0.0,2.3067515465646466e-05,0.9060588048235465,0.00837714453860332,0.005346056940690426,0.005390680882243815,0.0
10,0.0,198,forward,3.23426610311326,0.0,0.0,0.0,0.0,0.0,0.0,2.313972196855245e-05,0.8841035112655917,0.008623249304546382,0.005261001639179781,0.0054897610361133165,0.0
10,0.0,199,forward,3.227919131615554,0.0,0.0,0.0,0.0,0.0,0.0,2.3216148025186783e-05,0.8621310253276167,0.008866880776678668,0.005173496120116855,0.005585766814408366,0.0
10,0.0,200,forward,3.2214043492516597,0.0,0.0,0.0,0.0,0.0,0.0,2.3296868046664922e-05,0.8401451328233697,0.009107931352989625,0.005083565670305415,0.005678538306486125,0.0
11,0.0,1,forward,0.281462554326721,0.0,0.0,0.0,0.0,0.0,0.0,5.286286665125875e-06,1.5414000854956944,0.00019108158431369387,0.00325014457964842,0.23359932039124282,0.0
11,0.0,2,forward,0.502520581820189,0.0,0.0,0.0,0.0,0.0,0.0,5.286352651283481e-06,1.5212362185189185,0.0003220673772500044,0.0032475772250301492,0.13719555313423873,0.0
11,0.0,3,forward,0.6773997497427219,0.0,0.0,0.0,0.0,0.0,0.0,5.286503201451545e-06,1.5009920600607116,0.00045344821187176884,0.003243697214198186,0.08125966824357038,0.0
11,0.0,4,forward,0.8168114008845463,0.0,0.0,0.0,0.0,0.0,0.0,5.286773089294135e-06,1.4806676823149605,0.0005851729812304391,0.003238500849952175,0.04886972796044903,0.0
11,0.0,5,forward,0.928857111246061,0.0,0.0,0.0,0.0,0.0,0.0,5.287197312978967e-06,1.4602632954696855,0.000717190235920335,0.003231984948195247,0.030221609194116393,0.0
11,0.0,6,forward,1.0196937003714226,0.0,0.0,0.0,0.0,0.0,0.0,5.287811041279688e-06,1.4397792505182418,0.0008494482033410169,0.003224146841264377,0.01960369147039459,0.0
11,0.0,7,forward,1.0940232675096786,0.0,0.0,0.0,0.0,0.0,0.0,5.288649558973847e-06,1.4192160418137192,0.0009818948071662512,0.0032149843810669637,0.013672413926481681,0.0
11,0.0,8,forward,1.155455255274529,0.0,0.0,0.0,0.0,0.0,0.0,5.2897482116188186e-06,1.398574309338875,0.0011144776870128557,0.0032044959420216017,0.01046292087210722,0.0
11,0.0,9,forward,1.2067747682015795,0.0,0.0,0.0,0.0,0.0,0.0,5.29114234978914e-06,1.3778548406639253,0.0012471442183020558,0.0031926804238010258,0.008817732426736669,0.0
11,0.0,10,forward,1.250142086697805,0.0,0.0,0.0,0.0,0.0,0.0,5.292867272861016e-06,1.357058572564622,0.001379841532306272,0.003179537253875452,0.008054679089708444,0.0
11,0.0,11,forward,1.2872415659252103,0.0,0.0,0.0,0.0,0.0,0.0,5.29495817243047e-06,1.3361865922734466,0.0015125165363741521,0.0031650663898544176,0.007772682904220729,0.0
11,0.0,12,forward,1.3193932018538135,0.0,0.0,0.0,0.0,0.0,0.0,5.29745007545299e-06,1.3152401383374897,0.0016451159343262476,0.00314926832162534,0.007737478255725613,0.0
11,0.0,13,forward,1.347636578946337,0.0,0.0,0.0,0.0,0.0,0.0,5.300377787194363e-06,1.2942206010575297,0.0017775862470139662,0.003132144073287276,0.007813992856391852,0.0
11,0.0,14,forward,1.3727943187347589,0.0,0.0,0.0,0.0,0.0,0.0,5.303775834082146e-06,1.2731295224841097,0.0019098738330341656,0.0031136952048780677,0.007926137080315573,0.0
11,0.0,15,forward,1.395520259064089,0.0,0.0,0.0,0.0,0.0,0.0,5.307678406549535e-06,1.2519685959480213,0.002041924909591726,0.003093923813893566,0.008032791388042942,0.0
11,0.0,16,forward,1.416336216230359,0.0,0.0,0.0,0.0,0.0,0.0,5.3121193019629655e-06,1.230739665104496,0.002173685573502331,0.0030728325365973427,0.008113421714632835,0.0
11,0.0,17,forward,1.4356601761122274,0.0,0.0,0.0,0.0,0.0,0.0,5.317131867725983e-06,1.2094447224726428,0.002305101822327568,0.0030504245491195727,0.008159447751010213,0.0
11,0.0,18,forward,1.4538280239190546,0.0,0.0,0.0,0.0,0.0,0.0,5.322748944652475e-06,1.1880859074542196,0.0024361195756343467,0.0030267035683438884,0.008169064630772105,0.0
11,0.0,19,forward,1.4711103817002396,0.0,0.0,0.0,0.0,0.0,0.0,5.329002810702062e-06,1.1666655038185856,0.002566684696370864,0.0030016738525808257,0.008144145601767044,0.0
11,0.0,20,forward,1.4877257249867177,0.0,0.0,0.0,0.0,0.0,0.0,5.335925125171193e-06,1.1451859366439354,0.0026967430123505704,0.002975340202026892,0.00808840217975465,0.0
11,0.0,21,forward,1.5038506562851413,0.0,0.0,0.0,0.0,0.0,0.0,5.343546873433355e-06,1.1236497687081557,0.0028262403378364128,0.0029477079590081398,0.008006305265840868,0.0
11,0.0,22,forward,1.5196279956593275,0.0,0.0,0.0,0.0,0.0,0.0,5.351898312321518e-06,1.1020596963263858,0.002955122495216765,0.0029187830080073186,0.007902466608812247,0.0
11,0.0,23,forward,1.5351731870168743,0.0,0.0,0.0,0.0,0.0,0.0,5.361008916245798e-06,1.080418544636115,0.0030833353367649354,0.0028885717754736956,0.00778129798596916,0.0
11,0.0,24,forward,1.5505793982078282,0.0,0.0,0.0,0.0,0.0,0.0,5.3709073241388156e-06,1.0587292623347258,0.00321082476647365,0.002857081229414796,0.007646836889911024,0.0
11,0.0,25,forward,1.5659216028697045,0.0,0.0,0.0,0.0,0.0,0.0,5.381621287320663e-06,1.036994915878433,0.0033375367619563547,0.002824318878769269,0.007502670916876647,0.0
11,0.0,26,forward,1.5812598642441305,0.0,0.0,0.0,0.0,0.0,0.0,5.393177618374772e-06,1.0152186831559162,0.003463417396406474,0.002790292772560396,0.00735191953310721,0.0
11,0.0,27,forward,1.5966419901675244,0.0,0.0,0.0,0.0,0.0,0.0,5.405602141124726e-06,0.9934038466540808,0.0035884128606062456,0.002755011498829565,0.007197248096191378,0.0
11,0.0,28,forward,1.6121056898498531,0.0,0.0,0.0,0.0,0.0,0.0,5.418919641801536e-06,0.9715537861376689,0.003712469484976618,0.0027184841833493164,0.0070408989386526455,0.0
11,0.0,29,forward,1.627680333762458,0.0,0.0,0.0,0.0,0.0,0.0,5.433153821489118e-06,0.9496719708686577,0.0038355337616592035,0.0026807204881155963,0.0068847304130428555,0.0
11,0.0,30,forward,1.6433883956333526,0.0,0.0,0.0,0.0,0.0,0.0,5.44832724993499e-06,0.9277619513953569,0.003957552366621855,0.0026417306096189583,0.006730258533203581,0.0
11,0.0,31,forward,1.6592466384690654,0.0,0.0,0.0,0.0,0.0,0.0,5.46446132081112e-06,0.9058273509450164,0.004078472181778981,0.002601525276894469,0.006578698131678662,0.0
11,0.0,32,forward,1.675267093399134,0.0,0.0,0.0,0.0,0.0,0.0,5.481576208508595e-06,0.8838718564573936,0.004198240317117804,0.0025601157493502446,0.006431001845128459,0.0
11,0.0,33,forward,1.6914578700111498,0.0,0.0,0.0,0.0,0.0,0.0,5.499690826547691e-06,0.8618992093000785,0.004316804132821568,0.0025175138143746054,0.006287896080782229,0.0
11,0.0,34,forward,1.7078238289903789,0.0,0.0,0.0,0.0,0.0,0.0,5.518822787683521e-06,0.8399131957093298,0.004434111261381165,0.002473731784721924,0.006149913619024616,0.0
11,0.0,35,forward,1.7243671417572177,0.0,0.0,0.0,0.0,0.0,0.0,5.538988365784591e-06,0.8179176370028838,0.004550109629685898,0.0024287824956773156,0.006017422800896233,0.0
11,0.0,36,forward,1.741087757000506,0.0,0.0,0.0,0.0,0.0,0.0,5.56020245956001e-06,0.795916379613329,0.004664747481084677,0.002382679302000428,0.005890653415448921,0.0
11,0.0,37,forward,1.7579837902272422,0.0,0.0,0.0,0.0,0.0,0.0,5.5824785582082454e-06,0.7739132849924494,0.004777973397408431,0.002335436074648686,0.005769719490527958,0.0
11,0.0,38,forward,1.7750518494565422,0.0,0.0,0.0,0.0,0.0,0.0,5.605828709058402e-06,0.7519122194381284,0.004889736320945124,0.002287067197280396,0.005654639232489267,0.0
11,0.0,39,forward,1.7922873078008408,0.0,0.0,0.0,0.0,0.0,0.0,5.630263487271696e-06,0.729917043896252,0.004999985576358009,0.0022375875625382595,0.005545352374608126,0.0
11,0.0,40,forward,1.8096845317657007,0.0,0.0,0.0,0.0,0.0,0.0,5.655791967668518e-06,0.7079316037902312,0.0051086708925383245,0.002187012568113881,0.0054417351921264845,0.0
11,0.0,41,forward,1.8272370725582627,0.0,0.0,0.0,0.0,0.0,0.0,5.682421698743449e-06,0.6859597189305301,0.00521574242438333,0.0021353581125940087,0.005343613431117444,0.0
11,0.0,42,forward,1.8449378264444614,0.0,0.0,0.0,0.0,0.0,0.0,5.710158678927348e-06,0.6640051735557739,0.005321150774490615,0.0020826405910892476,0.005250773382905971,0.0
11,0.0,43,forward,1.8627791691759332,0.0,0.0,0.0,0.0,0.0,0.0,5.739007335152817e-06,0.6420717065557474,0.005424847014759642,0.0020288768906461733,0.005162971318230403,0.0
11,0.0,44,forward,1.8807530686721208,0.0,0.0,0.0,0.0,0.0,0.0,5.768970503776331e-06,0.6201630019247741,0.005526782707891789,0.0019740843854438085,0.005079941477175498,0.0
11,0.0,45,forward,1.898851179454941,0.0,0.0,0.0,0.0,0.0,0.0,5.800049413905744e-06,0.598282679491829,0.005626909928779234,0.0019182809317755038,0.005001402792998766,0.0
11,0.0,46,forward,1.9170649217640678,0.0,0.0,0.0,0.0,0.0,0.0,5.832243673180165e-06,0.5764342859709876,0.005725181285774297,0.0018614848628174163,0.004927064510812207,0.0
11,0.0,47,forward,1.9353855478079778,0.0,0.0,0.0,0.0,0.0,0.0,5.865551256044256e-06,0.5546212863728547,0.005821549941829916,0.0018037149831847757,0.004856630845888832,0.0
11,0.0,48,forward,1.9538041972117526,0.0,0.0,0.0,0.0,0.0,0.0,5.899968494555796e-06,0.5328470558142582,0.005915969635502207,0.0017449905632773305,0.004789804811275222,0.0
11,0.0,49,forward,1.9723119433931022,0.0,0.0,0.0,0.0,0.0,0.0,5.935490071761934e-06,0.5111148717597981,0.006008394701806399,0.0016853313334153572,0.004726291330413412,0.0
11,0.0,50,forward,1.9908998323219405,0.0,0.0,0.0,0.0,0.0,0.0,5.9721090176750064e-06,0.4894279067250247,0.006098780092916895,0.0016247574777677597,0.004665799737623433,0.0
11,0.0,51,forward,2.0095589148869553,0.0,0.0,0.0,0.0,0.0,0.0,6.0098167078755595e-06,0.46778922146692115,0.006187081398702791,0.001563289628073866,0.004608045757514279,0.0
11,0.0,52,forward,2.02828027389763,0.0,0.0,0.0,0.0,0.0,0.0,6.0486028647655876e-06,0.4462017586832203,0.0062732548670896985,0.001500948857160606,0.004552753043636781,0.0
11,0.0,53,forward,2.0470550465860065,0.0,0.0,0.0,0.0,0.0,0.0,6.088455561491683e-06,0.42466833723780845,0.006357257424239344,0.0014377566722568564,0.0044996543469110195,0.0
11,0.0,54,forward,2.065874443334208,0.0,0.0,0.0,0.0,0.0,0.0,6.1293612285527226e-06,0.4031916469252555,0.006439046694537779,0.0013737350081068195,0.004448492375495827,0.0
11,0.0,55,forward,2.0847297632372066,0.0,0.0,0.0,0.0,0.0,0.0,6.171304663103272e-06,0.3817742437832581,0.006518581020383594,0.001308906219884398,0.0043990203997569255,0.0
11,0.0,56,forward,2.1036124070121476,0.0,0.0,0.0,0.0,0.0,0.0,6.2142690409594e-06,0.360418545957663,0.006595819481767414,0.0012432930759106035,0.004351002648783131,0.0
11,0.0,57,forward,2.12251388768283,0.0,0.0,0.0,0.0,0.0,0.0,6.258235931309315e-06,0.33912683012074696,0.006670721915633991,0.0011769187501761388,0.004304214538432716,0.0
11,0.0,58,forward,2.1414258393983476,0.0,0.0,0.0,0.0,0.0,0.0,6.303185314126634e-06,0.3179012284396049,0.006743248935018113,0.0011098068146713656,0.004258442765117998,0.0
11,0.0,59,forward,2.1603400246863145,0.0,0.0,0.0,0.0,0.0,0.0,6.349095600280337e-06,0.2967437260878752,0.0068133619479459695,0.0010419812315259718,0.004213485294394026,0.0
11,0.0,60,forward,2.1792483403919354,0.0,0.0,0.0,0.0,0.0,0.0,6.395943654330369e-06,0.27565615929067244,0.006881023176093224,0.0009734663449607186,0.004169151268864413,0.0
11,0.0,61,forward,2.1981428225128563,0.0,0.0,0.0,0.0,0.0,0.0,6.443704819994288e-06,0.25464021388947083,0.006946195673191644,0.0009042868730537499,0.004125260855900981,0.0
11,0.0,62,forward,2.2170156501051705,0.0,0.0,0.0,0.0,0.0,0.0,6.49235294826459e-06,0.23369742441089628,0.007008843343175379,0.0008344678993240231,0.004081645052145144,0.0
11,0.0,63,forward,2.2358591484069725,0.0,0.0,0.0,0.0,0.0,0.0,6.5418604281541515e-06,0.21282917362080872,0.007068930958059363,0.0007640348641344978,0.004038145458681808,0.0
11,0.0,64,forward,2.254665791301669,0.0,0.0,0.0,0.0,0.0,0.0,6.592198220039924e-06,0.19203669254292413,0.0071264241755407,0.0006930135559178337,0.003994614038098365,0.0
11,0.0,65,forward,2.273428203223081,0.0,0.0,0.0,0.0,0.0,0.0,6.643335891573484e-06,0.17132106091924734,0.0071812895563156546,0.0006214301022273561,0.003950912862333067,0.0
11,0.0,66,forward,2.2921391605875394,0.0,0.0,0.0,0.0,0.0,0.0,6.695241656119971e-06,0.1506832080880877,0.007233494581103382,0.0005493109606162289,0.003906913858234606,0.0
11,0.0,67,forward,2.310791592824228,0.0,0.0,0.0,0.0,0.0,0.0,6.7478824136858085e-06,0.13012391425409517,0.007283007667369453,0.0004766829093477985,0.0038624985560663516,0.0
11,0.0,68,forward,2.329378583063378,0.0,0.0,0.0,0.0,0.0,0.0,6.80122379428705e-06,0.10964381212383605,0.007329798185739985,0.00040357303794011026,0.0038175578447640635,0.0
11,0.0,69,forward,2.347893368532331,0.0,0.0,0.0,0.0,0.0,0.0,6.855230203710353e-06,0.08924338887972448,0.007373836476099683,0.00033000873754779515,0.0037719917365608424,0.0
11,0.0,70,forward,2.3663293407014683,0.0,0.0,0.0,0.0,0.0,0.0,6.909864871610817e-06,0.06892298846473763,0.007415093863365336,0.0002560176911844794,0.003725709142604894,0.0
11,0.0,71,forward,2.384680045215437,0.0,0.0,0.0,0.0,0.0,0.0,6.96508990188901e-06,0.04868281415019911,0.00745354267292759,0.00018162786378903183,0.0036786276603904544,0.0
11,0.0,72,forward,2.402939181639611,0.0,0.0,0.0,0.0,0.0,0.0,7.020866325283867e-06,0.02852293135901119,0.007489156245753152,0.00010686749213897723,0.0036306733731642504,0.0
11,0.0,73,forward,2.4211006030472113,0.0,0.0,0.0,0.0,0.0,0.0,7.077154154115142e-06,0.008443270717049083,0.007521908953140214,3.176507461455543e-05,0.0035817806609657055,0.0
11,0.0,74,forward,2.4391583154687666,0.0,0.0,0.0,0.0,0.0,0.0,7.133912439104509e-06,-0.011556368694072863,0.007551776211119723,-4.3650639183113675e-05,0.003531892022552441,0.0
11,0.0,75,forward,2.457106477222469,0.0,0.0,0.0,0.0,0.0,0.0,7.191099328200845e-06,-0.03147631590894181,0.00757873449449538,-0.00011935065895616466,0.00348095790717573,0.0
11,0.0,76,forward,2.474939398141418,0.0,0.0,0.0,0.0,0.0,0.0,7.248672127330849e-06,-0.05131702450022173,0.00760276135051509,-0.00019530576437275067,0.003428936554959572,0.0
11,0.0,77,forward,2.49265153871156,0.0,0.0,0.0,0.0,0.0,0.0,7.306587362993434e-06,-0.07107906887471917,0.007623835412167234,-0.0002714865158647447,0.003375793844495767,0.0
11,0.0,78,forward,2.5102375091323355,0.0,0.0,0.0,0.0,0.0,0.0,7.3648008466111835e-06,-0.09076314046678084,0.00764193641109446,-0.00034786326555653896,0.0033215031462010547,0.0
11,0.0,79,forward,2.527692068310515,0.0,0.0,0.0,0.0,0.0,0.0,7.423267740550604e-06,-0.11037004385101164,0.007657045190118812,-0.0004244061683211891,0.003266045179947108,0.0
11,0.0,80,forward,2.545010122796403,0.0,0.0,0.0,0.0,0.0,0.0,7.481942625717708e-06,-0.12990069279497965,0.0076691437153712525,-0.0005010851929598358,0.0032094078754965616,0.0
11,0.0,81,forward,2.562186725670472,0.0,0.0,0.0,0.0,0.0,0.0,7.540779570633381e-06,-0.14935610627131973,0.007678215088019352,-0.0005778701335005175,0.003151586234322268,0.0
11,0.0,82,forward,2.5792170753875325,0.0,0.0,0.0,0.0,0.0,0.0,7.599732201888576e-06,-0.16873740444727275,0.007684243555586391,-0.0006547306206123056,0.003092582191459914,0.0
11,0.0,83,forward,2.596096514584697,0.0,0.0,0.0,0.0,0.0,0.0,7.658753775878895e-06,-0.18804580466828785,0.007687214522856625,-0.0007316361331305942,0.003032404476138395,0.0
11,0.0,84,forward,2.612820528858652,0.0,0.0,0.0,0.0,0.0,0.0,7.717797251711247e-06,-0.20728261745100424,0.00768711456235946,-0.0008085560096894405,0.0029710684700385293,0.0
11,0.0,85,forward,2.6293847455170902,0.0,0.0,0.0,0.0,0.0,0.0,7.776815365176885e-06,-0.2264492424994745,0.007683931424427735,-0.0008854594604566728,0.0029085960621457185,0.0
11,0.0,86,forward,2.6457849323085427,0.0,0.0,0.0,0.0,0.0,0.0,7.835760703679083e-06,-0.24554716475717017,0.007677654046823656,-0.0009623155789674384,0.002845015499284842,0.0
11,0.0,87,forward,2.6620169961343314,0.0,0.0,0.0,0.0,0.0,0.0,7.894585782003805e-06,-0.2645779505059813,0.007668272563927319,-0.0010390933540519612,0.0027803612315498993,0.0
11,0.0,88,forward,2.67807698174583,0.0,0.0,0.0,0.0,0.0,0.0,7.953243118817058e-06,-0.2835432435220829,0.007655778315481762,-0.0011157616818529492,0.0027146737519674335,0.0
11,0.0,89,forward,2.6939610704297787,0.0,0.0,0.0,0.0,0.0,0.0,8.011685313773288e-06,-0.30244476129731135,0.007640163854889971,-0.0011922893779283304,0.0026479994298511667,0.0
11,0.0,90,forward,2.709665578683968,0.0,0.0,0.0,0.0,0.0,0.0,8.06986512511463e-06,-0.3212842913334504,0.007621422957058179,-0.0012686451894346753,0.0025803903374280734,0.0
11,0.0,91,forward,2.7251869568851883,0.0,0.0,0.0,0.0,0.0,0.0,8.127735547640891e-06,-0.3400636875156944,0.007599550625780758,-0.0013447978073868486,0.002511904069426696,0.0
11,0.0,92,forward,2.7405217879509935,0.0,0.0,0.0,0.0,0.0,0.0,8.18524989092766e-06,-0.3587848665704278,0.007574543100661795,-0.0014207158789892526,0.002442603555425582,0.0
11,0.0,93,forward,2.755666785996456,0.0,0.0,0.0,0.0,0.0,0.0,8.242361857669026e-06,-0.37744980461139127,0.007546397863568846,-0.0014963680200339466,0.002372556864862596,0.0
11,0.0,94,forward,2.7706187949867687,0.0,0.0,0.0,0.0,0.0,0.0,8.2990256220198e-06,-0.3960605337773518,0.007515113644614252,-0.0015717228273610005,0.0023018370046938297,0.0
11,0.0,95,forward,2.7853747873862464,0.0,0.0,0.0,0.0,0.0,0.0,8.355195907811551e-06,-0.4146191389634303,0.007480690427659882,-0.0016467488913763202,0.0022305217097792207,0.0
11,0.0,96,forward,2.7999318628039997,0.0,0.0,0.0,0.0,0.0,0.0,8.410828066515479e-06,-0.4331277546473842,0.007443129455340995,-0.0017214148086221565,0.002158693226147701,0.0
11,0.0,97,forward,2.814287246636265,0.0,0.0,0.0,0.0,0.0,0.0,8.465878154825191e-06,-0.45158856181129936,0.007402433233605552,-0.0017956891943954232,0.002086438087361253,0.0
11,0.0,98,forward,2.8284382887051667,0.0,0.0,0.0,0.0,0.0,0.0,8.520303011731235e-06,-0.47000378495844136,0.007358605535764941,-0.0018695406954090286,0.002013846884262871,0.0
11,0.0,99,forward,2.8423824618934312,0.0,0.0,0.0,0.0,0.0,0.0,8.57406033495984e-06,-0.4883756892242682,0.00731165140605274,-0.0019429380024912765,0.0019410140284405464,0.0
11,0.0,100,forward,2.8561173607743844,0.0,0.0,0.0,0.0,0.0,0.0,8.627108756647596e-06,-0.5067065775799904,0.007261577162687984,-0.002015849863318386,0.0018680375097915314,0.0
11,0.0,101,forward,2.8696407002363746,0.0,0.0,0.0,0.0,0.0,0.0,8.6794079181245e-06,-0.5249987881264592,0.007208390400439816,-0.0020882450951751484,0.001795018648605623,0.0
11,0.0,102,forward,2.8829503141005945,0.0,0.0,0.0,0.0,0.0,0.0,8.730918543678072e-06,-0.5432546914756519,0.007152099992690436,-0.0021600925977387814,0.001722061842621192,0.0
11,0.0,103,forward,2.896044153731132,0.0,0.0,0.0,0.0,0.0,0.0,8.78160251317185e-06,-0.5614766882164896,0.0070927160929936195,-0.0022313613658808654,0.0016492743095327111,0.0
11,0.0,104,forward,2.90892028663595,0.0,0.0,0.0,0.0,0.0,0.0,8.831422933392064e-06,-0.579667206461327,0.0070302501361259396,-0.0023020205024823566,0.0015767658254502437,0.0
11,0.0,105,forward,2.921576895057381,0.0,0.0,0.0,0.0,0.0,0.0,8.880344207998307e-06,-0.5978286994690131,0.006964714838628557,-0.0023720392312566005,0.0015046484598262855,0.0
11,0.0,106,forward,2.934012274550634,0.0,0.0,0.0,0.0,0.0,0.0,8.92833210595353e-06,-0.6159636433400612,0.006896124198836993,-0.0024413869095750687,0.0014330363073759567,0.0
11,0.0,107,forward,2.946224832548739,0.0,0.0,0.0,0.0,0.0,0.0,8.975353828312594e-06,-0.6340745347792186,0.006824493496397085,-0.0025100330412910527,0.001362045217523561,0.0
11,0.0,108,forward,2.958213086912278,0.0,0.0,0.0,0.0,0.0,0.0,9.021378073247555e-06,-0.652163888920295,0.006749839291265159,-0.0025779472895556964,0.0012917925219111392,0.0
11,0.0,109,forward,2.9699756644622415,0.0,0.0,0.0,0.0,0.0,0.0,9.066375099191773e-06,-0.670234237208032,0.00667217942219061,-0.002645099489621602,0.001222396760503619,0.0
11,0.0,110,forward,2.9815112994942825,0.0,0.0,0.0,0.0,0.0,0.0,9.110316785986483e-06,-0.6882881253314138,0.006591533004679844,-0.0027114596616285955,0.0011539774068210495,0.0
11,0.0,111,forward,2.992818832272666,0.0,0.0,0.0,0.0,0.0,0.0,9.153176693914527e-06,-0.7063281112027426,0.00650792042843975,-0.002776998023366468,0.0010866545928244348,0.0
11,0.0,112,forward,3.0038972075021846,0.0,0.0,0.0,0.0,0.0,0.0,9.194930120510777e-06,-0.7243567629765835,0.006421363354300166,-0.0028416850030096312,0.0010205488339700003,0.0
11,0.0,113,forward,3.0147454727763443,0.0,0.0,0.0,0.0,0.0,0.0,9.23555415503915e-06,-0.7423766571025465,0.006331884710614189,-0.002905491251818292,0.0009557807549390174,0.0
11,0.0,114,forward,3.025362777000153,0.0,0.0,0.0,0.0,0.0,0.0,9.275027730530242e-06,-0.7603903764057874,0.006239508689135709,-0.002968387656801023,0.0008924708165377326,0.0
11,0.0,115,forward,3.035748368785865,0.0,0.0,0.0,0.0,0.0,0.0,9.313331673276558e-06,-0.7784005081889689,0.0061442607403739006,-0.0030303453533334327,0.0008307390442487128,0.0
11,0.0,116,forward,3.04590159482012,0.0,0.0,0.0,0.0,0.0,0.0,9.350448749685239e-06,-0.7964096423494172,0.006046167568424241,-0.0030913357377277653,0.0007707047589013832,0.0
11,0.0,117,forward,3.055821898200944,0.0,0.0,0.0,0.0,0.0,0.0,9.386363710391794e-06,-0.8144203695051109,0.005945257125276081,-0.0031513304797481556,0.0007124863099148421,0.0
11,0.0,118,forward,3.0655088167431788,0.0,0.0,0.0,0.0,0.0,0.0,9.421063331542257e-06,-0.8324352791231203,0.005841558604597115,-0.0032103015350663133,0.0006562008115509194,0.0
11,0.0,119,forward,3.074961981250964,0.0,0.0,0.0,0.0,0.0,0.0,9.454536453154125e-06,-0.8504569576441228,0.005735102434994887,-0.0032682211576523343,0.0006019638825997681,0.0
11,0.0,120,forward,3.0841811137560167,0.0,0.0,0.0,0.0,0.0,0.0,9.486774014471915e-06,-0.8684879865966314,0.0056259202727562,-0.003325061912095584,0.0005498893899055571,0.0
11,0.0,121,forward,3.093166025720518,0.0,0.0,0.0,0.0,0.0,0.0,9.517769086235412e-06,-0.8865309406945837,0.005514044994065006,-0.0033807966858502157,0.0005000891961229048,0.0
11,0.0,122,forward,3.1019166162035403,0.0,0.0,0.0,0.0,0.0,0.0,9.547516899784818e-06,-0.904588385912014,0.005399510686700046,-0.0034353987014002674,0.0004526729120810924,0.0
11,0.0,123,forward,3.1104328699900634,0.0,0.0,0.0,0.0,0.0,0.0,9.57601487293026e-06,-0.9226628775286011,0.005282352641213318,-0.0034888415283390807,0.00040774765411608765,0.0
11,0.0,124,forward,3.118714855681731,0.0,0.0,0.0,0.0,0.0,0.0,9.603262632518282e-06,-0.9407569581399781,0.005162607341590897,-0.003541099095357867,0.0003654178067172137,0.0
11,0.0,125,forward,3.12676272374863,0.0,0.0,0.0,0.0,0.0,0.0,9.629262033632316e-06,-0.9588731556267972,0.00504031245539779,-0.003592145702138176,0.00032578479081921824,0.0
11,0.0,126,forward,3.1345767045415047,0.0,0.0,0.0,0.0,0.0,0.0,9.654017175370022e-06,-0.9770139810767369,0.004915506823408681,-0.0036419560311433297,0.00028894683805794075,0.0
11,0.0,127,forward,3.1421571062639404,0.0,0.0,0.0,0.0,0.0,0.0,9.677534413143444e-06,-0.9951819266537165,0.0047882304487267,-0.003690505159303321,0.0002549987712929351,0.0
11,0.0,128,forward,3.1495043129041975,0.0,0.0,0.0,0.0,0.0,0.0,9.699822367455932e-06,-1.0133794634089042,0.004658524485392514,-0.003737768569588518,0.00022403179168769063,0.0
11,0.0,129,forward,3.156618782126506,0.0,0.0,0.0,0.0,0.0,0.0,9.720891929111804e-06,-1.0316090390282089,0.004526431226486237,-0.003783722162466634,0.000196133272625576,0.0
11,0.0,130,forward,3.1635010431217694,0.0,0.0,0.0,0.0,0.0,0.0,9.740756260823331e-06,-1.0498730755113057,0.004391994091724989,-0.0038283422672382894,0.00017138656072690842,0.0
11,0.0,131,forward,3.170151694417789,0.0,0.0,0.0,0.0,0.0,0.0,9.75943079518226e-06,-1.0681739667774706,0.0042552576145589585,-0.003871605653245826,0.00014987078422091203,0.0
11,0.0,132,forward,3.176571401649234,0.0,0.0,0.0,0.0,0.0,0.0,9.776933228971183e-06,-1.086514076193881,0.004116267428769198,-0.003913489540950645,0.00013166066891494212,0.0
11,0.0,133,forward,3.182760895287758,0.0,0.0,0.0,0.0,0.0,0.0,9.793283513793462e-06,-1.1048957340223589,0.00397507025457052,-0.0039539716128738365,0.00011682636199219273,0.0
11,0.0,134,forward,3.188720968332795,0.0,0.0,0.0,0.0,0.0,0.0,9.808503843008002e-06,-1.1233212347809924,0.003831713884223075,-0.003993030024395353,0.00010543326385838484,0.0
11,0.0,135,forward,3.194452473963715,0.0,0.0,0.0,0.0,0.0,0.0,9.822618634960108e-06,-1.1417928345174946,0.0036862471671564234,-0.004030643414406795,9.754186824759885e-05,0.0
11,0.0,136,forward,3.199956323154181,0.0,0.0,0.0,0.0,0.0,0.0,9.835654512505217e-06,-1.1603127479916602,0.0035387199946101265,-0.004066790915812826,9.320761078714481e-05,0.0
11,0.0,137,forward,3.205233482249679,0.0,0.0,0.0,0.0,0.0,0.0,9.847640278829797e-06,-1.1788831457648687,0.003389183283795056,-0.004101452165876683,9.248072621152904e-05,0.0
11,0.0,138,forward,3.2102849705093615,0.0,0.0,0.0,0.0,0.0,0.0,9.858606889576833e-06,-1.197506151195112,0.003237688961579884,-0.004134607316404565,9.540611440566433e-05,0.0
11,0.0,139,forward,3.215111857613477,0.0,0.0,0.0,0.0,0.0,0.0,9.86858742129309e-06,-1.2161838373367713,0.0030842899477073684,-0.0041662370437646765,0.00010202321544794325,0.0
11,0.0,140,forward,3.2197152611378135,0.0,0.0,0.0,0.0,0.0,0.0,9.877617036217823e-06,-1.2349182237449972,0.002929040137545307,-0.004196322558735856,0.00011236589381407626,0.0
11,0.0,141,forward,3.2240963439967327,0.0,0.0,0.0,0.0,0.0,0.0,9.88573294344114e-06,-1.2537112731853692,0.002771994384377205,-0.004224845616181393,0.0001264623318931058,0.0
11,0.0,142,forward,3.2282563118565037,0.0,0.0,0.0,0.0,0.0,0.0,9.892974356464363e-06,-1.2725648882503064,0.0026132084812379055,-0.004251788524543211,0.00014433493295737138,0.0
11,0.0,143,forward,3.232196410520808,0.0,0.0,0.0,0.0,0.0,0.0,9.899382447203318e-06,-1.2914809078846217,0.002452739142299666,-0.004277134155152276,0.00016600023371857522,0.0
11,0.0,144,forward,3.2359179232904114,0.0,0.0,0.0,0.0,0.0,0.0,9.905000296478148e-06,-1.310461103823512,0.0022906439838143336,-0.004300865951350316,0.00019146882659233123,0.0
11,0.0,145,forward,3.2394221682991513,0.0,0.0,0.0,0.0,0.0,0.0,9.909872841042457e-06,-1.3295071769473348,0.0021269815046174863,-0.004322967937418779,0.00022074529178369232,0.0
11,0.0,146,forward,3.242710495828514,0.0,0.0,0.0,0.0,0.0,0.0,9.914046817208373e-06,-1.3486207535585413,0.001961811066200628,-0.004343424727310479,0.00025382813929606535,0.0
11,0.0,147,forward,3.2457842856032264,0.0,0.0,0.0,0.0,0.0,0.0,9.917570701131266e-06,-1.3678033815872999,0.0017951928723576353,-0.004362221533179744,0.0002907097609557499,0.0
11,0.0,148,forward,3.2486449440704006,0.0,0.0,0.0,0.0,0.0,0.0,9.920494645823187e-06,-1.3870565267334816,0.0016271879484120093,-0.004379344173706807,0.0003313763925337221,0.0
11,0.0,149,forward,3.2512939016649125,0.0,0.0,0.0,0.0,0.0,0.0,9.922870414970027e-06,-1.4063815685539343,0.0014578581200315104,-0.004394779082212267,0.0003758080860356422,0.0
11,0.0,150,forward,3.253732610063823,0.0,0.0,0.0,0.0,0.0,0.0,9.924751313632922e-06,-1.425779796505229,0.0012872659916370532,-0.004408513314557484,0.0004239786922200853,0.0
11,0.0,151,forward,3.2559625394327556,0.0,0.0,0.0,0.0,0.0,0.0,9.926192115921055e-06,-1.4452524059533849,0.0011154749244128884,-0.004420534556827054,0.0004758558533936308,0.0
11,0.0,152,forward,3.2579851756672884,0.0,0.0,0.0,0.0,0.0,0.0,9.92724898972671e-06,-1.4648004941634096,0.0009425490139252855,-0.004430831132789145,0.0005314010065199729,0.0
11,0.0,153,forward,3.2598020176325067,0.0,0.0,0.0,0.0,0.0,0.0,9.927979418621065e-06,-1.4844250562828696,0.0007685530673571702,-0.004439392011130074,0.0005905693966683223,0.0
11,0.0,154,forward,3.2614145744039957,0.0,0.0,0.0,0.0,0.0,0.0,9.928442121012612e-06,-1.5041269813350882,0.0005935525803662073,-0.0044462068124591055,0.0006533101008141667,0.0
11,0.0,155,forward,3.2628243625136446,0.0,0.0,0.0,0.0,0.0,0.0,9.928696966677101e-06,-1.523907048238934,0.00041761371357426294,-0.004451265816079957,0.0007195660619931654,0.0
11,0.0,156,forward,3.2640329032037374,0.0,0.0,0.0,0.0,0.0,0.0,9.92880489077117e-06,-1.5437659218735609,0.0002408032686960181,-0.004454559966525146,0.0007892741337960918,0.0
11,0.0,157,forward,3.2650417196929054,0.0,0.0,0.0,0.0,0.0,0.0,9.9288278054482e-06,-1.5637041492077786,6.318866431502883e-05,-0.004456080879849723,0.0008623651351796491,0.0
11,0.0,158,forward,3.2658523344576063,0.0,0.0,0.0,0.0,0.0,0.0,9.928828509199329e-06,-1.5837221555150702,-0.00011516208868464149,-0.004455820849680947,0.0009387639155551547,0.0
11,0.0,159,forward,3.2664662665328756,0.0,0.0,0.0,0.0,0.0,0.0,9.928870594046817e-06,-1.6038202406964748,-0.00029418041202252185,-0.0044537728530204,0.0010183894301026147,0.0
11,0.0,160,forward,3.2668850288361737,0.0,0.0,0.0,0.0,0.0,0.0,9.929018350721753e-06,-1.6239985757347701,-0.00047379718525310954,-0.004449930555795263,0.0011011548252453096,0.0
11,0.0,161,forward,3.2671101255182466,0.0,0.0,0.0,0.0,0.0,0.0,9.929336671962587e-06,-1.644257199304441,-0.000653942771315707,-0.004444288318155563,0.0011869675342047192,0.0
11,0.0,162,forward,3.267143049344944,0.0,0.0,0.0,0.0,0.0,0.0,9.929890954074405e-06,-1.6645960145628462,-0.0008345470423935173,-0.0044368411995141565,0.0012757293825421956,0.0
11,0.0,163,forward,3.2669852791140443,0.0,0.0,0.0,0.0,0.0,0.0,9.930746996893808e-06,-1.685014786148883,-0.0010155394060732197,-0.004427584963326518,0.0013673367035794415,0.0
11,0.0,164,forward,3.266638277111157,0.0,0.0,0.0,0.0,0.0,0.0,9.93197090230681e-06,-1.705513137416027,-0.0011968488317954178,-0.004416516081607262,0.0014616804635746716,0.0
11,0.0,165,forward,3.266103486608831,0.0,0.0,0.0,0.0,0.0,0.0,9.933628971471858e-06,-1.7260905479271627,-0.0013784038775867746,-0.004403631739180643,0.001558646396518204,0.0
11,0.0,166,forward,3.265382329413041,0.0,0.0,0.0,0.0,0.0,0.0,9.935787600902024e-06,-1.746746351238832,-0.001560132717063935,-0.004388929837662117,0.0016581151483946455,0.0
11,0.0,167,forward,3.2644762034612422,0.0,0.0,0.0,0.0,0.0,0.0,9.93851317756526e-06,-1.7674797330026546,-0.0017419631666999553,-0.0043724089991685,0.0017599624307457762,0.0
11,0.0,168,forward,3.2633864804762256,0.0,0.0,0.0,0.0,0.0,0.0,9.941871973162348e-06,-1.7882897294113633,-0.0019238227133427448,-0.004354068569753914,0.0018640591833528342,0.0
11,0.0,169,forward,3.262114503680002,0.0,0.0,0.0,0.0,0.0,0.0,9.945930037746754e-06,-1.8091752260165617,-0.0021056385419761206,-0.004333908622569231,0.001970271745841745,0.0
11,0.0,170,forward,3.2606615855719694,0.0,0.0,0.0,0.0,0.0,0.0,9.950753092851856e-06,-1.8301349569444643,-0.002287337563712876,-0.00431192996074259,0.0020784620380015495,0.0
11,0.0,171,forward,3.259029005775603,0.0,0.0,0.0,0.0,0.0,0.0,9.956406424292678e-06,-1.8511675045348936,-0.0024688464440095832,-0.004288134119978586,0.002188487748589041,0.0
11,0.0,172,forward,3.25721800895791,0.0,0.0,0.0,0.0,0.0,0.0,9.962954774813324e-06,-1.8722712994275121,-0.002650091631093241,-0.004262523370874225,0.002300202532382667,0.0
11,0.0,173,forward,3.255229802825866,0.0,0.0,0.0,0.0,0.0,0.0,9.970462236749798e-06,-1.8934446211174765,-0.002830999384588265,-0.0042351007209493275,0.0024134562152289263,0.0
11,0.0,174,forward,3.2530655562040356,0.0,0.0,0.0,0.0,0.0,0.0,9.97899214488193e-06,-1.9146855990009217,-0.003011495804334089,-0.004205869916389556,0.002528095006815334,0.0
11,0.0,175,forward,3.2507263971975275,0.0,0.0,0.0,0.0,0.0,0.0,9.988606969647705e-06,-1.9359922139282482,-0.0031915068593819794,-0.004174835443500194,0.002643961720885213,0.0
11,0.0,176,forward,3.248213411444418,0.0,0.0,0.0,0.0,0.0,0.0,9.999368210894795e-06,-1.9573623002806766,-0.003370958417160432,-0.0041420025298689435,0.0027608960026030416,0.0
11,0.0,177,forward,3.2455276404617006,0.0,0.0,0.0,0.0,0.0,0.0,1.0011336292343901e-05,-1.9787935485826091,-0.0035497762727978725,-0.004107377145236057,0.0028787345627560024,0.0
11,0.0,178,forward,3.2426700800887827,0.0,0.0,0.0,0.0,0.0,0.0,1.0024570456940128e-05,-2.0002835086592223,-0.003727886178592044,-0.004070966002070392,0.0029973114184744243,0.0
11,0.0,179,forward,3.2396416790324634,0.0,0.0,0.0,0.0,0.0,0.0,1.0039128663266473e-05,-2.021829593345179,-0.003905213873614061,-0.004032776555849827,0.0031164581401322278,0.0
11,0.0,180,forward,3.236443337517278,0.0,0.0,0.0,0.0,0.0,0.0,1.0055067483195821e-05,-2.0434290827468153,-0.004081685113436603,-0.003992817005044925,0.0032360041040843113,0.0
11,0.0,181,forward,3.2330759060449727,0.0,0.0,0.0,0.0,0.0,0.0,1.007244200095482e-05,-2.065079129056196,-0.0042572256999743605,-0.003951096290804485,0.003355776750878614,0.0
11,0.0,182,forward,3.2295401842668356,0.0,0.0,0.0,0.0,0.0,0.0,1.0091305713773502e-05,-2.0867767619114113,-0.004431761511425166,-0.003907624096342027,0.0034756018485742057,0.0
11,0.0,183,forward,3.225836919972454,0.0,0.0,0.0,0.0,0.0,0.0,1.0111710434293536e-05,-2.1085188942933883,-0.004605218532300511,-0.0038624108460222737,0.0035953037607832083,0.0
11,0.0,184,forward,3.221966808198417,0.0,0.0,0.0,0.0,0.0,0.0,1.0133706194905409e-05,-2.1303023289452216,-0.004777522883533691,-0.0038154677041466645,0.0037147057190453636,0.0
11,0.0,185,forward,3.2179304904603314,0.0,0.0,0.0,0.0,0.0,0.0,1.015734115418407e-05,-2.152123765295725,-0.004948600852653439,-0.0037668065734373546,0.0038336300991331784,0.0
11,0.0,186,forward,3.2137285541114218,0.0,0.0,0.0,0.0,0.0,0.0,1.0182661505590419e-05,-2.1739798068647898,-0.00511837892401184,-0.003716440093218969,0.003951898700874756,0.0
11,0.0,187,forward,3.2093615318308615,0.0,0.0,0.0,0.0,0.0,0.0,1.020971138860307e-05,-2.195866969123855,-0.0052867838090540015,-0.0036643816372976747,0.004069333031077704,0.0
11,0.0,188,forward,3.204829901244839,0.0,0.0,0.0,0.0,0.0,0.0,1.0238532802443406e-05,-2.217781687780866,-0.005453742476617959,-0.0036106453115372643,0.0041857545891220704,0.0
11,0.0,189,forward,3.2001340846832473,0.0,0.0,0.0,0.0,0.0,0.0,1.0269165522552834e-05,-2.23972032745524,-0.005619182183252657,-0.0035552459511318875,0.00430098515478794,0.0
11,0.0,190,forward,3.1952744490747325,0.0,0.0,0.0,0.0,0.0,0.0,1.030164701997867e-05,-2.2616791907047307,-0.005783030503541586,-0.003498199117575466,0.004414847077875428,0.0
11,0.0,191,forward,3.1902513059827022,0.0,0.0,0.0,0.0,0.0,0.0,1.0336012383822031e-05,-2.2836545273629154,-0.005945215360420698,-0.003439521095327636,0.004527163569165604,0.0
11,0.0,192,forward,3.185064911784749,0.0,0.0,0.0,0.0,0.0,0.0,1.037229424689605e-05,-2.3056425441429247,-0.006105665055477495,-0.0033792288881764475,0.0046377589922690365,0.0
11,0.0,193,forward,3.179715467997793,0.0,0.0,0.0,0.0,0.0,0.0,1.0410522714740755e-05,-2.327639414460625,-0.006264308299219854,-0.003317340215298063,0.004746459155901106,0.0
11,0.0,194,forward,3.174203121751095,0.0,0.0,0.0,0.0,0.0,0.0,1.0450725298134506e-05,-2.3496412884282516,-0.006421074241301742,-0.003253873507013732,0.00485309160611902,0.0
11,0.0,195,forward,3.1685279664091563,0.0,0.0,0.0,0.0,0.0,0.0,1.049292684923959e-05,-2.371644302967881,-0.006575892500694029,-0.003188847900244644,0.004957485918053561,0.0
11,0.0,196,forward,3.162690042346348,0.0,0.0,0.0,0.0,0.0,0.0,1.0537149501512994e-05,-2.3936445919929032,-0.006728693195787686,-0.003122283233665202,0.00505947398666573,0.0
11,0.0,197,forward,3.156689337874968,0.0,0.0,0.0,0.0,0.0,0.0,1.0583412613509186e-05,-2.4156382966050276,-0.006879406974417059,-0.0030542000425554743,0.005158890316050213,0.0
11,0.0,198,forward,3.1505257903282926,0.0,0.0,0.0,0.0,0.0,0.0,1.0631732716697341e-05,-2.437621575254206,-0.007027965043791357,-0.002984619553353687,0.005255572306818168,0.0
11,0.0,199,forward,3.144199287300002,0.0,0.0,0.0,0.0,0.0,0.0,1.0682123467407604e-05,-2.4595906138091617,-0.007174299200321103,-0.0029135636779097428,0.00534936054107904,0.0
11,0.0,200,forward,3.1377096680412584,0.0,0.0,0.0,0.0,0.0,0.0,1.0734595603018219e-05,-2.481541635487179,-0.007318341859328046,-0.0028410550074408707,0.00544009906454801,0.0
12,0.0,1,forward,0.3036380027061029,0.0,0.0,0.0,0.0,0.0,0.0,4.4963113452966407e-07,2.9960331855589994,-0.0018759672571976307,0.00013754631332410855,0.2594821368056781,0.0
12,0.0,2,forward,0.538560200566183,0.0,0.0,0.0,0.0,0.0,0.0,4.5315052239781585e-07,2.9766374944952223,-0.0018775860709367468,0.00015632585531627326,0.15023314626032025,0.0
12,0.0,3,forward,0.7220945172915371,0.0,0.0,0.0,0.0,0.0,0.0,4.566745744804071e-07,2.9573149467636477,-0.0018784583913934035,0.00017511786079440347,0.08884465098213849,0.0
12,0.0,4,forward,0.8669583637166204,0.0,0.0,0.0,0.0,0.0,0.0,4.6020048472494825e-07,2.938064249743525,-0.0018785808812971478,0.0001939148434451782,0.054200067298438945,0.0
12,0.0,5,forward,0.9825287571081197,0.0,0.0,0.0,0.0,0.0,0.0,4.637254328749597e-07,2.918884020850524,-0.0018779504907277882,0.00021270928499927957,0.03459956050723824,0.0
12,0.0,6,forward,1.0757572084898228,0.0,0.0,0.0,0.0,0.0,0.0,4.672465889338788e-07,2.899772791492627,-0.0018765644594884794,0.00023149363811857986,0.023512818987149853,0.0
12,0.0,7,forward,1.151828810966435,0.0,0.0,0.0,0.0,0.0,0.0,4.7076111768057693e-07,2.8807290109811463,-0.0018744203193720723,0.0002502603293065235,0.017267172781319597,0.0
12,0.0,8,forward,1.2146373721965609,0.0,0.0,0.0,0.0,0.0,0.0,4.742661832297094e-07,2.8617510503866708,-0.001871515896319509,0.0002690017618406701,0.013781355952831552,0.0
12,0.0,9,forward,1.2671284052153389,0.0,0.0,0.0,0.0,0.0,0.0,4.777589536298536e-07,2.8428372063311373,-0.001867849312468837,0.0002877103187262521,0.011867316351879834,0.0
12,0.0,10,forward,1.3115472616536492,0.0,0.0,0.0,0.0,0.0,0.0,4.81236605492425e-07,2.8239857047083006,-0.001863418988093703,0.00030637836566972497,0.010842457891927462,0.0
12,0.0,11,forward,1.3496191738136696,0.0,0.0,0.0,0.0,0.0,0.0,4.846963286440916e-07,2.8051947043261944,-0.001858223643429965,0.0003249982540711131,0.010312625883318119,0.0
12,0.0,12,forward,1.3826803833360046,0.0,0.0,0.0,0.0,0.0,0.0,4.881353307954839e-07,2.786462300466182,-0.0018522623003893806,0.0003435623240341038,0.010049656306792012,0.0
12,0.0,13,forward,1.411774078217241,0.0,0.0,0.0,0.0,0.0,0.0,4.915508422187457e-07,2.767786528354342,-0.001845534284159102,0.0003620629073926817,0.00992168774568028,0.0
12,0.0,14,forward,1.437720950529363,0.0,0.0,0.0,0.0,0.0,0.0,4.949401204265971e-07,2.7491653665418894,-0.001838039224686082,0.0003804923307532231,0.009853145773382074,0.0
12,0.0,15,forward,1.4611713937095219,0.0,0.0,0.0,0.0,0.0,0.0,4.983004548452494e-07,2.730596740192234,-0.001829777058045018,0.000398842918550876,0.009801554266505974,0.0
12,0.0,16,forward,1.4826443660049924,0.0,0.0,0.0,0.0,0.0,0.0,5.016291714737572e-07,2.7120785242733985,-0.0018207480276892058,0.00041710699611896036,0.009743973196856548,0.0
12,0.0,17,forward,1.5025565271020551,0.0,0.0,0.0,0.0,0.0,0.0,5.049236375220818e-07,2.6936085466548985,-0.0018109526855829043,0.00043527689277039766,0.009668994345686077,0.0
12,0.0,18,forward,1.521244243426373,0.0,0.0,0.0,0.0,0.0,0.0,5.0818126602039e-07,2.6751845911094767,-0.0018003918932147438,0.0004533449448898067,0.009571976601204318,0.0
12,0.0,19,forward,1.538980336074788,0.0,0.0,0.0,0.0,0.0,0.0,5.113995203917957e-07,2.6568044002203823,-0.0017890668224908974,0.0004713034990351511,0.009452188106660597,0.0
12,0.0,20,forward,1.5559869297237487,0.0,0.0,0.0,0.0,0.0,0.0,5.145759189809973e-07,2.638465678195734,-0.001776978956507372,0.0004891449150477343,0.0093110820356187,0.0
12,0.0,21,forward,1.5724453914474796,0.0,0.0,0.0,0.0,0.0,0.0,5.177080395311834e-07,2.6201660935920748,-0.001764130090200645,0.0005068615691693185,0.009151253073203858,0.0
12,0.0,22,forward,1.5885040828787789,0.0,0.0,0.0,0.0,0.0,0.0,5.207935236015379e-07,2.6019032819497876,-0.0017505223308758036,0.0005244458571651117,0.008975806655519641,0.0
12,0.0,23,forward,1.604284457636746,0.0,0.0,0.0,0.0,0.0,0.0,5.238300809178094e-07,2.583674848343488,-0.0017361580986115443,0.0005418901974514283,0.008787980814698504,0.0
12,0.0,24,forward,1.6198858972581722,0.0,0.0,0.0,0.0,0.0,0.0,5.268154936484216e-07,2.565478369850966,-0.0017210401265413333,0.0005591870342268255,0.008590923889804924,0.0
12,0.0,25,forward,1.635389578006202,0.0,0.0,0.0,0.0,0.0,0.0,5.297476205986364e-07,2.547311397944774,-0.001705171461010187,0.0005763288406053815,0.008387569033637327,0.0
12,0.0,26,forward,1.6508615872467955,0.0,0.0,0.0,0.0,0.0,0.0,5.3262440131538e-07,2.5291714608107765,-0.001688555461606456,0.0005933081217509331,0.008180569051196851,0.0
12,0.0,27,forward,1.6663554540052683,0.0,0.0,0.0,0.0,0.0,0.0,5.354438600953965e-07,2.511056065598356,-0.0016711958010680527,0.0006101174180110116,0.007972268815516381,0.0
12,0.0,28,forward,1.6819142184335865,0.0,0.0,0.0,0.0,0.0,0.0,5.382041098896187e-07,2.4929627006073707,-0.0016530964650629187,0.0006267493080492054,0.007764700913570288,0.0
12,0.0,29,forward,1.6975721353596551,0.0,0.0,0.0,0.0,0.0,0.0,5.409033560964412e-07,2.4748888374169753,-0.0016342617518428362,0.0006431964119746875,0.007559595389850848,0.0
12,0.0,30,forward,1.7133560850663847,0.0,0.0,0.0,0.0,0.0,0.0,5.435399002371357e-07,2.4568319329619372,-0.001614696271770723,0.0006594513944676532,0.007358397728753241,0.0
12,0.0,31,forward,1.729286747949729,0.0,0.0,0.0,0.0,0.0,0.0,5.461121435063985e-07,2.438789431562045,-0.0015944049467207582,0.0006755069678993781,0.007162291297099221,0.0
12,0.0,32,forward,1.7453795872738076,0.0,0.0,0.0,0.0,0.0,0.0,5.486185901914171e-07,2.4207587669104718,-0.0015733930093512138,0.0006913558954456711,0.006972221806333112,0.0
12,0.0,33,forward,1.7616456748175926,0.0,0.0,0.0,0.0,0.0,0.0,5.510578509528508e-07,2.4027373640271565,-0.0015516660022497771,0.0007069909941923616,0.0067889222251732995,0.0
12,0.0,34,forward,1.7780923870175076,0.0,0.0,0.0,0.0,0.0,0.0,5.534286459613618e-07,2.384722641183213,-0.00152922977695108,0.0007224051382316413,0.006612937147113418,0.0
12,0.0,35,forward,1.794723993686465,0.0,0.0,0.0,0.0,0.0,0.0,5.557298078835122e-07,2.3667120118026697,-0.001506090492826462,0.0007375912617479118,0.0064446459984823234,0.0
12,0.0,36,forward,1.8115421571152603,0.0,0.0,0.0,0.0,0.0,0.0,5.579602847109963e-07,2.3487028863477892,-0.0014822546158458074,0.0007525423620918828,0.0062842847281344705,0.0
12,0.0,37,forward,1.8285463560289306,0.0,0.0,0.0,0.0,0.0,0.0,5.601191424274399e-07,2.3306926741943044,-0.0014577289172114929,0.0007672515028416574,0.0061319657915238635,0.0
12,0.0,38,forward,1.845734246250642,0.0,0.0,0.0,0.0,0.0,0.0,5.622055675071492e-07,2.312678785502965,-0.001432520471864471,0.0007817118168494918,0.005987696357252492,0.0
12,0.0,39,forward,1.8631019678493115,0.0,0.0,0.0,0.0,0.0,0.0,5.642188692404304e-07,2.2946586330937286,-0.001406636656862484,0.0007959165092729727,0.005851394741098748,0.0
12,0.0,40,forward,1.8806444068878978,0.0,0.0,0.0,0.0,0.0,0.0,5.661584818804332e-07,2.276629634329063,-0.0013800851496307903,0.0008098588605893274,0.005722905122933053,0.0
12,0.0,41,forward,1.8983554185523148,0.0,0.0,0.0,0.0,0.0,0.0,5.680239666065073e-07,2.258589213012563,-0.0013528739260852132,0.0008235322295915955,0.00560201063390614,0.0
12,0.0,42,forward,1.91622801735472,0.0,0.0,0.0,0.0,0.0,0.0,5.698150132996039e-07,2.240534801309347,-0.0013250112586282103,0.0008369300563653843,0.005488444920355717,0.0
12,0.0,43,forward,1.9342545392155408,0.0,0.0,0.0,0.0,0.0,0.0,5.715314421251922e-07,2.2224638416943026,-0.0012965057140178068,0.0008500458652449238,0.005381902300906516,0.0
12,0.0,44,forward,1.9524267794948702,0.0,0.0,0.0,0.0,0.0,0.0,5.731732049197781e-07,2.2043737889344435,-0.0012673661511101513,0.0008628732677471892,0.00528204663693449,0.0
12,0.0,45,forward,1.9707361104343095,0.0,0.0,0.0,0.0,0.0,0.0,5.747403863770432e-07,2.1862621121112817,-0.0012376017184756937,0.0008754059654827749,0.00518851903589268,0.0
12,0.0,46,forward,1.9891735809607565,0.0,0.0,0.0,0.0,0.0,0.0,5.762332050302746e-07,2.168126296689224,-0.0012072218518898727,0.0008876377530423063,0.005100944503348082,0.0
12,0.0,47,forward,2.0077300013751334,0.0,0.0,0.0,0.0,0.0,0.0,5.776520140276874e-07,2.149963846635531,-0.0011762362716982932,0.0008995625208571104,0.005018937653967326,0.0
12,0.0,48,forward,2.0263960150869664,0.0,0.0,0.0,0.0,0.0,0.0,5.789973016979269e-07,2.131772286597584,-0.001144654980057565,0.0009111742580328962,0.004942107584877453,0.0
12,0.0,49,forward,2.045162159248374,0.0,0.0,0.0,0.0,0.0,0.0,5.802696919029807e-07,2.113549164142531,-0.001112488258051811,0.0009224670551552091,0.004870062007312215,0.0
12,0.0,50,forward,2.064018915879202,0.0,0.0,0.0,0.0,0.0,0.0,5.814699441763544e-07,2.095292052064527,-0.0010797466626859405,0.0009334351070654092,0.004802410724681239,0.0
12,0.0,51,forward,2.082956754851287,0.0,0.0,0.0,0.0,0.0,0.0,5.825989536444925e-07,2.0769985507642073,-0.0010464410237561105,0.0009440727156059557,0.004738768537385696,0.0
12,0.0,52,forward,2.101966169908108,0.0,0.0,0.0,0.0,0.0,0.0,5.836577507299048e-07,2.0586662907049464,-0.001012582440598424,0.0009543742923337641,0.004678757647092635,0.0
12,0.0,53,forward,2.121037708731545,0.0,0.0,0.0,0.0,0.0,0.0,5.846475006346475e-07,2.0402929349498624,-0.0009781822787163915,0.0009643343612004222,0.004622009625886658,0.0
12,0.0,54,forward,2.1401619979259032,0.0,0.0,0.0,0.0,0.0,0.0,5.85569502603268e-07,2.0218761817832775,-0.0009432521662881556,0.0009739475611980592,0.004568167008818125,0.0
12,0.0,55,forward,2.15932976366758,0.0,0.0,0.0,0.0,0.0,0.0,5.864251889646626e-07,2.0034137674199264,-0.0009078039905545261,0.0009832086489696718,0.00451688456193855,0.0
12,0.0,56,forward,2.1785318486637433,0.0,0.0,0.0,0.0,0.0,0.0,5.872161239525265e-07,1.9849034688045002,-0.000871849894088471,0.0009921125013827082,0.004467830271964179,0.0
12,0.0,57,forward,2.197759225972931,0.0,0.0,0.0,0.0,0.0,0.0,5.879440023046299e-07,1.9663431065039045,-0.0008354022709475205,0.0010006541180647443,0.00442068609825097,0.0
12,0.0,58,forward,2.217003010162427,0.0,0.0,0.0,0.0,0.0,0.0,5.886106476412792e-07,1.9477305476936133,-0.0007984737627096534,0.0010088286239000744,0.0043751485227978,0.0
12,0.0,59,forward,2.236254466209966,0.0,0.0,0.0,0.0,0.0,0.0,5.892180106239081e-07,1.929063709239299,-0.0007610772543943032,0.0010166312714860574,0.004330928929493549,0.0
12,0.0,60,forward,2.2555050164993027,0.0,0.0,0.0,0.0,0.0,0.0,5.897681668949179e-07,1.9103405608738075,-0.0007232258702692466,0.0010240574435480836,0.004287753839779307,0.0
12,0.0,61,forward,2.2747462462091104,0.0,0.0,0.0,0.0,0.0,0.0,5.902633148003496e-07,1.891559128469041,-0.0006849329695447355,0.0010311026553120183,0.0042453650282705535,0.0
12,0.0,62,forward,2.2939699073515714,0.0,0.0,0.0,0.0,0.0,0.0,5.907057728973605e-07,1.8727174974015948,-0.0006462121419565301,0.0010377625568329925,0.004203519538653111,0.0
12,0.0,63,forward,2.313167921679852,0.0,0.0,0.0,0.0,0.0,0.0,5.910979772486429e-07,1.853813816009508,-0.0006070772032381462,0.001044032935279463,0.004161989617301631,0.0
12,0.0,64,forward,2.332332382651657,0.0,0.0,0.0,0.0,0.0,0.0,5.914424785066343e-07,1.8348462991376309,-0.000567542190485125,0.0010499097171714092,0.004120562579539633,0.0
12,0.0,65,forward,2.351455556608537,0.0,0.0,0.0,0.0,0.0,0.0,5.917419387903038e-07,1.8158132317668705,-0.0005276213574113496,0.0010553889705716085,0.004079040621230656,0.0
12,0.0,66,forward,2.370529883306912,0.0,0.0,0.0,0.0,0.0,0.0,5.919991283580234e-07,1.7967129727225353,-0.0004873291694997978,0.0010604669072289167,0.004037240586444502,0.0
12,0.0,67,forward,2.3895479759164546,0.0,0.0,0.0,0.0,0.0,0.0,5.922169220802013e-07,1.7775439584554042,-0.0004466802990490543,0.0010651398846725096,0.003994993700239813,0.0
12,0.0,68,forward,2.4085026205839455,0.0,0.0,0.0,0.0,0.0,0.0,5.923982957156618e-07,1.7583047068878632,-0.00040568962011668796,0.0010694044082560277,0.003952145274129015,0.0
12,0.0,69,forward,2.4273867756457417,0.0,0.0,0.0,0.0,0.0,0.0,5.925463219963344e-07,1.738993821316786,-0.00036437220336191933,0.0010732571331506463,0.003908554390515462,0.0
12,0.0,70,forward,2.4461935705590987,0.0,0.0,0.0,0.0,0.0,0.0,5.926641665248417e-07,1.7196099943628957,-0.0003227433107884787,0.0010766948662860045,0.0038640935712954683,0.0
12,0.0,71,forward,2.464916304611549,0.0,0.0,0.0,0.0,0.0,0.0,5.92755083490212e-07,1.7001520119556035,-0.00028081839038992395,0.001079714568238066,0.003818648434877836,0.0
12,0.0,72,forward,2.483548445458098,0.0,0.0,0.0,0.0,0.0,0.0,5.928224112070762e-07,1.6806187573405234,-0.0002386130706986678,0.0010823133550629251,0.003772117345069881,0.0
12,0.0,73,forward,2.5020836275278895,0.0,0.0,0.0,0.0,0.0,0.0,5.928695674841144e-07,1.6610092150959794,-0.0001961431552410867,0.0010844885000755712,0.0037244110546059694,0.0
12,0.0,74,forward,2.520515650335071,0.0,0.0,0.0,0.0,0.0,0.0,5.929000448278363e-07,1.6413224751429691,-0.00015342461690009276,0.0010862374355727225,0.0036754523455189148,0.0
12,0.0,75,forward,2.5388384767226797,0.0,0.0,0.0,0.0,0.0,0.0,5.929174054880955e-07,1.621557736731955,-0.00011047359218722964,0.0010875577544988103,0.003625175668077907,0.0
12,0.0,76,forward,2.5570462310632927,0.0,0.0,0.0,0.0,0.0,0.0,5.929252763519832e-07,1.6017143123884356,-6.730637542629038e-05,0.0010884472120541706,0.003573526779621028,0.0
12,0.0,77,forward,2.5751331974359,0.0,0.0,0.0,0.0,0.0,0.0,5.929273436931759e-07,1.5817916317977871,-2.3939412850275402e-05,0.0010889037272446506,0.0035204623842828298,0.0
12,0.0,78,forward,2.5930938177947507,0.0,0.0,0.0,0.0,0.0,0.0,5.929273477838975e-07,1.5617892456087348,1.961070338606097e-05,0.0010889253843716555,0.0034659497743502188,0.0
12,0.0,79,forward,2.610922690142805,0.0,0.0,0.0,0.0,0.0,0.0,5.929290773772242e-07,1.5417068291333282,6.332724127627172e-05,0.0010885104344619658,0.003409966473766124,0.0
12,0.0,80,forward,2.6286145667197522,0.0,0.0,0.0,0.0,0.0,0.0,5.929363640673563e-07,1.521544185920346,0.00010719333511253344,0.0010876572966363135,0.0033524998841272247,0.0
12,0.0,81,forward,2.6461643522122844,0.0,0.0,0.0,0.0,0.0,0.0,5.92953076536141e-07,1.5013012511776958,0.00015119199171438616,0.0010863645594161085,0.0032935469333900125,0.0
12,0.0,82,forward,2.663567101992399,0.0,0.0,0.0,0.0,0.0,0.0,5.929831146940198e-07,1.4809780950187563,0.00019530609673326651,0.0010846309819673979,0.0032331137273926003,0.0
12,0.0,83,forward,2.680818020387861,0.0,0.0,0.0,0.0,0.0,0.0,5.930304037240585e-07,1.4605749255063512,0.00023951842103103058,0.0010824554952813834,0.003171215204224309,0.0
12,0.0,84,forward,2.6979124589875862,0.0,0.0,0.0,0.0,0.0,0.0,5.930988880379235e-07,1.4400920914676119,0.00028381162713011365,0.0010798372032908273,0.003107874791419385,0.0
12,0.0,85,forward,2.7148459149835364,0.0,0.0,0.0,0.0,0.0,0.0,5.931925251525477e-07,1.4195300850525696,0.0003281682757326349,0.0010767753839214212,0.0030431240659090086,0.0
12,0.0,86,forward,2.7316140295497466,0.0,0.0,0.0,0.0,0.0,0.0,5.933152794970815e-07,1.3988895440085696,0.0003725708323068164,0.001073269490077758,0.002977002416643837,0.0
12,0.0,87,forward,2.748212586258273,0.0,0.0,0.0,0.0,0.0,0.0,5.934711161591438e-07,1.3781712536430624,0.0004170016737376631,0.001069319150562933,0.0029095567097843222,0.0
12,0.0,88,forward,2.7646375095311804,0.0,0.0,0.0,0.0,0.0,0.0,5.936639945802284e-07,1.3573761484470506,0.0004614430950399124,0.0010649241709313891,0.0028408409563523973,0.0
12,0.0,89,forward,2.7808848631271035,0.0,0.0,0.0,0.0,0.0,0.0,5.938978622098025e-07,1.336505313352081,0.0005058773161306583,0.0010600845342742268,0.0027709159822373874,0.0
12,0.0,90,forward,2.7969508486604746,0.0,0.0,0.0,0.0,0.0,0.0,5.941766481280623e-07,1.3155599845943038,0.0005502864886592075,0.0010548004019364807,0.002699849100459617,0.0
12,0.0,91,forward,2.8128318041511005,0.0,0.0,0.0,0.0,0.0,0.0,5.945042566473071e-07,1.2945415501601525,0.0005946527028915517,0.0010490721141657828,0.002627713785603114,0.0
12,0.0,92,forward,2.828524202601493,0.0,0.0,0.0,0.0,0.0,0.0,5.948845609020995e-07,1.2734515497893129,0.0006389579946471797,0.001042900190691896,0.0025545893503433614,0.0
12,0.0,93,forward,2.8440246505990983,0.0,0.0,0.0,0.0,0.0,0.0,5.953213964383011e-07,1.2522916745124608,0.000683184352285371,0.0010362853312365224,0.0024805606240094757,0.0
12,0.0,94,forward,2.8593298869403956,0.0,0.0,0.0,0.0,0.0,0.0,5.958185548114584e-07,1.231063765703045,0.0007273137237384654,0.001029228415953071,0.002405717633139126,0.0
12,0.0,95,forward,2.8744367812736886,0.0,0.0,0.0,0.0,0.0,0.0,5.963797772047219e-07,1.2097698136245203,0.0007713280235895696,0.0010217305057957304,0.0023301552839945505,0.0
12,0.0,96,forward,2.8893423327573253,0.0,0.0,0.0,0.0,0.0,0.0,5.97008748076817e-07,1.1884119554571786,0.0008152091401918486,0.001013792842817555,0.0022539730470307884,0.0
12,0.0,97,forward,2.9040436687300195,0.0,0.0,0.0,0.0,0.0,0.0,5.977090888505387e-07,1.1669924727912775,0.0008589389428270492,0.0010054168503971126,0.00217727464331674,0.0
12,0.0,98,forward,2.918538043389906,0.0,0.0,0.0,0.0,0.0,0.0,5.984843516521747e-07,1.1455137885766995,0.000902499288899985,0.0009966041333933676,0.0021001677329273716,0.0
12,0.0,99,forward,2.9328228364789832,0.0,0.0,0.0,0.0,0.0,0.0,5.993380131123076e-07,1.1239784635221453,0.0009458720311669272,0.0009873564782282888,0.002022763605336708,0.0
12,0.0,100,forward,2.9468955519695914,0.0,0.0,0.0,0.0,0.0,0.0,6.002734682385747e-07,1.1023891919412063,0.00098903902499449,0.000977675852897115,0.0019451768718586337,0.0
12,0.0,101,forward,2.960753816749636,0.0,0.0,0.0,0.0,0.0,0.0,6.012940243706343e-07,1.0807487970457876,0.0010319821356467587,0.0009675644069056939,0.0018675251601863174,0.0
12,0.0,102,forward,2.974395379303307,0.0,0.0,0.0,0.0,0.0,0.0,6.024028952279719e-07,1.0590602256920059,0.0010746832455974314,0.0009570244711349791,0.001789928811100877,0.0
12,0.0,103,forward,2.9878181083841393,0.0,0.0,0.0,0.0,0.0,0.0,6.036031950604874e-07,1.0373265425871878,0.0011171242618644615,0.0009460585576319993,0.0017125105774227767,0.0
12,0.0,104,forward,3.0010199916773272,0.0,0.0,0.0,0.0,0.0,0.0,6.048979329125055e-07,1.0155509239714584,0.0011592871233640641,0.0009346693593275842,0.0016353953252918607,0.0
12,0.0,105,forward,3.013999134448305,0.0,0.0,0.0,0.0,0.0,0.0,6.062900070099673e-07,0.9937366507910255,0.0012011538082814905,0.000922859749680212,0.0015587097378702286,0.0
12,0.0,106,forward,3.02675375817474,0.0,0.0,0.0,0.0,0.0,0.0,6.077821992811205e-07,0.9718871013850515,0.0012427063414555235,0.0009106327822461861,0.0014825820215670638,0.0
12,0.0,107,forward,3.039282199159153,0.0,0.0,0.0,0.0,0.0,0.0,6.093771700203535e-07,0.9500057437118599,0.001283926801773739,0.0008979916901757959,0.001407141614895413,0.0
12,0.0,108,forward,3.0515829071195544,0.0,0.0,0.0,0.0,0.0,0.0,6.110774527050134e-07,0.9280961271443275,0.0013247973295757688,0.0008849398856354344,0.001332518900073576,0.0
12,0.0,109,forward,3.0636544437555755,0.0,0.0,0.0,0.0,0.0,0.0,6.128854489747678e-07,0.9061618738682661,0.0013653001340615432,0.0008714809591556378,0.001258844917492008,0.0
12,0.0,110,forward,3.0754954812877267,0.0,0.0,0.0,0.0,0.0,0.0,6.148034237828205e-07,0.884206669921165,0.0014054175007015212,0.0008576186789049576,0.0011862510831722184,0.0
12,0.0,111,forward,3.087104800967551,0.0,0.0,0.0,0.0,0.0,0.0,6.168335007282531e-07,0.8622342559120595,0.0014451317986460095,0.0008433569898897501,0.001114868909347505,0.0
12,0.0,112,forward,3.0984812915565714,0.0,0.0,0.0,0.0,0.0,0.0,6.189776575783175e-07,0.8402484174662127,0.0014844254881305546,0.0008287000130797751,0.0010448297283038588,0.0
12,0.0,113,forward,3.1096239477720897,0.0,0.0,0.0,0.0,0.0,0.0,6.212377219895321e-07,0.8182529754409987,0.0015232811278745597,0.0008136520444597465,0.0009762644196211617,0.0
12,0.0,114,forward,3.1205318686980323,0.0,0.0,0.0,0.0,0.0,0.0,6.236153674359342e-07,0.7962517759616925,0.0015616813824698048,0.0007982175540069241,0.0009093031409616037,0.0
12,0.0,115,forward,3.131204256159183,0.0,0.0,0.0,0.0,0.0,0.0,6.261121093528083e-07,0.774248680327348,0.0015996090297562759,0.0007824011845948138,0.000844075062556654,0.0
12,0.0,116,forward,3.1416404130572952,0.0,0.0,0.0,0.0,0.0,0.0,6.287293015037376e-07,0.7522475548385222,0.0016370469681819789,0.0007662077508231656,0.0007807081055487136,0.0
12,0.0,117,forward,3.151839741667731,0.0,0.0,0.0,0.0,0.0,0.0,6.314681325786328e-07,0.7302522605991661,0.001673978224143863,0.0007496422377744131,0.0007193286843478475,0.0
12,0.0,118,forward,3.16180174189541,0.0,0.0,0.0,0.0,0.0,0.0,6.343296230300775e-07,0.7082666433453035,0.0017103859593068842,0.0007327097996967445,0.0006600614531696303,0.0
12,0.0,119,forward,3.1715260094890163,0.0,0.0,0.0,0.0,0.0,0.0,6.373146221549174e-07,0.6862945233529619,0.0017462534778979728,0.000715415758614068,0.000603029056924026,0.0
12,0.0,120,forward,3.1810122342125426,0.0,0.0,0.0,0.0,0.0,0.0,6.404238054279093e-07,0.664339685476914,0.0017815642339721537,0.0006977656028631965,0.0005483518866303411,0.0
12,0.0,121,forward,3.1902601979734255,0.0,0.0,0.0,0.0,0.0,0.0,6.436576720935324e-07,0.64240586937051,0.001816301838647578,0.0006797649855583913,0.0004961478395376293,0.0
12,0.0,122,forward,3.199269772906643,0.0,0.0,0.0,0.0,0.0,0.0,6.470165430220496e-07,0.6204967599351948,0.0018504500673065685,0.0006614197229837111,0.0004465320841345183,0.0
12,0.0,123,forward,3.208040919414316,0.0,0.0,0.0,0.0,0.0,0.0,6.505005588353232e-07,0.5986159780460731,0.001883992866759542,0.0006427357929135077,0.00039961683023661404,0.0
12,0.0,124,forward,3.2165736841604984,0.0,0.0,0.0,0.0,0.0,0.0,6.541096783076353e-07,0.5767670715971638,0.0019169143623689654,0.0006237193328614486,0.00035551110434432764,0.0
12,0.0,125,forward,3.224868198020969,0.0,0.0,0.0,0.0,0.0,0.0,6.578436770461445e-07,0.5549535069070379,0.001949198865130092,0.0006043766382584221,0.0003143205304672256,0.0
12,0.0,126,forward,3.2329246739880046,0.0,0.0,0.0,0.0,0.0,0.0,6.617021464554923e-07,0.533178660522168,0.001980830878705673,0.0005847141605598538,0.00027614711661532246,0.0
12,0.0,127,forward,3.240743405030253,0.0,0.0,0.0,0.0,0.0,0.0,6.656844929904448e-07,0.5114458114516782,0.00201179510641154,0.0005647385052828907,0.0002410890471611013,0.0
12,0.0,128,forward,3.248324761907934,0.0,0.0,0.0,0.0,0.0,0.0,6.697899377000348e-07,0.4897581338632667,0.002042076458150037,0.0005444564299739025,0.00020924048127898137,0.0
12,0.0,129,forward,3.2556691909437974,0.0,0.0,0.0,0.0,0.0,0.0,6.740175160663781e-07,0.46811869026609737,0.0020716600572884135,0.0005238748421069265,0.00018069135767190964,0.0
12,0.0,130,forward,3.2627772117503464,0.0,0.0,0.0,0.0,0.0,0.0,6.783660781406908e-07,0.44653042520221475,0.0021005312474790855,0.0005030007969135491,0.0001555272057970087,0.0
12,0.0,131,forward,3.269649414914006,0.0,0.0,0.0,0.0,0.0,0.0,6.828342889787335e-07,0.42499615946382596,0.0021286755994188787,0.00048184149514485594,0.00013382896380410673,0.0
12,0.0,132,forward,3.276286459637047,0.0,0.0,0.0,0.0,0.0,0.0,6.874206293773669e-07,0.4035185848495383,0.002156078917544269,0.0004604042807660747,0.00011567280340222131,0.0
12,0.0,133,forward,3.282689071338198,0.0,0.0,0.0,0.0,0.0,0.0,6.921233969134258e-07,0.3821002594683829,0.0021827272466596608,0.00043869663858452096,0.00010112996187007593,0.0
12,0.0,134,forward,3.288858039213029,0.0,0.0,0.0,0.0,0.0,0.0,6.969407072857274e-07,0.36074360359642355,0.002208606878495817,0.00041672619181162834,9.02665814266645e-05,0.0
12,0.0,135,forward,3.2947942137553095,0.0,0.0,0.0,0.0,0.0,0.0,7.018704959604393e-07,0.33945089608662465,0.0022337043581955028,0.00039450069955969397,8.314355617764315e-05,0.0
12,0.0,136,forward,3.3004985042406814,0.0,0.0,0.0,0.0,0.0,0.0,7.069105201195822e-07,0.3182242713288479,0.002258006490723452,0.0003720280542740401,7.981638685216599e-05,0.0
12,0.0,137,forward,3.3059718761741044,0.0,0.0,0.0,0.0,0.0,0.0,7.120583609120605e-07,0.29706571675343035,0.0022815003471978014,0.0003493162791015706,8.033504354294481e-05,0.0
12,0.0,138,forward,3.3112153487026794,0.0,0.0,0.0,0.0,0.0,0.0,7.17311426005905e-07,0.2759770708680323,0.0023041732711401165,0.0003263735251962386,8.474383665988067e-05,0.0
12,0.0,139,forward,3.316229991995558,0.0,0.0,0.0,0.0,0.0,0.0,7.226669524401347e-07,0.2549600218147151,0.0023260128846411946,0.0003032080689624566,9.308129630428716e-05,0.0
12,0.0,140,forward,3.321016924592788,0.0,0.0,0.0,0.0,0.0,0.0,7.281220097740441e-07,0.2340161064312264,0.002347007094439825,0.0002798283092373053,0.00010538006026674599,0.0
12,0.0,141,forward,3.325577310725057,0.0,0.0,0.0,0.0,0.0,0.0,7.336735035311668e-07,0.21314670979775271,0.0023671440979117163,0.00025624276441218666,0.00012166677084681984,0.0
12,0.0,142,forward,3.3299123576064193,0.0,0.0,0.0,0.0,0.0,0.0,7.393181789348896e-07,0.1923530652487161,0.002386412388965859,0.0002324600694952571,0.0001419619806872583,0.0
12,0.0,143,forward,3.334023312702218,0.0,0.0,0.0,0.0,0.0,0.0,7.450526249318916e-07,0.17163625482660402,0.0024048007638455345,0.0002084889731151403,0.00016628006780897153,0.0
12,0.0,144,forward,3.337911460974516,0.0,0.0,0.0,0.0,0.0,0.0,7.508732784993658e-07,0.15099721015380083,0.002422298326831319,0.00018433833446715456,0.00019462916002584846,0.0
12,0.0,145,forward,3.341578122107476,0.0,0.0,0.0,0.0,0.0,0.0,7.567764292313363e-07,0.13043671369688592,0.0024388944958433655,0.00016001712020302305,0.00022701106891052925,0.0
12,0.0,146,forward,3.345024647715241,0.0,0.0,0.0,0.0,0.0,0.0,7.627582241989352e-07,0.10995540039678313,0.002454579007940338,0.0001355344012649307,0.0002634212334734973,0.0
12,0.0,147,forward,3.348252418534979,0.0,0.0,0.0,0.0,0.0,0.0,7.688146730790312e-07,0.08955375963779322,0.0024693419247123365,0.00011089934966521804,0.0003038486737083415,0.0
12,0.0,148,forward,3.3512628416078494,0.0,0.0,0.0,0.0,0.0,0.0,7.749416535451522e-07,0.06923213752775682,0.0024831736375653187,8.612123521256622e-05,0.0003482759541456118,0.0
12,0.0,149,forward,3.3540573474507758,0.0,0.0,0.0,0.0,0.0,0.0,7.811349169140622e-07,0.04899073946172935,0.0024960648728943173,6.120942218588306e-05,0.0003966791575468545,0.0
12,0.0,150,forward,3.356637387222004,0.0,0.0,0.0,0.0,0.0,0.0,7.873900940410767e-07,0.028829632941527517,0.002508006697143106,3.6173365956997806e-05,0.0004490278688584065,0.0
12,0.0,151,forward,3.3590044298835133,0.0,0.0,0.0,0.0,0.0,0.0,7.937027014565499e-07,0.008748750623838232,0.002518990521747691,1.1022609563298565e-05,0.0005052851695323546,0.0
12,0.0,152,forward,3.361159959363466,0.0,0.0,0.0,0.0,0.0,0.0,8.000681477356311e-07,-0.011252106429847013,0.002529008107961223,-1.4233219768445412e-05,0.0005654076423083632,0.0
12,0.0,153,forward,3.3631054717219513,0.0,0.0,0.0,0.0,0.0,0.0,8.064817400929767e-07,-0.03117326532773016,0.0025380515715579953,-3.958441414608425e-05,0.0006293453865370974,0.0
12,0.0,154,forward,3.3648424723234016,0.0,0.0,0.0,0.0,0.0,0.0,8.129386911935267e-07,-0.05101517777158414,0.002546113387414017,-6.502118858231141e-05,0.0006970420441106961,0.0
12,0.0,155,forward,3.366372473019103,0.0,0.0,0.0,0.0,0.0,0.0,8.19434126170225e-07,-0.07077841635464645,0.0025531863939619527,-9.0533684610334e-05,0.0007684348360514348,0.0
12,0.0,156,forward,3.36769698934335,0.0,0.0,0.0,0.0,0.0,0.0,8.259630898390286e-07,-0.0904636707563621,0.002559263797518103,-0.00011611197394329616,0.0008434546097936674,0.0
12,0.0,157,forward,3.3688175377268292,0.0,0.0,0.0,0.0,0.0,0.0,8.325205541011565e-07,-0.11007174385620781,0.0025643391764791014,-0.00014174606217647742,0.0009220258971788103,0.0
12,0.0,158,forward,3.3697356327309356,0.0,0.0,0.0,0.0,0.0,0.0,8.391014255222554e-07,-0.1296035477871391,0.0025684064853862512,-0.00016742589253072526,0.0010040669831656024,0.0
12,0.0,159,forward,3.370452784306746,0.0,0.0,0.0,0.0,0.0,0.0,8.457005530776962e-07,-0.14906009994816818,0.002571460058855297,-0.00019314134963591484,0.0010894899852422202,0.0
12,0.0,160,forward,3.370970495082485,0.0,0.0,0.0,0.0,0.0,0.0,8.523127360528471e-07,-0.16844251899415105,0.0025734946153694355,-0.00021888226335310681,0.0011782009435084562,0.0
12,0.0,161,forward,3.371290257683344,0.0,0.0,0.0,0.0,0.0,0.0,8.589327320869132e-07,-0.18775202081932924,0.0025745052609336063,-0.0002446384126338561,0.0012700999213795527,0.0
12,0.0,162,forward,3.3714135520875805,0.0,0.0,0.0,0.0,0.0,0.0,8.655552653485617e-07,-0.20698991455008375,0.002574487492587985,-0.0002703995294154813,0.0013650811168444965,0.0
12,0.0,163,forward,3.3713418430228757,0.0,0.0,0.0,0.0,0.0,0.0,8.721750348312419e-07,-0.22615759856067522,0.002573437201778738,-0.0002961553025506922,0.0014630329841943679,0.0
12,0.0,164,forward,3.371076577406969,0.0,0.0,0.0,0.0,0.0,0.0,8.787867227558312e-07,-0.24525655652465728,0.0025713506775840657,-0.000321895381770309,0.0015638383661176758,0.0
12,0.0,165,forward,3.370619181836612,0.0,0.0,0.0,0.0,0.0,0.0,8.853850030679771e-07,-0.26428835351307706,0.0025682246097937203,-0.000347609381677487,0.0016673746360409691,0.0
12,0.0,166,forward,3.3699710601289388,0.0,0.0,0.0,0.0,0.0,0.0,8.91964550017197e-07,-0.28325463214935015,0.002564056091840149,-0.000373286885771932,0.001773513850575198,0.0
12,0.0,167,forward,3.369133590919339,0.0,0.0,0.0,0.0,0.0,0.0,8.985200468046904e-07,-0.3021571088296597,0.0025588426235794754,-0.00039891745050288715,0.001882122911909423,0.0
12,0.0,168,forward,3.3681081253199716,0.0,0.0,0.0,0.0,0.0,0.0,9.050461942863696e-07,-0.32099757001601964,0.0025525821139205933,-0.0004244906093489737,0.0019930637399748763,0.0
12,0.0,169,forward,3.3668959846430426,0.0,0.0,0.0,0.0,0.0,0.0,9.115377197178106e-07,-0.33977786860854065,0.0025452728833008646,-0.00044999587692375753,0.0021061934541845573,0.0
12,0.0,170,forward,3.365498458192972,0.0,0.0,0.0,0.0,0.0,0.0,9.179893855270769e-07,-0.3584999204018441,0.002536913666006509,-0.00047542275310515433,0.0022213645645347,0.0
12,0.0,171,forward,3.3639168011315874,0.0,0.0,0.0,0.0,0.0,0.0,9.243959981018864e-07,-0.3771657006298696,0.0025275036123365087,-0.0005007607271873689,0.002338425171836578,0.0
12,0.0,172,forward,3.3621522324204536,0.0,0.0,0.0,0.0,0.0,0.0,9.307524165767806e-07,-0.3957772406021579,0.0025170422906080838,-0.0005259992820536783,0.002457219176829062,0.0
12,0.0,173,forward,3.360205932844425,0.0,0.0,0.0,0.0,0.0,0.0,9.370535616065398e-07,-0.4143366244337109,0.0025055296890028754,-0.000551127898368465,0.002577586497906126,0.0
12,0.0,174,forward,3.3580790431205005,0.0,0.0,0.0,0.0,0.0,0.0,9.432944241112512e-07,-0.43284598586981904,0.002492966217251855,-0.0005761360587869074,0.00269936329717263,0.0
12,0.0,175,forward,3.355772662095996,0.0,0.0,0.0,0.0,0.0,0.0,9.494700739790658e-07,-0.4513075052063245,0.0024793527081580784,-0.0006010132521807704,0.0028223822145298505,0.0
12,0.0,176,forward,3.353287845040026,0.0,0.0,0.0,0.0,0.0,0.0,9.555756687121235e-07,-0.469723406305002,0.0024646904189558204,-0.000625748977878548,0.0029464726094703964,0.0
12,0.0,177,forward,3.3506256020322374,0.0,0.0,0.0,0.0,0.0,0.0,9.616064620013656e-07,-0.4880959537031621,0.002448981032504905,-0.0006503327499184278,0.0030714608102508922,0.0
12,0.0,178,forward,3.3477868964526594,0.0,0.0,0.0,0.0,0.0,0.0,9.67557812215985e-07,-0.5064274498158072,0.002432226658319277,-0.0006747541013123801,0.0031971703700898746,0.0
12,0.0,179,forward,3.344772643576486,0.0,0.0,0.0,0.0,0.0,0.0,9.734251907928855e-07,-0.5247202322281699,0.0024144298334283294,-0.0006990025883196507,0.0033234223300306898,0.0
12,0.0,180,forward,3.3415837092775367,0.0,0.0,0.0,0.0,0.0,0.0,9.792041905122968e-07,-0.5429766710758709,0.002395593523070533,-0.0007230677947280968,0.00345003548808398,0.0
12,0.0,181,forward,3.3382209088440336,0.0,0.0,0.0,0.0,0.0,0.0,9.848905336448502e-07,-0.5611991665095092,0.0023757211212177627,-0.0007469393361415698,0.0035768266742622346,0.0
12,0.0,182,forward,3.334685005910284,0.0,0.0,0.0,0.0,0.0,0.0,9.904800799565026e-07,-0.5793901462399133,0.002354816450930178,-0.0007706068642717203,0.003703611031095677,0.0
12,0.0,183,forward,3.3309767115077262,0.0,0.0,0.0,0.0,0.0,0.0,9.959688345568904e-07,-0.59755206316009,0.0023328837645401825,-0.000794060071232514,0.0038302022992118268,0.0
12,0.0,184,forward,3.327096683238723,0.0,0.0,0.0,0.0,0.0,0.0,1.0013529555773647e-06,-0.615687393039332,0.0023099277436649736,-0.0008172886938356672,0.003956413107546797,0.0
12,0.0,185,forward,3.323045524576363,0.0,0.0,0.0,0.0,0.0,0.0,1.0066287616651733e-06,-0.6337986322847816,0.002285953499047124,-0.0008402825178854251,0.004082055267745854,0.0
12,0.0,186,forward,3.318823784293424,0.0,0.0,0.0,0.0,0.0,0.0,1.0117927392800674e-06,-0.6518882957653651,0.002260966570222359,-0.0008630313824708383,0.004206940072297827,0.0
12,0.0,187,forward,3.314431956023532,0.0,0.0,0.0,0.0,0.0,0.0,1.0168415497800466e-06,-0.669958914692828,0.0022349729250139704,-0.0008855251842538483,0.004330878595942167,0.0
12,0.0,188,forward,3.309870477957425,0.0,0.0,0.0,0.0,0.0,0.0,1.021772036283324e-06,-0.688013034554301,0.0022079789588536143,-0.0009077538817514626,0.004453681999876613,0.0
12,0.0,189,forward,3.3051397326771084,0.0,0.0,0.0,0.0,0.0,0.0,1.0265812302934621e-06,-0.7060532130907234,0.0021799914939277525,-0.0009297074996102336,0.004575161838279995,0.0
12,0.0,190,forward,3.3002400471305404,0.0,0.0,0.0,0.0,0.0,0.0,1.0312663580753282e-06,-0.724082018315234,0.002151017778149606,-0.0009513761328713636,0.004695130366668909,0.0
12,0.0,191,forward,3.2951716927493733,0.0,0.0,0.0,0.0,0.0,0.0,1.0358248467695303e-06,-0.7421020265654551,0.002121065483956325,-0.0009727499512245994,0.004813400851586103,0.0
12,0.0,192,forward,3.2899348857121122,0.0,0.0,0.0,0.0,0.0,0.0,1.0402543302333793e-06,-0.7601158205836541,0.0020901427069309132,-0.00099381920324927,0.00492978788112608,0.0
12,0.0,193,forward,3.284529787354934,0.0,0.0,0.0,0.0,0.0,0.0,1.044552654596894e-06,-0.7781259876184116,0.0020582579642491124,-0.0010145742206406109,0.005044107675786114,0.0
12,0.0,194,forward,3.2789565047322475,0.0,0.0,0.0,0.0,0.0,0.0,1.0487178835225875e-06,-0.7961351175415743,0.002025420192950989,-0.0010350054224196796,0.005156178399138844,0.0
12,0.0,195,forward,3.273215091328943,0.0,0.0,0.0,0.0,0.0,0.0,1.052748303158189e-06,-0.8141458009741857,0.0019916387480371158,-0.0010551033191251414,0.005265820467807547,0.0
12,0.0,196,forward,3.2673055479261284,0.0,0.0,0.0,0.0,0.0,0.0,1.0566424267718843e-06,-0.8321606274149126,0.001956923400389617,-0.0010748585169850597,0.005372856860233033,0.0
12,0.0,197,forward,3.261227823622008,0.0,0.0,0.0,0.0,0.0,0.0,1.0603989990601104e-06,-0.8501821833646935,0.0019212843345180338,-0.0010942617220670635,0.00547711342371171,0.0
12,0.0,198,forward,3.254981817009413,0.0,0.0,0.0,0.0,0.0,0.0,1.0640170001183855e-06,-0.8682130504411392,0.0018847321461304344,-0.0011133037444050616,0.005578419179189553,0.0
12,0.0,199,forward,3.2485673775113537,0.0,0.0,0.0,0.0,0.0,0.0,1.0674956490659605e-06,-0.8862558034764454,0.0018472778395297181,-0.0011319755021007817,0.005676606623294056,0.0
12,0.0,200,forward,3.241984306875822,0.0,0.0,0.0,0.0,0.0,0.0,1.070834407315785e-06,-0.9043130085924697,0.0018089328248356783,-0.0011502680253983706,0.0057715120270867,0.0
