D,r,u,N,slope,R2,lyapunov_violations,pass
1.0,0.2,0.25,256,2.728377223444392,0.9993816206930906,0,0
0.5,0.1,0.2,256,2.318715995424784,0.9988913896505622,0,0
1.0,0.3,0.25,256,2.7138520145626566,0.9993485898227821,0,0
1.0,0.2,0.3,256,2.728677955667302,0.9993790259522376,0,0
