{
  "dt": [
    0.02,
    0.01,
    0.005,
    0.0025,
    0.00125
  ],
  "expected_slope": 2.0,
  "failed": true,
  "figure": "/mnt/ironwolf/git/Void_Unity_Proofs/derivation/code/outputs/figures/metriplectic/failed_runs/20251006_100844_residual_vs_dt_jmj.png",
  "fit": {
    "R2": 0.9993790259522376,
    "slope": 2.728677955667302
  },
  "gate": {
    "R2_min": 0.999,
    "slope_min": 2.9
  },
  "scheme": "jmj",
  "trivial_exact": false,
  "two_grid_error_inf_med": [
    5.046935842322776e-07,
    6.809388932230154e-08,
    9.825230391866807e-09,
    1.5335535445692994e-09,
    2.628226659744104e-10
  ]
}