seed,lambda,step,mode,err_to_ref,work_total,work_e_phi,work_e_pi,phi_share,pi_share,cum_work,H_energy,theta_energy,phi1,pi1,delta_sigma,align_cos
1,0.0,1,forward,0.40503546558489795,0.0,0.0,0.0,0.0,0.0,0.0,2.0691565194529576e-06,1.4420822674172058,0.0005221978848079582,0.002017456347607328,0.4735851233087234,0.0
1,0.0,2,forward,0.7197734651861243,0.0,0.0,0.0,0.0,0.0,0.0,2.0694744304472207e-06,1.4215318195428548,0.0006050412800269745,0.0020118191620277525,0.2768788491796907,0.0
1,0.0,3,forward,0.9666700945492923,0.0,0.0,0.0,0.0,0.0,0.0,2.0698926747222343e-06,1.4009026944177352,0.0006879740558530593,0.0020053529500356775,0.165235653852484,0.0
1,0.0,4,forward,1.1623063766054447,0.0,0.0,0.0,0.0,0.0,0.0,2.0704250974439956e-06,1.3801956631143448,0.0007709633266509975,0.0019980569821251228,0.1016021055749586,0.0
1,0.0,5,forward,1.3189804687949624,0.0,0.0,0.0,0.0,0.0,0.0,2.0710855264543974e-06,1.3594116458530732,0.0008539760523829759,0.0019899308584763677,0.06522960310033407,0.0
1,0.0,6,forward,1.4458603000008312,0.0,0.0,0.0,0.0,0.0,0.0,2.0718877501383445e-06,1.338551713301241,0.0009369790512342506,0.00198097451043708,0.044419075822914135,0.0
1,0.0,7,forward,1.5498186854903273,0.0,0.0,0.0,0.0,0.0,0.0,2.0728454951775278e-06,1.3176170874815805,0.0010199390123459865,0.0019711882018766985,0.03252855534107913,0.0
1,0.0,8,forward,1.6360391972993507,0.0,0.0,0.0,0.0,0.0,0.0,2.0739724042254956e-06,1.2966091422643788,0.0011028225086510484,0.001960572530412878,0.025762206274131172,0.0
1,0.0,9,forward,1.7084565668204068,0.0,0.0,0.0,0.0,0.0,0.0,2.0752820135394005e-06,1.2755294034189812,0.0011855960098076485,0.0019491284285091117,0.02193764634237827,0.0
1,0.0,10,forward,1.7700776320241598,0.0,0.0,0.0,0.0,0.0,0.0,2.0767877306039687e-06,1.2543795482017461,0.001268225895226273,0.0019368571644425173,0.01979382693635215,0.0
1,0.0,11,forward,1.82321598224167,0.0,0.0,0.0,0.0,0.0,0.0,2.0785028117835286e-06,1.2331614044594896,0.0013506784671850106,0.0019237603431408632,0.018599570366376855,0.0
1,0.0,12,forward,1.869664164999404,0.0,0.0,0.0,0.0,0.0,0.0,2.080440340038338e-06,1.211876949229669,0.0014329199640282684,0.001909839906888044,0.017930490724061027,0.0
1,0.0,13,forward,1.9108206262302334,0.0,0.0,0.0,0.0,0.0,0.0,2.082613202741441e-06,1.1905283068209902,0.0015149165734440406,0.001895098135897137,0.017540902456032847,0.0
1,0.0,14,forward,1.9477837424835336,0.0,0.0,0.0,0.0,0.0,0.0,2.0850340696324746e-06,1.1691177463609623,0.0015966344458147148,0.0018795376487502592,0.01728971566567472,0.0
1,0.0,15,forward,1.9814218488273379,0.0,0.0,0.0,0.0,0.0,0.0,2.0877153709450516e-06,1.1476476788000602,0.001678039707636213,0.0018631614027046029,0.01709725158036096,0.0
1,0.0,16,forward,2.0124256881887455,0.0,0.0,0.0,0.0,0.0,0.0,2.090669275744211e-06,1.1261206533654078,0.0017590984750006126,0.0018459726938639175,0.01691990549149136,0.0
1,0.0,17,forward,2.041347930838603,0.0,0.0,0.0,0.0,0.0,0.0,2.0939076705103493e-06,1.1045393534606192,0.0018397768671368326,0.0018279751572148446,0.016735191872173427,0.0
1,0.0,18,forward,2.0686331374228546,0.0,0.0,0.0,0.0,0.0,0.0,2.097442138006152e-06,1.082906592012166,0.0019200410200043672,0.0018091727665275807,0.01653287523486724,0.0
1,0.0,19,forward,2.0946406223345218,0.0,0.0,0.0,0.0,0.0,0.0,2.1012839364625823e-06,1.0612253062666466,0.0019998570999348116,0.0017895698341202795,0.016309694443967238,0.0
1,0.0,20,forward,2.1196620139531532,0.0,0.0,0.0,0.0,0.0,0.0,2.1054439791201637e-06,1.039498552047527,0.0020791913173157863,0.0017691710104868945,0.01606622326511392,0.0
1,0.0,21,forward,2.143934831305923,0.0,0.0,0.0,0.0,0.0,0.0,2.10993281416105e-06,1.0177294974840412,0.002158009940312095,0.0017479812837879057,0.015805008426996503,0.0
1,0.0,22,forward,2.167653050975686,0.0,0.0,0.0,0.0,0.0,0.0,2.11476060506733e-06,0.9959214162292697,0.002236279308618656,0.0017260059792036464,0.01552947528429166,0.0
1,0.0,23,forward,2.1909753865247983,0.0,0.0,0.0,0.0,0.0,0.0,2.1199371114407043e-06,0.9740776801886696,0.0023139658472398944,0.0017032507581500082,0.015243296089056169,0.0
1,0.0,24,forward,2.2140318189037176,0.0,0.0,0.0,0.0,0.0,0.0,2.1254716703177824e-06,0.9522017517844813,0.002391036080290083,0.0016797216173561667,0.014950037218892265,0.0
1,0.0,25,forward,2.236928781422203,0.0,0.0,0.0,0.0,0.0,0.0,2.1313731780151762e-06,0.9302971757855045,0.0024674566448093555,0.001655424887804182,0.01465297412250377,0.0
1,0.0,26,forward,2.2597533034022614,0.0,0.0,0.0,0.0,0.0,0.0,2.1376500725378804e-06,0.9083675707357335,0.0025431943045896997,0.0016303672335304614,0.014355006283486571,0.0
1,0.0,27,forward,2.282576342944727,0.0,0.0,0.0,0.0,0.0,0.0,2.1443103165834538e-06,0.8864166200188455,0.0026182159640055773,0.0016045556502888062,0.014058630871434274,0.0
1,0.0,28,forward,2.305455484377765,0.0,0.0,0.0,0.0,0.0,0.0,2.151361381174386e-06,0.8644480625990651,0.0026924886818436165,0.001577997464075198,0.013765949824429247,0.0
1,0.0,29,forward,2.3284371349015576,0.0,0.0,0.0,0.0,0.0,0.0,2.15881022994983e-06,0.8424656834819053,0.0027659796851258263,0.0015507003295142706,0.013478694964635385,0.0
1,0.0,30,forward,2.3515583240664393,0.0,0.0,0.0,0.0,0.0,0.0,2.166663304147226e-06,0.820473303941024,0.002838656382920628,0.001522672228107619,0.01319826182306405,0.0
1,0.0,31,forward,2.374848186379734,0.0,0.0,0.0,0.0,0.0,0.0,2.1749265083036017e-06,0.7984747715595473,0.0029104863801365376,0.001493921466343971,0.012925746605491728,0.0
1,0.0,32,forward,2.3983291895996257,0.0,0.0,0.0,0.0,0.0,0.0,2.183605196705184e-06,0.7764739501363164,0.00298143749129224,0.0014644566736716632,0.012661983057264514,0.0
1,0.0,33,forward,2.4220181577269337,0.0,0.0,0.0,0.0,0.0,0.0,2.192704160613156e-06,0.7544747095084352,0.0030514777542581255,0.0014342868003333873,0.012407577423042881,0.0
1,0.0,34,forward,2.4459271273045635,0.0,0.0,0.0,0.0,0.0,0.0,2.2022276162923162e-06,0.7324809153427051,0.003120575443963152,0.0014034211150637757,0.012162940582415627,0.0
1,0.0,35,forward,2.4700640676078085,0.0,0.0,0.0,0.0,0.0,0.0,2.2121791938682515e-06,0.7104964189485583,0.0031886990860616683,0.0013718692026500172,0.011928316980692744,0.0
1,0.0,36,forward,2.494433489082647,0.0,0.0,0.0,0.0,0.0,0.0,2.222561927037795e-06,0.6885250471650541,0.003255817470554562,0.0013396409613560753,0.01170381029518075,0.0
1,0.0,37,forward,2.519036959535204,0.0,0.0,0.0,0.0,0.0,0.0,2.233378243655792e-06,0.666570592373711,0.003321899665358848,0.001306746600210877,0.011489405961865984,0.0
1,0.0,38,forward,2.543873543772112,0.0,0.0,0.0,0.0,0.0,0.0,2.24462995722074e-06,0.6446368026877036,0.00338691502982038,0.0012731966361611126,0.011284990786771365,0.0
1,0.0,39,forward,2.5689401793963356,0.0,0.0,0.0,0.0,0.0,0.0,2.256318259279846e-06,0.6227273723662587,0.0034508332281637803,0.0012390018910891463,0.011090369912710285,0.0
1,0.0,40,forward,2.594231999092623,0.0,0.0,0.0,0.0,0.0,0.0,2.268443712773387e-06,0.600845932500901,0.003513624242874131,0.001204173488696791,0.010905281426303315,0.0
1,0.0,41,forward,2.6197426078516943,0.0,0.0,0.0,0.0,0.0,0.0,2.281006246336346e-06,0.5789960420175985,0.003575258388004585,0.0011687228512555937,0.010729408885050695,0.0
1,0.0,42,forward,2.6454643220758545,0.0,0.0,0.0,0.0,0.0,0.0,2.294005149574403e-06,0.5571811790358303,0.0036357063224045296,0.0011326616962244105,0.01056239202826692,0.0
1,0.0,43,forward,2.6713883762992223,0.0,0.0,0.0,0.0,0.0,0.0,2.3074390693295063e-06,0.5354047326223433,0.0036949390628624114,0.001096002032735117,0.010403835914072457,0.0
1,0.0,44,forward,2.6975051022800107,0.0,0.0,0.0,0.0,0.0,0.0,2.3213060069491344e-06,0.5136699949736738,0.003752927997157825,0.00105875615794733,0.010253318700654157,0.0
1,0.0,45,forward,2.723804084431516,0.0,0.0,0.0,0.0,0.0,0.0,2.3356033165715176e-06,0.4919801540576817,0.0038096448970171078,0.0010209366532730375,0.01011039826570026,0.0
1,0.0,46,forward,2.7502742949145897,0.0,0.0,0.0,0.0,0.0,0.0,2.35032770443791e-06,0.47033828674030576,0.0038650619309669805,0.0009825563804721834,0.00997461783446918,0.0
1,0.0,47,forward,2.7769042111877678,0.0,0.0,0.0,0.0,0.0,0.0,2.365475229241233e-06,0.4487473524195584,0.00391915167708068,0.0009436284776202299,0.009845510765056242,0.0
1,0.0,48,forward,2.803681918378551,0.0,0.0,0.0,0.0,0.0,0.0,2.3810413035186516e-06,0.4272101871845615,0.003971887135610822,0.0009041663549487932,0.009722604619392228,0.0
1,0.0,49,forward,2.830595198482276,0.0,0.0,0.0,0.0,0.0,0.0,2.3970206960946316e-06,0.4057294985131051,0.004023241741503891,0.0008641836905605238,0.009605424630489856,0.0
1,0.0,50,forward,2.8576316080990423,0.0,0.0,0.0,0.0,0.0,0.0,2.4134075355785057e-06,0.38430786051706467,0.004073189376790355,0.0008236944260194478,0.00949349666041921,0.0
1,0.0,51,forward,2.88477854617275,0.0,0.0,0.0,0.0,0.0,0.0,2.4301953149198576e-06,0.3629477097407628,0.004121704382845427,0.0007827127618180222,0.009386349729376575,0.0
1,0.0,52,forward,2.9120233129902475,0.0,0.0,0.0,0.0,0.0,0.0,2.4473768970226518e-06,0.34165134151342363,0.004168761572514766,0.0007412531527222448,0.009283518183856088,0.0
1,0.0,53,forward,2.9393531615255837,0.0,0.0,0.0,0.0,0.0,0.0,2.464944521417473e-06,0.32042090685298746,0.004214336242099604,0.0006993303029961854,0.009184543561211789,0.0
1,0.0,54,forward,2.9667553420684074,0.0,0.0,0.0,0.0,0.0,0.0,2.4828898119900426e-06,0.2992584099148745,0.0042584041831963204,0.0006569591615073715,0.009088976198634136,0.0
1,0.0,55,forward,2.994217140952002,0.0,0.0,0.0,0.0,0.0,0.0,2.5012037857618337e-06,0.27816570597593504,0.0043009416943848655,0.0006141549167145169,0.008996376626606128,0.0
1,0.0,56,forward,3.0217259140913404,0.0,0.0,0.0,0.0,0.0,0.0,2.519876862716953e-06,0.2571444999406581,0.004341925592760609,0.0005709329915391221,0.008906316780108003,0.0
1,0.0,57,forward,3.0492691159518213,0.0,0.0,0.0,0.0,0.0,0.0,2.5388988766684493e-06,0.236196345353824,0.004381333225304839,0.0005273090381225531,0.008818381055048508,0.0
1,0.0,58,forward,3.0768343244924306,0.0,0.0,0.0,0.0,0.0,0.0,2.558259087154302e-06,0.21532264390128344,0.004419142480088145,0.00048329893247021964,0.008732167232506471,0.0
1,0.0,59,forward,3.1044092625608797,0.0,0.0,0.0,0.0,0.0,0.0,2.5779461923526556e-06,0.19452464537825076,0.004455331797301864,0.00043891876898456743,0.008647287289237804,0.0
1,0.0,60,forward,3.131981816161097,0.0,0.0,0.0,0.0,0.0,0.0,2.5979483430038657e-06,0.1738034481025794,0.004489880180112622,0.00039418485488861926,0.008563368109449465,0.0
1,0.0,61,forward,3.159540049963895,0.0,0.0,0.0,0.0,0.0,0.0,2.618253157324397e-06,0.15315999974890301,0.004522767205334268,0.00034911370454186226,0.008480052109956837,0.0
1,0.0,62,forward,3.1870722203884894,0.0,0.0,0.0,0.0,0.0,0.0,2.638847736897553e-06,0.1325950985781602,0.004553973033913091,0.0003037220336503371,0.008396997788456373,0.0
1,0.0,63,forward,3.214566786544947,0.0,0.0,0.0,0.0,0.0,0.0,2.6597186835223955e-06,0.11210939503608229,0.004583478421220478,0.00025802675337280925,0.008313880202685642,0.0
1,0.0,64,forward,3.2420124192946407,0.0,0.0,0.0,0.0,0.0,0.0,2.680852117002291e-06,0.09170339369347076,0.00461126472714886,0.00021204496432499206,0.008230391386637836,0.0
1,0.0,65,forward,3.2693980086568657,0.0,0.0,0.0,0.0,0.0,0.0,2.7022336938514204e-06,0.07137745550068848,0.004637313926005534,0.00016579395048379848,0.00814624070870884,0.0
1,0.0,66,forward,3.2967126697642635,0.0,0.0,0.0,0.0,0.0,0.0,2.7238486268971007e-06,0.05113180032859066,0.004661608616200055,0.0001192911729936512,0.00806115517561623,0.0
1,0.0,67,forward,3.3239457475471554,0.0,0.0,0.0,0.0,0.0,0.0,2.7456817057531574e-06,0.030966509768248687,0.004684132029720061,7.25542638769991e-05,0.007974879685117675,0.0
1,0.0,68,forward,3.351086820306978,0.0,0.0,0.0,0.0,0.0,0.0,2.76771731813887e-06,0.010881530162043223,0.004704868041391274,2.5601019651102026e-05,0.007887177229922937,0.0
1,0.0,69,forward,3.378125702321264,0.0,0.0,0.0,0.0,0.0,0.0,2.7899394720156864e-06,-0.009123324160730643,0.004723801177916772,-2.1550605146676217e-05,0.007797829054709715,0.0
1,0.0,70,forward,3.4050524456068945,0.0,0.0,0.0,0.0,0.0,0.0,2.8123318185130023e-06,-0.029048367469971647,0.004740916626691281,-6.888250452287242e-05,0.007706634767807863,0.0
1,0.0,71,forward,3.4318573409542847,0.0,0.0,0.0,0.0,0.0,0.0,2.8348776756122877e-06,-0.04889403906795436,0.004756200244385862,-0.00011637642767892838,0.007613412408857045,0.0
1,0.0,72,forward,3.458530918332652,0.0,0.0,0.0,0.0,0.0,0.0,2.8575600525577846e-06,-0.06866089959398974,0.004769638565298774,-0.00016401398574688797,0.00751799847358503,0.0
1,0.0,73,forward,3.4850639467552655,0.0,0.0,0.0,0.0,0.0,0.0,2.8803616749602576e-06,-0.08834962722388025,0.004781218809468115,-0.00021177665860743283,0.007420247896746002,0.0
1,0.0,74,forward,3.5114474336835753,0.0,0.0,0.0,0.0,0.0,0.0,2.9032650105591143e-06,-0.1079610137862975,0.004790928890542099,-0.00025964580178784556,0.007320033994222763,0.0
1,0.0,75,forward,3.537672624040064,0.0,0.0,0.0,0.0,0.0,0.0,2.92625229560692e-06,-0.1274959608169525,0.004798757423402932,-0.00030760265343744887,0.007217248365282258,0.0
1,0.0,76,forward,3.563730998891603,0.0,0.0,0.0,0.0,0.0,0.0,2.9493055618384775e-06,-0.1469554755701326,0.004804693731539898,-0.00035562834137804587,0.0071118007560107,0.0
1,0.0,77,forward,3.589614273857812,0.0,0.0,0.0,0.0,0.0,0.0,2.9724066639865577e-06,-0.16634066700581338,0.004808727854168243,-0.0004037038902268611,0.007003618884990681,0.0
1,0.0,78,forward,3.615314397292384,0.0,0.0,0.0,0.0,0.0,0.0,2.995537307803714e-06,-0.1856527417691576,0.004810850553089414,-0.0004518102285893302,0.006892648232362242,0.0
1,0.0,79,forward,3.6408235482794433,0.0,0.0,0.0,0.0,0.0,0.0,3.0186790785498626e-06,-0.20489300017788104,0.0048110533192893415,-0.0004999281963192441,0.006778851793470597,0.0
1,0.0,80,forward,3.666134134481727,0.0,0.0,0.0,0.0,0.0,0.0,3.041813469903159e-06,-0.22406283223153797,0.004809328379270708,-0.0005480385518435456,0.006662209798386387,0.0
1,0.0,81,forward,3.6912387898725876,0.0,0.0,0.0,0.0,0.0,0.0,3.0649219132514217e-06,-0.2431637136554118,0.004805668701115867,-0.0005961219795490893,0.006542719398665575,0.0
1,0.0,82,forward,3.716130372379537,0.0,0.0,0.0,0.0,0.0,0.0,3.0879858073198966e-06,-0.2621972019904082,0.00480006800027668,-0.0006441590972287322,0.006420394322781298,0.0
1,0.0,83,forward,3.740801961463189,0.0,0.0,0.0,0.0,0.0,0.0,3.1109865480906955e-06,-0.2811649327389325,0.004792520745088105,-0.0006921304635838702,0.006295264501743336,0.0
1,0.0,84,forward,3.7652468556519727,0.0,0.0,0.0,0.0,0.0,0.0,3.1339055589679255e-06,-0.30006861557560327,0.0047830221620019315,-0.0007400165857807899,0.006167375666468189,0.0
1,0.0,85,forward,3.789458570049882,0.0,0.0,0.0,0.0,0.0,0.0,3.1567243211422814e-06,-0.3189100306303099,0.004771568240537699,-0.0007877979270579321,0.006036788918530656,0.0
1,0.0,86,forward,3.813430833831707,0.0,0.0,0.0,0.0,0.0,0.0,3.1794244041077244e-06,-0.3376910248500006,0.0047581557379475165,-0.0008354549143812039,0.005903580275959719,0.0
1,0.0,87,forward,3.837157587737706,0.0,0.0,0.0,0.0,0.0,0.0,3.2019874962827175e-06,-0.3564135084445047,0.004742782183591928,-0.0008829679461445865,0.005767840195779805,0.0
1,0.0,88,forward,3.8606329815774014,0.0,0.0,0.0,0.0,0.0,0.0,3.2243954356871475e-06,-0.3750794514205521,0.0047254458830235735,-0.0009303173999129552,0.0056296730750250434,0.0
1,0.0,89,forward,3.883851371750198,0.0,0.0,0.0,0.0,0.0,0.0,3.246630240626839e-06,-0.39369088020721793,0.004706145921776366,-0.000977483640204325,0.005489196731954582,0.0
1,0.0,90,forward,3.9068073187887222,0.0,0.0,0.0,0.0,0.0,0.0,3.2686741403358163e-06,-0.412249874375068,0.004684882168857007,-0.0010244470263085037,0.005346541869211352,0.0
1,0.0,91,forward,3.929495584929203,0.0,0.0,0.0,0.0,0.0,0.0,3.2905096055270066e-06,-0.4307585634503655,0.004661655279936471,-0.0010711879201391382,0.005201851520649781,0.0
1,0.0,92,forward,3.951911131711801,0.0,0.0,0.0,0.0,0.0,0.0,3.3121193788015793e-06,-0.4492191238249344,0.004636466700238936,-0.001117686694116214,0.005055280483539648,0.0
1,0.0,93,forward,3.9740491176125565,0.0,0.0,0.0,0.0,0.0,0.0,3.33348650486697e-06,-0.4676337757614302,0.004609318667125891,-0.0011639237390758605,0.004906994737833736,0.0
1,0.0,94,forward,3.9959048957075476,0.0,0.0,0.0,0.0,0.0,0.0,3.3545943605133036e-06,-0.48600478049318685,0.00458021421237289,-0.0012098794722045331,0.00475717085414229,0.0
1,0.0,95,forward,4.017474011368894,0.0,0.0,0.0,0.0,0.0,0.0,3.3754266842983938e-06,-0.5043344374170038,0.004549157164137147,-0.001255534344994345,0.004605995392022555,0.0
1,0.0,96,forward,4.0387521999914195,0.0,0.0,0.0,0.0,0.0,0.0,3.3959676058912018e-06,-0.522625081376813,0.004516152148613698,-0.0013008688512166323,0.004453664290138604,0.0
1,0.0,97,forward,4.059735384748095,0.0,0.0,0.0,0.0,0.0,0.0,3.416201675023726e-06,-0.5408790800354398,0.004481204591378307,-0.0013458635349103967,0.004300382249796453,0.0
1,0.0,98,forward,4.080419674371755,0.0,0.0,0.0,0.0,0.0,0.0,3.4361138900019357e-06,-0.5590988313313275,0.004444320718415389,-0.001390498998382662,0.004146362113297775,0.0
1,0.0,99,forward,4.100801360960128,0.0,0.0,0.0,0.0,0.0,0.0,3.455689725726171e-06,-0.5772867610165779,0.004405507556829087,-0.0014347559102175329,0.003991824238495201,0.0
1,0.0,100,forward,4.120876917800719,0.0,0.0,0.0,0.0,0.0,0.0,3.474915161172283e-06,-0.595445320272243,0.0043647729352361804,-0.001478615013290774,0.0038369958708693863,0.0
1,0.0,101,forward,4.140642997211851,0.0,0.0,0.0,0.0,0.0,0.0,3.4937767062848617e-06,-0.6135769833964594,0.004322125483839243,-0.0015220571327866953,0.0036821105143766686,0.0
1,0.0,102,forward,4.1600964283958035,0.0,0.0,0.0,0.0,0.0,0.0,3.5122614282346413e-06,-0.6316842455607035,0.00427757463417872,-0.001565063184214167,0.003527407302253982,0.0
1,0.0,103,forward,4.179234215299869,0.0,0.0,0.0,0.0,0.0,0.0,3.5303569769930147e-06,-0.6497696206291278,0.004231130618562885,-0.0016076141814185786,0.0033731303688953607,0.0
1,0.0,104,forward,4.198053534480927,0.0,0.0,0.0,0.0,0.0,0.0,3.548051610176848e-06,-0.6678356390357,0.004182804469174469,-0.0016496912445864607,0.0032195282238501877,0.0
1,0.0,105,forward,4.216551732969128,0.0,0.0,0.0,0.0,0.0,0.0,3.565334217117871e-06,-0.6858848457136133,0.004132608016853096,-0.0016912756082394997,0.003066853128923408,0.0
1,0.0,106,forward,4.234726326126162,0.0,0.0,0.0,0.0,0.0,0.0,3.582194342111959e-06,-0.7039197980713163,0.0040805538895526934,-0.0017323486292148487,0.0029153604792969134,0.0
1,0.0,107,forward,4.2525749954936245,0.0,0.0,0.0,0.0,0.0,0.0,3.598622206804068e-06,-0.7219430640092324,0.004026655510473189,-0.0017728917946282926,0.0027653081895231413,0.0
1,0.0,108,forward,4.270095586627041,0.0,0.0,0.0,0.0,0.0,0.0,3.6146087316661665e-06,-0.739957219971197,0.003970927095865937,-0.0018128867298171406,0.002616956085186861,0.0
1,0.0,109,forward,4.287286106911142,0.0,0.0,0.0,0.0,0.0,0.0,3.6301455565263974e-06,-0.7579648490244565,0.003913383652512548,-0.0018523152062595377,0.002470565300968619,0.0
1,0.0,110,forward,4.304144723352119,0.0,0.0,0.0,0.0,0.0,0.0,3.645225060108565e-06,-0.7759685389620259,0.0038540409748765753,-0.0018911591494668938,0.002326397685792736,0.0
1,0.0,111,forward,4.320669760342695,0.0,0.0,0.0,0.0,0.0,0.0,3.6598403785429683e-06,-0.7939708804210847,0.0037929156419281612,-0.0019294006468461927,0.0021847152156876937,0.0
1,0.0,112,forward,4.336859697396022,0.0,0.0,0.0,0.0,0.0,0.0,3.6739854228105425e-06,-0.8119744650110945,0.003730025013641465,-0.0019670219555289648,0.002045779414942772,0.0
1,0.0,113,forward,4.352713166844536,0.0,0.0,0.0,0.0,0.0,0.0,3.6876548950834923e-06,-0.8299818834452205,0.0036653872271649878,-0.0020040055101635157,0.001909850786097872,0.0
1,0.0,114,forward,4.368228951500156,0.0,0.0,0.0,0.0,0.0,0.0,3.700844303927522e-06,-0.8479957236686976,0.003599021192665024,-0.002040333930667247,0.0017771882492655378,0.0
1,0.0,115,forward,4.383405982272362,0.0,0.0,0.0,0.0,0.0,0.0,3.713549978332039e-06,-0.8660185689777665,0.003530946588842524,-0.002075990029935797,0.0016480485912455656,0.0
1,0.0,116,forward,4.3982433357409185,0.0,0.0,0.0,0.0,0.0,0.0,3.7257690805363574e-06,-0.8840529961227729,0.0034611838581240927,-0.002110956821505625,0.001522685924862155,0.0
1,0.0,117,forward,4.412740231680247,0.0,0.0,0.0,0.0,0.0,0.0,3.737499617621894e-06,-0.9021015733892388,0.0033897542015274133,-0.0021452175271670444,0.0014013511589219263,0.0
1,0.0,118,forward,4.426896030532673,0.0,0.0,0.0,0.0,0.0,0.0,3.748740451841147e-06,-0.9201668586505407,0.0033166795732020985,-0.0021787555845240243,0.0012842914791680315,0.0
1,0.0,119,forward,4.440710230828012,0.0,0.0,0.0,0.0,0.0,0.0,3.759491309657754e-06,-0.9382513973861977,0.00324198267464676,-0.002211554654498044,0.0011717498405821314,0.0
1,0.0,120,forward,4.454182466547209,0.0,0.0,0.0,0.0,0.0,0.0,3.769752789471687e-06,-0.9563577206596302,0.0031656869486033326,-0.002243598628772253,0.0010639644713668212,0.0
1,0.0,121,forward,4.467312504428017,0.0,0.0,0.0,0.0,0.0,0.0,3.7795263680075885e-06,-0.9744883430496122,0.003087816572629821,-0.0022748716371731596,0.0009611683889261119,0.0
1,0.0,122,forward,4.4801002412109,0.0,0.0,0.0,0.0,0.0,0.0,3.788814405344382e-06,-0.9926457605296274,0.003008396452352694,-0.0023053580549862594,0.0008635889281484732,0.0
1,0.0,123,forward,4.492545700823675,0.0,0.0,0.0,0.0,0.0,0.0,3.797620148567919e-06,-1.0108324482896613,0.0029274522144004758,-0.002335042510202699,0.0007714472822857588,0.0
1,0.0,124,forward,4.504649031503598,0.0,0.0,0.0,0.0,0.0,0.0,3.8059477340292413e-06,-1.0290508584951208,0.0028450101990199297,-0.0023639098906936243,0.0006849580567135083,0.0
1,0.0,125,forward,4.516410502855897,0.0,0.0,0.0,0.0,0.0,0.0,3.813802188193972e-06,-1.0473034179778395,0.002761097452376665,-0.0023919453513091414,0.0006043288358531448,0.0
1,0.0,126,forward,4.527830502848005,0.0,0.0,0.0,0.0,0.0,0.0,3.8211894270697775e-06,-1.0655925258544077,0.0026757417185419084,-0.00241913432089861,0.0005297597635304727,0.0
1,0.0,127,forward,4.538909534738978,0.0,0.0,0.0,0.0,0.0,0.0,3.828116254201993e-06,-1.0839205510674492,0.0025889714311673763,-0.002445462509249385,0.0004614431370440833,0.0
1,0.0,128,forward,4.549648213943877,0.0,0.0,0.0,0.0,0.0,0.0,3.834590357228354e-06,-1.1022898298456996,0.002500815704850445,-0.0024709159139405423,0.0003995630152149113,0.0
1,0.0,129,forward,4.56004726483311,0.0,0.0,0.0,0.0,0.0,0.0,3.840620302987649e-06,-1.120702663079321,0.002411304326191708,-0.002495480827108883,0.00034429484068833685,0.0
1,0.0,130,forward,4.570107517466999,0.0,0.0,0.0,0.0,0.0,0.0,3.846215531177962e-06,-1.1391613136071812,0.0023204677445473458,-0.002519143842123897,0.0002958050767606704,0.0
1,0.0,131,forward,4.579829904266084,0.0,0.0,0.0,0.0,0.0,0.0,3.851386346563164e-06,-1.157668003413392,0.0022283370624788025,-0.0025418918601686842,0.00025425085900307454,0.0
1,0.0,132,forward,4.5892154566179135,0.0,0.0,0.0,0.0,0.0,0.0,3.856143909728801e-06,-1.17622491073096,0.002134944025902331,-0.002563712096723948,0.00021977966195728046,0.0
1,0.0,133,forward,4.598265301421308,0.0,0.0,0.0,0.0,0.0,0.0,3.860500226390082e-06,-1.1948341670509317,0.002040321013941198,-0.0025845920879518547,0.00019252898117914571,0.0
1,0.0,134,forward,4.606980657569348,0.0,0.0,0.0,0.0,0.0,0.0,3.8644681352581445e-06,-1.2134978540361445,0.001944501028483402,-0.0026045196969770594,0.0001726260309073786,0.0
1,0.0,135,forward,4.615362832372536,0.0,0.0,0.0,0.0,0.0,0.0,3.86806129447194e-06,-1.2322180003393135,0.0018475176834479264,-0.0026234831200617277,0.00016018745763605286,0.0
1,0.0,136,forward,4.623413217923838,0.0,0.0,0.0,0.0,0.0,0.0,3.871294166606443e-06,-1.2509965783260182,0.001749405193762647,-0.0026414708926718222,0.000155319069869999,0.0
1,0.0,137,forward,4.631133287407531,0.0,0.0,0.0,0.0,0.0,0.0,3.874182002269627e-06,-1.269835500703922,0.0016501983640571688,-0.0026584718954317074,0.0001581155843422853,0.0
1,0.0,138,forward,4.638524591354004,0.0,0.0,0.0,0.0,0.0,0.0,3.876740822303235e-06,-1.2887366170604562,0.0015499325770739723,-0.002674475359964228,0.0001686603889720906,0.0
1,0.0,139,forward,4.645588753842889,0.0,0.0,0.0,0.0,0.0,0.0,3.878987398604776e-06,-1.3077017103121371,0.001448643781801398,-0.002689470874613489,0.00018702532283953327,0.0
1,0.0,140,forward,4.652327468657087,0.0,0.0,0.0,0.0,0.0,0.0,3.88093923359071e-06,-1.326732493069692,0.0013463684813321,-0.002703448390047648,0.00021327047345119903,0.0
1,0.0,141,forward,4.658742495390512,0.0,0.0,0.0,0.0,0.0,0.0,3.882614538322414e-06,-1.345830603924196,0.0012431437204507413,-0.0027163982247388097,0.0002474439915660723,0.0
1,0.0,142,forward,4.6648356555125385,0.0,0.0,0.0,0.0,0.0,0.0,3.884032209319858e-06,-1.3649976036605767,0.0011390070729548282,-0.002728311070317527,0.00028958192384634374,0.0
1,0.0,143,forward,4.670608828392362,0.0,0.0,0.0,0.0,0.0,0.0,3.885211804089265e-06,-1.3842349714059805,0.0010339966287126782,-0.0027391779967990974,0.00033970806359098424,0.0
1,0.0,144,forward,4.676063947286681,0.0,0.0,0.0,0.0,0.0,0.0,3.8861735153941235e-06,-1.4035441007217433,0.0009281509804626721,-0.002748990457679183,0.00039783381980195917,0.0
1,0.0,145,forward,4.6812029952942975,0.0,0.0,0.0,0.0,0.0,0.0,3.88693814430057e-06,-1.4229262956489417,0.0008215092103580573,-0.002757740294896099,0.0004639581048235253,0.0
1,0.0,146,forward,4.68602800128142,0.0,0.0,0.0,0.0,0.0,0.0,3.887527072030769e-06,-1.4423827667188518,0.0007141108762616159,-0.0027654197436573183,0.0005380672407843054,0.0
1,0.0,147,forward,4.6905410357816475,0.0,0.0,0.0,0.0,0.0,0.0,3.887962230659705e-06,-1.4619146269409289,0.0006059959977947963,-0.002772021437127605,0.0006201348850591454,0.0
1,0.0,148,forward,4.694744206874783,0.0,0.0,0.0,0.0,0.0,0.0,3.888266072693216e-06,-1.4815228877823454,0.0004972050421458049,-0.0027775384109763814,0.0007101219749543475,0.0
1,0.0,149,forward,4.69863965604879,0.0,0.0,0.0,0.0,0.0,0.0,3.888461539567835e-06,-1.5012084551544755,0.00038777890964143696,-0.0027819641077821704,0.000807976691804102,0.0
1,0.0,150,forward,4.702229554049396,0.0,0.0,0.0,0.0,0.0,0.0,3.888572029113086e-06,-1.5209721254230846,0.0002777589190874914,-0.0027852923812912993,0.0009136344446493416,0.0
1,0.0,151,forward,4.705516096721995,0.0,0.0,0.0,0.0,0.0,0.0,3.8886213620214525e-06,-1.5408145814603986,0.00016718679288271063,-0.0027875175005290455,0.0010270178736519753,0.0
1,0.0,152,forward,4.708501500850655,0.0,0.0,0.0,0.0,0.0,0.0,3.8886337473711775e-06,-1.5607363887585524,5.6104641911282345e-05,-0.0027886341537607076,0.0011480368733777224,0.0
1,0.0,153,forward,4.711187999999186,0.0,0.0,0.0,0.0,0.0,0.0,3.888633747249926e-06,-1.5807379916252513,-5.544504978094792e-05,-0.002788637452300503,0.0012765886360597833,0.0
1,0.0,154,forward,4.713577840359384,0.0,0.0,0.0,0.0,0.0,0.0,3.888646240528979e-06,-1.6008197094836967,-0.00016741944052113894,-0.002787522934166176,0.001412557714932955,0.0
1,0.0,155,forward,4.715673276611665,0.0,0.0,0.0,0.0,0.0,0.0,3.888696385839161e-06,-1.620981733300083,-0.0002797753467498124,-0.0027852865675771607,0.0015558161077053323,0.0
1,0.0,156,forward,4.717476567803493,0.0,0.0,0.0,0.0,0.0,0.0,3.888809583801712e-06,-1.6412241221630035,-0.00039246925896131024,-0.002781924754294334,0.0017062233602077037,0.0
1,0.0,157,forward,4.718989973251041,0.0,0.0,0.0,0.0,0.0,0.0,3.889011438568808e-06,-1.661546800040078,-0.0005054573578386624,-0.0027774343327993706,0.0018636266902376242,0.0
1,0.0,158,forward,4.720215748469734,0.0,0.0,0.0,0.0,0.0,0.0,3.8893277187298605e-06,-1.6819495527380375,-0.0006186955305774699,-0.002771812581311751,0.002027861131585651,0.0
1,0.0,159,forward,4.721156141139333,0.0,0.0,0.0,0.0,0.0,0.0,3.889784317641437e-06,-1.7024320250930598,-0.000732139387392649,-0.0027650572206416074,0.002198749698205771,0.0
1,0.0,160,forward,4.721813387109406,0.0,0.0,0.0,0.0,0.0,0.0,3.890407213239931e-06,-1.7229937184187802,-0.0008457442782024879,-0.002757166416876605,0.0023761035684600196,0.0
1,0.0,161,forward,4.722189706451031,0.0,0.0,0.0,0.0,0.0,0.0,3.8912224273971605e-06,-1.743633988239615,-0.0009594653094838064,-0.002748138783901046,0.0025597222893425364,0.0
1,0.0,162,forward,4.7222872995607315,0.0,0.0,0.0,0.0,0.0,0.0,3.892255984880748e-06,-1.7643520423371666,-0.0010732573612922266,-0.0027379733857455864,0.0027493940005516304,0.0
1,0.0,163,forward,4.722108343322645,0.0,0.0,0.0,0.0,0.0,0.0,3.89353387198215e-06,-1.7851469391373174,-0.0011870751044414654,-0.0027266697387659804,0.002944895678254067,0.0
1,0.0,164,forward,4.72165498733505,0.0,0.0,0.0,0.0,0.0,0.0,3.8950819948757295e-06,-1.8060175864651693,-0.0013008730178352276,-0.0027142278136491585,0.0031459933983492006,0.0
1,0.0,165,forward,4.720929350207355,0.0,0.0,0.0,0.0,0.0,0.0,3.896926137773958e-06,-1.8269627406943412,-0.0014146054059455614,-0.002700648037245256,0.0033524426190119083,0.0
1,0.0,166,forward,4.719933515933745,0.0,0.0,0.0,0.0,0.0,0.0,3.899091920944261e-06,-1.8479810063160984,-0.001528226416431137,-0.002685931294224134,0.0035639884822595835,0.0
1,0.0,167,forward,4.718669530349687,0.0,0.0,0.0,0.0,0.0,0.0,3.901604758653837e-06,-1.869070835952511,-0.0016416900578889138,-0.002670078928555038,0.003780366134255919,0.0
1,0.0,168,forward,4.717139397677493,0.0,0.0,0.0,0.0,0.0,0.0,3.904489817109283e-06,-1.8902305308362664,-0.0017549502177327504,-0.00265309274480801,0.004001301064031293,0.0
1,0.0,169,forward,4.715345077167177,0.0,0.0,0.0,0.0,0.0,0.0,3.907771972458861e-06,-1.911458241777793,-0.0018679606801922032,-0.0026349750092759428,0.004226509460270034,0.0
1,0.0,170,forward,4.713288479838796,0.0,0.0,0.0,0.0,0.0,0.0,3.911475768925173e-06,-1.9327519706381304,-0.001980675144424717,-0.0026157284509160457,0.004455698585775547,0.0
1,0.0,171,forward,4.710971465332486,0.0,0.0,0.0,0.0,0.0,0.0,3.915625377136511e-06,-1.9541095723234958,-0.002093047242734639,-0.0025953562621095602,0.004688567169199076,0.0
1,0.0,172,forward,4.708395838872336,0.0,0.0,0.0,0.0,0.0,0.0,3.920244552725671e-06,-1.97552875731453,-0.002205030558891902,-0.002573862099238836,0.004924805813579791,0.0
1,0.0,173,forward,4.705563348350209,0.0,0.0,0.0,0.0,0.0,0.0,3.9253565952646215e-06,-1.9970070947401852,-0.002316578646543541,-0.0025512500830806796,0.005164097421213709,0.0
1,0.0,174,forward,4.702475681535581,0.0,0.0,0.0,0.0,0.0,0.0,3.930984307603909e-06,-2.018542016002798,-0.0024276450477112234,-0.0025275247990151285,0.005406117634341068,0.0
1,0.0,175,forward,4.69913446341737,0.0,0.0,0.0,0.0,0.0,0.0,3.937149955685119e-06,-2.040130818957165,-0.002538183311367286,-0.0025026912970488144,0.005650535291098713,0.0
1,0.0,176,forward,4.695541253683682,0.0,0.0,0.0,0.0,0.0,0.0,3.943875228895139e-06,-2.0617706726427536,-0.002648147012082672,-0.0024767550916522008,0.005897012896171061,0.0
1,0.0,177,forward,4.691697544345262,0.0,0.0,0.0,0.0,0.0,0.0,3.951181201029975e-06,-2.0834586225639966,-0.002757489768739144,-0.002449722161409995,0.006145207105524242,0.0
1,0.0,178,forward,4.687604757508392,0.0,0.0,0.0,0.0,0.0,0.0,3.959088291935683e-06,-2.105191596509612,-0.0028661652632987413,-0.002421598948484063,0.006394769224591812,0.0
1,0.0,179,forward,4.683264243302808,0.0,0.0,0.0,0.0,0.0,0.0,3.967616229893818e-06,-2.126966410897586,-0.00297412725962324,-0.002392392357888421,0.006645345719246576,0.0
1,0.0,180,forward,4.6786772779701185,0.0,0.0,0.0,0.0,0.0,0.0,3.97678401481744e-06,-2.1487797776281896,-0.003081329622336052,-0.002362109756575762,0.00689657873886329,0.0
1,0.0,181,forward,4.673845062118044,0.0,0.0,0.0,0.0,0.0,0.0,3.986609882323582e-06,-2.1706283114232083,-0.00318772633571942,-0.0023307589723351595,0.007148106650753161,0.0
1,0.0,182,forward,4.668768719145679,0.0,0.0,0.0,0.0,0.0,0.0,3.997111268746799e-06,-2.1925085376253133,-0.003293271522639245,-0.0022983482925006443,0.007399564585223506,0.0
1,0.0,183,forward,4.663449293844782,0.0,0.0,0.0,0.0,0.0,0.0,4.008304777157616e-06,-2.214416900427538,-0.003397919463490343,-0.0022648864624703583,0.007650584990491427,0.0
1,0.0,184,forward,4.657887751181953,0.0,0.0,0.0,0.0,0.0,0.0,4.020206144448482e-06,-2.236349771498847,-0.003501624615154249,-0.002230382684036201,0.007900798196652348,0.0
1,0.0,185,forward,4.65208497526639,0.0,0.0,0.0,0.0,0.0,0.0,4.032830209548785e-06,-2.2583034589682818,-0.00360434162996242,-0.0021948466135238037,0.00814983298788885,0.0
1,0.0,186,forward,4.646041768507701,0.0,0.0,0.0,0.0,0.0,0.0,4.046190882828993e-06,-2.2802742167267045,-0.0037060253746569603,-0.002158288359742878,0.008397317182074815,0.0
1,0.0,187,forward,4.639758850968086,0.0,0.0,0.0,0.0,0.0,0.0,4.060301116752691e-06,-2.302258254002253,-0.0038066309493414723,-0.002120718481747957,0.008642878216915229,0.0
1,0.0,188,forward,4.6332368599129685,0.0,0.0,0.0,0.0,0.0,0.0,4.075172877833499e-06,-2.3242517451629054,-0.003906113706414083,-0.002082147986409704,0.008886143741742902,0.0
1,0.0,189,forward,4.626476349563992,0.0,0.0,0.0,0.0,0.0,0.0,4.090817119952667e-06,-2.3462508396974795,-0.00400442926947544,-0.002042588325796938,0.009126742214065509,0.0
1,0.0,190,forward,4.61947779105804,0.0,0.0,0.0,0.0,0.0,0.0,4.107243759090989e-06,-2.3682516723245133,-0.00410153355220358,-0.002002051394369771,0.009364303499958648,0.0
1,0.0,191,forward,4.612241572615753,0.0,0.0,0.0,0.0,0.0,0.0,4.124461649527008e-06,-2.390250373177337,-0.004197382777188238,-0.0019605495259841133,0.009598459477364374,0.0
1,0.0,192,forward,4.6047679999227755,0.0,0.0,0.0,0.0,0.0,0.0,4.142478561551564e-06,-2.412243078012814,-0.004291933494716745,-0.0019180954907080784,0.009828844641353252,0.0
1,0.0,193,forward,4.597057296726763,0.0,0.0,0.0,0.0,0.0,0.0,4.161301160746593e-06,-2.4342259383910343,-0.00438514260150378,-0.0018747024914507785,0.01005509671039917,0.0
1,0.0,194,forward,4.589109605652924,0.0,0.0,0.0,0.0,0.0,0.0,4.180934988874163e-06,-2.456195131773552,-0.004476967359357432,-0.0018303841604040722,0.01027685723268612,0.0
1,0.0,195,forward,4.580924989240674,0.0,0.0,0.0,0.0,0.0,0.0,4.201384446419246e-06,-2.478146871488488,-0.004567365413773576,-0.0017851545552980185,0.01049377219148706,0.0
1,0.0,196,forward,4.572503431203742,0.0,0.0,0.0,0.0,0.0,0.0,4.222652776827645e-06,-2.500077416512201,-0.004656294812451015,-0.0017390281554707217,0.010705492608612532,0.0
1,0.0,197,forward,4.563844837915837,0.0,0.0,0.0,0.0,0.0,0.0,4.244742052477962e-06,-2.521983081018964,-0.00474371402371953,-0.0016920198577534478,0.010911675144952948,0.0
1,0.0,198,forward,4.554949040123777,0.0,0.0,0.0,0.0,0.0,0.0,4.267653162424181e-06,-2.543860243652364,-0.004829581954873236,-0.0016441449721718946,0.011111982697111111,0.0
1,0.0,199,forward,4.545815794889752,0.0,0.0,0.0,0.0,0.0,0.0,4.29138580194252e-06,-2.5657053564747594,-0.004913857970401289,-0.0015954192174646002,0.011306084989129772,0.0
1,0.0,200,forward,4.536444787764183,0.0,0.0,0.0,0.0,0.0,0.0,4.315938463914208e-06,-2.5875149535542286,-0.004996501910108518,-0.0015458587164195695,0.01149365915831635,0.0
2,0.0,1,forward,0.41132601843062117,0.0,0.0,0.0,0.0,0.0,0.0,7.937073060642221e-07,1.5603149547387238,2.6409043287416865e-05,0.0012598572246403132,0.4835723919321976,0.0
2,0.0,2,forward,0.7296108357469742,0.0,0.0,0.0,0.0,0.0,0.0,7.937099954904584e-07,1.540231076329395,7.700227447483486e-05,0.0012593400772527472,0.28030336307592507,0.0
2,0.0,3,forward,0.978238218906799,0.0,0.0,0.0,0.0,0.0,0.0,7.937205090515394e-07,1.520066888628249,0.0001277673411580159,0.001258316049379706,0.16590466543034044,0.0
2,0.0,4,forward,1.1744527509827996,0.0,0.0,0.0,0.0,0.0,0.0,7.937440324789819e-07,1.4998223361435872,0.00017868458253642377,0.0012567835206857248,0.10131106390831765,0.0
2,0.0,5,forward,1.3310165663827327,0.0,0.0,0.0,0.0,0.0,0.0,7.937857928337218e-07,1.4794974985893063,0.0002297341980390007,0.001254741068176876,0.0647653939618976,0.0
2,0.0,6,forward,1.4574131240922379,0.0,0.0,0.0,0.0,0.0,0.0,7.938510505233501e-07,1.459092593919,0.00028089625470122814,0.0012521874675617882,0.04408313436471299,0.0
2,0.0,7,forward,1.5607223728305049,0.0,0.0,0.0,0.0,0.0,0.0,7.939450912020559e-07,1.438607981129028,0.00033215069462486096,0.0012491216945384987,0.03240299743399576,0.0
2,0.0,8,forward,1.646257530192526,0.0,0.0,0.0,0.0,0.0,0.0,7.940732175653727e-07,1.4180441628031963,0.0003834773425176221,0.0012455429260063487,0.025840497774904686,0.0
2,0.0,9,forward,1.718028938687268,0.0,0.0,0.0,0.0,0.0,0.0,7.94240741051896e-07,1.3974017873713607,0.000434855913310165,0.0012414505412019965,0.022185341454851182,0.0
2,0.0,10,forward,1.7790824803239245,0.0,0.0,0.0,0.0,0.0,0.0,7.944529734647522e-07,1.3766816510542128,0.0004862660198475429,0.0012368441227589482,0.020174266476911257,0.0
2,0.0,11,forward,1.8317469685746446,0.0,0.0,0.0,0.0,0.0,0.0,7.947152185254689e-07,1.355884699466628,0.0005376871806524465,0.0012317234576897376,0.019082799653112326,0.0
2,0.0,12,forward,1.8778154513376675,0.0,0.0,0.0,0.0,0.0,0.0,7.950327633734283e-07,1.3350120288524403,0.0005890988277573486,0.0012260885382901767,0.018494724347571906,0.0
2,0.0,13,forward,1.918678478237414,0.0,0.0,0.0,0.0,0.0,0.0,7.954108700239746e-07,1.3140648869242164,0.0006404803146025721,0.0012199395629648986,0.018171132292194442,0.0
2,0.0,14,forward,1.9554224013390384,0.0,0.0,0.0,0.0,0.0,0.0,7.958547667987052e-07,1.2930446732824,0.0006918109239978308,0.001213276936973604,0.017975600786226925,0.0
2,0.0,15,forward,1.9889021722643152,0.0,0.0,0.0,0.0,0.0,0.0,7.963696397413602e-07,1.2719529393899587,0.0007430698761435318,0.0012061012730973828,0.017831187046836283,0.0
2,0.0,16,forward,2.0197954923935355,0.0,0.0,0.0,0.0,0.0,0.0,7.969606240331099e-07,1.25079138807965,0.0007942363367097264,0.0011984133922245158,0.017695565985401174,0.0
2,0.0,17,forward,2.0486432902843514,0.0,0.0,0.0,0.0,0.0,0.0,7.976327954208904e-07,1.2295618725735489,0.0008452894249689932,0.0011902143238551792,0.017546575402109854,0.0
2,0.0,18,forward,2.0758801407830467,0.0,0.0,0.0,0.0,0.0,0.0,7.98391161672851e-07,1.2082663949962813,0.0008962082219807281,0.0011815053065246074,0.01737376643232147,0.0
2,0.0,19,forward,2.1018572578552432,0.0,0.0,0.0,0.0,0.0,0.0,7.992406540746374e-07,1.1869071043662778,0.0009469717788233128,0.0011722877881441033,0.017173439579040217,0.0
2,0.0,20,forward,2.1268599825600494,0.0,0.0,0.0,0.0,0.0,0.0,8.001861189806743e-07,1.1654862940519333,0.0009975591248714835,0.0011625634262595055,0.016945715755161905,0.0
2,0.0,21,forward,2.1511211728369437,0.0,0.0,0.0,0.0,0.0,0.0,8.01232309434408e-07,1.1440063986829498,0.0010479492761154808,0.0011523340882266758,0.0166928024006196,0.0
2,0.0,22,forward,2.1748315281598574,0.0,0.0,0.0,0.0,0.0,0.0,8.023838768714739e-07,1.122469990510376,0.0010981212435189037,0.0011416018513035512,0.01641796552378255,0.0
2,0.0,23,forward,2.1981476103040896,0.0,0.0,0.0,0.0,0.0,0.0,8.036453629198518e-07,1.1008797752126183,0.0011480540414119842,0.0011303690026584596,0.01612492116770381,0.0
2,0.0,24,forward,2.221198123203019,0.0,0.0,0.0,0.0,0.0,0.0,8.050211913109655e-07,1.0792385871483643,0.001197726695917327,0.0011186380392943075,0.015817477529530555,0.0
2,0.0,25,forward,2.2440888698265535,0.0,0.0,0.0,0.0,0.0,0.0,8.065156599155456e-07,1.0575493840616421,0.0012471182534045113,0.001106411667888354,0.015499327730186252,0.0
2,0.0,26,forward,2.2669066975765437,0.0,0.0,0.0,0.0,0.0,0.0,8.081329329180886e-07,1.0358152412481656,0.0012962077889704662,0.001093692804547287,0.015173933619953006,0.0
2,0.0,27,forward,2.2897226653368374,0.0,0.0,0.0,0.0,0.0,0.0,8.098770331436909e-07,1.0140393451964,0.0013449744149424613,0.001080484574477403,0.01484446485452906,0.0
2,0.0,28,forward,2.3125946074375174,0.0,0.0,0.0,0.0,0.0,0.0,8.117518345505835e-07,0.9922249867211657,0.0013933972894000087,0.0010667903115695895,0.014513771635774608,0.0
2,0.0,29,forward,2.3355692268960158,0.0,0.0,0.0,0.0,0.0,0.0,8.137610549020231e-07,0.9703755536116502,0.0014414556247127621,0.0010526135578990492,0.014184377965896777,0.0
2,0.0,30,forward,2.3586838183941476,0.0,0.0,0.0,0.0,0.0,0.0,8.159082486305611e-07,0.9484945228200369,0.0014891286960907679,0.001037958063139535,0.013858487342407577,0.0
2,0.0,31,forward,2.3819676976387174,0.0,0.0,0.0,0.0,0.0,0.0,8.181967999077682e-07,0.9265854522209223,0.001536395850143771,0.0010228277838920275,0.013537995892181187,0.0
2,0.0,32,forward,2.405443395917492,0.0,0.0,0.0,0.0,0.0,0.0,8.206299159322386e-07,0.9046519719755509,0.0015832365134462805,0.0010072268829277849,0.013224509814015573,0.0
2,0.0,33,forward,2.429127665252956,0.0,0.0,0.0,0.0,0.0,0.0,8.232106204483472e-07,0.8826977755385903,0.0016296302011048205,0.00099115972834572,0.012919365149222872,0.0
2,0.0,34,forward,2.453032329435831,0.0,0.0,0.0,0.0,0.0,0.0,8.259417475080003e-07,0.8607266103484316,0.0016755565253239737,0.0009746308926440679,0.012623648614177863,0.0
2,0.0,35,forward,2.477165008551241,0.0,0.0,0.0,0.0,0.0,0.0,8.288259354874911e-07,0.838742268244989,0.0017209952039679707,0.0009576451517064314,0.012338218678094481,0.0
2,0.0,36,forward,2.501529738773609,0.0,0.0,0.0,0.0,0.0,0.0,8.318656213709875e-07,0.8167485756616725,0.0017659260691141254,0.0009402074837022296,0.012063726356121296,0.0
2,0.0,37,forward,2.526127504743371,0.0,0.0,0.0,0.0,0.0,0.0,8.350630353119797e-07,0.7947493836402949,0.0018103290755947315,0.0009223230679016272,0.011800635374081048,0.0
2,0.0,38,forward,2.5509566984084815,0.0,0.0,0.0,0.0,0.0,0.0,8.384201954837974e-07,0.772748557719446,0.001854184309524075,0.0009039972834051555,0.011549241484396178,0.0
2,0.0,39,forward,2.576013515562624,0.0,0.0,0.0,0.0,0.0,0.0,8.419389032296002e-07,0.750749967748101,0.001897471996806892,0.0008852357077880902,0.011309690795917593,0.0
2,0.0,40,forward,2.6012922992502423,0.0,0.0,0.0,0.0,0.0,0.0,8.456207385221792e-07,0.7287574776769778,0.0019401725116249063,0.0008660441156598744,0.011081997037657443,0.0
2,0.0,41,forward,2.626785837594012,0.0,0.0,0.0,0.0,0.0,0.0,8.494670557433227e-07,0.7067749353803194,0.001982266384898013,0.0008464284771387641,0.010866057716576782,0.0
2,0.0,42,forward,2.652485622326536,0.0,0.0,0.0,0.0,0.0,0.0,8.534789797920186e-07,0.6848061625606127,0.0020237343127163733,0.0008263949562420148,0.01066166915815936,0.0
2,0.0,43,forward,2.6783820732947565,0.0,0.0,0.0,0.0,0.0,0.0,8.576574025305004e-07,0.6628549447877439,0.0020645571647402304,0.000805949909191871,0.010468540439040108,0.0
2,0.0,44,forward,2.704464733392365,0.0,0.0,0.0,0.0,0.0,0.0,8.620029795765057e-07,0.640925021722952,0.0021047159925637747,0.0007850998826377452,0.010286306235746556,0.0
2,0.0,45,forward,2.7307224377168358,0.0,0.0,0.0,0.0,0.0,0.0,8.665161274495967e-07,0.6190200775760657,0.00214419203803945,0.0007638516117949192,0.010114538624225067,0.0
2,0.0,46,forward,2.757143460208982,0.0,0.0,0.0,0.0,0.0,0.0,8.711970210791801e-07,0.5971437318422012,0.0021829667415595656,0.0007422120185002216,0.009952757872279006,0.0
2,0.0,47,forward,2.7837156405880465,0.0,0.0,0.0,0.0,0.0,0.0,8.760455916809206e-07,0.5752995303615459,0.002221021750291347,0.0007201882091850898,0.00980044227213317,0.0
2,0.0,48,forward,2.8104264940243184,0.0,0.0,0.0,0.0,0.0,0.0,8.810615250080786e-07,0.5534909367427041,0.0022583389263622082,0.0006977874727665318,0.00965703706357246,0.0
2,0.0,49,forward,2.837263305678932,0.0,0.0,0.0,0.0,0.0,0.0,8.862442599834082e-07,0.5317213241867783,0.002294900354991456,0.0006750172784564751,0.009521962499902337,0.0
2,0.0,50,forward,2.8642132119752195,0.0,0.0,0.0,0.0,0.0,0.0,8.915929877171328e-07,0.5099939677455748,0.0023306883525653983,0.0006518852734900768,0.009394621109667711,0.0
2,0.0,51,forward,2.8912632702387917,0.0,0.0,0.0,0.0,0.0,0.0,8.971066509154362e-07,0.4883120370435811,0.002365685474651984,0.0006283992807735657,0.009274404206882303,0.0
2,0.0,52,forward,2.9184005181474943,0.0,0.0,0.0,0.0,0.0,0.0,9.027839436836671e-07,0.46667858948918256,0.002399874523951698,0.0006045672964522459,0.009160697701662501,0.0
2,0.0,53,forward,2.945612024262111,0.0,0.0,0.0,0.0,0.0,0.0,9.08623311727737e-07,0.44509656399642933,0.0024332385581812698,0.0005803974873993099,0.009052887261792764,0.0
2,0.0,54,forward,2.972884930759955,0.0,0.0,0.0,0.0,0.0,0.0,9.146229529565735e-07,0.42356877523442366,0.002465760897886735,0.0005558981886261592,0.008950362874005746,0.0
2,0.0,55,forward,3.0002064893629443,0.0,0.0,0.0,0.0,0.0,0.0,9.207808184879243e-07,0.40209790841710813,0.0024974251341825103,0.0005310779006149439,0.00885252285173399,0.0
2,0.0,56,forward,3.0275640913366972,0.0,0.0,0.0,0.0,0.0,0.0,9.270946140590073e-07,0.3806865146420712,0.002528215136412861,0.000505945286574093,0.008758777333882306,0.0
2,0.0,57,forward,3.054945292335466,0.0,0.0,0.0,0.0,0.0,0.0,9.335618018431547e-07,0.3593370067827674,0.0025581150597326564,0.00048050916961761607,0.008668551316845075,0.0
2,0.0,58,forward,3.0823378327775894,0.0,0.0,0.0,0.0,0.0,0.0,9.401796026727482e-07,0.33805165593461606,0.0025871093526039714,0.0004547785298690006,0.008581287259601944,0.0
2,0.0,59,forward,3.109729654356082,0.0,0.0,0.0,0.0,0.0,0.0,9.469449986680043e-07,0.3168325884116538,0.0026151827642049643,0.0004287625014905844,0.008496447299328747,0.0
2,0.0,60,forward,3.1371089132178027,0.0,0.0,0.0,0.0,0.0,0.0,9.538547362709114e-07,0.29568178328668343,0.0026423203517481554,0.0004024703696392596,0.008413515112574155,0.0
2,0.0,61,forward,3.164463990281319,0.0,0.0,0.0,0.0,0.0,0.0,9.609053296823754e-07,0.2746010704646697,0.0026685074877042807,0.0003759115673494674,0.00833199745472557,0.0
2,0.0,62,forward,3.191783499107158,0.0,0.0,0.0,0.0,0.0,0.0,9.680930647005847e-07,0.2535921292758731,0.00269372986692891,0.00034909567234441783,0.008251425408219326,0.0
2,0.0,63,forward,3.2190562916839482,0.0,0.0,0.0,0.0,0.0,0.0,9.754140029574888e-07,0.23265648757252702,0.002717973513688327,0.0003220324037765503,0.00817135536777569,0.0
2,0.0,64,forward,3.246271462449236,0.0,0.0,0.0,0.0,0.0,0.0,9.828639865497703e-07,0.21179552131027676,0.002741224788581451,0.00029473161889821605,0.008091369788852165,0.0
2,0.0,65,forward,3.2734183508239547,0.0,0.0,0.0,0.0,0.0,0.0,9.904386430601973e-07,0.19101045459346053,0.002763470395354816,0.0002672033096636981,0.008011077723531601,0.0
2,0.0,66,forward,3.300486542504171,0.0,0.0,0.0,0.0,0.0,0.0,9.981333909642143e-07,0.1703023601613876,0.0027846973876071578,0.00023945759926358864,0.007930115166182028,0.0
2,0.0,67,forward,3.3274658697222352,0.0,0.0,0.0,0.0,0.0,0.0,1.0059434454163372e-06,0.1496721602912513,0.0028048931753806993,0.0002115047385927013,0.007848145229456316,0.0
2,0.0,68,forward,3.354346410661584,0.0,0.0,0.0,0.0,0.0,0.0,1.0138638244100764e-06,0.12912062809201136,0.00282404553163599,0.00018335510265262217,0.0077648581695437535,0.0
2,0.0,69,forward,3.3811184881846295,0.0,0.0,0.0,0.0,0.0,0.0,1.0218893553043675e-06,0.10864838916269183,0.002842142598607059,0.0001550191868901173,0.007679971278018116,0.0
2,0.0,70,forward,3.4077726680112677,0.0,0.0,0.0,0.0,0.0,0.0,1.0300146817092312e-06,0.08825592358779993,0.002859172894034236,0.00012650760347256848,0.00759322865617984,0.0
2,0.0,71,forward,3.4342997564661064,0.0,0.0,0.0,0.0,0.0,0.0,1.038234270722227e-06,0.06794356824227878,0.0028751253172712645,9.783107750171648e-05,0.007504400886423901,0.0
2,0.0,72,forward,3.4606907978953685,0.0,0.0,0.0,0.0,0.0,0.0,1.0465424205069837e-06,0.04771151937821094,0.002889989155263902,6.900044316696109e-05,0.007413284613904558,0.0
2,0.0,73,forward,3.486937071839326,0.0,0.0,0.0,0.0,0.0,0.0,1.0549332682044492e-06,0.02755983546562404,0.0029037540883971803,4.0026639839516743e-05,0.007319702050580967,0.0
2,0.0,74,forward,3.5130300900327915,0.0,0.0,0.0,0.0,0.0,0.0,1.0634007981667888e-06,0.007488440260088217,0.0029164101962084123,1.0920708108751525e-05,0.007223500412643635,0.0
2,0.0,75,forward,3.5389615932945113,0.0,0.0,0.0,0.0,0.0,0.0,1.0719388505031553e-06,-0.012502873929660898,0.0029279479629629184,-1.8306214237909586e-05,0.0071245513012963,0.0
2,0.0,76,forward,3.564723548356061,0.0,0.0,0.0,0.0,0.0,0.0,1.080541129926415e-06,-0.03241444280017995,0.0029383582830901094,-4.7642896290169344e-05,0.007022750035925673,0.0
2,0.0,77,forward,3.5903081446718663,0.0,0.0,0.0,0.0,0.0,0.0,1.0892012148886551e-06,-0.05224672646304309,0.002947632466476669,-7.70780181436788e-05,0.0069180149478200725,0.0
2,0.0,78,forward,3.6157077912441644,0.0,0.0,0.0,0.0,0.0,0.0,1.097912566993459e-06,-0.07200030573008787,0.0029557622436146088,-0.00010660017508109557,0.00681028664177985,0.0
2,0.0,79,forward,3.6409151134899265,0.0,0.0,0.0,0.0,0.0,0.0,1.1066685406717962e-06,-0.09167587829727573,0.0029627397706011934,-0.0001361978818038741,0.006699527232223668,0.0
2,0.0,80,forward,3.665922950170851,0.0,0.0,0.0,0.0,0.0,0.0,1.1154623931083391e-06,-0.11127425484911081,0.00296855763398847,-0.00016585957671333247,0.00658571955968168,0.0
2,0.0,81,forward,3.6907243504024745,0.0,0.0,0.0,0.0,0.0,0.0,1.124287294404022e-06,-0.1307963551042227,0.002973208855479519,-0.0001955736262393912,0.006468866392943529,0.0
2,0.0,82,forward,3.7153125707540386,0.0,0.0,0.0,0.0,0.0,0.0,1.1331363379605794e-06,-0.1502432038215793,0.002976686896469121,-0.00022532832921563949,0.00634898962152064,0.0
2,0.0,83,forward,3.739681072447038,0.0,0.0,0.0,0.0,0.0,0.0,1.1420025510722137e-06,-0.16961592678509782,0.0029789856624265203,-0.0002551119212988573,0.006226129442541306,0.0
2,0.0,84,forward,3.76382351865717,0.0,0.0,0.0,0.0,0.0,0.0,1.1508789057087522e-06,-0.1889157467834818,0.0029800995071174387,-0.000284912579431711,0.006100343545690556,0.0
2,0.0,85,forward,3.7877337719217024,0.0,0.0,0.0,0.0,0.0,0.0,1.1597583294749073e-06,-0.20814397960031478,0.0029800232366635902,-0.00031471842634677073,0.005971706299341073,0.0
2,0.0,86,forward,3.8114058916520475,0.0,0.0,0.0,0.0,0.0,0.0,1.1686337167292094e-06,-0.22730203002836913,0.002978752113437053,-0.000344517535110377,0.005840307940596312,0.0
2,0.0,87,forward,3.8348341317494166,0.0,0.0,0.0,0.0,0.0,0.0,1.177497939845939e-06,-0.2463913879205084,0.0029762818597871975,-0.0003742979337045382,0.005706253771572634,0.0
2,0.0,88,forward,3.8580129383199018,0.0,0.0,0.0,0.0,0.0,0.0,1.186343860603466e-06,-0.26541362428839227,0.002972608661598417,-0.00040404760964533887,0.005569663363892863,0.0
2,0.0,89,forward,3.8809369474840842,0.0,0.0,0.0,0.0,0.0,0.0,1.1951643416813335e-06,-0.28437038745876475,0.002967729171676086,-0.0004337545146360263,0.005430669773033969,0.0
2,0.0,90,forward,3.9036009832752616,0.0,0.0,0.0,0.0,0.0,0.0,1.2039522582487817e-06,-0.30326339929590007,0.002961640512959073,-0.00046340656925310085,0.0052894187638777845,0.0
2,0.0,91,forward,3.9260000556196197,0.0,0.0,0.0,0.0,0.0,0.0,1.2127005096266414e-06,-0.3220944514975755,0.002954340281556577,-0.0004929916676636588,0.005146068048546226,0.0
2,0.0,92,forward,3.9481293583910975,0.0,0.0,0.0,0.0,0.0,0.0,1.2214020310045663e-06,-0.34086540197077303,0.0029458265496074836,-0.0005224976823722528,0.0050007865373540294,0.0
2,0.0,93,forward,3.969984267533274,0.0,0.0,0.0,0.0,0.0,0.0,1.230049805195163e-06,-0.3595781712921336,0.0029360978679603762,-0.0005519124689953894,0.00485375360350726,0.0
2,0.0,94,forward,3.991560339240342,0.0,0.0,0.0,0.0,0.0,0.0,1.2386368744064998e-06,-0.3782347392572737,0.0029251532686724075,-0.0005812238710619818,0.004705158361970607,0.0
2,0.0,95,forward,4.012853308189084,0.0,0.0,0.0,0.0,0.0,0.0,1.247156352014132e-06,-0.3968371415219777,0.002912992267325207,-0.0006104197248378748,0.0045551989627680145,0.0
2,0.0,96,forward,4.0338590858137255,0.0,0.0,0.0,0.0,0.0,0.0,1.2556014343138458e-06,-0.4153874663373421,0.0028996148651563585,-0.000639487864172575,0.004404081898821244,0.0
2,0.0,97,forward,4.054573758615579,0.0,0.0,0.0,0.0,0.0,0.0,1.263965412236006e-06,-0.433887851380178,0.002885021551004664,-0.0006684161253664099,0.0042520213283097075,0.0
2,0.0,98,forward,4.074993586499522,0.0,0.0,0.0,0.0,0.0,0.0,1.2722416830023948e-06,-0.45234048067904775,0.0028692133030677647,-0.0006971923520561683,0.0040992384114216796,0.0
2,0.0,99,forward,4.095115001129535,0.0,0.0,0.0,0.0,0.0,0.0,1.2804237617064026e-06,-0.47074758163564623,0.0028521915904706698,-0.0007258044001173977,0.003945960661271952,0.0
2,0.0,100,forward,4.114934604295729,0.0,0.0,0.0,0.0,0.0,0.0,1.2885052927972812e-06,-0.48911142214051834,0.002833958374643703,-0.0007542401425814535,0.003792421308686622,0.0
2,0.0,101,forward,4.134449166285594,0.0,0.0,0.0,0.0,0.0,0.0,1.2964800614493082e-06,-0.5074343077813767,0.002814516110508748,-0.0007824874745652953,0.003638858680494461,0.0
2,0.0,102,forward,4.153655624252505,0.0,0.0,0.0,0.0,0.0,0.0,1.3043420047966854e-06,-0.5257185791419233,0.0027938677474723295,-0.0008105343182123228,0.00348551559091409,0.0
2,0.0,103,forward,4.1725510805748005,0.0,0.0,0.0,0.0,0.0,0.0,1.312085223014894e-06,-0.5439666091881932,0.0027720167302245015,-0.0008383686276419827,0.003332638745594141,0.0
2,0.0,104,forward,4.19113280119916,0.0,0.0,0.0,0.0,0.0,0.0,1.319703990229738e-06,-0.5621808007393552,0.0027489669993424064,-0.0008659783939065706,0.0031804781578404495,0.0
2,0.0,105,forward,4.209398213962316,0.0,0.0,0.0,0.0,0.0,0.0,1.327192765234883e-06,-0.5803635840191051,0.002724722991697418,-0.0008933516499529636,0.0030292865765516597,0.0
2,0.0,106,forward,4.2273449068855165,0.0,0.0,0.0,0.0,0.0,0.0,1.334546201999418e-06,-0.5985174142836168,0.0026992896406650914,-0.0009204764755875139,0.0028793189253836227,0.0
2,0.0,107,forward,4.2449706264365386,0.0,0.0,0.0,0.0,0.0,0.0,1.3417591599465805e-06,-0.61664476952156,0.002672672376136769,-0.0009473410024419955,0.0027308317526709147,0.0
2,0.0,108,forward,4.262273275754382,0.0,0.0,0.0,0.0,0.0,0.0,1.3488267139856066e-06,-0.6347481482213974,0.0026448771243323646,-0.0009739334189387273,0.0025840826916469495,0.0
2,0.0,109,forward,4.279250912832203,0.0,0.0,0.0,0.0,0.0,0.0,1.355744164278324e-06,-0.6528300672008689,0.0026159103074133443,-0.0010002419752527527,0.002439329930527978,0.0
2,0.0,110,forward,4.2959017486543285,0.0,0.0,0.0,0.0,0.0,0.0,1.3625070457229108e-06,-0.6708930594934053,0.002585778842895376,-0.0010262549882692487,0.002296831692053858,0.0
2,0.0,111,forward,4.312224145283636,0.0,0.0,0.0,0.0,0.0,0.0,1.3691111371370925e-06,-0.688939672285809,0.0025544901428600883,-0.0010519608465339207,0.002156845722112888,0.0
2,0.0,112,forward,4.32821661389586,0.0,0.0,0.0,0.0,0.0,0.0,1.3755524701238372e-06,-0.7069724649016091,0.0025220521129653913,-0.0010773480151946397,0.0020196287871143137,0.0
2,0.0,113,forward,4.343877812757757,0.0,0.0,0.0,0.0,0.0,0.0,1.381827337602613e-06,-0.7249940068240933,0.002488473151254001,-0.0011024050409321163,0.0018854361798165131,0.0
2,0.0,114,forward,4.359206545146401,0.0,0.0,0.0,0.0,0.0,0.0,1.3879323019897705e-06,-0.7430068757529771,0.0024537621467598182,-0.0011271205568775709,0.0017545212333621163,0.0
2,0.0,115,forward,4.374201757207162,0.0,0.0,0.0,0.0,0.0,0.0,1.3938642030123647e-06,-0.7610136556886822,0.0024179284779118943,-0.0011514832875156313,0.0016271348433180566,0.0
2,0.0,116,forward,4.388862535748265,0.0,0.0,0.0,0.0,0.0,0.0,1.3996201651395452e-06,-0.7790169350378144,0.00238098201073584,-0.0011754820535700707,0.0015035249975696163,0.0
2,0.0,117,forward,4.403188105970106,0.0,0.0,0.0,0.0,0.0,0.0,1.4051976046167957e-06,-0.7970193047336702,0.002342933096852556,-0.0011991057768706399,0.0013839363139646066,0.0
2,0.0,118,forward,4.417177829127778,0.0,0.0,0.0,0.0,0.0,0.0,1.4105942360884895e-06,-0.8150233563653619,0.0023037925712743415,-0.0012223434851988855,0.0012686095856558888,0.0
2,0.0,119,forward,4.430831200125557,0.0,0.0,0.0,0.0,0.0,0.0,1.4158080787946204e-06,-0.8330316803091589,0.002263571749998346,-0.0012451843171108169,0.001157781334141031,0.0
2,0.0,120,forward,4.444147845042336,0.0,0.0,0.0,0.0,0.0,0.0,1.4208374623286384e-06,-0.8510468638557257,0.002222282427397594,-0.0012676175267346062,0.0010516833700452283,0.0
2,0.0,121,forward,4.457127518587261,0.0,0.0,0.0,0.0,0.0,0.0,1.4256810319433978e-06,-0.8690714893268014,0.0021799368734098383,-0.0012896324885411095,0.0009505423617460484,0.0
2,0.0,122,forward,4.469770101485077,0.0,0.0,0.0,0.0,0.0,0.0,1.4303377533931056e-06,-0.8871081321750283,0.0021365478305244525,-0.0013112187020852646,0.0008545794119817623,0.0
2,0.0,123,forward,4.482075597790896,0.0,0.0,0.0,0.0,0.0,0.0,1.4348069172999143e-06,-0.9051593590606392,0.002092128510567889,-0.0013323657967164104,0.0007640096426347331,0.0
2,0.0,124,forward,4.4940441321343485,0.0,0.0,0.0,0.0,0.0,0.0,1.4390881430340293e-06,-0.9232277258987438,0.0020466925912880738,-0.0013530635362553267,0.0006790417879215249,0.0
2,0.0,125,forward,4.505675946893286,0.0,0.0,0.0,0.0,0.0,0.0,1.4431813820975835e-06,-0.9413157758711674,0.0020002542127384036,-0.0013733018236362431,0.0005998777962648721,0.0
2,0.0,126,forward,4.516971399297411,0.0,0.0,0.0,0.0,0.0,0.0,1.447086921002551e-06,-0.9594260373967989,0.001952827973461891,-0.0013930707055116213,0.0005267124411601765,0.0
2,0.0,127,forward,4.527930958462419,0.0,0.0,0.0,0.0,0.0,0.0,1.4508053836340722e-06,-0.9775610220545863,0.0019044289264762559,-0.0014123603768177314,0.0004597329413857307,0.0
2,0.0,128,forward,4.5385552023554165,0.0,0.0,0.0,0.0,0.0,0.0,1.4543377330914655e-06,-0.9957232224535597,0.0018550725750607563,-0.0014311611852991896,0.0003991185909380246,0.0
2,0.0,129,forward,4.5488448146925755,0.0,0.0,0.0,0.0,0.0,0.0,1.4576852729994465e-06,-1.013915110044316,0.0018047748683456555,-0.0014494636359902414,0.0003450403991043377,0.0
2,0.0,130,forward,4.558800581770194,0.0,0.0,0.0,0.0,0.0,0.0,1.4608496482835461e-06,-1.0321391328668037,0.0017535521967052801,-0.0014672583956510737,0.00029766074111044205,0.0
2,0.0,131,forward,4.568423389230445,0.0,0.0,0.0,0.0,0.0,0.0,1.4638328454038754e-06,-1.0503977132293343,0.001701421386955763,-0.0014845362971569744,0.000257133019805152,0.0
2,0.0,132,forward,4.577714218763345,0.0,0.0,0.0,0.0,0.0,0.0,1.4666371920428e-06,-1.0686932453141895,0.0016483996973585952,-0.0015012883438385897,0.00022360133886331797,0.0
2,0.0,133,forward,4.586674144746599,0.0,0.0,0.0,0.0,0.0,0.0,1.4692653562422444e-06,-1.0870280927053824,0.001594504812431202,-0.0015175057137710795,0.0001972001880051321,0.0
2,0.0,134,forward,4.595304330825153,0.0,0.0,0.0,0.0,0.0,0.0,1.4717203449881712e-06,-1.1054045858346746,0.0015397548375658816,-0.001533179764010625,0.0001780541407432677,0.0
2,0.0,135,forward,4.603606026432445,0.0,0.0,0.0,0.0,0.0,0.0,1.4740055022394768e-06,-1.123825019342166,0.0014841682934584575,-0.0015483020347759858,0.00016627756517875736,0.0
2,0.0,136,forward,4.611580563255541,0.0,0.0,0.0,0.0,0.0,0.0,1.4761245064004212e-06,-1.1422916493483926,0.0014277641103481477,-0.0015628642535734825,0.00016197434837320968,0.0
2,0.0,137,forward,4.619229351646441,0.0,0.0,0.0,0.0,0.0,0.0,1.4780813672360104e-06,-1.1608066906352779,0.0013705616220701833,-0.0015768583392634062,0.00016523763482802906,0.0
2,0.0,138,forward,4.6265538769820465,0.0,0.0,0.0,0.0,0.0,0.0,1.4798804222308636e-06,-1.1793723137338707,0.0013125805599228165,-0.0015902764060660229,0.0001761495796012173,0.0
2,0.0,139,forward,4.633555695975424,0.0,0.0,0.0,0.0,0.0,0.0,1.4815263323928792e-06,-1.197990641917384,0.0012538410463504358,-0.0016031107675052796,0.00019478111658912008,0.0
2,0.0,140,forward,4.6402364329411325,0.0,0.0,0.0,0.0,0.0,0.0,1.4830240775042195e-06,-1.2166637480987508,0.0011943635884445818,-0.0016153539402885312,0.00022119174249415896,0.0
2,0.0,141,forward,4.646597776017564,0.0,0.0,0.0,0.0,0.0,0.0,1.4843789508223286e-06,-1.2353936516325328,0.0011341690712647296,-0.0016269986481201734,0.0002554293169903885,0.0
2,0.0,142,forward,4.652641473349375,0.0,0.0,0.0,0.0,0.0,0.0,1.4855965532356828e-06,-1.2541823150219202,0.001073278750980818,-0.0016380378254477644,0.00029752987958647434,0.0
2,0.0,143,forward,4.658369329233247,0.0,0.0,0.0,0.0,0.0,0.0,1.486682786878891e-06,-1.2730316405322741,0.0010117142478395281,-0.0016484646211386187,0.00034751748367103236,0.0
2,0.0,144,forward,4.66378320023036,0.0,0.0,0.0,0.0,0.0,0.0,1.4876438482130626e-06,-1.2919434667135896,0.0009494975389564444,-0.0016582724020851177,0.00040540404820768594,0.0
2,0.0,145,forward,4.668884991249103,0.0,0.0,0.0,0.0,0.0,0.0,1.48848622057851e-06,-1.3109195648352403,0.0008866509509362995,-0.0016674547567371546,0.00047118922752734105,0.0
2,0.0,146,forward,4.673676651601707,0.0,0.0,0.0,0.0,0.0,0.0,1.4892166662272924e-06,-1.329961635237329,0.000823197152323537,-0.0016760054985598754,0.0005448602996431656,0.0
2,0.0,147,forward,4.67816017103861,0.0,0.0,0.0,0.0,0.0,0.0,1.4898422178443132e-06,-1.349071303604047,0.0007591591458855769,-0.0016839186694150752,0.0006263920734888018,0.0
2,0.0,148,forward,4.6823375757645085,0.0,0.0,0.0,0.0,0.0,0.0,1.4903701695665486e-06,-1.368250117165593,0.0006945602607311836,-0.0016911885428646317,0.0007157468154545682,0.0
2,0.0,149,forward,4.6862109244402195,0.0,0.0,0.0,0.0,0.0,0.0,1.4908080675106047e-06,-1.3874995408363384,0.0006294241442664357,-0.0016978096273942147,0.0008128741955676644,0.0
2,0.0,150,forward,4.689782304174559,0.0,0.0,0.0,0.0,0.0,0.0,1.491163699820205e-06,-1.4068209532982023,0.0005637747539908937,-0.001703776669555856,0.0009177112536322696,0.0
2,0.0,151,forward,4.693053826510637,0.0,0.0,0.0,0.0,0.0,0.0,1.4914450862453315e-06,-1.426215643039424,0.000497636349136587,-0.0017090846570275537,0.001030182385613962,0.0
2,0.0,152,forward,4.6960276234110445,0.0,0.0,0.0,0.0,0.0,0.0,1.4916604672663882e-06,-1.445684804360292,0.000431033482152541,-0.0017137288215885763,0.0011501993505195762,0.0
2,0.0,153,forward,4.698705843246603,0.0,0.0,0.0,0.0,0.0,0.0,1.4918182927769818e-06,-1.4652295333586693,0.00036399099003768884,-0.0017177046420088044,0.00127766129798923,0.0
2,0.0,154,forward,4.7010906467933955,0.0,0.0,0.0,0.0,0.0,0.0,1.4919272103400313e-06,-1.484850823909599,0.0002965339855249272,-0.0017210078468506524,0.0014124548167814,0.0
2,0.0,155,forward,4.703184203242992,0.0,0.0,0.0,0.0,0.0,0.0,1.4919960530324988e-06,-1.5045495636545607,0.00022868784811941326,-0.0017236344171820026,0.0015544540042960187,0.0
2,0.0,156,forward,4.704988686230835,0.0,0.0,0.0,0.0,0.0,0.0,1.4920338268954362e-06,-1.5243265300174598,0.00016047821499394144,-0.0017255805891989893,0.001703520557241739,0.0
2,0.0,157,forward,4.70650626988793,0.0,0.0,0.0,0.0,0.0,0.0,1.4920496980055728e-06,-1.5441823862656687,9.193097174460542e-05,-0.0017268428567567657,0.0018595038835164113,0.0
2,0.0,158,forward,4.707739124921025,0.0,0.0,0.0,0.0,0.0,0.0,1.4920529791870434e-06,-1.5641176776359071,2.3072243009805707e-05,-0.0017274179738073772,0.0020222412353309016,0.0
2,0.0,159,forward,4.708689414726607,0.0,0.0,0.0,0.0,0.0,0.0,1.4920531163809612e-06,-1.584132827545962,-4.607161704412583e-05,-0.0017273029567429524,0.00219155786356523,0.0
2,0.0,160,forward,4.709359291544138,0.0,0.0,0.0,0.0,0.0,0.0,1.4920596746924527e-06,-1.604228133914558,-0.00011547403436742988,-0.0017264950866431631,0.0023672671933093747,0.0
2,0.0,161,forward,4.709750892654011,0.0,0.0,0.0,0.0,0.0,0.0,1.4920823241348757e-06,-1.6244037656128205,-0.0001851082247981799,-0.0017249919114256074,0.002549171020497565,0.0
2,0.0,162,forward,4.709866336625816,0.0,0.0,0.0,0.0,0.0,0.0,1.4921308250915416e-06,-1.6446597590718977,-0.00025494720395699213,-0.0017227912478977767,0.0027370597295081067,0.0
2,0.0,163,forward,4.709707719622584,0.0,0.0,0.0,0.0,0.0,0.0,1.4922150135163056e-06,-1.664996015072178,-0.000324963797261553,-0.001719891183709549,0.0029307125315573557,0.0
2,0.0,164,forward,4.709277111766695,0.0,0.0,0.0,0.0,0.0,0.0,1.4923447858943946e-06,-1.685412295740454,-0.0003951306500575708,-0.0017162900792048465,0.0031298977236799974,0.0
2,0.0,165,forward,4.708576553573262,0.0,0.0,0.0,0.0,0.0,0.0,1.4925300839859994e-06,-1.70590822178195,-0.00046542023786242884,-0.0017119865691714831,0.0033343729680440637,0.0
2,0.0,166,forward,4.70760805245679,0.0,0.0,0.0,0.0,0.0,0.0,1.4927808793751254e-06,-1.7264832699747008,-0.0005358048767180429,-0.0017069795644879262,0.003543885591313245,0.0
2,0.0,167,forward,4.706373579316987,0.0,0.0,0.0,0.0,0.0,0.0,1.4931071578472343e-06,-1.747136770953943,-0.000606256733649089,-0.001701268253666063,0.003758172903726875,0.0
2,0.0,168,forward,4.704875065209617,0.0,0.0,0.0,0.0,0.0,0.0,1.4935189036192061e-06,-1.767867907314261,-0.0006767478372228035,-0.001694852104288828,0.003976962537531825,0.0
2,0.0,169,forward,4.70311439810829,0.0,0.0,0.0,0.0,0.0,0.0,1.4940260834458314e-06,-1.7886757120570937,-0.0007472500882067316,-0.0016877308643417114,0.0041999728043612405,0.0
2,0.0,170,forward,4.701093419763136,0.0,0.0,0.0,0.0,0.0,0.0,1.4946386306273882e-06,-1.809559067410596,-0.0008177352703202385,-0.0016799045634372201,0.0044269130711149796,0.0
2,0.0,171,forward,4.698813922662254,0.0,0.0,0.0,0.0,0.0,0.0,1.495366428943148e-06,-1.8305167040482704,-0.0008881750610761284,-0.0016713735139313182,0.004657484153867464,0.0
2,0.0,172,forward,4.696277647101846,0.0,0.0,0.0,0.0,0.0,0.0,1.4962192965362304e-06,-1.8515472007316274,-0.0009585410427082817,-0.0016621383119310893,0.004891378729284024,0.0
2,0.0,173,forward,4.693486278370932,0.0,0.0,0.0,0.0,0.0,0.0,1.4972069697749354e-06,-1.8726489844008165,-0.0010288047131811614,-0.0016521998381925816,0.0051282817629960675,0.0
2,0.0,174,forward,4.690441444056452,0.0,0.0,0.0,0.0,0.0,0.0,1.4983390871166908e-06,-1.8938203307355583,-0.001098937497277311,-0.0016415592589082396,0.005367870954353204,0.0
2,0.0,175,forward,4.687144711474598,0.0,0.0,0.0,0.0,0.0,0.0,1.4996251730002428e-06,-1.915059365206688,-0.0011689107577585944,-0.001630218026382996,0.005609817196932987,0.0
2,0.0,176,forward,4.683597585234069,0.0,0.0,0.0,0.0,0.0,0.0,1.501074621792461e-06,-1.9363640646363047,-0.0012386958065969263,-0.0016181778795984726,0.005853785054160343,0.0
2,0.0,177,forward,4.679801504936943,0.0,0.0,0.0,0.0,0.0,0.0,1.5026966818157607e-06,-1.9577322592820516,-0.001308263916270508,-0.0016054408446644459,0.006099433249354469,0.0
2,0.0,178,forward,4.675757843022742,0.0,0.0,0.0,0.0,0.0,0.0,1.5045004394825766e-06,-1.9791616354579717,-0.001377586331120999,-0.001592009235157066,0.006346415169497632,0.0
2,0.0,179,forward,4.6714679027611865,0.0,0.0,0.0,0.0,0.0,0.0,1.506494803563218e-06,-2.0006497387013846,-0.0014466342787675948,-0.0015778856523431825,0.006594379381982374,0.0
2,0.0,180,forward,4.666932916399018,0.0,0.0,0.0,0.0,0.0,0.0,1.5086884896134512e-06,-2.0221939774916384,-0.0015153789815734316,-0.0015630729852902719,0.006842970163577267,0.0
2,0.0,181,forward,4.662154043466174,0.0,0.0,0.0,0.0,0.0,0.0,1.5110900045880899e-06,-2.0437916275230603,-0.0015837916681601465,-0.0015475744108614106,0.007091828040814541,0.0
2,0.0,182,forward,4.6571323692464555,0.0,0.0,0.0,0.0,0.0,0.0,1.513707631666848e-06,-2.065439836530405,-0.0016518435849659718,-0.001531393393594899,0.0073405903409865525,0.0
2,0.0,183,forward,4.6518689034176885,0.0,0.0,0.0,0.0,0.0,0.0,1.5165494153184452e-06,-2.087135629661206,-0.0017195060078430415,-0.0015145336854680352,0.007588891752912663,0.0
2,0.0,184,forward,4.646364578866273,0.0,0.0,0.0,0.0,0.0,0.0,1.5196231466290085e-06,-2.108875915385138,-0.0017867502536893164,-0.001496999325544783,0.007836364896613102,0.0
2,0.0,185,forward,4.640620250680782,0.0,0.0,0.0,0.0,0.0,0.0,1.52293634892039e-06,-2.130657491926402,-0.0018535476921107826,-0.0014787946395069063,0.008082640901009852,0.0
2,0.0,186,forward,4.634636695329195,0.0,0.0,0.0,0.0,0.0,0.0,1.5264962636838142e-06,-2.1524770542007197,-0.0019198697571091233,-0.0014599242390683535,0.008327349988755506,0.0
2,0.0,187,forward,4.628414610024108,0.0,0.0,0.0,0.0,0.0,0.0,1.530309836854018e-06,-2.174331201234417,-0.001985687958790443,-0.0014403930212726296,0.008570122067269814,0.0
2,0.0,188,forward,4.621954612280127,0.0,0.0,0.0,0.0,0.0,0.0,1.5343837054486714e-06,-2.1962164440388636,-0.0020509738950904095,-0.0014202061676729784,0.008810587325053687,0.0
2,0.0,189,forward,4.6152572396674225,0.0,0.0,0.0,0.0,0.0,0.0,1.5387241845974816e-06,-2.218129213909488,-0.0021156992635111356,-0.0013993691433952518,0.009048376832330396,0.0
2,0.0,190,forward,4.608322949765275,0.0,0.0,0.0,0.0,0.0,0.0,1.543337254984962e-06,-2.240065871114838,-0.0021798358728652716,-0.001377887696083333,0.009283123145054084,0.0
2,0.0,191,forward,4.6011521203191865,0.0,0.0,0.0,0.0,0.0,0.0,1.5482285507302128e-06,-2.2620227139374323,-0.00224335565502231,-0.00135576785472708,0.009514460911313583,0.0
2,0.0,192,forward,4.593745049604995,0.0,0.0,0.0,0.0,0.0,0.0,1.5534033477270463e-06,-2.283995988025051,-0.002306230676652935,-0.0013330159283728353,0.009742027479152648,0.0
2,0.0,193,forward,4.586101957003143,0.0,0.0,0.0,0.0,0.0,0.0,1.5588665524664426e-06,-2.3059818960079697,-0.002368433150966125,-0.0013096385047164513,0.009965463504813421,0.0
2,0.0,194,forward,4.5782229837861035,0.0,0.0,0.0,0.0,0.0,0.0,1.5646226913635273e-06,-2.32797660733522,-0.002429935449434637,-0.0012856424485790483,0.010184413560406558,0.0
2,0.0,195,forward,4.570108194121726,0.0,0.0,0.0,0.0,0.0,0.0,1.5706759006100737e-06,-2.3499762682808494,-0.0024907101135040887,-0.0012610349002655059,0.01039852674001307,0.0
2,0.0,196,forward,4.561757576295046,0.0,0.0,0.0,0.0,0.0,0.0,1.5770299165731493e-06,-2.371977012069362,-0.0025507298662807505,-0.0012358232738060107,0.010607457263206665,0.0
2,0.0,197,forward,4.553171044150902,0.0,0.0,0.0,0.0,0.0,0.0,1.5836880667595799e-06,-2.3939749690684806,-0.002609967624193251,-0.001210015255080803,0.010810865074994513,0.0
2,0.0,198,forward,4.544348438759475,0.0,0.0,0.0,0.0,0.0,0.0,1.590653261365601e-06,-2.415966276996712,-0.0026683965086238067,-0.0011836187998284589,0.011008416441169455,0.0
2,0.0,199,forward,4.535289530306679,0.0,0.0,0.0,0.0,0.0,0.0,1.5979279854294903e-06,-2.437947091092898,-0.002725989857503525,-0.001156642131537984,0.011199784538068247,0.0
2,0.0,200,forward,4.525994020211102,0.0,0.0,0.0,0.0,0.0,0.0,1.6055142916051555e-06,-2.459913594195518,-0.0027827212368676667,-0.0011290937392251798,0.011384650035739075,0.0
3,0.0,1,forward,0.42347185916454544,0.0,0.0,0.0,0.0,0.0,0.0,2.233918629939864e-06,0.884081797045164,0.002680002017567851,0.001634614370970027,0.5088070668928222,0.0
3,0.0,2,forward,0.7512084450284116,0.0,0.0,0.0,0.0,0.0,0.0,2.2413055551360623e-06,0.8621115896393973,0.002755714595144815,0.0016074310151572206,0.29302605770699347,0.0
3,0.0,3,forward,1.0070913521297842,0.0,0.0,0.0,0.0,0.0,0.0,2.2491074855454733e-06,0.8401279652461912,0.0028306258827588593,0.0015794944077654422,0.17164323663752373,0.0
3,0.0,4,forward,1.2087639027103885,0.0,0.0,0.0,0.0,0.0,0.0,2.25733107056132e-06,0.8181347484121776,0.0029047026417262025,0.001550812729324041,0.10327381536767957,0.0
3,0.0,5,forward,1.3693143689485487,0.0,0.0,0.0,0.0,0.0,0.0,2.265982399101007e-06,0.7961357889258946,0.0029779118347143187,0.0015213944918006565,0.06480735317103958,0.0
3,0.0,6,forward,1.4984969243417114,0.0,0.0,0.0,0.0,0.0,0.0,2.275066985578812e-06,0.7741349517125983,0.00305022063979174,0.0014912485365170417,0.04326349626164071,0.0
3,0.0,7,forward,1.6036182047153547,0.0,0.0,0.0,0.0,0.0,0.0,2.284589756690036e-06,0.752136106651066,0.0031215964644477593,0.0014603840319246336,0.031311130815897925,0.0
3,0.0,8,forward,1.6901819638815192,0.0,0.0,0.0,0.0,0.0,0.0,2.29455503903405e-06,0.7301431183647721,0.003192006959576371,0.0014288104712399596,0.02478877029808782,0.0
3,0.0,9,forward,1.7623586879106252,0.0,0.0,0.0,0.0,0.0,0.0,2.3049665476031017e-06,0.7081598360402241,0.0032614200334186616,0.0013965376699404434,0.02132413379563794,0.0
3,0.0,10,forward,1.823328483902975,0.0,0.0,0.0,0.0,0.0,0.0,2.315827375162305e-06,0.6861900833249012,0.003329803865457927,0.0013635757631210255,0.01956091488184425,0.0
3,0.0,11,forward,1.8755321390426298,0.0,0.0,0.0,0.0,0.0,0.0,2.327139982544843e-06,0.6642376483564438,0.003397126920261687,0.0013299352027119993,0.01872295580637573,0.0
3,0.0,12,forward,1.9208555458439938,0.0,0.0,0.0,0.0,0.0,0.0,2.338906189885588e-06,0.642306273973518,0.003463357961264919,0.0012956267545587692,0.018367061537861162,0.0
3,0.0,13,forward,1.9607656870669234,0.0,0.0,0.0,0.0,0.0,0.0,2.3511271688145913e-06,0.6203996481569415,0.0035284660644887074,0.0012606614953640449,0.018241940737225543,0.0
3,0.0,14,forward,1.9964113243248747,0.0,0.0,0.0,0.0,0.0,0.0,2.363803435630695e-06,0.5985213947474697,0.003592420632188523,0.0012250508094931655,0.018207230491657816,0.0
3,0.0,15,forward,2.028697896191484,0.0,0.0,0.0,0.0,0.0,0.0,2.3769348454742158e-06,0.5766750644839828,0.0036551914064264714,0.0011888063856433115,0.01818675251908719,0.0
3,0.0,16,forward,2.0583435110826396,0.0,0.0,0.0,0.0,0.0,0.0,2.390520587515995e-06,0.5548641264028067,0.0037167484825616427,0.0011519402133774,0.018141393665792205,0.0
3,0.0,17,forward,2.085921032252281,0.0,0.0,0.0,0.0,0.0,0.0,2.4045591811787e-06,0.5330919596354754,0.003777062322652944,0.0011144645795234285,0.01805330487273249,0.0
3,0.0,18,forward,2.1118898909803723,0.0,0.0,0.0,0.0,0.0,0.0,2.419048473404829e-06,0.5113618456386975,0.0038361037687686017,0.0010763920644403047,0.017916665975876045,0.0
3,0.0,19,forward,2.136620281165707,0.0,0.0,0.0,0.0,0.0,0.0,2.4339856369841484e-06,0.48967696088630375,0.0038938440561966906,0.0010377355381510167,0.017732279960754327,0.0
3,0.0,20,forward,2.1604116775346243,0.0,0.0,0.0,0.0,0.0,0.0,2.449367169951728e-06,0.4680403700489577,0.003950254826550926,0.0009985081563442003,0.017504411661930397,0.0
3,0.0,21,forward,2.183507104136872,0.0,0.0,0.0,0.0,0.0,0.0,2.465188896066229e-06,0.4464550196831969,0.004005308140766135,0.0009587233562451705,0.01723894750187982,0.0
3,0.0,22,forward,2.206104204976207,0.0,0.0,0.0,0.0,0.0,0.0,2.4814459663763394e-06,0.42492373244715276,0.004058976491977701,0.0009183948523575834,0.01694233536688483,0.0
3,0.0,23,forward,2.228363895292216,0.0,0.0,0.0,0.0,0.0,0.0,2.4981328618814648e-06,0.4034492018559985,0.0041112328182793196,0.0008775366320768631,0.016620986169992524,0.0
3,0.0,24,forward,2.250417172050627,0.0,0.0,0.0,0.0,0.0,0.0,2.515243397291352e-06,0.3820339875859624,0.004162050515353549,0.000836162951176665,0.016280948754375246,0.0
3,0.0,25,forward,2.2723705154244374,0.0,0.0,0.0,0.0,0.0,0.0,2.532770725887336e-06,0.3606805113316305,0.004211403448969525,0.0007942883291696974,0.015927746287834388,0.0
3,0.0,26,forward,2.2943102049377693,0.0,0.0,0.0,0.0,0.0,0.0,2.5507073454862772e-06,0.3393910532172127,0.004259265967342306,0.0007519275445442218,0.015566307500397059,0.0
3,0.0,27,forward,2.3163057940303573,0.0,0.0,0.0,0.0,0.0,0.0,2.5690451055064977e-06,0.31816774875864523,0.004305612913348398,0.00070909562987765,0.015200952946926582,0.0
3,0.0,28,forward,2.3384129275153773,0.0,0.0,0.0,0.0,0.0,0.0,2.5877752151330486e-06,0.29701258636978917,0.004350419636591792,0.0006658078668287209,0.014835412467402664,0.0
3,0.0,29,forward,2.3606756422599235,0.0,0.0,0.0,0.0,0.0,0.0,2.606888252578379e-06,0.27592740540256744,0.004393662005315429,0.0006220797810097754,0.01447285958291622,0.0
3,0.0,30,forward,2.3831282584246756,0.0,0.0,0.0,0.0,0.0,0.0,2.626374175431947e-06,0.25491389470780956,0.004435316418152349,0.0005779271367406864,0.014115954305727652,0.0
3,0.0,31,forward,2.4057969438447104,0.0,0.0,0.0,0.0,0.0,0.0,2.6462223320910902e-06,0.2339735917007181,0.004475359815711338,0.0005333659316860835,0.013766889296217277,0.0
3,0.0,32,forward,2.428701015484878,0.0,0.0,0.0,0.0,0.0,0.0,2.666421474263364e-06,0.21310788191236568,0.004513769691991681,0.0004884123913775612,0.013427436383462554,0.0
3,0.0,33,forward,2.4518540277945355,0.0,0.0,0.0,0.0,0.0,0.0,2.686959770529257e-06,0.19231799900639626,0.004550524105622075,0.0004430829636226167,0.013098991725831954,0.0
3,0.0,34,forward,2.475264687064092,0.0,0.0,0.0,0.0,0.0,0.0,2.7078248209512133e-06,0.17160502523821894,0.0045856016909178255,0.0003973943128020323,0.012782618650650002,0.0
3,0.0,35,forward,2.4989376226970275,0.0,0.0,0.0,0.0,0.0,0.0,2.7290036727148922e-06,0.15096989233241068,0.004618981668752,0.0003513633140576657,0.012479087674196698,0.0
3,0.0,36,forward,2.5228740400240937,0.0,0.0,0.0,0.0,0.0,0.0,2.7504828367849977e-06,0.13041338275274067,0.004650643857234731,0.0003050070473724172,0.012188913483469288,0.0
3,0.0,37,forward,2.5470722744316747,0.0,0.0,0.0,0.0,0.0,0.0,2.772248305557485e-06,0.10993613133829692,0.00468056868219597,0.00025834279154439774,0.011912388830610965,0.0
3,0.0,38,forward,2.5715282628040863,0.0,0.0,0.0,0.0,0.0,0.0,2.794285571487792e-06,0.08953862727848197,0.004708737187466707,0.00021138801805724221,0.011649615392903656,0.0
3,0.0,39,forward,2.596235945328581,0.0,0.0,0.0,0.0,0.0,0.0,2.816579646672874e-06,0.0692212163992771,0.004735131044953608,0.0001641603848486391,0.011400531711801998,0.0
3,0.0,40,forward,2.6211876083865104,0.0,0.0,0.0,0.0,0.0,0.0,2.8391150833632283e-06,0.04898410373300066,0.004759732564502185,0.0001166777299791309,0.011164938359517596,0.0
3,0.0,41,forward,2.646374177407619,0.0,0.0,0.0,0.0,0.0,0.0,2.861875995379704e-06,0.028827356343922816,0.004782524703543936,6.895806520338528e-05,0.01094252050074962,0.0
3,0.0,42,forward,2.6717854670863854,0.0,0.0,0.0,0.0,0.0,0.0,2.884846080407483e-06,0.008750906382365184,0.004803491076522317,2.1019569446035193e-05,0.010732868026190001,0.0
3,0.0,43,forward,2.6974103951663904,0.0,0.0,0.0,0.0,0.0,0.0,2.90800864313901e-06,-0.011245445659506702,0.004822615964093343,-2.7119417815593686e-05,0.010535493437002552,0.0
3,0.0,44,forward,2.723237165027791,0.0,0.0,0.0,0.0,0.0,0.0,2.93134661923505e-06,-0.031162027516337665,0.004839884322095826,-7.54404032596301e-05,0.010349847657843969,0.0
3,0.0,45,forward,2.749253421516244,0.0,0.0,0.0,0.0,0.0,0.0,2.954842600072334e-06,-0.05099929156796735,0.004855281790287062,-0.0001239247465163714,0.010175333951565557,0.0
3,0.0,46,forward,2.7754463837926404,0.0,0.0,0.0,0.0,0.0,0.0,2.9784788582438884e-06,-0.07075781113181859,0.004868794700839133,-0.00017255366705115434,0.010011320102443766,0.0
3,0.0,47,forward,2.8018029584337265,0.0,0.0,0.0,0.0,0.0,0.0,3.0022373737778187e-06,-0.09043827665248395,0.004880410086592021,-0.000221308251130984,0.009857149027222345,0.0
3,0.0,48,forward,2.8283098355527185,0.0,0.0,0.0,0.0,0.0,0.0,3.0260998610373588e-06,-0.11004149181052618,0.0048901156890585615,-0.00027016945887248456,0.009712147964875184,0.0
3,0.0,49,forward,2.854953570319623,0.0,0.0,0.0,0.0,0.0,0.0,3.0500477962653248e-06,-0.1295683695712079,0.004897899966177761,-0.0003191181313686391,0.009575636387082809,0.0
3,0.0,50,forward,2.8817206519302254,0.0,0.0,0.0,0.0,0.0,0.0,3.0740624457330625e-06,-0.14901992819259305,0.004903752099811657,-0.00036813499789180483,0.009446932762226745,0.0
3,0.0,51,forward,2.9085975617903883,0.0,0.0,0.0,0.0,0.0,0.0,3.098124894454225e-06,-0.16839728721106567,0.004907662002982282,-0.00041720068317040263,0.00932536029640807,0.0
3,0.0,52,forward,2.9355708224402965,0.0,0.0,0.0,0.0,0.0,0.0,3.1222160754213785e-06,-0.18770166342096573,0.004909620326844424,-0.00046629571473667255,0.00921025176572432,0.0
3,0.0,53,forward,2.9626270385351714,0.0,0.0,0.0,0.0,0.0,0.0,3.1463167993227186e-06,-0.20693436686363945,0.004909618467390396,-0.0005154005303428271,0.009100953544936674,0.0
3,0.0,54,forward,2.9897529310194813,0.0,0.0,0.0,0.0,0.0,0.0,3.1704077846953404e-06,-0.22609679683981732,0.004907648571883292,-0.000564495485442907,0.00899682892878495,0.0
3,0.0,55,forward,3.016935365476579,0.0,0.0,0.0,0.0,0.0,0.0,3.1944696884695254e-06,-0.24519043795789075,0.004903703545014585,-0.0006135608607375987,0.008897260833658827,0.0
3,0.0,56,forward,3.0441613755014263,0.0,0.0,0.0,0.0,0.0,0.0,3.2184831368588317e-06,-0.2642168562292852,0.00489777705478306,-0.000662576869779252,0.008801653959161548,0.0
3,0.0,57,forward,3.0714181818277675,0.0,0.0,0.0,0.0,0.0,0.0,3.242428756548515e-06,-0.2831776952208559,0.0048898635380911085,-0.0007115236666342773,0.008709436481333266,0.0
3,0.0,58,forward,3.0986932078402702,0.0,0.0,0.0,0.0,0.0,0.0,3.2662872061350458e-06,-0.30207467227294116,0.004879958206055379,-0.000760381353600093,0.008620061341994667,0.0
3,0.0,59,forward,3.1259740920147157,0.0,0.0,0.0,0.0,0.0,0.0,3.2900392077679475e-06,-0.32090957479050747,0.004868057049028277,-0.0008091299889737351,0.008533007191820152,0.0
3,0.0,60,forward,3.1532486977535332,0.0,0.0,0.0,0.0,0.0,0.0,3.3136655789448953e-06,-0.3396842566136484,0.004854156841327271,-0.0008577495948692348,0.008447779038374237,0.0
3,0.0,61,forward,3.1805051210182422,0.0,0.0,0.0,0.0,0.0,0.0,3.3371472644101483e-06,-0.35840063447259474,0.004838255145668832,-0.0009062201650808255,0.008363908644451357,0.0
3,0.0,62,forward,3.2077316961034934,0.0,0.0,0.0,0.0,0.0,0.0,3.3604653681060053e-06,-0.3770606845313178,0.004820350317304185,-0.00095452167298899,0.008280954716632594,0.0
3,0.0,63,forward,3.234916999848127,0.0,0.0,0.0,0.0,0.0,0.0,3.3836011851263143e-06,-0.3956664390228505,0.004800441507853901,-0.001002634079506383,0.008198502919010475,0.0
3,0.0,64,forward,3.262049854536089,0.0,0.0,0.0,0.0,0.0,0.0,3.406536233620654e-06,-0.41421998297848617,0.004778528668838566,-0.0010505373410605791,0.008116165742515724,0.0
3,0.0,65,forward,3.289119329703248,0.0,0.0,0.0,0.0,0.0,0.0,3.4292522865978387e-06,-0.43272345105213833,0.004754612554903123,-0.0010982114176105982,0.008033582256192884,0.0
3,0.0,66,forward,3.3161147430344298,0.0,0.0,0.0,0.0,0.0,0.0,3.4517314035764233e-06,-0.4511790244403664,0.004728694726732014,-0.0011456362806941411,0.007950417763088247,0.0
3,0.0,67,forward,3.3430256605076187,0.0,0.0,0.0,0.0,0.0,0.0,3.473955962030447e-06,-0.46958892789777346,0.004700777553652975,-0.00119279192150242,0.007866363380114372,0.0
3,0.0,68,forward,3.3698418959187477,0.0,0.0,0.0,0.0,0.0,0.0,3.495908688578297e-06,-0.48795542684679477,0.004670864215927204,-0.0012396583589794655,0.007781135558323937,0.0
3,0.0,69,forward,3.3965535099002278,0.0,0.0,0.0,0.0,0.0,0.0,3.5175726898620952e-06,-0.5062808245802879,0.0046389587067234015,-0.001286215647942752,0.007694475557409541,0.0
3,0.0,70,forward,3.4231508085290443,0.0,0.0,0.0,0.0,0.0,0.0,3.5389314830663096e-06,-0.5245674595546654,0.0046050658337742295,-0.001332443887221994,0.0076061488859636706,0.0
3,0.0,71,forward,3.4496243416052885,0.0,0.0,0.0,0.0,0.0,0.0,3.5599690260226745e-06,-0.5428177027708806,0.004569191220712477,-0.001378323227812891,0.007515944717013889,0.0
3,0.0,72,forward,3.4759649006692857,0.0,0.0,0.0,0.0,0.0,0.0,3.58066974685063e-06,-0.5610339552399685,0.004531341308085816,-0.0014238338810426342,0.007423675286600817,0.0
3,0.0,73,forward,3.502163516814539,0.0,0.0,0.0,0.0,0.0,0.0,3.6010185730815335e-06,-0.5792186455294855,0.004491523354048129,-0.0014689561267439493,0.007329175281648004,0.0
3,0.0,74,forward,3.528211458344401,0.0,0.0,0.0,0.0,0.0,0.0,3.6210009602155273e-06,-0.597374227386783,0.00444974543472565,-0.0015136703214344383,0.0072323012220774086,0.0
3,0.0,75,forward,3.5541002283124192,0.0,0.0,0.0,0.0,0.0,0.0,3.640602919661213e-06,-0.6155031774345912,0.0044060164442570335,-0.0015579569064979144,0.007132930841004526,0.0
3,0.0,76,forward,3.5798215619795535,0.0,0.0,0.0,0.0,0.0,0.0,3.659811046007628e-06,-0.6336079929342453,0.004360346094505336,-0.0016017964163645446,0.00703096246591306,0.0
3,0.0,77,forward,3.6053674242156397,0.0,0.0,0.0,0.0,0.0,0.0,3.6786125435798704e-06,-0.6516911896114103,0.004312744914441274,-0.0016451694866864276,0.006926314402923683,0.0
3,0.0,78,forward,3.630730006867632,0.0,0.0,0.0,0.0,0.0,0.0,3.6969952522298505e-06,-0.6697552995390383,0.00426322424919648,-0.001688056862505394,0.006818924325611819,0.0
3,0.0,79,forward,3.6559017261129227,0.0,0.0,0.0,0.0,0.0,0.0,3.7149476723142716e-06,-0.6878028690720234,0.00421179625878565,-0.001730439406409627,0.006708748669298936,0.0
3,0.0,80,forward,3.680875219812548,0.0,0.0,0.0,0.0,0.0,0.0,3.732458988813663e-06,-0.7058364568278358,0.004158473916497014,-0.0017722981066759134,0.0065957620313092935,0.0
3,0.0,81,forward,3.705643344876047,0.0,0.0,0.0,0.0,0.0,0.0,3.749519094546573e-06,-0.7238586317072072,0.004103271006950433,-0.0018136140853940547,0.006479956577341017,0.0
3,0.0,82,forward,3.7301991746472316,0.0,0.0,0.0,0.0,0.0,0.0,3.766118612434369e-06,-0.7418719709489131,0.004046202123822334,-0.0018543686065702668,0.006361341453832159,0.0
3,0.0,83,forward,3.754535996317934,0.0,0.0,0.0,0.0,0.0,0.0,3.782248916773328e-06,-0.7598790582124366,0.003987282667237344,-0.0018945430842060922,0.006239942206007876,0.0
3,0.0,84,forward,3.7786473083750063,0.0,0.0,0.0,0.0,0.0,0.0,3.7979021534719017e-06,-0.7778824816823374,0.003926528840826151,-0.001934119090349615,0.006115800201143995,0.0
3,0.0,85,forward,3.8025268180842797,0.0,0.0,0.0,0.0,0.0,0.0,3.8130712592122343e-06,-0.7958848321879752,0.0038639576484495388,-0.001973078363115517,0.005988972056491404,0.0
3,0.0,86,forward,3.8261684390139172,0.0,0.0,0.0,0.0,0.0,0.0,3.827749979496567e-06,-0.8138887013322934,0.003799586890588389,-0.0020114028146707608,0.005859529071242653,0.0
3,0.0,87,forward,3.8495662885984543,0.0,0.0,0.0,0.0,0.0,0.0,3.841932885540692e-06,-0.8318966796232085,0.0037334351604000897,-0.0020490745391824436,0.005727556661897171,0.0
3,0.0,88,forward,3.8727146857439485,0.0,0.0,0.0,0.0,0.0,0.0,3.855615389977945e-06,-0.8499113546012884,0.003665521839441251,-0.0020860758207245926,0.005593153800381612,0.0
3,0.0,89,forward,3.895608148473835,0.0,0.0,0.0,0.0,0.0,0.0,3.868793761338965e-06,-0.8679353089572863,0.0035958670930573288,-0.0021223891411404614,0.005456432454304605,0.0
3,0.0,90,forward,3.9182413916144614,0.0,0.0,0.0,0.0,0.0,0.0,3.881465137274116e-06,-0.885971118633223,0.00352449186543951,-0.0021579971878570637,0.0053175170287536044,0.0
3,0.0,91,forward,3.9406093245187135,0.0,0.0,0.0,0.0,0.0,0.0,3.893627536487567e-06,-0.9040213509007023,0.003451417874349751,-0.002192882861648666,0.00517654380910193,0.0
3,0.0,92,forward,3.9627070488257075,0.0,0.0,0.0,0.0,0.0,0.0,3.905279869352864e-06,-0.9220885624102583,0.003376667605514375,-0.0022270292843457784,0.005033660404340834,0.0
3,0.0,93,forward,3.9845298562541203,0.0,0.0,0.0,0.0,0.0,0.0,3.916421947182994e-06,-0.94017529720558,0.003300264306687569,-0.002260419806486454,0.004889025190522034,0.0
3,0.0,94,forward,4.006073226426457,0.0,0.0,0.0,0.0,0.0,0.0,3.92705449012899e-06,-0.9582840846966633,0.0032222319813854897,-0.0022930380149066153,0.004742806753961104,0.0
3,0.0,95,forward,4.027332824721263,0.0,0.0,0.0,0.0,0.0,0.0,3.937179133683247e-06,-0.9764174375859563,0.0031425953822924253,-0.0023248677402659683,0.0045951833339225034,0.0
3,0.0,96,forward,4.048304500150121,0.0,0.0,0.0,0.0,0.0,0.0,3.946798433766248e-06,-0.9945778497418742,0.0030613800043401873,-0.002355893064506433,0.0044463422645769635,0.0
3,0.0,97,forward,4.0689842832560945,0.0,0.0,0.0,0.0,0.0,0.0,3.955915870376787e-06,-1.0127677940141577,0.0029786120774621884,-0.002386098328239675,0.004296479416089571,0.0
3,0.0,98,forward,4.089368384030161,0.0,0.0,0.0,0.0,0.0,0.0,3.964535849788585e-06,-1.030989719985791,0.0028943185590239837,-0.0024154681380605465,0.004145798634767217,0.0
3,0.0,99,forward,4.109453189842096,0.0,0.0,0.0,0.0,0.0,0.0,3.972663705277949e-06,-1.0492460516565107,0.0028085271259317844,-0.0024439873737832356,0.003994511182255633,0.0
3,0.0,100,forward,4.129235263382215,0.0,0.0,0.0,0.0,0.0,0.0,3.980305696369529e-06,-1.0675391850531528,0.0027212661664209677,-0.0024716411955968518,0.00384283517384143,0.0
3,0.0,101,forward,4.148711340610303,0.0,0.0,0.0,0.0,0.0,0.0,3.98746900658968e-06,-1.0858714857624676,0.0026325647715265796,-0.0024984150511373486,0.0036909950159672578,0.0
3,0.0,102,forward,4.167878328708125,0.0,0.0,0.0,0.0,0.0,0.0,3.994161739718651e-06,-1.104245286382368,0.0025424527262378972,-0.002524294682472471,0.003539220843131463,0.0
3,0.0,103,forward,4.186733304031848,0.0,0.0,0.0,0.0,0.0,0.0,4.000392914536102e-06,-1.122662883888022,0.0024509605003394043,-0.0025492661329967613,0.003387747954384568,0.0
3,0.0,104,forward,4.205273510060761,0.0,0.0,0.0,0.0,0.0,0.0,4.006172458055769e-06,-1.1411265369096057,0.0023581192389405194,-0.0025733157542333148,0.0032368162496889674,0.0
3,0.0,105,forward,4.223496355338723,0.0,0.0,0.0,0.0,0.0,0.0,4.011511197248512e-06,-1.1596384629190593,0.0022639607526967896,-0.0025964302125393375,0.0030866696664485493,0.0
3,0.0,106,forward,4.241399411404821,0.0,0.0,0.0,0.0,0.0,0.0,4.016420849254527e-06,-1.178200835323753,0.0021685175077250066,-0.002618596495712337,0.002937555616553955,0.0
3,0.0,107,forward,4.25898041070977,0.0,0.0,0.0,0.0,0.0,0.0,4.020914010088504e-06,-1.1968157804655275,0.0020718226152152343,-0.0026398019194939265,0.002789724424326623,0.0
3,0.0,108,forward,4.276237244514709,0.0,0.0,0.0,0.0,0.0,0.0,4.025004141843783e-06,-1.2154853745242662,0.0019739098207426126,-0.002660034133968252,0.002643428765774225,0.0
3,0.0,109,forward,4.293167960769071,0.0,0.0,0.0,0.0,0.0,0.0,4.028705558403942e-06,-1.234211640325837,0.0018748134932820642,-0.00267928112985201,0.002498923109602591,0.0
3,0.0,110,forward,4.309770761964397,0.0,0.0,0.0,0.0,0.0,0.0,4.032033409672915e-06,-1.2529965440550273,0.001774568613929096,-0.0026975312446731532,0.0023564631604518493,0.0
3,0.0,111,forward,4.32604400296097,0.0,0.0,0.0,0.0,0.0,0.0,4.035003664336847e-06,-1.271841991874917,0.001673210764329976,-0.002714773168835283,0.0022163053048496195,0.0
3,0.0,112,forward,4.341986188784339,0.0,0.0,0.0,0.0,0.0,0.0,4.03763309117402e-06,-1.2907498264549897,0.001570776114824986,-0.0027309959515649626,0.00207870606039251,0.0
3,0.0,113,forward,4.357595972388904,0.0,0.0,0.0,0.0,0.0,0.0,4.039939238930595e-06,-1.3097218234112975,0.0014673014123079665,-0.0027461890067389185,0.001943921528687248,0.0
3,0.0,114,forward,4.372872152385835,0.0,0.0,0.0,0.0,0.0,0.0,4.0419404147837355e-06,-1.328759687662903,0.0013628239678063483,-0.0027603421185885308,0.0018122068525943669,0.0
3,0.0,115,forward,4.387813670732784,0.0,0.0,0.0,0.0,0.0,0.0,4.043655661414673e-06,-1.3478650497099876,0.0012573816437850794,-0.002773445447278627,0.0016838156783342273,0.0
3,0.0,116,forward,4.4024196103829585,0.0,0.0,0.0,0.0,0.0,0.0,4.045104732717937e-06,-1.3670394618400499,0.0011510128411787552,-0.002785489534358005,0.0015589996230231107,0.0
3,0.0,117,forward,4.416689192891273,0.0,0.0,0.0,0.0,0.0,0.0,4.046308068174552e-06,-1.386284394269841,0.001043756486155942,-0.002796465308078894,0.0014380077482180897,0.0
3,0.0,118,forward,4.430621775975473,0.0,0.0,0.0,0.0,0.0,0.0,4.047286765919445e-06,-1.4056012312318964,0.00093565201661989,-0.002806364088582637,0.001321086040054431,0.0
3,0.0,119,forward,4.44421685103025,0.0,0.0,0.0,0.0,0.0,0.0,4.048062554536656e-06,-1.4249912670158078,0.00082673936845005,-0.0028151775929492477,0.0012084768965671122,0.0
3,0.0,120,forward,4.457474040592552,0.0,0.0,0.0,0.0,0.0,0.0,4.048657763616215e-06,-1.4444557019756492,0.0007170589614888847,-0.002822897940107844,0.0011004186227894647,0.0
3,0.0,121,forward,4.470393095756454,0.0,0.0,0.0,0.0,0.0,0.0,4.049095293111437e-06,-1.4639956385163895,0.0006066516852784727,-0.0028295176556059243,0.0009971449342261463,0.0
3,0.0,122,forward,4.482973893536107,0.0,0.0,0.0,0.0,0.0,0.0,4.049398581534783e-06,-1.4836120770734045,0.0004955588845517238,-0.0028350296762344883,0.0008988844692965209,0.0
3,0.0,123,forward,4.495216434175479,0.0,0.0,0.0,0.0,0.0,0.0,4.049591573035629e-06,-1.5033059121006545,0.0003838223444830383,-0.002839427354507131,0.0008058603113459684,0.0
3,0.0,124,forward,4.507120838403759,0.0,0.0,0.0,0.0,0.0,0.0,4.049698683402337e-06,-1.5230779280844482,0.00027148427570324046,-0.0028427044629901897,0.0007182895208184548,0.0
3,0.0,125,forward,4.518687344635484,0.0,0.0,0.0,0.0,0.0,0.0,4.0497447650357075e-06,-1.5429287956010889,0.00015858729908397286,-0.002844855198481999,0.0006363826781821263,0.0
3,0.0,126,forward,4.529916306114614,0.0,0.0,0.0,0.0,0.0,0.0,4.049755070941433e-06,-1.5628590674380445,4.517443029672039e-05,-0.002845874186038829,0.0005603434381942218,0.0
3,0.0,127,forward,4.540808188001999,0.0,0.0,0.0,0.0,0.0,0.0,4.049755217791263e-06,-1.5828691747996257,-6.871093584837844e-05,-0.0028457564828451927,0.0004903680960859011,0.0
3,0.0,128,forward,4.5513635644058095,0.0,0.0,0.0,0.0,0.0,0.0,4.049771148105415e-06,-1.6029594236193518,-0.00018302504127834087,-0.0028444975819265747,0.00042664516624058013,0.0
3,0.0,129,forward,4.561583115354749,0.0,0.0,0.0,0.0,0.0,0.0,4.0498290916091305e-06,-1.6231299910024226,-0.00029772378074246266,-0.0028420934157021853,0.0003693549739314933,0.0
3,0.0,130,forward,4.571467623714025,0.0,0.0,0.0,0.0,0.0,0.0,4.049955525819734e-06,-1.6433809218227362,-0.0004127627181009803,-0.0028385403593759848,0.0003186692606740385,0.0
3,0.0,131,forward,4.581017972044245,0.0,0.0,0.0,0.0,0.0,0.0,4.050177135920262e-06,-1.663712125499909,-0.0005280971028116846,-0.002833835234163602,0.00027475080373870475,0.0
3,0.0,132,forward,4.590235139403616,0.0,0.0,0.0,0.0,0.0,0.0,4.05052077397954e-06,-1.6841233729825353,-0.0006436818866085815,-0.0028279753103535835,0.0002377530503582942,0.0
3,0.0,133,forward,4.599120198093998,0.0,0.0,0.0,0.0,0.0,0.0,4.051013417577998e-06,-1.7046142939646227,-0.0007594717403667327,-0.002820958310200753,0.00020781976715044705,0.0
3,0.0,134,forward,4.60767431035158,0.0,0.0,0.0,0.0,0.0,0.0,4.0516821279017925e-06,-1.7251843743626092,-0.0008754210711472522,-0.002812782410650139,0.00018508470526264155,0.0
3,0.0,135,forward,4.615898724983127,0.0,0.0,0.0,0.0,0.0,0.0,4.052554007367281e-06,-1.745832954080659,-0.0009914840394163332,-0.0028034462458893556,0.0001696712817318832,0.0
3,0.0,136,forward,4.623794773948955,0.0,0.0,0.0,0.0,0.0,0.0,4.053656156841368e-06,-1.7665592250919804,-0.001107614576432122,-0.0027929489097281404,0.00016169227753524181,0.0
3,0.0,137,forward,4.631363868893982,0.0,0.0,0.0,0.0,0.0,0.0,4.055015632522024e-06,-1.7873622298637462,-0.0012237664017931214,-0.002781289957803,0.00016124955279039844,0.0
3,0.0,138,forward,4.63860749762841,0.0,0.0,0.0,0.0,0.0,0.0,4.056659402546479e-06,-1.808240860152719,-0.0013398930411417532,-0.002768469409605696,0.00016843377954725634,0.0
3,0.0,139,forward,4.645527220559793,0.0,0.0,0.0,0.0,0.0,0.0,4.058614303393989e-06,-1.8291938561979875,-0.001455947844016595,-0.0027544877503338544,0.00018332419259262187,0.0
3,0.0,140,forward,4.652124667078424,0.0,0.0,0.0,0.0,0.0,0.0,4.060906996151839e-06,-1.8502198063361783,-0.0015718840018467256,-0.002739345932562313,0.0002059883586699304,0.0
3,0.0,141,forward,4.658401531898219,0.0,0.0,0.0,0.0,0.0,0.0,4.0635639227137605e-06,-1.8713171470631924,-0.0016876545660815675,-0.002723045377733845,0.00023648196449499448,0.0
3,0.0,142,forward,4.664359571355418,0.0,0.0,0.0,0.0,0.0,0.0,4.066611261980462e-06,-1.8924841635648715,-0.0018032124664494403,-0.002705587977467877,0.00027484862392688353,0.0
3,0.0,143,forward,4.670000599667674,0.0,0.0,0.0,0.0,0.0,0.0,4.070074886132845e-06,-1.9137189907370564,-0.0019185105293380996,-0.0026869760946860205,0.0003211197046302655,0.0
3,0.0,144,forward,4.675326485156256,0.0,0.0,0.0,0.0,0.0,0.0,4.073980317048491e-06,-1.9350196147132244,-0.0020335014962903036,-0.002667212564553143,0.000375314174541886,0.0
3,0.0,145,forward,4.680339146434323,0.0,0.0,0.0,0.0,0.0,0.0,4.0783526829328025e-06,-1.9563838749153186,-0.002148138042607535,-0.002646300695232928,0.0004374384684294949,0.0
3,0.0,146,forward,4.685040548564392,0.0,0.0,0.0,0.0,0.0,0.0,4.083216675236218e-06,-1.9778094666404866,-0.0022623727960547576,-0.0026242442684569042,0.0005074863748062292,0.0
3,0.0,147,forward,4.689432699188321,0.0,0.0,0.0,0.0,0.0,0.0,4.088596505928615e-06,-1.99929394419334,-0.002376158355659235,-0.0026010475399057963,0.0005854389434375787,0.0
3,0.0,148,forward,4.693517644633344,0.0,0.0,0.0,0.0,0.0,0.0,4.09451586520323e-06,-2.020834724569816,-0.0024894473105961054,-0.0025767152394026234,0.0006712644136513124,0.0
3,0.0,149,forward,4.697297465997837,0.0,0.0,0.0,0.0,0.0,0.0,4.100997879680477e-06,-2.042429091695215,-0.0026021922591536726,-0.002551252570916301,0.0007649181636336377,0.0
3,0.0,150,forward,4.700774275220716,0.0,0.0,0.0,0.0,0.0,0.0,4.108065071183716e-06,-2.0640742012149516,-0.0027143458277709112,-0.002524665212375356,0.0008663426808666608,0.0
3,0.0,151,forward,4.703950211138521,0.0,0.0,0.0,0.0,0.0,0.0,4.115739316157102e-06,-2.0857670858326984,-0.0028258606901400717,-0.0024969593152907627,0.0009754675538338475,0.0
3,0.0,152,forward,4.706827435534439,0.0,0.0,0.0,0.0,0.0,0.0,4.124041805796609e-06,-2.1075046611862738,-0.002936689586366802,-0.002468141504187609,0.0010922094850915054,0.0
3,0.0,153,forward,4.709408129183664,0.0,0.0,0.0,0.0,0.0,0.0,4.132993006963092e-06,-2.129283732247556,-0.00304678534218043,-0.002438218875844681,0.0012164723257738763,0.0
3,0.0,154,forward,4.711694487899679,0.0,0.0,0.0,0.0,0.0,0.0,4.142612623947433e-06,-2.1511010002283104,-0.0031561008881869465,-0.0024071989983418603,0.001348147131570998,0.0
3,0.0,155,forward,4.713688718586205,0.0,0.0,0.0,0.0,0.0,0.0,4.15291956115524e-06,-2.172953069969638,-0.0032645892791569775,-0.0023750899099146826,0.0014871122401864945,0.0
3,0.0,156,forward,4.715393035299689,0.0,0.0,0.0,0.0,0.0,0.0,4.163931886778964e-06,-2.1948364577885817,-0.0033722037133413593,-0.002341900117615894,0.00163323337025309,0.0
3,0.0,157,forward,4.716809655327389,0.0,0.0,0.0,0.0,0.0,0.0,4.175666797523466e-06,-2.21674759975138,-0.0034788975518065504,-0.0023076385957837013,0.0017863637416523914,0.0
3,0.0,158,forward,4.717940795286233,0.0,0.0,0.0,0.0,0.0,0.0,4.188140584450217e-06,-2.2386828603390176,-0.003584624337782221,-0.0022723147843165714,0.0019463442171539225,0.0
3,0.0,159,forward,4.71878866724776,0.0,0.0,0.0,0.0,0.0,0.0,4.201368600004053e-06,-2.2606385414671317,-0.003689337816013404,-0.002235938586754496,0.0021130034652576124,0.0
3,0.0,160,forward,4.719355474894591,0.0,0.0,0.0,0.0,0.0,0.0,4.215365226284849e-06,-2.2826108918189836,-0.0037929919521092832,-0.002198520368166736,0.002286158144092054,0.0
3,0.0,161,forward,4.719643409713983,0.0,0.0,0.0,0.0,0.0,0.0,4.230143844625286e-06,-2.3045961164473243,-0.003895540951881178,-0.00216007095284607,0.002465613106189646,0.0
3,0.0,162,forward,4.719654647234131,0.0,0.0,0.0,0.0,0.0,0.0,4.2457168065337706e-06,-2.326590386598274,-0.003996939280661448,-0.0021206016218097636,0.002651161623928311,0.0
3,0.0,163,forward,4.719391343308991,0.0,0.0,0.0,0.0,0.0,0.0,4.262095406060395e-06,-2.348589849708342,-0.004097141682595993,-0.002080124110107388,0.0028425856353966883,0.0
3,0.0,164,forward,4.718855630457465,0.0,0.0,0.0,0.0,0.0,0.0,4.2792898536417945e-06,-2.370590639523888,-0.004196103199902217,-0.002038650603935922,0.0030396560104098413,0.0
3,0.0,165,forward,4.718049614262898,0.0,0.0,0.0,0.0,0.0,0.0,4.297309251478522e-06,-2.3925888862911973,-0.004293779192084583,-0.001996193737562411,0.0032421328363710367,0.0
3,0.0,166,forward,4.7169753698388694,0.0,0.0,0.0,0.0,0.0,0.0,4.316161570497085e-06,-2.4145807269646555,-0.004390125355100112,-0.0019527665900546667,0.003449765723641529,0.0
3,0.0,167,forward,4.715634938367358,0.0,0.0,0.0,0.0,0.0,0.0,4.335853628946303e-06,-2.4365623153802516,-0.004485097740465659,-0.001908382681820649,0.003662294130053201,0.0
3,0.0,168,forward,4.7140303237153764,0.0,0.0,0.0,0.0,0.0,0.0,4.356391072675445e-06,-2.458529832342104,-0.004578652774299371,-0.0018630559709569702,0.003879447704164374,0.0
3,0.0,169,forward,4.712163489136217,0.0,0.0,0.0,0.0,0.0,0.0,4.377778357139359e-06,-2.4804794955704197,-0.004670747276288121,-0.0018168008494073922,0.004100946646832249,0.0
3,0.0,170,forward,4.710036354061474,0.0,0.0,0.0,0.0,0.0,0.0,4.400018731173446e-06,-2.5024075694607677,-0.004761338478573262,-0.0017696321389320086,0.00432650209064156,0.0
3,0.0,171,forward,4.707650790990018,0.0,0.0,0.0,0.0,0.0,0.0,4.423114222578694e-06,-2.524310374606337,-0.004850384044546721,-0.0017215650868879636,0.0045558164967037795,0.0
3,0.0,172,forward,4.705008622480096,0.0,0.0,0.0,0.0,0.0,0.0,4.447065625554477e-06,-2.5461842970371165,-0.0049378420875494594,-0.0016726153618227097,0.004788584068306956,0.0
3,0.0,173,forward,4.702111618250713,0.0,0.0,0.0,0.0,0.0,0.0,4.47187249001408e-06,-2.5680257971327043,-0.0050236711894645495,-0.0016227990488806925,0.005024491180874335,0.0
3,0.0,174,forward,4.698961492398429,0.0,0.0,0.0,0.0,0.0,0.0,4.497533112815542e-06,-2.5898314181684494,-0.0051078304191969634,-0.0015721326450247322,0.005263216827653294,0.0
3,0.0,175,forward,4.695559900735665,0.0,0.0,0.0,0.0,0.0,0.0,4.524044530936764e-06,-2.611597794458085,-0.005190279351031995,-0.0015206330540731442,0.005504433080537829,0.0
3,0.0,176,forward,4.691908438256558,0.0,0.0,0.0,0.0,0.0,0.0,4.551402516622084e-06,-2.6333216590597313,-0.005270978082864934,-0.001468317581553868,0.005747805565392783,0.0
3,0.0,177,forward,4.688008636736338,0.0,0.0,0.0,0.0,0.0,0.0,4.579601574523356e-06,-2.6549998510159605,-0.005349887254293647,-0.001415203929376951,0.0059929939512288755,0.0
3,0.0,178,forward,4.6838619624701305,0.0,0.0,0.0,0.0,0.0,0.0,4.608634940856635e-06,-2.676629322102754,-0.005426968064566593,-0.0013613101903268857,0.006239652452545541,0.0
3,0.0,179,forward,4.67946981415698,0.0,0.0,0.0,0.0,0.0,0.0,4.638494584591586e-06,-2.6982071430664467,-0.005502182290378411,-0.0013066548423760224,0.006487430344141898,0.0
3,0.0,180,forward,4.674833520934816,0.0,0.0,0.0,0.0,0.0,0.0,4.669171210688645e-06,-2.7197305093318316,-0.005575492303505431,-0.0012512567428209882,0.006735972487662889,0.0
3,0.0,181,forward,4.669954340571935,0.0,0.0,0.0,0.0,0.0,0.0,4.700654265394244e-06,-2.7411967461690305,-0.005646861088273018,-0.0011951351222434447,0.006984919869134187,0.0
3,0.0,182,forward,4.664833457820481,0.0,0.0,0.0,0.0,0.0,0.0,4.732931943603219e-06,-2.7626033133109025,-0.005716252258847748,-0.001138309578297017,0.00723391014671082,0.0
3,0.0,183,forward,4.65947198293723,0.0,0.0,0.0,0.0,0.0,0.0,4.765991198292313e-06,-2.7839478090167833,-0.005783630076346081,-0.0010808000693222789,0.007482578207846813,0.0
3,0.0,184,forward,4.6538709503768745,0.0,0.0,0.0,0.0,0.0,0.0,4.79981775202648e-06,-2.8052279735825167,-0.0058489594657522926,-0.0010226269077914468,0.00773055673507228,0.0
3,0.0,185,forward,4.648031317662819,0.0,0.0,0.0,0.0,0.0,0.0,4.834396110536798e-06,-2.82644169230037,-0.005912206032638354,-0.0009638107535849695,0.007977476779543968,0.0
3,0.0,186,forward,4.641953964440335,0.0,0.0,0.0,0.0,0.0,0.0,4.869709578363501e-06,-2.8475869978761037,-0.005973336079677511,-0.0009043726071018503,0.008222968341523362,0.0
3,0.0,187,forward,4.635639691716753,0.0,0.0,0.0,0.0,0.0,0.0,4.905740276557115e-06,-2.868662072313812,-0.006032316622945074,-0.0008443338022059017,0.008466660956906402,0.0
3,0.0,188,forward,4.629089221293178,0.0,0.0,0.0,0.0,0.0,0.0,4.942469162424522e-06,-2.889665248282172,-0.006089115407998205,-0.0007837159990100457,0.008708184288935161,0.0
3,0.0,189,forward,4.622303195392005,0.0,0.0,0.0,0.0,0.0,0.0,4.979876051305422e-06,-2.910595009978567,-0.006143700925727865,-0.0007225411765009651,0.008947168724179111,0.0
3,0.0,190,forward,4.61528217648435,0.0,0.0,0.0,0.0,0.0,0.0,5.017939640360212e-06,-2.931449993510034,-0.006196042427975474,-0.0006608316250063391,0.009183245971890575,0.0
3,0.0,191,forward,4.608026647321252,0.0,0.0,0.0,0.0,0.0,0.0,5.056637534347226e-06,-2.952228986812119,-0.0062461099429070585,-0.0005986099385071158,0.009416049665800008,0.0
3,0.0,192,forward,4.60053701117233,0.0,0.0,0.0,0.0,0.0,0.0,5.095946273364376e-06,-2.9729309291286086,-0.006293874290138051,-0.0005358990067972914,0.0096452159674274,0.0
3,0.0,193,forward,4.592813592275347,0.0,0.0,0.0,0.0,0.0,0.0,5.135841362525206e-06,-2.993554910076636,-0.006339307095600947,-0.00047272200749363084,0.009870384169961,0.0
3,0.0,194,forward,4.584856636499899,0.0,0.0,0.0,0.0,0.0,0.0,5.17629730353898e-06,-3.014100168322872,-0.006382380806149884,-0.00040910239789809967,0.010091197301758337,0.0
3,0.0,195,forward,4.576666312228258,0.0,0.0,0.0,0.0,0.0,0.0,5.21728762815754e-06,-3.0345660898974804,-0.006423068703894149,-0.0003450639067154793,0.01030730272850966,0.0
3,0.0,196,forward,4.568242711456122,0.0,0.0,0.0,0.0,0.0,0.0,5.25878493345186e-06,-3.0549522061730956,-0.006461344920254763,-0.00028063052562908505,0.010518352753102977,0.0
3,0.0,197,forward,4.559585851115864,0.0,0.0,0.0,0.0,0.0,0.0,5.300760918874972e-06,-3.0752581915364994,-0.006497184449736599,-0.00021582650073725693,0.01072400521222594,0.0
3,0.0,198,forward,4.550695674624586,0.0,0.0,0.0,0.0,0.0,0.0,5.343186425066815e-06,-3.0954838607807322,-0.006530563163409797,-0.0001506763238536208,0.01092392406873599,0.0
3,0.0,199,forward,4.541572053659102,0.0,0.0,0.0,0.0,0.0,0.0,5.386031474352653e-06,-3.1156291662452977,-0.006561457822093935,-8.520472367392567e-05,0.011117779998826238,0.0
3,0.0,200,forward,4.532214790159764,0.0,0.0,0.0,0.0,0.0,0.0,5.429265312883166e-06,-3.135694194731701,-0.006589846089238177,-1.943665681261066e-05,0.011305250973028036,0.0
4,0.0,1,forward,0.4567078685997317,0.0,0.0,0.0,0.0,0.0,0.0,4.2822085121853585e-07,0.49493609808743116,0.001628652420788704,0.00043956189522623325,0.5854651361333018,0.0
4,0.0,2,forward,0.8089036038115407,0.0,0.0,0.0,0.0,0.0,0.0,4.3091212703067654e-07,0.47328750971569133,0.0016524680161682655,0.0004231534121029845,0.3323425949189931,0.0
4,0.0,3,forward,1.0823972961964259,0.0,0.0,0.0,0.0,0.0,0.0,4.3368115414531576e-07,0.4516894577885576,0.0016757166343156426,0.00040650956658807273,0.1907666632645059,0.0
4,0.0,4,forward,1.296374567483387,0.0,0.0,0.0,0.0,0.0,0.0,4.3652710691467365e-07,0.43014479554011553,0.0016983866843876298,0.00038963608741386836,0.11185910252831224,0.0
4,0.0,5,forward,1.46515408516921,0.0,0.0,0.0,0.0,0.0,0.0,4.3944904149710055e-07,0.40865624828432595,0.001720466761022218,0.00037253881831396043,0.06819925484008936,0.0
4,0.0,6,forward,1.5994682752618137,0.0,0.0,0.0,0.0,0.0,0.0,4.424458964724501e-07,0.38722640858529367,0.0017419456496535655,0.000355223716141424,0.04434344883735045,0.0
4,0.0,7,forward,1.7073981311621556,0.0,0.0,0.0,0.0,0.0,0.0,4.455164936515276e-07,0.3658577319800729,0.0017628123317718696,0.000337696848934253,0.031567312422626614,0.0
4,0.0,8,forward,1.7950569760157091,0.0,0.0,0.0,0.0,0.0,0.0,4.4865953907971746e-07,0.34455253325559887,0.0017830559901255603,0.0003199643939284011,0.024934286363628225,0.0
4,0.0,9,forward,1.8670918856827265,0.0,0.0,0.0,0.0,0.0,0.0,4.5187362423494465e-07,0.3233129832775941,0.0018026660138638492,0.00030203263551916234,0.021652277756160104,0.0
4,0.0,10,forward,1.9270525169194503,0.0,0.0,0.0,0.0,0.0,0.0,4.5515722741939286e-07,0.30214110636550345,0.0018216320036169543,0.00028390796317137595,0.020147510405018665,0.0
4,0.0,11,forward,1.9776633495165574,0.0,0.0,0.0,0.0,0.0,0.0,4.585087153444948e-07,0.2810387782041367,0.0018399437765120807,0.0002655968692791746,0.019539913135208087,0.0
4,0.0,12,forward,2.021025413933622,0.0,0.0,0.0,0.0,0.0,0.0,4.6192634490805477e-07,0.26000772427948105,0.0018575913711226142,0.00024710594697586156,0.01934457893628938,0.0
4,0.0,13,forward,2.0587663953524036,0.0,0.0,0.0,0.0,0.0,0.0,4.654082651622715e-07,0.23904951882332628,0.0018745650523483983,0.00022844188789467731,0.01930120974418073,0.0
4,0.0,14,forward,2.0921528207152975,0.0,0.0,0.0,0.0,0.0,0.0,4.689525194709913e-07,0.2181655842486099,0.0018908553162248246,0.0002096114798810743,0.01927640342387693,0.0
4,0.0,15,forward,2.122174293394304,0.0,0.0,0.0,0.0,0.0,0.0,4.725570478543033e-07,0.197357191055223,0.0019064528946586073,0.00019062160465727933,0.019207602351622,0.0
4,0.0,16,forward,2.149607038388304,0.0,0.0,0.0,0.0,0.0,0.0,4.7621968951812015e-07,0.1766254581839812,0.0019213487600878711,0.00017147923543985383,0.0190709719901499,0.0
4,0.0,17,forward,2.1750620681687782,0.0,0.0,0.0,0.0,0.0,0.0,4.799381855662843e-07,0.15597135379484015,0.0019355341300646078,0.00015219143451106548,0.018863070346189004,0.0
4,0.0,18,forward,2.1990218653748452,0.0,0.0,0.0,0.0,0.0,0.0,4.837101818921857e-07,0.13539569644398744,0.001949000471757133,0.00013276535074475615,0.018590480801899956,0.0
4,0.0,19,forward,2.2218684523275627,0.0,0.0,0.0,0.0,0.0,0.0,4.875332322468307e-07,0.11489915663362803,0.0019617395063706547,0.00011320821708768297,0.018264043595424273,0.0
4,0.0,20,forward,2.2439049702579066,0.0,0.0,0.0,0.0,0.0,0.0,4.914048014796559e-07,0.0944822587072325,0.001973743213483516,9.352734799698491e-05,0.017895735938127377,0.0
4,0.0,21,forward,2.265372345396494,0.0,0.0,0.0,0.0,0.0,0.0,4.953222689485254e-07,0.0741453830628018,0.0019850038352975147,7.373013683475636e-05,0.01749706775312293,0.0
4,0.0,22,forward,2.286462218864173,0.0,0.0,0.0,0.0,0.0,0.0,4.992829320945224e-07,0.05388876865637715,0.0019955138807997226,5.3824053220541755e-05,0.01707833410795001,0.0
4,0.0,23,forward,2.3073270226088956,0.0,0.0,0.0,0.0,0.0,0.0,5.032840101773059e-07,0.0337125157680617,0.0020052661298341668,3.381664034264078e-05,0.016648341638362818,0.0
4,0.0,24,forward,2.3280878657021553,0.0,0.0,0.0,0.0,0.0,0.0,5.07322648166277e-07,0.013616589003160049,0.0020142536370812776,1.3715512229169753e-05,0.016214387688572862,0.0
4,0.0,25,forward,2.34884073343269,0.0,0.0,0.0,0.0,0.0,0.0,5.113959207824877e-07,-0.006399179498555539,0.0020224697359430143,-6.471649020215257e-06,0.01578236538738409,0.0
4,0.0,26,forward,2.369661380863335,0.0,0.0,0.0,0.0,0.0,0.0,5.155008366861023e-07,-0.026335086671750996,0.002029908042331906,-2.673709604096575e-05,0.015356923177455517,0.0
4,0.0,27,forward,2.390609212013083,0.0,0.0,0.0,0.0,0.0,0.0,5.19634342803799e-07,-0.046191554978127373,0.002036562458362007,-4.707301904771471e-05,0.01494163958141792,0.0
4,0.0,28,forward,2.4117303677085933,0.0,0.0,0.0,0.0,0.0,0.0,5.237933287902763e-07,-0.06596912872720598,0.0020424271759398667,-6.747154871474156e-05,0.01453919269256676,0.0
4,0.0,29,forward,2.433060193660669,0.0,0.0,0.0,0.0,0.0,0.0,5.279746316178628e-07,-0.08566847028879983,0.0020474966802538565,-8.7924759091855e-05,0.01415151459084596,0.0
4,0.0,30,forward,2.454625221239165,0.0,0.0,0.0,0.0,0.0,0.0,5.321750402876979e-07,-0.10529035621947849,0.002051765753159671,-0.00010842467055466582,0.013779926897211303,0.0
4,0.0,31,forward,2.4764447636339395,0.0,0.0,0.0,0.0,0.0,0.0,5.363913006562266e-07,-0.124835673324024,0.0020552294764608907,-0.000128963252788176,0.013425256939513242,0.0
4,0.0,32,forward,2.498532207298664,0.0,0.0,0.0,0.0,0.0,0.0,5.406201203696832e-07,-0.14430541467170493,0.0020578832350818884,-0.00014953242780266394,0.013087935665791584,0.0
4,0.0,33,forward,2.520896061068721,0.0,0.0,0.0,0.0,0.0,0.0,5.448581739000269e-07,-0.1637006755856646,0.0020597227201324124,-0.0001701240729807298,0.012768079190640047,0.0
4,0.0,34,forward,2.5435408118481995,0.0,0.0,0.0,0.0,0.0,0.0,5.491021076747663e-07,-0.1830226496225496,0.002060743931861592,-0.00019073002415448927,0.01246555610124267,0.0
4,0.0,35,forward,2.5664676253182215,0.0,0.0,0.0,0.0,0.0,0.0,5.533485452931284e-07,-0.20227262455792475,0.0020609431824996642,-0.00021134207871169235,0.012180042618980425,0.0
4,0.0,36,forward,2.589674922010254,0.0,0.0,0.0,0.0,0.0,0.0,5.57594092821143e-07,-0.22145197839179598,0.002060317098986291,-0.00023195199872974584,0.011911067547750509,0.0
4,0.0,37,forward,2.61315885277046,0.0,0.0,0.0,0.0,0.0,0.0,5.618353441575282e-07,-0.24056217538708252,0.002058862625583483,-0.0002525515141364142,0.011658048719660918,0.0
4,0.0,38,forward,2.636913692702638,0.0,0.0,0.0,0.0,0.0,0.0,5.660688864624665e-07,-0.25960476215261197,0.0020565770263718604,-0.0002731323258960972,0.01142032241581259,0.0
4,0.0,39,forward,2.6609321688043663,0.0,0.0,0.0,0.0,0.0,0.0,5.702913056410277e-07,-0.2785813637808169,0.0020534578876287572,-0.00029368610922046045,0.011197167017080845,0.0
4,0.0,40,forward,2.685205733464116,0.0,0.0,0.0,0.0,0.0,0.0,5.744991918727585e-07,-0.2974936800491343,0.0020495031200865117,-0.0003142045168022558,0.010987821937830988,0.0
4,0.0,41,forward,2.7097247935828435,0.0,0.0,0.0,0.0,0.0,0.0,5.786891451792201e-07,-0.31634348169278287,0.002044710961070111,-0.0003346791820711534,0.01079150271832563,0.0
4,0.0,42,forward,2.73447890318053,0.0,0.0,0.0,0.0,0.0,0.0,5.82857781020369e-07,-0.3351326067554977,0.002039079976511989,-0.00035510172247029114,0.01060741299939938,0.0
4,0.0,43,forward,2.759456925837517,0.0,0.0,0.0,0.0,0.0,0.0,5.870017359115581e-07,-0.35386295702359966,0.002032609062843659,-0.00037546374275240904,0.010434753974218891,0.0
4,0.0,44,forward,2.7846471721177046,0.0,0.0,0.0,0.0,0.0,0.0,5.911176730518481e-07,-0.3725364945477762,0.0020252974487621066,-0.000395756838294235,0.01027273180411492,0.0
4,0.0,45,forward,2.810037516160343,0.0,0.0,0.0,0.0,0.0,0.0,5.952022879549675e-07,-0.3911552382559105,0.002017144696870241,-0.0004159725984279402,0.010120563395868865,0.0
4,0.0,46,forward,2.8356154948580534,0.0,0.0,0.0,0.0,0.0,0.0,5.992523140737422e-07,-0.4097212606593387,0.0020081507051899834,-0.0004361026097883447,0.009977480863821997,0.0
4,0.0,47,forward,2.8613683924210878,0.0,0.0,0.0,0.0,0.0,0.0,6.032645284090287e-07,-0.42823668465403114,0.001998315708547083,-0.00045613845967462375,0.009842734939266573,0.0
4,0.0,48,forward,2.887283312630268,0.0,0.0,0.0,0.0,0.0,0.0,6.072357570938353e-07,-0.4467036804174162,0.0019876402798262517,-0.0004760717394252124,0.009715597539693754,0.0
4,0.0,49,forward,2.91334724067913,0.0,0.0,0.0,0.0,0.0,0.0,6.111628809437314e-07,-0.4651244624006664,0.0019761253310961115,-0.0004958940478046197,0.009595363669663182,0.0
4,0.0,50,forward,2.9395470961800227,0.0,0.0,0.0,0.0,0.0,0.0,6.150428409640694e-07,-0.48350128641572143,0.0019637721146024277,-0.0005155969944008243,0.00948135279180784,0.0
4,0.0,51,forward,2.965869778644153,0.0,0.0,0.0,0.0,0.0,0.0,6.188726438050366e-07,-0.5018364468155229,0.0019505822236291009,-0.000535172203031952,0.009372909779416627,0.0
4,0.0,52,forward,2.9923022065295837,0.0,0.0,0.0,0.0,0.0,0.0,6.226493671552766e-07,-0.5201322737654053,0.0019365575932258977,-0.000554611315160896,0.009269405540042963,0.0
4,0.0,53,forward,3.0188313507745304,0.0,0.0,0.0,0.0,0.0,0.0,6.263701650648731e-07,-0.5383911306030454,0.0019217005008019888,-0.0005739059933165417,0.009170237381768032,0.0
4,0.0,54,forward,3.045444263588193,0.0,0.0,0.0,0.0,0.0,0.0,6.300322731887072e-07,-0.5566154112837922,0.0019060135665847774,-0.0005930479245202586,0.009074829179292587,0.0
4,0.0,55,forward,3.072128103151848,0.0,0.0,0.0,0.0,0.0,0.0,6.336330139410211e-07,-0.5748075379078347,0.0018894997539430846,-0.0006120288237162996,0.008982631385370476,0.0
4,0.0,56,forward,3.098870154784059,0.0,0.0,0.0,0.0,0.0,0.0,6.371698015521954e-07,-0.5929699583252219,0.001872162369574014,-0.000630840437204752,0.00889312092366612,0.0
4,0.0,57,forward,3.125657849041809,0.0,0.0,0.0,0.0,0.0,0.0,6.40640147018916e-07,-0.61110514381433,0.0018540050635530438,-0.0006494745460756752,0.008805800991525281,0.0
4,0.0,58,forward,3.1524787771609817,0.0,0.0,0.0,0.0,0.0,0.0,6.44041662938872e-07,-0.6292155868290992,0.0018350318292466863,-0.0006679229696430492,0.008720200795045208,0.0
4,0.0,59,forward,3.179320704182411,0.0,0.0,0.0,0.0,0.0,0.0,6.473720682211974e-07,-0.6473037988101089,0.0018152470030869813,-0.0006861775688771604,0.008635875233915846,0.0
4,0.0,60,forward,3.206171580061677,0.0,0.0,0.0,0.0,0.0,0.0,6.506291926643597e-07,-0.6653723080540936,0.0017946552642079396,-0.0007042302498340426,0.00855240454957662,0.0
4,0.0,61,forward,3.2330195490202733,0.0,0.0,0.0,0.0,0.0,0.0,6.538109813927008e-07,-0.6834236576366219,0.0017732616339427231,-0.00072207296708058,0.008469393947096227,0.0
4,0.0,62,forward,3.2598529573614967,0.0,0.0,0.0,0.0,0.0,0.0,6.56915499143762e-07,-0.7014604033820551,0.0017510714751820327,-0.0007396977271138984,0.008386473198666256,0.0
4,0.0,63,forward,3.2866603599451705,0.0,0.0,0.0,0.0,0.0,0.0,6.599409343979823e-07,-0.7194851118750959,0.0017280904915927336,-0.0007570965917736255,0.008303296234618784,0.0
4,0.0,64,forward,3.31343052549045,0.0,0.0,0.0,0.0,0.0,0.0,6.628856033430793e-07,-0.7375003585078327,0.0017043247266968974,-0.0007742616816456446,0.008219540726297825,0.0
4,0.0,65,forward,3.3401524408545598,0.0,0.0,0.0,0.0,0.0,0.0,6.657479536653158e-07,-0.7555087255562336,0.0016797805628108247,-0.0007911851794559491,0.008134907663869373,0.0
4,0.0,66,forward,3.3668153144169497,0.0,0.0,0.0,0.0,0.0,0.0,6.685265681602464e-07,-0.7735128002797839,0.001654464719844158,-0.0008078593334531612,0.008049120931187037,0.0
4,0.0,67,forward,3.393408578682478,0.0,0.0,0.0,0.0,0.0,0.0,6.712201681555819e-07,-0.791515173038108,0.0016283842539586565,-0.0008242764607783562,0.007961926879069603,0.0
4,0.0,68,forward,3.419921892203444,0.0,0.0,0.0,0.0,0.0,0.0,6.738276167393262e-07,-0.8095184354180935,0.001601546556087033,-0.0008404289508207684,0.00787309389776425,0.0
4,0.0,69,forward,3.4463451409083303,0.0,0.0,0.0,0.0,0.0,0.0,6.763479217862291e-07,-0.8275251783652895,0.001573959350311391,-0.0008563092685579733,0.007782411988925819,0.0
4,0.0,70,forward,3.472668438914646,0.0,0.0,0.0,0.0,0.0,0.0,6.787802387763437e-07,-0.8455379903130201,0.0015456306921019516,-0.0008719099578791708,0.007689692337105036,0.0
4,0.0,71,forward,3.498882128894091,0.0,0.0,0.0,0.0,0.0,0.0,6.811238733992039e-07,-0.8635594553029925,0.0015165689664156103,-0.0008872236448901235,0.007594766880508974,0.0
4,0.0,72,forward,3.524976782050232,0.0,0.0,0.0,0.0,0.0,0.0,6.83378283937927e-07,-0.8815921510909606,0.0014867828856549028,-0.0009022430411984116,0.007497487880606335,0.0
4,0.0,73,forward,3.550943197761761,0.0,0.0,0.0,0.0,0.0,0.0,6.855430834275621e-07,-0.899638647231119,0.001456281487487582,-0.0009169609471775428,0.007397727490051742,0.0
4,0.0,74,forward,3.5767724029381758,0.0,0.0,0.0,0.0,0.0,0.0,6.876180415824227e-07,-0.9177015031330642,0.0014250741325270019,-0.0009313702552085982,0.007295377318328744,0.0
4,0.0,75,forward,3.6024556511291395,0.0,0.0,0.0,0.0,0.0,0.0,6.896030864874055e-07,-0.9357832660850958,0.001393170501873771,-0.0009454639528979262,0.0071903479944740445,0.0
4,0.0,76,forward,3.627984421423885,0.0,0.0,0.0,0.0,0.0,0.0,6.91498306048816e-07,-0.9538864692378752,0.0013605805945191495,-0.000959235126269633,0.0070825687262480175,0.0
4,0.0,77,forward,3.6533504171726285,0.0,0.0,0.0,0.0,0.0,0.0,6.933039492002503e-07,-0.9720136295425411,0.001327314724610479,-0.0009726769629313533,0.006971986855130785,0.0
4,0.0,78,forward,3.678545564558073,0.0,0.0,0.0,0.0,0.0,0.0,6.95020426859818e-07,-0.9901672456374526,0.0012933835185795636,-0.0009857827552119914,0.006858567406555549,0.0
4,0.0,79,forward,3.703562011041593,0.0,0.0,0.0,0.0,0.0,0.0,6.966483126350089e-07,-1.0083497956782215,0.0012587979121340411,-0.0009985459032700891,0.006742292634844715,0.0
4,0.0,80,forward,3.7283921237055875,0.0,0.0,0.0,0.0,0.0,0.0,6.981883432721867e-07,-1.026563735105463,0.0012235691471130102,-0.0010109599181713903,0.00662316156236864,0.0
4,0.0,81,forward,3.753028487510695,0.0,0.0,0.0,0.0,0.0,0.0,6.996414188478673e-07,-1.0448114943453668,0.0011877087682072229,-0.0010230184249343125,0.006501189512510219,0.0
4,0.0,82,forward,3.777463903484095,0.0,0.0,0.0,0.0,0.0,0.0,7.010086026993485e-07,-1.0630954764382063,0.0011512286195447324,-0.001034715165541881,0.006376407636093595,0.0
4,0.0,83,forward,3.8016913868528563,0.0,0.0,0.0,0.0,0.0,0.0,7.022911210928348e-07,-1.081418054590382,0.0011141408411428219,-0.0010460440019189109,0.0062488624310040874,0.0
4,0.0,84,forward,3.825704165134315,0.0,0.0,0.0,0.0,0.0,0.0,7.034903626274531e-07,-1.0997815696457682,0.0010764578652272818,-0.0010569989188730178,0.006118615254801618,0.0
4,0.0,85,forward,3.849495676193645,0.0,0.0,0.0,0.0,0.0,0.0,7.046078773738322e-07,-1.1181883274728535,0.0010381924124194463,-0.0010675740269981279,0.005985741830205171,0.0
4,0.0,86,forward,3.8730595662771914,0.0,0.0,0.0,0.0,0.0,0.0,7.056453757467955e-07,-1.1366405962641397,0.0009993574877927502,-0.001077763565539243,0.005850331743397885,0.0
4,0.0,87,forward,3.8963896880286675,0.0,0.0,0.0,0.0,0.0,0.0,7.066047271115498e-07,-1.155140603745228,0.0009599663767991957,-0.001087561905217062,0.005712487935176647,0.0
4,0.0,88,forward,3.919480098494037,0.0,0.0,0.0,0.0,0.0,0.0,7.074879581236958e-07,-1.173690534291223,0.0009200326410672631,-0.001096963551011264,0.00557232618503567,0.0
4,0.0,89,forward,3.9423250571197173,0.0,0.0,0.0,0.0,0.0,0.0,7.082972508034229e-07,-1.192292525948893,0.0008795701140720814,-0.0011059631449011015,0.005429974588341047,0.0
4,0.0,90,forward,3.96491902374772,0.0,0.0,0.0,0.0,0.0,0.0,7.090349403449982e-07,-1.2109486673633878,0.0008385928966795909,-0.0011145554685620571,0.005285573026818757,0.0
4,0.0,91,forward,3.987256656610391,0.0,0.0,0.0,0.0,0.0,0.0,7.09703512662798e-07,-1.2296609946094303,0.0007971153525653253,-0.001122735446017315,0.005139272632629699,0.0
4,0.0,92,forward,4.009332810326599,0.0,0.0,0.0,0.0,0.0,0.0,7.103056016758386e-07,-1.2484314879271772,0.0007551521035097515,-0.001130498146242793,0.004991235246365466,0.0
4,0.0,93,forward,4.0311425339004625,0.0,0.0,0.0,0.0,0.0,0.0,7.108439863329739e-07,-1.2672620683641103,0.0007127180245712074,-0.0011378387857244913,0.004841632869348356,0.0
4,0.0,94,forward,4.052681068723064,0.0,0.0,0.0,0.0,0.0,0.0,7.113215873815251e-07,-1.2861545943250783,0.0006698282391379013,-0.0011447527309669944,0.00469064711065692,0.0
4,0.0,95,forward,4.07394384657701,0.0,0.0,0.0,0.0,0.0,0.0,7.117414638824246e-07,-1.3051108580334294,0.0006264981138606464,-0.0011512355009518501,0.004538468629347592,0.0
4,0.0,96,forward,4.094926487643181,0.0,0.0,0.0,0.0,0.0,0.0,7.121068094754886e-07,-1.3241325819073102,0.000582743253467806,-0.0011572827695447015,0.0043852965723737425,0.0
4,0.0,97,forward,4.115624798508588,0.0,0.0,0.0,0.0,0.0,0.0,7.124209483987053e-07,-1.3432214148562656,0.0005385794954638723,-0.001162890367849931,0.004231338008733099,0.0
4,0.0,98,forward,4.136034770173816,0.0,0.0,0.0,0.0,0.0,0.0,7.126873312661993e-07,-1.3623789285042318,0.0004940229047136411,-0.0011680542865118266,0.004076807360407886,0.0
4,0.0,99,forward,4.1561525760582745,0.0,0.0,0.0,0.0,0.0,0.0,7.129095306093764e-07,-1.3816066133462857,0.0004490897679135173,-0.0011727706779608648,0.0039219258306723015,0.0
4,0.0,100,forward,4.175974570001101,0.0,0.0,0.0,0.0,0.0,0.0,7.130912361867992e-07,-1.400905874847751,0.00040379658795172696,-0.0011770358586042364,0.0037669208303765522,0.0
4,0.0,101,forward,4.195497284255403,0.0,0.0,0.0,0.0,0.0,0.0,7.132362500683236e-07,-1.4202780294954662,0.00035816007815924275,-0.0011808463109593827,0.0036120254028134124,0.0
4,0.0,102,forward,4.214717427473278,0.0,0.0,0.0,0.0,0.0,0.0,7.133484814996804e-07,-1.4397243008122755,0.0003121971564534442,-0.0011841986857295333,0.0034574776477979685,0.0
4,0.0,103,forward,4.233631882678904,0.0,0.0,0.0,0.0,0.0,0.0,7.134319415538635e-07,-1.4592458153473362,0.00026592493937609504,-0.0011870898038200963,0.0033035201455892116,0.0
4,0.0,104,forward,4.252237705226872,0.0,0.0,0.0,0.0,0.0,0.0,7.134907375763083e-07,-1.4788435986558826,0.00021936073602805628,-0.0011895166582949134,0.0031503993812903586,0.0
4,0.0,105,forward,4.270532120742853,0.0,0.0,0.0,0.0,0.0,0.0,7.135290674310844e-07,-1.4985185712838158,0.00017252204190235448,-0.0011914764162713409,0.0029983651703650027,0.0
4,0.0,106,forward,4.28851252304361,0.0,0.0,0.0,0.0,0.0,0.0,7.135512135558315e-07,-1.518271544773648,0.0001254265326178228,-0.0011929664207532104,0.0028476700859053072,0.0
4,0.0,107,forward,4.306176472033352,0.0,0.0,0.0,0.0,0.0,0.0,7.135615368332528e-07,-1.5381032177097167,7.809205755551428e-05,-0.0011939841924005145,0.0026985688882816827,0.0
4,0.0,108,forward,4.323521691573407,0.0,0.0,0.0,0.0,0.0,0.0,7.135644702878006e-07,-1.5580141718220624,3.053663339994476e-05,-0.0011945274312350764,0.002551317957803334,0.0
4,0.0,109,forward,4.340546067322239,0.0,0.0,0.0,0.0,0.0,0.0,7.135645126160979e-07,-1.578004868169612,-1.7221562412673284e-05,-0.0011945940182811166,0.0024061747310060166,0.0
4,0.0,110,forward,4.35724764454283,0.0,0.0,0.0,0.0,0.0,0.0,7.135662215601496e-07,-1.5980756434245211,-6.516419833676666e-05,-0.0011941820171397848,0.0022633971411782916,0.0
4,0.0,111,forward,4.373624625874543,0.0,0.0,0.0,0.0,0.0,0.0,7.135742071329404e-07,-1.618226706280889,-0.00011327279544828124,-0.001193289675496947,0.0021232430637250777,0.0
4,0.0,112,forward,4.389675369066655,0.0,0.0,0.0,0.0,0.0,0.0,7.135931247057468e-07,-1.63845813401193,-0.00016152873426142705,-0.0011919154265630403,0.0019859697669590004,0.0
4,0.0,113,forward,4.405398384670838,0.0,0.0,0.0,0.0,0.0,0.0,7.136276679676129e-07,-1.6587698692009332,-0.00020991326162922086,-0.0011900578904445287,0.0018518333688965494,0.0
4,0.0,114,forward,4.420792333689974,0.0,0.0,0.0,0.0,0.0,0.0,7.136825617668281e-07,-1.679161716672009,-0.0002584074977251862,-0.0011877158754457602,0.0017210883006234245,0.0
4,0.0,115,forward,4.435856025180833,0.0,0.0,0.0,0.0,0.0,0.0,7.13762554845282e-07,-1.6996333406474284,-0.0003069924431038339,-0.0011848883793006938,0.0015939867767841287,0.0
4,0.0,116,forward,4.45058841380826,0.0,0.0,0.0,0.0,0.0,0.0,7.138724124764153e-07,-1.7201842621588315,-0.0003556489858373251,-0.001181574590333648,0.0014707782737344022,0.0
4,0.0,117,forward,4.464988597348694,0.0,0.0,0.0,0.0,0.0,0.0,7.140169090177019e-07,-1.7408138567400335,-0.0004043579087259324,-0.0011777738885482075,0.0013517090158864653,0.0
4,0.0,118,forward,4.4790558141409615,0.0,0.0,0.0,0.0,0.0,0.0,7.142008203891293e-07,-1.7615213524290565,-0.000453099896579429,-0.0011734858466437433,0.0012370214707612404,0.0
4,0.0,119,forward,4.492789440482507,0.0,0.0,0.0,0.0,0.0,0.0,7.144289164890752e-07,-1.7823058281071569,-0.0005018555435670845,-0.0011687102309587488,0.001126953853252552,0.0
4,0.0,120,forward,4.5061889879693595,0.0,0.0,0.0,0.0,0.0,0.0,7.147059535591897e-07,-1.8031662122020022,-0.0005506053606333211,-0.0011634470023402755,0.0010217396395945516,0.0
4,0.0,121,forward,4.519254100778346,0.0,0.0,0.0,0.0,0.0,0.0,7.150366665103216e-07,-1.8241012817816518,-0.0005993297829765301,-0.001157696316938968,0.0009216070915131075,0.0
4,0.0,122,forward,4.531984552890232,0.0,0.0,0.0,0.0,0.0,0.0,7.154257612213101e-07,-1.8451096620649579,-0.0006480091775881662,-0.0011514585269289184,0.000826778791031213,0.0
4,0.0,123,forward,4.544380245252696,0.0,0.0,0.0,0.0,0.0,0.0,7.158779068229866e-07,-1.8661898263727725,-0.0006966238508493776,-0.001144734181151918,0.0007374711863874089,0.0
4,0.0,124,forward,4.556441202882221,0.0,0.0,0.0,0.0,0.0,0.0,7.163977279794556e-07,-1.8873400965428622,-0.0007451540561824317,-0.0011375240256853508,0.0006538941495162626,0.0
4,0.0,125,forward,4.568167571904211,0.0,0.0,0.0,0.0,0.0,0.0,7.169897971792057e-07,-1.908558643829399,-0.0007935800017539446,-0.0011298290043333626,0.00057625054553119,0.0
4,0.0,126,forward,4.579559616530836,0.0,0.0,0.0,0.0,0.0,0.0,7.176586270484805e-07,-1.9298434903058588,-0.0008418818582271726,-0.0011216502590407562,0.0005047358146397091,0.0
4,0.0,127,forward,4.5906177159763395,0.0,0.0,0.0,0.0,0.0,0.0,7.18408662699368e-07,-1.9511925107875714,-0.0008900397665603774,-0.001112989130229083,0.0004395375669131729,0.0
4,0.0,128,forward,4.601342361309747,0.0,0.0,0.0,0.0,0.0,0.0,7.192442741251884e-07,-1.9726034352873947,-0.0009380338458483381,-0.0011038471570544927,0.0003808351903245369,0.0
4,0.0,129,forward,4.611734152245136,0.0,0.0,0.0,0.0,0.0,0.0,7.201697486559117e-07,-1.9940738520148302,-0.0009858442012040324,-0.0010942260775870414,0.00032879947245947894,0.0
4,0.0,130,forward,4.621793793869844,0.0,0.0,0.0,0.0,0.0,0.0,7.21189283486023e-07,-2.015601210925665,-0.0010334509316775548,-0.0010841278289108957,0.000283592236298303,0.0
4,0.0,131,forward,4.63152209331122,0.0,0.0,0.0,0.0,0.0,0.0,7.223069782875795e-07,-2.0371828278254362,-0.001080834138209122,-0.00107355454714524,0.0002453659904583915,0.0
4,0.0,132,forward,4.640919956342731,0.0,0.0,0.0,0.0,0.0,0.0,7.235268279208855e-07,-2.0588158890263837,-0.001127973931613224,-0.0010625085673854273,0.00021426359427917895,0.0
4,0.0,133,forward,4.649988383930472,0.0,0.0,0.0,0.0,0.0,0.0,7.248527152552909e-07,-2.0804974565534597,-0.0011748504405908035,-0.0010509924235640909,0.00019041793812389456,0.0
4,0.0,134,forward,4.658728468721338,0.0,0.0,0.0,0.0,0.0,0.0,7.262884041127463e-07,-2.102224473890772,-0.0012214438197663562,-0.0010390088482321559,0.00017395163926441602,0.0
4,0.0,135,forward,4.667141391474334,0.0,0.0,0.0,0.0,0.0,0.0,7.278375323461047e-07,-2.1239937722558153,-0.001267734257746845,-0.001026560772259204,0.00016497675370752765,0.0
4,0.0,136,forward,4.675228417436722,0.0,0.0,0.0,0.0,0.0,0.0,7.29503605064596e-07,-2.1458020773843867,-0.0013137019851992848,-0.001013651324453198,0.00016359450431246286,0.0
4,0.0,137,forward,4.682990892666936,0.0,0.0,0.0,0.0,0.0,0.0,7.3128998801847e-07,-2.1676460168049294,-0.0013593272829438186,-0.0010002838310993296,0.00016989502554083744,0.0
4,0.0,138,forward,4.690430240306369,0.0,0.0,0.0,0.0,0.0,0.0,7.331999011547388e-07,-2.1895221275768244,-0.001404590490059128,-0.0009864618154178733,0.00018395712517085567,0.0
4,0.0,139,forward,4.69754795680239,0.0,0.0,0.0,0.0,0.0,0.0,7.352364123557368e-07,-2.2114268644630917,-0.0014494720119969543,-0.000972188996940935,0.00020584806329777654,0.0
4,0.0,140,forward,4.7043456080851564,0.0,0.0,0.0,0.0,0.0,0.0,7.374024313719432e-07,-2.2333566085041108,-0.0014939523287025313,-0.0009574692908079289,0.00023562334893232825,0.0
4,0.0,141,forward,4.710824825700947,0.0,0.0,0.0,0.0,0.0,0.0,7.397007039606665e-07,-2.2553076759551045,-0.0015380120027376897,-0.0009423068069800458,0.0002733265544974592,0.0
4,0.0,142,forward,4.716987302905033,0.0,0.0,0.0,0.0,0.0,0.0,7.421338062410841e-07,-2.2772763275472006,-0.0015816316874033931,-0.0009267058493730996,0.0003189891485119688,0.0
4,0.0,143,forward,4.722834790717194,0.0,0.0,0.0,0.0,0.0,0.0,7.447041392772092e-07,-2.2992587780281255,-0.0016247921348584344,-0.0009106709149095776,0.00037263034673684636,0.0
4,0.0,144,forward,4.7283690939433,0.0,0.0,0.0,0.0,0.0,0.0,7.474139238985793e-07,-2.321251205936714,-0.0016674742042310398,-0.0008942066924891649,0.00043425698204641733,0.0
4,0.0,145,forward,4.733592067166478,0.0,0.0,0.0,0.0,0.0,0.0,7.502651957695067e-07,-2.3432497635624223,-0.0017096588697200924,-0.000877318061878487,0.0005038633932718251,0.0
4,0.0,146,forward,4.738505610711626,0.0,0.0,0.0,0.0,0.0,0.0,7.532598007163361e-07,-2.365250587039843,-0.0017513272286826967,-0.0008600100925196704,0.0005814313332489773,0.0
4,0.0,147,forward,4.743111666587207,0.0,0.0,0.0,0.0,0.0,0.0,7.563993903225778e-07,-2.38724980652644,-0.0017924605097047483,-0.000842288042258211,0.0006669298962863612,0.0
4,0.0,148,forward,4.747412214408426,0.0,0.0,0.0,0.0,0.0,0.0,7.596854178010034e-07,-2.409243556411203,-0.0018330400806512717,-0.0008241573559901427,0.0007603154652506827,0.0
4,0.0,149,forward,4.751409267306088,0.0,0.0,0.0,0.0,0.0,0.0,7.631191341517485e-07,-2.431227985501346,-0.0018730474566931654,-0.0008056236642289759,0.0008615316784496285,0.0
4,0.0,150,forward,4.755104867825574,0.0,0.0,0.0,0.0,0.0,0.0,7.667015846145758e-07,-2.4531992671347504,-0.0019124643083070338,-0.000786692781592293,0.0009705094164714073,0.0
4,0.0,151,forward,4.758501083820568,0.0,0.0,0.0,0.0,0.0,0.0,7.704336054236335e-07,-2.47515360916625,-0.0019512724692448762,-0.0007673707052085512,0.001087166809120202,0.0
4,0.0,152,forward,4.761600004346303,0.0,0.0,0.0,0.0,0.0,0.0,7.74315820872269e-07,-2.497087263777184,-0.0019894539444701782,-0.0007476636130444027,0.0012114092625645778,0.0
4,0.0,153,forward,4.764403735557239,0.0,0.0,0.0,0.0,0.0,0.0,7.783486406950698e-07,-2.518996537059538,-0.0020269909180572515,-0.0007275778621527418,0.00134312950679355,0.0
4,0.0,154,forward,4.7669143966142595,0.0,0.0,0.0,0.0,0.0,0.0,7.825322577739339e-07,-2.540877798327904,-0.0020638657610503636,-0.0007071199868420136,0.0014822076634509462,0.0
4,0.0,155,forward,4.7691341156065725,0.0,0.0,0.0,0.0,0.0,0.0,7.868666461743795e-07,-2.562727489115353,-0.002100061039279424,-0.0006862966967670498,0.001628511334094307,0.0
4,0.0,156,forward,4.7710650254936455,0.0,0.0,0.0,0.0,0.0,0.0,7.91351559518037e-07,-2.584542131812084,-0.0021355595211289343,-0.0006651148749420543,0.0017818957088987508,0.0
4,0.0,157,forward,4.772709260072636,0.0,0.0,0.0,0.0,0.0,0.0,7.959865296965226e-07,-2.6063183379091766,-0.0021703441852568184,-0.0006435815756761256,0.0019422036957997268,0.0
4,0.0,158,forward,4.774068949976867,0.0,0.0,0.0,0.0,0.0,0.0,8.007708659314922e-07,-2.628052815813457,-0.0022043982282599285,-0.0006217040224317482,0.002109266070041055,0.0
4,0.0,159,forward,4.77514621871101,0.0,0.0,0.0,0.0,0.0,0.0,8.057036541852898e-07,-2.649742378203089,-0.002237705072282888,-0.0005994896056070212,0.002282901644067137,0.0
4,0.0,160,forward,4.775943178728746,0.0,0.0,0.0,0.0,0.0,0.0,8.107837569258451e-07,-2.671383948897853,-0.0022702483725670253,-0.0005769458802420241,0.002462917457668301,0.0
4,0.0,161,forward,4.7764619275587314,0.0,0.0,0.0,0.0,0.0,0.0,8.160098132490493e-07,-2.69297456922203,-0.0023020120249360562,-0.0005540805636500141,0.0026491089882600405,0.0
4,0.0,162,forward,4.776704543984783,0.0,0.0,0.0,0.0,0.0,0.0,8.213802393613519e-07,-2.7145114038422165,-0.0023329801732154235,-0.0005309015329740507,0.002841260381145627,0.0
4,0.0,163,forward,4.776673084286279,0.0,0.0,0.0,0.0,0.0,0.0,8.268932294246153e-07,-2.735991746066473,-0.0023631372165818444,-0.0005074168226698006,0.003039144699580887,0.0
4,0.0,164,forward,4.776369578544788,0.0,0.0,0.0,0.0,0.0,0.0,8.325467567648619e-07,-2.7574130225956144,-0.002392467816840022,-0.0004836346219151966,0.003242524194430496,0.0
4,0.0,165,forward,4.7757960270230155,0.0,0.0,0.0,0.0,0.0,0.0,8.383385754458028e-07,-2.778772797721516,-0.002420956905623169,-0.0004595632719476828,0.0034511505931711928,0.0
4,0.0,166,forward,4.774954396622175,0.0,0.0,0.0,0.0,0.0,0.0,8.442662222076376e-07,-2.8000687769713672,-0.002448589691514295,-0.0004352112633298142,0.0036647654079670078,0.0
4,0.0,167,forward,4.773846617423909,0.0,0.0,0.0,0.0,0.0,0.0,8.503270187709152e-07,-2.8212988102005165,-0.002475351667084944,-0.0004105872331441503,0.0038831002625099864,0.0
4,0.0,168,forward,4.772474579322901,0.0,0.0,0.0,0.0,0.0,0.0,8.565180745046285e-07,-2.8424608941405385,-0.0025012286158483427,-0.0003856999621179962,0.004105877237285838,0.0
4,0.0,169,forward,4.770840128756316,0.0,0.0,0.0,0.0,0.0,0.0,8.628362894573019e-07,-2.8635531744120577,-0.0025262066191237696,-0.0003605583716792191,0.00433280923289403,0.0
4,0.0,170,forward,4.768945065536198,0.0,0.0,0.0,0.0,0.0,0.0,8.692783577489673e-07,-2.88457394701546,-0.002550272062808973,-0.00033517152094378685,0.00456360035101655,0.0
4,0.0,171,forward,4.766791139790914,0.0,0.0,0.0,0.0,0.0,0.0,8.758407713216525e-07,-2.905521659315294,-0.0025734116440577983,-0.00030954860363600906,0.0047979462926016625,0.0
4,0.0,172,forward,4.764380049021708,0.0,0.0,0.0,0.0,0.0,0.0,8.825198240450991e-07,-2.9263949105365725,-0.002595612377859658,-0.0002836989449425988,0.005035534772793171,0.0
4,0.0,173,forward,4.761713435280383,0.0,0.0,0.0,0.0,0.0,0.0,8.893116161739657e-07,-2.9471924517937738,-0.0026168616035179494,-0.0002576319983013144,0.0052760459521055125,0.0
4,0.0,174,forward,4.7587928824740455,0.0,0.0,0.0,0.0,0.0,0.0,8.962120591523622e-07,-2.967913185674992,-0.002637146991024617,-0.00023135734212534692,0.005519152883313394,0.0
4,0.0,175,forward,4.755619913802815,0.0,0.0,0.0,0.0,0.0,0.0,9.032168807605003e-07,-2.988556165405285,-0.0026564565473274145,-0.0002048846764645951,0.00576452197349564,0.0
4,0.0,176,forward,4.752195989336253,0.0,0.0,0.0,0.0,0.0,0.0,9.103216305982047e-07,-3.009120593614917,-0.0026747786224874466,-0.00017822381960464279,0.006011813460638282,0.0
4,0.0,177,forward,4.748522503734245,0.0,0.0,0.0,0.0,0.0,0.0,9.175216858990175e-07,-3.0296058207387224,-0.002692101915723715,-0.00015138470460482337,0.006260681904176835,0.0
4,0.0,178,forward,4.744600784117889,0.0,0.0,0.0,0.0,0.0,0.0,9.248122576683119e-07,-3.050011343073849,-0.002708415481342,-0.00012437737577639284,0.00651077668882416,0.0
4,0.0,179,forward,4.740432088095884,0.0,0.0,0.0,0.0,0.0,0.0,9.321883971380261e-07,-3.0703368005234783,-0.0027237087345450416,-9.721198510197032e-05,0.006761742541007143,0.0
4,0.0,180,forward,4.736017601951731,0.0,0.0,0.0,0.0,0.0,0.0,9.396450025303656e-07,-3.090581974054266,-0.002737971457121458,-6.989878859746738e-05,0.007013220057199843,0.0
4,0.0,181,forward,4.73135843899696,0.0,0.0,0.0,0.0,0.0,0.0,9.471768261219765e-07,-3.1107467828951374,-0.00275119380301047,-4.24481426177896e-05,0.007264846243423606,0.0
4,0.0,182,forward,4.726455638095418,0.0,0.0,0.0,0.0,0.0,0.0,9.547784815996455e-07,-3.130831281504902,-0.0027633663037396968,-1.487050010745561e-05,0.007516255065150634,0.0
4,0.0,183,forward,4.721310162363498,0.0,0.0,0.0,0.0,0.0,0.0,9.624444516981289e-07,3.1323496508440947,-0.0027744798737334366,1.2823593202477073e-05,0.007767078006825523,0.0
4,0.0,184,forward,4.715922898051035,0.0,0.0,0.0,0.0,0.0,0.0,9.701690961100782e-07,3.1124250847625015,-0.0027845258154887494,4.062350264995123e-05,0.008016944640201085,0.0
4,0.0,185,forward,4.710294653607389,0.0,0.0,0.0,0.0,0.0,0.0,9.779466596574466e-07,3.0925798873891517,-0.0027934958246165977,6.851850854850892e-05,0.008265483200646795,0.0
4,0.0,186,forward,4.704426158937059,0.0,0.0,0.0,0.0,0.0,0.0,9.857712807135238e-07,3.0728134973687404,-0.0028013819947457362,9.649781014366492e-05,0.008512321170589754,0.0
4,0.0,187,forward,4.698318064849007,0.0,0.0,0.0,0.0,0.0,0.0,9.936369998639564e-07,3.0531252358325274,-0.0028081768222866445,0.00012455052961759912,0.008757085869199654,0.0
4,0.0,188,forward,4.691970942703609,0.0,0.0,0.0,0.0,0.0,0.0,1.0015377687948505e-06,3.0335143102823903,-0.00281387321105317,0.0001526657161407992,0.008999405047442455,0.0
4,0.0,189,forward,4.685385284261009,0.0,0.0,0.0,0.0,0.0,0.0,1.0094674593952949e-06,3.013979818536973,-0.002818464476739162,0.0001808323499691775,0.009238907487577386,0.0
4,0.0,190,forward,4.678561501734379,0.0,0.0,0.0,0.0,0.0,0.0,1.0174198730617535e-06,2.9945207527203332,-0.0028219443512482044,0.00020903934658527554,0.009475223606178584,0.0
4,0.0,191,forward,4.671499928051442,0.0,0.0,0.0,0.0,0.0,0.0,1.0253887501906834e-06,2.9751360032749483,-0.002824306986873686,0.00023727556088197144,0.009707986059743767,0.0
4,0.0,192,forward,4.664200817327315,0.0,0.0,0.0,0.0,0.0,0.0,1.0333677798458344e-06,2.955824362982186,-0.0028255469603271914,0.0002655297913872861,0.009936830351926496,0.0
4,0.0,193,forward,4.656664345551583,0.0,0.0,0.0,0.0,0.0,0.0,1.0413506095859755e-06,2.936584530974875,-0.0028256592766128315,0.0002937907845286508,0.010161395441431464,0.0
4,0.0,194,forward,4.648890611492232,0.0,0.0,0.0,0.0,0.0,0.0,1.0493308554386731e-06,2.9174151167278306,-0.0028246393727454776,0.0003220472389352126,0.010381324349599153,0.0
4,0.0,195,forward,4.640879637818897,0.0,0.0,0.0,0.0,0.0,0.0,1.0573021120051852e-06,2.8983146440137193,-0.0028224831213106987,0.0003502878097764902,0.010596264766686847,0.0
4,0.0,196,forward,4.63263137244762,0.0,0.0,0.0,0.0,0.0,0.0,1.0652579626812779e-06,2.879281554812879,-0.0028191868338643057,0.00037850111313584,0.010805869655861278,0.0
4,0.0,197,forward,4.624145690109099,0.0,0.0,0.0,0.0,0.0,0.0,1.0731919899786235e-06,2.8603142131670505,-0.002814747264169686,0.00040667573041713525,0.011009797853900105,0.0
4,0.0,198,forward,4.6154223941422226,0.0,0.0,0.0,0.0,0.0,0.0,1.0810977859307677e-06,2.841410908968272,-0.002809161611270678,0.00043480021278296225,0.011207714667604174,0.0
4,0.0,199,forward,4.606461218514416,0.0,0.0,0.0,0.0,0.0,0.0,1.088968962567941e-06,2.8225698616753636,-0.002802427522398489,0.0004628630856227728,0.011399292464913557,0.0
4,0.0,200,forward,4.597261830070182,0.0,0.0,0.0,0.0,0.0,0.0,1.0967991624440458e-06,2.8037892239516404,-0.0027945430957103186,0.0004908528530492112,0.011584211259728416,0.0
5,0.0,1,forward,0.42669983992940025,0.0,0.0,0.0,0.0,0.0,0.0,1.016804219057833e-06,-0.8609526851575009,0.0018586122925877866,-0.0010816045795333364,0.502041535295819,0.0
5,0.0,2,forward,0.7586067505178969,0.0,0.0,0.0,0.0,0.0,0.0,1.0201906384165328e-06,-0.8789835976856214,0.001822337631924638,-0.0011000125611586242,0.28763851710455846,0.0
5,0.0,3,forward,1.0187651109483533,0.0,0.0,0.0,0.0,0.0,0.0,1.0234432870964142e-06,-0.8970279395565117,0.0017851871496639001,-0.0011180533525994593,0.16660971242642061,0.0
5,0.0,4,forward,1.2243226807866112,0.0,0.0,0.0,0.0,0.0,0.0,1.0265617871454333e-06,-0.915088271768199,0.0017471722286544861,-0.0011357182510260899,0.09854847189891167,0.0
5,0.0,5,forward,1.3881065593844073,0.0,0.0,0.0,0.0,0.0,0.0,1.0295459968049825e-06,-0.9331671434855938,0.0017083046438624262,-0.0011529986694181918,0.0606046485056705,0.0
5,0.0,6,forward,1.5197657988286832,0.0,0.0,0.0,0.0,0.0,0.0,1.0323960127290315e-06,-0.9512670900302291,0.0016685965592218718,-0.0011698861404709356,0.03978287155207396,0.0
5,0.0,7,forward,1.626601523258668,0.0,0.0,0.0,0.0,0.0,0.0,1.0351121718385802e-06,-0.9693906308253262,0.001628060524317566,-0.0011863723204688164,0.02865749139332696,0.0
5,0.0,8,forward,1.7141716435190282,0.0,0.0,0.0,0.0,0.0,0.0,1.0376950528053001e-06,-0.9875402672903343,0.0015867094708994572,-0.0012024489931253617,0.02297172009575646,0.0
5,0.0,9,forward,1.7867328477015256,0.0,0.0,0.0,0.0,0.0,0.0,1.0401454771591299e-06,-1.005718480679473,0.0015445567092300593,-0.0012181080733871983,0.02028282461174899,0.0
5,0.0,10,forward,1.847564939291055,0.0,0.0,0.0,0.0,0.0,0.0,1.042464510015071e-06,-1.023927729858814,0.00150161592426561,-0.0012333416112007506,0.019192134299521435,0.0
5,0.0,11,forward,1.8992099205138966,0.0,0.0,0.0,0.0,0.0,0.0,1.0446534604148537e-06,-1.0421704490168828,0.0014579011716715983,-0.0012481417952399257,0.01890436831908726,0.0
5,0.0,12,forward,1.9436491158002267,0.0,0.0,0.0,0.0,0.0,0.0,1.0467138812798306e-06,-1.0604490453038657,0.0014134268736737817,-0.0012625009565930686,0.01897377593179092,0.0
5,0.0,13,forward,1.9824351034953867,0.0,0.0,0.0,0.0,0.0,0.0,1.0486475689721914e-06,-1.0787658963949662,0.0013682078147456425,-0.0012764115724076786,0.01915703045347983,0.0
5,0.0,14,forward,2.0167905485578754,0.0,0.0,0.0,0.0,0.0,0.0,1.0504565624619027e-06,-1.0971233479737001,0.0013222591371333458,-0.0012898662694911282,0.01932756674717928,0.0
5,0.0,15,forward,2.0476826801211923,0.0,0.0,0.0,0.0,0.0,0.0,1.0521431420976414e-06,-1.1155237111313578,0.0012755963362194001,-0.0013028578278658292,0.019425525917084796,0.0
5,0.0,16,forward,2.075879757193903,0.0,0.0,0.0,0.0,0.0,0.0,1.0537098279804636e-06,-1.133969259679339,0.001228235255726077,-0.0013153791842772345,0.019428464570062365,0.0
5,0.0,17,forward,2.101994142077333,0.0,0.0,0.0,0.0,0.0,0.0,1.0551593779397248e-06,-1.1524622273714193,0.0011801920827601393,-0.0013274234356530793,0.019334239159335853,0.0
5,0.0,18,forward,2.126515360411702,0.0,0.0,0.0,0.0,0.0,0.0,1.0564947851111307e-06,-1.1710048050336943,0.0011314833426999233,-0.0013389838425122236,0.01915105973201625,0.0
5,0.0,19,forward,2.14983563098717,0.0,0.0,0.0,0.0,0.0,0.0,1.0577192751178756e-06,-1.1895991376004225,0.001082125893926412,-0.0013500538323216653,0.018891776891716616,0.0
5,0.0,20,forward,2.172269699328281,0.0,0.0,0.0,0.0,0.0,0.0,1.0588363028559222e-06,-1.2082473210546099,0.0010321369223997257,-0.001360627002799972,0.01857066966448423,0.0
5,0.0,21,forward,2.1940703367337258,0.0,0.0,0.0,0.0,0.0,0.0,1.0598495488856792e-06,-1.2269513992729821,0.0009815339360825274,-0.0013706971251658021,0.018201707249439925,0.0
5,0.0,22,forward,2.2154405212444943,0.0,0.0,0.0,0.0,0.0,0.0,1.0607629154325233e-06,-1.2457133607755912,0.000930334759212035,-0.00138025814732984,0.01779767357521933,0.0
5,0.0,23,forward,2.2365430635247816,0.0,0.0,0.0,0.0,0.0,0.0,1.0615805219995087e-06,-1.2645351353811953,0.0008785575264223003,-0.0013893041970286827,0.01736979035666103,0.0
5,0.0,24,forward,2.2575082535915896,0.0,0.0,0.0,0.0,0.0,0.0,1.0623067005962872e-06,-1.2834185907703946,0.0008262206767185206,-0.0013978295848992557,0.01692762151895494,0.0
5,0.0,25,forward,2.2784399656121472,0.0,0.0,0.0,0.0,0.0,0.0,1.0629459905886561e-06,-1.3023655289593934,0.0007733429473052203,-0.0014058288074921615,0.016479129997301,0.0
5,0.0,26,forward,2.2994205545855912,0.0,0.0,0.0,0.0,0.0,0.0,1.0635031331741192e-06,-1.3213776826883272,0.0007199433672700832,-0.0014132965502226347,0.016030810860444777,0.0
5,0.0,27,forward,2.320514801243147,0.0,0.0,0.0,0.0,0.0,0.0,1.0639830654892322e-06,-1.3404567117289714,0.0006660412511256404,-0.0014202276902575662,0.01558785654366035,0.0
5,0.0,28,forward,2.3417731031329305,0.0,0.0,0.0,0.0,0.0,0.0,1.0643909143553123e-06,-1.3596041991179832,0.0006116561922104789,-0.0014266172993372755,0.015154329104925979,0.0
5,0.0,29,forward,2.3632340656490687,0.0,0.0,0.0,0.0,0.0,0.0,1.0647319896695948e-06,-1.3788216473227368,0.0005568080559523668,-0.001432460646530555,0.014733325865637803,0.0
5,0.0,30,forward,2.3849266131011944,0.0,0.0,0.0,0.0,0.0,0.0,1.0650117774496631e-06,-1.3981104743481734,0.0005015169729953238,-0.0014377532009216684,0.014327131592867304,0.0
5,0.0,31,forward,2.406871714143606,0.0,0.0,0.0,0.0,0.0,0.0,1.0652359325395455e-06,-1.417472009794325,0.0004458033321927888,-0.0014424906342279632,0.01393735435659782,0.0
5,0.0,32,forward,2.4290837960359983,0.0,0.0,0.0,0.0,0.0,0.0,1.0654102709863607e-06,-1.4369074908754116,0.00038968777346921896,-0.001446668823346674,0.013565044465858822,0.0
5,0.0,33,forward,2.451571906840439,0.0,0.0,0.0,0.0,0.0,0.0,1.0655407620973496e-06,-1.456418058412788,0.00033319118055246544,-0.0014502838528297785,0.013210797130363217,0.0
5,0.0,34,forward,2.474340672694717,0.0,0.0,0.0,0.0,0.0,0.0,1.0656335201872325e-06,-1.4760047528153606,0.00027633467357928576,-0.0014533320172854484,0.012874840122883757,0.0
5,0.0,35,forward,2.4973910879355623,0.0,0.0,0.0,0.0,0.0,0.0,1.0656947960268507e-06,-1.4956685100624627,0.0002191396015765318,-0.0014558098237049644,0.012557107984593974,0.0
5,0.0,36,forward,2.520721168472704,0.0,0.0,0.0,0.0,0.0,0.0,1.06573096800434e-06,-1.5154101577056407,0.00016162753482031059,-0.0014577139937138105,0.012257304374656885,0.0
5,0.0,37,forward,2.5443264929811837,0.0,0.0,0.0,0.0,0.0,0.0,1.065748533010743e-06,-1.535230410907012,0.00010382025707603161,-0.0014590414657457333,0.011974954109584712,0.0
5,0.0,38,forward,2.568200651840039,0.0,0.0,0.0,0.0,0.0,0.0,1.0657540970625507e-06,-1.555129868533433,4.573975772165229e-05,-0.0014597893971386438,0.011709446323333816,0.0
5,0.0,39,forward,2.5923356200379737,0.0,0.0,0.0,0.0,0.0,0.0,1.0657543656740203e-06,-1.5751090093268763,-1.2591776243027488e-05,-0.001459955166151125,0.011460070038854409,0.0
5,0.0,40,forward,2.6167220672902225,0.0,0.0,0.0,0.0,0.0,0.0,1.0657561339928152e-06,-1.5951681881727602,-7.115196829828031e-05,-0.001459536373898481,0.011226043295136101,0.0
5,0.0,41,forward,2.641349616210983,0.0,0.0,0.0,0.0,0.0,0.0,1.0657662767129054e-06,-1.6153076324891533,-0.0001299182606147309,-0.0014585308462072247,0.01100653683134778,0.0
5,0.0,42,forward,2.666207057443251,0.0,0.0,0.0,0.0,0.0,0.0,1.0657917377790857e-06,-1.6355274387610113,-0.00018886792236941927,-0.001456936635386888,0.01080069319706145,0.0
5,0.0,43,forward,2.6912825290696514,0.0,0.0,0.0,0.0,0.0,0.0,1.065839519898064e-06,-1.6558275692443574,-0.00024797805816426105,-0.0014547520219181768,0.010607642037245846,0.0
5,0.0,44,forward,2.7165636663414627,0.0,0.0,0.0,0.0,0.0,0.0,1.0659166738713371e-06,-1.6762078488665257,-0.000307225616544421,-0.001451975516056394,0.010426512193485116,0.0
5,0.0,45,forward,2.7420377267113447,0.0,0.0,0.0,0.0,0.0,0.0,1.0660302877656453e-06,-1.6966679623490242,-0.0003665873986132135,-0.00144860585934922,0.010256441168401853,0.0
5,0.0,46,forward,2.7676916942932075,0.0,0.0,0.0,0.0,0.0,0.0,1.0661874759370108e-06,-1.7172074515803633,-0.00042604006674074746,-0.0014446420260678223,0.010096582417770117,0.0
5,0.0,47,forward,2.793512367164414,0.0,0.0,0.0,0.0,0.0,0.0,1.0663953679248974e-06,-1.7378257132663883,-0.0004855601533629989,-0.0014400832245504364,0.009946110863205404,0.0
5,0.0,48,forward,2.8194864303424243,0.0,0.0,0.0,0.0,0.0,0.0,1.0666610972332438e-06,-1.7585219968859056,-0.0005451240698682442,-0.0014349288984574953,0.009804226956526274,0.0
5,0.0,49,forward,2.8456005167871044,0.0,0.0,0.0,0.0,0.0,0.0,1.0669917900154943e-06,-1.7792954029792545,-0.0006047081155675927,-0.0014291787279374546,0.0096701595737122,0.0
5,0.0,50,forward,2.871841258382782,0.0,0.0,0.0,0.0,0.0,0.0,1.0673945536810585e-06,-1.800144881797182,-0.0006642884867464478,-0.0014228326307024984,0.009543167970859301,0.0
5,0.0,51,forward,2.8981953285256337,0.0,0.0,0.0,0.0,0.0,0.0,1.067876465440842e-06,-1.8210692323366764,-0.0007238412857934544,-0.0014158907630133246,0.009422542995612293,0.0
5,0.0,52,forward,2.9246494776700738,0.0,0.0,0.0,0.0,0.0,0.0,1.0684445608097924e-06,-1.8420671017896306,-0.000783342530403769,-0.0014083535205722507,0.009307607714417743,0.0
5,0.0,53,forward,2.9511905629624597,0.0,0.0,0.0,0.0,0.0,0.0,1.0691058220845417e-06,-1.8631369854288176,-0.0008427681628529403,-0.0014002215393239229,0.009197717587798193,0.0
5,0.0,54,forward,2.977805572903524,0.0,0.0,0.0,0.0,0.0,0.0,1.0698671668145332e-06,-1.8842772269544306,-0.0009020940593384639,-0.0013914956961629274,0.009092260301999722,0.0
5,0.0,55,forward,3.004481647825837,0.0,0.0,0.0,0.0,0.0,0.0,1.070735436285023e-06,-1.9054860193222771,-0.0009612960393850582,-0.0013821771095476514,0.008990655345249454,0.0
5,0.0,56,forward,3.0312060968437904,0.0,0.0,0.0,0.0,0.0,0.0,1.0717173840305902e-06,-1.926761406072794,-0.001020349875310335,-0.0013722671400197754,0.008892353399914343,0.0
5,0.0,57,forward,3.0579664118265386,0.0,0.0,0.0,0.0,0.0,0.0,1.0728196643978707e-06,-1.948101283177565,-0.0010792313017474258,-0.0013617673906288034,0.008796835607659204,0.0
5,0.0,58,forward,3.084750278855358,0.0,0.0,0.0,0.0,0.0,0.0,1.074048821176276e-06,-1.9695034014171833,-0.0011379160252208492,-0.0013506797072610885,0.00870361275283238,0.0
5,0.0,59,forward,3.111545587552789,0.0,0.0,0.0,0.0,0.0,0.0,1.0754112763154477e-06,-1.9909653693012352,-0.0011963797337718326,-0.001339006178872832,0.008612224399451196,0.0
5,0.0,60,forward,3.138340438609332,0.0,0.0,0.0,0.0,0.0,0.0,1.076913318748407e-06,-2.0124846565380614,-0.0012545981066299022,-0.0013267491376265839,0.008522238008996985,0.0
5,0.0,61,forward,3.1651231497820507,0.0,0.0,0.0,0.0,0.0,0.0,1.0785610933390556e-06,-2.0340585980580586,-0.0013125468239265222,-0.0013139111589307955,0.008433248059515397,0.0
5,0.0,62,forward,3.1918822605966204,0.0,0.0,0.0,0.0,0.0,0.0,1.0803605899728757e-06,-2.055684398590765,-0.0013702015764473637,-0.0013004950613820308,0.008344875181034439,0.0
5,0.0,63,forward,3.2186065359485942,0.0,0.0,0.0,0.0,0.0,0.0,1.0823176328094958e-06,-2.077359137791887,-0.00142753807541942,-0.0012865039066094627,0.008256765317860126,0.0
5,0.0,64,forward,3.245284968769746,0.0,0.0,0.0,0.0,0.0,0.0,1.0844378697156384e-06,-2.099079775912293,-0.0014845320623290486,-0.0012719409990213225,0.008168588924737374,0.0
5,0.0,65,forward,3.271906781900336,0.0,0.0,0.0,0.0,0.0,0.0,1.0867267618969373e-06,-2.1208431599968667,-0.001541159318767284,-0.0012568098854530178,0.008080040201016936,0.0
5,0.0,66,forward,3.298461429287148,0.0,0.0,0.0,0.0,0.0,0.0,1.0891895737468745e-06,-2.1426460305967994,-0.0015973956762985674,-0.0012411143547166657,0.007990836364742293,0.0
5,0.0,67,forward,3.3249385966095115,0.0,0.0,0.0,0.0,0.0,0.0,1.091831362930815e-06,-2.164485028974613,-0.0016532170263488454,-0.0012248584370518226,0.007900716966846133,0.0
5,0.0,68,forward,3.3513282014206656,0.0,0.0,0.0,0.0,0.0,0.0,1.0946569707230293e-06,-2.1863567047770935,-0.0017085993301093688,-0.0012080464034772284,0.007809443244354508,0.0
5,0.0,69,forward,3.3776203928792903,0.0,0.0,0.0,0.0,0.0,0.0,1.0976710126142981e-06,-2.208257524147182,-0.001763518628452289,-0.0011906827650434526,0.007716797510535445,0.0
5,0.0,70,forward,3.4038055511353953,0.0,0.0,0.0,0.0,0.0,0.0,1.1008778692072071e-06,-2.2301838782418466,-0.0018179510518538322,-0.0011727722719863207,0.007622582579267734,0.0
5,0.0,71,forward,3.4298742864257488,0.0,0.0,0.0,0.0,0.0,0.0,1.1042816774162685e-06,-2.252132092119494,-0.0018718728303215584,-0.0011543199127810628,0.007526621220467211,0.0
5,0.0,72,forward,3.455817437926332,0.0,0.0,0.0,0.0,0.0,0.0,1.107886321989277e-06,-2.274098433956738,-0.0019252603033212692,-0.0011353309130971957,0.007428755643147267,0.0
5,0.0,73,forward,3.4816260724027326,0.0,0.0,0.0,0.0,0.0,0.0,1.111695427366223e-06,-2.296079124551555,-0.0019780899296999725,-0.0011158107346541087,0.007328847002582961,0.0
5,0.0,74,forward,3.507291482693734,0.0,0.0,0.0,0.0,0.0,0.0,1.1157123498915227e-06,-2.3180703470668673,-0.002030338297600708,-0.0010957650739774687,0.007226774928057567,0.0
5,0.0,75,forward,3.5328051860584977,0.0,0.0,0.0,0.0,0.0,0.0,1.1199401703948693e-06,-2.340068256966413,-0.002081982134365203,-0.0010751998610565203,0.007122437067754617,0.0
5,0.0,76,forward,3.558158922413514,0.0,0.0,0.0,0.0,0.0,0.0,1.1243816871556202e-06,-2.3620689920928943,-0.0021329983164204915,-0.0010541212579023818,0.00701574864751664,0.0
5,0.0,77,forward,3.583344652481829,0.0,0.0,0.0,0.0,0.0,0.0,1.1290394092651533e-06,-2.3840686828368955,-0.002183363879145334,-0.0010325356570076267,0.006906642040393485,0.0
5,0.0,78,forward,3.6083545558738717,0.0,0.0,0.0,0.0,0.0,0.0,1.13391555040096e-06,-2.406063462344313,-0.002233056026712491,-0.0010104496797072456,0.006795066344139622,0.0
5,0.0,79,forward,3.633181029116401,0.0,0.0,0.0,0.0,0.0,0.0,1.1390120230258058e-06,-2.4280494767095275,-0.002282052141902684,-0.0009878701744413315,0.006680986964067381,0.0
5,0.0,80,forward,3.6578166836436203,0.0,0.0,0.0,0.0,0.0,0.0,1.144330433024782e-06,-2.4500228951017884,-0.002330329795886384,-0.0009648042149197797,0.006564385198932321,0.0
5,0.0,81,forward,3.682254343762361,0.0,0.0,0.0,0.0,0.0,0.0,1.14987207479227e-06,-2.4719799197728927,-0.0023778667579692357,-0.0009412590981893108,0.0064452578277840455,0.0
5,0.0,82,forward,3.706487044601308,0.0,0.0,0.0,0.0,0.0,0.0,1.15563792678037e-06,-2.493916795895383,-0.002424641005297074,-0.0009172423426032449,0.006323616695986467,0.0
5,0.0,83,forward,3.730508030052535,0.0,0.0,0.0,0.0,0.0,0.0,1.161628647519648e-06,-2.5158298211821926,-0.0024706307325165007,-0.0008927616856944325,0.006199488298857081,0.0
5,0.0,84,forward,3.7543107507121323,0.0,0.0,0.0,0.0,0.0,0.0,1.1678445721224498e-06,-2.537715355240802,-0.0025158143613871133,-0.0008678250819517832,0.006072913361616861,0.0
5,0.0,85,forward,3.7778888618253483,0.0,0.0,0.0,0.0,0.0,0.0,1.1742857092780784e-06,-2.5595698286173993,-0.002560170550340982,-0.0008424407005009107,0.005943946414575518,0.0
5,0.0,86,forward,3.8012362212404915,0.0,0.0,0.0,0.0,0.0,0.0,1.1809517387489692e-06,-2.581389751489607,-0.002603678203985813,-0.0008166169226895178,0.00581265536267872,0.0
5,0.0,87,forward,3.8243468873747655,0.0,0.0,0.0,0.0,0.0,0.0,1.1878420093754689e-06,-2.603171721969556,-0.0026463164825472553,-0.0007903623395779607,0.005679121048750013,0.0
5,0.0,88,forward,3.847215117194292,0.0,0.0,0.0,0.0,0.0,0.0,1.1949555375968624e-06,-2.624912433982717,-0.0026880648112467616,-0.000763685749335703,0.005543436809926194,0.0
5,0.0,89,forward,3.8698353642097145,0.0,0.0,0.0,0.0,0.0,0.0,1.202291006495035e-06,-2.6466086846916306,-0.002728902889610717,-0.0007365961545443748,0.00540570802695961,0.0
5,0.0,90,forward,3.8922022764880633,0.0,0.0,0.0,0.0,0.0,0.0,1.2098467653664582e-06,-2.6682573814378285,-0.002768810700706899,-0.000709102759408031,0.0052660516661932055,0.0
5,0.0,91,forward,3.9143106946808794,0.0,0.0,0.0,0.0,0.0,0.0,1.2176208298275585e-06,-2.6898555481793136,-0.0028077685203043647,-0.0006812149668714366,0.005124595814152588,0.0
5,0.0,92,forward,3.936155650068057,0.0,0.0,0.0,0.0,0.0,0.0,1.2256108824573961e-06,-2.7114003314051973,-0.002845756925952542,-0.0006529423756471421,0.004981479204805295,0.0
5,0.0,93,forward,3.957732362616329,0.0,0.0,0.0,0.0,0.0,0.0,1.2338142739811832e-06,-2.732889005513453,-0.0028827568059759394,-0.0006242947771521527,0.0048368507396450156,0.0
5,0.0,94,forward,3.979036239050902,0.0,0.0,0.0,0.0,0.0,0.0,1.242228024996894e-06,-2.7543189776418417,-0.0029187493683802,-0.0005952821523551069,0.004690869000837372,0.0
5,0.0,95,forward,4.000062870938365,0.0,0.0,0.0,0.0,0.0,0.0,1.2508488282465648e-06,-2.7756877919463405,-0.0029537161496656435,-0.000565914668534829,0.004543701757741547,0.0
5,0.0,96,forward,4.020808032778677,0.0,0.0,0.0,0.0,0.0,0.0,1.2596730514331535e-06,-2.796993133325425,-0.0029876390235445698,-0.0005362026759512044,0.004395525467185912,0.0
5,0.0,97,forward,4.041267680103758,0.0,0.0,0.0,0.0,0.0,0.0,1.2686967405826535e-06,-2.8182328305923905,-0.0030205002095582173,-0.0005061567044293767,0.004246524767925086,0.0
5,0.0,98,forward,4.061437947579987,0.0,0.0,0.0,0.0,0.0,0.0,1.2779156239505496e-06,-2.839404859101609,-0.003052282281589672,-0.0004757874598582818,0.004096891969752714,0.0
5,0.0,99,forward,4.081315147111744,0.0,0.0,0.0,0.0,0.0,0.0,1.2873251164706399e-06,-2.86050734283806,-0.003082968176268797,-0.0004451058206045751,0.003946826537776116,0.0
5,0.0,100,forward,4.100895765942951,0.0,0.0,0.0,0.0,0.0,0.0,1.2969203247435163e-06,-2.8815385559826456,-0.003112541201265501,-0.0004141228338430496,0.0037965345723938726,0.0
5,0.0,101,forward,4.120176464753495,0.0,0.0,0.0,0.0,0.0,0.0,1.3066960525609516e-06,-2.902496923968693,-0.003140985043467458,-0.0003828497118046927,0.0036462282855300177,0.0
5,0.0,102,forward,4.13915407574731,0.0,0.0,0.0,0.0,0.0,0.0,1.3166468069616058e-06,-2.9233810240476537,-0.003168283777038532,-0.0003512978279435406,0.003496125473704592,0.0
5,0.0,103,forward,4.157825600728883,0.0,0.0,0.0,0.0,0.0,0.0,1.3267668048127019e-06,-2.944189585384321,-0.0031944218713543357,-0.0003194787130235515,0.003346448988527151,0.0
5,0.0,104,forward,4.176188209164876,0.0,0.0,0.0,0.0,0.0,0.0,1.3370499799112419e-06,-2.9649214887038253,-0.0032193841988111403,-0.00028740405112673636,0.003197426205206799,0.0
5,0.0,105,forward,4.194239236227628,0.0,0.0,0.0,0.0,0.0,0.0,1.3474899905975035e-06,-2.9855757655143247,-0.0032431560425044627,-0.0002550856755838792,0.0030492884896836103,0.0
5,0.0,106,forward,4.211976180817252,0.0,0.0,0.0,0.0,0.0,0.0,1.3580802278727797e-06,-3.006151596930769,-0.0032657231037738666,-0.00022253556482901632,0.0029022706649797225,0.0
5,0.0,107,forward,4.229396703559163,0.0,0.0,0.0,0.0,0.0,0.0,1.368813824012309e-06,-3.026648312125889,-0.0032870715096102563,-0.00018976583817932258,0.0027566104773759648,0.0
5,0.0,108,forward,4.246498624773887,0.0,0.0,0.0,0.0,0.0,0.0,1.379683661663584e-06,-3.0470653864357233,-0.0033071878199223107,-0.0001567887515414035,0.0026125480630130316,0.0
5,0.0,109,forward,4.263279922416095,0.0,0.0,0.0,0.0,0.0,0.0,1.39068238341931e-06,-3.0674024391469716,-0.003326059034658453,-0.00012361669304583603,0.0024703254155145626,0.0
5,0.0,110,forward,4.27973872997993,0.0,0.0,0.0,0.0,0.0,0.0,1.4018024018533723e-06,-3.0876592309941433,-0.0033436726007809244,-9.026217861105719e-05,0.0023301858552264854,0.0
5,0.0,111,forward,4.295873334367751,0.0,0.0,0.0,0.0,0.0,0.0,1.4130359100075618e-06,-3.1078356613940463,-0.0033600164190886917,-5.673784743836369e-05,0.002192373500658429,0.0
5,0.0,112,forward,4.311682173719603,0.0,0.0,0.0,0.0,0.0,0.0,1.4243748923156882e-06,-3.127931765445168,-0.0033750788508857166,-2.3056457439361164e-05,0.0020571327427126584,0.0
5,0.0,113,forward,4.327163835200805,0.0,0.0,0.0,0.0,0.0,0.0,1.4358111359511004e-06,3.135237596460764,-0.003388848724491325,1.0769119402429668e-05,0.0019247077222750986,0.0
5,0.0,114,forward,4.342317052745215,0.0,0.0,0.0,0.0,0.0,0.0,1.4473362425828881e-06,3.1153015133111506,-0.003401315341589582,4.472590173429034e-05,0.00179534181174007,0.0
5,0.0,115,forward,4.35714070475188,0.0,0.0,0.0,0.0,0.0,0.0,1.4589416405249232e-06,3.095444870097124,-0.0034124684834141825,7.880080359974965e-05,0.0016692771010339835,0.0
5,0.0,116,forward,4.371633811732922,0.0,0.0,0.0,0.0,0.0,0.0,1.4706185972616042e-06,3.0756671227741728,-0.0034222984167659944,0.00011298063926495559,0.0015467538886974608,0.0
5,0.0,117,forward,4.385795533910702,0.0,0.0,0.0,0.0,0.0,0.0,1.4823582323331646e-06,3.0559676092289974,-0.003430795899860104,0.00014725212810451363,0.0014280101785782984,0.0
5,0.0,118,forward,4.399625168762444,0.0,0.0,0.0,0.0,0.0,0.0,1.49415153056259e-06,3.0363455531529375,-0.0034379521879991906,0.00018160189954478936,0.0013132811826854218,0.0
5,0.0,119,forward,4.413122148510698,0.0,0.0,0.0,0.0,0.0,0.0,1.5059893556058351e-06,3.0168000679803395,-0.003443759039070462,0.00021601649806320472,0.0012027988307451998,0.0
5,0.0,120,forward,4.4262860375581905,0.0,0.0,0.0,0.0,0.0,0.0,1.5178624638060654e-06,2.997330160872245,-0.0034482087188631373,0.00025048238824152905,0.0010967912869991048,0.0
5,0.0,121,forward,4.439116529865804,0.0,0.0,0.0,0.0,0.0,0.0,1.5297615183321205e-06,2.9779347367269273,-0.0034512940062036237,0.0002849859598714894,0.0009954824747764185,0.0
5,0.0,122,forward,4.451613446272588,0.0,0.0,0.0,0.0,0.0,0.0,1.5416771035807601e-06,2.958612602200293,-0.0034530081979056043,0.00031951353311077477,0.0008990916093696288,0.0
5,0.0,123,forward,4.463776731756922,0.0,0.0,0.0,0.0,0.0,0.0,1.553599739821727e-06,2.9393624697204745,-0.0034533451135323454,0.0003540513636876471,0.00080783273973839,0.0
5,0.0,124,forward,4.475606452638133,0.0,0.0,0.0,0.0,0.0,0.0,1.5655198980640391e-06,2.92018296148237,-0.003452299099968564,0.0003885856481522267,0.0007219142995609773,0.0
5,0.0,125,forward,4.487102793718044,0.0,0.0,0.0,0.0,0.0,0.0,1.57742801512131e-06,2.901072613409268,-0.0034498650357991556,0.00042310252917249913,0.0006415386681492136,0.0
5,0.0,126,forward,4.498266055362144,0.0,0.0,0.0,0.0,0.0,0.0,1.5893145088536805e-06,2.882029879069942,-0.0034460383354924158,0.0004575881008732283,0.0005669017417383945,0.0
5,0.0,127,forward,4.509096650520264,0.0,0.0,0.0,0.0,0.0,0.0,1.6011697935631029e-06,2.8630531335411034,-0.0034408149533851616,0.000492028414215598,0.0004981925156583647,0.0
5,0.0,128,forward,4.519595101686822,0.0,0.0,0.0,0.0,0.0,0.0,1.6129842955186194e-06,2.844140677206147,-0.0034341913874674315,0.0005264094824158038,0.0004355926778879943,0.0
5,0.0,129,forward,4.529762037800922,0.0,0.0,0.0,0.0,0.0,0.0,1.6247484685876775e-06,2.8252907394825306,-0.003426164682964423,0.0005607172864004508,0.00037927621448970855,0.0
5,0.0,130,forward,4.539598191086748,0.0,0.0,0.0,0.0,0.0,0.0,1.6364528099492401e-06,2.8065014824712207,-0.00341673243571341,0.000594937780296772,0.0003294090274155413,0.0
5,0.0,131,forward,4.549104393834941,0.0,0.0,0.0,0.0,0.0,0.0,1.6480878758640777e-06,2.787771004522833,-0.003405892795333499,0.0006290568969555093,0.00028614856517011206,0.0
5,0.0,132,forward,4.558281575125805,0.0,0.0,0.0,0.0,0.0,0.0,1.659644297477434e-06,2.7690973437160267,-0.0033936444681860745,0.0006630605535045583,0.0002496434668097826,0.0
5,0.0,133,forward,4.567130757495385,0.0,0.0,0.0,0.0,0.0,0.0,1.6711127966289023e-06,2.7504784812448753,-0.003379986720123951,0.0006969346569311274,0.00022003321975012924,0.0
5,0.0,134,forward,4.575653053545683,0.0,0.0,0.0,0.0,0.0,0.0,1.6824842016441279e-06,2.7319123447128453,-0.0033649193790272623,0.0007306651096902658,0.0001974478318462116,0.0
5,0.0,135,forward,4.583849662500445,0.0,0.0,0.0,0.0,0.0,0.0,1.6937494630829327e-06,2.7133968113317932,-0.0033484428371242177,0.0007642378153377706,0.00018200751820187744,0.0
5,0.0,136,forward,4.591721866708132,0.0,0.0,0.0,0.0,0.0,0.0,1.7048996694181289e-06,2.6949297110253805,-0.003330558053094944,0.0007976386841851703,0.00017382240315521924,0.0
5,0.0,137,forward,4.599271028093953,0.0,0.0,0.0,0.0,0.0,0.0,1.7159260626193e-06,2.6765088294369757,-0.003311266553956684,0.0008308536389746609,0.00017299223787725735,0.0
5,0.0,138,forward,4.606498584562921,0.0,0.0,0.0,0.0,0.0,0.0,1.7268200536157709e-06,2.658131910842859,-0.0032905704367287374,0.0008638686205717957,0.00017960613401023456,0.0
5,0.0,139,forward,4.61340604635616,0.0,0.0,0.0,0.0,0.0,0.0,1.7375732376129547e-06,2.63979666097218,-0.0032684723698755817,0.0008966695936737311,0.0001937423137600659,0.0
5,0.0,140,forward,4.61999499236287,0.0,0.0,0.0,0.0,0.0,0.0,1.7481774092362948e-06,2.6215007497357594,-0.0032449755945267124,0.0009292425525307889,0.0002154678768448593,0.0
5,0.0,141,forward,4.626267066390502,0.0,0.0,0.0,0.0,0.0,0.0,1.7586245774770732e-06,2.603241813866348,-0.003220083925471812,0.0009615735266790827,0.0002448385846876653,0.0
5,0.0,142,forward,4.6322239733959165,0.0,0.0,0.0,0.0,0.0,0.0,1.7689069804145227e-06,2.5850174594734687,-0.0031938017519299636,0.0009936485866819773,0.0002818986622270432,0.0
5,0.0,143,forward,4.6378674756804665,0.0,0.0,0.0,0.0,0.0,0.0,1.7790170996887328e-06,2.5668252645164316,-0.003166134038091666,0.001025453849878077,0.0003266806177031206,0.0
5,0.0,144,forward,4.643199389052129,0.0,0.0,0.0,0.0,0.0,0.0,1.7889476746992423e-06,2.5486627811994818,-0.0031370863234325788,0.001056975486133559,0.0003792050807602254,0.0
5,0.0,145,forward,4.648221578957964,0.0,0.0,0.0,0.0,0.0,0.0,1.7986917165041217e-06,2.530527538293485,-0.0031066647227978726,0.001088199723596438,0.0004394806591892994,0.0
5,0.0,146,forward,4.652935956590391,0.0,0.0,0.0,0.0,0.0,0.0,1.808242521394922e-06,2.5124170433888326,-0.0030748759262563077,0.001119112854450523,0.0005075038146142574,0.0
5,0.0,147,forward,4.657344474970903,0.0,0.0,0.0,0.0,0.0,0.0,1.8175936841231604e-06,2.4943287850845195,-0.0030417271987231574,0.00114970124066683,0.0005832587574068279,0.0
5,0.0,148,forward,4.661449125015022,0.0,0.0,0.0,0.0,0.0,0.0,1.8267391107540552e-06,2.476260235118731,-0.003007226379351183,0.001179951319749937,0.000666717361093222,0.0
5,0.0,149,forward,4.665251931582469,0.0,0.0,0.0,0.0,0.0,0.0,1.835673031124154e-06,2.458208850446295,-0.002971381880688948,0.0012098496104772235,0.0007578390964939341,0.0
5,0.0,150,forward,4.668754949516663,0.0,0.0,0.0,0.0,0.0,0.0,1.8443900108794896e-06,2.440172075268798,-0.002934202687605987,0.0012393827186284354,0.0008565709858153608,0.0
5,0.0,151,forward,4.671960259677811,0.0,0.0,0.0,0.0,0.0,0.0,1.8528849630715574e-06,2.422147343023143,-0.002895698355984182,0.0012685373427033383,0.0009628475768872768,0.0
5,0.0,152,forward,4.674869964974037,0.0,0.0,0.0,0.0,0.0,0.0,1.8611531592890914e-06,2.4041320783345594,-0.0028558790111750617,0.0012973002796251647,0.0010765909377160182,0.0
5,0.0,153,forward,4.677486186395084,0.0,0.0,0.0,0.0,0.0,0.0,1.8691902403037998e-06,2.386123698940197,-0.002814755346222595,0.0013256584304273853,0.001197710671496821,0.0
5,0.0,154,forward,4.679811059053318,0.0,0.0,0.0,0.0,0.0,0.0,1.8769922262092912e-06,2.368119617589487,-0.00277233861985134,0.001353598805921598,0.0013261039522023954,0.0
5,0.0,155,forward,4.681846728236836,0.0,0.0,0.0,0.0,0.0,0.0,1.8845555260327014e-06,2.3501172439275884,-0.0027286406542197735,0.0013811085323440985,0.0014616555808366627,0.0
5,0.0,156,forward,4.683595345479666,0.0,0.0,0.0,0.0,0.0,0.0,1.8918769467992718e-06,2.332113986368262,-0.002683673832438748,0.0014081748569787363,0.0016042380624152475,0.0
5,0.0,157,forward,4.685059064654109,0.0,0.0,0.0,0.0,0.0,0.0,1.898953702031279e-06,2.3141072539624874,-0.002637451095855174,0.0014347851537539447,0.001753711703704336,0.0
5,0.0,158,forward,4.686240038090425,0.0,0.0,0.0,0.0,0.0,0.0,1.9057834196625612e-06,2.2960944582693252,-0.0025899859411010165,0.0014609269288112135,0.0019099247317194423,0.0
5,0.0,159,forward,4.68714041272915,0.0,0.0,0.0,0.0,0.0,0.0,1.9123641493518354e-06,2.278073015235279,-0.0025412924169079015,0.001486587826043065,0.002072713432956841,0.0
5,0.0,160,forward,4.687762326311422,0.0,0.0,0.0,0.0,0.0,0.0,1.918694369177812e-06,2.2600403470886166,-0.0024913851206876812,0.0015117556325978875,0.0022419023132971283,0.0
5,0.0,161,forward,4.688107903612808,0.0,0.0,0.0,0.0,0.0,0.0,1.924772991700516e-06,2.2419938842548954,-0.0024402791948792833,0.001536418284349424,0.0024173042784912946,0.0
5,0.0,162,forward,4.688179252726167,0.0,0.0,0.0,0.0,0.0,0.0,1.930599369374072e-06,2.223931067299948,-0.002387990323062497,0.0015605638713285799,0.0025987208351039848,0.0
5,0.0,163,forward,4.687978461399193,0.0,0.0,0.0,0.0,0.0,0.0,1.936173299297035e-06,2.2058493489064945,-0.0023345347258393293,0.0015841806431152047,0.0027859423117630455,0.0
5,0.0,164,forward,4.687507593432311,0.0,0.0,0.0,0.0,0.0,0.0,1.941495027287055e-06,2.1877461958903868,-0.0022799291564834273,0.0016072570141874509,0.002978748100522066,0.0
5,0.0,165,forward,4.686768685142676,0.0,0.0,0.0,0.0,0.0,0.0,1.9465652512683828e-06,2.1696190912624176,-0.002224190896358749,0.0016297815692265449,0.003176906918119171,0.0
5,0.0,166,forward,4.685763741900046,0.0,0.0,0.0,0.0,0.0,0.0,1.951385123960893e-06,2.15146553634138,-0.002167337750108037,0.0016517430683745812,0.0033801770868758796,0.0
5,0.0,167,forward,4.684494734740362,0.0,0.0,0.0,0.0,0.0,0.0,1.955956254860717e-06,2.133283052924003,-0.0021093880406123475,0.0016731304524429532,0.003588306834949373,0.0
5,0.0,168,forward,4.682963597062849,0.0,0.0,0.0,0.0,0.0,0.0,1.9602807115039157e-06,2.1150691855169823,-0.002050360603722591,0.0016939328480693775,0.0038010346156170383,0.0
5,0.0,169,forward,4.681172221416515,0.0,0.0,0.0,0.0,0.0,0.0,1.964361020005022e-06,2.0968215036362956,-0.0019902747827643956,0.001714139572820961,0.004018089445240347,0.0
5,0.0,170,forward,4.6791224563818705,0.0,0.0,0.0,0.0,0.0,0.0,1.96820016486402e-06,2.078537604178506,-0.0019291504228174732,0.00173374014024124,0.004239191259519104,0.0
5,0.0,171,forward,4.676816103553737,0.0,0.0,0.0,0.0,0.0,0.0,1.971801588036173e-06,2.0602151138685754,-0.001867007864771002,0.0017527242648388878,0.004464051287618842,0.0
5,0.0,172,forward,4.674254914630939,0.0,0.0,0.0,0.0,0.0,0.0,1.9751691872601737e-06,2.041851691788277,-0.0018038679391563855,0.0017710818670158316,0.004692372443713677,0.0
5,0.0,173,forward,4.671440588618697,0.0,0.0,0.0,0.0,0.0,0.0,1.978307313641397e-06,2.023445031988943,-0.001739751959759034,0.0017888030779325723,0.0049238497354658906,0.0
5,0.0,174,forward,4.668374769149441,0.0,0.0,0.0,0.0,0.0,0.0,1.9812207684883087e-06,2.004992866191807,-0.0016746817170108996,0.0018058782443085705,0.005158170688917663,0.0
5,0.0,175,forward,4.665059041927758,0.0,0.0,0.0,0.0,0.0,0.0,1.983914799400813e-06,1.9864929665787436,-0.0016086794711654142,0.0018222979331553766,0.005395015789251056,0.0
5,0.0,176,forward,4.661494932305096,0.0,0.0,0.0,0.0,0.0,0.0,1.9863950956111006e-06,1.9679431486756362,-0.0015417679452567684,0.0018380529364404772,0.005634058936833997,0.0
5,0.0,177,forward,4.657683902989761,0.0,0.0,0.0,0.0,0.0,0.0,1.9886677825783384e-06,1.9493412743300684,-0.0014739703178455329,0.001853134275679621,0.005874967917941953,0.0
5,0.0,178,forward,4.6536273518977085,0.0,0.0,0.0,0.0,0.0,0.0,1.9907394158399668e-06,1.9306852547842759,-0.0014053102155523816,0.0018675332064555918,0.006117404889513067,0.0
5,0.0,179,forward,4.649326610149456,0.0,0.0,0.0,0.0,0.0,0.0,1.992616974123453e-06,1.9119730538438882,-0.0013358117053827725,0.0018812412228611504,0.006361026877272691,0.0
5,0.0,180,forward,4.644782940218402,0.0,0.0,0.0,0.0,0.0,0.0,1.9943078517236633e-06,1.8932026911417408,-0.0012654992868437397,0.0018942500618642883,0.006605486286521134,0.0
5,0.0,181,forward,4.6399975342356905,0.0,0.0,0.0,0.0,0.0,0.0,1.9958198501522163e-06,1.8743722454958396,-0.0011943978838563076,0.001906551707593513,0.006850431424868519,0.0
5,0.0,182,forward,4.634971512456627,0.0,0.0,0.0,0.0,0.0,0.0,1.9971611690663733e-06,1.8554798583591086,-0.0011225328364649417,0.0019181383955413028,0.00709550703615669,0.0
5,0.0,183,forward,4.629705921893524,0.0,0.0,0.0,0.0,0.0,0.0,1.998340396486248e-06,1.8365237373580623,-0.0010499298923472013,0.0019290026166835959,0.007340354844799002,0.0
5,0.0,184,forward,4.624201735119713,0.0,0.0,0.0,0.0,0.0,0.0,1.999366498310408e-06,1.8175021599163055,-0.0009766151981259535,0.001939137121513406,0.007584614109729659,0.0
5,0.0,185,forward,4.618459849249281,0.0,0.0,0.0,0.0,0.0,0.0,2.0002488071409573e-06,1.7984134769577986,-0.0009026152904868316,0.0019485349239865438,0.0078279221871429,0.0
5,0.0,186,forward,4.612481085096959,0.0,0.0,0.0,0.0,0.0,0.0,2.000997010430593e-06,1.7792561166836824,-0.000827957087103648,0.00195718930537755,0.008069915101172276,0.0
5,0.0,187,forward,4.606266186522383,0.0,0.0,0.0,0.0,0.0,0.0,2.0016211379652927e-06,1.7600285884154085,-0.0007526678773749838,0.0019650938180439293,0.008310228121644947,0.0
5,0.0,188,forward,4.599815819962812,0.0,0.0,0.0,0.0,0.0,0.0,2.0021315486972334e-06,1.740729486495502,-0.0006767753129744148,0.001972242289096779,0.008548496348018908,0.0
5,0.0,189,forward,4.5931305741581525,0.0,0.0,0.0,0.0,0.0,0.0,2.002538916944052e-06,1.721357494236213,-0.000600307398217738,0.0019786288239760056,0.008784355298607327,0.0
5,0.0,190,forward,4.586210960072,0.0,0.0,0.0,0.0,0.0,0.0,2.0028542179715364e-06,1.7019113879049386,-0.0005232924802503273,0.0019842478099283277,0.009017441504153734,0.0
5,0.0,191,forward,4.579057411012179,0.0,0.0,0.0,0.0,0.0,0.0,2.0030887129776938e-06,1.6823900407339178,-0.0004457592390576318,0.0019890939193861605,0.009247393104836021,0.0
5,0.0,192,forward,4.5716702829540745,0.0,0.0,0.0,0.0,0.0,0.0,2.0032539334979148e-06,1.662792426940397,-0.00036773667730223564,0.0019931621132458174,0.009473850449734256,0.0
5,0.0,193,forward,4.564049855069866,0.0,0.0,0.0,0.0,0.0,0.0,2.003361665251363e-06,1.6431176257421165,-0.00028925410999102596,0.0019964476440431666,0.009696456697805056,0.0
5,0.0,194,forward,4.556196330466529,0.0,0.0,0.0,0.0,0.0,0.0,2.0034239314501157e-06,1.623364825351441,-0.00021034115397557815,0.0019989460590251096,0.009914858419390216,0.0
5,0.0,195,forward,4.548109837135312,0.0,0.0,0.0,0.0,0.0,0.0,2.0034529755936017e-06,1.6035333269301988,-0.0001310277172894073,0.00200065320311524,0.010128706197263915,0.0
5,0.0,196,forward,4.539790429115164,0.0,0.0,0.0,0.0,0.0,0.0,2.00346124377183e-06,1.5836225484860105,-5.134398832613158e-05,0.002001565221772053,0.01033765522624197,0.0
5,0.0,197,forward,4.531238087872383,0.0,0.0,0.0,0.0,0.0,0.0,2.003461366501866e-06,1.5636320286892804,2.8679575138496064e-05,0.0020016785637381354,0.010541365910343048,0.0
5,0.0,198,forward,4.522452723898582,0.0,0.0,0.0,0.0,0.0,0.0,2.0034661401230603e-06,1.5435614305890901,0.00010901225707630331,0.0020009899836788184,0.010739504456501514,0.0
5,0.0,199,forward,4.51343417852882,0.0,0.0,0.0,0.0,0.0,0.0,2.0034885077772674e-06,1.5234105452048283,0.00018962309448455203,0.001999496544708736,0.010931743463834742,0.0
5,0.0,200,forward,4.504182225981608,0.0,0.0,0.0,0.0,0.0,0.0,2.0035415400013848e-06,1.503179294969314,0.0002704808888081001,0.0019971956208048865,0.011117762507445894,0.0
6,0.0,1,forward,0.41078271911902337,0.0,0.0,0.0,0.0,0.0,0.0,1.252599354642613e-06,-1.3564632237500962,0.0006732515752233341,-0.001546565460326336,0.4676306043456582,0.0
6,0.0,2,forward,0.7293849191254954,0.0,0.0,0.0,0.0,0.0,0.0,1.2530131981719154e-06,-1.3756691134672883,0.0006138305783269031,-0.0015530020011972278,0.26883609858518037,0.0
6,0.0,3,forward,0.9785979029368012,0.0,0.0,0.0,0.0,0.0,0.0,1.2533538415744587e-06,-1.3949461556948832,0.0005539254559755771,-0.0015588418066993656,0.15727913158687862,0.0
6,0.0,4,forward,1.1753231307988785,0.0,0.0,0.0,0.0,0.0,0.0,1.2536279080472468e-06,-1.4142956947847563,0.0004935582815851944,-0.0015640801451145185,0.09477093537800951,0.0
6,0.0,5,forward,1.3321471673351173,0.0,0.0,0.0,0.0,0.0,0.0,1.2538422120014025e-06,-1.4337189833571482,0.00043275140222312844,-0.0015687125068658497,0.059909168953882486,0.0
6,0.0,6,forward,1.4584867457416186,0.0,0.0,0.0,0.0,0.0,0.0,1.2540037497749629e-06,-1.4532171782969994,0.0003715274307468167,-0.0015727346072156349,0.04064157586061615,0.0
6,0.0,7,forward,1.561422420557207,0.0,0.0,0.0,0.0,0.0,0.0,1.2541196899792738e-06,-1.4727913367354226,0.00030990923780425955,-0.0015761423888836104,0.030152980694749185,0.0
6,0.0,8,forward,1.646306574827719,0.0,0.0,0.0,0.0,0.0,0.0,1.2541973634916445e-06,-1.4924424120310968,0.00024791994369914935,-0.0015789320245846504,0.024577538661657447,0.0
6,0.0,9,forward,1.7172078479860415,0.0,0.0,0.0,0.0,0.0,0.0,1.2542442531074937e-06,-1.5121712497677782,0.00018558291012322345,-0.001581099919484427,0.021718909329781932,0.0
6,0.0,10,forward,1.7772368790259772,0.0,0.0,0.0,0.0,0.0,0.0,1.2542679828658308e-06,-1.5319785837853792,0.0001229217317589189,-0.0015826427135717006,0.020330159000245374,0.0
6,0.0,11,forward,1.8287858268061588,0.0,0.0,0.0,0.0,0.0,0.0,1.2542763070626833e-06,-1.5518650322636534,5.996022775479199e-05,-0.0015835572839460225,0.019706300237988916,0.0
6,0.0,12,forward,1.8737051378905423,0.0,0.0,0.0,0.0,0.0,0.0,1.2542770989675506e-06,-1.5718310938786064,-3.2775669230392106e-06,-0.0015838407470195415,0.01945248565745833,0.0
6,0.0,13,forward,1.9134345375872166,0.0,0.0,0.0,0.0,0.0,0.0,1.2542783392586139e-06,-1.5918771440532482,-6.676741026068884e-05,-0.001583490460631684,0.019351476251652844,0.0
6,0.0,14,forward,1.949100533331144,0.0,0.0,0.0,0.0,0.0,0.0,1.254288104193112e-06,-1.6120034313254137,-0.00013048486208445956,-0.001582504026075564,0.01928754353422968,0.0
6,0.0,15,forward,1.98158933990608,0.0,0.0,0.0,0.0,0.0,0.0,1.2543145535296882e-06,-1.6322100738565017,-0.00019440529306374857,-0.0015808792900349115,0.019202631940721193,0.0
6,0.0,16,forward,2.0116016989191334,0.0,0.0,0.0,0.0,0.0,0.0,1.2543659182200857e-06,-1.6524970561060992,-0.00025850389382591285,-0.0015786143464303593,0.019071059009568514,0.0
6,0.0,17,forward,2.0396943065274753,0.0,0.0,0.0,0.0,0.0,0.0,1.254450487888283e-06,-1.6728642256982806,-0.00032275568417980757,-0.0015757075381740966,0.018884917336981222,0.0
6,0.0,18,forward,2.0663112931143814,0.0,0.0,0.0,0.0,0.0,0.0,1.2545765981152588e-06,-1.6933112905061707,-0.00038713552244475097,-0.0015721574588316736,0.018645678046342762,0.0
6,0.0,19,forward,2.0918082792292587,0.0,0.0,0.0,0.0,0.0,0.0,1.2547526175484064e-06,-1.7138378159819447,-0.00045161811488162595,-0.001567962954190018,0.018359397350305062,0.0
6,0.0,20,forward,2.11647086510153,0.0,0.0,0.0,0.0,0.0,0.0,1.2549869348548859e-06,-1.7344432227597895,-0.0005161780252226391,-0.001563123123730654,0.018034018608684532,0.0
6,0.0,21,forward,2.1405289257389546,0.0,0.0,0.0,0.0,0.0,0.0,1.2552879455384735e-06,-1.7551267845596465,-0.0005807896842965032,-0.0015576373220070503,0.017677891573651627,0.0
6,0.0,22,forward,2.1641677293752664,0.0,0.0,0.0,0.0,0.0,0.0,1.2556640386402998e-06,-1.7758876264193526,-0.0006454273997453555,-0.0015515051599253665,0.01729899553083769,0.0
6,0.0,23,forward,2.1875366375292966,0.0,0.0,0.0,0.0,0.0,0.0,1.256123583343542e-06,-1.7967247232826538,-0.000710065365830067,-0.0015447265059274527,0.01690456582762423,0.0
6,0.0,24,forward,2.2107559541210646,0.0,0.0,0.0,0.0,0.0,0.0,1.2566749155030712e-06,-1.8176368989698823,-0.0007746776733202795,-0.001537301487075399,0.0165009478550478,0.0
6,0.0,25,forward,2.233922350228237,0.0,0.0,0.0,0.0,0.0,0.0,1.2573263241210565e-06,-1.8386228255572294,-0.0008392383194654325,-0.0015292304900367973,0.016093575734090537,0.0
6,0.0,26,forward,2.2571131866619436,0.0,0.0,0.0,0.0,0.0,0.0,1.2580860377897379e-06,-1.8596810231895273,-0.0009037212180433922,-0.0015205141619698411,0.015687016049275138,0.0
6,0.0,27,forward,2.280389978841141,0.0,0.0,0.0,0.0,0.0,0.0,1.2589622111229256e-06,-1.8808098603498207,-0.0009681002094827433,-0.0015111534113075485,0.015285042365882906,0.0
6,0.0,28,forward,2.303801190379636,0.0,0.0,0.0,0.0,0.0,0.0,1.259962911198005e-06,-1.9020075546072779,-0.0010323490710549557,-0.0015011494084404503,0.01489072121323709,0.0
6,0.0,29,forward,2.32738449822652,0.0,0.0,0.0,0.0,0.0,0.0,1.261096104030165e-06,-1.9232721738630012,-0.0010964415271328065,-0.0014905035862969355,0.014506498979707683,0.0
6,0.0,30,forward,2.351168639364607,0.0,0.0,0.0,0.0,0.0,0.0,1.2623696411010176e-06,-1.944601638110743,-0.0011603512595110904,-0.0014792176408207427,0.014134284264422314,0.0
6,0.0,31,forward,2.3751749242212123,0.0,0.0,0.0,0.0,0.0,0.0,1.2637912459635216e-06,-1.9659937217268812,-0.001224051917785664,-0.001467293531344902,0.013775523159653469,0.0
6,0.0,32,forward,2.3994184830577407,0.0,0.0,0.0,0.0,0.0,0.0,1.265368500945455e-06,-1.987446056301054,-0.001287517129787093,-0.001454733480861597,0.013431266584535417,0.0
6,0.0,33,forward,2.4239092971851863,0.0,0.0,0.0,0.0,0.0,0.0,1.2671088339735935e-06,-2.0089561340154716,-0.0013507205120648002,-0.0014415399761874483,0.013102229683969902,0.0
6,0.0,34,forward,2.4486530557949995,0.0,0.0,0.0,0.0,0.0,0.0,1.26901950554057e-06,-2.03052131157744,-0.0014136356804176425,-0.0014277157680236436,0.012788843761317947,0.0
6,0.0,35,forward,2.473651870675712,0.0,0.0,0.0,0.0,0.0,0.0,1.2711075958367833e-06,-2.0521388147058968,-0.0014762362604670844,-0.001413263870910617,0.012491301416992173,0.0
6,0.0,36,forward,2.4989048744911297,0.0,0.0,0.0,0.0,0.0,0.0,1.2733799920690698e-06,-2.073805743168807,-0.0015384958982688076,-0.0013981875630766935,0.012209595628298153,0.0
6,0.0,37,forward,2.5244087231659043,0.0,0.0,0.0,0.0,0.0,0.0,1.275843375988222e-06,-2.095519076364096,-0.0016003882709585556,-0.001382490386180508,0.011943553493917625,0.0
6,0.0,38,forward,2.5501580189132653,0.0,0.0,0.0,0.0,0.0,0.0,1.2785042116469265e-06,-2.117275679432733,-0.00166188709742824,-0.0013661761449467373,0.011692865317172951,0.0
6,0.0,39,forward,2.576145667287281,0.0,0.0,0.0,0.0,0.0,0.0,1.2813687334097307e-06,-2.139072309888204,-0.0017229661490280256,-0.0013492489066949597,0.01145710963715052,0.0
6,0.0,40,forward,2.60236317915097,0.0,0.0,0.0,0.0,0.0,0.0,1.2844429342362811e-06,-2.16090562474245,-0.0017835992602903419,-0.0013317130007613348,0.011235774747809346,0.0
6,0.0,41,forward,2.628800926472536,0.0,0.0,0.0,0.0,0.0,0.0,1.287732554258913e-06,-2.182772188104042,-0.001843760339671527,-0.0013135730178129698,0.011028277178582346,0.0
6,0.0,42,forward,2.6554483592808342,0.0,0.0,0.0,0.0,0.0,0.0,1.2912430696751529e-06,-2.204668479220277,-0.0019034233803067251,-0.0012948338090547561,0.010833977548687201,0.0
6,0.0,43,forward,2.6822941898409387,0.0,0.0,0.0,0.0,0.0,0.0,1.2949796819757406e-06,-2.2265909009310247,-0.001962562470774178,-0.0012755004853286036,0.010652194152509287,0.0
6,0.0,44,forward,2.7093265490844605,0.0,0.0,0.0,0.0,0.0,0.0,1.2989473075279452e-06,-2.24853578849821,-0.0020211518058641524,-0.0012555784161049908,0.010482214585166072,0.0
6,0.0,45,forward,2.73653311949563,0.0,0.0,0.0,0.0,0.0,0.0,1.3031505675339346e-06,-2.2704994187715544,-0.0020791656973486177,-0.0012350732283667955,0.01032330567532358,0.0
6,0.0,46,forward,2.763901247973259,0.0,0.0,0.0,0.0,0.0,0.0,1.3075937783832185e-06,-2.292478019647866,-0.002136578584747036,-0.0012139908053854388,0.010174721955935162,0.0
6,0.0,47,forward,2.7914180416296386,0.0,0.0,0.0,0.0,0.0,0.0,1.3122809424179305e-06,-2.3144677797784943,-0.002193365046084195,-0.0011923372853893826,0.010035712872145885,0.0
6,0.0,48,forward,2.8190704490260456,0.0,0.0,0.0,0.0,0.0,0.0,1.317215739129033e-06,-2.3364648584770973,-0.00224949980863555,-0.0011701190601251022,0.009905528898495941,0.0
6,0.0,49,forward,2.846845328961929,0.0,0.0,0.0,0.0,0.0,0.0,1.3224015168010484e-06,-2.358465395777956,-0.0023049577596557795,-0.0011473427733106581,0.009783426714196741,0.0
6,0.0,50,forward,2.8747295086160873,0.0,0.0,0.0,0.0,0.0,0.0,1.3278412846224456e-06,-2.380465522593616,-0.002359713957086299,-0.0011240153189820852,0.009668673565073505,0.0
6,0.0,51,forward,2.902709832571456,0.0,0.0,0.0,0.0,0.0,0.0,1.3335377052779211e-06,-2.4024613709195948,-0.0024137436402371167,-0.0011001438397327987,0.009560550923368494,0.0
6,0.0,52,forward,2.930773204031065,0.0,0.0,0.0,0.0,0.0,0.0,1.3394930880385226e-06,-2.4244490840335153,-0.0024670222404388977,-0.0010757357248463246,0.009458357541524687,0.0
6,0.0,53,forward,2.958906619343808,0.0,0.0,0.0,0.0,0.0,0.0,1.3457093823645645e-06,-2.4464248266359947,-0.0025195253916606227,-0.0010507986083226567,0.009361411983051071,0.0
6,0.0,54,forward,2.9870971967988025,0.0,0.0,0.0,0.0,0.0,0.0,1.3521881720358928e-06,-2.4683847948812856,-0.0025712289410887022,-0.0010253403667986134,0.009269054702267798,0.0
6,0.0,55,forward,3.01533220051143,0.0,0.0,0.0,0.0,0.0,0.0,1.3589306698229975e-06,-2.490325226246645,-0.0026221089596628823,-0.0009993691173625988,0.009180649734958135,0.0
6,0.0,56,forward,3.0435990601086527,0.0,0.0,0.0,0.0,0.0,0.0,1.3659377127120042e-06,-2.5122424091910665,-0.002672141752564736,-0.0009728932152642274,0.009095586053458948,0.0
6,0.0,57,forward,3.0718853868225846,0.0,0.0,0.0,0.0,0.0,0.0,1.3732097576955722e-06,-2.534132692556015,-0.0027213038696542254,-0.0009459212515193009,0.009013278632378774,0.0
6,0.0,58,forward,3.100178986516969,0.0,0.0,0.0,0.0,0.0,0.0,1.3807468781411015e-06,-2.5559924946632955,-0.002769572115850064,-0.0009184620504106806,0.008933169264750629,0.0
6,0.0,59,forward,3.1284678700988877,0.0,0.0,0.0,0.0,0.0,0.0,1.38854876074665e-06,-2.577818312068052,-0.0028169235614493864,-0.0008905246668856525,0.008854727162916243,0.0
6,0.0,60,forward,3.1567402617058598,0.0,0.0,0.0,0.0,0.0,0.0,1.3966147030942199e-06,-2.599606727928148,-0.0028633355523824404,-0.0008621183838503867,0.008777449373659318,0.0
6,0.0,61,forward,3.184984605005038,0.0,0.0,0.0,0.0,0.0,0.0,1.404943611809037e-06,-2.6213544199546637,-0.002908785720397746,-0.0008332527093621937,0.008700861032987839,0.0
6,0.0,62,forward,3.2131895678950695,0.0,0.0,0.0,0.0,0.0,0.0,1.4135340013328286e-06,-2.6430581679121437,-0.002953251993173652,-0.0008039373737202625,0.00862451548240073,0.0
6,0.0,63,forward,3.2413440458613736,0.0,0.0,0.0,0.0,0.0,0.0,1.422383993317839e-06,-2.6647148606410718,-0.002996712604351658,-0.0007741823264556872,0.008547994265417636,0.0
6,0.0,64,forward,3.2694371642011695,0.0,0.0,0.0,0.0,0.0,0.0,1.4314913166476486e-06,-2.6863215025793683,-0.003039146103487399,-0.0007439977332215076,0.008470907020520557,0.0
6,0.0,65,forward,3.297458279304756,0.0,0.0,0.0,0.0,0.0,0.0,1.4408533080896752e-06,-2.7078752197637255,-0.003080531365914699,-0.0007133939725837113,0.008392891284389359,0.0
6,0.0,66,forward,3.3253969791537203,0.0,0.0,0.0,0.0,0.0,0.0,1.4504669135836106e-06,-2.729373265296101,-0.0031208476025187952,-0.0006823816327139847,0.008313612217397237,0.0
6,0.0,67,forward,3.35324308317432,0.0,0.0,0.0,0.0,0.0,0.0,1.4603286901685184e-06,-2.750813024264696,-0.003160074369413971,-0.0006509715079852228,0.008232762261670246,0.0
6,0.0,68,forward,3.380986641564808,0.0,0.0,0.0,0.0,0.0,0.0,1.4704348085508691e-06,-2.7721920181131057,-0.0031981915775216798,-0.0006191745954707328,0.008150060740622744,0.0
6,0.0,69,forward,3.4086179341985314,0.0,0.0,0.0,0.0,0.0,0.0,1.4807810563145622e-06,-2.793507908455327,-0.0032351795020449524,-0.0005870020913481562,0.008065253407681272,0.0
6,0.0,70,forward,3.436127469189915,0.0,0.0,0.0,0.0,0.0,0.0,1.4913628417725733e-06,-2.8147585003381566,-0.0032710187918344115,-0.0005544653872091716,0.007978111950897038,0.0
6,0.0,71,forward,3.463505981197594,0.0,0.0,0.0,0.0,0.0,0.0,1.5021751984597824e-06,-2.8359417449563527,-0.0033056904786424248,-0.0005215760662761038,0.007888433459298128,0.0
6,0.0,72,forward,3.4907444295278194,0.0,0.0,0.0,0.0,0.0,0.0,1.5132127902642645e-06,-2.857055741829308,-0.003339175986260497,-0.0004883458995264979,0.007796039856098003,0.0
6,0.0,73,forward,3.5178339960914844,0.0,0.0,0.0,0.0,0.0,0.0,1.5244699171945349e-06,-2.878098740451224,-0.003371457139536398,-0.0004547868417270028,0.007700777303268902,0.0
6,0.0,74,forward,3.5447660832596823,0.0,0.0,0.0,0.0,0.0,0.0,1.5359405217780837e-06,-2.8990691414298104,-0.0034025161732664584,-0.000420911027377572,0.007602515581475289,0.0
6,0.0,75,forward,3.571532311655273,0.0,0.0,0.0,0.0,0.0,0.0,1.5476181960863753e-06,-2.9199654971310225,-0.003432335740959282,-0.0003867307665674884,0.007501147448909062,0.0
6,0.0,76,forward,3.5981245179115184,0.0,0.0,0.0,0.0,0.0,0.0,1.559496189379827e-06,-2.9407865118498737,-0.0034608989234666894,-0.0003522585407443099,0.00739658798221543,0.0
6,0.0,77,forward,3.624534752423223,0.0,0.0,0.0,0.0,0.0,0.0,1.571567416365521e-06,-2.96153104152924,-0.0034881892374778946,-0.00031750699839721257,0.0072887739023618225,0.0
6,0.0,78,forward,3.6507552771109415,0.0,0.0,0.0,0.0,0.0,0.0,1.5838244660594268e-06,-2.9821980930503647,-0.0035141906438731223,-0.0002824889506560895,0.007177662888039893,0.0
6,0.0,79,forward,3.676778563214562,0.0,0.0,0.0,0.0,0.0,0.0,1.5962596112434938e-06,-3.0027868231201476,-0.0035388875559324647,-0.00024721736680780217,0.007063232878953052,0.0
6,0.0,80,forward,3.7025972891288954,0.0,0.0,0.0,0.0,0.0,0.0,1.6088648185075663e-06,-3.023296536781415,-0.003562264847396517,-0.0002117053697310613,0.006945481371132267,0.0
6,0.0,81,forward,3.7282043382907046,0.0,0.0,0.0,0.0,0.0,0.0,1.6216317588643038e-06,-3.043726685573086,-0.003584307860374517,-0.00017596623125149677,0.006824424706242893,0.0
6,0.0,82,forward,3.753592797123852,0.0,0.0,0.0,0.0,0.0,0.0,1.6345518189248985e-06,-3.0640768653677943,-0.003605002413096512,-0.00014001336741835404,0.0067000973566861965,0.0
6,0.0,83,forward,3.7787559530468697,0.0,0.0,0.0,0.0,0.0,0.0,1.6476161126220637e-06,-3.0843468139146406,-0.0036243348075057015,-0.00010386033370449883,0.006572551208140931,0.0
6,0.0,84,forward,3.8036872925451974,0.0,0.0,0.0,0.0,0.0,0.0,1.660815493465939e-06,-3.104536408114835,-0.0036422918366873854,-6.752082013126993e-05,0.006441854841068184,0.0
6,0.0,85,forward,3.828380499308631,0.0,0.0,0.0,0.0,0.0,0.0,1.6741405673173827e-06,-3.1246456610577056,-0.0036588607921307294,-3.100864631989248e-05,0.006308092812563615,0.0
6,0.0,86,forward,3.852829452433,0.0,0.0,0.0,0.0,0.0,0.0,1.6875817056623029e-06,3.1385105883354494,-0.0036740294708198025,5.662243528898465e-06,0.006171364939833279,0.0
6,0.0,87,forward,3.877028224683882,0.0,0.0,0.0,0.0,0.0,0.0,1.701129059369858e-06,3.1185614499557026,-0.003687786182150488,4.247778572528949e-05,0.006031785586449789,0.0
6,0.0,88,forward,3.9009710808191005,0.0,0.0,0.0,0.0,0.0,0.0,1.7147725729161446e-06,3.0986918291072083,-0.0037001197546696206,7.942380224911472e-05,0.005889482952438296,0.0
6,0.0,89,forward,3.9246524759659067,0.0,0.0,0.0,0.0,0.0,0.0,1.7285019990544208e-06,3.0789012014478496,-0.0037110195426331084,0.00011648600597504931,0.005744598369145537,0.0
6,0.0,90,forward,3.9480670540480443,0.0,0.0,0.0,0.0,0.0,0.0,1.742306913911754e-06,3.0591889239399257,-0.0037204754323795363,0.00015365000596253775,0.005597285599732049,0.0
6,0.0,91,forward,3.971209646257339,0.0,0.0,0.0,0.0,0.0,0.0,1.7561767324913398e-06,3.0395542387109376,-0.0037284778485160435,0.00019090131280844264,0.005447710146047724,0.0
6,0.0,92,forward,3.9940752695640325,0.0,0.0,0.0,0.0,0.0,0.0,1.7701007245587248e-06,3.0199962769827073,-0.0037350177599131053,0.0002282253440606848,0.005296048562544398,0.0
6,0.0,93,forward,4.016659125259757,0.0,0.0,0.0,0.0,0.0,0.0,1.784068030889883e-06,3.0005140630489415,-0.003740086685505462,0.0002656074296908361,0.005142487777796911,0.0
6,0.0,94,forward,4.0389565975268304,0.0,0.0,0.0,0.0,0.0,0.0,1.7980676798573741e-06,2.981106518282567,-0.0037436766998954767,0.0003030328176237621,0.004987224424118586,0.0
6,0.0,95,forward,4.060963252027413,0.0,0.0,0.0,0.0,0.0,0.0,1.8120886043310437e-06,2.9617724651556405,-0.00374578043875631,0.00034048667932224877,0.0048304641756719,0.0
6,0.0,96,forward,4.082674834506017,0.0,0.0,0.0,0.0,0.0,0.0,1.826119658868684e-06,2.9425106312558813,-0.0037463911040319553,0.0003779541154247564,0.004672421095402335,0.0
6,0.0,97,forward,4.104087269398838,0.0,0.0,0.0,0.0,0.0,0.0,1.8401496371710396e-06,2.923319653285427,-0.003745502468930913,0.00041542016143407764,0.004513316991046179,0.0
6,0.0,98,forward,4.125196658443497,0.0,0.0,0.0,0.0,0.0,0.0,1.8541672897756046e-06,2.90419808102868,-0.0037431088827110733,0.0004528697934548833,0.004353380780398264,0.0
6,0.0,99,forward,4.1459992792828215,0.0,0.0,0.0,0.0,0.0,0.0,1.8681613419624054e-06,2.885144381277425,-0.0037392052752526672,0.0004902879339781439,0.004192847865961968,0.0
6,0.0,100,forward,4.166491584056501,0.0,0.0,0.0,0.0,0.0,0.0,1.8821205118450275e-06,2.86615694170288,-0.003733787161417025,0.0005276594577101405,0.004031959519046002,0.0
6,0.0,101,forward,4.186670197974621,0.0,0.0,0.0,0.0,0.0,0.0,1.8960335286189083e-06,2.8472340746654345,-0.003726850645188053,0.0005649691974440111,0.0038709622733211213,0.0
6,0.0,102,forward,4.206531917867307,0.0,0.0,0.0,0.0,0.0,0.0,1.9098891509393023e-06,2.828374020954194,-0.003718392423594376,0.0006022019499716571,0.00371010732780358,0.0
6,0.0,103,forward,4.226073710704934,0.0,0.0,0.0,0.0,0.0,0.0,1.923676185400035e-06,2.8095749534496206,-0.003708409790409335,0.0006393424820336815,0.0035496499591924358,0.0
6,0.0,104,forward,4.245292712083655,0.0,0.0,0.0,0.0,0.0,0.0,1.9373835050844543e-06,2.7908349807035844,-0.003696900639626633,0.0006763755363053404,0.0033898489434552315,0.0
6,0.0,105,forward,4.264186224671248,0.0,0.0,0.0,0.0,0.0,0.0,1.951000068159172e-06,2.772152150432439,-0.0036838634687093243,0.0007132858374159641,0.0032309659865253915,0.0
6,0.0,106,forward,4.282751716608601,0.0,0.0,0.0,0.0,0.0,0.0,1.964514936481278e-06,2.753524452919471,-0.0036692973816099474,0.0007500580979998875,0.0030732651639557296,0.0
6,0.0,107,forward,4.30098681986244,0.0,0.0,0.0,0.0,0.0,0.0,1.977917294188937e-06,2.734949824324296,-0.003653202091559536,0.0007866770247763022,0.002917012369357208,0.0
6,0.0,108,forward,4.318889328525232,0.0,0.0,0.0,0.0,0.0,0.0,1.9911964662457444e-06,2.7164261498974938,-0.003635577923623717,0.0008231273246559133,0.002762474771437873,0.0
6,0.0,109,forward,4.33645719705847,0.0,0.0,0.0,0.0,0.0,0.0,2.0043419369084175e-06,2.697951267099678,-0.0036164258170237125,0.0008593937108719898,0.002609920279457445,0.0
6,0.0,110,forward,4.353688538475922,0.0,0.0,0.0,0.0,0.0,0.0,2.0173433680875645e-06,2.6795229686250117,-0.003595747327220421,0.0008954609091333978,0.0024596170169113307,0.0
6,0.0,111,forward,4.37058162246367,0.0,0.0,0.0,0.0,0.0,0.0,2.030190617571318e-06,2.6611390053298387,-0.003573544627759919,0.0009313136637973015,0.0023118328032636914,0.0
6,0.0,112,forward,4.387134873434151,0.0,0.0,0.0,0.0,0.0,0.0,2.0428737570813697e-06,2.6427970890677877,-0.0035498205118785525,0.0009669367440591458,0.0021668346435637087,0.0
6,0.0,113,forward,4.403346868511639,0.0,0.0,0.0,0.0,0.0,0.0,2.055383090131019e-06,2.6244948954333376,-0.003524578393866031,0.0010023149501574605,0.002024888225788446,0.0
6,0.0,114,forward,4.419216335446979,0.0,0.0,0.0,0.0,0.0,0.0,2.0677091696550295e-06,2.6062300664163884,-0.0034978223101850736,0.0010374331195910638,0.001886257425783161,0.0
6,0.0,115,forward,4.434742150459663,0.0,0.0,0.0,0.0,0.0,0.0,2.079842815381176e-06,2.5880002129708455,-0.0034695569203461387,0.0010722761333463,0.001751203819687186,0.0
6,0.0,116,forward,4.449923336005587,0.0,0.0,0.0,0.0,0.0,0.0,2.0917751309132737e-06,2.5698029175007853,-0.003439787507535833,0.0011068289221316879,0.001619986203763385,0.0
6,0.0,117,forward,4.464759058469184,0.0,0.0,0.0,0.0,0.0,0.0,2.1034975204964034e-06,2.5516357362680493,-0.0034085199789979826,0.0011410764726177763,0.0014928601215778714,0.0
6,0.0,118,forward,4.479248625778846,0.0,0.0,0.0,0.0,0.0,0.0,2.115001705434237e-06,2.533496201725688,-0.003375760866165954,0.0011750038336793731,0.0013700773985102777,0.0
6,0.0,119,forward,4.493391484944833,0.0,0.0,0.0,0.0,0.0,0.0,2.1262797401298612e-06,2.51538182478174,-0.00334151732454531,0.001208596122638052,0.0012518856836066794,0.0
6,0.0,120,forward,4.507187219519148,0.0,0.0,0.0,0.0,0.0,0.0,2.1373240277208613e-06,2.497290096998478,-0.0033057971333458913,0.0012418385315020183,0.0011385279988266606,0.0
6,0.0,121,forward,4.520635546977072,0.0,0.0,0.0,0.0,0.0,0.0,2.148127335280736e-06,2.4792184927321457,-0.0032686086948623895,0.0012747163332012502,0.0010302422957695762,0.0
6,0.0,122,forward,4.533736316020321,0.0,0.0,0.0,0.0,0.0,0.0,2.1586828085582706e-06,2.461164471218776,-0.003229961033602649,0.0013072148878150033,0.0009272610200063564,0.0
6,0.0,123,forward,4.546489503802008,0.0,0.0,0.0,0.0,0.0,0.0,2.1689839862279256e-06,2.443125478611627,-0.003189863795163067,0.0013393196487894896,0.0008298106831785695,0.0
6,0.0,124,forward,4.5588952130738285,0.0,0.0,0.0,0.0,0.0,0.0,2.17902481362407e-06,2.425098949976161,-0.0031483272448505667,0.001371016169142904,0.0007381114430670965,0.0
6,0.0,125,forward,4.5709536692561,0.0,0.0,0.0,0.0,0.0,0.0,2.1887996559330435e-06,2.4070823112484634,-0.0031053622660505696,0.0014022901076554582,0.0006523766918692664,0.0
6,0.0,126,forward,4.582665217431487,0.0,0.0,0.0,0.0,0.0,0.0,2.1983033108175114e-06,2.389072981163222,-0.0030609803583407304,0.0014331272350418293,0.0005728126529608024,0.0
6,0.0,127,forward,4.594030319263462,0.0,0.0,0.0,0.0,0.0,0.0,2.2075310204482616e-06,2.3710683731574584,-0.003015193635350083,0.0014635134401034986,0.0004996179864551198,0.0
6,0.0,128,forward,4.605049549840737,0.0,0.0,0.0,0.0,0.0,0.0,2.2164784829191637e-06,2.3530658972563376,-0.0029680148223634717,0.001493434735858286,0.00043298340390666296,0.0
6,0.0,129,forward,4.615723594449085,0.0,0.0,0.0,0.0,0.0,0.0,2.2251418630223744e-06,2.335062961947301,-0.002919457253671195,0.0015228772656447934,0.00037309129253811427,0.0
6,0.0,130,forward,4.626053245272157,0.0,0.0,0.0,0.0,0.0,0.0,2.2335178023609973e-06,2.317056976048982,-0.0028695348696639263,0.0015518273091989605,0.00032011534940210723,0.0
6,0.0,131,forward,4.636039398023091,0.0,0.0,0.0,0.0,0.0,0.0,2.241603428777852e-06,2.299045350581231,-0.0028182622136730157,0.0015802712887003497,0.00027422022591630686,0.0
6,0.0,132,forward,4.645683048508828,0.0,0.0,0.0,0.0,0.0,0.0,2.2493963650796595e-06,2.2810255006426674,-0.00276565442855648,0.0016081957747855482,0.00023556118323734936,0.0
6,0.0,133,forward,4.654985289129288,0.0,0.0,0.0,0.0,0.0,0.0,2.256894737036859e-06,2.2629948473021124,-0.002711727253030939,0.0016355874925261112,0.0002042837589622112,0.0
6,0.0,134,forward,4.663947305313658,0.0,0.0,0.0,0.0,0.0,0.0,2.2640971806406563e-06,2.2449508195102035,-0.0026564970177500582,0.0016624333273686303,0.00018052344566637157,0.0
6,0.0,135,forward,4.67257037189621,0.0,0.0,0.0,0.0,0.0,0.0,2.271002848599309e-06,2.2268908560374827,-0.0025999806411299673,0.0016887203310341945,0.00016440538180584698,0.0
6,0.0,136,forward,4.680855849434264,0.0,0.0,0.0,0.0,0.0,0.0,2.2776114160576244e-06,2.208812407445047,-0.0025421956249223597,0.0017144357273750149,0.00015604405552470982,0.0
6,0.0,137,forward,4.688805180470979,0.0,0.0,0.0,0.0,0.0,0.0,2.2839230855235642e-06,2.190712938093936,-0.002483160049536023,0.0017395669181852864,0.00015554302192129265,0.0
6,0.0,138,forward,4.696419885745881,0.0,0.0,0.0,0.0,0.0,0.0,2.2899385909884712e-06,2.172589928199035,-0.002422892569107673,0.0017641014889642449,0.00016299463433444702,0.0
6,0.0,139,forward,4.7037015603561025,0.0,0.0,0.0,0.0,0.0,0.0,2.2956592012270137e-06,2.1544408759334033,-0.0023614124063230497,0.0017880272146284413,0.00017847979021628439,0.0
6,0.0,140,forward,4.710651869871511,0.0,0.0,0.0,0.0,0.0,0.0,2.301086722265729e-06,2.136263299588477,-0.0022987393469893693,0.00181133206517118,0.0002020676921595738,0.0
6,0.0,141,forward,4.717272546406999,0.0,0.0,0.0,0.0,0.0,0.0,2.3062234990089026e-06,2.1180547397956104,-0.0022348937343602995,0.0018340042112662861,0.0002338156246463989,0.0
6,0.0,142,forward,4.723565384655336,0.0,0.0,0.0,0.0,0.0,0.0,2.311072416012815e-06,2.0998127618140146,-0.0021698964632147475,0.0018560320298139576,0.00027376874707998183,0.0
6,0.0,143,forward,4.729532237884162,0.0,0.0,0.0,0.0,0.0,0.0,2.315636897400136e-06,2.081534957889953,-0.002103768973690832,0.0018774041094261759,0.0003219599036536,0.0
6,0.0,144,forward,4.735175013900764,0.0,0.0,0.0,0.0,0.0,0.0,2.319920905907509e-06,2.063218949691749,-0.0020365332448765597,0.0018981092558491184,0.0003784094505994637,0.0
6,0.0,145,forward,4.7404956709884605,0.0,0.0,0.0,0.0,0.0,0.0,2.3239289410614596e-06,2.04486239082471,-0.0019682117881587844,0.0019181364973204532,0.00044312510134626726,0.0
6,0.0,146,forward,4.745496213818502,0.0,0.0,0.0,0.0,0.0,0.0,2.327666036477867e-06,2.026462969429839,-0.0018988276403321231,0.0019374750898587397,0.0005161017900970552,0.0
6,0.0,147,forward,4.750178689341548,0.0,0.0,0.0,0.0,0.0,0.0,2.3311377562827165e-06,2.0080184108696275,-0.001828404356469674,0.0019561145224827573,0.0005973215543191995,0.0
6,0.0,148,forward,4.754545182662888,0.0,0.0,0.0,0.0,0.0,0.0,2.3343501906528985e-06,1.989526480503806,-0.001756966002557415,0.001974044522358422,0.0006867534366154504,0.0
6,0.0,149,forward,4.758597812905673,0.0,0.0,0.0,0.0,0.0,0.0,2.3373099504768392e-06,1.9709849865574154,-0.0016845371478942767,0.0019912550598707797,0.0007843534064198576,0.0
6,0.0,150,forward,4.762338729066595,0.0,0.0,0.0,0.0,0.0,0.0,2.340024161136659e-06,1.9523917830829576,-0.0016111428572600456,0.0020077363536188286,0.0008900643019347787,0.0
6,0.0,151,forward,4.765770105868487,0.0,0.0,0.0,0.0,0.0,0.0,2.342500455414859e-06,1.9337447730177344,-0.0015368086828532314,0.002023478875330904,0.0010038157926947205,0.0
6,0.0,152,forward,4.7688941396145115,0.0,0.0,0.0,0.0,0.0,0.0,2.34474696552986e-06,1.9150419113368429,-0.0014615606560012715,0.002038473354698298,0.0011255243631111689,0.0
6,0.0,153,forward,4.771713044048639,0.0,0.0,0.0,0.0,0.0,0.0,2.346772314305932e-06,1.896281208301554,-0.0013854252786454915,0.0020527107841247197,0.0012550933173176015,0.0
6,0.0,154,forward,4.774229046227274,0.0,0.0,0.0,0.0,0.0,0.0,2.3485856054853245e-06,1.8774607328019108,-0.0013084295146032386,0.002066182423389657,0.0013924128055985696,0.0
6,0.0,155,forward,4.776444382406963,0.0,0.0,0.0,0.0,0.0,0.0,2.350196413190661e-06,1.8585786157916606,-0.001230600780609912,0.0020788798042230936,0.0015373598726486637,0.0
6,0.0,156,forward,4.77836129395322,0.0,0.0,0.0,0.0,0.0,0.0,2.3516147705481596e-06,1.839633053812605,-0.0011519669371435478,0.0020907947347896323,0.0016897985278669925,0.0
6,0.0,157,forward,4.779982023275613,0.0,0.0,0.0,0.0,0.0,0.0,2.3528511574828542e-06,1.8206223126045222,-0.0010725562790347457,0.0021019193040796827,0.0018495798378549422,0.0
6,0.0,158,forward,4.781308809794311,0.0,0.0,0.0,0.0,0.0,0.0,2.3539164876992666e-06,1.8015447307957497,-0.0009923975258648787,0.0021122458862058127,0.0020165420412391055,0.0
6,0.0,159,forward,4.7823438859434235,0.0,0.0,0.0,0.0,0.0,0.0,2.354822094861395e-06,1.7823987236684595,-0.0009115198121555855,0.0021217671446019143,0.0021905106859027024,0.0
6,0.0,160,forward,4.7830894732165,0.0,0.0,0.0,0.0,0.0,0.0,2.3555797179879224e-06,1.7631827869914485,-0.000829952677352551,0.0021304760361231874,0.0023712987886614356,0.0
6,0.0,161,forward,4.78354777825966,0.0,0.0,0.0,0.0,0.0,0.0,2.3562014860802463e-06,1.7438955009121222,-0.0007477260556069955,0.0021383658150450732,0.00255870701737948,0.0
6,0.0,162,forward,4.783720989017855,0.0,0.0,0.0,0.0,0.0,0.0,2.3566999020011965e-06,1.7245355338980188,-0.0006648702653578137,0.0021454300369588603,0.0027525238954703157,0.0
6,0.0,163,forward,4.783611270939898,0.0,0.0,0.0,0.0,0.0,0.0,2.3570878256247847e-06,1.7051016467170301,-0.0005814159987180997,0.0021516625625621556,0.0029525260286905053,0.0
6,0.0,164,forward,4.783220763247846,0.0,0.0,0.0,0.0,0.0,0.0,2.3573784562780727e-06,1.6855926964440215,-0.0004973943106692387,0.0021570575613422548,0.0031584783540798966,0.0
6,0.0,165,forward,4.782551575276474,0.0,0.0,0.0,0.0,0.0,0.0,2.3575853144977542e-06,1.6660076404803097,-0.0004128366080663471,0.0021616095151505113,0.0033701344108634235,0.0
6,0.0,166,forward,4.78160578288853,0.0,0.0,0.0,0.0,0.0,0.0,2.357722223124933e-06,1.646345540570984,-0.00032777463845852164,0.002165313221665702,0.003587236633079527,0.0
6,0.0,167,forward,4.780385424971564,0.0,0.0,0.0,0.0,0.0,0.0,2.3578032877637877e-06,1.6266055668037436,-0.0002422404787278329,0.0021681637977448366,0.003809516663657808,0.0
6,0.0,168,forward,4.778892500022088,0.0,0.0,0.0,0.0,0.0,0.0,2.357842876629736e-06,1.606787001571473,-0.00015626652355064596,0.002170156682659311,0.004036695689622449,0.0
6,0.0,169,forward,4.77712896282288,0.0,0.0,0.0,0.0,0.0,0.0,2.357855599815033e-06,1.5868892434795132,-6.98854736855062e-05,0.0021712876412148534,0.004268484798053196,0.0
6,0.0,170,forward,4.775096721219223,0.0,0.0,0.0,0.0,0.0,0.0,2.3578562880002217e-06,1.5669118111771128,1.686967590881772e-05,0.0021715527667534565,0.004504585352393287,0.0
6,0.0,171,forward,4.772797632999886,0.0,0.0,0.0,0.0,0.0,0.0,2.357859970641339e-06,1.5468543470914522,0.0001039656481205964,0.0021709484840356755,0.0047446893886462504,0.0
6,0.0,172,forward,4.770233502888622,0.0,0.0,0.0,0.0,0.0,0.0,2.3578818536634445e-06,1.5267166210412493,0.00019136889589387726,0.0021694715520015483,0.004988480030970854,0.0
6,0.0,173,forward,4.767406079651941,0.0,0.0,0.0,0.0,0.0,0.0,2.3579372966927485e-06,1.5064985337059016,0.0002790456145944573,0.0021671190664087144,0.0052356319261281925,0.0
6,0.0,174,forward,4.764317053328893,0.0,0.0,0.0,0.0,0.0,0.0,2.358041789859871e-06,1.4862001199252062,0.0003669617545283763,0.002163888462346043,0.005485811696205989,0.0
6,0.0,175,forward,4.760968052588524,0.0,0.0,0.0,0.0,0.0,0.0,2.3582109302081628e-06,1.4658215518035715,0.00045508303360914526,0.0021597775166212895,0.005738678409001663,0.0
6,0.0,176,forward,4.757360642220637,0.0,0.0,0.0,0.0,0.0,0.0,2.358460397741904e-06,1.4453631415922192,0.0005433749501685127,0.0021547843500213854,0.005993884065405908,0.0
6,0.0,177,forward,4.75349632076542,0.0,0.0,0.0,0.0,0.0,0.0,2.3588059311498323e-06,1.4248253443219823,0.0006318027959068621,0.0021489074294438544,0.006251074103093779,0.0
6,0.0,178,forward,4.749376518287414,0.0,0.0,0.0,0.0,0.0,0.0,2.359263303240599e-06,1.4042087601591902,0.0007203316689782456,0.0021421455698980925,0.006509887915792767,0.0
6,0.0,179,forward,4.745002594299224,0.0,0.0,0.0,0.0,0.0,0.0,2.359848296126982e-06,1.3835141364568897,0.0008089264872052777,0.0021344979363750447,0.006769959387368574,0.0
6,0.0,180,forward,4.7403758358402595,0.0,0.0,0.0,0.0,0.0,0.0,2.360576676197071e-06,1.362742369473636,0.0008975520014195549,0.0021259640455841403,0.007030917439926343,0.0
6,0.0,181,forward,4.735497455715706,0.0,0.0,0.0,0.0,0.0,0.0,2.361464168910672e-06,1.3418945057326614,0.0009861728089221174,0.0021165437675561894,0.0072923865951028954,0.0
6,0.0,182,forward,4.730368590900796,0.0,0.0,0.0,0.0,0.0,0.0,2.3625264334600976e-06,1.3209717429945464,0.0010747533670596862,0.0021062373271110405,0.007553987547695318,0.0
6,0.0,183,forward,4.724990301115324,0.0,0.0,0.0,0.0,0.0,0.0,2.3637790373350547e-06,1.2999754308176754,0.0011632580069112707,0.0020950453051889494,0.007815337750732732,0.0
6,0.0,184,forward,4.719363567573215,0.0,0.0,0.0,0.0,0.0,0.0,2.3652374308315147e-06,1.2789070706818475,0.0012516509470800743,0.0020829686400444945,0.008076052011089407,0.0
6,0.0,185,forward,4.7134892919118085,0.0,0.0,0.0,0.0,0.0,0.0,2.366916921545339e-06,1.2577683156518258,0.0013398963075860611,0.002070008628302067,0.008335743094691983,0.0
6,0.0,186,forward,4.7073682953053755,0.0,0.0,0.0,0.0,0.0,0.0,2.3688326488912065e-06,1.2365609695596596,0.0014279581238534277,0.0020561669258718986,0.008594022340371321,0.0
6,0.0,187,forward,4.7010013177672,0.0,0.0,0.0,0.0,0.0,0.0,2.3709995586883804e-06,1.2152869856865403,0.001515800360788189,0.00204144554872582,0.008850500281368578,0.0
6,0.0,188,forward,4.694389017644417,0.0,0.0,0.0,0.0,0.0,0.0,2.3734323778541794e-06,1.1939484649275247,0.0016033869269403425,0.0020258468735316793,0.009104787273502168,0.0
6,0.0,189,forward,4.6875319713096015,0.0,0.0,0.0,0.0,0.0,0.0,2.3761455892471774e-06,1.1725476534251893,0.001690681688745352,0.002009373638145832,0.009356494128970994,0.0
6,0.0,190,forward,4.680430673052928,0.0,0.0,0.0,0.0,0.0,0.0,2.379153406701454e-06,1.151086939661259,0.0017776484848397447,0.0019920289419627477,0.009605232754767545,0.0
6,0.0,191,forward,4.673085535178527,0.0,0.0,0.0,0.0,0.0,0.0,2.3824697502935187e-06,1.129568850998746,0.0018642511404448894,0.0019738162461211185,0.00985061679464061,0.0
6,0.0,192,forward,4.665496888308476,0.0,0.0,0.0,0.0,0.0,0.0,2.3861082218837857e-06,1.1079960496704344,0.0019504534818141838,0.001954739373565787,0.010092262273561747,0.0
6,0.0,193,forward,4.657664981897677,0.0,0.0,0.0,0.0,0.0,0.0,2.390082080973742e-06,1.086371328213656,0.0020362193507372996,0.001934802508964894,0.010329788243605975,0.0
6,0.0,194,forward,4.649589984962649,0.0,0.0,0.0,0.0,0.0,0.0,2.3944042209204164e-06,1.0646976043549412,0.0021215126190966206,0.0019140101984816834,0.010562817430188831,0.0
6,0.0,195,forward,4.641271987027073,0.0,0.0,0.0,0.0,0.0,0.0,2.399087145549101e-06,1.0429779153525058,0.002206297203469772,0.0018923673494005077,0.010790976877549374,0.0
6,0.0,196,forward,4.632710999286745,0.0,0.0,0.0,0.0,0.0,0.0,2.404142946205139e-06,1.0212154118085714,0.00229053707977283,0.0018698792296065689,0.011013898592407312,0.0
6,0.0,197,forward,4.623906955996355,0.0,0.0,0.0,0.0,0.0,0.0,2.4095832792851005e-06,0.9994133509678657,0.002374196297938357,0.001846551466919009,0.011231220184688473,0.0
6,0.0,198,forward,4.614859716080336,0.0,0.0,0.0,0.0,0.0,0.0,2.415419344287439e-06,0.9775750895228832,0.002457238996622591,0.0018223900482770919,0.011442585504227498,0.0
6,0.0,199,forward,4.605569064969824,0.0,0.0,0.0,0.0,0.0,0.0,2.4216618624218647e-06,0.9557040759506699,0.0025396294179359587,0.0017974013187791202,0.011647645272347518,0.0
6,0.0,200,forward,4.596034716667547,0.0,0.0,0.0,0.0,0.0,0.0,2.428321055816577e-06,0.9338038424099985,0.0026213319221912936,0.0017715919805739784,0.011846057707232571,0.0
7,0.0,1,forward,0.4261277955618258,0.0,0.0,0.0,0.0,0.0,0.0,2.0769007985378673e-06,1.7721570805947315,-0.0008151850263203726,0.0019969088414750137,0.5161021282319218,0.0
7,0.0,2,forward,0.7563395579289692,0.0,0.0,0.0,0.0,0.0,0.0,2.0775036281277695e-06,1.7529032548700962,-0.000738255320566414,0.0020046774071843768,0.2975451740404847,0.0
7,0.0,3,forward,1.0144282990082851,0.0,0.0,0.0,0.0,0.0,0.0,2.0779924992147506e-06,1.7335773582151497,-0.0006607214647836348,0.00201167351946166,0.17429485158085978,0.0
7,0.0,4,forward,1.2180171061881635,0.0,0.0,0.0,0.0,0.0,0.0,2.0783786068960545e-06,1.7141781078363114,-0.0005826121180155902,0.0020178912790660146,0.10472611729833911,0.0
7,0.0,5,forward,1.3802054254376395,0.0,0.0,0.0,0.0,0.0,0.0,2.0786734529057285e-06,1.6947043153751704,-0.000503956284814932,0.002023325075125215,0.06551271071681469,0.0
7,0.0,6,forward,1.5107705984296,0.0,0.0,0.0,0.0,0.0,0.0,2.0788888298065555e-06,1.6751548909237297,-0.00042478330500110925,0.0020279695885401313,0.04351622558054836,0.0
7,0.0,7,forward,1.6170450675322472,0.0,0.0,0.0,0.0,0.0,0.0,2.0790368045886744e-06,1.655528847044702,-0.0003451228432427706,0.002031819795285868,0.0312993015561521,0.0
7,0.0,8,forward,1.7045571246009934,0.0,0.0,0.0,0.0,0.0,0.0,2.0791297016965734e-06,1.6358253027810854,-0.000265004878468117,0.002034870969607894,0.024631724386828355,0.0
7,0.0,9,forward,1.7774993427975534,0.0,0.0,0.0,0.0,0.0,0.0,2.0791800855069687e-06,1.616043487637953,-0.000184459693106865,0.002037118687111378,0.021097291503810928,0.0
7,0.0,10,forward,1.8390714823459053,0.0,0.0,0.0,0.0,0.0,0.0,2.0792007422814384e-06,1.5961827455179878,-0.00010351786216747373,0.002038558827742114,0.019311504374669386,0.0
7,0.0,11,forward,1.8917319728931665,0.0,0.0,0.0,0.0,0.0,0.0,2.0792046616185155e-06,1.5762425385909433,-2.2210242153340724e-05,0.002039187578657386,0.018479866559974495,0.0
7,0.0,12,forward,1.9373827989984447,0.0,0.0,0.0,0.0,0.0,0.0,2.0792050174311332e-06,1.5562224510759026,5.943204017827206e-05,0.002039001436985223,0.01814707629913015,0.0
7,0.0,13,forward,1.9775058423574823,0.0,0.0,0.0,0.0,0.0,0.0,2.079215148475955e-06,1.5361221929139701,0.00014137759921072776,0.002037997212470394,0.01805377705217609,0.0
7,0.0,14,forward,2.013263798119304,0.0,0.0,0.0,0.0,0.0,0.0,2.0792485384625444e-06,1.515941603307904,0.00022359480201179438,0.002036172030005751,0.01805424801027533,0.0
7,0.0,15,forward,2.045575192100854,0.0,0.0,0.0,0.0,0.0,0.0,2.0793187957707575e-06,1.495680654104049,0.00030605178002290906,0.0020335233320473577,0.018068822549281105,0.0
7,0.0,16,forward,2.0751704187648765,0.0,0.0,0.0,0.0,0.0,0.0,2.0794396328059007e-06,1.4753394529910322,0.00038871644088976995,0.00203004888091201,0.01805621717235323,0.0
7,0.0,17,forward,2.102633829771801,0.0,0.0,0.0,0.0,0.0,0.0,2.0796248450217905e-06,1.4549182464889328,0.0004715564804298502,0.002025746760955707,0.01799734777752654,0.0
7,0.0,18,forward,2.1284355338521546,0.0,0.0,0.0,0.0,0.0,0.0,2.079888289643008e-06,1.4344174227018227,0.0005545393947330204,0.0020206153806318337,0.01788581691769703,0.0
7,0.0,19,forward,2.15295557734738,0.0,0.0,0.0,0.0,0.0,0.0,2.080243864117811e-06,1.413837513806346,0.0006376324923904609,0.0020146534744276173,0.017722301169967203,0.0
7,0.0,20,forward,2.1765024565969147,0.0,0.0,0.0,0.0,0.0,0.0,2.080705484334325e-06,1.3931791982484985,0.0007208029068479575,0.002007860104677651,0.017511234213989868,0.0
7,0.0,21,forward,2.19932739259483,0.0,0.0,0.0,0.0,0.0,0.0,2.0812870626331183e-06,1.3724433026209688,0.0008040176088787433,0.0020002346632532896,0.017258850336599352,0.0
7,0.0,22,forward,2.221635420140713,0.0,0.0,0.0,0.0,0.0,0.0,2.0820024856498193e-06,1.3516308031934667,0.0008872434191715476,0.0019917768731267213,0.016972039254895488,0.0
7,0.0,23,forward,2.2435940684656126,0.0,0.0,0.0,0.0,0.0,0.0,2.0828655920219857e-06,1.3307428270689772,0.000970447021029327,0.0019824867898085613,0.01665768746807389,0.0
7,0.0,24,forward,2.2653402094836683,0.0,0.0,0.0,0.0,0.0,0.0,2.083890149994945e-06,1.309780652939711,0.001053594973173828,0.001972364802657903,0.016322312540250627,0.0
7,0.0,25,forward,2.2869855028491792,0.0,0.0,0.0,0.0,0.0,0.0,2.085089834961909e-06,1.2887457114174938,0.0011366537226514472,0.0019614116360638424,0.015971874002277564,0.0
7,0.0,26,forward,2.308620759084964,0.0,0.0,0.0,0.0,0.0,0.0,2.0864782069736997e-06,1.2676395849147188,0.0012195896178356232,0.001949628350497371,0.015611690443264492,0.0
7,0.0,27,forward,2.330319462523253,0.0,0.0,0.0,0.0,0.0,0.0,2.0880686882541343e-06,1.2464640070537478,0.001302368921520702,0.0019370163434328134,0.015246419827361801,0.0
7,0.0,28,forward,2.352140636967249,0.0,0.0,0.0,0.0,0.0,0.0,2.089874540757228e-06,1.2252208615844784,0.0013849578241027576,0.001923577350137854,0.014880076655746588,0.0
7,0.0,29,forward,2.3741311932749443,0.0,0.0,0.0,0.0,0.0,0.0,2.091908843802527e-06,1.2039121807922597,0.0014673224568421547,0.001909313444331316,0.014516069700257428,0.0
7,0.0,30,forward,2.396327865454783,0.0,0.0,0.0,0.0,0.0,0.0,2.094184471825211e-06,1.182540143380865,0.00154942890520296,0.00189422703870792,0.014157250252281317,0.0
7,0.0,31,forward,2.4187588174163905,0.0,0.0,0.0,0.0,0.0,0.0,2.0967140722775477e-06,1.1611070718181793,0.0016312432222641215,0.001878320885329246,0.013805964691080863,0.0
7,0.0,32,forward,2.4414449841050767,0.0,0.0,0.0,0.0,0.0,0.0,2.0995100437185597e-06,1.1396154291354195,0.0017127314421974268,0.0018615980758802614,0.01346410759437422,0.0
7,0.0,33,forward,2.4644011968070205,0.0,0.0,0.0,0.0,0.0,0.0,2.102584514128479e-06,1.1180678151741994,0.0017938595938070403,0.0018440620417907079,0.013133173140941534,0.0
7,0.0,34,forward,2.4876371317998967,0.0,0.0,0.0,0.0,0.0,0.0,2.105949319484613e-06,1.0964669622794407,0.0018745937141253085,0.0018257165542207795,0.012814303524514292,0.0
7,0.0,35,forward,2.5111581134004872,0.0,0.0,0.0,0.0,0.0,0.0,2.109615982635374e-06,1.0748157304399417,0.0019548998620599685,0.0018065657239105988,0.012508333715190667,0.0
7,0.0,36,forward,2.534965796205964,0.0,0.0,0.0,0.0,0.0,0.0,2.113595692508492e-06,1.0531171018826093,0.0020347441320869926,0.0017866140008929437,0.012215832296227802,0.0
7,0.0,37,forward,2.5590587464794705,0.0,0.0,0.0,0.0,0.0,0.0,2.1178992836897666e-06,1.0313741751303331,0.002114092667984319,0.0017658661740688148,0.011937138350082366,0.0
7,0.0,38,forward,2.5834329388517165,0.0,0.0,0.0,0.0,0.0,0.0,2.122537216407954e-06,1.0095901585379452,0.0021929116766005873,0.001744327370645488,0.011672394518699503,0.0
7,0.0,39,forward,2.6080821815436446,0.0,0.0,0.0,0.0,0.0,0.0,2.12751955696131e-06,0.9877683633247548,0.0022711674416539544,0.0017220030554366665,0.011421576451970727,0.0
7,0.0,40,forward,2.632998480970067,0.0,0.0,0.0,0.0,0.0,0.0,2.1328559586207664e-06,0.9659121961265751,0.0023488263375552325,0.0016988990300245484,0.011184518906249497,0.0
7,0.0,41,forward,2.658172354716962,0.0,0.0,0.0,0.0,0.0,0.0,2.13855564304423e-06,0.9440251510941531,0.0024258548432501766,0.0016750214317835016,0.010960938775955276,0.0
7,0.0,42,forward,2.6835931003876623,0.0,0.0,0.0,0.0,0.0,0.0,2.1446273822359683e-06,0.9221108015690517,0.002502219556075235,0.0016503767327652474,0.010750455344961107,0.0
7,0.0,43,forward,2.7092490266034326,0.0,0.0,0.0,0.0,0.0,0.0,2.151079481084464e-06,0.9001727913717591,0.002577887205621417,0.0016249717384454068,0.010552608037028066,0.0
7,0.0,44,forward,2.735127651459448,0.0,0.0,0.0,0.0,0.0,0.0,2.157919760511415e-06,0.8782148257404361,0.00265282466760064,0.0015988135863313857,0.01036687193028274,0.0
7,0.0,45,forward,2.761215872930255,0.0,0.0,0.0,0.0,0.0,0.0,2.1651555412639368e-06,0.8562406619619165,0.0027269989777091654,0.0015719097444315767,0.010192671282586718,0.0
7,0.0,46,forward,2.7875001150527496,0.0,0.0,0.0,0.0,0.0,0.0,2.1727936283809653e-06,0.8342540997395906,0.00280037734548224,0.0015442680095859487,0.010029391294573364,0.0
7,0.0,47,forward,2.813966453161201,0.0,0.0,0.0,0.0,0.0,0.0,2.1808402963645723e-06,0.8122589713451814,0.002872927168134837,0.001515896505658139,0.009876388316490181,0.0
7,0.0,48,forward,2.8406007209859507,0.0,0.0,0.0,0.0,0.0,0.0,2.1893012750853153e-06,0.7902591316036911,0.002944616044382384,0.0014868036815892081,0.009732998684633176,0.0
7,0.0,49,forward,2.8673886020378996,0.0,0.0,0.0,0.0,0.0,0.0,2.1981817364504058e-06,0.768258447762276,0.0030154117882362015,0.001456998309313292,0.00959854635369417,0.0
7,0.0,50,forward,2.894315707371355,0.0,0.0,0.0,0.0,0.0,0.0,2.2074862818621594e-06,0.746260789295034,0.003085282442767901,0.0014264894815354326,0.009472349473064745,0.0
7,0.0,51,forward,2.9213676415374867,0.0,0.0,0.0,0.0,0.0,0.0,2.217218930493225e-06,0.7242700176962864,0.003154196293837106,0.0013952866093719198,0.009353726038273225,0.0
7,0.0,52,forward,2.9485300583011527,0.0,0.0,0.0,0.0,0.0,0.0,2.2273831084040133e-06,0.7022899763150605,0.003222121883776866,0.0013633994198535488,0.009241998733327428,0.0
7,0.0,53,forward,2.975788707488308,0.0,0.0,0.0,0.0,0.0,0.0,2.237981638526484e-06,0.680324480283079,0.0032890280250310188,0.001330837953292234,0.009136499065812709,0.0
7,0.0,54,forward,3.003129474154205,0.0,0.0,0.0,0.0,0.0,0.0,2.2490167315375176e-06,0.6583773065876076,0.0033548838137380317,0.0012976125605114969,0.009036570884105144,0.0
7,0.0,55,forward,3.03053841110957,0.0,0.0,0.0,0.0,0.0,0.0,2.2604899776434835e-06,0.6364521843391514,0.0034196586432554414,0.0012637338999413874,0.00894157335492829,0.0
7,0.0,56,forward,3.058001765709373,0.0,0.0,0.0,0.0,0.0,0.0,2.2724023392967052e-06,0.6145527852820342,0.0034833222176194477,0.0012292129345784614,0.008850883469611381,0.0
7,0.0,57,forward,3.0855060016935516,0.0,0.0,0.0,0.0,0.0,0.0,2.2847541448628134e-06,0.5926827145936157,0.0035458445649337663,0.0011940609288114928,0.008763898138702375,0.0
7,0.0,58,forward,3.1130378167687196,0.0,0.0,0.0,0.0,0.0,0.0,2.2975450832569913e-06,0.5708455020150838,0.0036071960506823338,0.001158289445113653,0.008680035926933227,0.0
7,0.0,59,forward,3.140584156532352,0.0,0.0,0.0,0.0,0.0,0.0,2.3107741995653954e-06,0.5490445933536895,0.0036673473909600647,0.001121910340601952,0.008598738473837297,0.0
7,0.0,60,forward,3.168132225264422,0.0,0.0,0.0,0.0,0.0,0.0,2.324439891666701e-06,0.5272833423928278,0.003726269665616046,0.0010849357634647855,0.008519471639454212,0.0
7,0.0,61,forward,3.19566949404455,0.0,0.0,0.0,0.0,0.0,0.0,2.3385399078673056e-06,0.5055650032426393,0.0037839343313036335,0.0010473781492584915,0.0084417264094645,0.0
7,0.0,62,forward,3.223183706594078,0.0,0.0,0.0,0.0,0.0,0.0,2.3530713455621166e-06,0.48389272315989124,0.0038403132344318057,0.0010092502170738792,0.008365019589656852,0.0
7,0.0,63,forward,3.2506628831911124,0.0,0.0,0.0,0.0,0.0,0.0,2.368030650931125e-06,0.46226953586181135,0.003895378624012021,0.0009705649655737375,0.008288894315779616,0.0
7,0.0,64,forward,3.27809532296146,0.0,0.0,0.0,0.0,0.0,0.0,2.3834136196810106e-06,0.44069835535428037,0.003949103164395431,0.0009313356689024146,0.008212920401491575,0.0
7,0.0,65,forward,3.305469604808861,0.0,0.0,0.0,0.0,0.0,0.0,2.3992153988383996e-06,0.41918197029062726,0.004001459947894332,0.0008915758724685709,0.008136694544235934,0.0
7,0.0,66,forward,3.3327745872131462,0.0,0.0,0.0,0.0,0.0,0.0,2.4154304896008824e-06,0.39772303887290034,0.004052422507282883,0.0008512993886022926,0.008059840406360319,0.0
7,0.0,67,forward,3.3599994070944637,0.0,0.0,0.0,0.0,0.0,0.0,2.4320527512493404e-06,0.3763240843033926,0.004101964828171192,0.0008105202920878318,0.007982008586640998,0.0
7,0.0,68,forward,3.3871334779149596,0.0,0.0,0.0,0.0,0.0,0.0,2.4490754061240157e-06,0.3549874907899975,0.004150061361247536,0.0007692529155732222,0.007902876495498923,0.0
7,0.0,69,forward,3.4141664871657587,0.0,0.0,0.0,0.0,0.0,0.0,2.466491045664853e-06,0.333715500105066,0.004196687034383245,0.0007275118448581394,0.0078221481455778,0.0
7,0.0,70,forward,3.4410883933664698,0.0,0.0,0.0,0.0,0.0,0.0,2.484291637514735e-06,0.31251020869367097,0.004241817264594585,0.0006853119140614335,0.007739553867949223,0.0
7,0.0,71,forward,3.4678894226863406,0.0,0.0,0.0,0.0,0.0,0.0,2.502468533683219e-06,0.29137356532352565,0.004285427969856836,0.0006426682006697161,0.007654849963004917,0.0
7,0.0,72,forward,3.49456006528031,0.0,0.0,0.0,0.0,0.0,0.0,2.5210124797655545e-06,0.27030736926564675,0.004327495580764521,0.0005995960204685896,0.007567818294029083,0.0
7,0.0,73,forward,3.5210910714192787,0.0,0.0,0.0,0.0,0.0,0.0,2.5399136252113506e-06,0.24931326899166065,0.004367997052033252,0.0005561109223580393,0.007478265830551334,0.0
7,0.0,74,forward,3.5474734474817553,0.0,0.0,0.0,0.0,0.0,0.0,2.5591615346340533e-06,0.22839276137102432,0.004406909873837164,0.0005122286830536034,0.007386024147762904,0.0
7,0.0,75,forward,3.5736984518633754,0.0,0.0,0.0,0.0,0.0,0.0,2.5787452001521814e-06,0.20754719134888722,0.004444212082977483,0.0004679653016749792,0.0072909488876058415,0.0
7,0.0,76,forward,3.5997575908514556,0.0,0.0,0.0,0.0,0.0,0.0,2.5986530547501743e-06,0.18677775208330386,0.004479882273876455,0.0004233369942238455,0.0071929191865273134,0.0
7,0.0,77,forward,3.6256426145036533,0.0,0.0,0.0,0.0,0.0,0.0,2.618872986646072e-06,0.16608548551855057,0.004513899609392046,0.00037836018795254887,0.007091837074366003,0.0
7,0.0,78,forward,3.651345512562687,0.0,0.0,0.0,0.0,0.0,0.0,2.639392354650544e-06,0.1454712833699693,0.004546243831447854,0.00033305151562562646,0.006987626848371953,0.0
7,0.0,79,forward,3.6768585104329317,0.0,0.0,0.0,0.0,0.0,0.0,2.6601980045010898e-06,0.12493588849440534,0.0045768952714737516,0.00028742780967591126,0.006880234425947984,0.0
7,0.0,80,forward,3.702174065239347,0.0,0.0,0.0,0.0,0.0,0.0,2.6812762861524577e-06,0.10447989661952023,0.004605834860651818,0.0002415060962571575,0.006769626679345109,0.0
7,0.0,81,forward,3.727284861984562,0.0,0.0,0.0,0.0,0.0,0.0,2.7026130720035624e-06,0.08410375840467879,0.004633044139962982,0.00019530358919529758,0.0066557907552105,0.0
7,0.0,82,forward,3.7521838098159432,0.0,0.0,0.0,0.0,0.0,0.0,2.7241937760392832e-06,0.06380778180561517,0.004658505270029722,0.0001488376838400807,0.006538733381614592,0.0
7,0.0,83,forward,3.776864038411021,0.0,0.0,0.0,0.0,0.0,0.0,2.746003373863042e-06,0.04359213471526291,0.004682201040749381,0.00010212595081945248,0.006418480164915197,0.0
7,0.0,84,forward,3.801318894486694,0.0,0.0,0.0,0.0,0.0,0.0,2.7680264235959197e-06,0.02345684785304594,0.004704114880714144,5.518612969857701e-05,0.006295074878596041,0.0
7,0.0,85,forward,3.8255419384350975,0.0,0.0,0.0,0.0,0.0,0.0,2.7902470876153358e-06,0.003401817875446038,0.004724230866412688,8.03612254572303e-06,0.006168578746005848,0.0
7,0.0,86,forward,3.8495269410868844,0.0,0.0,0.0,0.0,0.0,0.0,2.812649155104969e-06,-0.01657318931877277,0.004742533731208838,-3.9306012592697094e-05,0.0060390697187376885,0.0
7,0.0,87,forward,3.873267880600835,0.0,0.0,0.0,0.0,0.0,0.0,2.8352160653866944e-06,-0.03646853511465854,0.004759008874093127,-8.682206830582831e-05,0.005906641752223329,0.0
7,0.0,88,forward,3.8967589394772024,0.0,0.0,0.0,0.0,0.0,0.0,2.857930932002723e-06,-0.056284704563455,0.00477364236820236,-0.00013449369451839536,0.005771404079960685,0.0
7,0.0,89,forward,3.9199945016909106,0.0,0.0,0.0,0.0,0.0,0.0,2.8807765675158844e-06,-0.07602230264531622,0.004786420969103291,-0.0001823024052747917,0.005633480487652998,0.0
7,0.0,90,forward,3.9429691499397053,0.0,0.0,0.0,0.0,0.0,0.0,2.9037355089934133e-06,-0.09568205043520878,0.004797332122835716,-0.00023022958560478537,0.005493008588416171,0.0
7,0.0,91,forward,3.96567766300148,0.0,0.0,0.0,0.0,0.0,0.0,2.9267900441393665e-06,-0.11526478119369363,0.0048063639737112385,-0.0002782564984684811,0.005350139100085194,0.0
7,0.0,92,forward,3.988115013194338,0.0,0.0,0.0,0.0,0.0,0.0,2.949922238038386e-06,-0.13477143640294653,0.0048135053718632035,-0.0003263642917779829,0.005205035125557256,0.0
7,0.0,93,forward,4.01027636393243,0.0,0.0,0.0,0.0,0.0,0.0,2.973113960473157e-06,-0.15420306176713494,0.004818745880544068,-0.0003745340054934002,0.0050578714370008715,0.0
7,0.0,94,forward,4.032157067370185,0.0,0.0,0.0,0.0,0.0,0.0,2.9963469137759455e-06,-0.17356080319477465,0.004822075783166035,-0.00042274657879045474,0.004908833764678766,0.0
7,0.0,95,forward,4.0537526621273,0.0,0.0,0.0,0.0,0.0,0.0,3.0196026611741386e-06,-0.19284590277944125,0.004823486090081369,-0.00047098285729726275,0.0047581180910485354,0.0
7,0.0,96,forward,4.075058871086642,0.0,0.0,0.0,0.0,0.0,0.0,3.042862655587829e-06,-0.21205969479375159,0.004822968545098322,-0.000519223600397606,0.004605929950731835,0.0
7,0.0,97,forward,4.096071599257123,0.0,0.0,0.0,0.0,0.0,0.0,3.0661082688371825e-06,-0.2312036017101566,0.004820515631729306,-0.0005674494885980244,0.004452483736878787,0.0
7,0.0,98,forward,4.116786931693591,0.0,0.0,0.0,0.0,0.0,0.0,3.0893208212156375e-06,-0.2502791302607514,0.0048161205791674615,-0.0006156411309560379,0.004298002014387237,0.0
7,0.0,99,forward,4.137201131465803,0.0,0.0,0.0,0.0,0.0,0.0,3.1124816113846056e-06,-0.2692878675469642,0.004809777367988329,-0.0006637790725667754,0.004142714840388639,0.0
7,0.0,100,forward,4.157310637668626,0.0,0.0,0.0,0.0,0.0,0.0,3.1355719465441757e-06,-0.28823147720869186,0.004801480735573197,-0.0007118438021052402,0.003986859092358241,0.0
7,0.0,101,forward,4.177112063465783,0.0,0.0,0.0,0.0,0.0,0.0,3.158573172833514e-06,-0.30711169566120916,0.0047912261812507575,-0.0007598157594214326,0.003830677804165794,0.0
7,0.0,102,forward,4.196602194159576,0.0,0.0,0.0,0.0,0.0,0.0,3.18146670591392e-06,-0.3259303284069349,0.0047790099711538985,-0.000807675343185415,0.0036744195103418087,0.0
7,0.0,103,forward,4.215777985279279,0.0,0.0,0.0,0.0,0.0,0.0,3.204234061687204e-06,-0.3446892464280406,0.004764829142788756,-0.0008554029185795579,0.0035183375988025456,0.0
7,0.0,104,forward,4.234636560681095,0.0,0.0,0.0,0.0,0.0,0.0,3.2268568871006334e-06,-0.3633903826647819,0.004748681509312622,-0.0009029788250350495,0.003362689672244623,0.0
7,0.0,105,forward,4.2531752106528184,0.0,0.0,0.0,0.0,0.0,0.0,3.249316990990054e-06,-0.38203572858332147,0.004730565663518244,-0.0009503833840096497,0.0032077369183965976,0.0
7,0.0,106,forward,4.27139139001665,0.0,0.0,0.0,0.0,0.0,0.0,3.271596374911898e-06,-0.40062733083596175,0.004710480981521559,-0.000997596906803903,0.0030537434892910498,0.0
7,0.0,107,forward,4.289282716223844,0.0,0.0,0.0,0.0,0.0,0.0,3.293677263914131e-06,-0.4191672880156585,0.004688427626150079,-0.0010445997024126424,0.002900975889705837,0.0
7,0.0,108,forward,4.306846967435244,0.0,0.0,0.0,0.0,0.0,0.0,3.3155421371967693e-06,-0.4376577475059319,0.0046644065500296645,-0.0010913720854089615,0.0027497023749050165,0.0
7,0.0,109,forward,4.324082080581959,0.0,0.0,0.0,0.0,0.0,0.0,3.3371737586113095e-06,-0.4561009024264136,0.0046384194983669505,-0.0011378943838574742,0.0026001923578042874,0.0
7,0.0,110,forward,4.340986149400855,0.0,0.0,0.0,0.0,0.0,0.0,3.358555206949133e-06,-0.4744989886735926,0.004610469011425253,-0.0011841469472539253,0.00245271582567147,0.0
7,0.0,111,forward,4.357557422439777,0.0,0.0,0.0,0.0,0.0,0.0,3.3796699059683725e-06,-0.49285428205556187,0.004580558426691733,-0.0012301101544879534,0.0023075427664754344,0.0
7,0.0,112,forward,4.373794301027759,0.0,0.0,0.0,0.0,0.0,0.0,3.4005016541089625e-06,-0.5111690955190444,0.004548691880733602,-0.0012757644218260487,0.0021649426049868137,0.0
7,0.0,113,forward,4.389695337205806,0.0,0.0,0.0,0.0,0.0,0.0,3.421034653845593e-06,-0.5294457764662756,0.004514874310741498,-0.0013210902109114348,0.0020251836487412134,0.0
7,0.0,114,forward,4.405259231614124,0.0,0.0,0.0,0.0,0.0,0.0,3.441253540628684e-06,-0.5476867041589152,0.004479111455758141,-0.0013660680367779054,0.0018885325439735312,0.0
7,0.0,115,forward,4.420484831332032,0.0,0.0,0.0,0.0,0.0,0.0,3.4611434113631957e-06,-0.5658942872055736,0.004441409857590378,-0.001410678475874259,0.0017552537416382907,0.0
7,0.0,116,forward,4.435371127667037,0.0,0.0,0.0,0.0,0.0,0.0,3.4806898523763685e-06,-0.5840709611291911,0.004401776861403255,-0.0014549021740963566,0.0016256089736384205,0.0
7,0.0,117,forward,4.44991725388995,0.0,0.0,0.0,0.0,0.0,0.0,3.499878966824857e-06,-0.6022191860100745,0.004360220615994286,-0.0014987198548234856,0.001499856739390737,0.0
7,0.0,118,forward,4.464122482913135,0.0,0.0,0.0,0.0,0.0,0.0,3.518697401493013e-06,-0.6203414442000316,0.00431675007374679,-0.0015421123269558394,0.0013782518028678525,0.0
7,0.0,119,forward,4.4779862249093645,0.0,0.0,0.0,0.0,0.0,0.0,3.5371323729343126e-06,-0.638440238102789,0.004271374990260862,-0.0015850604929499512,0.00126104470026564,0.0
7,0.0,120,forward,4.49150802486899,0.0,0.0,0.0,0.0,0.0,0.0,3.5551716929087127e-06,-0.6565180880155511,0.004224105923660908,-0.00162754535684884,0.0011484812584573734,0.0
7,0.0,121,forward,4.504687560093487,0.0,0.0,0.0,0.0,0.0,0.0,3.5728037930692843e-06,-0.6745775300262965,0.004174954233578758,-0.001669548032303521,0.0010408021244083382,0.0
7,0.0,122,forward,4.517524637623652,0.0,0.0,0.0,0.0,0.0,0.0,3.5900177488526402e-06,-0.6926211139612949,0.004123932079811353,-0.001711049750582821,0.0009382423057369277,0.0
7,0.0,123,forward,4.530019191601088,0.0,0.0,0.0,0.0,0.0,0.0,3.6068033025281765e-06,-0.7106514013770114,0.004071052420652323,-0.0017520318685680626,0.0008410307226218439,0.0
7,0.0,124,forward,4.542171280561823,0.0,0.0,0.0,0.0,0.0,0.0,3.6231508853625817e-06,-0.728670963590503,0.00401632901089686,-0.0017924758767294618,0.0007493897712687742,0.0
7,0.0,125,forward,4.553981084661225,0.0,0.0,0.0,0.0,0.0,0.0,3.6390516388567668e-06,-0.7466823797422596,0.003959776399519221,-0.0018323634070809734,0.0006635348991627932,0.0
7,0.0,126,forward,4.565448902829618,0.0,0.0,0.0,0.0,0.0,0.0,3.65449743501352e-06,-0.7646882348852592,0.003901409927022662,-0.0018716762411101347,0.0005836741923464853,0.0
7,0.0,127,forward,4.576575149858283,0.0,0.0,0.0,0.0,0.0,0.0,3.6694808955959605e-06,-0.7826911180940747,0.0038412457224614254,-0.001910396317679926,0.0005100079749763911,0.0
7,0.0,128,forward,4.587360353415758,0.0,0.0,0.0,0.0,0.0,0.0,3.683995410337363e-06,-0.8006936205876413,0.0037793007001347165,-0.0019485057408991163,0.00044272842142328156,0.0
7,0.0,129,forward,4.597805150994631,0.0,0.0,0.0,0.0,0.0,0.0,3.698035154064776e-06,-0.8186983338593402,0.003715592555952669,-0.0019859867879578785,0.00038201918119314116,0.0
7,0.0,130,forward,4.60791028678925,0.0,0.0,0.0,0.0,0.0,0.0,3.711595102700468e-06,-0.8367078478080525,0.0036501397634744292,-0.00202282191692553,0.00032805501695715167,0.0
7,0.0,131,forward,4.617676608505013,0.0,0.0,0.0,0.0,0.0,0.0,3.7246710481060275e-06,-0.8547247488637234,0.0035829615696186643,-0.002058993774506864,0.0002810014559893395,0.0
7,0.0,132,forward,4.6271050641001565,0.0,0.0,0.0,0.0,0.0,0.0,3.7372596117364544e-06,-0.8727516181011402,0.00351407799004686,-0.0020944852037540628,0.0002410144553191447,0.0
7,0.0,133,forward,4.636196698461161,0.0,0.0,0.0,0.0,0.0,0.0,3.7493582570724473e-06,-0.8907910293355391,0.003443509804219995,-0.002129279251730742,0.000208240080915148,0.0
7,0.0,134,forward,4.644952650013158,0.0,0.0,0.0,0.0,0.0,0.0,3.7609653008012262e-06,-0.9088455471937907,0.0033712785501292092,-0.0021633591771249403,0.0001828142012223798,0.0
7,0.0,135,forward,4.653374147266913,0.0,0.0,0.0,0.0,0.0,0.0,3.772079922717826e-06,-0.9269177251549516,0.0032974065187013355,-0.002196708457807749,0.00016486219538180318,0.0
7,0.0,136,forward,4.6614625053042,0.0,0.0,0.0,0.0,0.0,0.0,3.7827021743208314e-06,-0.9450101035541136,0.003221916747880171,-0.002229310798334425,0.00015449867646461705,0.0
7,0.0,137,forward,4.669219122203589,0.0,0.0,0.0,0.0,0.0,0.0,3.792832986078111e-06,-0.9631252075435555,0.003144833016384617,-0.0022611501373846527,0.00015182723005701662,0.0
7,0.0,138,forward,4.676645475408882,0.0,0.0,0.0,0.0,0.0,0.0,3.8024741733401827e-06,-0.9812655450053852,0.0030661798371448517,-0.0022922106551387382,0.00015694016853242928,0.0
7,0.0,139,forward,4.683743118042637,0.0,0.0,0.0,0.0,0.0,0.0,3.8116284408811683e-06,-0.9994336044100565,0.002985982450417904,-0.0023224767805866517,0.0001699183013481975,0.0
7,0.0,140,forward,4.690513675167421,0.0,0.0,0.0,0.0,0.0,0.0,3.820299386048463e-06,-1.0176318526152675,0.002904266816584098,-0.002351933198766466,0.00019083072170197543,0.0
7,0.0,141,forward,4.696958839997642,0.0,0.0,0.0,0.0,0.0,0.0,3.828491500505525e-06,-1.035862732600104,0.0028210596086259607,-0.0023805648579292957,0.0002197346098799305,0.0
7,0.0,142,forward,4.703080370064993,0.0,0.0,0.0,0.0,0.0,0.0,3.836210170553279e-06,-1.054128661129447,0.0027363882042913596,-0.0024083569766273735,0.00025667505362397466,0.0
7,0.0,143,forward,4.708880083340742,0.0,0.0,0.0,0.0,0.0,0.0,3.843461676018316e-06,-1.072432026344023,0.002650280677942743,-0.0024352950507221705,0.00030168488583875996,0.0
7,0.0,144,forward,4.714359854318276,0.0,0.0,0.0,0.0,0.0,0.0,3.8502531876981296e-06,-1.0907751852718088,0.0025627657920944545,-0.0024613648603094116,0.0003547845399512299,0.0
7,0.0,145,forward,4.7195216100595,0.0,0.0,0.0,0.0,0.0,0.0,3.856592763356312e-06,-1.109160461256885,0.0024738729886403335,-0.0024865524765580395,0.0004159819232256931,0.0
7,0.0,146,forward,4.724367326208877,0.0,0.0,0.0,0.0,0.0,0.0,3.862489342261589e-06,-1.1275901413021938,0.0023836323797738206,-0.0025108442684596594,0.0004852723083260749,0.0
7,0.0,147,forward,4.728899022979032,0.0,0.0,0.0,0.0,0.0,0.0,3.867952738268909e-06,-1.146066473323246,0.0022920747386029725,-0.00253422690948588,0.0005626382434043703,0.0
7,0.0,148,forward,4.733118761112078,0.0,0.0,0.0,0.0,0.0,0.0,3.872993631441073e-06,-1.164591663310184,0.002199231489462989,-0.0025566873841501065,0.0006480494809795317,0.0
7,0.0,149,forward,4.737028637820906,0.0,0.0,0.0,0.0,0.0,0.0,3.877623558213351e-06,-1.1831678723963006,0.0021051346979288643,-0.0025782129944710787,0.0007414629258551686,0.0
7,0.0,150,forward,4.740630782714904,0.0,0.0,0.0,0.0,0.0,0.0,3.881854900104504e-06,-1.2017972138316306,0.002009817060530951,-0.002598791366334893,0.0008428226023071417,0.0
7,0.0,151,forward,4.743927353714702,0.0,0.0,0.0,0.0,0.0,0.0,3.885700870981431e-06,-1.2204817498609652,0.0019133118941764597,-0.002618410455752823,0.000952059640752817,0.0
7,0.0,152,forward,4.74692053296067,0.0,0.0,0.0,0.0,0.0,0.0,3.889175502885576e-06,-1.2392234885063198,0.0018156531252798496,-0.0026370585550117673,0.001069092284093659,0.0
7,0.0,153,forward,4.749612522720061,0.0,0.0,0.0,0.0,0.0,0.0,3.892293630432932e-06,-1.2580243802547078,0.0017168752786053435,-0.0026547242987146444,0.00119382591390077,0.0
7,0.0,154,forward,4.752005541297836,0.0,0.0,0.0,0.0,0.0,0.0,3.895070873800803e-06,-1.2768863146528546,0.00161701346582498,-0.002671396669707685,0.0013261530965907875,0.0
7,0.0,155,forward,4.7541018189563005,0.0,0.0,0.0,0.0,0.0,0.0,3.897523620317495e-06,-1.2958111168114832,0.0015161033737953642,-0.002687065004891916,0.0014659536497132197,0.0
7,0.0,156,forward,4.75590359384883,0.0,0.0,0.0,0.0,0.0,0.0,3.899669004673513e-06,-1.3148005438226262,0.0014141812525571634,-0.0027017190009160368,0.001613094728448311,0.0
7,0.0,157,forward,4.757413107973095,0.0,0.0,0.0,0.0,0.0,0.0,3.901524887774471e-06,-1.333856281094597,0.001311283903060512,-0.002715348719747827,0.0017674309323831017,0.0
7,0.0,158,forward,4.758632603149265,0.0,0.0,0.0,0.0,0.0,0.0,3.903109834259285e-06,-1.3529799386102033,0.0012074486646205288,-0.002727944594121488,0.001928804432610648,0.0
7,0.0,159,forward,4.759564317028799,0.0,0.0,0.0,0.0,0.0,0.0,3.904443088708893e-06,-1.3721730471149753,0.0011027134021067977,-0.0027394974328581946,0.00209704511916442,0.0
7,0.0,160,forward,4.76021047913951,0.0,0.0,0.0,0.0,0.0,0.0,3.905544550572984e-06,-1.3914370542433943,0.0009971164928707576,-0.0027499984260571484,0.0022719707687736124,0.0
7,0.0,161,forward,4.760573306972708,0.0,0.0,0.0,0.0,0.0,0.0,3.906434747845167e-06,-1.4107733205922848,0.0008906968134153628,-0.0027594391501546693,0.0024533872328919015,0.0
7,0.0,162,forward,4.760655002118227,0.0,0.0,0.0,0.0,0.0,0.0,3.907134809518388e-06,-1.4301831157518679,0.0007834937258112269,-0.002767811572848625,0.002641088645922496,0.0
7,0.0,163,forward,4.76045774645332,0.0,0.0,0.0,0.0,0.0,0.0,3.9076664368554775e-06,-1.4496676143062759,0.0006755470638636908,-0.0027751080578858303,0.0028348576535315306,0.0
7,0.0,164,forward,4.759983698391343,0.0,0.0,0.0,0.0,0.0,0.0,3.908051873510947e-06,-1.4692278918166617,0.0005668971190354173,-0.0027813213697097596,0.003034465660904595,0.0
7,0.0,165,forward,4.759234989196295,0.0,0.0,0.0,0.0,0.0,0.0,3.908313874543419e-06,-1.488864920801469,0.0004575846261290207,-0.00278644467796637,0.0032396731007752755,0.0
7,0.0,166,forward,4.7582137193692695,0.0,0.0,0.0,0.0,0.0,0.0,3.9084756743591475e-06,-1.5085795667297146,0.000347650748734784,-0.0027904715618655017,0.0034502297210144417,0.0
7,0.0,167,forward,4.756921955112903,0.0,0.0,0.0,0.0,0.0,0.0,3.908560953629645e-06,-1.5283725840446338,0.00023713706444804253,-0.0027933960143955686,0.0036658748915386896,0.0
7,0.0,168,forward,4.755361724879943,0.0,0.0,0.0,0.0,0.0,0.0,3.908593805228357e-06,-1.5482446122363054,0.00012608554986151893,-0.0027952124463892715,0.003886337930261996,0.0
7,0.0,169,forward,4.753535016012058,0.0,0.0,0.0,0.0,0.0,0.0,3.908598699233371e-06,-1.568196171983308,1.4538565337438027e-05,-0.002795915690438151,0.004111338447779278,0.0
7,0.0,170,forward,4.751443771474988,0.0,0.0,0.0,0.0,0.0,0.0,3.908600447044656e-06,-1.5882276613846564,-9.746116043506116e-05,-0.002795501004653728,0.004340586710436245,0.0
7,0.0,171,forward,4.749089886696155,0.0,0.0,0.0,0.0,0.0,0.0,3.908624164666381e-06,-1.6083393523045904,-0.00020987054609209607,-0.002793964076273106,0.004573784021407734,0.0
7,0.0,172,forward,4.746475206510808,0.0,0.0,0.0,0.0,0.0,0.0,3.908695235206937e-06,-1.6285313868538935,-0.0003226461734513187,-0.00279130102510709,0.0048106231193665305,0.0
7,0.0,173,forward,4.743601522222714,0.0,0.0,0.0,0.0,0.0,0.0,3.908839270650171e-06,-1.6488037740324593,-0.0004357443035666459,-0.0027875084068286486,0.005050788594299638,0.0
7,0.0,174,forward,4.740470568785432,0.0,0.0,0.0,0.0,0.0,0.0,3.9090820729536775e-06,-1.6691563865588057,-0.000549120892975999,-0.002782583216099852,0.0052939573199861645,0.0
7,0.0,175,forward,4.737084022110054,0.0,0.0,0.0,0.0,0.0,0.0,3.909449594531344e-06,-1.6895889579129484,-0.0006627316101360873,-0.0027765228895354284,0.005539798902621684,0.0
7,0.0,176,forward,4.7334434965052985,0.0,0.0,0.0,0.0,0.0,0.0,3.909967898178197e-06,-1.7101010796197627,-0.0007765318520386797,-0.0027693253085009123,0.005787976145039786,0.0
7,0.0,177,forward,4.7295505422557325,0.0,0.0,0.0,0.0,0.0,0.0,3.910663116498166e-06,-1.7306921988002584,-0.0008904767610020335,-0.002760988801743865,0.0060381455259520544,0.0
7,0.0,178,forward,4.725406643343796,0.0,0.0,0.0,0.0,0.0,0.0,3.911561410895311e-06,-1.751361616018609,-0.0010045212416319937,-0.0027515121478561854,0.006289957693585868,0.0
7,0.0,179,forward,4.721013215321217,0.0,0.0,0.0,0.0,0.0,0.0,3.912688930191398e-06,-1.7721084834525298,-0.0011186199779459687,-0.002740894577566074,0.0065430579730838545,0.0
7,0.0,180,forward,4.716371603335285,0.0,0.0,0.0,0.0,0.0,0.0,3.914071768932822e-06,-1.792931803414617,-0.0012327274506542878,-0.0027291357758578165,0.00679708688697922,0.0
7,0.0,181,forward,4.7114830803153165,0.0,0.0,0.0,0.0,0.0,0.0,3.915735925451866e-06,-1.8138304272514814,-0.0013467979545920205,-0.002716235883918084,0.007051680688046402,0.0
7,0.0,182,forward,4.70634884532452,0.0,0.0,0.0,0.0,0.0,0.0,3.917707259747389e-06,-1.8348030546469092,-0.0014607856162953336,-0.0027021955009071123,0.007306471903792966,0.0
7,0.0,183,forward,4.70097002208233,0.0,0.0,0.0,0.0,0.0,0.0,3.920011451251089e-06,-1.85584823335405,-0.0015746444117156063,-0.0026870156855533585,0.007561089891823136,0.0
7,0.0,184,forward,4.695347657662103,0.0,0.0,0.0,0.0,0.0,0.0,3.922673956546743e-06,-1.8769643593802872,-0.00168832818406494,-0.002670697957570438,0.007815161405289817,0.0
7,0.0,185,forward,4.689482721368936,0.0,0.0,0.0,0.0,0.0,0.0,3.925719967109269e-06,-1.8981496776467244,-0.0018017906617863804,-0.0026532442988948042,0.008068311167612974,0.0
7,0.0,186,forward,4.683376103802153,0.0,0.0,0.0,0.0,0.0,0.0,3.929174367132435e-06,-1.919402283142136,-0.0019149854766421159,-0.0026346571547432554,0.008320162455627944,0.0
7,0.0,187,forward,4.677028616106898,0.0,0.0,0.0,0.0,0.0,0.0,3.933061691513027e-06,-1.9407201225889363,-0.0020278661819128634,-0.0026149394344888673,0.00857033769029436,0.0
7,0.0,188,forward,4.670440989418994,0.0,0.0,0.0,0.0,0.0,0.0,3.937406084060611e-06,-1.9621009966360459,-0.0021403862707017334,-0.002594094512354404,0.008818459034081183,0.0
7,0.0,189,forward,4.66361387450712,0.0,0.0,0.0,0.0,0.0,0.0,3.9422312560017585e-06,-1.9835425625905467,-0.0022524991943354976,-0.0025721262279221843,0.009064148994122112,0.0
7,0.0,190,forward,4.656547841616109,0.0,0.0,0.0,0.0,0.0,0.0,3.94756044484774e-06,-2.0050423376968114,-0.0023641583808562757,-0.0025490388864594584,0.009307031030210355,0.0
7,0.0,191,forward,4.649243380514993,0.0,0.0,0.0,0.0,0.0,0.0,3.953416373694651e-06,-2.026597702968324,-0.002475317253596725,-0.0025248372590583796,0.00954673016668628,0.0
7,0.0,192,forward,4.6417009007531895,0.0,0.0,0.0,0.0,0.0,0.0,3.959821211024948e-06,-2.0482059075736374,-0.002585929249831497,-0.0024995265825898502,0.009782873607261378,0.0
7,0.0,193,forward,4.633920732128055,0.0,0.0,0.0,0.0,0.0,0.0,3.966796531078856e-06,-2.069864073774046,-0.002695947839497816,-0.002473112559470442,0.01001509135180001,0.0
7,0.0,194,forward,4.625903125366777,0.0,0.0,0.0,0.0,0.0,0.0,3.974363274864123e-06,-2.0915692024064727,-0.0028053265439780613,-0.002445601357241808,0.010243016814062367,0.0
7,0.0,195,forward,4.617648253025385,0.0,0.0,0.0,0.0,0.0,0.0,3.9825417118715425e-06,-2.113318178900866,-0.0029140189549368496,-0.002416999607961916,0.010466287439417687,0.0
7,0.0,196,forward,4.609156210607454,0.0,0.0,0.0,0.0,0.0,0.0,3.9913514025637395e-06,-2.135107779817182,-0.003021978753205493,-0.0023873144074076694,0.010684545321506977,0.0
7,0.0,197,forward,4.600427017904849,0.0,0.0,0.0,0.0,0.0,0.0,4.0008111617035846e-06,-2.1569346798827556,-0.003129159727706381,-0.002356553314088456,0.010897437816837385,0.0
7,0.0,198,forward,4.591460620562643,0.0,0.0,0.0,0.0,0.0,0.0,4.0109390225877675e-06,-2.1787954595066163,-0.003235515794409769,-0.002324724348070233,0.011104618156288382,0.0
7,0.0,199,forward,4.582256891870165,0.0,0.0,0.0,0.0,0.0,0.0,4.021752202250562e-06,-2.2006866127432185,-0.003341001015315766,-0.0022918359896099056,0.011305746052484134,0.0
7,0.0,200,forward,4.5728156347798965,0.0,0.0,0.0,0.0,0.0,0.0,4.033267067701127e-06,-2.222604555673988,-0.0034455696174536467,-0.0022578971775997583,0.011500488302013334,0.0
8,0.0,1,forward,0.40100367107745627,0.0,0.0,0.0,0.0,0.0,0.0,3.735800060580768e-07,-2.2036232266331868,-0.0010223626379450154,-0.0006970038156151258,0.43219416804314004,0.0
8,0.0,2,forward,0.7092873384491544,0.0,0.0,0.0,0.0,0.0,0.0,3.746580660047706e-07,-2.225544484450338,-0.0010541884366694623,-0.0006866192369576058,0.24286235722137572,0.0
8,0.0,3,forward,0.9483161218144784,0.0,0.0,0.0,0.0,0.0,0.0,3.758029052517582e-07,-2.2474883843623847,-0.001085719172422787,-0.0006759178199984458,0.13874434949259978,0.0
8,0.0,4,forward,1.1353726171196288,0.0,0.0,0.0,0.0,0.0,0.0,3.7701586511423e-07,-2.2694512057930742,-0.0011169410238869688,-0.0006649025850042277,0.08172944805102585,0.0
8,0.0,5,forward,1.2832430162857857,0.0,0.0,0.0,0.0,0.0,0.0,3.782981988382782e-07,-2.2914291787559224,-0.001147840238185552,-0.0006535766901367321,0.050784024263889484,0.0
8,0.0,6,forward,1.401433363277951,0.0,0.0,0.0,0.0,0.0,0.0,3.7965106892294007e-07,-2.3134184935509463,-0.0011784031366707875,-0.0006419434307394293,0.0342472236152416,0.0
8,0.0,7,forward,1.4970481075908537,0.0,0.0,0.0,0.0,0.0,0.0,3.8107554456671677e-07,-2.335415310663955,-0.0012086161207041232,-0.0006300062385661936,0.02563171402027023,0.0
8,0.0,8,forward,1.5754259589230506,0.0,0.0,0.0,0.0,0.0,0.0,3.825725992435755e-07,-2.357415770818874,-0.0012384656774277645,-0.0006177686809521501,0.021321431539506996,0.0
8,0.0,9,forward,1.6406012680529372,0.0,0.0,0.0,0.0,0.0,0.0,3.841431084135444e-07,-2.3794160051317683,-0.001267938385525039,-0.0006052344599269886,0.019301792951750357,0.0
8,0.0,10,forward,1.6956398781337387,0.0,0.0,0.0,0.0,0.0,0.0,3.8578784737244376e-07,-2.401412145314572,-0.0012970209209671112,-0.0005924074112705747,0.018455155966196013,0.0
8,0.0,11,forward,1.7428845309841565,0.0,0.0,0.0,0.0,0.0,0.0,3.875074892455115e-07,-2.4234003338756303,-0.0013257000627437123,-0.0005792915035112909,0.01816762796834312,0.0
8,0.0,12,forward,1.7841349696030782,0.0,0.0,0.0,0.0,0.0,0.0,3.893026031291984e-07,-2.4453767342645643,-0.0013539626985755416,-0.0005658908368671082,0.018108441314026058,0.0
8,0.0,13,forward,1.8207807579626822,0.0,0.0,0.0,0.0,0.0,0.0,3.911736523853154e-07,-2.4673375409094054,-0.0013817958306060337,-0.0005522096421295507,0.018105573009097792,0.0
8,0.0,14,forward,1.8538997483018091,0.0,0.0,0.0,0.0,0.0,0.0,3.931209930915686e-07,-2.4892789890946667,-0.001409186581069904,-0.0005382522794910341,0.01807537080827351,0.0
8,0.0,15,forward,1.8843314895657117,0.0,0.0,0.0,0.0,0.0,0.0,3.9514487265211136e-07,-2.5111973646313483,-0.0014361221979364536,-0.0005240232373154055,0.0179826599119014,0.0
8,0.0,16,forward,1.9127322732911287,0.0,0.0,0.0,0.0,0.0,0.0,3.972454285717751e-07,-2.5330890132709296,-0.0014625900605249739,-0.0005095271308523907,0.017818142067491938,0.0
8,0.0,17,forward,1.9396166569054973,0.0,0.0,0.0,0.0,0.0,0.0,3.9942268739708695e-07,-2.5549503498187343,-0.0014885776850900002,-0.0004947687008958463,0.01758564703488985,0.0
8,0.0,18,forward,1.9653889757298837,0.0,0.0,0.0,0.0,0.0,0.0,4.016765638273225e-07,-2.576777866904229,-0.0015140727303741138,-0.0004797528123864793,0.017295013701913664,0.0
8,0.0,19,forward,1.9903674018417936,0.0,0.0,0.0,0.0,0.0,0.0,4.040068599981633e-07,-2.598568143369576,-0.0015390630031257779,-0.00046448445295905165,0.016958190850652755,0.0
8,0.0,20,forward,2.0148024222305763,0.0,0.0,0.0,0.0,0.0,0.0,4.0641326494072446e-07,-2.6203178522408344,-0.0015635364635800746,-0.00044896873143471765,0.016587175551681044,0.0
8,0.0,21,forward,2.0388911136185772,0.0,0.0,0.0,0.0,0.0,0.0,4.08895354218001e-07,-2.6420237682503753,-0.0015874812308997457,-0.0004332108762586055,0.016192993769599928,0.0
8,0.0,22,forward,2.062788232491891,0.0,0.0,0.0,0.0,0.0,0.0,4.1145258974097163e-07,-2.663682774882667,-0.0016108855885744353,-0.0004172162338833448,0.015785264450874414,0.0
8,0.0,23,forward,2.086614877662576,0.0,0.0,0.0,0.0,0.0,0.0,4.140843197658868e-07,-2.6852918709201927,-0.0016337379897756364,-0.000400990267098644,0.015372082603088533,0.0
8,0.0,24,forward,2.110465291629342,0.0,0.0,0.0,0.0,0.0,0.0,4.167897790743665e-07,-2.7068481764699204,-0.0016560270626650687,-0.0003845385533077055,0.014960069401294462,0.0
8,0.0,25,forward,2.1344122265801575,0.0,0.0,0.0,0.0,0.0,0.0,4.19568089337385e-07,-2.728348938455639,-0.0016777416156542465,-0.0003678667827506453,0.014554502732496755,0.0
8,0.0,26,forward,2.158511197141531,0.0,0.0,0.0,0.0,0.0,0.0,4.224182596640608e-07,-2.749791535565075,-0.0016988706426127218,-0.0003509807566756899,0.014159479610217407,0.0
8,0.0,27,forward,2.1828038649368913,0.0,0.0,0.0,0.0,0.0,0.0,4.2533918733591467e-07,-2.7711734826455334,-0.0017194033280230755,-0.000333886385458445,0.013778083970373833,0.0
8,0.0,28,forward,2.2073207424907855,0.0,0.0,0.0,0.0,0.0,0.0,4.283296587267921e-07,-2.7924924345452555,-0.0017393290520799287,-0.00031658968666996827,0.013412546116803314,0.0
8,0.0,29,forward,2.2320833608253943,0.0,0.0,0.0,0.0,0.0,0.0,4.3138835040854024e-07,-2.8137461894021403,-0.001758637395731025,-0.00029909678309406924,0.013064387380037679,0.0
8,0.0,30,forward,2.2571060124869313,0.0,0.0,0.0,0.0,0.0,0.0,4.345138304422129e-07,-2.8349326913848376,-0.0017773181456581663,-0.0002814139006945306,0.012734547648443284,0.0
8,0.0,31,forward,2.282397156979844,0.0,0.0,0.0,0.0,0.0,0.0,4.37704559854019e-07,-2.856050032894851,-0.0017953612991953654,-0.0002635473665327914,0.012423495657099548,0.0
8,0.0,32,forward,2.307960556679616,0.0,0.0,0.0,0.0,0.0,0.0,4.4095889429536733e-07,-2.877096456241501,-0.0018127570691824776,-0.0002455036066368235,0.012131323061364663,0.0
8,0.0,33,forward,2.3337961967743985,0.0,0.0,0.0,0.0,0.0,0.0,4.442750858856587e-07,-2.8980703548046782,-0.0018294958887518367,-0.00022728914382170402,0.01185782384199452,0.0
8,0.0,34,forward,2.3599010315704105,0.0,0.0,0.0,0.0,0.0,0.0,4.476512852363938e-07,-2.918970273702676,-0.0018455684160457247,-0.0002089105954627647,0.011602560759839009,0.0
8,0.0,35,forward,2.3862695907849787,0.0,0.0,0.0,0.0,0.0,0.0,4.510855436547703e-07,-2.9397949099851592,-0.001860965538862558,-0.0001903746712218161,0.011364920560691494,0.0
8,0.0,36,forward,2.4128944726476718,0.0,0.0,0.0,0.0,0.0,0.0,4.5457581552475427e-07,-2.96054311237299,-0.001875678379229723,-0.00017168817072734518,0.01114415951798875,0.0
8,0.0,37,forward,2.4397667452880096,0.0,0.0,0.0,0.0,0.0,0.0,4.5811996086307315e-07,-2.9812138805686024,-0.0018896982979006648,-0.00015285798120931798,0.01093944074618125,0.0
8,0.0,38,forward,2.466876273672163,0.0,0.0,0.0,0.0,0.0,0.0,4.6171574804760274e-07,-3.001806364161961,-0.001903016898774479,-0.00013389107508939103,0.010749864550598454,0.0
8,0.0,39,forward,2.494211986007198,0.0,0.0,0.0,0.0,0.0,0.0,4.6536085671500705e-07,-3.022319861158182,-0.0019156260332356056,-0.00011479450752733147,0.010574492916545886,0.0
8,0.0,40,forward,2.5217620908671803,0.0,0.0,0.0,0.0,0.0,0.0,4.690528808244642e-07,-3.042753816153811,-0.0019275178044118534,-9.557541392443259e-05,0.010412369089147111,0.0
8,0.0,41,forward,2.549514254163511,0.0,0.0,0.0,0.0,0.0,0.0,4.7278933188373594e-07,-3.0631078181891804,-0.0019386845713483885,-7.624100738476849e-05,0.010262533059439138,0.0
8,0.0,42,forward,2.577455743369219,0.0,0.0,0.0,0.0,0.0,0.0,4.7656764233385185e-07,-3.0833815983046122,-0.001949118953095991,-5.679857613511992e-05,0.010124033652196829,0.0
8,0.0,43,forward,2.605573545026182,0.0,0.0,0.0,0.0,0.0,0.0,4.803851690881729e-07,-3.103575026828171,-0.0019588138327114456,-3.7255480904458984e-05,0.009995937806336896,0.0
8,0.0,44,forward,2.6338544604475476,0.0,0.0,0.0,0.0,0.0,0.0,4.842391972214078e-07,-3.123688110422481,-0.0019677623611681493,-1.7619152263874657e-05,0.009877337548291232,0.0
8,0.0,45,forward,2.6622851836220094,0.0,0.0,0.0,0.0,0.0,0.0,4.88126943803796e-07,3.1394643182618713,-0.0019759579611748766,2.102912072171181e-06,0.009767355080923745,0.0
8,0.0,46,forward,2.6908523645903233,0.0,0.0,0.0,0.0,0.0,0.0,4.920455618756111e-07,3.119511375222401,-0.001983394330901105,2.1903149982298486e-05,0.009665146343921904,0.0
8,0.0,47,forward,2.7195426609647786,0.0,0.0,0.0,0.0,0.0,0.0,4.959921445565628e-07,3.0996379716983467,-0.0019900654476066944,4.1773937711450536e-05,0.009569903344577746,0.0
8,0.0,48,forward,2.748342779773046,0.0,0.0,0.0,0.0,0.0,0.0,4.999637292846809e-07,3.0798435891053746,-0.001995965571174291,6.170759267995768e-05,0.00948085550927813,0.0
8,0.0,49,forward,2.777239511408145,0.0,0.0,0.0,0.0,0.0,0.0,5.039573021788737e-07,3.0601275899814553,-0.0020010892475425747,8.169637632742542e-05,0.009397270264567936,0.0
8,0.0,50,forward,2.8062197571394814,0.0,0.0,0.0,0.0,0.0,0.0,5.079698025192185e-07,3.0404892218438424,-0.0020054313120387098,0.00010173249699046713,0.009318453021387896,0.0
8,0.0,51,forward,2.8352705513725835,0.0,0.0,0.0,0.0,0.0,0.0,5.11998127338546e-07,3.020927621115412,-0.002008986892607902,0.00012180811281324389,0.009243746706104505,0.0
8,0.0,52,forward,2.8643790796264095,0.0,0.0,0.0,0.0,0.0,0.0,5.160391361190939e-07,3.0014418171003427,-0.0020117514129388563,0.00014191533468979056,0.009172530956481184,0.0
8,0.0,53,forward,2.8935326930181238,0.0,0.0,0.0,0.0,0.0,0.0,5.200896555873273e-07,2.9820307359904414,-0.0020137205954830627,0.0001620462292370702,0.009104221079152874,0.0
8,0.0,54,forward,2.9227189198988315,0.0,0.0,0.0,0.0,0.0,0.0,5.24146484600089e-07,2.9626932048848027,-0.00201489046436644,0.00018219282179768437,0.009038266846891796,0.0
8,0.0,55,forward,2.9519254751640993,0.0,0.0,0.0,0.0,0.0,0.0,5.28206399114963e-07,2.943427955806866,-0.0020152573481917184,0.0002023470994711647,0.008974151198516744,0.0
8,0.0,56,forward,2.98114026766535,0.0,0.0,0.0,0.0,0.0,0.0,5.322661572375891e-07,2.924233629704331,-0.002014817882730107,0.00022250101417273328,0.008911388891306826,0.0
8,0.0,57,forward,3.0103514060684446,0.0,0.0,0.0,0.0,0.0,0.0,5.363225043382669e-07,2.9051087804187214,-0.0020135690135003677,0.00024264648571842884,0.008849525144863923,0.0
8,0.0,58,forward,3.039547203440814,0.0,0.0,0.0,0.0,0.0,0.0,5.403721782304601e-07,2.8860518786128355,-0.0020115079982343663,0.0002627754049354522,0.00878813430624803,0.0
8,0.0,59,forward,3.068716180795576,0.0,0.0,0.0,0.0,0.0,0.0,5.444119144030861e-07,2.867061315645508,-0.0020086324092270656,0.0002828796367965966,0.008726818558617788,0.0
8,0.0,60,forward,3.097847069778149,0.0,0.0,0.0,0.0,0.0,0.0,5.48438451298887e-07,2.8481354073845297,-0.002004940135570087,0.0003029510235776079,0.008665206689329907,0.0
8,0.0,61,forward,3.1269288146459813,0.0,0.0,0.0,0.0,0.0,0.0,5.524485356305399e-07,2.829272397949707,-0.002000429385267032,0.00032298138803627587,0.008602952928291274,0.0
8,0.0,62,forward,3.155950573663828,0.0,0.0,0.0,0.0,0.0,0.0,5.564389277264675e-07,2.810470463379286,-0.0019950986872296077,0.0003429625366121064,0.008539735863153153,0.0
8,0.0,63,forward,3.1849017200141674,0.0,0.0,0.0,0.0,0.0,0.0,5.604064068978276e-07,2.7917277152140882,-0.00198894689315296,0.0003628862626453367,0.008475257434553352,0.0
8,0.0,64,forward,3.213771842303954,0.0,0.0,0.0,0.0,0.0,0.0,5.643477768183716e-07,2.773042203994786,-0.0019819731792692437,0.00038274434961411025,0.008409242011915952,0.0
8,0.0,65,forward,3.2425507447340642,0.0,0.0,0.0,0.0,0.0,0.0,5.682598709085526e-07,2.7544119226687687,-0.001974177047978081,0.00040252857438856897,0.00834143554820821,0.0
8,0.0,66,forward,3.27122844698585,0.0,0.0,0.0,0.0,0.0,0.0,5.721395577153037e-07,2.7358348099040093,-0.0019655583293528363,0.0004222307105006341,0.008271604810443423,0.0
8,0.0,67,forward,3.2997951838696253,0.0,0.0,0.0,0.0,0.0,0.0,5.759837462787699e-07,2.7173087533082403,-0.0019561171825215194,0.0004418425314282231,0.008199536681515074,0.0
8,0.0,68,forward,3.32824140477218,0.0,0.0,0.0,0.0,0.0,0.0,5.797893914773485e-07,2.6988315925526147,-0.0019458540969214263,0.0004613558138926479,0.00812503752810445,0.0
8,0.0,69,forward,3.356557772934222,0.0,0.0,0.0,0.0,0.0,0.0,5.835534993421379e-07,2.6804011223997324,-0.001934769893426211,0.00048076234116793253,0.008047932628826193,0.0
8,0.0,70,forward,3.384735164583652,0.0,0.0,0.0,0.0,0.0,0.0,5.872731323322186e-07,2.662015095636808,-0.0019228657253448844,0.0005000539064007396,0.007968065656460133,0.0
8,0.0,71,forward,3.412764667946531,0.0,0.0,0.0,0.0,0.0,0.0,5.909454145617684e-07,2.64367122591518,-0.0019101430792913406,0.0005192223159396684,0.007885298207975011,0.0
8,0.0,72,forward,3.4406375821543462,0.0,0.0,0.0,0.0,0.0,0.0,5.945675369703128e-07,2.6253671904981752,-0.0018966037759237597,0.0005382593926725839,0.007799509376064995,0.0
8,0.0,73,forward,3.4683454160634994,0.0,0.0,0.0,0.0,0.0,0.0,5.981367624274641e-07,2.607100632919895,-0.0018822499705533002,0.0005571569793706815,0.007710595356070327,0.0
8,0.0,74,forward,3.495879887000761,0.0,0.0,0.0,0.0,0.0,0.0,6.016504307631902e-07,2.5888691655577944,-0.0018670841536207949,0.0005759069420380043,0.007618469082372514,0.0
8,0.0,75,forward,3.523232919446605,0.0,0.0,0.0,0.0,0.0,0.0,6.051059637151551e-07,2.5706703721227084,-0.0018511091510412458,0.0005945011732650386,0.007523059888679073,0.0
8,0.0,76,forward,3.5503966436668204,0.0,0.0,0.0,0.0,0.0,0.0,6.085008697843402e-07,2.552501810070102,-0.0018343281244150302,0.0006129315955851028,0.007424313186951803,0.0
8,0.0,77,forward,3.5773633943014764,0.0,0.0,0.0,0.0,0.0,0.0,6.118327489905923e-07,2.534361012936926,-0.0018167445711055887,0.0006311901648321899,0.007322190160141462,0.0
8,0.0,78,forward,3.604125708919217,0.0,0.0,0.0,0.0,0.0,0.0,6.150992975194767e-07,2.5162454926086557,-0.0017983623241826926,0.0006492688734988859,0.007216667464290616,0.0
8,0.0,79,forward,3.6306763265438455,0.0,0.0,0.0,0.0,0.0,0.0,6.18298312252215e-07,2.4981527415214515,-0.0017791855522309582,0.0006671597540930733,0.0071077369360056375,0.0
8,0.0,80,forward,3.657008186159303,0.0,0.0,0.0,0.0,0.0,0.0,6.214276951704728e-07,2.4800802348046336,-0.0017592187590231222,0.0006848548824920487,0.006995405301709057,0.0
8,0.0,81,forward,3.6831144251983323,0.0,0.0,0.0,0.0,0.0,0.0,6.244854576278508e-07,2.4620254323689506,-0.001738466783057606,0.0007023463812926429,0.006879693885512128,0.0
8,0.0,82,forward,3.708988378019399,0.0,0.0,0.0,0.0,0.0,0.0,6.274697244802865e-07,2.4439857809461705,-0.0017169347969600917,0.0007196264231561397,0.0067606383129463765,0.0
8,0.0,83,forward,3.7346235743757745,0.0,0.0,0.0,0.0,0.0,0.0,6.303787380674036e-07,2.425958716085997,-0.0016946283067487552,0.0007366872341463723,0.006638288208186127,0.0
8,0.0,84,forward,3.7600137378800462,0.0,0.0,0.0,0.0,0.0,0.0,6.332108620374227e-07,2.4079416641160436,-0.0016715531509628944,0.0007535210970599418,0.006512706882758179,0.0
8,0.0,85,forward,3.7851527844667503,0.0,0.0,0.0,0.0,0.0,0.0,6.35964585008084e-07,2.3899320440711302,-0.0016477154996547632,0.000770120354746962,0.006383971014081835,0.0
8,0.0,86,forward,3.8100348208552584,0.0,0.0,0.0,0.0,0.0,0.0,6.386385240564669e-07,2.3719272695980886,-0.0016231218532445915,0.0007864774134210135,0.006252170312507577,0.0
8,0.0,87,forward,3.8346541430145504,0.0,0.0,0.0,0.0,0.0,0.0,6.412314280306774e-07,2.3539247508422023,-0.0015977790412384093,0.0008025847459570326,0.006117407175808776,0.0
8,0.0,88,forward,3.8590052346309958,0.0,0.0,0.0,0.0,0.0,0.0,6.437421806766703e-07,2.335921896321816,-0.0015716942208089532,0.0008184348951756089,0.005979796330364717,0.0
8,0.0,89,forward,3.88308276557983,0.0,0.0,0.0,0.0,0.0,0.0,6.461698035737383e-07,2.3179161147973004,-0.001544874875239466,0.0008340204771124863,0.0058394644585064714,0.0
8,0.0,90,forward,3.9068815904005763,0.0,0.0,0.0,0.0,0.0,0.0,6.485134588723666e-07,2.299904817140937,-0.0015173288122306494,0.0008493341842717405,0.00569654981172707,0.0
8,0.0,91,forward,3.9303967467762604,0.0,0.0,0.0,0.0,0.0,0.0,6.507724518284659e-07,2.281885418213917,-0.0014890641620706193,0.000864368788861392,0.00555120180964741,0.0
8,0.0,92,forward,3.9536234540159065,0.0,0.0,0.0,0.0,0.0,0.0,6.52946233128342e-07,2.2638553387569957,-0.0014600893756683902,0.0008791171460100085,0.005403580624809168,0.0
8,0.0,93,forward,3.976557111539452,0.0,0.0,0.0,0.0,0.0,0.0,6.550344009988987e-07,2.2458120073009917,-0.0014304132224508342,0.0008935721969629552,0.005253856753514086,0.0
8,0.0,94,forward,3.9991932973639135,0.0,0.0,0.0,0.0,0.0,0.0,6.570367030980294e-07,2.2277528621034834,-0.0014000447881236321,0.0009077269722569185,0.005102210573064925,0.0
8,0.0,95,forward,4.021527766589341,0.0,0.0,0.0,0.0,0.0,0.0,6.589530381803944e-07,2.2096753531177358,-0.001368993472296347,0.0009215745948714279,0.004948831885875027,0.0
8,0.0,96,forward,4.043556449882864,0.0,0.0,0.0,0.0,0.0,0.0,6.607834575340433e-07,2.191576944000146,-0.0013372689859723413,0.000935108283355829,0.0047939194510101535,0.0
8,0.0,97,forward,4.065275451958879,0.0,0.0,0.0,0.0,0.0,0.0,6.625281661837994e-07,2.1734551141618588,-0.0013048813489035945,0.0009483213549305835,0.0046376805038073066,0.0
8,0.0,98,forward,4.08668105005324,0.0,0.0,0.0,0.0,0.0,0.0,6.641875238575908e-07,2.1553073608705793,-0.0012718408868113743,0.0009612072285613769,0.004480330264285515,0.0
8,0.0,99,forward,4.10776969238915,0.0,0.0,0.0,0.0,0.0,0.0,6.657620457122179e-07,2.1371312014079775,-0.0012381582284729314,0.0009737594280047787,0.0043220914351076445,0.0
8,0.0,100,forward,4.128537996632287,0.0,0.0,0.0,0.0,0.0,0.0,6.672524028155746e-07,2.118924175288182,-0.0012038443026751863,0.000985971584824122,0.004163193689907252,0.0
8,0.0,101,forward,4.1489827483325765,0.0,0.0,0.0,0.0,0.0,0.0,6.68659422382465e-07,2.1006838465424518,-0.0011689103350359007,0.0009978374413742096,0.004003873152816639,0.0
8,0.0,102,forward,4.1691008993499485,0.0,0.0,0.0,0.0,0.0,0.0,6.699840877617326e-07,2.082407806074855,-0.0011333678446930793,0.001009350853753595,0.003844371870062424,0.0
8,0.0,103,forward,4.188889566261303,0.0,0.0,0.0,0.0,0.0,0.0,6.712275381727189e-07,2.0640936740935634,-0.0010972286408635348,0.0010205057947230772,0.003684937274504696,0.0
8,0.0,104,forward,4.208346028745893,0.0,0.0,0.0,0.0,0.0,0.0,6.723910681894922e-07,2.0457391026218747,-0.0010605048192713353,0.001031296356589176,0.0035258216440132717,0.0
8,0.0,105,forward,4.227467727946281,0.0,0.0,0.0,0.0,0.0,0.0,6.734761269715197e-07,2.027341778092852,-0.0010232087584470808,0.0010417167540511462,0.0033672815545694457,0.0
8,0.0,106,forward,4.246252264802015,0.0,0.0,0.0,0.0,0.0,0.0,6.744843172401977e-07,2.0088994240308993,-0.000985353115899087,0.0010517613270104276,0.0032095773289882445,0.0
8,0.0,107,forward,4.264697398353182,0.0,0.0,0.0,0.0,0.0,0.0,6.754173940006459e-07,1.9904098038231322,-0.0009469508241572202,0.001061424543341131,0.003052972482146754,0.0
8,0.0,108,forward,4.282801044011021,0.0,0.0,0.0,0.0,0.0,0.0,6.762772630088777e-07,1.9718707235830437,-0.0009080150866908402,0.0010707010016202947,0.002897733163599092,0.0
8,0.0,109,forward,4.300561271792814,0.0,0.0,0.0,0.0,0.0,0.0,6.770659789847746e-07,1.9532800351080921,-0.0008685593737016336,0.0010795854338167545,0.002744127598446333,0.0
8,0.0,110,forward,4.317976304518333,0.0,0.0,0.0,0.0,0.0,0.0,6.777857435715934e-07,1.9346356389325245,-0.0008285974177927696,0.0010880727079372254,0.002592425527320974,0.0
8,0.0,111,forward,4.335044515965182,0.0,0.0,0.0,0.0,0.0,0.0,6.784389030434199e-07,1.9159354874757748,-0.0007881432095154206,0.0010961578306285665,0.002442897646328157,0.0
8,0.0,112,forward,4.351764428980464,0.0,0.0,0.0,0.0,0.0,0.0,6.790279457620317e-07,1.897177588286325,-0.0007472109927941438,0.001103835949734785,0.002295815047774541,0.0
8,0.0,113,forward,4.368134713546309,0.0,0.0,0.0,0.0,0.0,0.0,6.795554993854256e-07,1.878360007379838,-0.0007058152602322823,0.0011111023568077772,0.002151448662500527,0.0
8,0.0,114,forward,4.384154184796855,0.0,0.0,0.0,0.0,0.0,0.0,6.800243278303502e-07,1.8594808726697754,-0.0006639707482989852,0.0011179524895704419,0.0020100687046150922,0.0
8,0.0,115,forward,4.399821800984462,0.0,0.0,0.0,0.0,0.0,0.0,6.804373279918794e-07,1.8405383774875086,-0.0006216924323990196,0.0011243819343311515,0.001871944119418989,0.0
8,0.0,116,forward,4.41513666139299,0.0,0.0,0.0,0.0,0.0,0.0,6.807975262232672e-07,1.8215307841882917,-0.0005789955218272262,0.0011303864283482917,0.0017373420352856384,0.0
8,0.0,117,forward,4.430098004196157,0.0,0.0,0.0,0.0,0.0,0.0,6.81108074579764e-07,1.8024564278381292,-0.0005358954546089008,0.001135961862143719,0.0016065272202559766,0.0
8,0.0,118,forward,4.444705204259105,0.0,0.0,0.0,0.0,0.0,0.0,6.813722468307796e-07,1.7833137199756195,-0.0004924078922278597,0.0011411042817642029,0.0014797615440869105,0.0
8,0.0,119,forward,4.458957770881441,0.0,0.0,0.0,0.0,0.0,0.0,6.815934342445111e-07,1.764101152441722,-0.0004485487142437649,0.0011458098909893635,0.0013573034464817169,0.0
8,0.0,120,forward,4.472855345480213,0.0,0.0,0.0,0.0,0.0,0.0,6.81775141150482e-07,1.7448173012691186,-0.0004043340128005516,0.001150075053485439,0.001239407412214788,0.0
8,0.0,121,forward,4.486397699211373,0.0,0.0,0.0,0.0,0.0,0.0,6.819209802849506e-07,1.72546083062161,-0.0003597800870275333,0.0011538962949034749,0.0011263234538518158,0.0
8,0.0,122,forward,4.499584730528496,0.0,0.0,0.0,0.0,0.0,0.0,6.820346679251066e-07,1.7060304967727562,-0.0003149034373351873,0.0011572703049210176,0.001018296602752669,0.0
8,0.0,123,forward,4.512416462677677,0.0,0.0,0.0,0.0,0.0,0.0,6.821200188181008e-07,1.6865251521115467,-0.00026972075960736425,0.0011601939392262112,0.0009155664090331611,0.0
8,0.0,124,forward,4.524893041127657,0.0,0.0,0.0,0.0,0.0,0.0,6.821809409115354e-07,1.6669437491615722,-0.00022424893929186634,0.001162664221443375,0.0008183664511483973,0.0
8,0.0,125,forward,4.537014730934475,0.0,0.0,0.0,0.0,0.0,0.0,6.822214298920673e-07,1.647285344598836,-0.00017850504539141009,0.0011646783449988688,0.0007269238557503083,0.0
8,0.0,126,forward,4.548781914040037,0.0,0.0,0.0,0.0,0.0,0.0,6.822455635396003e-07,1.627549103251836,-0.00013250632435686183,0.0011662336749264683,0.0006414588284587575,0.0
8,0.0,127,forward,4.560195086504251,0.0,0.0,0.0,0.0,0.0,0.0,6.822574959044537e-07,1.6077343020663293,-8.627019388496045e-05,0.0011673277496111053,0.0005621841961754512,0.0
8,0.0,128,forward,4.571254855670485,0.0,0.0,0.0,0.0,0.0,0.0,6.822614513156142e-07,1.5878403340156497,-3.98142366224508e-05,0.001167958282470183,0.000489304961557635,0.0
8,0.0,129,forward,4.581961937264348,0.0,0.0,0.0,0.0,0.0,0.0,6.822617182281651e-07,1.567866711936311,6.843806221026005e-06,0.0011681231635713824,0.00042301787025654514,0.0
8,0.0,130,forward,4.5923171524259345,0.0,0.0,0.0,0.0,0.0,0.0,6.822626429186587e-07,1.5478130722671506,5.368604134927975e-05,0.001167820461186211,0.0003635109915144444,0.0
8,0.0,131,forward,4.602321424675889,0.0,0.0,0.0,0.0,0.0,0.0,6.822686230372168e-07,1.5276791786692259,0.00010069442994276816,0.0011670484232783054,0.00031096331270125815,0.0
8,0.0,132,forward,4.611975776815824,0.0,0.0,0.0,0.0,0.0,0.0,6.822841010256024e-07,1.5074649255024286,0.00014785079430646583,0.0011658054789256587,0.0002655443483590928,0.0
8,0.0,133,forward,4.621281327763803,0.0,0.0,0.0,0.0,0.0,0.0,6.823135574108336e-07,1.4871703411338424,0.00019513682460000142,0.001164090239676001,0.0002274137643101925,0.0
8,0.0,134,forward,4.630239289325812,0.0,0.0,0.0,0.0,0.0,0.0,6.823615039839855e-07,1.4667955910519168,0.00024253408564776363,0.0011619015008344088,0.00019672101736963477,0.0
8,0.0,135,forward,4.638850962904325,0.0,0.0,0.0,0.0,0.0,0.0,6.824324768742522e-07,1.4463409807598375,0.00029002402382649774,0.0011592382426823882,0.00017360501119001014,0.0
8,0.0,136,forward,4.647117736145249,0.0,0.0,0.0,0.0,0.0,0.0,6.82531029528758e-07,1.425806958420875,0.00033758797402800726,0.0011560996316278412,0.00015819376875000348,0.0
8,0.0,137,forward,4.65504107952475,0.0,0.0,0.0,0.0,0.0,0.0,6.826617256082291e-07,1.4051941172281073,0.0003852071666944253,0.001152485021284823,0.00015060412198297852,0.0
8,0.0,138,forward,4.662622542877632,0.0,0.0,0.0,0.0,0.0,0.0,6.828291318097009e-07,1.3845031974707878,0.00043286273492354027,0.0011483939534827558,0.0001509414190249477,0.0
8,0.0,139,forward,4.669863751869144,0.0,0.0,0.0,0.0,0.0,0.0,6.830378106269017e-07,1.36373508826965,0.0004805357216416222,0.0011438261592041437,0.00015929924954366514,0.0
8,0.0,140,forward,4.6767664044123025,0.0,0.0,0.0,0.0,0.0,0.0,6.832923130596166e-07,1.3428908289538177,0.0005282070868411136,0.0011387815594502834,0.00017575918859214813,0.0
8,0.0,141,forward,4.683332267032954,0.0,0.0,0.0,0.0,0.0,0.0,6.83597171283149e-07,1.3219716100525212,0.0005758577148805836,0.0011332602660341642,0.00020039055941047622,0.0
8,0.0,142,forward,4.689563171185068,0.0,0.0,0.0,0.0,0.0,0.0,6.839568912896886e-07,1.3009787738758163,0.0006234684218442266,0.0011272625823002642,0.00023325021557938502,0.0
8,0.0,143,forward,4.695461009518882,0.0,0.0,0.0,0.0,0.0,0.0,6.843759455126576e-07,1.279913814659513,0.0006710199629582377,0.0011207890037701932,0.00027438234290786886,0.0
8,0.0,144,forward,4.701027732104752,0.0,0.0,0.0,0.0,0.0,0.0,6.848587654462684e-07,1.2587783782512274,0.0007184930400612684,0.00111384021871409,0.0003238182814147249,0.0
8,0.0,145,forward,4.706265342615721,0.0,0.0,0.0,0.0,0.0,0.0,6.854097342718376e-07,1.2375742613160958,0.0007658683091262476,0.0011064171086469998,0.0003815763677408185,0.0
8,0.0,146,forward,4.711175894472026,0.0,0.0,0.0,0.0,0.0,0.0,6.86033179502661e-07,1.2163034100429013,0.0008131263878306765,0.001098520748749655,0.0004476617983046327,0.0
8,0.0,147,forward,4.715761486950952,0.0,0.0,0.0,0.0,0.0,0.0,6.867333656598102e-07,1.1949679183338258,0.0008602478631726634,0.0010901524082135262,0.0005220665134887462,0.0
8,0.0,148,forward,4.720024261265613,0.0,0.0,0.0,0.0,0.0,0.0,6.875144869904287e-07,1.17357002546369,0.0009072132991297389,0.0010813135505093228,0.0006047691031187616,0.0
8,0.0,149,forward,4.723966396616424,0.0,0.0,0.0,0.0,0.0,0.0,6.88380660240749e-07,1.1521121131976686,0.0009540032443575483,0.0010720058335786933,0.0006957347334696357,0.0
8,0.0,150,forward,4.727590106219229,0.0,0.0,0.0,0.0,0.0,0.0,6.893359174960099e-07,1.1305967023597245,0.001000598239925611,0.0010622311099488353,0.0007949150960064599,0.0
8,0.0,151,forward,4.730897633314193,0.0,0.0,0.0,0.0,0.0,0.0,6.90384199099125e-07,1.1090264488475903,0.001046978827087061,0.0010519914267695144,0.0009022483780387891,0.0
8,0.0,152,forward,4.733891247159765,0.0,0.0,0.0,0.0,0.0,0.0,6.915293466601629e-07,1.087404139093878,0.001093125555079424,0.0010412890257722083,0.0010176592554377584,0.0
8,0.0,153,forward,4.736573239016179,0.0,0.0,0.0,0.0,0.0,0.0,6.927750961686293e-07,1.0657326849768305,0.0011390189889535203,0.0010301263431510834,0.0011410589075361577,0.0
8,0.0,154,forward,4.73894591812312,0.0,0.0,0.0,0.0,0.0,0.0,6.941250712204611e-07,1.0440151181884507,0.001184639717427317,0.0010185060093655942,0.0012723450543006831,0.0
8,0.0,155,forward,4.741011607676355,0.0,0.0,0.0,0.0,0.0,0.0,6.955827763714274e-07,1.0222545840717587,0.001229968360761811,0.0010064308488643358,0.0014114020158347007,0.0
8,0.0,156,forward,4.74277264080826,0.0,0.0,0.0,0.0,0.0,0.0,6.971515906287778e-07,1.0004543349433828,0.0012749855786558068,0.0009939038797301023,0.0015581007942380154,0.0
8,0.0,157,forward,4.744231356577361,0.0,0.0,0.0,0.0,0.0,0.0,6.988347610926251e-07,0.9786177229218294,0.0013196720781565032,0.0009809283132459006,0.0017122991778182883,0.0
8,0.0,158,forward,4.745390095972099,0.0,0.0,0.0,0.0,0.0,0.0,7.00635396758441e-07,0.9567481922859612,0.0013640086215828443,0.0009675075533817184,0.0018738418676167712,0.0
8,0.0,159,forward,4.7462511979342255,0.0,0.0,0.0,0.0,0.0,0.0,7.025564624919886e-07,0.9348492713924853,0.001407976034458341,0.0009536451962020611,0.0020425606261761375,0.0
8,0.0,160,forward,4.746816995407294,0.0,0.0,0.0,0.0,0.0,0.0,7.046007731877896e-07,0.912924564184931,0.0014515552134505354,0.0009393450291941067,0.002218274448448798,0.0
8,0.0,161,forward,4.7470898114159095,0.0,0.0,0.0,0.0,0.0,0.0,7.067709881217851e-07,0.8909777413305757,0.0014947271343135236,0.000924611030516373,0.002400789754705368,0.0
8,0.0,162,forward,4.74707195518144,0.0,0.0,0.0,0.0,0.0,0.0,7.090696055091258e-07,0.8690125310250381,0.0015374728598308055,0.0009094473681680351,0.0025899006052759743,0.0
8,0.0,163,forward,4.7467657182800576,0.0,0.0,0.0,0.0,0.0,0.0,7.114989572772299e-07,0.8470327095075014,0.0015797735477549454,0.000893858399078771,0.0027853889369162665,0.0
8,0.0,164,forward,4.746173370849039,0.0,0.0,0.0,0.0,0.0,0.0,7.140612040643198e-07,0.8250420913321937,0.00162161045874102,0.0008778486681191995,0.002987024820562567,0.0
8,0.0,165,forward,4.745297157847339,0.0,0.0,0.0,0.0,0.0,0.0,7.167583304533298e-07,0.8030445194442279,0.0016629649642705658,0.0008614229070320786,0.0031945667402027977,0.0
8,0.0,166,forward,4.744139295376551,0.0,0.0,0.0,0.0,0.0,0.0,7.195921404506815e-07,0.7810438551096381,0.0017038185545629229,0.0008445860332842657,0.0034077618925585917,0.0
8,0.0,167,forward,4.742701967068423,0.0,0.0,0.0,0.0,0.0,0.0,7.225642532191637e-07,0.7590439677510503,0.0017441528464706183,0.0008273431488396537,0.0036263465072374212,0.0
8,0.0,168,forward,4.740987320545136,0.0,0.0,0.0,0.0,0.0,0.0,7.256760990738027e-07,0.7370487247412378,0.001783949591355607,0.0008096995388532231,0.0038500461869852565,0.0
8,0.0,169,forward,4.738997463958632,0.0,0.0,0.0,0.0,0.0,0.0,7.289289157493438e-07,0.7150619812072505,0.0018231906829432461,0.000791660670286451,0.004078576267630973,0.0
8,0.0,170,forward,4.736734462615269,0.0,0.0,0.0,0.0,0.0,0.0,7.323237449473635e-07,0.6930875698977393,0.0018618581651505333,0.0007732321904442495,0.004311642197287635,0.0
8,0.0,171,forward,4.734200335692141,0.0,0.0,0.0,0.0,0.0,0.0,7.358614291710052e-07,0.6711292911654424,0.0018999342398856175,0.0007544199254338088,0.004548939934336138,0.0
8,0.0,172,forward,4.7313970530513965,0.0,0.0,0.0,0.0,0.0,0.0,7.395426088545769e-07,0.649190903115664,0.001937401274815176,0.0007352298785455563,0.0047901563636927325,0.0
8,0.0,173,forward,4.728326532158856,0.0,0.0,0.0,0.0,0.0,0.0,7.433677197950597e-07,0.6272761119699782,0.0019742418110964767,0.0007156682285566104,0.005034969730822514,0.0
8,0.0,174,forward,4.724990635113281,0.0,0.0,0.0,0.0,0.0,0.0,7.473369908920469e-07,0.6053885626922705,0.002010438571070875,0.0006957413279570641,0.005283050092935504,0.0
8,0.0,175,forward,4.721391165792543,0.0,0.0,0.0,0.0,0.0,0.0,7.51450442202324e-07,0.583531829921849,0.002045974465915486,0.000675455701099663,0.0055340597867719055,0.0
8,0.0,176,forward,4.717529867122959,0.0,0.0,0.0,0.0,0.0,0.0,7.557078833145242e-07,0.5617094092550606,0.0020808326032498857,0.0006548180422729367,0.005787653912345148,0.0
8,0.0,177,forward,4.713408418477983,0.0,0.0,0.0,0.0,0.0,0.0,7.601089120493116e-07,0.5399247089142203,0.0021149962946944508,0.000633835213698749,0.006043480831997683,0.0
8,0.0,178,forward,4.709028433212372,0.0,0.0,0.0,0.0,0.0,0.0,7.646529134895484e-07,0.5181810418383801,0.002148449063377273,0.0006125142434542948,0.006301182684077089,0.0
8,0.0,179,forward,4.7043914563378815,0.0,0.0,0.0,0.0,0.0,0.0,7.693390593448704e-07,0.49648161822729475,0.0021811746513863283,0.000590862323319473,0.006560395910530703,0.0
8,0.0,180,forward,4.699498962346455,0.0,0.0,0.0,0.0,0.0,0.0,7.741663076542194e-07,0.474829538565382,0.0022131570271638136,0.0005688868065498645,0.006820751797676716,0.0
8,0.0,181,forward,4.694352353186749,0.0,0.0,0.0,0.0,0.0,0.0,7.791334028295612e-07,0.45322778714878587,0.002244380392839231,0.0005465952055761434,0.007081877029393224,0.0
8,0.0,182,forward,4.688952956399746,0.0,0.0,0.0,0.0,0.0,0.0,7.842388760435154e-07,0.4316792261340804,0.002274829191498289,0.0005239951896304323,0.007343394251933977,0.0
8,0.0,183,forward,4.683302023419079,0.0,0.0,0.0,0.0,0.0,0.0,7.894810459630079e-07,0.41018659012307906,0.0023044881143843223,0.0005010945823003145,0.0076049226495634725,0.0
8,0.0,184,forward,4.677400728041526,0.0,0.0,0.0,0.0,0.0,0.0,7.948580198304934e-07,0.38875248129388673,0.0023333421080290327,0.0004779013590111518,0.00786607853017518,0.0
8,0.0,185,forward,4.671250165073027,0.0,0.0,0.0,0.0,0.0,0.0,8.003676948939773e-07,0.36737936508417973,0.0023613763813096563,0.0004544236444374798,0.008126475920037901,0.0
8,0.0,186,forward,4.664851349155373,0.0,0.0,0.0,0.0,0.0,0.0,8.060077601859552e-07,0.34606956642869063,0.002388576412428838,0.0004306697098441608,0.00838572716679642,0.0
8,0.0,187,forward,4.658205213778608,0.0,0.0,0.0,0.0,0.0,0.0,8.117756986518047e-07,0.32482526654885885,0.00241492795581505,0.0004066479703581528,0.008643443549823049,0.0
8,0.0,188,forward,4.651312610483926,0.0,0.0,0.0,0.0,0.0,0.0,8.176687896264113e-07,0.30364850028915263,0.0024404170489394435,0.00038236698217170717,0.00889923589701791,0.0
8,0.0,189,forward,4.644174308261746,0.0,0.0,0.0,0.0,0.0,0.0,8.23684111658257e-07,0.2825411539907724,0.002465030019046841,0.0003578354396777343,0.009152715207113804,0.0
8,0.0,190,forward,4.6367909931493925,0.0,0.0,0.0,0.0,0.0,0.0,8.298185456791252e-07,0.2615049638906052,0.0024887534897975257,0.00033306217253838496,0.009403493276552766,0.0
8,0.0,191,forward,4.629163268032628,0.0,0.0,0.0,0.0,0.0,0.0,8.360687785169419e-07,0.24054151503011884,0.00251157438781665,0.0003080561426876093,0.00965118332995818,0.0
8,0.0,192,forward,4.62129165265511,0.0,0.0,0.0,0.0,0.0,0.0,8.424313067490894e-07,0.21965224065635275,0.0025334799491485848,0.00028282644126867955,0.009895400653241015,0.0
8,0.0,193,forward,4.613176583839562,0.0,0.0,0.0,0.0,0.0,0.0,8.489024408926425e-07,0.1988384220949176,0.002554457725613073,0.0002573822855077013,0.010135763228344974,0.0
8,0.0,194,forward,4.604818415924315,0.0,0.0,0.0,0.0,0.0,0.0,8.554783099275121e-07,0.1781011890727565,0.0025744955910603014,0.00023173301552399143,0.010371892368640001,0.0
8,0.0,195,forward,4.596217421418605,0.0,0.0,0.0,0.0,0.0,0.0,8.621548661478398e-07,0.157441520466947,0.002593581747521834,0.00020588809107848201,0.01060341335395476,0.0
8,0.0,196,forward,4.587373791879791,0.0,0.0,0.0,0.0,0.0,0.0,8.689278903365836e-07,0.1368602454542221,0.0026117047312547233,0.00017985708826106977,0.010829956064237534,0.0
8,0.0,197,forward,4.57828763901549,0.0,0.0,0.0,0.0,0.0,0.0,8.757929972575407e-07,0.11635804503505884,0.002628853418675838,0.0001536496961181324,0.011051155610825703,0.0
8,0.0,198,forward,4.5689589960133254,0.0,0.0,0.0,0.0,0.0,0.0,8.827456414585667e-07,0.095935453905191,0.002645017032183686,0.00012727571322118314,0.011266652964303292,0.0
8,0.0,199,forward,4.559387819100847,0.0,0.0,0.0,0.0,0.0,0.0,8.897811233790533e-07,0.07559286264713937,0.002660185145864733,0.00010074504417794014,0.011476095577912515,0.0
8,0.0,200,forward,4.5495739893378975,0.0,0.0,0.0,0.0,0.0,0.0,8.968945957544443e-07,0.05533052021391415,0.0026743476910817137,7.406769608685715e-05,0.011679138005505463,0.0
9,0.0,1,forward,0.4166153614736537,0.0,0.0,0.0,0.0,0.0,0.0,6.474396266272542e-07,-0.01909723051188665,0.0022752689130793873,-2.172994504828427e-05,0.49581577028103196,0.0
9,0.0,2,forward,0.7392607434443697,0.0,0.0,0.0,0.0,0.0,0.0,6.526335392286271e-07,-0.03898251967289405,0.0022830578689955927,-4.452558132895038e-05,0.2855204327152322,0.0
9,0.0,3,forward,0.9912255322591722,0.0,0.0,0.0,0.0,0.0,0.0,6.578609783807952e-07,-0.058788702550833384,0.0022899628639091387,-6.739470026556964e-05,0.16694586605144635,0.0
9,0.0,4,forward,1.1897556434216516,0.0,0.0,0.0,0.0,0.0,0.0,6.631179833858222e-07,-0.07851639904247562,0.002295977588348198,-9.032842914291456e-05,0.10007730323351985,0.0
9,0.0,5,forward,1.3476783351018051,0.0,0.0,0.0,0.0,0.0,0.0,6.684005309470053e-07,-0.09816634464805417,0.002301096064428396,-0.0001133178337982023,0.062469353827929106,0.0
9,0.0,6,forward,1.474581235798937,0.0,0.0,0.0,0.0,0.0,0.0,6.737045411964263e-07,-0.11773938655396944,0.002305312649577573,-0.00013635392195613524,0.04145807944475887,0.0
9,0.0,7,forward,1.5776687781178687,0.0,0.0,0.0,0.0,0.0,0.0,6.790258838620486e-07,-0.13723647966333868,0.0023086220401410435,-0.00015942764660071068,0.029859835307952956,0.0
9,0.0,8,forward,1.662385290430613,0.0,0.0,0.0,0.0,0.0,0.0,6.843603845655422e-07,-0.15665868259306157,0.0023110192748654235,-0.00018252990938233927,0.023581178904782785,0.0
9,0.0,9,forward,1.732869322195352,0.0,0.0,0.0,0.0,0.0,0.0,6.897038312418497e-07,-0.17600715365514544,0.002312499738259224,-0.0002056515640593091,0.020282157620504226,0.0
9,0.0,10,forward,1.792285857616493,0.0,0.0,0.0,0.0,0.0,0.0,6.950519806710861e-07,-0.19528314683829776,0.0023130591638282805,-0.00022878341997219397,0.018623734388018398,0.0
9,0.0,11,forward,1.8430700825963013,0.0,0.0,0.0,0.0,0.0,0.0,7.00400565113147e-07,-0.21448800780455174,0.002312693637184161,-0.00025191624554994635,0.01784121664956101,0.0
9,0.0,12,forward,1.8871069774217184,0.0,0.0,0.0,0.0,0.0,0.0,7.057452990353866e-07,-0.23362316991439203,0.00231139959902409,-0.0002750407718465284,0.017500847376181516,0.0
9,0.0,13,forward,1.9258642328189532,0.0,0.0,0.0,0.0,0.0,0.0,7.110818859230378e-07,-0.2526901502922675,0.0023091738479802883,-0.00029814769610658596,0.017360018408267675,0.0
9,0.0,14,forward,1.9604911105963967,0.0,0.0,0.0,0.0,0.0,0.0,7.164060251622733e-07,-0.27169054594335607,0.002306013543337274,-0.0003212276853590702,0.01728652093111749,0.0
9,0.0,15,forward,1.9918923652693243,0.0,0.0,0.0,0.0,0.0,0.0,7.217134189854385e-07,-0.29062602993079995,0.0023019162076156102,-0.00034427138003726576,0.017211667731551306,0.0
9,0.0,16,forward,2.0207838256847275,0.0,0.0,0.0,0.0,0.0,0.0,7.269997794676909e-07,-0.30949834762176115,0.0022968797290202456,-0.000367269397624076,0.017102981223786062,0.0
9,0.0,17,forward,2.047734427109193,0.0,0.0,0.0,0.0,0.0,0.0,7.322608355643375e-07,-0.32830931300908084,0.002290902363752224,-0.0003902123363210206,0.016948255256827305,0.0
9,0.0,18,forward,2.073198183452868,0.0,0.0,0.0,0.0,0.0,0.0,7.374923401777445e-07,-0.34706080511455956,0.0022839827381819226,-0.0004130907787397651,0.016746265624396794,0.0
9,0.0,19,forward,2.0975386518717323,0.0,0.0,0.0,0.0,0.0,0.0,7.426900772429564e-07,-0.365754764478371,0.002276119850882934,-0.0004358952956146044,0.0165013845523167,0.0
9,0.0,20,forward,2.1210477645783996,0.0,0.0,0.0,0.0,0.0,0.0,7.478498688204778e-07,-0.3843931897384722,0.0022673130745246195,-0.00045861644953460427,0.016220494107521854,0.0
9,0.0,21,forward,2.1439604115316837,0.0,0.0,0.0,0.0,0.0,0.0,7.529675821851167e-07,-0.40297813430270407,0.0022575621576223855,-0.0004812447986940021,0.015911254237528316,0.0
9,0.0,22,forward,2.16646580017982,0.0,0.0,0.0,0.0,0.0,0.0,7.580391368993987e-07,-0.4215117031153175,0.002246867226144374,-0.0005037709006593256,0.015581167051104183,0.0
9,0.0,23,forward,2.1887163571179284,0.0,0.0,0.0,0.0,0.0,0.0,7.63060511860049e-07,-0.43999604951901855,0.002235228784973214,-0.0005261853161519261,0.015237105895802017,0.0
9,0.0,24,forward,2.210834744644499,0.0,0.0,0.0,0.0,0.0,0.0,7.6802775230597e-07,-0.45843337221260394,0.002222647719221701,-0.0005484786128443377,0.014885112106297893,0.0
9,0.0,25,forward,2.232919423649114,0.0,0.0,0.0,0.0,0.0,0.0,7.729369767763469e-07,-0.4768259123036672,0.002209125295401557,-0.0005706413691691105,0.014530342238239569,0.0
9,0.0,26,forward,2.2550490893344,0.0,0.0,0.0,0.0,0.0,0.0,7.777843840069151e-07,-0.4951759504552047,0.0021946631624435655,-0.0005926641781385766,0.014177096391967958,0.0
9,0.0,27,forward,2.277286228118002,0.0,0.0,0.0,0.0,0.0,0.0,7.825662597533268e-07,-0.5134858041240891,0.002179263352569017,-0.0006145376511740489,0.013828886884229785,0.0
9,0.0,28,forward,2.2996799855640693,0.0,0.0,0.0,0.0,0.0,0.0,7.872789835295948e-07,-0.5317578248891955,0.0021629282820105904,-0.0006362524219430226,0.013488523722795076,0.0
9,0.0,29,forward,2.322268491203913,0.0,0.0,0.0,0.0,0.0,0.0,7.919190352504093e-07,-0.5499943958660722,0.0021456607515823946,-0.000657799150202804,0.01315820364218323,0.0
9,0.0,30,forward,2.345080752869071,0.0,0.0,0.0,0.0,0.0,0.0,7.964830017657633e-07,-0.5681979292048163,0.002127463947098063,-0.0006791685256490998,0.012839595598984066,0.0
9,0.0,31,forward,2.368138207932141,0.0,0.0,0.0,0.0,0.0,0.0,8.009675832765649e-07,-0.5863708636672522,0.002108341439636251,-0.0007003512717679981,0.0125339192463777,0.0
9,0.0,32,forward,2.391455999614276,0.0,0.0,0.0,0.0,0.0,0.0,8.05369599619968e-07,-0.6045156622792527,0.002088297185652705,-0.0007213381496898875,0.012242015004307882,0.0
9,0.0,33,forward,2.41504403178419,0.0,0.0,0.0,0.0,0.0,0.0,8.096859964132287e-07,-0.6226348100535328,0.0020673355269383025,-0.0007421199620436613,0.011964405519120369,0.0
9,0.0,34,forward,2.438907844337613,0.0,0.0,0.0,0.0,0.0,0.0,8.139138510452248e-07,-0.6407308117780881,0.0020454611904225724,-0.0007626875568097822,0.011701348932909306,0.0
9,0.0,35,forward,2.463049342485771,0.0,0.0,0.0,0.0,0.0,0.0,8.180503785045757e-07,-0.6588061898651317,0.0020226792878218426,-0.000783031831170583,0.011452884683280429,0.0
9,0.0,36,forward,2.487467406481316,0.0,0.0,0.0,0.0,0.0,0.0,8.220929370339042e-07,-0.6768634822550597,0.0019989953151319244,-0.0008031437353562674,0.011218872665836654,0.0
9,0.0,37,forward,2.512158403007738,0.0,0.0,0.0,0.0,0.0,0.0,8.260390335996255e-07,-0.6949052403699048,0.001974415151964629,-0.0008230142764850654,0.010999026597583672,0.0
9,0.0,38,forward,2.537116615305056,0.0,0.0,0.0,0.0,0.0,0.0,8.298863291670495e-07,-0.7129340271104576,0.0019489450607278749,-0.0008426345223959722,0.010792942369769243,0.0
9,0.0,39,forward,2.5623346058362593,0.0,0.0,0.0,0.0,0.0,0.0,8.336326437707376e-07,-0.7309524148911,0.0019225916856490668,-0.0008619956054724838,0.010600122103053833,0.0
9,0.0,40,forward,2.5878035227149887,0.0,0.0,0.0,0.0,0.0,0.0,8.372759613703573e-07,-0.7489629837063063,0.0018953620516415084,-0.0008810887264558092,0.010419994533604982,0.0
9,0.0,41,forward,2.613513359062013,0.0,0.0,0.0,0.0,0.0,0.0,8.408144344824839e-07,-0.7669683192225938,0.0018672635630136993,-0.0008999051582459298,0.010251932275287978,0.0
9,0.0,42,forward,2.639453172819097,0.0,0.0,0.0,0.0,0.0,0.0,8.442463885790816e-07,-0.7849710108897235,0.0018383040020212573,-0.0009184362496889891,0.010095266425542149,0.0
9,0.0,43,forward,2.665611273233711,0.0,0.0,0.0,0.0,0.0,0.0,8.475703262438629e-07,-0.8029736500647031,0.0018084915272617923,-0.0009366734293493859,0.009949298913047522,0.0
9,0.0,44,forward,2.6919753791673626,0.0,0.0,0.0,0.0,0.0,0.0,8.507849310776893e-07,-0.820978828142396,0.0017778346719121987,-0.0009546082092650503,0.009813312924531248,0.0
9,0.0,45,forward,2.7185327535204187,0.0,0.0,0.0,0.0,0.0,0.0,8.53889071344927e-07,-0.8389891346862021,0.0017463423418089266,-0.0009722321886842935,0.009686581695813934,0.0
9,0.0,46,forward,2.7452703173655344,0.0,0.0,0.0,0.0,0.0,0.0,8.56881803352711e-07,-0.8570071555524917,0.0017140238133711366,-0.000989537057782666,0.00956837590777071,0.0
9,0.0,47,forward,2.7721747468076936,0.0,0.0,0.0,0.0,0.0,0.0,8.597623745555488e-07,-0.8750354710024428,0.0016808887313669032,-0.00100651460135827,0.00945796989041281,0.0
9,0.0,48,forward,2.799232555116171,0.0,0.0,0.0,0.0,0.0,0.0,8.625302263781815e-07,-0.893076653794861,0.0016469471065230295,-0.0010231567025039397,0.00935464680685838,0.0
9,0.0,49,forward,2.8264301622824557,0.0,0.0,0.0,0.0,0.0,0.0,8.651849967496832e-07,-0.9111332672538804,0.001612209312978258,-0.0010394553462547355,0.009257702962678582,0.0
9,0.0,50,forward,2.8537539538327783,0.0,0.0,0.0,0.0,0.0,0.0,8.677265223426933e-07,-0.9292078633051615,0.001576686085580946,-0.001055402623209188,0.009166451364164163,0.0
9,0.0,51,forward,2.8811903304519495,0.0,0.0,0.0,0.0,0.0,0.0,8.701548405115779e-07,-0.9473029804746742,0.0015403885170310954,-0.0010709907331227346,0.009080224630757971,0.0
9,0.0,52,forward,2.9087257497469263,0.0,0.0,0.0,0.0,0.0,0.0,8.724701909241254e-07,-0.9654211418440237,0.0015033280548675742,-0.0010862119884717982,0.00899837735161102,0.0
9,0.0,53,forward,2.9363467612860883,0.0,0.0,0.0,0.0,0.0,0.0,8.746730168816442e-07,-0.9835648529565553,0.001465516498300998,-0.0011010588179869618,0.008920287963430251,0.0
9,0.0,54,forward,2.9640400358873413,0.0,0.0,0.0,0.0,0.0,0.0,8.767639663228771e-07,-1.0017365996685876,0.0014269659948930246,-0.0011155237701536934,0.008845360216059639,0.0
9,0.0,55,forward,2.9917923899898007,0.0,0.0,0.0,0.0,0.0,0.0,8.787438925075234e-07,-1.0199388459404293,0.0013876890370825917,-0.001129599516679101,0.008773024283192155,0.0
9,0.0,56,forward,3.019590805825945,0.0,0.0,0.0,0.0,0.0,0.0,8.806138543757581e-07,-1.038174031561942,0.0013476984585600665,-0.0011432788559231756,0.008702737567971908,0.0
9,0.0,57,forward,3.0474224480103427,0.0,0.0,0.0,0.0,0.0,0.0,8.823751165805614e-07,-1.0564445698077671,0.001307007430490115,-0.0011565547162930166,0.008633985246737197,0.0
9,0.0,58,forward,3.075274677074752,0.0,0.0,0.0,0.0,0.0,0.0,8.840291491901355e-07,-1.0747528450176593,0.0012656294575840723,-0.0011694201595985234,0.008566280588606423,0.0
9,0.0,59,forward,3.103135060405226,0.0,0.0,0.0,0.0,0.0,0.0,8.855776270582831e-07,-1.093101210097664,0.0012235783740228714,-0.0011818683843680675,0.00849916508382409,0.0
9,0.0,60,forward,3.130991380973103,0.0,0.0,0.0,0.0,0.0,0.0,8.870224288611048e-07,-1.1114919839382011,0.001180868339231714,-0.0011938927291226247,0.008432208409661968,0.0
9,0.0,61,forward,3.1588316441967685,0.0,0.0,0.0,0.0,0.0,0.0,8.883656357988198e-07,-1.1299274487457556,0.0011375138335072354,-0.001205486675606926,0.008365008259075934,0.0
9,0.0,62,forward,3.186644083223696,0.0,0.0,0.0,0.0,0.0,0.0,8.896095299622029e-07,-1.1484098472850681,0.0010935296534986957,-0.0012166438519761443,0.008297190054177062,0.0
9,0.0,63,forward,3.214417162881301,0.0,0.0,0.0,0.0,0.0,0.0,8.907565923634522e-07,-1.1669413800294859,0.0010489309075440991,-0.0012273580359366397,0.008228406563830837,0.0
9,0.0,64,forward,3.242139582509777,0.0,0.0,0.0,0.0,0.0,0.0,8.918095006321169e-07,-1.1855242022174586,0.0010037330108629355,-0.0012376231578393635,0.008158337442256913,0.0
9,0.0,65,forward,3.269800277859508,0.0,0.0,0.0,0.0,0.0,0.0,8.927711263768963e-07,-1.2041604208141277,0.0009579516806062714,-0.0012474333037244582,0.008086688703352274,0.0
9,0.0,66,forward,3.297388422209194,0.0,0.0,0.0,0.0,0.0,0.0,8.93644532215065e-07,-1.222852091377156,0.0009116029307663713,-0.001256782718315636,0.008013192143556669,0.0
9,0.0,67,forward,3.324893426837998,0.0,0.0,0.0,0.0,0.0,0.0,8.944329684715132e-07,-1.2416012148271667,0.0008647030669466997,-0.0012656658079629754,0.007937604724367775,0.0
9,0.0,68,forward,3.3523049409652432,0.0,0.0,0.0,0.0,0.0,0.0,8.951398695500407e-07,-1.2604097341236296,0.0008172686809940836,-0.001274077143532681,0.00785970792410784,0.0
9,0.0,69,forward,3.3796128512541515,0.0,0.0,0.0,0.0,0.0,0.0,8.957688499802212e-07,-1.2792795308479457,0.000769316645494761,-0.0012820114632425144,0.007779307067184105,0.0
9,0.0,70,forward,3.4068072809613867,0.0,0.0,0.0,0.0,0.0,0.0,8.963237001434394e-07,-1.298212421696502,0.0007208641081357104,-0.0012894636754414714,0.0076962306378842715,0.0
9,0.0,71,forward,3.433878588801452,0.0,0.0,0.0,0.0,0.0,0.0,8.968083816824865e-07,-1.3172101548873039,0.0006719284859331571,-0.0012964288613324106,0.007610329584670561,0.0
9,0.0,72,forward,3.4608173675840717,0.0,0.0,0.0,0.0,0.0,0.0,8.972270225995362e-07,-1.3362744064848595,0.000622527459330051,-0.0013029022776363064,0.007521476619976042,0.0
9,0.0,73,forward,3.487614442673258,0.0,0.0,0.0,0.0,0.0,0.0,8.975839120478376e-07,-1.3554067766491436,0.0005726789661642252,-0.0013088793591968103,0.0074295655196646715,0.0
9,0.0,74,forward,3.514260870308696,0.0,0.0,0.0,0.0,0.0,0.0,8.97883494823063e-07,-1.3746087858155212,0.0005224011955092188,-0.0013143557215238493,0.007334510425548002,0.0
9,0.0,75,forward,3.540747935823111,0.0,0.0,0.0,0.0,0.0,0.0,8.981303655607518e-07,-1.3938818708137353,0.00047171258138975497,-0.0013193271632749948,0.0072362451537018035,0.0
9,0.0,76,forward,3.567067151783389,0.0,0.0,0.0,0.0,0.0,0.0,8.983292626468291e-07,-1.413227380935338,0.00042063179637382575,-0.0013237896686733779,0.007134722510723002,0.0
9,0.0,77,forward,3.593210256078086,0.0,0.0,0.0,0.0,0.0,0.0,8.984850618485919e-07,-1.4326465739601872,0.0003691777450434975,-0.001327739409860857,0.007029913619571837,0.0
9,0.0,78,forward,3.619169209969688,0.0,0.0,0.0,0.0,0.0,0.0,8.986027696742871e-07,-1.4521406121540057,0.00031736955734653493,-0.001331172749185341,0.0069218072561766375,0.0
9,0.0,79,forward,3.6449361961262605,0.0,0.0,0.0,0.0,0.0,0.0,8.986875164696726e-07,-1.4717105582503163,0.0002652265818310282,-0.0013340862414210118,0.006810409197612888,0.0
9,0.0,80,forward,3.6705036166440173,0.0,0.0,0.0,0.0,0.0,0.0,8.987445492605433e-07,-1.4913573714314114,0.0002127683787653892,-0.0013364766359202816,0.00669574158232078,0.0
9,0.0,81,forward,3.695864091069694,0.0,0.0,0.0,0.0,0.0,0.0,8.987792243507609e-07,-1.5110819033245315,0.0001600147131457855,-0.0013383408786964235,0.006577842282552315,0.0
9,0.0,82,forward,3.7210104544293774,0.0,0.0,0.0,0.0,0.0,0.0,8.98796999685632e-07,-1.5308848940306397,0.00010698554759356467,-0.0013396761144356848,0.006456764288999217,0.0
9,0.0,83,forward,3.745935755268568,0.0,0.0,0.0,0.0,0.0,0.0,8.988034269910422e-07,-1.5507669682046654,5.370103514498737e-05,-0.0013404796884378177,0.006332575107356853,0.0
9,0.0,84,forward,3.7706332537066882,0.0,0.0,0.0,0.0,0.0,0.0,8.988041436991985e-07,-1.5707286312073663,1.815119357803652e-07,-0.0013407491484839775,0.0062053561664195955,0.0
9,0.0,85,forward,3.795096419507945,0.0,0.0,0.0,0.0,0.0,0.0,8.988048646722691e-07,-1.59077026535031,-5.3552510217089184e-05,-0.001340482246630975,0.006075202237178945,0.0
9,0.0,86,forward,3.819318930169359,0.0,0.0,0.0,0.0,0.0,0.0,8.988113737354244e-07,-1.6108921262565954,-0.00010748035133367752,-0.001339676940930736,0.005942220862292569,0.0
9,0.0,87,forward,3.843294669025908,0.0,0.0,0.0,0.0,0.0,0.0,8.988295150316557e-07,-1.6310943393612563,-0.00016158117088707627,-0.001338331397074207,0.005806531795226499,0.0
9,0.0,88,forward,3.867017723371974,0.0,0.0,0.0,0.0,0.0,0.0,8.988651842105087e-07,-1.651376896575996,-0.00021583397551393216,-0.0013364439899585109,0.005668266448319748,0.0
9,0.0,89,forward,3.8904823825977144,0.0,0.0,0.0,0.0,0.0,0.0,8.98924319463745e-07,-1.6717396531442863,-0.0002702176268174553,-0.0013340133051765511,0.005527567348992846,0.0
9,0.0,90,forward,3.913683136338504,0.0,0.0,0.0,0.0,0.0,0.0,8.990128924211158e-07,-1.6921823247131982,-0.0003247108492597101,-0.0013310381404281672,0.005384587603312951,0.0
9,0.0,91,forward,3.936614672635202,0.0,0.0,0.0,0.0,0.0,0.0,8.991368989195782e-07,-1.7127044846491328,-0.00037929223814043433,-0.001327517506851837,0.005239490366127808,0.0
9,0.0,92,forward,3.959271876102737,0.0,0.0,0.0,0.0,0.0,0.0,8.993023496600362e-07,-1.7333055616250495,-0.00043394026765970767,-0.0013234506302762657,0.0050924483169998425,0.0
9,0.0,93,forward,3.981649826104252,0.0,0.0,0.0,0.0,0.0,0.0,8.995152607653996e-07,-1.7539848375068738,-0.0004886332990613613,-0.0013188369523908126,0.004943643141201659,0.0
9,0.0,94,forward,4.003743794927922,0.0,0.0,0.0,0.0,0.0,0.0,8.997816442546396e-07,-1.7747414455668693,-0.0005433495888544361,-0.001313676131834172,0.004793265015066939,0.0
9,0.0,95,forward,4.025549245963408,0.0,0.0,0.0,0.0,0.0,0.0,9.001074984472688e-07,-1.7955743690512898,-0.0005980672971093935,-0.0013079680452004162,0.004641512095037825,0.0
9,0.0,96,forward,4.047061831874882,0.0,0.0,0.0,0.0,0.0,0.0,9.004987983131628e-07,-1.8164824401292785,-0.0006527644958263177,-0.0013017127879616892,0.004488590009802063,0.0
9,0.0,97,forward,4.068277392767482,0.0,0.0,0.0,0.0,0.0,0.0,9.009614857828276e-07,-1.8374643392490164,-0.0007074191773719999,-0.0012949106753068799,0.0043347113549629945,0.0
9,0.0,98,forward,4.089191954344072,0.0,0.0,0.0,0.0,0.0,0.0,9.015014600332769e-07,-1.8585185949259462,-0.000762009262982609,-0.0012875622428955536,0.004180095189755595,0.0
9,0.0,99,forward,4.109801726049184,0.0,0.0,0.0,0.0,0.0,0.0,9.021245677650861e-07,-1.879643583986584,-0.0008165126113290553,-0.0012796682475265978,0.004024966535368324,0.0
9,0.0,100,forward,4.130103099197072,0.0,0.0,0.0,0.0,0.0,0.0,9.028365934859298e-07,-1.9008375322895747,-0.0008709070271417028,-0.0012712296677207977,0.003869555874508046,0.0
9,0.0,101,forward,4.150092645080813,0.0,0.0,0.0,0.0,0.0,0.0,9.036432498165391e-07,-1.922098515943554,-0.0009251702698912339,-0.0012622477042169777,0.0037140986519028085,0.0
9,0.0,102,forward,4.169767113059517,0.0,0.0,0.0,0.0,0.0,0.0,9.045501678345627e-07,-1.9434244630391282,-0.000979280062522542,-0.0012527237803809275,0.0035588347755000083,0.0
9,0.0,103,forward,4.189123428620733,0.0,0.0,0.0,0.0,0.0,0.0,9.055628874724535e-07,-1.9648131559093298,-0.0010332141002381212,-0.0012426595425268814,0.0034040081181874182,0.0
9,0.0,104,forward,4.20815869141522,0.0,0.0,0.0,0.0,0.0,0.0,9.0668684798493e-07,-1.9862622339302125,-0.0010869500593278377,-0.0012320568601507898,0.003249866019921277,0.0
9,0.0,105,forward,4.226870173261388,0.0,0.0,0.0,0.0,0.0,0.0,9.079273785020986e-07,-2.0077691968697877,-0.0011404656060417,-0.0012209178260751063,0.003096658790211315,0.0
9,0.0,106,forward,4.2452553161167526,0.0,0.0,0.0,0.0,0.0,0.0,9.092896886840242e-07,-2.0293314087899823,-0.0011937384055020729,-0.0012092447565046525,0.0029446392109702124,0.0
9,0.0,107,forward,4.263311730013888,0.0,0.0,0.0,0.0,0.0,0.0,9.107788594925954e-07,-2.050946102502719,-0.0012467461306522115,-0.0011970401909931346,0.0027940620397924887,0.0
9,0.0,108,forward,4.281037190958449,0.0,0.0,0.0,0.0,0.0,0.0,9.123998340964182e-07,-2.0726103845770782,-0.0012994664712374026,-0.0011843068923199954,0.0026451835137840662,0.0
9,0.0,109,forward,4.298429638786946,0.0,0.0,0.0,0.0,0.0,0.0,9.141574089244986e-07,-2.094321240890533,-0.0013518771428153583,-0.001171047846277338,0.002498260854113865,0.0
9,0.0,110,forward,4.315487174982082,0.0,0.0,0.0,0.0,0.0,0.0,9.160562248841697e-07,-2.116075542713089,-0.0014039558957924215,-0.0011572662613665333,0.0023535517715119747,0.0
9,0.0,111,forward,4.332208060443553,0.0,0.0,0.0,0.0,0.0,0.0,9.18100758758824e-07,-2.1378700533087778,-0.0014556805244819798,-0.0011429655684044064,0.002211313972981188,0.0
9,0.0,112,forward,4.348590713212344,0.0,0.0,0.0,0.0,0.0,0.0,9.202953148005292e-07,-2.15970143503482,-0.001507028876181524,-0.0011281494200386449,0.0020718046700367587,0.0
9,0.0,113,forward,4.364633706146689,0.0,0.0,0.0,0.0,0.0,0.0,9.226440165328687e-07,-2.1815662569144556,-0.0015579788602649097,-0.0011128216901724575,0.0019352800888274568,0.0
9,0.0,114,forward,4.380335764547958,0.0,0.0,0.0,0.0,0.0,0.0,9.251507987785701e-07,-2.203461002655427,-0.0016085084572861343,-0.0010969864732981208,0.0018019949825285875,0.0
9,0.0,115,forward,4.395695763734872,0.0,0.0,0.0,0.0,0.0,0.0,9.278193999267791e-07,-2.225382079081981,-0.001658595728091031,-0.001080648083739533,0.0016722021464352088,0.0
9,0.0,116,forward,4.410712726564593,0.0,0.0,0.0,0.0,0.0,0.0,9.306533544541215e-07,-2.247325824944695,-0.001708218822933306,-0.001063811054803514,0.0015461519362113818,0.0
9,0.0,117,forward,4.4253858208993435,0.0,0.0,0.0,0.0,0.0,0.0,9.336559857138315e-07,-2.2692885200687223,-0.0017573559905912607,-0.0010464801378400372,0.001424091789783588,0.0
9,0.0,118,forward,4.4397143570173405,0.0,0.0,0.0,0.0,0.0,0.0,9.368303990064537e-07,-2.2912663947981113,-0.00180598558748157,-0.001028660301211182,0.0013062657533898236,0.0
9,0.0,119,forward,4.453697784966994,0.0,0.0,0.0,0.0,0.0,0.0,9.401794749456644e-07,-2.313255639690772,-0.0018540860867663491,-0.0010103567291690383,0.001192914012320745,0.0
9,0.0,120,forward,4.467335691863433,0.0,0.0,0.0,0.0,0.0,0.0,9.437058631322385e-07,-2.335252415416494,-0.001901636087450011,-0.0009915748206425735,0.0010842724269075066,0.0
9,0.0,121,forward,4.480627799126568,0.0,0.0,0.0,0.0,0.0,0.0,9.474119761486737e-07,-2.357252862808303,-0.0019486143234620625,-0.0009723201879335287,0.0009805720743301938,0.0
9,0.0,122,forward,4.493573959660045,0.0,0.0,0.0,0.0,0.0,0.0,9.512999838868546e-07,-2.3792531130159484,-0.001994999672722202,-0.0009525986553216328,0.0008820387968343224,0.0
9,0.0,123,forward,4.506174154970602,0.0,0.0,0.0,0.0,0.0,0.0,9.553718082204429e-07,-2.4012492977094206,-0.002040771166184081,-0.0009324162575791995,0.0007888927569556087,0.0
9,0.0,124,forward,4.518428492227454,0.0,0.0,0.0,0.0,0.0,0.0,9.596291180333274e-07,-2.423237559279737,-0.0020859079968538496,-0.000911779238395423,0.0007013480003631584,0.0
9,0.0,125,forward,4.530337201261535,0.0,0.0,0.0,0.0,0.0,0.0,9.640733246150599e-07,-2.445214060984436,-0.002130389528780008,-0.000890694048710606,0.0006196120269384917,0.0
9,0.0,126,forward,4.541900631504531,0.0,0.0,0.0,0.0,0.0,0.0,9.68705577433523e-07,-2.4671749969855927,-0.0021741953060105805,-0.0008691673449606649,0.0005438853707130376,0.0
9,0.0,127,forward,4.553119248867824,0.0,0.0,0.0,0.0,0.0,0.0,9.735267602947075e-07,-2.48911660222941,-0.002217305061514131,-0.0008472059872321782,0.0004743611892895905,0.0
9,0.0,128,forward,4.5639936325615995,0.0,0.0,0.0,0.0,0.0,0.0,9.78537487898855e-07,-2.5110351621178078,-0.002259698726060726,-0.0008248170373284376,0.00041122486337434594,0.0
9,0.0,129,forward,4.574524471854579,0.0,0.0,0.0,0.0,0.0,0.0,9.837381028017406e-07,-2.5329270219245483,-0.002301356437059206,-0.000802007756746933,0.0003546536070447165,0.0
9,0.0,130,forward,4.58471256277493,0.0,0.0,0.0,0.0,0.0,0.0,9.891286727891082e-07,-2.554788595910953,-0.002342258547347063,-0.0007787856045685869,0.0003048160893749999,0.0
9,0.0,131,forward,4.5945588047531425,0.0,0.0,0.0,0.0,0.0,0.0,9.947089886719235e-07,-2.5766163760989262,-0.0023823856339291196,-0.0007551582352594185,0.00026187206803700985,0.0
9,0.0,132,forward,4.604064197207773,0.0,0.0,0.0,0.0,0.0,0.0,1.0004785625093223e-06,-2.5984069406624197,-0.002421718506661422,-0.00073113349638506,0.00022597203548607725,0.0
9,0.0,133,forward,4.613229836075173,0.0,0.0,0.0,0.0,0.0,0.0,1.006436626265496e-06,-2.6201569619018956,-0.002460238216876545,-0.0007067194262386814,0.00019725687833385425,0.0
9,0.0,134,forward,4.622056910284452,0.0,0.0,0.0,0.0,0.0,0.0,1.0125821309062162e-06,-2.6418632137701286,-0.0024979260659466792,-0.000681924251382967,0.00017585755049967337,0.0
9,0.0,135,forward,4.630546698179105,0.0,0.0,0.0,0.0,0.0,0.0,1.0189137459400032e-06,-2.6635225789216523,-0.002534763613780792,-0.0006567563841068312,0.0001618947607198414,0.0
9,0.0,136,forward,4.6387005638869425,0.0,0.0,0.0,0.0,0.0,0.0,1.0254298594081373e-06,-2.685132055262405,-0.002570732687252192,-0.0006312244197974015,0.00015547867498125808,0.0
9,0.0,137,forward,4.646519953640086,0.0,0.0,0.0,0.0,0.0,0.0,1.0321285783272742e-06,-2.7066887619801667,-0.0026058153885528575,-0.0006053371342281643,0.00015670863443058118,0.0
9,0.0,138,forward,4.654006392046995,0.0,0.0,0.0,0.0,0.0,0.0,1.0390077295874844e-06,-2.728189945040811,-0.0026399941034708596,-0.000579103480763902,0.0001656728892940381,0.0
9,0.0,139,forward,4.661161478318682,0.0,0.0,0.0,0.0,0.0,0.0,1.0460648613079517e-06,-2.7496329821396,-0.0026732515095872823,-0.0005525325874831956,0.00018244834932522758,0.0
9,0.0,140,forward,4.667986882451413,0.0,0.0,0.0,0.0,0.0,0.0,1.0532972446518985e-06,-2.771015387100818,-0.0027055705843890138,-0.0005256337542194554,0.0002071003512792366,0.0
9,0.0,141,forward,4.6744843413683945,0.0,0.0,0.0,0.0,0.0,0.0,1.0607018761014164e-06,-2.7923348137233024,-0.0027369346132938128,-0.0004984164495211893,0.00023968244389114754,0.0
9,0.0,142,forward,4.680655655023127,0.0,0.0,0.0,0.0,0.0,0.0,1.0682754801923004e-06,-2.813589059073224,-0.0027673271975841127,-0.0004708903075324664,0.00028023619081552625,0.0
9,0.0,143,forward,4.6865026824672675,0.0,0.0,0.0,0.0,0.0,0.0,1.0760145127081982e-06,-2.8347760662291637,-0.0027967322622459855,-0.0004430651247945665,0.0003287909919607382,0.0
9,0.0,144,forward,4.692027337886029,0.0,0.0,0.0,0.0,0.0,0.0,1.0839151643325433e-06,-2.855893926488221,-0.002825134063709753,-0.0004149508569695933,0.0003853639236282916,0.0
9,0.0,145,forward,4.697231586604312,0.0,0.0,0.0,0.0,0.0,0.0,1.0919733647562092e-06,-2.8769408810448365,-0.0028525171974887642,-0.0003865576154872819,0.00044995959784234485,0.0
9,0.0,146,forward,4.702117441066965,0.0,0.0,0.0,0.0,0.0,0.0,1.1001847872378511e-06,-2.897915322157219,-0.002878866605712825,-0.0003578956641159051,0.0005225700412287773,0.0
9,0.0,147,forward,4.7066869567966885,0.0,0.0,0.0,0.0,0.0,0.0,1.1085448536133127e-06,-2.918815793818837,-0.0029041675845529282,-0.00032897541545835746,0.0006031745937764427,0.0
9,0.0,148,forward,4.710942228333334,0.0,0.0,0.0,0.0,0.0,0.0,1.1170487397495792e-06,-2.93964099195476,-0.00292840579153373,-0.00029980742737458285,0.0006917398277848652,0.0
9,0.0,149,forward,4.714885385158464,0.0,0.0,0.0,0.0,0.0,0.0,1.12569138143816e-06,-2.960389764164828,-0.0029515672527305544,-0.00027040239933133486,0.000788219487274977,0.0
9,0.0,150,forward,4.71851858760922,0.0,0.0,0.0,0.0,0.0,0.0,1.1344674807219568e-06,-2.98106110903705,-0.002973638369847454,-0.0002407711686807368,0.0008925544481089287,0.0
9,0.0,151,forward,4.721844022785736,0.0,0.0,0.0,0.0,0.0,0.0,1.1433715126488577e-06,-3.0016541750564967,-0.0029946059271730584,-0.00021092470686846432,0.0010046726990352584,0.0
9,0.0,152,forward,4.724863900456425,0.0,0.0,0.0,0.0,0.0,0.0,1.1523977324447313e-06,-3.022168259135617,-0.0030144570984109342,-0.00018087411557310767,0.0011244893438448755,0.0
9,0.0,153,forward,4.727580448965705,0.0,0.0,0.0,0.0,0.0,0.0,1.1615401830976491e-06,-3.0426028047930225,-0.003033179453381264,-0.0001506306227778004,0.0012519066247910215,0.0
9,0.0,154,forward,4.729995911148798,0.0,0.0,0.0,0.0,0.0,0.0,1.1707927033443597e-06,-3.062957400008123,-0.00305076096459047,-0.0001202055787755431,0.0013868139673943736,0.0
9,0.0,155,forward,4.732112540258433,0.0,0.0,0.0,0.0,0.0,0.0,1.1801489360496008e-06,-3.083231774779461,-0.0030671900136659135,-8.961045210938852e-05,0.0015290880467221935,0.0
9,0.0,156,forward,4.733932595908411,0.0,0.0,0.0,0.0,0.0,0.0,1.1896023369677205e-06,-3.1034257984142886,-0.003082455397652194,-5.885682544911481e-05,0.001678592875195506,0.0
9,0.0,157,forward,4.735458340039084,0.0,0.0,0.0,0.0,0.0,0.0,1.1991461838758103e-06,-3.1235394765771285,-0.0030965463351663,-2.795639140546619e-05,0.0018351799119462608,0.0
9,0.0,158,forward,4.736692032909993,0.0,0.0,0.0,0.0,0.0,0.0,1.2087735860665214e-06,3.1396123590553597,-0.003109452472408351,3.0790517163530044e-06,0.0019986881937103518,0.0
9,0.0,159,forward,4.7376359291249575,0.0,0.0,0.0,0.0,0.0,0.0,1.2184774941882738e-06,3.1196588254291786,-0.003121163889025055,3.423760422253259e-05,0.0021689444872101116,0.0
9,0.0,160,forward,4.7382922736950785,0.0,0.0,0.0,0.0,0.0,0.0,1.2282507104198163e-06,3.0997848347054706,-0.003131671103822901,6.55072693945165e-05,0.0023457634629418522,0.0
9,0.0,161,forward,4.738663298145162,0.0,0.0,0.0,0.0,0.0,0.0,1.238085898965507e-06,3.0799898691943066,-0.0031409650803282296,9.687595790916147e-05,0.0025289478902528195,0.0
9,0.0,162,forward,4.738751216669219,0.0,0.0,0.0,0.0,0.0,0.0,1.2479755968569442e-06,3.0602732922998266,-0.003149037232191236,0.00012833149231371302,0.002718288853552797,0.0
9,0.0,163,forward,4.738558222340747,0.0,0.0,0.0,0.0,0.0,0.0,1.257912225046229e-06,3.0406343523766104,-0.003155879428431319,0.00015986161155409284,0.0029135659894736765,0.0
9,0.0,164,forward,4.7380864833835865,0.0,0.0,0.0,0.0,0.0,0.0,1.2678880997751523e-06,3.02107218665557,-0.0031614839985207592,0.0001914539755548256,0.0031145477447522274,0.0
9,0.0,165,forward,4.737338139509205,0.0,0.0,0.0,0.0,0.0,0.0,1.2778954442045018e-06,3.001585825219366,-0.003165843737304348,0.0002230961698489291,0.0033209916545786644,0.0
9,0.0,166,forward,4.736315298326334,0.0,0.0,0.0,0.0,0.0,0.0,1.287926400286646e-06,2.9821741950085343,-0.003168951909751996,0.00025477571025628315,0.0035326446411148016,0.0
9,0.0,167,forward,4.735020031828896,0.0,0.0,0.0,0.0,0.0,0.0,1.2979730408645817e-06,2.962836123841144,-0.0031708022555421785,0.00028648004760857207,0.0037492433318557783,0.0
9,0.0,168,forward,4.733454372968251,0.0,0.0,0.0,0.0,0.0,0.0,1.3080273819794756e-06,2.943570344429898,-0.0031713889934731937,0.00031819657251930955,0.003970514397468761,0.0
9,0.0,169,forward,4.731620312315739,0.0,0.0,0.0,0.0,0.0,0.0,1.3180813953689266e-06,2.924375498382232,-0.00317070682570024,0.0003499126201970543,0.004196174908711048,0.0
9,0.0,170,forward,4.729519794821582,0.0,0.0,0.0,0.0,0.0,0.0,1.3281270211371521e-06,2.905250140170174,-0.0031687509417955774,0.00038161547530010323,0.004425932711997205,0.0
9,0.0,171,forward,4.727154716676157,0.0,0.0,0.0,0.0,0.0,0.0,1.338156180578359e-06,2.8861927410581054,-0.003165517022629697,0.00041329237683097533,0.004659486823144876,0.0
9,0.0,172,forward,4.724526922279678,0.0,0.0,0.0,0.0,0.0,0.0,1.3481607891336904e-06,2.8672016929779858,-0.0031610012440709896,0.0004449305230687165,0.004896527838803566,0.0
9,0.0,173,forward,4.721638201326264,0.0,0.0,0.0,0.0,0.0,0.0,1.3581327694622182e-06,2.848275312342741,-0.0031552002805019038,0.0004765170765373556,0.0051367383650335885,0.0
9,0.0,174,forward,4.718490286008379,0.0,0.0,0.0,0.0,0.0,0.0,1.3680640646057467e-06,2.829411843789861,-0.0031481113081492794,0.0005080391690085799,0.0053797934624681965,0.0
9,0.0,175,forward,4.715084848347548,0.0,0.0,0.0,0.0,0.0,0.0,1.3779466512271233e-06,2.810609463848435,-0.0031397320082269258,0.0005394839065367419,0.005625361107467364,0.0
9,0.0,176,forward,4.711423497657209,0.0,0.0,0.0,0.0,0.0,0.0,1.3877725529014146e-06,2.791866284523903,-0.003130060569888391,0.0005708383745244157,0.005873102668634722,0.0
9,0.0,177,forward,4.7075077781434995,0.0,0.0,0.0,0.0,0.0,0.0,1.397533853438818e-06,2.7731803567959736,-0.003119095692987788,0.0006020896428164947,0.006122673398040734,0.0
9,0.0,178,forward,4.703339166649672,0.0,0.0,0.0,0.0,0.0,0.0,1.40722271021849e-06,2.7545496740262037,-0.0031068365906472208,0.0006332247708209037,0.006373722936470316,0.0
9,0.0,179,forward,4.698919070549755,0.0,0.0,0.0,0.0,0.0,0.0,1.4168313675116228e-06,2.7359721752725386,-0.0030932829916285186,0.0006642308126540536,0.0066258958319765915,0.0
9,0.0,180,forward,4.694248825796967,0.0,0.0,0.0,0.0,0.0,0.0,1.426352169772566e-06,2.7174457485091925,-0.003078435142507934,0.0006950948223090424,0.006878832071006702,0.0
9,0.0,181,forward,4.689329695132274,0.0,0.0,0.0,0.0,0.0,0.0,1.4357775748761254e-06,2.6989682337510112,-0.0030622938096518467,0.0007258038588445621,0.007132167621326513,0.0
9,0.0,182,forward,4.684162866458344,0.0,0.0,0.0,0.0,0.0,0.0,1.4451001672796539e-06,2.68053742608224,-0.0030448602809922194,0.0007563449915926076,0.0073855349859588415,0.0
9,0.0,183,forward,4.678749451384034,0.0,0.0,0.0,0.0,0.0,0.0,1.4543126710878074e-06,2.662151078590348,-0.0030261363675998664,0.0007867053053828896,0.007638563767313866,0.0
9,0.0,184,forward,4.67309048394437,0.0,0.0,0.0,0.0,0.0,0.0,1.4634079629986465e-06,2.643806905206248,-0.0030061244050545795,0.0008168719057820296,0.007890881240677827,0.0
9,0.0,185,forward,4.667186919500843,0.0,0.0,0.0,0.0,0.0,0.0,1.4723790851088367e-06,2.625502583452832,-0.002984827254610204,0.0008468319243453826,0.008142112936199819,0.0
9,0.0,186,forward,4.661039633826665,0.0,0.0,0.0,0.0,0.0,0.0,1.481219257556662e-06,2.607235757104384,-0.002962248304153877,0.0008765725238794772,0.008391883228489272,0.0
9,0.0,187,forward,4.654649422381465,0.0,0.0,0.0,0.0,0.0,0.0,1.4899218909811385e-06,2.589004038759822,-0.002938391468958031,0.0009060809037130664,0.008639815932939054,0.0
9,0.0,188,forward,4.648016999779701,0.0,0.0,0.0,0.0,0.0,0.0,1.4984805987754505e-06,2.5708050123332766,-0.0029132611922237377,0.0009353443049746076,0.00888553490784072,0.0
9,0.0,189,forward,4.641142999456892,0.0,0.0,0.0,0.0,0.0,0.0,1.5068892091139035e-06,2.5526362354659566,-0.002886862445414994,0.0009643500158741468,0.009128664661369967,0.0
9,0.0,190,forward,4.634027973537562,0.0,0.0,0.0,0.0,0.0,0.0,1.515141776730718e-06,2.534495241863501,-0.002859200728382236,0.0009930853769875086,0.00936883096249086,0.0
9,0.0,191,forward,4.626672392908616,0.0,0.0,0.0,0.0,0.0,0.0,1.523232594430119e-06,2.5163795435635383,-0.0028302820692747773,0.001021537786540617,0.009605661454814785,0.0
9,0.0,192,forward,4.6190766475015925,0.0,0.0,0.0,0.0,0.0,0.0,1.5311562043069374e-06,2.498286633138291,-0.0028001130242410054,0.0010496947056919516,0.009838786272442501,0.0
9,0.0,193,forward,4.611241046787121,0.0,0.0,0.0,0.0,0.0,0.0,1.5389074086573937e-06,2.4802139858375054,-0.0027687006769158353,0.0010775436638108696,0.01006783865680383,0.0
9,0.0,194,forward,4.603165820484612,0.0,0.0,0.0,0.0,0.0,0.0,1.5464812805599904e-06,2.462159061677041,-0.0027360526376944768,0.001105072263749802,0.010292455573504,0.0
9,0.0,195,forward,4.594851119490042,0.0,0.0,0.0,0.0,0.0,0.0,1.5538731741070444e-06,2.444119307478899,-0.0027021770427924367,0.0011322681871080347,0.010512278328169256,0.0
9,0.0,196,forward,4.586297017024461,0.0,0.0,0.0,0.0,0.0,0.0,1.561078734267346e-06,2.4260921588683053,-0.0026670825530906027,0.0011591191994851076,0.010726953180294707,0.0
9,0.0,197,forward,4.577503510005652,0.0,0.0,0.0,0.0,0.0,0.0,1.5680939063614806e-06,2.4080750422340507,-0.0026307783527658034,0.001185613155721497,0.010936131954074613,0.0
9,0.0,198,forward,4.568470520645115,0.0,0.0,0.0,0.0,0.0,0.0,1.5749149451310706e-06,2.390065376657922,-0.0025932741477056394,0.0012117380051246053,0.011139472645203652,0.0
9,0.0,199,forward,4.559197898272399,0.0,0.0,0.0,0.0,0.0,0.0,1.5815384233846698e-06,2.3720605758197024,-0.0025545801637084507,0.0012374817966777504,0.011336640022637567,0.0
9,0.0,200,forward,4.549685421388535,0.0,0.0,0.0,0.0,0.0,0.0,1.587961240202309e-06,2.354058049883704,-0.0025147071444669785,0.0012628326842301278,0.011527306224293987,0.0
10,0.0,1,forward,0.4470172778874538,0.0,0.0,0.0,0.0,0.0,0.0,4.206483943460328e-07,-2.594143270124236,-0.0015662316580341582,-0.00047742437056479305,0.5503118064853748,0.0
10,0.0,2,forward,0.7919184505845269,0.0,0.0,0.0,0.0,0.0,0.0,4.2314081016414915e-07,-2.615901487348461,-0.0015913271321586384,-0.0004616338041668108,0.3123608587449649,0.0
10,0.0,3,forward,1.0601693205410814,0.0,0.0,0.0,0.0,0.0,0.0,4.257122210258412e-07,-2.6376165585420455,-0.0016158852653137409,-0.00044559492613482394,0.1797784161186545,0.0
10,0.0,4,forward,1.2706020704923955,0.0,0.0,0.0,0.0,0.0,0.0,4.2836209009330006e-07,-2.6592853445432243,-0.0016398940604728416,-0.0004293131708178102,0.10606281416631896,0.0
10,0.0,5,forward,1.4371987843938037,0.0,0.0,0.0,0.0,0.0,0.0,4.31089762036912e-07,-2.6809048201994963,-0.0016633416927461753,-0.00041279409169522543,0.0653108466320607,0.0
10,0.0,6,forward,1.570387289914746,0.0,0.0,0.0,0.0,0.0,0.0,4.338944631842034e-07,-2.702472080501033,-0.0016862165148106084,-0.00039604335962822526,0.04302780535492179,0.0
10,0.0,7,forward,1.6779834647030574,0.0,0.0,0.0,0.0,0.0,0.0,4.3677530186018904e-07,-2.7239843461825504,-0.0017085070622898555,-0.0003790667610567324,0.031070341805109557,0.0
10,0.0,8,forward,1.765877285763882,0.0,0.0,0.0,0.0,0.0,0.0,4.397312689202681e-07,-2.7454389687819107,-0.0017302020590829784,-0.00036187019614302747,0.024849216485684722,0.0
10,0.0,9,forward,1.838533137536154,0.0,0.0,0.0,0.0,0.0,0.0,4.4276123847629856e-07,-2.766833435148117,-0.001751290422638781,-0.0003444596768622955,0.021773847616078257,0.0
10,0.0,10,forward,1.899355456981216,0.0,0.0,0.0,0.0,0.0,0.0,4.4586396881620253e-07,-2.788165371395376,-0.0017717612691736976,-0.0003268413250406659,0.020382720375955704,0.0
10,0.0,11,forward,1.95095668538057,0.0,0.0,0.0,0.0,0.0,0.0,4.4903810351724533e-07,-2.809432546303779,-0.0017916039188309344,-0.00030902137034141865,0.019854617920208928,0.0
10,0.0,12,forward,1.995354267834655,0.0,0.0,0.0,0.0,0.0,0.0,4.522821727527302e-07,-2.830632874171114,-0.0018108079007785884,-0.0002910061481998395,0.019732456404922993,0.0
10,0.0,13,forward,2.0341160368467444,0.0,0.0,0.0,0.0,0.0,0.0,4.555945947915245e-07,-2.851764417123625,-0.0018293629582443046,-0.000272802097707435,0.01976646976848273,0.0
10,0.0,14,forward,2.0684679642878496,0.0,0.0,0.0,0.0,0.0,0.0,4.589736776896133e-07,-2.8728253868970044,-0.0018472590534843495,-0.0002544157594461198,0.019824765938984384,0.0
10,0.0,15,forward,2.0993744024064145,0.0,0.0,0.0,0.0,0.0,0.0,4.6241762117250893e-07,-2.8938141461018985,-0.0018644863726848713,-0.0002358537732730093,0.019842121119195005,0.0
10,0.0,16,forward,2.127598147674562,0.0,0.0,0.0,0.0,0.0,0.0,4.659245187069335e-07,-2.9147292089907584,-0.0018810353307928513,-0.00021712287605660764,0.019790590893533522,0.0
10,0.0,17,forward,2.1537456515349787,0.0,0.0,0.0,0.0,0.0,0.0,4.694923597600982e-07,-2.935569241745623,-0.0018968965762748947,-0.00019822989936496216,0.01966262978140304,0.0
10,0.0,18,forward,2.1783012522414125,0.0,0.0,0.0,0.0,0.0,0.0,4.7311903224436236e-07,-2.956333062308147,-0.0019120609958013827,-0.00017918176710665648,0.019461413313851983,0.0
10,0.0,19,forward,2.2016532549388645,0.0,0.0,0.0,0.0,0.0,0.0,4.768023251448671e-07,-2.977019639775283,-0.001926519718853933,-0.00015998549312529894,0.01919532180226241,0.0
10,0.0,20,forward,2.224113929769192,0.0,0.0,0.0,0.0,0.0,0.0,4.805399313273912e-07,-2.997628093385318,-0.001940264122253982,-0.0001406481787483479,0.0188748341757371,0.0
10,0.0,21,forward,2.2459349487950275,0.0,0.0,0.0,0.0,0.0,0.0,4.84329450523353e-07,-3.018157691120227,-0.001953285834610349,-0.00012117701029103028,0.018510818175631272,0.0
10,0.0,22,forward,2.2673193835523424,0.0,0.0,0.0,0.0,0.0,0.0,4.881683924886319e-07,-3.0386078479511354,-0.0019655767406837545,-0.0001015792565162016,0.018113627874170368,0.0
10,0.0,23,forward,2.2884310942197,0.0,0.0,0.0,0.0,0.0,0.0,4.920541803324624e-07,-3.0589781237542732,-0.0019771289856660786,-8.186226605096972e-05,0.017692665169072197,0.0
10,0.0,24,forward,2.3094021287151114,0.0,0.0,0.0,0.0,0.0,0.0,4.959841540124567e-07,-3.0792682209250835,-0.001987934979372372,-6.203346476098445e-05,0.01725620472930922,0.0
10,0.0,25,forward,2.3303385939533983,0.0,0.0,0.0,0.0,0.0,0.0,4.999555739914843e-07,-3.0994779817183202,-0.001997987400343616,-4.2100353083192675e-05,0.016811365254820687,0.0
10,0.0,26,forward,2.3513253465285002,0.0,0.0,0.0,0.0,0.0,0.0,5.039656250518419e-07,-3.119607385341604,-0.002007279199858232,-2.2070503318066818e-05,0.01636415877773084,0.0
10,0.0,27,forward,2.37242976506762,0.0,0.0,0.0,0.0,0.0,0.0,5.080114202617822e-07,-3.139656544829693,-0.002015803605850242,-1.9515568821550093e-06,0.01591957844655595,0.0
10,0.0,28,forward,2.3937048033792516,0.0,0.0,0.0,0.0,0.0,0.0,5.120900050893608e-07,3.1235596034535393,-0.002023554126732344,1.824877847807563e-05,0.015481702134400699,0.0
10,0.0,29,forward,2.4151914764492943,0.0,0.0,0.0,0.0,0.0,0.0,5.161983616580515e-07,3.103670074582012,-0.0020305245551217395,3.8522731510177994e-05,0.015053799157769887,0.0
10,0.0,30,forward,2.4369208960898865,0.0,0.0,0.0,0.0,0.0,0.0,5.203334131385518e-07,3.0838596817721724,-0.002036708971467072,5.886247031636379e-05,0.014638433232102122,0.0
10,0.0,31,forward,2.458915946525698,0.0,0.0,0.0,0.0,0.0,0.0,5.244920282707772e-07,3.0641278114097594,-0.002042101747574542,7.92601052499965e-05,0.014237558199376887,0.0
10,0.0,32,forward,2.4811926701543117,0.0,0.0,0.0,0.0,0.0,0.0,5.286710260097495e-07,3.0444737340697317,-0.0020466975500312294,9.970769184676748e-05,0.013852605032343757,0.0
10,0.0,33,forward,2.503761418485138,0.0,0.0,0.0,0.0,0.0,0.0,5.328671802890176e-07,3.024896608430153,-0.0020504913435240514,0.00012019723378964635,0.013484559736132162,0.0
10,0.0,34,forward,2.5266278116265344,0.0,0.0,0.0,0.0,0.0,0.0,5.370772248948715e-07,3.0053954852394194,-0.0020534783940525454,0.00014072068590645188,0.013134032380185068,0.0
10,0.0,35,forward,2.549793540753894,0.0,0.0,0.0,0.0,0.0,0.0,5.412978584443738e-07,2.9859693113178047,-0.0020556542720336917,0.00016126995719903481,0.012801317809424728,0.0
10,0.0,36,forward,2.573257041086275,0.0,0.0,0.0,0.0,0.0,0.0,5.455257494600977e-07,2.966616933575734,-0.0020570148552971975,0.00018183691390297708,0.012486448727177968,0.0
10,0.0,37,forward,2.5970140575305454,0.0,0.0,0.0,0.0,0.0,0.0,5.497575415341149e-07,2.9473371030325977,-0.0020575563319694475,0.0002024133825766746,0.012189241887384683,0.0
10,0.0,38,forward,2.6210581209509662,0.0,0.0,0.0,0.0,0.0,0.0,5.539898585738052e-07,2.9281284788212623,-0.0020572752032448145,0.00022299115321870562,0.011909338123842428,0.0
10,0.0,39,forward,2.645380949712626,0.0,0.0,0.0,0.0,0.0,0.0,5.582193101215255e-07,2.9089896321648094,-0.0020561682860423818,0.0002435619824123466,0.011646236905542118,0.0
10,0.0,40,forward,2.6699727885218385,0.0,0.0,0.0,0.0,0.0,0.0,5.624424967403454e-07,2.8899190503134173,-0.0020542327155468683,0.00026411759649608903,0.01139932605472016,0.0
10,0.0,41,forward,2.6948226944894933,0.0,0.0,0.0,0.0,0.0,0.0,5.666560154576487e-07,2.87091514043064,-0.0020514659476321283,0.000284649694758961,0.01116790720679528,0.0
10,0.0,42,forward,2.7199187786563357,0.0,0.0,0.0,0.0,0.0,0.0,5.708564652583665e-07,2.851976233419568,-0.002047865761165849,0.0003051499526595197,0.010951217533802904,0.0
10,0.0,43,forward,2.7452484098525005,0.0,0.0,0.0,0.0,0.0,0.0,5.750404526193189e-07,2.8331005876806667,-0.0020434302601938796,0.000325610025067273,0.010748448197903215,0.0
10,0.0,44,forward,2.7707983866490884,0.0,0.0,0.0,0.0,0.0,0.0,5.792045970762688e-07,2.8142863927942767,-0.0020381578760031373,0.00034602154952535037,0.010558759950338503,0.0
10,0.0,45,forward,2.796555082244575,0.0,0.0,0.0,0.0,0.0,0.0,5.833455368148535e-07,2.7955317731218714,-0.0020320473690614784,0.0003663761495331891,0.0103812962443659,0.0
10,0.0,46,forward,2.822504566373107,0.0,0.0,0.0,0.0,0.0,0.0,5.874599342767149e-07,2.7768347913213103,-0.0020250978308334823,0.0003866654378480036,0.010215194188278098,0.0
10,0.0,47,forward,2.848632707693895,0.0,0.0,0.0,0.0,0.0,0.0,5.915444817718348e-07,2.758193451772306,-0.002017308685470704,0.00040688101980378475,0.010059593626507324,0.0
10,0.0,48,forward,2.8749252595965644,0.0,0.0,0.0,0.0,0.0,0.0,5.95595907088238e-07,2.739605703909363,-0.0020086796913754636,0.0004270144966465747,0.009913644602699723,0.0
10,0.0,49,forward,2.901367931917344,0.0,0.0,0.0,0.0,0.0,0.0,5.996109790899265e-07,2.7210694454602806,-0.0019992109426368383,0.0004470574688847445,0.009776513428230826,0.0
10,0.0,50,forward,2.9279464506901896,0.0,0.0,0.0,0.0,0.0,0.0,6.035865132940672e-07,2.7025825255892726,-0.0019889028703379834,0.0004670015396529866,0.009647387552569331,0.0
10,0.0,51,forward,2.954646607743306,0.0,0.0,0.0,0.0,0.0,0.0,6.075193774180888e-07,2.6841427479443767,-0.001977756243733302,0.00048683831808873516,0.00952547940784676,0.0
10,0.0,52,forward,2.98145430168545,0.0,0.0,0.0,0.0,0.0,0.0,6.114064968878661e-07,2.665747873609817,-0.001965772171295136,0.0005065594227197072,0.009410029378655205,0.0
10,0.0,53,forward,3.0083555715999477,0.0,0.0,0.0,0.0,0.0,0.0,6.152448602975626e-07,2.6473956239644156,-0.0019529521016284914,0.0005261564848612511,0.00930030802917714,0.0
10,0.0,54,forward,3.035336624571327,0.0,0.0,0.0,0.0,0.0,0.0,6.190315248120215e-07,2.629083683447889,-0.001939297824253006,0.0005456211520221819,0.009195617702991932,0.0
10,0.0,55,forward,3.0623838580045417,0.0,0.0,0.0,0.0,0.0,0.0,6.22763621502726e-07,2.610809702237506,-0.001924811470251628,0.0005649450913177704,0.009095293596069642,0.0
10,0.0,56,forward,3.0894838775557028,0.0,0.0,0.0,0.0,0.0,0.0,6.264383606079806e-07,2.592571298837917,-0.0019094955127847287,0.0005841199928885464,0.008998704390338896,0.0
10,0.0,57,forward,3.116623511372483,0.0,0.0,0.0,0.0,0.0,0.0,6.300530367084809e-07,2.57436606258766,-0.001893352767469353,0.000603137573323569,0.008905252523618401,0.0
10,0.0,58,forward,3.1437898212388378,0.0,0.0,0.0,0.0,0.0,0.0,6.336050338090895e-07,2.556191556086064,-0.0018763863926225257,0.0006219895790868167,0.008814374161449479,0.0
10,0.0,59,forward,3.1709701111300532,0.0,0.0,0.0,0.0,0.0,0.0,6.370918303181064e-07,2.5380453175448983,-0.001858599889368415,0.000640667789945316,0.008725538927331855,0.0
10,0.0,60,forward,3.198151933608105,0.0,0.0,0.0,0.0,0.0,0.0,6.405110039149587e-07,2.5199248630691535,-0.0018399971016081903,0.0006591640223976757,0.008638249439889556,0.0
10,0.0,61,forward,3.2253230944221625,0.0,0.0,0.0,0.0,0.0,0.0,6.43860236297866e-07,2.5018276888720226,-0.0018205822158526704,0.0006774701331016083,0.00855204069847293,0.0
10,0.0,62,forward,3.252471655623328,0.0,0.0,0.0,0.0,0.0,0.0,6.471373178026664e-07,2.483751273429047,-0.001800359760916727,0.0006955780222991124,0.008466479352532197,0.0
10,0.0,63,forward,3.279585937454902,0.0,0.0,0.0,0.0,0.0,0.0,6.503401518844971e-07,2.4656930795769476,-0.0017793346074753901,0.0007134796372378897,0.008381162884672388,0.0
10,0.0,64,forward,3.3066545192386654,0.0,0.0,0.0,0.0,0.0,0.0,6.534667594539313e-07,2.447650556562667,-0.0017575119674810432,0.0007311669755876265,0.008295718732546975,0.0
10,0.0,65,forward,3.3336662394427563,0.0,0.0,0.0,0.0,0.0,0.0,6.565152830595564e-07,2.4296211420484486,-0.001734897393441619,0.0007486320888497687,0.00820980337058641,0.0
10,0.0,66,forward,3.360610195086954,0.0,0.0,0.0,0.0,0.0,0.0,6.594839909088803e-07,2.4116022640788457,-0.0017114967775592323,0.0007658670857593537,0.00812310136893013,0.0
10,0.0,67,forward,3.387475740615815,0.0,0.0,0.0,0.0,0.0,0.0,6.623712807199492e-07,2.3935913430157534,-0.0016873163507292596,0.000782864135677559,0.008035324443759095,0.0
10,0.0,68,forward,3.414252486348518,0.0,0.0,0.0,0.0,0.0,0.0,6.651756833960961e-07,2.375585793447675,-0.001662362681399729,0.0007996154719735134,0.007946210510490381,0.0
10,0.0,69,forward,3.4409302965959525,0.0,0.0,0.0,0.0,0.0,0.0,6.678958665164278e-07,2.3575830260794017,-0.0016366426742906867,0.0008161133953940139,0.007855522748907329,0.0
10,0.0,70,forward,3.4674992875200283,0.0,0.0,0.0,0.0,0.0,0.0,6.705306376350613e-07,2.3395804496084893,-0.0016101635689737272,0.0008323502774197365,0.007763048687259744,0.0
10,0.0,71,forward,3.493949824797065,0.0,0.0,0.0,0.0,0.0,0.0,6.730789473821907e-07,2.3215754725948576,-0.0015829329383115142,0.000848318563606539,0.007668599310602597,0.0
10,0.0,72,forward,3.5202725211359907,0.0,0.0,0.0,0.0,0.0,0.0,6.755398923605608e-07,2.303565505330007,-0.0015549586867577294,0.0008640107769104477,0.007572008197149982,0.0
10,0.0,73,forward,3.546458233692768,0.0,0.0,0.0,0.0,0.0,0.0,6.779127178307329e-07,2.2855479617119876,-0.0015262490485167606,0.0008794195209949428,0.007473130685139107,0.0
10,0.0,74,forward,3.5724980614145996,0.0,0.0,0.0,0.0,0.0,0.0,6.801968201795988e-07,2.2675202611328253,-0.0014968125855644237,0.0008945374835191597,0.007371843071636852,0.0
10,0.0,75,forward,3.5983833423408904,0.0,0.0,0.0,0.0,0.0,0.0,6.82391749166024e-07,2.2494798303844554,-0.0014666581855289908,0.000909357439405581,0.007268041843821016,0.0
10,0.0,76,forward,3.6241056508824814,0.0,0.0,0.0,0.0,0.0,0.0,6.844972099384132e-07,2.2314241055895883,-0.0014357950594333093,0.0009238722540858194,0.0071616429425396255,0.0
10,0.0,77,forward,3.64965679509607,0.0,0.0,0.0,0.0,0.0,0.0,6.865130648191443e-07,2.2133505341636064,-0.0014042327392982045,0.0009380748867231851,0.007052581057342411,0.0
10,0.0,78,forward,3.675028813966964,0.0,0.0,0.0,0.0,0.0,0.0,6.884393348510263e-07,2.1952565768136734,-0.0013719810756076466,0.0009519583934105102,0.006940808951708677,0.0
10,0.0,79,forward,3.700213974710194,0.0,0.0,0.0,0.0,0.0,0.0,6.902762011015426e-07,2.177139709580949,-0.0013390502346361662,0.0009655159303420068,0.006826296816816457,0.0
10,0.0,80,forward,3.7252047700974065,0.0,0.0,0.0,0.0,0.0,0.0,6.920240057206365e-07,2.1589974259316818,-0.0013054506956387895,0.0009787407569576605,0.006709031651917385,0.0
10,0.0,81,forward,3.749993915814874,0.0,0.0,0.0,0.0,0.0,0.0,6.936832527485419e-07,2.1408272389029013,-0.0012711932479043955,0.0009916262390588517,0.006589016669182879,0.0
10,0.0,82,forward,3.7745743478562326,0.0,0.0,0.0,0.0,0.0,0.0,6.952546086702938e-07,2.1226266833081113,-0.0012362889876730706,0.0010041658518938105,0.00646627072074335,0.0
10,0.0,83,forward,3.798939219952148,0.0,0.0,0.0,0.0,0.0,0.0,6.967389027139422e-07,2.104393318008024,-0.0012007493149177805,0.001016353183211607,0.006340827745579869,0.0
10,0.0,84,forward,3.8230819010380044,0.0,0.0,0.0,0.0,0.0,0.0,6.981371268900171e-07,2.0861247282515345,-0.001164585929991774,0.0010281819362831983,0.006212736233888294,0.0
10,0.0,85,forward,3.846995972759792,0.0,0.0,0.0,0.0,0.0,0.0,6.994504357700519e-07,2.067818528091205,-0.0011278108301417888,0.0010396459328883697,0.006082058706567972,0.0
10,0.0,86,forward,3.8706752270176517,0.0,0.0,0.0,0.0,0.0,0.0,7.006801460024446e-07,2.049472362877816,-0.0010904363058885163,0.0010507391162670658,0.0059488712075230765,0.0
10,0.0,87,forward,3.894113663545974,0.0,0.0,0.0,0.0,0.0,0.0,7.018277355643287e-07,2.031083911837729,-0.001052474937274957,0.0010614555540338808,0.005813262806561026,0.0
10,0.0,88,forward,3.917305487528498,0.0,0.0,0.0,0.0,0.0,0.0,7.028948427485219e-07,2.012650890736514,-0.0010139395899836162,0.001071789441054379,0.005675335110765456,0.0
10,0.0,89,forward,3.9402451072464917,0.0,0.0,0.0,0.0,0.0,0.0,7.038832648850739e-07,1.9941710546318845,-0.0009748434113236727,0.00108173510228193,0.005535201782357335,0.0
10,0.0,90,forward,3.962927131757872,0.0,0.0,0.0,0.0,0.0,0.0,7.047949567973233e-07,1.9756422007184375,-0.0009351998260892434,0.0010912869955537424,0.005392988061179271,0.0
10,0.0,91,forward,3.9853463686048594,0.0,0.0,0.0,0.0,0.0,0.0,7.056320289928229e-07,1.9570621712660567,-0.0008950225322897771,0.0011004397143448543,0.005248830290108586,0.0
10,0.0,92,forward,4.007497821547663,0.0,0.0,0.0,0.0,0.0,0.0,7.06396745589917e-07,1.9384288566532621,-0.0008543254967537454,0.0011091879904788062,0.005102875441844179,0.0
10,0.0,93,forward,4.0293766883215465,0.0,0.0,0.0,0.0,0.0,0.0,7.070915219811444e-07,1.9197401984962852,-0.0008131229506072036,0.001117526696793648,0.00495528064567996,0.0
10,0.0,94,forward,4.050978358414554,0.0,0.0,0.0,0.0,0.0,0.0,7.077189222351431e-07,1.90099419287348,-0.0007714293846279239,0.001125450849762181,0.004806212713046487,0.0
10,0.0,95,forward,4.072298410863123,0.0,0.0,0.0,0.0,0.0,0.0,7.082816562391139e-07,1.8821888936445055,-0.0007292595444771817,0.0011329556120650462,0.004655847660754109,0.0
10,0.0,96,forward,4.093332612062759,0.0,0.0,0.0,0.0,0.0,0.0,7.087825765844594e-07,1.863322415862296,-0.0006866284258101111,0.0011400362951156306,0.0045043702310466616,0.0
10,0.0,97,forward,4.1140769135909405,0.0,0.0,0.0,0.0,0.0,0.0,7.092246751982279e-07,1.8443929392752931,-0.0006435512692661989,0.0011466883615352914,0.004351973407719867,0.0
10,0.0,98,forward,4.134527450039397,0.0,0.0,0.0,0.0,0.0,0.0,7.096110797241862e-07,1.8253987119163189,-0.0006000435553416527,0.0011529074275780685,0.004198857927722233,0.0
10,0.0,99,forward,4.1546805368528945,0.0,0.0,0.0,0.0,0.0,0.0,7.099450496569245e-07,1.80633805377345,-0.0005561209991449928,0.0011586892655034017,0.004045231787799086,0.0
10,0.0,100,forward,4.174532668171687,0.0,0.0,0.0,0.0,0.0,0.0,7.102299722334795e-07,1.7872093605371595,-0.0005117995450375814,0.0011640298058958993,0.0038913097458819212,0.0
10,0.0,101,forward,4.194080514674771,0.0,0.0,0.0,0.0,0.0,0.0,7.104693580869275e-07,1.7680111074169087,-0.0004670953611607826,0.0011689251399308426,0.0037373128170609116,0.0
10,0.0,102,forward,4.2133209214211185,0.0,0.0,0.0,0.0,0.0,0.0,7.106668366672853e-07,1.748741853019138,-0.00042202483385157813,0.0011733715215845218,0.0035834677641017887,0.0
10,0.0,103,forward,4.232250905686064,0.0,0.0,0.0,0.0,0.0,0.0,7.108261514348985e-07,1.7294002432773234,-0.0003766045619482094,0.0011773653697880508,0.0034300065825891846,0.0
10,0.0,104,forward,4.250867654790043,0.0,0.0,0.0,0.0,0.0,0.0,7.109511548324569e-07,1.7099850154235954,-0.00033085135098794716,0.001180903270523757,0.003277165980883512,0.0
10,0.0,105,forward,4.269168523916911,0.0,0.0,0.0,0.0,0.0,0.0,7.110458030418099e-07,1.6904950019899472,-0.00028478220729865825,0.0011839819788629846,0.0031251868551843143,0.0
10,0.0,106,forward,4.287151033919099,0.0,0.0,0.0,0.0,0.0,0.0,7.111141505322944e-07,1.6709291348258553,-0.00023841433198630582,0.0011865984209442593,0.002974313760078784,0.0
10,0.0,107,forward,4.30481286910688,0.0,0.0,0.0,0.0,0.0,0.0,7.111603444077803e-07,1.6512864491176062,-0.0001917651148201985,0.0011887496958908966,0.0028247943750424054,0.0
10,0.0,108,forward,4.322151875019081,0.0,0.0,0.0,0.0,0.0,0.0,7.111886185596055e-07,1.63156608739339,-0.000144852128018156,0.001190433077666784,0.002676878967431462,0.0
10,0.0,109,forward,4.339166056172598,0.0,0.0,0.0,0.0,0.0,0.0,7.112032876337113e-07,1.6117673034967328,-9.769311993368045e-05,0.00119164601686975,0.002530819852573085,0.0
10,0.0,110,forward,4.355853573788127,0.0,0.0,0.0,0.0,0.0,0.0,7.1120874081961e-07,1.591889466509485,-5.030600864712465e-05,0.0011923861424610745,0.0023868708516173176,0.0
10,0.0,111,forward,4.372212743489582,0.0,0.0,0.0,0.0,0.0,0.0,7.112094354701535e-07,1.5719320646043256,-2.7088754632753624e-06,0.001192651263430541,0.00224528674786717,0.0
10,0.0,112,forward,4.388242032974711,0.0,0.0,0.0,0.0,0.0,0.0,7.112098905609639e-07,1.5518947088053077,4.508004168266023e-05,0.0011924393703960786,0.0021063227423450404,0.0
10,0.0,113,forward,4.4039400596545155,0.0,0.0,0.0,0.0,0.0,0.0,7.11214679998438e-07,1.531777136633901,9.304235490819811e-05,0.001191748637136836,0.0019702339093881915,0.0
10,0.0,114,forward,4.419305588259139,0.0,0.0,0.0,0.0,0.0,0.0,7.112284257861924e-07,1.5115792156167258,0.00014115953315360644,0.001190577422059077,0.001837274653100518,0.0
10,0.0,115,forward,4.434337528407943,0.0,0.0,0.0,0.0,0.0,0.0,7.112557910596878e-07,1.4913009466301503,0.00018941290903651614,0.0011889242695939594,0.0017076981655040069,0.0
10,0.0,116,forward,4.449034932141638,0.0,0.0,0.0,0.0,0.0,0.0,7.113014729990773e-07,1.4709424670560753,0.00023778368578856668,0.0011867879115262869,0.0015817558872555093,0.0
10,0.0,117,forward,4.463396991414367,0.0,0.0,0.0,0.0,0.0,0.0,7.113701956307853e-07,1.450504053722363,0.00028625294427173103,0.0011841672682535098,0.0014596969718045916,0.0
10,0.0,118,forward,4.477423035543781,0.0,0.0,0.0,0.0,0.0,0.0,7.114667025284239e-07,1.429986125600808,0.00033480165007180115,0.0011810614499741352,0.0013417677538727912,0.0
10,0.0,119,forward,4.49111252861725,0.0,0.0,0.0,0.0,0.0,0.0,7.11595749424141e-07,1.409389246235111,0.00038341066066655173,0.0011774697578049306,0.0012282112231399855,0.0
10,0.0,120,forward,4.504465066852455,0.0,0.0,0.0,0.0,0.0,0.0,7.117620967411592e-07,1.388714125871136,0.0004320607326658861,0.0011733916848258657,0.0011192665040168498,0.0
10,0.0,121,forward,4.517480375910752,0.0,0.0,0.0,0.0,0.0,0.0,7.119705020594092e-07,1.3679616232617382,0.0004807325291214492,0.0011688269170525326,0.0010151683423792468,0.0
10,0.0,122,forward,4.530158308161824,0.0,0.0,0.0,0.0,0.0,0.0,7.12225712525284e-07,1.3471327471186767,0.0005294066269030327,0.0011637753343349095,0.000916146600128287,0.0
10,0.0,123,forward,4.542498839898268,0.0,0.0,0.0,0.0,0.0,0.0,7.125324572177189e-07,1.3262286571847444,0.0005780635241391126,0.0011582370111821937,0.0008224257584273087,0.0
10,0.0,124,forward,4.5545020684989375,0.0,0.0,0.0,0.0,0.0,0.0,7.128954394821186e-07,1.305250664900035,0.0006266836477186838,0.0011522122175127612,0.0007342244304504864,0.0
10,0.0,125,forward,4.566168209539983,0.0,0.0,0.0,0.0,0.0,0.0,7.133193292445806e-07,1.2842002336373857,0.0006752473608517777,0.001145701419328963,0.0006517548844594753,0.0
10,0.0,126,forward,4.577497593852728,0.0,0.0,0.0,0.0,0.0,0.0,7.138087553182158e-07,1.263078978483445,0.0007237349706857803,0.0011387052793158695,0.0005752225780032219,0.0
10,0.0,127,forward,4.588490664527666,0.0,0.0,0.0,0.0,0.0,0.0,7.143682977141732e-07,1.2418886655436487,0.0007721267359747046,0.0011312246573636812,0.0005048257040133203,0.0
10,0.0,128,forward,4.599147973864034,0.0,0.0,0.0,0.0,0.0,0.0,7.150024799695958e-07,1.2206312107513178,0.0008204028747986265,0.001123260611013144,0.000440754749543075,0.0
10,0.0,129,forward,4.609470180264631,0.0,0.0,0.0,0.0,0.0,0.0,7.157157615049486e-07,1.1993086781635514,0.0008685435723303432,0.0011148143958234667,0.0003831920678721186,0.0
10,0.0,130,forward,4.619458045075693,0.0,0.0,0.0,0.0,0.0,0.0,7.165125300234416e-07,1.1779232777292994,0.000916528988646327,0.001105887465662467,0.0003323114646714802,0.0
10,0.0,131,forward,4.629112429371868,0.0,0.0,0.0,0.0,0.0,0.0,7.173970939647914e-07,1.1564773625178415,0.000964339266579047,0.0010964814729182463,0.0002882777988961853,0.0
10,0.0,132,forward,4.638434290686495,0.0,0.0,0.0,0.0,0.0,0.0,7.183736750261749e-07,1.134973425399318,0.001011954539607662,0.0010865982686322532,0.0002512465990432231,0.0
10,0.0,133,forward,4.647424679687624,0.0,0.0,0.0,0.0,0.0,0.0,7.194464007626789e-07,1.113414095172322,0.0010593549397840691,0.0010762399025531467,0.00022136369538363308,0.0
10,0.0,134,forward,4.656084736800403,0.0,0.0,0.0,0.0,0.0,0.0,7.206192972799978e-07,1.0918021321374134,0.0011065206056912829,0.00106540862311132,0.000198764868747329,0.0
10,0.0,135,forward,4.664415688776646,0.0,0.0,0.0,0.0,0.0,0.0,7.218962820316297e-07,1.070140423119216,0.0011534316904310918,0.0010541068773135649,0.00018357551640922425,0.0
10,0.0,136,forward,4.672418845212664,0.0,0.0,0.0,0.0,0.0,0.0,7.232811567332842e-07,1.0484319759440146,0.0012000683696378825,0.001042337310557886,0.00017591033559470406,0.0
10,0.0,137,forward,4.680095595016582,0.0,0.0,0.0,0.0,0.0,0.0,7.247776004064216e-07,1.0266799133836961,0.0012464108495155504,0.001030102766367832,0.0001758730250920516,0.0
10,0.0,138,forward,4.6874474028266455,0.0,0.0,0.0,0.0,0.0,0.0,7.263891625635389e-07,1.0048874665814362,0.0012924393748943491,0.0010174062860465116,0.00018355600542884994,0.0
10,0.0,139,forward,4.694475805382185,0.0,0.0,0.0,0.0,0.0,0.0,7.281192565470793e-07,0.9830579679785628,0.0013381342373045399,0.0010042511082499104,0.00019904015803895534,0.0
10,0.0,140,forward,4.701182407849162,0.0,0.0,0.0,0.0,0.0,0.0,7.299711530338613e-07,0.9611948437663134,0.0013834757830636704,0.0009906406684793182,0.00022239458381627213,0.0
10,0.0,141,forward,4.707568880102419,0.0,0.0,0.0,0.0,0.0,0.0,7.319479737169271e-07,0.9393016058904016,0.001428444421374289,0.0009765785984928758,0.00025367638142132637,0.0
10,0.0,142,forward,4.713636952966978,0.0,0.0,0.0,0.0,0.0,0.0,7.34052685176322e-07,0.917381843640209,0.0014730206324288918,0.0009620687256360929,0.0002929304456767458,0.0
10,0.0,143,forward,4.719388414420944,0.0,0.0,0.0,0.0,0.0,0.0,7.362880929501696e-07,0.8954392148581937,0.0015171849755189033,0.0009471150720912759,0.0003401892863577824,0.0
10,0.0,144,forward,4.724825105762798,0.0,0.0,0.0,0.0,0.0,0.0,7.386568358171643e-07,0.8734774368086439,0.0015609180971444157,0.0009317218540458376,0.00039547286765474407,0.0
10,0.0,145,forward,4.729948917746064,0.0,0.0,0.0,0.0,0.0,0.0,7.411613803013796e-07,0.8515002767480766,0.0016042007391214761,0.0009158934807795041,0.000458788468554544,0.0
10,0.0,146,forward,4.734761786684566,0.0,0.0,0.0,0.0,0.0,0.0,7.43804015410026e-07,0.8295115422424468,0.0016470137466836484,0.000899634553670481,0.0005301305643598889,0.0
10,0.0,147,forward,4.739265690531663,0.0,0.0,0.0,0.0,0.0,0.0,7.46586847614459e-07,0.8075150712787481,0.001689338076574565,0.0008829498651206359,0.0006094807295355317,0.0
10,0.0,148,forward,4.743462644937095,0.0,0.0,0.0,0.0,0.0,0.0,7.495117960844435e-07,0.785514722220558,0.0017311548051282286,0.000865844397399774,0.0006968075620423647,0.0
10,0.0,149,forward,4.747354699285266,0.0,0.0,0.0,0.0,0.0,0.0,7.525805881854177e-07,0.7635143636586919,0.001772445136333725,0.0008483233214092238,0.0007920666292921402,0.0
10,0.0,150,forward,4.750943932718949,0.0,0.0,0.0,0.0,0.0,0.0,7.557947552479966e-07,0.7415178642090205,0.0018131904098810834,0.0008303919953647731,0.0008952004358267485,0.0
10,0.0,151,forward,4.754232450152653,0.0,0.0,0.0,0.0,0.0,0.0,7.591556286188643e-07,0.7195290823102236,0.0018533721091849727,0.000812055963399356,0.0010061384127986184,0.0
10,0.0,152,forward,4.757222378280013,0.0,0.0,0.0,0.0,0.0,0.0,7.626643360014862e-07,0.6975518560740069,0.001892971869382955,0.0007933209540855122,0.0011247969293002869,0.0
10,0.0,153,forward,4.759915861579803,0.0,0.0,0.0,0.0,0.0,0.0,7.663217980949864e-07,0.6755899932400435,0.0019319714853049503,0.0007741928788780745,0.001251079325563953,0.0
10,0.0,154,forward,4.762315058325294,0.0,0.0,0.0,0.0,0.0,0.0,7.701287255388507e-07,0.653647261286656,0.0019703529194105983,0.0007546778304772275,0.0013848759680236133,0.0
10,0.0,155,forward,4.764422136601881,0.0,0.0,0.0,0.0,0.0,0.0,7.740856161709634e-07,0.6317273777469153,0.002008098309691245,0.0007347820811124326,0.0015260643262053897,0.0
10,0.0,156,forward,4.766239270338041,0.0,0.0,0.0,0.0,0.0,0.0,7.78192752605815e-07,0.6098340007776806,0.0020451899775332555,0.0007145120807474753,0.0016745090713836397,0.0
10,0.0,157,forward,4.767768635354851,0.0,0.0,0.0,0.0,0.0,0.0,7.824502001393245e-07,0.5879707200267833,0.0020816104355392486,0.0006938744552070706,0.0018300621969128406,0.0
10,0.0,158,forward,4.769012405439408,0.0,0.0,0.0,0.0,0.0,0.0,7.868578049863261e-07,0.5661410478406391,0.0021173423953041,0.0006728760042254493,0.001992563160118477,0.0
10,0.0,159,forward,4.769972748447668,0.0,0.0,0.0,0.0,0.0,0.0,7.914151928562269e-07,0.5443484108515405,0.0021523687751422407,0.0006515236994175216,0.0021618390456017433,0.0
10,0.0,160,forward,4.770651822442294,0.0,0.0,0.0,0.0,0.0,0.0,7.961217678717656e-07,0.5225961419800429,0.0021866727077631547,0.000629824682172868,0.0023377047497862846,0.0
10,0.0,161,forward,4.771051771871257,0.0,0.0,0.0,0.0,0.0,0.0,8.009767118354103e-07,0.500887472884478,0.0022202375478916005,0.0006077862614733005,0.002519963186506713,0.0
10,0.0,162,forward,4.771174723793018,0.0,0.0,0.0,0.0,0.0,0.0,8.059789838474352e-07,0.4792255268854582,0.0022530468798294128,0.0005854159116345723,0.0027084055134118934,0.0
10,0.0,163,forward,4.771022784154205,0.0,0.0,0.0,0.0,0.0,0.0,8.111273202789243e-07,0.45761331238897507,0.0022850845249555375,0.0005627212699725986,0.002902811378928505,0.0
10,0.0,164,forward,4.770598034125789,0.0,0.0,0.0,0.0,0.0,0.0,8.164202351028948e-07,0.43605371682785515,0.0023163345491611785,0.0005397101343951849,0.0031029491895022687,0.0
10,0.0,165,forward,4.7699025265038255,0.0,0.0,0.0,0.0,0.0,0.0,8.218560205855122e-07,0.4145495011366312,0.0023467812702165536,0.0005163904609195616,0.003308576396806151,0.0
10,0.0,166,forward,4.768938282180901,0.0,0.0,0.0,0.0,0.0,0.0,8.274327483395524e-07,0.3931032947709901,0.002376409265066382,0.0004927703611167165,0.003519439804580027,0.0
10,0.0,167,forward,4.767707286694431,0.0,0.0,0.0,0.0,0.0,0.0,8.33148270741049e-07,0.3717175912785359,0.0024052033770506046,0.0004688580994830529,0.0037352758947339915,0.0
10,0.0,168,forward,4.766211486858024,0.0,0.0,0.0,0.0,0.0,0.0,8.390002227098572e-07,0.3503947444236844,0.002433148723047195,0.0004446620907402506,0.003955811172325352,0.0
10,0.0,169,forward,4.764452787482152,0.0,0.0,0.0,0.0,0.0,0.0,8.449860238543329e-07,0.32913696486547506,0.002460230700534125,0.00042019089706411486,0.0041807625289875805,0.0
10,0.0,170,forward,4.762433048190303,0.0,0.0,0.0,0.0,0.0,0.0,8.511028809793765e-07,0.30794631738339334,0.0024864349945669943,0.00039545322524317533,0.00440983762436431,0.0
10,0.0,171,forward,4.760154080336906,0.0,0.0,0.0,0.0,0.0,0.0,8.57347790956829e-07,0.2868247186427903,0.002511747584669322,0.0003704579237679314,0.004642735285073751,0.0
10,0.0,172,forward,4.757617644033166,0.0,0.0,0.0,0.0,0.0,0.0,8.637175439566222e-07,0.26577393548823985,0.0025361547516325263,0.00034521397985167254,0.004879145920701489,0.0
10,0.0,173,forward,4.754825445287031,0.0,0.0,0.0,0.0,0.0,0.0,8.702087270362693e-07,0.24479558375016366,0.002559643084222352,0.00031973051638373515,0.005118751956293854,0.0
10,0.0,174,forward,4.751779133263374,0.0,0.0,0.0,0.0,0.0,0.0,8.768177280857566e-07,0.22389112754737703,0.0025821994857886045,0.0002940167888161247,0.005361228280793884,0.0
10,0.0,175,forward,4.748480297670492,0.0,0.0,0.0,0.0,0.0,0.0,8.835407401245466e-07,0.2030618790659192,0.0026038111807753926,0.0002680821819846143,0.005606242710841869,0.0
10,0.0,176,forward,4.744930466278889,0.0,0.0,0.0,0.0,0.0,0.0,8.903737659464487e-07,0.18230899879229925,0.0026244657211286914,0.00024193620686517248,0.005853456469328666,0.0
10,0.0,177,forward,4.741131102578276,0.0,0.0,0.0,0.0,0.0,0.0,8.973126231077314e-07,0.16163349617770348,0.002644150992598259,0.00021558849726685192,0.006102524678071153,0.0
10,0.0,178,forward,4.737083603578579,0.0,0.0,0.0,0.0,0.0,0.0,9.043529492533634e-07,0.14103623070818824,0.002662855220931182,0.00018904880646219288,0.006353096863949137,0.0
10,0.0,179,forward,4.732789297760691,0.0,0.0,0.0,0.0,0.0,0.0,9.114902077751796e-07,0.1205179133548284,0.002680566977953589,0.00016232700375625259,0.006604817477820046,0.0
10,0.0,180,forward,4.728249443182528,0.0,0.0,0.0,0.0,0.0,0.0,9.187196937960717e-07,0.10007910837683588,0.0026972751875384356,0.00013543307099534235,0.00685732642550374,0.0
10,0.0,181,forward,4.723465225745857,0.0,0.0,0.0,0.0,0.0,0.0,9.26036540472657e-07,0.07972023545030464,0.0027129691314556757,0.00010837709901669741,0.007110259610105807,0.0
10,0.0,182,forward,4.718437757629191,0.0,0.0,0.0,0.0,0.0,0.0,9.334357256093327e-07,0.059441572094792124,0.0027276384551027173,8.116928404021917e-05,0.007363249484923062,0.0
10,0.0,183,forward,4.713168075891938,0.0,0.0,0.0,0.0,0.0,0.0,9.409120785753133e-07,0.03924325637003104,0.002741273173111965,5.381992400351789e-05,0.007615925616157204,0.0
10,0.0,184,forward,4.707657141254748,0.0,0.0,0.0,0.0,0.0,0.0,9.484602875159961e-07,0.019125289815243474,0.002753863674832748,2.6339414841512063e-05,0.007867915254632374,0.0
10,0.0,185,forward,4.701905837060929,0.0,0.0,0.0,0.0,0.0,0.0,9.560749068495085e-07,-0.0009124593961005515,0.002765400729685043,-1.2617532882015783e-06,0.00811884391570361,0.0
10,0.0,186,forward,4.695914968423529,0.0,0.0,0.0,0.0,0.0,0.0,9.637503650387622e-07,-0.02087025311250936,0.002775875492382438,-2.8972999832808936e-05,0.008368335966510543,0.0
10,0.0,187,forward,4.689685261562541,0.0,0.0,0.0,0.0,0.0,0.0,9.714809726285033e-07,-0.040748479697490965,0.00278527950802137,-5.6783657723356175e-05,0.008616015219723439,0.0
10,0.0,188,forward,4.68321736333649,0.0,0.0,0.0,0.0,0.0,0.0,9.79260930536792e-07,-0.060547650384149304,0.0027936047170343888,-8.468297730404412e-05,0.008861505532900216,0.0
10,0.0,189,forward,4.676511840972424,0.0,0.0,0.0,0.0,0.0,0.0,9.87084338589545e-07,-0.08026839551510873,0.002800843460004761,-0.0001126601303103412,0.00910443141256434,0.0
10,0.0,190,forward,4.669569181998154,0.0,0.0,0.0,0.0,0.0,0.0,9.94945204286387e-07,-0.09991146069044504,0.0028069884823399564,-0.00014070421389458627,0.009344418622094564,0.0
10,0.0,191,forward,4.662389794380362,0.0,0.0,0.0,0.0,0.0,0.0,1.002837451785617e-06,-0.11947770284495385,0.0028120329388016054,-0.00016880425469756324,0.009581094792500355,0.0
10,0.0,192,forward,4.65497400687195,0.0,0.0,0.0,0.0,0.0,0.0,1.0107549310955557e-06,-0.13896808627495663,0.002815970397889452,-0.00019694921296472582,0.009814090035148881,0.0
10,0.0,193,forward,4.647322069571843,0.0,0.0,0.0,0.0,0.0,0.0,1.0186914274593149e-06,-0.15838367863329994,0.0028187948460771804,-0.0002251279867054538,0.01004303755549385,0.0
10,0.0,194,forward,4.639434154700154,0.0,0.0,0.0,0.0,0.0,0.0,1.0266406709192501e-06,-0.17772564691006015,0.0028205006918974947,-0.0002533294158939843,0.01026757426684366,0.0
10,0.0,195,forward,4.63131035759146,0.0,0.0,0.0,0.0,0.0,0.0,1.0345963460473054e-06,-0.19699525341487656,0.002821082769874424,-0.0002815422867103752,0.010487341403205175,0.0
10,0.0,196,forward,4.622950697908688,0.0,0.0,0.0,0.0,0.0,0.0,1.0425521018269752e-06,-0.21619385177563108,0.0028205363443006633,-0.00030975533582008544,0.010701985130218583,0.0
10,0.0,197,forward,4.614355121079863,0.0,0.0,0.0,0.0,0.0,0.0,1.0505015616722144e-06,-0.235322882966659,0.0028188571128578217,-0.00033795725469050816,0.010911157153205675,0.0
10,0.0,198,forward,4.605523499959794,0.0,0.0,0.0,0.0,0.0,0.0,1.0584383335681672e-06,-0.2543838713784517,0.0028160412100772946,-0.00036613669394293223,0.011114515321342555,0.0
10,0.0,199,forward,4.596455636718518,0.0,0.0,0.0,0.0,0.0,0.0,1.0663560203186423e-06,-0.2733784209393836,0.002812085210640081,-0.00039428226773829614,0.01131172422695581,0.0
10,0.0,200,forward,4.5871512649581145,0.0,0.0,0.0,0.0,0.0,0.0,1.0742482298844927e-06,-0.2923082112988231,0.0028069861325132135,-0.000422382558195167,0.011502455798963584,0.0
11,0.0,1,forward,0.41408736777503113,0.0,0.0,0.0,0.0,0.0,0.0,1.0561744330705774e-06,-1.9033103386094283,-0.000948762177524756,-0.0013737822092796065,0.4698484487231456,0.0
11,0.0,2,forward,0.7342691374266395,0.0,0.0,0.0,0.0,0.0,0.0,1.0571313211931303e-06,-1.924578997819694,-0.001007431856722977,-0.001363999521501609,0.2669848122214996,0.0
11,0.0,3,forward,0.9837652821400309,0.0,0.0,0.0,0.0,0.0,0.0,1.0582062483318305e-06,-1.945912369635791,-0.0010659327655164754,-0.0013536308779037826,0.15386406025251784,0.0
11,0.0,4,forward,1.1798209598526659,0.0,0.0,0.0,0.0,0.0,0.0,1.0594056815391885e-06,-1.9673082195863516,-0.0011242407775408326,-0.001342678087139551,0.09107058376068569,0.0
11,0.0,5,forward,1.3352971094829091,0.0,0.0,0.0,0.0,0.0,0.0,1.060735968809977e-06,-1.9887641706047494,-0.0011823317470922685,-0.0013311431992650542,0.05651777049019964,0.0
11,0.0,6,forward,1.459827350176013,0.0,0.0,0.0,0.0,0.0,0.0,1.0622033280438788e-06,-2.010277706442233,-0.0012401815187289558,-0.0013190285058846017,0.037782668512188367,0.0
11,0.0,7,forward,1.5606612195259273,0.0,0.0,0.0,0.0,0.0,0.0,1.0638138361288569e-06,-2.0318461756344997,-0.0012977659369147953,-0.0013063365401997757,0.02785918032363855,0.0
11,0.0,8,forward,1.643280315185643,0.0,0.0,0.0,0.0,0.0,0.0,1.0655734181640257e-06,-2.053466796022133,-0.0013550608557017856,-0.0012930700769620224,0.02279190423427832,0.0
11,0.0,9,forward,1.7118497821622005,0.0,0.0,0.0,0.0,0.0,0.0,1.0674878368401342e-06,-2.0751366598215935,-0.001412042148447368,-0.0012792321323280913,0.0203504837997011,0.0
11,0.0,10,forward,1.7695502064055544,0.0,0.0,0.0,0.0,0.0,0.0,1.0695626819963512e-06,-2.0968527392392087,-0.0014686857175630725,-0.0012648259636182486,0.019282966033730586,0.0
11,0.0,11,forward,1.8188224544161413,0.0,0.0,0.0,0.0,0.0,0.0,1.0718033603711918e-06,-2.1186118926163893,-0.0015249675042903548,-0.001249855068976784,0.01889321683754916,0.0
11,0.0,12,forward,1.8615489817313196,0.0,0.0,0.0,0.0,0.0,0.0,1.074215085565833e-06,-2.140410871090224,-0.0015808634985002362,-0.0012343231869346163,0.018800728288341895,0.0
11,0.0,13,forward,1.8991886401832325,0.0,0.0,0.0,0.0,0.0,0.0,1.0768028682376345e-06,-2.1622463257491087,-0.0016363497485126501,-0.0012182342958738381,0.018803638292077873,0.0
11,0.0,14,forward,1.932877336983616,0.0,0.0,0.0,0.0,0.0,0.0,1.0795715065412979e-06,-2.1841148152590075,-0.0016914023709316205,-0.001201592613393898,0.01880044893388691,0.0
11,0.0,15,forward,1.9635035275209,0.0,0.0,0.0,0.0,0.0,0.0,1.082525576835319e-06,-2.206012813931801,-0.00174599756049261,-0.0011844025955794568,0.018745275373302728,0.0
11,0.0,16,forward,1.9917650907176023,0.0,0.0,0.0,0.0,0.0,0.0,1.0856694246703951e-06,-2.2279367202032376,-0.0018001115999178865,-0.0011666689361695753,0.01862231721098473,0.0
11,0.0,17,forward,2.0182123767423805,0.0,0.0,0.0,0.0,0.0,0.0,1.0890071560769387e-06,-2.2498828654842273,-0.0018537208697761746,-0.0011483965656284448,0.018431376796822385,0.0
11,0.0,18,forward,2.0432809422505738,0.0,0.0,0.0,0.0,0.0,0.0,1.0925426291677905e-06,-2.271847523345844,-0.0019068018583425705,-0.001129590650117413,0.01817973186798777,0.0
11,0.0,19,forward,2.0673165622662064,0.0,0.0,0.0,0.0,0.0,0.0,1.0962794460722936e-06,-2.293826918995183,-0.0019593311714547553,-0.0011102565903684475,0.01787765889989923,0.0
11,0.0,20,forward,2.09059443296377,0.0,0.0,0.0,0.0,0.0,0.0,1.1002209452173492e-06,-2.315817238996497,-0.0020112855423616194,-0.00109040002045906,0.017536045241652753,0.0
11,0.0,21,forward,2.1133339861887133,0.0,0.0,0.0,0.0,0.0,0.0,1.1043701939705917e-06,-2.337814641189653,-0.0020626418415602495,-0.0010700268064887718,0.017165186455519676,0.0
11,0.0,22,forward,2.1357103745211536,0.0,0.0,0.0,0.0,0.0,0.0,1.1087299816604186e-06,-2.3598152647560506,-0.0021133770866173175,-0.0010491430451572538,0.01677424638726338,0.0
11,0.0,23,forward,2.1578634190779034,0.0,0.0,0.0,0.0,0.0,0.0,1.113302812987181e-06,-2.381815240380618,-0.0021634684519708275,-0.0010277550622443956,0.01637107875924604,0.0
11,0.0,24,forward,2.1799046151715684,0.0,0.0,0.0,0.0,0.0,0.0,1.1180909018391838e-06,-2.4038107004577385,-0.0022128932787083386,-0.0010058694109923857,0.0159622377603017,0.0
11,0.0,25,forward,2.201922644711227,0.0,0.0,0.0,0.0,0.0,0.0,1.1230961655267053e-06,-2.4257977892882976,-0.0022616290843174677,-0.000983492870390174,0.015553079950234194,0.0
11,0.0,26,forward,2.2239877353039854,0.0,0.0,0.0,0.0,0.0,0.0,1.1283202194466945e-06,-2.4477726732153138,-0.0023096535724048167,-0.0009606324433605614,0.01514790323664339,0.0
11,0.0,27,forward,2.2461551245704503,0.0,0.0,0.0,0.0,0.0,0.0,1.1337643721901e-06,-2.4697315506461264,-0.0023569446423791778,-0.000937295354850246,0.01475009376752806,0.0
11,0.0,28,forward,2.268467827054767,0.0,0.0,0.0,0.0,0.0,0.0,1.1394296211033423e-06,-2.4916706619102484,-0.0024034803990950902,-0.0009134890498232428,0.01436226593631762,0.0
11,0.0,29,forward,2.290958855050416,0.0,0.0,0.0,0.0,0.0,0.0,1.145316648314641e-06,-2.513586298903613,-0.0024492391624526756,-0.0008892211911580564,0.013986388781995152,0.0
11,0.0,30,forward,2.313653009828806,0.0,0.0,0.0,0.0,0.0,0.0,1.151425817235306e-06,-2.5354748144719803,-0.002494199476949677,-0.0008644996574490817,0.013623896507658939,0.0
11,0.0,31,forward,2.3365683333140943,0.0,0.0,0.0,0.0,0.0,0.0,1.1577571695455067e-06,-2.5573326314888534,-0.0025383401211818636,-0.0008393325407126995,0.013275783176960432,0.0
11,0.0,32,forward,2.3597172900982875,0.0,0.0,0.0,0.0,0.0,0.0,1.1643104226731387e-06,-2.579156251585982,-0.002581640117287475,-0.0008137281439986878,0.012942682784030546,0.0
11,0.0,33,forward,2.3831077342798967,0.0,0.0,0.0,0.0,0.0,0.0,1.1710849677739468e-06,-2.6009422634980406,-0.0026240787403320827,-0.0007876949789074216,0.012624936358354488,0.0
11,0.0,34,forward,2.4067437037786146,0.0,0.0,0.0,0.0,0.0,0.0,1.1780798682199897e-06,-2.622687350986372,-0.0026656355276294956,-0.0007612417630135346,0.01232264786972792,0.0
11,0.0,35,forward,2.4306260756618148,0.0,0.0,0.0,0.0,0.0,0.0,1.1852938586032034e-06,-2.6443883003106583,-0.002706290287995066,-0.0007343774171967239,0.012035730617411922,0.0
11,0.0,36,forward,2.454753108966841,0.0,0.0,0.0,0.0,0.0,0.0,1.1927253442594215e-06,-2.66604200722129,-0.002746023110926942,-0.0007071110628803138,0.011763945622436212,0.0
11,0.0,37,forward,2.479120896027434,0.0,0.0,0.0,0.0,0.0,0.0,1.200372401318341e-06,-2.687645483449447,-0.0027848143757119863,-0.000679452019178426,0.011506933348151449,0.0
11,0.0,38,forward,2.5037237390444775,0.0,0.0,0.0,0.0,0.0,0.0,1.2082327772830254e-06,-2.7091958626760246,-0.0028226447604516943,-0.0006514097999524286,0.011264239880868998,0.0
11,0.0,39,forward,2.5285544653011245,0.0,0.0,0.0,0.0,0.0,0.0,1.2163038921426002e-06,-2.7306904059648867,-0.002859495251004603,-0.0006229941107775452,0.011035338524036264,0.0
11,0.0,40,forward,2.5536046917980335,0.0,0.0,0.0,0.0,0.0,0.0,1.2245828400206347e-06,-2.7521265066501512,-0.0028953471498412713,-0.0005942148458204772,0.010819647601701843,0.0
11,0.0,41,forward,2.5788650480141446,0.0,0.0,0.0,0.0,0.0,0.0,1.2330663913606123e-06,-2.773501694671366,-0.002930182084807609,-0.0005650820846288801,0.010616545131333921,0.0
11,0.0,42,forward,2.6043253638583406,0.0,0.0,0.0,0.0,0.0,0.0,1.2417509956495973e-06,-2.7948136403545036,-0.002963982017793049,-0.0005356060888337119,0.01042538091131362,0.0
11,0.0,43,forward,2.629974828572669,0.0,0.0,0.0,0.0,0.0,0.0,1.2506327846798874e-06,-2.816060157640627,-0.002996729253299538,-0.000505797298765343,0.010245486472526877,0.0
11,0.0,44,forward,2.6558021253054056,0.0,0.0,0.0,0.0,0.0,0.0,1.2597075763476796e-06,-2.8372392067677024,-0.003028406446907398,-0.00047566632998450074,0.010076183263967975,0.0
11,0.0,45,forward,2.68179554523582,0.0,0.0,0.0,0.0,0.0,0.0,1.2689708789871774e-06,-2.8583488964145967,-0.0030589966136345685,-0.00044522396972906513,0.009916789376703261,0.0
11,0.0,46,forward,2.707943084458359,0.0,0.0,0.0,0.0,0.0,0.0,1.2784178962371468e-06,-2.8793874853194192,-0.003088483136185011,-0.00041448117327780553,0.00976662505664394,0.0
11,0.0,47,forward,2.7342325262881957,0.0,0.0,0.0,0.0,0.0,0.0,1.2880435324368402e-06,-2.900353383387368,-0.003116849773083103,-0.0003834490602322083,0.009625017212403275,0.0
11,0.0,48,forward,2.7606515112062664,0.0,0.0,0.0,0.0,0.0,0.0,1.2978423985463123e-06,-2.9212451523058074,-0.003144080666689614,-0.0003521389107175112,0.009491303088302927,0.0
11,0.0,49,forward,2.7871875962993773,0.0,0.0,0.0,0.0,0.0,0.0,1.3078088185863143e-06,-2.942061505686683,-0.0031701603510961717,-0.0003205621615041976,0.00936483324296744,0.0
11,0.0,50,forward,2.8138283057534594,0.0,0.0,0.0,0.0,0.0,0.0,1.3179368365914186e-06,-2.96280130875836,-0.003195073759894349,-0.00028873040205114185,0.009244973949667501,0.0
11,0.0,51,forward,2.840561173712905,0.0,0.0,0.0,0.0,0.0,0.0,1.3282202240691142e-06,-2.9834635776306455,-0.003218806233815493,-0.00025665537047170377,0.009131109114680958,0.0
11,0.0,52,forward,2.8673737806159347,0.0,0.0,0.0,0.0,0.0,0.0,1.3386524879573652e-06,-3.0040474781581916,-0.003241343528238225,-0.0002243489494240716,0.00902264179361345,0.0
11,0.0,53,forward,2.894253783947244,0.0,0.0,0.0,0.0,0.0,0.0,1.3492268790716051e-06,-3.0245523244284884,-0.003262671820559761,-0.00019182316192719947,0.008918995372201421,0.0
11,0.0,54,forward,2.9211889442083314,0.0,0.0,0.0,0.0,0.0,0.0,1.3599364010314077e-06,-3.0449775769014593,-0.0032827777174274033,-0.0001590901671037141,0.008819614467078463,0.0
11,0.0,55,forward,2.9481671467878727,0.0,0.0,0.0,0.0,0.0,0.0,1.370773819656706e-06,-3.0653228402281822,-0.0033016482618271896,-0.00012616225585121413,0.00872396559285904,0.0
11,0.0,56,forward,2.975176420315197,0.0,0.0,0.0,0.0,0.0,0.0,1.3817316728218836e-06,-3.085587860776462,-0.0033192709400258484,-9.30518464433961e-05,0.008631537634359865,0.0
11,0.0,57,forward,3.002204951996074,0.0,0.0,0.0,0.0,0.0,0.0,1.3928022807558834e-06,-3.1057725238909755,-0.003335633688363052,-5.977148006250616e-05,0.00854184215652054,0.0
11,0.0,58,forward,3.0292411003589694,0.0,0.0,0.0,0.0,0.0,0.0,1.4039777567750807e-06,-3.1258768509154686,-0.003350724899890294,-2.6333816264617445e-05,0.00845441357937915,0.0
11,0.0,59,forward,3.0562734057795717,0.0,0.0,0.0,0.0,0.0,0.0,1.415250018435371e-06,3.1372843111755615,-0.003364533430853377,7.248371620707361e-06,0.00836880924111616,0.0
11,0.0,60,forward,3.0832905990998887,0.0,0.0,0.0,0.0,0.0,0.0,1.4266107990888984e-06,3.117340064431793,-0.0033770486070152515,4.096220115479277e-05,0.008284609368544915,0.0
11,0.0,61,forward,3.1102816086142644,0.0,0.0,0.0,0.0,0.0,0.0,1.4380516598299376e-06,3.097475306536821,-0.0033882602298158236,7.479468551664822e-05,0.008201416971368891,0.0
11,0.0,62,forward,3.1372355656569413,0.0,0.0,0.0,0.0,0.0,0.0,1.4495640018141736e-06,3.077689505756345,-0.0033981585823659806,0.00010873273829055398,0.008118857673949376,0.0
11,0.0,63,forward,3.1641418089934654,0.0,0.0,0.0,0.0,0.0,0.0,1.461139078934282e-06,3.057982011895011,-0.0034067344352723965,0.00014276317831274195,0.008036579496149443,0.0
11,0.0,64,forward,3.190989888190372,0.0,0.0,0.0,0.0,0.0,0.0,1.4727680108344004e-06,3.0383520601619667,-0.0034139790522902187,0.00017687273457547666,0.007954252592966005,0.0
11,0.0,65,forward,3.2177695661136108,0.0,0.0,0.0,0.0,0.0,0.0,1.4844417962455541e-06,3.0187987751035363,-0.003419884195800964,0.0002110480511868015,0.007871568961086428,0.0
11,0.0,66,forward,3.2444708206854767,0.0,0.0,0.0,0.0,0.0,0.0,1.4961513266227287e-06,2.9993211745831143,-0.0034244421321121894,0.0002452756923841896,0.007788242119158628,0.0
11,0.0,67,forward,3.2710838460119147,0.0,0.0,0.0,0.0,0.0,0.0,1.5078874000645285e-06,2.979918173789777,-0.0034276456365765905,0.0002795421476002713,0.0077040067674080115,0.0
11,0.0,68,forward,3.297599052976618,0.0,0.0,0.0,0.0,0.0,0.0,1.5196407354951942e-06,2.960588589258402,-0.0034294879985275893,0.00031383383657887515,0.007618618431245783,0.0
11,0.0,69,forward,3.32400706938495,0.0,0.0,0.0,0.0,0.0,0.0,1.5314019870880518e-06,2.9413311428855327,-0.00342996302602841,0.00034813711453948656,0.007531853092657914,0.0
11,0.0,70,forward,3.3502987397291197,0.0,0.0,0.0,0.0,0.0,0.0,1.5431617589096404e-06,2.922144465926595,-0.0034290650504325356,0.000382438277388264,0.00744350681243533,0.0
11,0.0,71,forward,3.376465124636023,0.0,0.0,0.0,0.0,0.0,0.0,1.5549106197624093e-06,2.9030271029614463,-0.003426788930752566,0.0004167235669736902,0.007353395345672142,0.0
11,0.0,72,forward,3.4024975000504405,0.0,0.0,0.0,0.0,0.0,0.0,1.5666391182038107e-06,2.8839775158165253,-0.0034231300578350045,0.00045097917638500107,0.007261353752415878,0.0
11,0.0,73,forward,3.4283873561987592,0.0,0.0,0.0,0.0,0.0,0.0,1.5783377977191127e-06,2.8649940874333284,-0.003418084358338618,0.0004851912552913205,0.007167236004892996,0.0
11,0.0,74,forward,3.454126396371844,0.0,0.0,0.0,0.0,0.0,0.0,1.5899972120249748e-06,2.8460751256740604,-0.0034116482985141337,0.0005193459153196527,0.007070914592333777,0.0
11,0.0,75,forward,3.4797065355600276,0.0,0.0,0.0,0.0,0.0,0.0,1.6016079404797176e-06,2.8272188670566436,-0.0034038188877823995,0.0005534292354696225,0.006972280124083241,0.0
11,0.0,76,forward,3.505119898968293,0.0,0.0,0.0,0.0,0.0,0.0,1.6131606035770907e-06,2.808423480412431,-0.0033945936821095373,0.000587427267563015,0.006871240931399569,0.0
11,0.0,77,forward,3.5303588204354597,0.0,0.0,0.0,0.0,0.0,0.0,1.6246458784988106e-06,2.78968707046106,-0.0033839707871763315,0.0006213260417260569,0.006767722668113096,0.0
11,0.0,78,forward,3.555415840777537,0.0,0.0,0.0,0.0,0.0,0.0,1.6360545147015e-06,2.7710076812980393,-0.0033719488613399786,0.0006551115719023016,0.006661667910105584,0.0
11,0.0,79,forward,3.580283706072201,0.0,0.0,0.0,0.0,0.0,0.0,1.6473773495134085e-06,2.752383299791565,-0.003358527118386239,0.0006887698613941667,0.00655303575343269,0.0
11,0.0,80,forward,3.604955365898626,0.0,0.0,0.0,0.0,0.0,0.0,1.6586053237156618e-06,2.733811858886131,-0.0033437053300698354,0.0007222869084308731,0.00644180141077233,0.0
11,0.0,81,forward,3.6294239715445156,0.0,0.0,0.0,0.0,0.0,0.0,1.6697294970832227e-06,2.71529124081132,-0.003327483828441544,0.0007556487117607627,0.006327955805791596,0.0
11,0.0,82,forward,3.6536828741901237,0.0,0.0,0.0,0.0,0.0,0.0,1.6807410638599674e-06,2.6968192801950117,-0.0033098635079598653,0.0007888412762657987,0.006211505164960163,0.0
11,0.0,83,forward,3.677725623077293,0.0,0.0,0.0,0.0,0.0,0.0,1.6916313681426752e-06,2.678393767081041,-0.003290845827385765,0.0008218506185961109,0.006092470606284595,0.0
11,0.0,84,forward,3.701545963670003,0.0,0.0,0.0,0.0,0.0,0.0,1.7023919191484605e-06,2.6600124498520454,-0.0032704328114588417,0.0008546627728223886,0.005970887724425666,0.0
11,0.0,85,forward,3.725137835811595,0.0,0.0,0.0,0.0,0.0,0.0,1.713014406340122e-06,2.641673038058893,-0.003248627052353279,0.0008872637961039408,0.005846806171640462,0.0
11,0.0,86,forward,3.7484953718827203,0.0,0.0,0.0,0.0,0.0,0.0,1.7234907143840594e-06,2.6233732051587095,-0.0032254317109122123,0.0009196397743702224,0.005720289234015796,0.0
11,0.0,87,forward,3.7716128949630496,0.0,0.0,0.0,0.0,0.0,0.0,1.7338129379152532e-06,2.6051105911640735,-0.0032008505176590184,0.0009517768280135585,0.0055914134024735995,0.0
11,0.0,88,forward,3.794484916998969,0.0,0.0,0.0,0.0,0.0,0.0,1.7439733960842902e-06,2.5868828052064408,-0.0031748877735844204,0.0009836611175909201,0.005460267938067753,0.0
11,0.0,89,forward,3.8171061369787207,0.0,0.0,0.0,0.0,0.0,0.0,1.7539646468610314e-06,2.5686874280173844,-0.0031475483507080256,0.0010152788495323575,0.005326954431139175,0.0
11,0.0,90,forward,3.839471439115857,0.0,0.0,0.0,0.0,0.0,0.0,1.7637795010701454e-06,2.550522014331505,-0.0031188376924131266,0.0010466162818540093,0.005191586353950783,0.0
11,0.0,91,forward,3.8615758910412916,0.0,0.0,0.0,0.0,0.0,0.0,1.7734110361337872e-06,2.532384095215447,-0.0030887618135539076,0.0010776597298732488,0.00505428860647994,0.0
11,0.0,92,forward,3.8834147420038088,0.0,0.0,0.0,0.0,0.0,0.0,1.7828526094970549e-06,2.514271180327601,-0.0030573273003339963,0.0011083955719238226,0.00491519705511656,0.0
11,0.0,93,forward,3.904983421078454,0.0,0.0,0.0,0.0,0.0,0.0,1.7920978717119767e-06,2.4961807601135235,-0.003024541309955505,0.0011388102550685573,0.004774458064086717,0.0
11,0.0,94,forward,3.9262775353818977,0.0,0.0,0.0,0.0,0.0,0.0,1.8011407791563454e-06,2.478110307942217,-0.0029904115700376964,0.0011688903008074578,0.004632228019484597,0.0
11,0.0,95,forward,3.9472928682935673,0.0,0.0,0.0,0.0,0.0,0.0,1.8099756063641147e-06,2.4600572821888056,-0.002954946377804795,0.001198622310778823,0.004488672845883612,0.0
11,0.0,96,forward,3.9680253776810788,0.0,0.0,0.0,0.0,0.0,0.0,1.8185969579443017e-06,2.442019128269225,-0.0029181545990421593,0.0012279929724510615,0.004343967515557545,0.0
11,0.0,97,forward,3.98847119412829,0.0,0.0,0.0,0.0,0.0,0.0,1.826999780065962e-06,2.4239932806327498,-0.0028800456668202847,0.0012569890648029306,0.004198295550425779,0.0
11,0.0,98,forward,4.008626619164092,0.0,0.0,0.0,0.0,0.0,0.0,1.8351793714874836e-06,2.405977164718378,-0.002840629579986463,0.0012855974639898531,0.004051848516907874,0.0
11,0.0,99,forward,4.028488123489919,0.0,0.0,0.0,0.0,0.0,0.0,1.8431313941084998e-06,2.387968198881154,-0.0027999169014234463,0.0013138051489939297,0.003904825513936394,0.0
11,0.0,100,forward,4.048052345203807,0.0,0.0,0.0,0.0,0.0,0.0,1.8508518830240227e-06,2.369963796294622,-0.0027579187560751663,0.0013415992072554515,0.0037574326544546066,0.0
11,0.0,101,forward,4.067316088018711,0.0,0.0,0.0,0.0,0.0,0.0,1.8583372560603177e-06,2.35196136683571,-0.0027146468287391275,0.00136896684028345,0.003609882540782039,0.0
11,0.0,102,forward,4.08627631947274,0.0,0.0,0.0,0.0,0.0,0.0,1.8655843227732393e-06,2.333958318958388,-0.0026701133616256344,0.0013958953692429952,0.003462393734295577,0.0
11,0.0,103,forward,4.104930169128816,0.0,0.0,0.0,0.0,0.0,0.0,1.872590292890196e-06,2.3159520615624536,-0.0026243311516837464,0.001422372240516938,0.0033151902199294314,0.0
11,0.0,104,forward,4.1232749267613205,0.0,0.0,0.0,0.0,0.0,0.0,1.879352784177705e-06,2.2979400058638286,-0.0025773135476941174,0.0014483850312397436,0.0031685008660504166,0.0
11,0.0,105,forward,4.141308040527108,0.0,0.0,0.0,0.0,0.0,0.0,1.885869829717371e-06,2.2799195672728025,-0.0025290744471291354,0.0014739214548010577,0.0030225588803118875,0.0
11,0.0,106,forward,4.159027115118379,0.0,0.0,0.0,0.0,0.0,0.0,1.8921398845736835e-06,2.2618881672864957,-0.0024796282927803154,0.0014989693663167334,0.0028776012621345437,0.0
11,0.0,107,forward,4.176429909894781,0.0,0.0,0.0,0.0,0.0,0.0,1.8981618318382723e-06,2.243843235401943,-0.002428990069153807,0.0015235167680649547,0.0027338682524989943,0.0
11,0.0,108,forward,4.1935143369921715,0.0,0.0,0.0,0.0,0.0,0.0,1.9039349880356253e-06,2.225782211055976,-0.0023771752986341166,0.001547551814885126,0.002591602781770841,0.0
11,0.0,109,forward,4.210278459405454,0.0,0.0,0.0,0.0,0.0,0.0,1.909459107876825e-06,2.207702545598107,-0.0023242000374170163,0.0015710628195373078,0.0024510499163062915,0.0
11,0.0,110,forward,4.2267204890429175,0.0,0.0,0.0,0.0,0.0,0.0,1.9147343883480444e-06,2.1896017043024623,-0.0022700808712121314,0.0015940382580197229,0.002312456304611854,0.0
11,0.0,111,forward,4.2428387847495825,0.0,0.0,0.0,0.0,0.0,0.0,1.9197614721221504e-06,2.1714771684246124,-0.0022148349107159082,0.0016164667748422292,0.002176069623851473,0.0
11,0.0,112,forward,4.258631850297039,0.0,0.0,0.0,0.0,0.0,0.0,1.924541450282471e-06,2.1533264373091714,-0.002158479786856252,0.0016383371882533091,0.0020421380275098266,0.0
11,0.0,113,forward,4.274098332337372,0.0,0.0,0.0,0.0,0.0,0.0,1.9290758643486748e-06,2.1351470305536298,-0.002101033645809398,0.0016596384954183504,0.001910909595030652,0.0
11,0.0,114,forward,4.289237018318798,0.0,0.0,0.0,0.0,0.0,0.0,1.9333667075962405e-06,2.116936490233789,-0.0020425151437903255,0.0016803598775470658,0.00178263178425761,0.0
11,0.0,115,forward,4.304046834360732,0.0,0.0,0.0,0.0,0.0,0.0,1.937416425661219e-06,2.098692383195973,-0.001982943441617886,0.0017004907049674967,0.0016575508875081302,0.0
11,0.0,116,forward,4.318526843086073,0.0,0.0,0.0,0.0,0.0,0.0,1.941227916424085e-06,2.0804123034207276,-0.0019223381990558042,0.0017200205421446897,0.0015359114921092432,0.0
11,0.0,117,forward,4.332676241408597,0.0,0.0,0.0,0.0,0.0,0.0,1.9448045291668386e-06,2.062093874462609,-0.0018607195689311024,0.0017389391526416097,0.0014179559462229319,0.0
11,0.0,118,forward,4.346494358273458,0.0,0.0,0.0,0.0,0.0,0.0,1.9481500629988794e-06,2.04373475197016,-0.0017981081910312445,0.0017572365040201268,0.0013039238307783751,0.0
11,0.0,119,forward,4.359980652348884,0.0,0.0,0.0,0.0,0.0,0.0,1.95126876454826e-06,2.0253326262898743,-0.0017345251857816722,0.0017749027726798041,0.001194051438323268,0.0
11,0.0,120,forward,4.373134709667308,0.0,0.0,0.0,0.0,0.0,0.0,1.954165324916418e-06,2.0068852251574043,-0.0016699921477052843,0.0017919283486324963,0.0010885712595890829,0.0
11,0.0,121,forward,4.38595624121427,0.0,0.0,0.0,0.0,0.0,0.0,1.9568448758949414e-06,1.9883903164789485,-0.001604531138665759,0.0018083038402102946,0.0009877114785548508,0.0
11,0.0,122,forward,4.398445080463598,0.0,0.0,0.0,0.0,0.0,0.0,1.959312985444854e-06,1.9698457112050376,-0.0015381646808963914,0.0018240200787049065,0.0008916954767747426,0.0
11,0.0,123,forward,4.410601180857471,0.0,0.0,0.0,0.0,0.0,0.0,1.961575652439778e-06,1.9512492662984788,-0.0014709157498164988,0.001839068122936303,0.0008007413477164049,0.0
11,0.0,124,forward,4.422424613230188,0.0,0.0,0.0,0.0,0.0,0.0,1.963639300675069e-06,1.9325988877975913,-0.0014028077666373847,0.0018534392637482926,0.0007150614218372209,0.0
11,0.0,125,forward,4.4339155631745495,0.0,0.0,0.0,0.0,0.0,0.0,1.965510772147348e-06,1.91389253397505,-0.0013338645907599626,0.0018671250284293015,0.0006348618031040282,0.0
11,0.0,126,forward,4.445074328349989,0.0,0.0,0.0,0.0,0.0,0.0,1.9671973196086687e-06,1.8951282185920915,-0.0012641105119663052,0.001880117185055902,0.0005603419176376523,0.0
11,0.0,127,forward,4.455901315731719,0.0,0.0,0.0,0.0,0.0,0.0,1.9687065984021093e-06,1.8763040142468383,-0.0011935702424073476,0.0018924077467574014,0.0004916940751409637,0.0
11,0.0,128,forward,4.466397038800357,0.0,0.0,0.0,0.0,0.0,0.0,1.9700466575855504e-06,1.8574180558148152,-0.0011222689083892079,0.0019039889758991348,0.00042910304374352976,0.0
11,0.0,129,forward,4.476562114671682,0.0,0.0,0.0,0.0,0.0,0.0,1.97122593035257e-06,1.8384685439786732,-0.0010502320419605966,0.0019148533881826713,0.00037274563887035317,0.0
11,0.0,130,forward,4.486397261166333,0.0,0.0,0.0,0.0,0.0,0.0,1.9722532237601955e-06,1.819453748843199,-0.0009774855723038475,0.0019249937566609562,0.00032279032671640034,0.0
11,0.0,131,forward,4.4959032938195005,0.0,0.0,0.0,0.0,0.0,0.0,1.9731377077741274e-06,1.8003720136306796,-0.0009040558169322775,0.0019344031156662627,0.0002793968428818766,0.0
11,0.0,132,forward,4.505081122830811,0.0,0.0,0.0,0.0,0.0,0.0,1.973888903643965e-06,1.7812217584505294,-0.0008299694726966292,0.001943074764649243,0.00024271582669654554,0.0
11,0.0,133,forward,4.513931749954847,0.0,0.0,0.0,0.0,0.0,0.0,1.974516671621453e-06,1.762001484135972,-0.0007552536066034043,0.0019510022719270404,0.0002128884717342962,0.0
11,0.0,134,forward,4.522456265332916,0.0,0.0,0.0,0.0,0.0,0.0,1.975031198036269e-06,1.7427097761393444,-0.0006799356464480471,0.0019581794783386304,0.00019004619299240605,0.0
11,0.0,135,forward,4.5306558442669145,0.0,0.0,0.0,0.0,0.0,0.0,1.97544298174521e-06,1.7233453084763295,-0.000604043371265958,0.0019646005008056755,0.00017431031118259705,0.0
11,0.0,136,forward,4.538531743936337,0.0,0.0,0.0,0.0,0.0,0.0,1.9757628199708917e-06,1.7039068477081594,-0.0005276049016044762,0.001970259735796773,0.0001657917545543684,0.0
11,0.0,137,forward,4.546085300059674,0.0,0.0,0.0,0.0,0.0,0.0,1.9760017935486455e-06,1.6843932569494338,-0.00045064868961897884,0.0019751518626937446,0.00016459077864409977,0.0
11,0.0,138,forward,4.553317923501694,0.0,0.0,0.0,0.0,0.0,0.0,1.9761712515998686e-06,1.6648034998879053,-0.00037320350899637604,0.0019792718470578665,0.00017079670431684787,0.0
11,0.0,139,forward,4.560231096828278,0.0,0.0,0.0,0.0,0.0,0.0,1.9762827956521328e-06,1.6451366448011566,-0.0002952984447093456,0.0019826149437944846,0.0001844876744413462,0.0
11,0.0,140,forward,4.56682637081072,0.0,0.0,0.0,0.0,0.0,0.0,1.976348263227283e-06,1.6253918685537307,-0.00021696288260475083,0.0019851767002144094,0.00020573042951254304,0.0
11,0.0,141,forward,4.573105360881616,0.0,0.0,0.0,0.0,0.0,0.0,1.976379710919263e-06,1.6055684605568892,-0.00013822649882971972,0.0019869529589902767,0.0002345801025100333,0.0
11,0.0,142,forward,4.579069743544654,0.0,0.0,0.0,0.0,0.0,0.0,1.9763893969850035e-06,1.5856658266718149,-5.9119249099006024e-05,0.0019879398610063857,0.00027108003325507224,0.0
11,0.0,143,forward,4.584721252740886,0.0,0.0,0.0,0.0,0.0,0.0,1.9763897634723887e-06,1.5656834930357484,2.0328642192719157e-05,0.0019881338481004267,0.0003152616025034055,0.0
11,0.0,144,forward,4.590061676174211,0.0,0.0,0.0,0.0,0.0,0.0,1.9763934179102415e-06,1.5456211097892738,0.00010008669300989784,0.0019875316656955346,0.00036714408598594733,0.0
11,0.0,145,forward,4.5950928515990626,0.0,0.0,0.0,0.0,0.0,0.0,1.976413114586344e-06,1.5254784546817626,0.00018012417486262466,0.0019861303653212346,0.0004267345285842855,0.0
11,0.0,146,forward,4.599816663073463,0.0,0.0,0.0,0.0,0.0,0.0,1.9764617354400652e-06,1.5052554365308772,0.00026041012413678335,0.0019839273070217244,0.0004940276388033654,0.0
11,0.0,147,forward,4.6042350371808505,0.0,0.0,0.0,0.0,0.0,0.0,1.9765522705974192e-06,1.4849520985110172,0.00034091335356384143,0.0019809201616501804,0.0005690057036788834,0.0
11,0.0,148,forward,4.608349939224236,0.0,0.0,0.0,0.0,0.0,0.0,1.9766977985768734e-06,1.4645686212447213,0.00042160246382624665,0.001977106913047679,0.0006516385242327921,0.0
11,0.0,149,forward,4.612163369396514,0.0,0.0,0.0,0.0,0.0,0.0,1.9769114661949734e-06,1.4441053256703191,0.000502445855294317,0.0019724858601053445,0.0007418833715655271,0.0
11,0.0,150,forward,4.615677358930868,0.0,0.0,0.0,0.0,0.0,0.0,1.977206468201771e-06,1.42356267565856,0.0005834117398904501,0.00196705561870849,0.0008396849636500558,0.0
11,0.0,151,forward,4.6188939662354604,0.0,0.0,0.0,0.0,0.0,0.0,1.977596026676583e-06,1.4029412803506034,0.0006644681530764228,0.001960815123561482,0.0009449754628680224,0.0
11,0.0,152,forward,4.621815273016763,0.0,0.0,0.0,0.0,0.0,0.0,1.9780933702152354e-06,1.382241896189622,0.0007455829659594148,0.001953763629892119,0.0010576744943045363,0.0
11,0.0,153,forward,4.6244433803960305,0.0,0.0,0.0,0.0,0.0,0.0,1.9787117129405796e-06,1.3614654286183387,0.0008267238975124583,0.0019459007150343553,0.001177689184794356,0.0
11,0.0,154,forward,4.626780405023646,0.0,0.0,0.0,0.0,0.0,0.0,1.979464233368568e-06,1.340612933415208,0.0009078585269048195,0.001937226279888252,0.0013049142226873034,0.0
11,0.0,155,forward,4.628828475196186,0.0,0.0,0.0,0.0,0.0,0.0,1.9803640531626397e-06,1.3196856176425613,0.0009889543059377894,0.00192774055025605,0.0014392319382779406,0.0
11,0.0,156,forward,4.630589726981229,0.0,0.0,0.0,0.0,0.0,0.0,1.9814242158097902e-06,1.2986848401809468,0.001069978571581417,0.0019174440780534016,0.0015805124048188235,0.0
11,0.0,157,forward,4.632066300355083,0.0,0.0,0.0,0.0,0.0,0.0,1.9826576652517743e-06,1.2776121118251367,0.0011508985586074461,0.0019063377423946886,0.0017286135600138586,0.0
11,0.0,158,forward,4.633260335358733,0.0,0.0,0.0,0.0,0.0,0.0,1.984077224505568e-06,1.2564690949187793,0.0012316814123138448,0.0018944227505515619,0.001883381347863533,0.0
11,0.0,159,forward,4.634173968277458,0.0,0.0,0.0,0.0,0.0,0.0,1.985695574307299e-06,1.2352576025065214,0.0013122942013362208,0.0018817006387837796,0.00204464988070846,0.0
11,0.0,160,forward,4.634809327849693,0.0,0.0,0.0,0.0,0.0,0.0,1.987525231814034e-06,1.2139795969845995,0.0013927039305412228,0.001868173273041455,0.002212241621294575,0.0
11,0.0,161,forward,4.635168531510787,0.0,0.0,0.0,0.0,0.0,0.0,1.9895785293983455e-06,1.1926371882333442,0.0014728775539972554,0.0018538428495380214,0.002385967584658144,0.0
11,0.0,162,forward,4.635253681677474,0.0,0.0,0.0,0.0,0.0,0.0,1.9918675935702632e-06,1.171232631217862,0.0015527819880174177,0.0018387118951930829,0.0025656275596038225,0.0
11,0.0,163,forward,4.635066862078906,0.0,0.0,0.0,0.0,0.0,0.0,1.994404324061499e-06,1.1497683230461435,0.0016323841242699146,0.0018227832679444287,0.0027510103495238525,0.0
11,0.0,164,forward,4.634610134140224,0.0,0.0,0.0,0.0,0.0,0.0,1.9972003731071e-06,1.128246799477286,0.0017116508429508538,0.0018060601569287046,0.0029418940322823994,0.0
11,0.0,165,forward,4.633885533424676,0.0,0.0,0.0,0.0,0.0,0.0,2.0002671249590153e-06,1.1066707308760078,0.0017905490260143877,0.0017885460825299434,0.00313804623886349,0.0
11,0.0,166,forward,4.632895066140396,0.0,0.0,0.0,0.0,0.0,0.0,2.003615675666713e-06,1.0850429176134873,0.0018690455704551865,0.0017702448962955838,0.0033392244504560353,0.0
11,0.0,167,forward,4.6316407057179605,0.0,0.0,0.0,0.0,0.0,0.0,2.0072568131592847e-06,1.0633662849185017,0.0019471074016381153,0.0017511607807193833,0.003545176313623555,0.0
11,0.0,168,forward,4.630124389464903,0.0,0.0,0.0,0.0,0.0,0.0,2.0112009976634297e-06,1.0416438771869865,0.002024701486669882,0.0017312982488907754,0.0037556399731820123,0.0
11,0.0,169,forward,4.6283480153033825,0.0,0.0,0.0,0.0,0.0,0.0,2.0154583424916072e-06,1.019878851762314,0.002101794847807603,0.0017106621440103195,0.003970344422383532,0.0
11,0.0,170,forward,4.626313438597217,0.0,0.0,0.0,0.0,0.0,0.0,2.0200385952342297e-06,0.9980744722029179,0.0021783545758989266,0.0016892576387709526,0.004189009869978388,0.0
11,0.0,171,forward,4.624022469074484,0.0,0.0,0.0,0.0,0.0,0.0,2.0249511193889384e-06,0.9762341010580181,0.002254347843848516,0.0016670902346044988,0.004411348123702252,0.0
11,0.0,172,forward,4.62147686785189,0.0,0.0,0.0,0.0,0.0,0.0,2.0302048764607685e-06,0.9543611921765959,0.0023297419201056204,0.001644165760793643,0.004637062989711449,0.0
11,0.0,173,forward,4.618678344567067,0.0,0.0,0.0,0.0,0.0,0.0,2.0358084085648398e-06,0.9324592825786073,0.0024045041821673806,0.0016204903734486633,0.00486585068746348,0.0
11,0.0,174,forward,4.6156285546249345,0.0,0.0,0.0,0.0,0.0,0.0,2.0417698215644037e-06,0.9105319839216068,0.0024786021300925378,0.0015960705543492904,0.0050974002795153295,0.0
11,0.0,175,forward,4.6123290965641965,0.0,0.0,0.0,0.0,0.0,0.0,2.0480967687748425e-06,0.8885829735994162,0.0025520034000200355,0.001570913109651186,0.00533139411568706,0.0
11,0.0,176,forward,4.608781509549993,0.0,0.0,0.0,0.0,0.0,0.0,2.0547964352650486e-06,0.8666159855130207,0.002624675777687415,0.0015450251684573336,0.00556750829101571,0.0
11,0.0,177,forward,4.604987270998636,0.0,0.0,0.0,0.0,0.0,0.0,2.0618755227858014e-06,0.8446348005569385,0.002696587211943318,0.0015184141812542246,0.005805413116897862,0.0
11,0.0,178,forward,4.600947794340282,0.0,0.0,0.0,0.0,0.0,0.0,2.069340235354424e-06,0.8226432368670038,0.0027677058282487292,0.0014910879182129194,0.0060447736047994916,0.0
11,0.0,179,forward,4.596664426925287,0.0,0.0,0.0,0.0,0.0,0.0,2.077196265524311e-06,0.8006451398778339,0.0028379999421615514,0.0014630544673552035,0.006285249961881179,0.0
11,0.0,180,forward,4.592138448079865,0.0,0.0,0.0,0.0,0.0,0.0,2.085448781366673e-06,0.778644372240084,0.0029074380727989253,0.0014343222325849463,0.006526498097877864,0.0
11,0.0,181,forward,4.587371067316585,0.0,0.0,0.0,0.0,0.0,0.0,2.094102414191359e-06,0.7566448036489389,0.002975988956272054,0.0014048999315849442,0.0067681701425317264,0.0
11,0.0,182,forward,4.582363422705043,0.0,0.0,0.0,0.0,0.0,0.0,2.103161247032339e-06,0.7346503006362883,0.0030436215590877243,0.0013747965935796502,0.0070099149728715116,0.0
11,0.0,183,forward,4.5771165794079645,0.0,0.0,0.0,0.0,0.0,0.0,2.1126288039222155e-06,0.7126647163791786,0.0031103050915111748,0.0013440215569638875,0.007251378749603576,0.0
11,0.0,184,forward,4.571631528387791,0.0,0.0,0.0,0.0,0.0,0.0,2.122508039979934e-06,0.6906918805772074,0.003176009020884892,0.0013125844667983228,0.007492205461857471,0.0
11,0.0,185,forward,4.565909185288663,0.0,0.0,0.0,0.0,0.0,0.0,2.132801332333527e-06,0.6687355894506449,0.0032407030848976563,0.0012804952721718282,0.007732037479515785,0.0
11,0.0,186,forward,4.5599503894985105,0.0,0.0,0.0,0.0,0.0,0.0,2.143510471899551e-06,0.6467995959100424,0.0033043573047983614,0.0012477642234314872,0.007970516112335124,0.0
11,0.0,187,forward,4.553755903395821,0.0,0.0,0.0,0.0,0.0,0.0,2.1546366560390987e-06,0.6248875999463063,0.0033669419985490547,0.0012144018692807018,0.00820728217504696,0.0
11,0.0,188,forward,4.547326411785404,0.0,0.0,0.0,0.0,0.0,0.0,2.1661804821095957e-06,0.6030032392881126,0.003428427793911983,0.0011804190537461296,0.008441976557616693,0.0
11,0.0,189,forward,4.54066252152734,0.0,0.0,0.0,0.0,0.0,0.0,2.178141941929312e-06,0.5811500803709994,0.0034887856414645914,0.0011458269130139936,0.008674240799810828,0.0
11,0.0,190,forward,4.533764761363036,0.0,0.0,0.0,0.0,0.0,0.0,2.1905204171713945e-06,0.5593316096595257,0.0035479868275373684,0.0011106368721367223,0.00890371766922482,0.0
11,0.0,191,forward,4.52663358194214,0.0,0.0,0.0,0.0,0.0,0.0,2.2033146757020892e-06,0.5375512253604754,0.0036060029870691045,0.0010748606416105032,0.00913005174189263,0.0
11,0.0,192,forward,4.519269356053836,0.0,0.0,0.0,0.0,0.0,0.0,2.2165228688763892e-06,0.5158122295616918,0.003662806116373617,0.0010385102138247492,0.009352889984603818,0.0
11,0.0,193,forward,4.511672379065829,0.0,0.0,0.0,0.0,0.0,0.0,2.230142529803624e-06,0.4941178208270895,0.003718368585813065,0.0010015978593843537,0.009571882338022863,0.0
11,0.0,194,forward,4.50384286957411,0.0,0.0,0.0,0.0,0.0,0.0,2.244170572593025e-06,0.4724710872744958,0.003772663152371854,0.0009641361233056462,0.009786682299721683,0.0
11,0.0,195,forward,4.495780970266349,0.0,0.0,0.0,0.0,0.0,0.0,2.2586032925887725e-06,0.45087500015875553,0.003825662972126061,0.0009261378210871529,0.009996947506196063,0.0
11,0.0,196,forward,4.487486749001591,0.0,0.0,0.0,0.0,0.0,0.0,2.273436367601963e-06,0.42933240797827577,0.003877341612602899,0.000887616034656153,0.0102023403129603,0.0
11,0.0,197,forward,4.478960200108646,0.0,0.0,0.0,0.0,0.0,0.0,2.2886648601453752e-06,0.40784603111900686,0.003927673065024597,0.0008485841081922334,0.010402528371785902,0.0
11,0.0,198,forward,4.4702012459053995,0.0,0.0,0.0,0.0,0.0,0.0,2.3042832206758114e-06,0.386418457045489,0.003976631756431718,0.000809055643828955,0.010597185204154203,0.0
11,0.0,199,forward,4.461209738441015,0.0,0.0,0.0,0.0,0.0,0.0,2.320285291846477e-06,0.3650521360445691,0.004024192561680088,0.0007690444972349052,0.010785990769994536,0.0
11,0.0,200,forward,4.451985461462812,0.0,0.0,0.0,0.0,0.0,0.0,2.336664313771175e-06,0.3437493775232501,0.0040703308153065354,0.0007285647730754294,0.01096863203076559,0.0
12,0.0,1,forward,0.4567345243146937,0.0,0.0,0.0,0.0,0.0,0.0,3.9845526006677467e-07,-1.4057740277088338,0.0002932727916847289,-0.0008805708656037492,0.577410615964028,0.0
12,0.0,2,forward,0.8087807075762231,0.0,0.0,0.0,0.0,0.0,0.0,3.985314677442422e-07,-1.4251647225910813,0.00025909738095821275,-0.0008833332014672874,0.3270328755650661,0.0
12,0.0,3,forward,1.0822996924391555,0.0,0.0,0.0,0.0,0.0,0.0,3.9858991729109975e-07,-1.444629826931319,0.00022468118670214077,-0.0008857525190800846,0.18736632899235517,0.0
12,0.0,4,forward,1.296616928136737,0.0,0.0,0.0,0.0,0.0,0.0,3.98632863690125e-07,-1.464170442241892,0.000190037040004136,-0.0008878264743507198,0.10958157646900724,0.0
12,0.0,5,forward,1.4660685036987102,0.0,0.0,0.0,0.0,0.0,0.0,3.986626149166839e-07,-1.4837875680296368,0.00015517791473479775,-0.0008895528522352114,0.06648516455619552,0.0
12,0.0,6,forward,1.6013394955162312,0.0,0.0,0.0,0.0,0.0,0.0,3.986815286965539e-07,-1.5034820977842769,0.0001201169229190502,-0.0008909295681419732,0.04285599521346971,0.0
12,0.0,7,forward,1.710434998866095,0.0,0.0,0.0,0.0,0.0,0.0,3.9869200915792735e-07,-1.5232548149924412,8.486731003376839e-05,-0.0008919546692900665,0.030135647765088015,0.0
12,0.0,8,forward,1.7993856601771079,0.0,0.0,0.0,0.0,0.0,0.0,3.986965033821503e-07,-1.5431063891958225,4.944245023292063e-05,-0.0008926263360200648,0.02349459666034709,0.0
12,0.0,9,forward,1.872761322519422,0.0,0.0,0.0,0.0,0.0,0.0,3.986974978579707e-07,-1.5630373721129809,1.3855841502125045e-05,-0.0008929428830568524,0.02020173865056049,0.0
12,0.0,10,forward,1.9340459383998956,0.0,0.0,0.0,0.0,0.0,0.0,3.9869751484412045e-07,-1.5830481938459047,-2.1878899255981663e-05,-0.0008929027607235599,0.018712835360520763,0.0
12,0.0,11,forward,1.9859120883074144,0.0,0.0,0.0,0.0,0.0,0.0,3.9869910864540987e-07,-1.6031391591934085,-5.7748041203599394e-05,-0.0008925045561060247,0.01815783290911671,0.0
12,0.0,12,forward,2.030422736864841,0.0,0.0,0.0,0.0,0.0,0.0,3.987048618076203e-07,-1.6233104440948851,-9.373774461534508e-05,-0.0008917469941671139,0.018050833547763517,0.0
12,0.0,13,forward,2.0691801382433264,0.0,0.0,0.0,0.0,0.0,0.0,3.987173812366207e-07,-1.6435620922288092,-0.00012983406598964314,-0.0008906289388102199,0.01812512194384075,0.0
12,0.0,14,forward,2.103436246337657,0.0,0.0,0.0,0.0,0.0,0.0,3.987392942473802e-07,-1.663894011791494,-0.00016602296322225724,-0.000889149393891349,0.018238867122461838,0.0
12,0.0,15,forward,2.1341749919273107,0.0,0.0,0.0,0.0,0.0,0.0,3.987732445485882e-07,-1.6843059724823088,-0.0002022903008400204,-0.0008873075041791104,0.018321011455877056,0.0
12,0.0,16,forward,2.162173920855427,0.0,0.0,0.0,0.0,0.0,0.0,3.9882188816894696e-07,-1.704797602722302,-0.00023862185529295937,-0.0008851025562621602,0.01834014334896733,0.0
12,0.0,17,forward,2.1880506268025597,0.0,0.0,0.0,0.0,0.0,0.0,3.988878893310252e-07,-1.725368387133689,-0.0002750033203029676,-0.0008825339794033099,0.018286584245587822,0.0
12,0.0,18,forward,2.212297930576798,0.0,0.0,0.0,0.0,0.0,0.0,3.989739162791171e-07,-1.7460176643078533,-0.000311420312267087,-0.0008796013463400113,0.018162107168880948,0.0
12,0.0,19,forward,2.235310690530062,0.0,0.0,0.0,0.0,0.0,0.0,3.9908263706715455e-07,-1.766744624889582,-0.0003478583757133107,-0.0008763043740303689,0.01797407721333899,0.0
12,0.0,20,forward,2.2574063580042636,0.0,0.0,0.0,0.0,0.0,0.0,3.992167153134292e-07,-1.7875483100052085,-0.00038430298880723015,-0.0008726429243444915,0.017732158501418793,0.0
12,0.0,21,forward,2.2788408335154196,0.0,0.0,0.0,0.0,0.0,0.0,3.9937880592840155e-07,-1.8084276100616294,-0.0004207395689071574,-0.0008686170047004037,0.017446509709151792,0.0
12,0.0,22,forward,2.2998207737048815,0.0,0.0,0.0,0.0,0.0,0.0,3.9957155082246574e-07,-1.82938126394276,-0.0004571534781661023,-0.00086422676864425,0.017126839557292384,0.0
12,0.0,23,forward,2.320513203129994,0.0,0.0,0.0,0.0,0.0,0.0,3.9979757460020904e-07,-1.850407858628561,-0.0004935300291780549,-0.0008594725163741675,0.016781954756551087,0.0
12,0.0,24,forward,2.341053068178718,0.0,0.0,0.0,0.0,0.0,0.0,4.000594802481722e-07,-1.8715058292609243,-0.0005298544906670277,-0.000854354695207553,0.016419585396593106,0.0
12,0.0,25,forward,2.361549210923496,0.0,0.0,0.0,0.0,0.0,0.0,4.0035984482279836e-07,-1.892673459678582,-0.0005661120932162514,-0.0008488738999911546,0.016046362221078858,0.0
12,0.0,26,forward,2.3820891229137264,0.0,0.0,0.0,0.0,0.0,0.0,4.007012151456581e-07,-1.9139088834416373,-0.0006022880350357586,-0.0008430308734537311,0.015667872863564303,0.0
12,0.0,27,forward,2.402742751479445,0.0,0.0,0.0,0.0,0.0,0.0,4.010861035128011e-07,-1.9352100853637946,-0.0006383674877659605,-0.0008368265065007951,0.015288755136081633,0.0
12,0.0,28,forward,2.42356556595391,0.0,0.0,0.0,0.0,0.0,0.0,4.015169834253496e-07,-1.956574903567959,-0.0006743356023152584,-0.0008302618384511789,0.014912803732960833,0.0
12,0.0,29,forward,2.444601042433831,0.0,0.0,0.0,0.0,0.0,0.0,4.019962853482492e-07,-1.978001032077743,-0.0007101775147291129,-0.0008233380572150313,0.014543077441050767,0.0
12,0.0,30,forward,2.4658826890039522,0.0,0.0,0.0,0.0,0.0,0.0,4.0252639250435135e-07,-1.9994860239547148,-0.0007458783520889399,-0.0008160564994129806,0.014182000203653344,0.0
12,0.0,31,forward,2.487435705634022,0.0,0.0,0.0,0.0,0.0,0.0,4.031096367107047e-07,-2.021027294987098,-0.0007814232384377799,-0.0008084186504361512,0.013831452988188997,0.0
12,0.0,32,forward,2.5092783519217194,0.0,0.0,0.0,0.0,0.0,0.0,4.0374829426426677e-07,-2.0426221279328574,-0.0008167973007314132,-0.0008004261444467922,0.013492855438663742,0.0
12,0.0,33,forward,2.5314230798202546,0.0,0.0,0.0,0.0,0.0,0.0,4.04444581883881e-07,-2.0642676773153066,-0.0008519856748117617,-0.0007920807643192752,0.01316723739837522,0.0
12,0.0,34,forward,2.553877476209633,0.0,0.0,0.0,0.0,0.0,0.0,4.052006527156036e-07,-2.085960974766115,-0.0008869735114008863,-0.0007833844415212466,0.012855300950991855,0.0
12,0.0,35,forward,2.5766450507227527,0.0,0.0,0.0,0.0,0.0,0.0,4.060185924082267e-07,-2.107698934905949,-0.0009217459821129205,-0.0007743392559347221,0.012557473878754388,0.0
12,0.0,36,forward,2.599725896934204,0.0,0.0,0.0,0.0,0.0,0.0,4.06900415265937e-07,-2.129478361748984,-0.0009562882854817837,-0.0007649474356169976,0.012273955511669765,0.0
12,0.0,37,forward,2.6231172493470005,0.0,0.0,0.0,0.0,0.0,0.0,4.078480604848588e-07,-2.1512959556131537,-0.0009905856530022241,-0.0007552113565011911,0.012004755921905974,0.0
12,0.0,38,forward,2.646813954184897,0.0,0.0,0.0,0.0,0.0,0.0,4.08863388480207e-07,-2.1731483205137994,-0.001024623355181824,-0.0007451335420363008,0.011749729350356675,0.0
12,0.0,39,forward,2.6708088685250164,0.0,0.0,0.0,0.0,0.0,0.0,4.099481773107329e-07,-2.19503197201424,-0.0010583867076017011,-0.0007347166627667182,0.011508602664698775,0.0
12,0.0,40,forward,2.6950931995676597,0.0,0.0,0.0,0.0,0.0,0.0,4.1110411920690525e-07,-2.216943345502688,-0.001091861076983357,-0.0007239635358510574,0.011280999555402516,0.0
12,0.0,41,forward,2.7196567936707727,0.0,0.0,0.0,0.0,0.0,0.0,4.12332817209274e-07,-2.238878804861097,-0.001125031887259258,-0.0007128771245203089,0.011066461086204682,0.0
12,0.0,42,forward,2.7444883830486493,0.0,0.0,0.0,0.0,0.0,0.0,4.1363578192337384e-07,-2.2608346514881106,-0.0011578846256450478,-0.0007014605374752694,0.01086446313250744,0.0
12,0.0,43,forward,2.7695757966510364,0.0,0.0,0.0,0.0,0.0,0.0,4.150144283971499e-07,-2.2828071336345808,-0.0011904048487103999,-0.0006897170282232284,0.010674431166658893,0.0
12,0.0,44,forward,2.7949061406253435,0.0,0.0,0.0,0.0,0.0,0.0,4.1647007312710547e-07,-2.3047924560076645,-0.001222578188446698,-0.0006776499943539689,0.010495752783403534,0.0
12,0.0,45,forward,2.8204659528637674,0.0,0.0,0.0,0.0,0.0,0.0,4.180039311988483e-07,-2.3267867895964534,-0.0012543903583285695,-0.0006652629767551042,0.010327788301604968,0.0
12,0.0,46,forward,2.846241335404385,0.0,0.0,0.0,0.0,0.0,0.0,4.196171135678046e-07,-2.3487862816703062,-0.001285827159367141,-0.000652559658766829,0.01016987972891048,0.0
12,0.0,47,forward,2.8722180678561706,0.0,0.0,0.0,0.0,0.0,0.0,4.213106244855806e-07,-2.3707870658991905,-0.0013168744861524822,-0.0006395438652761846,0.010021358333533348,0.0
12,0.0,48,forward,2.898381704525523,0.0,0.0,0.0,0.0,0.0,0.0,4.2308535907721876e-07,-2.3927852725441188,-0.0013475183328826095,-0.0006262195617509565,0.009881551030928248,0.0
12,0.0,49,forward,2.9247176575152163,0.0,0.0,0.0,0.0,0.0,0.0,4.2494210107456483e-07,-2.4147770386652865,-0.0013777447993769331,-0.0006125908532133426,0.0097497857620098,0.0
12,0.0,50,forward,2.9512112677290627,0.0,0.0,0.0,0.0,0.0,0.0,4.2688152071051556e-07,-2.4367585182950084,-0.0014075400970712598,-0.0005986619831535782,0.009625396013035914,0.0
12,0.0,51,forward,2.9778478654340077,0.0,0.0,0.0,0.0,0.0,0.0,4.2890417277892284e-07,-2.458725892523241,-0.0014368905549922084,-0.0005844373323836957,0.00950772460464877,0.0
12,0.0,52,forward,3.0046128217953614,0.0,0.0,0.0,0.0,0.0,0.0,4.310104948645253e-07,-2.480675379444065,-0.0014657826257083175,-0.0005699214178316515,0.009396126858320253,0.0
12,0.0,53,forward,3.031491592602237,0.0,0.0,0.0,0.0,0.0,0.0,4.332008057471607e-07,-2.50260324391305,-0.0014942028912555071,-0.0005551188912760557,0.009289973232071924,0.0
12,0.0,54,forward,3.0584697552322893,0.0,0.0,0.0,0.0,0.0,0.0,4.354753039842696e-07,-2.5245058070672206,-0.0015221380690345276,-0.0005400345380217793,0.009188651503429845,0.0
12,0.0,55,forward,3.0855330397622835,0.0,0.0,0.0,0.0,0.0,0.0,4.378340666752501e-07,-2.546379455561476,-0.0015495750176775238,-0.0005246732755167298,0.009091568565750663,0.0
12,0.0,56,forward,3.112667355009487,0.0,0.0,0.0,0.0,0.0,0.0,4.4027704841126664e-07,-2.5682206504782994,-0.0015765007428816607,-0.0005090401519101162,0.00899815189403319,0.0
12,0.0,57,forward,3.139858810184947,0.0,0.0,0.0,0.0,0.0,0.0,4.42804080413618e-07,-2.590025935870467,-0.0016029024032071448,-0.000493140344552545,0.008907850727829625,0.0
12,0.0,58,forward,3.167093732750477,0.0,0.0,0.0,0.0,0.0,0.0,4.454148698635542e-07,-2.6117919468999236,-0.0016287673158371515,-0.00047697915843831915,0.008820137011656182,0.0
12,0.0,59,forward,3.1943586829943644,0.0,0.0,0.0,0.0,0.0,0.0,4.4810899942619424e-07,-2.633515417539745,-0.0016540829622973057,-0.0004605620245903206,0.008734506127224706,0.0
12,0.0,60,forward,3.2216404657744246,0.0,0.0,0.0,0.0,0.0,0.0,4.5088592697083007e-07,-2.65519318780991,-0.001678836994132134,-0.00044389449838791933,0.008650477446632054,0.0
12,0.0,61,forward,3.248926139819575,0.0,0.0,0.0,0.0,0.0,0.0,4.537449854896967e-07,-2.676822210521811,-0.001703017238536206,-0.0004269822578383191,0.008567594731309414,0.0
12,0.0,62,forward,3.2762030249311858,0.0,0.0,0.0,0.0,0.0,0.0,4.566853832168551e-07,-2.6983995575105024,-0.0017266117039373143,-0.000409831101791827,0.008485426397826457,0.0
12,0.0,63,forward,3.303458707382044,0.0,0.0,0.0,0.0,0.0,0.0,4.597062039486722e-07,-2.71992242533804,-0.0017496085855294304,-0.000392446948101536,0.008403565668549495,0.0
12,0.0,64,forward,3.3306810437728904,0.0,0.0,0.0,0.0,0.0,0.0,4.628064075669844e-07,-2.74138814045548,-0.0017719962707529737,-0.0003748358317279301,0.008321630622517673,0.0
12,0.0,65,forward,3.3578581635734035,0.0,0.0,0.0,0.0,0.0,0.0,4.6598483076572334e-07,-2.7627941638153417,-0.0017937633447199718,-0.00035700390278895026,0.00823926415968379,0.0
12,0.0,66,forward,3.3849784705455512,0.0,0.0,0.0,0.0,0.0,0.0,4.6924018798146674e-07,-2.7841380949304195,-0.0018148985955816976,-0.0003389574245560865,0.008156133889797634,0.0
12,0.0,67,forward,3.4120306432218714,0.0,0.0,0.0,0.0,0.0,0.0,4.7257107252805815e-07,-2.8054176753788647,-0.0018353910198364092,-0.0003207027713970834,0.00807193195562328,0.0
12,0.0,68,forward,3.4390036345889623,0.0,0.0,0.0,0.0,0.0,0.0,4.759759579351541e-07,-2.826630791759212,-0.0018552298275749046,-0.00030224642666588404,0.007986374798846674,0.0
12,0.0,69,forward,3.465886671106947,0.0,0.0,0.0,0.0,0.0,0.0,4.794531994901283e-07,-2.847775478102669,-0.001874404447661439,-0.00028359498054040746,0.007899202875891298,0.0
12,0.0,70,forward,3.4926692511784743,0.0,0.0,0.0,0.0,0.0,0.0,4.830010359824892e-07,-2.8688499177532405,-0.001892904532847642,-0.00026475512780885577,0.00781018032991021,0.0
12,0.0,71,forward,3.519341143165736,0.0,0.0,0.0,0.0,0.0,0.0,4.8661759164971e-07,-2.8898524447294185,-0.00191071996481728,-0.0002457336656052313,0.007719094624387357,0.0
12,0.0,72,forward,3.545892383040675,0.0,0.0,0.0,0.0,0.0,0.0,4.903008783228884e-07,-2.910781544583917,-0.0019278408591594245,-0.00022653749109473496,0.007625756143104345,0.0
12,0.0,73,forward,3.5723132717418946,0.0,0.0,0.0,0.0,0.0,0.0,4.940487977704071e-07,-2.9316358547803962,-0.0019442575702677547,-0.00020717359910979452,0.007529997760615581,0.0
12,0.0,74,forward,3.5985943723014735,0.0,0.0,0.0,0.0,0.0,0.0,4.978591442374552e-07,-2.9524141646082804,-0.0019599606961638043,-0.00018764907973749248,0.007431674386876752,0.0
12,0.0,75,forward,3.6247265067958576,0.0,0.0,0.0,0.0,0.0,0.0,5.01729607178824e-07,-2.9731154146586816,-0.001974941083241769,-0.00016797111585912207,0.007330662489220985,0.0
12,0.0,76,forward,3.6507007531670648,0.0,0.0,0.0,0.0,0.0,0.0,5.056577741823391e-07,-2.9937386958859267,-0.0019891898309330404,-0.00014814698064270253,0.007226859594500756,0.0
12,0.0,77,forward,3.6765084419534158,0.0,0.0,0.0,0.0,0.0,0.0,5.096411340794321e-07,-3.014283248280388,-0.002002698296287624,-0.0001281840349892493,0.007120183773885236,0.0
12,0.0,78,forward,3.702141152962909,0.0,0.0,0.0,0.0,0.0,0.0,5.136770802396688e-07,-3.0347484591793195,-0.0020154580984708824,-0.0001080897249336535,0.007010573112505969,0.0
12,0.0,79,forward,3.727590711916964,0.0,0.0,0.0,0.0,0.0,0.0,5.177629140453063e-07,-3.055133861242988,-0.002027461123173244,-8.787157900100145e-05,0.006897985165899012,0.0
12,0.0,80,forward,3.7528491870875302,0.0,0.0,0.0,0.0,0.0,0.0,5.218958485416586e-07,-3.0754391301237147,-0.002038699526930588,-6.75372055192608e-05,0.006782396404965474,0.0
12,0.0,81,forward,3.777908885946481,0.0,0.0,0.0,0.0,0.0,0.0,5.260730122589353e-07,-3.0956640818556105,-0.002049165741353443,-4.709428988921086e-05,0.006663801650976575,0.0
12,0.0,82,forward,3.802762351842564,0.0,0.0,0.0,0.0,0.0,0.0,5.302914532008146e-07,-3.115808669992682,-0.0020588524772630003,-2.65505918124985e-05,0.006542213501979366,0.0
12,0.0,83,forward,3.827402360718085,0.0,0.0,0.0,0.0,0.0,0.0,5.34548142994491e-07,-3.1358729825224554,-0.0020677527287315052,-5.913942478869006e-06,0.006417661751803139,0.0
12,0.0,84,forward,3.851821917874758,0.0,0.0,0.0,0.0,0.0,0.0,5.3883998119705e-07,3.127328068597614,-0.0020758597770254923,1.4807758286567581e-05,0.006290192802732353,0.0
12,0.0,85,forward,3.8760142547958027,0.0,0.0,0.0,0.0,0.0,0.0,5.431637997524323e-07,3.1074235221774402,-0.0020831671944497175,3.560654491504938e-05,0.006159869072794089,0.0
12,0.0,86,forward,3.899972826029308,0.0,0.0,0.0,0.0,0.0,0.0,5.475163675929034e-07,3.08759821447413,-0.0020896688480896088,5.647438902368387e-05,0.006026768398496918,0.0
12,0.0,87,forward,3.9236913061361594,0.0,0.0,0.0,0.0,0.0,0.0,5.518943953790753e-07,3.067851554198168,-0.002095358903450848,7.740320238207832e-05,0.0058909834337717015,0.0
12,0.0,88,forward,3.9471635867042774,0.0,0.0,0.0,0.0,0.0,0.0,5.562945403716791e-07,3.0481828335170937,-0.0021002318279936543,9.838483991466038e-05,0.0057526210457764515,0.0
12,0.0,89,forward,3.9703837734296608,0.0,0.0,0.0,0.0,0.0,0.0,5.607134114285571e-07,3.0285912319570754,-0.00210428239456037,0.00011941110273792217,0.0056118017081600025,0.0
12,0.0,90,forward,3.9933461832636077,0.0,0.0,0.0,0.0,0.0,0.0,5.65147574119673e-07,3.009075820361519,-0.0021075056846942,0.00014047374123138913,0.005468658892313627,0.0
12,0.0,91,forward,4.016045341624587,0.0,0.0,0.0,0.0,0.0,0.0,5.695935559530495e-07,2.989635564887538,-0.002109897091847696,0.00016156445814119634,0.005323338457089433,0.0
12,0.0,92,forward,4.038475979672454,0.0,0.0,0.0,0.0,0.0,0.0,5.740478517039261e-07,2.970269331022357,-0.0021114523244788537,0.00018267491171520755,0.005175998037415752,0.0
12,0.0,93,forward,4.0606330316420465,0.0,0.0,0.0,0.0,0.0,0.0,5.785069288396472e-07,2.950975887603178,-0.0021121674090335833,0.00020379671886857495,0.005026806432204101,0.0
12,0.0,94,forward,4.08251163223271,0.0,0.0,0.0,0.0,0.0,0.0,5.829672330320584e-07,2.931753910825494,-0.0021120386928124156,0.00022492145837846314,0.004875942991906412,0.0
12,0.0,95,forward,4.1041071140498415,0.0,0.0,0.0,0.0,0.0,0.0,5.874251937495111e-07,2.9126019882260454,-0.0021110628467202676,0.00024604067410692257,0.004723597006062286,0.0
12,0.0,96,forward,4.125415005094233,0.0,0.0,0.0,0.0,0.0,0.0,5.918772299199945e-07,2.8935186226280485,-0.0021092368678974215,0.0002671458782507186,0.004569967091148319,0.0
12,0.0,97,forward,4.146431026294723,0.0,0.0,0.0,0.0,0.0,0.0,5.963197556568788e-07,2.8745022360378756,-0.0021065580822302974,0.0002882285546167291,0.0044152605790325206,0.0
12,0.0,98,forward,4.16715108907948,0.0,0.0,0.0,0.0,0.0,0.0,6.007491860385899e-07,2.85555117348322,-0.0021030241467404555,0.0003092801619219571,0.004259692906324775,0.0
12,0.0,99,forward,4.1875712929811275,0.0,0.0,0.0,0.0,0.0,0.0,6.051619429334407e-07,2.836663706784391,-0.0020986330518505407,0.0003302921371168451,0.004103487004904982,0.0
12,0.0,100,forward,4.207687923270792,0.0,0.0,0.0,0.0,0.0,0.0,6.095544608604544e-07,2.8178380382516064,-0.002093383123525552,0.0003512558987304911,0.003946872693915138,0.0
12,0.0,101,forward,4.227497448616187,0.0,0.0,0.0,0.0,0.0,0.0,6.13923192877253e-07,2.799072304301929,-0.002087273025288269,0.00037216285023683465,0.0037900860734924047,0.0
12,0.0,102,forward,4.246996518758787,0.0,0.0,0.0,0.0,0.0,0.0,6.182646164855798e-07,2.7803645789911595,-0.0020803017601073695,0.00039300438344018826,0.0036333689205329534,0.0
12,0.0,103,forward,4.2661819622052,0.0,0.0,0.0,0.0,0.0,0.0,6.225752395452788e-07,2.7617128774564765,-0.002072468672157102,0.00041377188187914643,0.0034769680867763886,0.0
12,0.0,104,forward,4.285050783927931,0.0,0.0,0.0,0.0,0.0,0.0,6.268516061871884e-07,2.7431151592670555,-0.002063773448447222,0.00043445672424736326,0.0033211348995102474,0.0
12,0.0,105,forward,4.303600163070769,0.0,0.0,0.0,0.0,0.0,0.0,6.310903027154949e-07,2.7245693316805037,-0.002054216120322011,0.0004550502878300396,0.0031661245652043757,0.0
12,0.0,106,forward,4.321827450654187,0.0,0.0,0.0,0.0,0.0,0.0,6.352879634899399e-07,2.706073252804087,-0.002043797064827314,0.00047554395195464205,0.0030121955763933173,0.0
12,0.0,107,forward,4.339730167276206,0.0,0.0,0.0,0.0,0.0,0.0,6.394412767783337e-07,2.687624734660165,-0.0020325170059444235,0.0004959291014547813,0.0028596091221405606,0.0
12,0.0,108,forward,4.3573060008043845,0.0,0.0,0.0,0.0,0.0,0.0,6.435469905696588e-07,2.6692215461564888,-0.0020203770156898876,0.0005161971301456092,0.002708628502427479,0.0
12,0.0,109,forward,4.374552804054672,0.0,0.0,0.0,0.0,0.0,0.0,6.476019183381859e-07,2.6508614159622175,-0.0020073785150802018,0.0005363394443096415,0.0025595185468250126,0.0
12,0.0,110,forward,4.391468592453093,0.0,0.0,0.0,0.0,0.0,0.0,6.516029447488663e-07,2.6325420352914817,-0.0019935232749604234,0.0005563474661914974,0.002412545037819236,0.0
12,0.0,111,forward,4.408051541676337,0.0,0.0,0.0,0.0,0.0,0.0,6.555470312944913e-07,2.6142610605967556,-0.00197881341669599,0.0005762126375002849,0.002267974139175122,0.0
12,0.0,112,forward,4.424299985267552,0.0,0.0,0.0,0.0,0.0,0.0,6.594312218548149e-07,2.5960161161748796,-0.0019632514127266407,0.0005959264229181452,0.002126071829735482,0.0
12,0.0,113,forward,4.440212412223807,0.0,0.0,0.0,0.0,0.0,0.0,6.632526481683305e-07,2.5778047966889983,-0.0019468400869819722,0.0006154803136137408,0.001987103343067037,0.0
12,0.0,114,forward,4.455787464551863,0.0,0.0,0.0,0.0,0.0,0.0,6.670085352069908e-07,2.559624669610246,-0.0019295826151576846,0.0006348658307591093,0.0018513326133746955,0.0
12,0.0,115,forward,4.471023934789118,0.0,0.0,0.0,0.0,0.0,0.0,6.706962064446122e-07,2.5414732775832336,-0.0019114825248519633,0.0006540745290486498,0.0017190217281200515,0.0
12,0.0,116,forward,4.485920763486747,0.0,0.0,0.0,0.0,0.0,0.0,6.74313089009559e-07,2.5233481407198983,-0.0018925436955613275,0.0006730980002187388,0.0015904303877895265,0.0
12,0.0,117,forward,4.500477036652307,0.0,0.0,0.0,0.0,0.0,0.0,6.778567187125421e-07,2.5052467588264986,-0.0018727703585354092,0.000691927876566613,0.0014658153732672041,0.0
12,0.0,118,forward,4.514691983149225,0.0,0.0,0.0,0.0,0.0,0.0,6.813247449404293e-07,2.487166613568888,-0.0018521670964901512,0.0007105558344670666,0.001345430021277516,0.0
12,0.0,119,forward,4.52856497205084,0.0,0.0,0.0,0.0,0.0,0.0,6.847149354071497e-07,2.4691051705813667,-0.0018307388431789663,0.0007289735978855892,0.0012295237083712052,0.0
12,0.0,120,forward,4.54209550994685,0.0,0.0,0.0,0.0,0.0,0.0,6.880251807529474e-07,2.4510598815246802,-0.0018084908828214805,0.0007471729418865384,0.0011183413439337375,0.0
12,0.0,121,forward,4.555283238200222,0.0,0.0,0.0,0.0,0.0,0.0,6.912534989832394e-07,2.4330281860989853,-0.0017854288493894604,0.0007651456961347802,0.0010121228727024006,0.0
12,0.0,122,forward,4.568127930152856,0.0,0.0,0.0,0.0,0.0,0.0,6.943980397388744e-07,2.4150075140175833,-0.0017615587257497555,0.0007828837483895777,0.0009111027872827221,0.0
12,0.0,123,forward,4.5806294882784675,0.0,0.0,0.0,0.0,0.0,0.0,6.974570883894021e-07,2.396995286947508,-0.0017368868426638417,0.0008003790479891721,0.0008155096511578142,0.0
12,0.0,124,forward,4.592787941281405,0.0,0.0,0.0,0.0,0.0,0.0,7.004290699414403e-07,2.3789889204232084,-0.0017114198776440397,0.0008176236093245839,0.0007255656326872473,0.0
12,0.0,125,forward,4.604603441140306,0.0,0.0,0.0,0.0,0.0,0.0,7.033125527543175e-07,2.360985825739441,-0.0016851648536660212,0.0008346095153012844,0.000641486050592735,0.0
12,0.0,126,forward,4.6160762600956975,0.0,0.0,0.0,0.0,0.0,0.0,7.061062520555992e-07,2.3429834118297457,-0.0016581291377377706,0.0008513289207873199,0.0005634789314276911,0.0
12,0.0,127,forward,4.627206787580915,0.0,0.0,0.0,0.0,0.0,0.0,7.088090332490877e-07,2.3249790871368874,-0.0016303204393248746,0.0008677740560463326,0.0004917445795263667,0.0
12,0.0,128,forward,4.637995527095846,0.0,0.0,0.0,0.0,0.0,0.0,7.1141991500843e-07,2.3069702614815815,-0.0016017468086321999,0.0008839372301541749,0.0004264751599258043,0.0
12,0.0,129,forward,4.648443093023297,0.0,0.0,0.0,0.0,0.0,0.0,7.139380721495555e-07,2.288954347935995,-0.0015724166347421689,0.0008998108343975312,0.00036785429474982256,0.0
12,0.0,130,forward,4.658550207387947,0.0,0.0,0.0,0.0,0.0,0.0,7.163628382756865e-07,2.270928764708241,-0.0015423386436096648,0.0009153873456533326,0.0003160566735389593,0.0
12,0.0,131,forward,4.668317696558093,0.0,0.0,0.0,0.0,0.0,0.0,7.186937081886703e-07,2.25289093704437,-0.001511521895913905,0.0009306593297472785,0.0002712476780047622,0.0
12,0.0,132,forward,4.677746487890588,0.0,0.0,0.0,0.0,0.0,0.0,7.209303400610609e-07,2.234838299154032,-0.0014799757847675482,0.0009456194447902446,0.00023358302167861625,0.0
12,0.0,133,forward,4.686837606319603,0.0,0.0,0.0,0.0,0.0,0.0,7.230725573633827e-07,2.2167682961660597,-0.001447710033283316,0.0009602604444910076,0.00020320840491727492,0.0
12,0.0,134,forward,4.695592170890052,0.0,0.0,0.0,0.0,0.0,0.0,7.251203505416513e-07,2.198678386120067,-0.0014147346919986387,0.0009745751814439625,0.00018025918571748165,0.0
12,0.0,135,forward,4.704011391236736,0.0,0.0,0.0,0.0,0.0,0.0,7.270738784403691e-07,2.180566042000043,-0.0013810601361586904,0.0009885566103903685,0.00016486006678119837,0.0
12,0.0,136,forward,4.712096564010476,0.0,0.0,0.0,0.0,0.0,0.0,7.289334694666366e-07,2.1624287538158242,-0.0013466970628584118,0.0010021977914516473,0.00015712479926125052,0.0
12,0.0,137,forward,4.719849069252715,0.0,0.0,0.0,0.0,0.0,0.0,7.306996224915997e-07,2.1442640307380074,-0.0013116564880440464,0.0010154918933335223,0.00015715590360422136,0.0
12,0.0,138,forward,4.72727036672028,0.0,0.0,0.0,0.0,0.0,0.0,7.323730074854678e-07,2.1260694032918774,-0.0012759497433748625,0.0010284321964993649,0.00016504440789354494,0.0
12,0.0,139,forward,4.734361992162231,0.0,0.0,0.0,0.0,0.0,0.0,7.33954465883039e-07,2.1078424256155284,-0.001239588472945743,0.0010410120963114634,0.00018086960408080898,0.0
12,0.0,140,forward,4.7411255535508845,0.0,0.0,0.0,0.0,0.0,0.0,7.354450106770917e-07,2.089580677787108,-0.001202584629871411,0.0010532251061389222,0.00020469882247736368,0.0
12,0.0,141,forward,4.747562727269362,0.0,0.0,0.0,0.0,0.0,0.0,7.368458262370291e-07,2.0712817682259583,-0.0011649504727330791,0.001065064860430551,0.00023658722486140892,0.0
12,0.0,142,forward,4.7536752542581855,0.0,0.0,0.0,0.0,0.0,0.0,7.381582678511502e-07,2.0529433361718947,-0.0011266985618884533,0.0010765251177516334,0.00027657761653802904,0.0
12,0.0,143,forward,4.759464936123662,0.0,0.0,0.0,0.0,0.0,0.0,7.393838609909639e-07,2.0345630542465902,-0.001087841755645935,0.0010875997637831392,0.0003247002776707586,0.0
12,0.0,144,forward,4.764933631210992,0.0,0.0,0.0,0.0,0.0,0.0,7.405243002963673e-07,2.0161386311007017,-0.0010483932063041041,0.0010982828142818773,0.000380972814183797,0.0
12,0.0,145,forward,4.77008325064526,0.0,0.0,0.0,0.0,0.0,0.0,7.415814482813123e-07,1.9976678141497106,-0.0010083663560574755,0.0011085684180004859,0.00044540002851337773,0.0
12,0.0,146,forward,4.774915754343618,0.0,0.0,0.0,0.0,0.0,0.0,7.425573337596269e-07,1.9791483924011235,-0.0009677749327696284,0.001118450859565766,0.0005179738104655052,0.0
12,0.0,147,forward,4.779433147002218,0.0,0.0,0.0,0.0,0.0,0.0,7.434541499912879e-07,1.9605781993750613,-0.0009266329456149078,0.0011279245623140451,0.0005986730484152311,0.0
12,0.0,148,forward,4.783637474061614,0.0,0.0,0.0,0.0,0.0,0.0,7.442742525499621e-07,1.9419551161196267,-0.0008849546805899078,0.0011369840910823404,0.0006874635610595037,0.0
12,0.0,149,forward,4.787530817654519,0.0,0.0,0.0,0.0,0.0,0.0,7.450201569129874e-07,1.9232770743217973,-0.0008427546958959844,0.001145624154954013,0.00078429804991198,0.0
12,0.0,150,forward,4.791115292540045,0.0,0.0,0.0,0.0,0.0,0.0,7.456945357753057e-07,1.9045420595139366,-0.000800047817194163,0.0011538396099575086,0.000889116072703991,0.0
12,0.0,151,forward,4.79439304202866,0.0,0.0,0.0,0.0,0.0,0.0,7.463002160896722e-07,1.8857481143751207,-0.0007568491327338366,0.0011616254617171121,0.0010018440378301713,0.0
12,0.0,152,forward,4.797366233902321,0.0,0.0,0.0,0.0,0.0,0.0,7.468401758354608e-07,1.8668933421257672,-0.0007131739883566788,0.0011689768680542558,0.001122395219952138,0.0
12,0.0,153,forward,4.800037056334382,0.0,0.0,0.0,0.0,0.0,0.0,7.473175405193359e-07,1.8479759100130397,-0.0006690379823772811,0.001175889141538364,0.0012506697968461544,0.0
12,0.0,154,forward,4.802407713814051,0.0,0.0,0.0,0.0,0.0,0.0,7.477355794109545e-07,1.82899405288367,-0.0006244569603420514,0.0011823577519857467,0.0013865549075549322,0.0
12,0.0,155,forward,4.804480423080306,0.0,0.0,0.0,0.0,0.0,0.0,7.480977015179136e-07,1.8099460768397393,-0.0005794470096680827,0.0011883783289055735,0.0015299247318744935,0.0
12,0.0,156,forward,4.806257409070341,0.0,0.0,0.0,0.0,0.0,0.0,7.484074513041493e-07,1.7908303629718856,-0.0005340244541634961,0.0011939466638916133,0.001680640591180227,0.0
12,0.0,157,forward,4.80774090088776,0.0,0.0,0.0,0.0,0.0,0.0,7.48668504156592e-07,1.7716453711633713,-0.00048820584843115375,0.0011990587129585286,0.0018385510705664632,0.0
12,0.0,158,forward,4.8089331277958465,0.0,0.0,0.0,0.0,0.0,0.0,7.488846616055118e-07,1.7523896439571078,-0.0004420079721573732,0.0012037105988217287,0.0020034921622452406,0.0
12,0.0,159,forward,4.80983631524137,0.0,0.0,0.0,0.0,0.0,0.0,7.490598463040033e-07,1.733061810476667,-0.0003954478242875655,0.001207898613119419,0.002175287430119799,0.0
12,0.0,160,forward,4.8104526809145245,0.0,0.0,0.0,0.0,0.0,0.0,7.49198096773001e-07,1.7136605903909072,-0.0003485426170906706,0.0012116192185759394,0.0023537481954202244,0.0
12,0.0,161,forward,4.810784430850668,0.0,0.0,0.0,0.0,0.0,0.0,7.493035619181161e-07,1.6941847979105613,-0.0003013097701142186,0.001214869051105079,0.00253867374325345,0.0
12,0.0,162,forward,4.8108337555796545,0.0,0.0,0.0,0.0,0.0,0.0,7.493804953256062e-07,1.6746333458038323,-0.00025376690403219193,0.0012176449218525393,0.002729851549896134,0.0
12,0.0,163,forward,4.810602826328629,0.0,0.0,0.0,0.0,0.0,0.0,7.494332493445091e-07,1.6550052494165837,-0.00020593183438751691,0.001219943819176204,0.0029270575306218904,0.0
12,0.0,164,forward,4.810093791284224,0.0,0.0,0.0,0.0,0.0,0.0,7.494662689629995e-07,1.635299630681435,-0.0001578225652314816,0.0012217629105633796,0.003130056307826423,0.0
12,0.0,165,forward,4.809308771920186,0.0,0.0,0.0,0.0,0.0,0.0,7.494840854870247e-07,1.6155157220985354,-0.00010945728266196013,0.001223099544483894,0.003338601499181637,0.0
12,0.0,166,forward,4.808249859396484,0.0,0.0,0.0,0.0,0.0,0.0,7.494913100298578e-07,1.5956528706696136,-6.08543482628933e-05,0.001223951252178092,0.0035524360255203558,0.0
12,0.0,167,forward,4.806919111036034,0.0,0.0,0.0,0.0,0.0,0.0,7.494926268213839e-07,1.5757105417654194,-1.2032292447165806e-05,0.0012243157493786602,0.0037712924381170243,0.0
12,0.0,168,forward,4.805318546885174,0.0,0.0,0.0,0.0,0.0,0.0,7.494927863466462e-07,1.555688322905302,3.69901922950694e-05,0.0012241909379655076,0.003994893265006461,0.0
12,0.0,169,forward,4.803450146364059,0.0,0.0,0.0,0.0,0.0,0.0,7.494965983230749e-07,1.535585927426744,8.619425823978845e-05,0.0012235749075525766,0.004222951375942197,0.0
12,0.0,170,forward,4.801315845013167,0.0,0.0,0.0,0.0,0.0,0.0,7.495089245265079e-07,1.5154031980210614,0.00013556090936239082,0.0012224659370057812,0.004455170365571526,0.0
12,0.0,171,forward,4.798917531342076,0.0,0.0,0.0,0.0,0.0,0.0,7.495346714762667e-07,1.4951401101108035,0.0001850710083581009,0.001220862495891144,0.004691244954372231,0.0
12,0.0,172,forward,4.7962570437867,0.0,0.0,0.0,0.0,0.0,0.0,7.495787829900105e-07,1.4747967750432347,0.00023470528374714558,0.0012187632458523572,0.004930861406859943,0.0
12,0.0,173,forward,4.793336167781086,0.0,0.0,0.0,0.0,0.0,0.0,7.496462326191078e-07,1.4543734430735396,0.00028444433706215083,0.0012161670419167903,0.005173697966553759,0.0
12,0.0,174,forward,4.790156632949902,0.0,0.0,0.0,0.0,0.0,0.0,7.497420159758884e-07,1.4338705061107053,0.0003342686501153214,0.0012130729337292668,0.005419425307148451,0.0
12,0.0,175,forward,4.786720110427639,0.0,0.0,0.0,0.0,0.0,0.0,7.498711429641195e-07,1.413288500198668,0.00038415859234265664,0.0012094801667127365,0.005667706999319622,0.0
12,0.0,176,forward,4.78302821031052,0.0,0.0,0.0,0.0,0.0,0.0,7.500386299244854e-07,1.3926281077049827,0.0004340944282226409,0.0012053881831551457,0.005918199992552942,0.0
12,0.0,177,forward,4.779082479247007,0.0,0.0,0.0,0.0,0.0,0.0,7.502494917069759e-07,1.3718901591892463,0.0004840563247668004,0.0012007966232217406,0.0061705551113636625,0.0
12,0.0,178,forward,4.774884398172752,0.0,0.0,0.0,0.0,0.0,0.0,7.50508733682291e-07,1.3510756349238195,0.0005340243590792466,0.0011957053258920757,0.006424417565244922,0.0
12,0.0,179,forward,4.770435380195666,0.0,0.0,0.0,0.0,0.0,0.0,7.508213437047172e-07,1.3301856660397833,0.0005839785259825759,0.0011901143298211367,0.006679427471651178,0.0
12,0.0,180,forward,4.765736768636749,0.0,0.0,0.0,0.0,0.0,0.0,7.511922840389285e-07,1.3092215352718668,0.0006338987457073371,0.0011840238741238648,0.006935220391304342,0.0
12,0.0,181,forward,4.760789835232144,0.0,0.0,0.0,0.0,0.0,0.0,7.516264832632969e-07,1.288184677277151,0.0006837648716421994,0.001177434399082387,0.0071914278750779825,0.0
12,0.0,182,forward,4.755595778501749,0.0,0.0,0.0,0.0,0.0,0.0,7.521288281627912e-07,1.267076678503788,0.0007335566981419296,0.0011703465467755773,0.0074476780216912175,0.0
12,0.0,183,forward,4.750155722289631,0.0,0.0,0.0,0.0,0.0,0.0,7.527041556240853e-07,1.245899276587515,0.0007832539683903448,0.001162761161630114,0.0077035960454230334,0.0
12,0.0,184,forward,4.744470714481228,0.0,0.0,0.0,0.0,0.0,0.0,7.533572445462224e-07,1.2246543592559087,0.0008328363823152664,0.001154679290892755,0.007958804853032131,0.0
12,0.0,185,forward,4.738541725902275,0.0,0.0,0.0,0.0,0.0,0.0,7.540928077796946e-07,1.2033439627224773,0.0008822836045525793,0.001146102185023099,0.008212925629045076,0.0
12,0.0,186,forward,4.732369649404125,0.0,0.0,0.0,0.0,0.0,0.0,7.54915484107303e-07,1.1819702695555159,0.0009315752724562144,0.0011370312980065434,0.008465578428556553,0.0
12,0.0,187,forward,4.725955299140014,0.0,0.0,0.0,0.0,0.0,0.0,7.558298302798974e-07,1.16053560600932,0.0009806910041512756,0.0011274682875868516,0.008716382776663423,0.0
12,0.0,188,forward,4.719299410036574,0.0,0.0,0.0,0.0,0.0,0.0,7.568403131203657e-07,1.1390424388087446,0.0010296104066271977,0.0011174150154180317,0.00896495827363819,0.0
12,0.0,189,forward,4.712402637464769,0.0,0.0,0.0,0.0,0.0,0.0,7.579513017089023e-07,1.1174933713815782,0.0010783130838675494,0.0011068735471350332,0.009210925204929277,0.0
12,0.0,190,forward,4.705265557114158,0.0,0.0,0.0,0.0,0.0,0.0,7.591670596629839e-07,1.0958911395366435,0.0011267786450138986,0.0010958461523429867,0.009453905155057063,0.0
12,0.0,191,forward,4.6978886650742195,0.0,0.0,0.0,0.0,0.0,0.0,7.604917375250732e-07,1.074238606589793,0.0011749867125600765,0.0010843353045246562,0.009693521624462242,0.0
12,0.0,192,forward,4.690272378126254,0.0,0.0,0.0,0.0,0.0,0.0,7.619293652711903e-07,1.052538757943638,0.0012229169305741294,0.0010723436808657459,0.009929400648353681,0.0
12,0.0,193,forward,4.682417034249152,0.0,0.0,0.0,0.0,0.0,0.0,7.634838449533756e-07,1.0307946951313798,0.001270548972944409,0.0010598741619979072,0.010161171416578574,0.0
12,0.0,194,forward,4.674322893342104,0.0,0.0,0.0,0.0,0.0,0.0,7.651589434889114e-07,1.009009629339068,0.0013178625516468356,0.0010469298316591327,0.010388466893544335,0.0
12,0.0,195,forward,4.665990138167115,0.0,0.0,0.0,0.0,0.0,0.0,7.669582856090161e-07,0.9871868744250888,0.0013648374250298456,0.0010335139762713702,0.010610924437194802,0.0
12,0.0,196,forward,4.657418875513941,0.0,0.0,0.0,0.0,0.0,0.0,7.688853469798669e-07,0.9653298394596295,0.0014114534061144062,0.0010196300844352304,0.010828186416053098,0.0
12,0.0,197,forward,4.648609137589874,0.0,0.0,0.0,0.0,0.0,0.0,7.709434475079233e-07,0.9434420208115707,0.001457690370904666,0.001005281846341584,0.011039900823323068,0.0
12,0.0,198,forward,4.63956088363656,0.0,0.0,0.0,0.0,0.0,0.0,7.731357448423073e-07,0.9215269938134845,0.0015035282667072924,0.0009904731531000237,0.011245721887044313,0.0
12,0.0,199,forward,4.630274001775825,0.0,0.0,0.0,0.0,0.0,0.0,7.754652280858676e-07,0.8995884040399961,0.0015489471204551272,0.0009752080959840949,0.011445310675294085,0.0
12,0.0,200,forward,4.6207483110862775,0.0,0.0,0.0,0.0,0.0,0.0,7.779347117269745e-07,0.8776299582377101,0.0015939270470326369,0.000959490965593249,0.011638335695422386,0.0
