dt,two_grid_error_median
0.04,0.0006149657496866581
0.02,8.796720362363734e-05
0.01,1.1803819776729696e-05
0.005,1.530169700496075e-06
