{
  "dt": [
    0.02,
    0.01,
    0.005,
    0.0025,
    0.00125
  ],
  "expected_slope": 2.0,
  "failed": true,
  "figure": "/mnt/ironwolf/git/Void_Unity_Proofs/derivation/code/outputs/figures/metriplectic/failed_runs/20251006_100841_residual_vs_dt_jmj.png",
  "fit": {
    "R2": 0.9993816206930906,
    "slope": 2.728377223444392
  },
  "gate": {
    "R2_min": 0.999,
    "slope_min": 2.9
  },
  "scheme": "jmj",
  "trivial_exact": false,
  "two_grid_error_inf_med": [
    5.037603016673324e-07,
    6.800704222768156e-08,
    9.814154697685568e-09,
    1.5321550118040095e-09,
    2.625624474783539e-10
  ]
}