dt,two_grid_error_inf_median
0.04,9.379896782477776e-05
0.02,2.1117714257782444e-05
0.01,4.900736370255093e-06
0.005,1.1687531523037198e-06
