dt,median_energy_amplitude
0.04,0.00015490349613449944
0.02,0.00012236671011018468
0.01,0.00011160100166106995
0.005,0.0001089744202104545
