lambda,median_ceg,mean_ceg,n
0.0,0.0,0.0,12
0.1,0.012461511069583863,0.012112800263260786,12
0.2,0.02368762040013732,0.023464593864852192,12
0.3,0.03466439817485138,0.03424723208037698,12
0.5,0.05455216977339637,0.053784730526708645,12
