lambda,median_ceg,mean_ceg,n
0.0,0.0,0.0,12
0.1,0.001280856642386773,0.0012453041868904985,12
0.2,0.0025061709138599723,0.002481421648599108,12
0.3,0.003762453141171419,0.0037268146397028868,12
