mode,k,k2,omega,omega2
1,1.0,1.0,140.7838076233588,19820.0804889309
2,2.0,4.0,161.30235894927523,26018.451002600832
3,3.0,9.0,168.67340040639195,28450.716004655023
4,4.0,16.0,254.69039027105956,64867.194896424626
5,5.0,25.0,314.32742327066677,98801.7290199769
6,6.0,36.0,184.51699832237915,34046.52266990087
8,8.0,64.0,306.0476376754642,93665.15652673223
10,10.0,100.0,312.6702041539611,97762.6565656797
