{
  "dt": [
    0.02,
    0.01,
    0.005,
    0.0025,
    0.00125
  ],
  "expected_slope": 2.0,
  "failed": true,
  "figure": "/mnt/ironwolf/git/Void_Unity_Proofs/derivation/code/outputs/figures/metriplectic/failed_runs/20251006_100828_residual_vs_dt_jmj.png",
  "fit": {
    "R2": 0.9997401151470448,
    "slope": 2.749800518534313
  },
  "gate": {
    "R2_min": 0.999,
    "slope_min": 2.9
  },
  "scheme": "jmj",
  "trivial_exact": false,
  "two_grid_error_inf_med": [
    5.150074358639678e-07,
    7.252297619386727e-08,
    1.038684182760874e-08,
    1.5551869046032119e-09,
    2.5544524481779796e-10
  ]
}