dt,two_grid_error_inf_median
0.02,4.651470059827481e-07
0.01,6.32668457644682e-08
0.005,9.208104461214117e-09
0.0025,1.4555328951663948e-09
0.00125,2.522975352942103e-10
