{
  "dt": [
    0.04,
    0.02,
    0.01,
    0.005
  ],
  "figure": "/mnt/ironwolf/git/Void_Unity_Proofs/derivation/code/outputs/figures/metriplectic/failed_runs/20251006_150707_j_energy_oscillation_vs_dt__kgRD-v1c.png",
  "fit": {
    "R2": 0.9993698295041205,
    "slope": 0.9512048284692134
  },
  "median_abs_E1_minus_E0": [
    1.3204301383212824e-05,
    6.4991179645340624e-06,
    3.483108682603153e-06,
    1.8052635291920804e-06
  ],
  "passed": false,
  "scheme": "j_only_energy"
}