{
  "cap_ok": false,
  "dt": 0.00125,
  "l2_drifts": {
    "W1_minus_W0": 1.1214240647205997e-10,
    "W2_minus_W0": 2.2428447987721256e-10
  },
  "l2_norms": {
    "W0": 0.6403735344343718,
    "W1": 0.6403735343222294,
    "W2": 0.6403735342100874
  },
  "passes": false,
  "passes_strict": false,
  "rev_inf_error": 1.0399473157618466e-09,
  "tolerances": {
    "l2_cap": 1e-10,
    "rev_inf_cap": 1e-10,
    "rev_inf_strict": 1e-12
  }
}