dt,two_grid_error_inf_median
0.04,2.9860035122184284e-05
0.02,4.341158885297e-06
0.01,5.872829345080974e-07
0.005,7.644296847516413e-08
