dt,two_grid_error_inf_median
0.02,9.575282593514076e-08
0.01,1.671529491990148e-08
0.005,3.2014116470649445e-09
0.0025,6.752037466466188e-10
0.00125,1.5416147958885462e-10
