dt,two_grid_error_inf_median
0.02,1.0957291636179423e-06
0.01,1.5998243511894383e-07
0.005,2.5191893009146593e-08
0.0025,4.477440737615801e-09
