{
  "dt": [
    0.02,
    0.01,
    0.005,
    0.0025,
    0.00125
  ],
  "expected_slope": 2.0,
  "failed": true,
  "figure": "/mnt/ironwolf/git/Void_Unity_Proofs/derivation/code/outputs/figures/metriplectic/failed_runs/20251006_100725_residual_vs_dt_jmj.png",
  "fit": {
    "R2": 0.9993485898227821,
    "slope": 2.7138520145626566
  },
  "gate": {
    "R2_min": 0.999,
    "slope_min": 2.9
  },
  "scheme": "jmj",
  "trivial_exact": false,
  "two_grid_error_inf_med": [
    4.651470059827481e-07,
    6.32668457644682e-08,
    9.208104461214117e-09,
    1.4555328951663948e-09,
    2.522975352942103e-10
  ]
}