{
  "dt": [
    0.02,
    0.01,
    0.005,
    0.0025,
    0.00125
  ],
  "expected_slope": 2.0,
  "failed": true,
  "figure": "/mnt/ironwolf/git/Void_Unity_Proofs/derivation/code/outputs/figures/metriplectic/failed_runs/20251006_100724_residual_vs_dt_jmj.png",
  "fit": {
    "R2": 0.9988913896505622,
    "slope": 2.318715995424784
  },
  "gate": {
    "R2_min": 0.999,
    "slope_min": 2.9
  },
  "scheme": "jmj",
  "trivial_exact": false,
  "two_grid_error_inf_med": [
    9.575282593514076e-08,
    1.671529491990148e-08,
    3.2014116470649445e-09,
    6.752037466466188e-10,
    1.5416147958885462e-10
  ]
}