dt,strang_defect_median
0.02,5.166496195724291e-07
0.01,7.253355589764698e-08
0.005,1.1323448670906566e-08
0.0025,1.975050898002373e-09
0.00125,3.840859436055055e-10
