dt,two_grid_error_inf_median
0.02,5.150074358639678e-07
0.01,7.252297619386727e-08
0.005,1.038684182760874e-08
0.0025,1.5551869046032119e-09
0.00125,2.5544524481779796e-10
