{
  "dt": [
    0.04,
    0.02,
    0.01,
    0.005
  ],
  "failed": true,
  "figure": "/mnt/ironwolf/git/Void_Unity_Proofs/derivation/code/outputs/figures/metriplectic/failed_runs/20251006_142436_residual_vs_dt_jmj__kgRD-v1.png",
  "fit": {
    "R2": 0.9999223310568016,
    "slope": 2.1086972900620147
  },
  "scheme": "jmj",
  "two_grid_error_inf_med": [
    9.379896782477776e-05,
    2.1117714257782444e-05,
    4.900736370255093e-06,
    1.1687531523037198e-06
  ]
}