{
  "dt": [
    0.04,
    0.02,
    0.01,
    0.005
  ],
  "figure": "/mnt/ironwolf/git/Void_Unity_Proofs/derivation/code/outputs/figures/metriplectic/failed_runs/20251006_164600_j_energy_oscillation_vs_dt__kgRD-v1b.png",
  "fit": {
    "R2": 0.8510456194506155,
    "slope": 0.16550016833642417
  },
  "median_energy_amplitude": [
    0.00015490349613449944,
    0.00012236671011018468,
    0.00011160100166106995,
    0.0001089744202104545
  ],
  "passed": false,
  "scheme": "j_only_energy",
  "settings": {
    "T_burn": 0.5,
    "T_total": 5.0
  }
}