dt,median_energy_amplitude
0.04,0.00015148126222733899
0.02,0.00012277425351148868
0.01,0.00011160100166106995
0.005,0.00010856435273485371
