lambda,median_ceg,mean_ceg,n
0.0,0.00021182161531812268,0.0004953581980171434,12
0.1,0.0,0.0,12
0.2,0.0,0.0,12
0.3,0.0,0.0,12
