lambda,median_ceg,mean_ceg,n
0.0,0.0,0.0,12
0.1,0.00035350166042285506,0.0003525927623596107,12
0.2,0.0006874188879182428,0.0006996217571955261,12
0.3,0.0009742751359407097,0.0010389156296403694,12
