dt,two_grid_error_inf_median
0.02,5.046935842322776e-07
0.01,6.809388932230154e-08
0.005,9.825230391866807e-09
0.0025,1.5335535445692994e-09
0.00125,2.628226659744104e-10
