{
  "dt": [
    0.04,
    0.02,
    0.01,
    0.005
  ],
  "failed": true,
  "figure": "/mnt/ironwolf/git/Void_Unity_Proofs/derivation/code/outputs/figures/metriplectic/failed_runs/20251006_145831_residual_vs_dt_m_only__kgRD-v1b.png",
  "fit": {
    "R2": 0.9998428626622592,
    "slope": 2.871480163709023
  },
  "scheme": "m_only",
  "two_grid_error_inf_med": [
    2.9860035122184284e-05,
    4.341158885297e-06,
    5.872829345080974e-07,
    7.644296847516413e-08
  ]
}