lambda,median_ceg,mean_ceg,n
0.0,0.0,0.0,12
0.1,3.597060244693388e-05,0.00010925942082594979,12
0.2,0.0,0.0001336684987905287,12
0.3,0.0,0.00020019045778965733,12
0.5,0.000463516673422523,0.0006418733612245765,12
