D,r,u,N,slope,R2,lyapunov_violations,pass
1.0,0.2,0.25,128,2.741945831971441,0.9999098553697611,0,0
0.5,0.1,0.2,128,2.321463630397098,0.999355991085979,0,0
1.0,0.3,0.25,256,2.88867364734004,0.9999835757739056,0,0
