{
  "defect_med": [
    5.166496195724291e-07,
    7.253355589764698e-08,
    1.1323448670906566e-08,
    1.975050898002373e-09,
    3.840859436055055e-10
  ],
  "dt": [
    0.02,
    0.01,
    0.005,
    0.0025,
    0.00125
  ],
  "failed": true,
  "figure": "/mnt/ironwolf/git/Void_Unity_Proofs/derivation/code/outputs/figures/metriplectic/failed_runs/20251006_100722_strang_defect_vs_dt.png",
  "fit": {
    "R2": 0.9987213450030689,
    "slope": 2.598576949215337
  }
}