dt,median_abs_E1_minus_E0
0.04,1.3204301383212824e-05
0.02,6.4991179645340624e-06
0.01,3.483108682603153e-06
0.005,1.8052635291920804e-06
