lambda,median_ceg,mean_ceg,n
0.0,0.0,0.0,12
0.1,0.003773667934643077,0.003677434136776583,12
0.2,0.007039083844384526,0.007164180760629528,12
0.3,0.010934031449762271,0.010710354864566516,12
0.5,0.017260246728730284,0.017366320024024055,12
