seed,R2,B,rho,violations,max_pos_dL,energy_floor_z
0,0.7660296098513799,0.0,0.0,0,0.0,14.800182614656853
1,0.7660296098513799,0.0,0.0,0,0.0,14.800182614656853
2,0.7660296098513799,0.0,0.0,0,0.0,14.800182614656853
3,0.7660296098513799,0.0,0.0,0,0.0,14.800182614656853
4,0.7660296098513799,0.0,0.0,0,0.0,14.800182614656853
