tick,kT,phi_mean,phi_var,mean_degree,max_degree,n_active,n_warm,n_walkers_emitted,n_condensed_bonds,bonds_total,n_computed,active_fraction,warm_fraction,walker_fraction,condensed_fraction_directed
0,0.00018121275956881126,0.9347321800034745,0.017976290898822554,24.071624534587496,26,0,0,0,0,245675,4162,0.0,0.0,0.0,0.0
1,0.001060085712966851,0.9508091342181134,0.012014519825085236,24.071624534587496,26,7552,3158,57173,0,245675,10710,0.3699784440525181,0.15471291397217324,2.800950421320792,0.0
2,0.002063676474074483,0.9732308031232043,0.00836555552019406,24.071624534587496,26,6986,3283,14154,0,245675,10269,0.34224965706447186,0.16083676268861455,0.6934156378600823,0.0
3,0.0009812198825232686,0.9869909051870334,0.009890612123985648,24.071624534587496,26,6460,3326,11779,0,245675,9786,0.31648050166568686,0.16294336664707035,0.5770625122476974,0.0
4,0.00010988990120863236,0.9852464129778297,0.013814483797629762,24.071624534587496,26,7159,3110,16311,0,245675,10269,0.35072506368802664,0.15236135606505977,0.7990887713109935,0.0
5,0.00021107523251544423,0.9845729104321731,0.015004285417811082,24.071624534587496,26,739,1027,11949,0,245675,1842,0.03620419361160102,0.0503135410542818,0.5853909465020576,0.0
6,1.8170816666246418e-06,0.9845132946179481,0.014998253879398894,24.071624534587496,26,600,738,2110,0,245675,1338,0.029394473838918283,0.036155202821869487,0.1033705663335293,0.0
7,6.918406753671261e-06,0.9845908538280724,0.014766067593127508,24.071624534587496,26,499,998,1803,0,245675,1746,0.024446404076033705,0.04889280815206741,0.08833039388594945,0.0
8,9.23056216566563e-06,0.9846150889883651,0.01464990246737436,24.071624534587496,26,506,1143,3755,0,245675,1722,0.024789339604154418,0.05599647266313933,0.18396041544189692,0.0
9,6.638578729221561e-06,0.9847089580410642,0.014438199312033608,24.071624534587496,26,508,1155,3286,0,245675,1725,0.02488732118361748,0.056584362139917695,0.16098373505780914,0.0
10,1.5707111620728754e-06,0.9847554067322137,0.014370137611023261,24.071624534587496,26,461,1145,1865,0,245675,1767,0.022584754066235547,0.05609445424260239,0.09136782284930434,0.0
11,1.6486432379119877e-06,0.9847413070619199,0.01443467657431157,24.071624534587496,26,507,1262,1773,0,245675,1813,0.02483833039388595,0.061826376641191456,0.08686067019400352,0.0
12,3.6416542361068793e-06,0.984713487852836,0.01448194850334941,24.071624534587496,26,244,646,6019,0,245675,1517,0.011953752694493435,0.031648050166568686,0.2948755633940819,0.0
13,4.727080262395422e-06,0.9846710963611012,0.014534453795989178,24.071624534587496,26,594,1371,2965,831,245675,1985,0.0291005291005291,0.06716637272192828,0.14525769155398785,0.0016912587768393203
14,5.313704948938489e-06,0.9847200215982035,0.014348124718516082,24.071624534587496,26,609,1427,2701,980,245675,2107,0.029835390946502057,0.06990985694689399,0.1323241230648638,0.0019945049353821106
15,2.473667550379141e-06,0.9847517122774625,0.014234298323981959,24.071624534587496,26,588,1362,2869,1498,245675,2114,0.02880658436213992,0.06672545561434451,0.14055457573976093,0.0030487432583697974
16,2.00335988163536e-06,0.9847541489373876,0.01422896065516521,24.071624534587496,26,509,1367,2432,2708,245675,1977,0.02493631197334901,0.06697040956300215,0.11914560062708211,0.005511346290831383
17,4.04566663643357e-06,0.9847605446400651,0.01423059652387422,24.071624534587496,26,268,764,3793,4058,245675,1684,0.013129531648050167,0.03742896335488928,0.18582206545169508,0.008258878599776127
18,3.6016217630210422e-06,0.9847488333668296,0.014211822395516027,24.071624534587496,26,299,802,9220,4824,245675,1759,0.01464824612972761,0.03929061336468744,0.451695081324711,0.009817848783962552
19,2.6721772071237448e-06,0.9847298206079578,0.014192300601660929,24.071624534587496,26,296,798,7572,5061,245675,1743,0.01450127376053302,0.03909465020576132,0.37095825984714875,0.010300193344866185
20,3.5059069911604774e-06,0.9847181909583739,0.014163463095183241,24.071624534587496,26,281,738,2849,5327,245675,1699,0.013766411914560062,0.036155202821869487,0.13957475994513033,0.010841558970184186
21,4.1626734907922114e-06,0.9847109257408837,0.014134982986989593,24.071624534587496,26,270,777,3048,5983,245675,1758,0.013227513227513227,0.03806584362139918,0.1493239271017049,0.012176656151419558
22,4.292693215411913e-06,0.9847147258547725,0.014106390641826096,24.071624534587496,26,304,851,2638,6602,245675,1814,0.014893200078385264,0.04169116206153243,0.1292377033117774,0.013436450595298667
23,4.747817095032501e-06,0.9847129047392681,0.014096060516960326,24.071624534587496,26,322,921,2831,7907,245675,1875,0.01577503429355281,0.045120517342739565,0.13869292572996278,0.016092398493945254
24,4.809093904598843e-06,0.9847123852071347,0.014093189431669168,24.070938663531255,26,354,960,3098,9860,245668,1914,0.01734273956496179,0.047031158142269255,0.1517734665882814,0.020067733689369392
25,4.855325119558724e-06,0.9847027470856683,0.014107700453427212,24.062610229276896,26,349,981,3032,12372,245583,1928,0.017097785616304133,0.04805996472663139,0.1485400744660004,0.025189039957977548
26,4.989613945569591e-06,0.9847041023911365,0.01411015168101514,24.06143445032334,26,338,898,5310,13421,245571,1864,0.016558886929257298,0.043993729178914365,0.2601410934744268,0.027326109353303117
27,4.737859407104241e-06,0.9847057624922031,0.014109362575803945,24.05604546345287,26,359,966,4409,14544,245516,1904,0.01758769351361944,0.047325102880658436,0.21600039192631784,0.029619250883852782
28,4.547687792370261e-06,0.9847055984553651,0.014110296909063555,24.049088771310995,26,358,981,3615,15743,245445,1907,0.017538702723887908,0.04805996472663139,0.17710170487948265,0.03207032125323392
29,4.637031059829797e-06,0.9847120919175151,0.014106215374325,24.038604742308447,26,364,1014,3095,16914,245338,1910,0.01783264746227709,0.0496766607877719,0.1516264942190868,0.03447081169651664
30,4.561523695097573e-06,0.9847129081771759,0.01410396322778217,24.033019792279052,26,373,1088,4073,17780,245281,1972,0.018273564569860866,0.05330197922790515,0.19953948657652362,0.03624414447103526
31,4.833252679728736e-06,0.9847101879803142,0.014104956734197866,24.028512639623752,26,390,1065,4041,19005,245235,1966,0.019106407995296885,0.05217519106407995,0.19797178130511464,0.03874854731176219
32,4.776211175891169e-06,0.9847108103964362,0.014098103864004688,24.02498530276308,26,405,1127,3452,20114,245199,2008,0.01984126984126984,0.05521262002743484,0.1691162061532432,0.04101566482734432
33,4.488632272230308e-06,0.9847105943529827,0.014095234761897524,24.002547521066038,26,405,1144,3201,20843,244970,1996,0.01984126984126984,0.05604546345287086,0.15681951793062904,0.04254194391149937
34,4.444238012712038e-06,0.9847085514259782,0.014102830353866223,23.995394865765235,26,407,1172,3049,21555,244897,2010,0.0199392514207329,0.057417205565353714,0.14937291789143642,0.044008297365831346
35,4.418282592129847e-06,0.9847117710681111,0.014103855758054205,23.989613952576917,26,421,1244,3083,22197,244838,2089,0.020625122476974327,0.06094454242602391,0.15103860474230846,0.045329973288460126
36,4.3844483775744674e-06,0.9847085899239642,0.014105554461459122,23.98559670781893,26,442,1228,3319,22747,244797,2100,0.02165392906133647,0.06016068979031942,0.16260043111894965,0.04646094519132179
37,4.314398907760473e-06,0.9847064531716272,0.014101017365234036,23.980403684107387,26,447,1226,4056,23163,244744,2087,0.02189888300999412,0.06006270821085636,0.1987066431510876,0.047320874056156634
38,4.0257681057899525e-06,0.9847109795333198,0.014091671695376876,23.974524789339604,26,435,1276,3010,23653,244684,2105,0.021310993533215757,0.06251224769743288,0.14746227709190673,0.048333769269752004
39,4.12452342959251e-06,0.9847105337926135,0.01409980516563146,23.97050754458162,26,463,1294,2966,24205,244643,2138,0.022682735645698608,0.06339408191260043,0.14530668234371938,0.04947004410508373
40,4.611791365394595e-06,0.9847115248986439,0.014101465635230449,23.9673721340388,26,453,1251,3267,24498,244611,2088,0.022192827748383305,0.06128747795414462,0.16005291005291006,0.050075425880275214
41,4.601809639552226e-06,0.9847039714234676,0.014106163007091492,23.96443268665491,26,423,1209,3897,24761,244581,2016,0.02072310405643739,0.05922986478542034,0.19091710758377425,0.050619222261745596
42,4.215778336437949e-06,0.9847087992381522,0.014099429372628139,23.962375073486186,26,430,1216,4238,24873,244560,2015,0.0210660395845581,0.059572800313541056,0.20762296688222615,0.05085255152109912
43,4.1611132739767205e-06,0.9847162041531086,0.014088015874138922,23.96159122085048,26,420,1256,2788,24925,244552,2034,0.0205761316872428,0.061532431902802276,0.13658632177150695,0.050960531911413524
44,3.941618532651598e-06,0.9847170153315215,0.014090480948327858,23.961395257691553,26,446,1276,2919,24940,244550,2076,0.021849892220262592,0.06251224769743288,0.14300411522633744,0.050991617256184826
45,3.986436912541444e-06,0.984710356560676,0.014097277192177925,23.961395257691553,26,448,1251,3107,24965,244550,2066,0.02194787379972565,0.06128747795414462,0.15221438369586518,0.05104273154774075
46,3.7992834077759904e-06,0.9847093776268352,0.014099438324805454,23.96090534979424,26,448,1282,3065,25003,244545,2107,0.02194787379972565,0.06280619243582207,0.1501567705271409,0.05112147048600462
47,3.8031259758523684e-06,0.9847058374889006,0.01410664058743901,23.960709386635312,26,487,1292,3045,25036,244543,2128,0.02385851459925534,0.06329610033313737,0.14917695473251028,0.05118936138020716
48,3.9347590462474665e-06,0.9847086356979258,0.014096294650369599,23.960709386635312,26,484,1263,3119,25084,244543,2095,0.023711542230060747,0.061875367430922985,0.15280227317264355,0.051287503629218585
49,3.5395690926204966e-06,0.9847113556884453,0.014093820270086373,23.960709386635312,26,463,1283,3031,25180,244543,2108,0.022682735645698608,0.0628551832255536,0.14849108367626887,0.05148378812724143
50,3.4475956537417955e-06,0.9847117888351264,0.014096133776723821,23.960219478737997,26,452,1184,3440,25326,244538,2015,0.022143836958651773,0.05800509504213208,0.1685283166764648,0.05178336291292151
51,3.450334832496122e-06,0.9847040907235484,0.014108562949347257,23.959827552420144,26,434,1163,3898,25395,244534,1986,0.021262002743484224,0.05697628845776994,0.19096609837350578,0.051925294642053865
52,3.450308479999362e-06,0.9847006573739302,0.014114499831541255,23.959827552420144,26,444,1267,2827,25419,244534,2067,0.02175191064079953,0.06207133058984911,0.13849696257103664,0.05197436757260749
53,3.687340640511546e-06,0.9847089845320223,0.014104775566851135,23.959827552420144,26,437,1234,2828,25428,244534,2042,0.021408975112678818,0.060454634528708605,0.13854595336076816,0.051992769921565096
54,3.3902992792651205e-06,0.9847082469592106,0.014102154230936649,23.959435626102294,26,438,1277,2704,25437,244530,2089,0.021457965902410347,0.06256123848716441,0.13247109543405838,0.05201202306465464
55,3.423000301292585e-06,0.9847094278277052,0.014100481534517194,23.959435626102294,26,463,1257,2994,25493,244530,2094,0.022682735645698608,0.061581422692533805,0.14667842445620224,0.05212652844231792
56,4.15331117614237e-06,0.9847007501769888,0.014110107106472675,23.959435626102294,26,442,1174,3030,25577,244530,2015,0.02165392906133647,0.05751518714481677,0.14844209288653734,0.052298286508812825
57,4.196473299494321e-06,0.9846989584006107,0.014108761220398247,23.959435626102294,26,447,1265,3066,25632,244530,2070,0.02189888300999412,0.06197334901038605,0.15020576131687244,0.052410747147589254
58,4.18964059231276e-06,0.9847079178837694,0.014096775116973683,23.95904369978444,26,436,1239,2820,25697,244526,2029,0.021359984322947285,0.060699588477366256,0.13815402704291593,0.052544514693734
59,4.122336949932291e-06,0.9847191775690045,0.01408702483196753,23.958259847148735,26,445,1238,2866,25778,244518,2045,0.02180090143053106,0.06065059768763473,0.14040760337056635,0.052711865793111344
60,3.8111381453525864e-06,0.98472173978755,0.014085833673337878,23.957280031354106,26,443,1252,3078,25839,244508,2069,0.021702919851068,0.06133646874387615,0.15079365079365079,0.052838761921900304
61,3.5467302233009e-06,0.9847116159550344,0.014100034046603802,23.95610425240055,26,445,1252,3201,25895,244496,2087,0.02180090143053106,0.06133646874387615,0.15681951793062904,0.052955876578757936
62,3.6814845755185653e-06,0.9847016617859502,0.01411096178000811,23.95610425240055,26,465,1279,3389,25949,244496,2104,0.02278071722516167,0.06265922006662747,0.16602978640015678,0.053066307833256984
63,3.625648840849124e-06,0.9847071048409882,0.014101412634919685,23.95610425240055,26,455,1302,3761,26064,244496,2110,0.022290809327846366,0.06378600823045268,0.1842543601802861,0.05330148550487534
64,3.668102874615592e-06,0.9847044649204079,0.014105225863840144,23.955124436605917,26,450,1315,3591,26166,244486,2130,0.02204585537918871,0.06442288849696257,0.17592592592592593,0.05351226655104996
65,3.968482823717277e-06,0.9847138856057833,0.014095703696154706,23.954634528708603,26,461,1223,3149,26857,244481,2065,0.022584754066235547,0.059915735841661766,0.15427199686458945,0.05492655871008381
66,3.891336124985902e-06,0.9847058719952972,0.014097965439349625,23.95424260239075,26,434,1205,3415,26925,244477,2036,0.021262002743484224,0.05903390162649422,0.16730354693317656,0.05506652977580713
67,3.9992205166928264e-06,0.9847040081671284,0.014103784798458302,23.953752694493435,26,432,1225,3395,26993,244472,2014,0.021164021164021163,0.06001371742112483,0.16632373113854595,0.05520673124120554
68,4.080123569823297e-06,0.9847155191426741,0.014089873551685325,23.951499118165785,26,420,1181,3224,27032,244449,1967,0.0205761316872428,0.05785812267293749,0.15794630609445423,0.055291696836558955
69,3.545554997690394e-06,0.9847177292472241,0.014089492998205687,23.950715265530082,26,431,1219,3685,27064,244441,2012,0.021115030374289634,0.05971977268273564,0.1805310601606898,0.055358961876280983
70,3.364987606086378e-06,0.9847188331918159,0.014091082135805361,23.950029394473837,26,458,1246,3501,27124,244434,2081,0.022437781697040957,0.061042524005486966,0.1715167548500882,0.05548327974013435
71,3.5795855981209005e-06,0.9847101345145275,0.014102101539674778,23.948363707622967,26,463,1231,6056,27170,244417,2074,0.022682735645698608,0.06030766215951401,0.29668822261414857,0.0555812402574289
72,3.6985959447346945e-06,0.9847004563232185,0.014110090667114347,23.947383891828338,26,463,1279,4477,27275,244407,2099,0.022682735645698608,0.06265922006662747,0.21933176562806192,0.05579832001538417
73,3.7845533929472815e-06,0.9847047378074202,0.014101480339806141,23.947089947089946,26,433,1239,3581,27413,244404,2025,0.021213011953752695,0.060699588477366256,0.1754360180286106,0.05608132436457668
74,3.6650111490747974e-06,0.984711390590226,0.014096276900747657,23.946698020772097,26,436,1286,3822,27714,244400,2085,0.021359984322947285,0.06300215559474819,0.18724279835390947,0.056698036006546645
75,3.817315264647023e-06,0.9847139632742221,0.014093192089405234,23.946012149715852,26,433,1196,3071,27927,244393,2014,0.021213011953752695,0.05859298451891044,0.15045071526553008,0.05713543350259623
76,3.6553496218610326e-06,0.9847098425053324,0.014098207693230242,23.946012149715852,26,437,1216,3088,27967,244393,2043,0.021408975112678818,0.059572800313541056,0.1512835586909661,0.05721726890704726
77,3.7273945093042076e-06,0.9847065155357108,0.014104186632762675,23.945620223398002,26,451,1315,3827,28016,244389,2122,0.022094846168920244,0.06442288849696257,0.18748775230256712,0.05731845541329601
78,4.02514758754119e-06,0.9847079938282509,0.014099628577251689,23.94522829708015,26,455,1256,3448,28104,244385,2074,0.022290809327846366,0.061532431902802276,0.16892024299431707,0.057499437363176954
79,3.659407511176668e-06,0.9847095599753788,0.014091513719809056,23.94434646286498,26,449,1276,3356,28188,244376,2088,0.021996864589457182,0.06251224769743288,0.16441309033901627,0.05767342128523259
80,3.5914326573474095e-06,0.984714174855932,0.014088361541456925,23.94434646286498,26,440,1236,7556,28290,244376,2055,0.021555947481873408,0.06055261610817166,0.37017440721144423,0.05788211608341245
81,3.556033138663286e-06,0.9847111258795369,0.014095260001615125,23.94395453654713,26,437,1231,4827,28362,244372,2058,0.021408975112678818,0.06030766215951401,0.2364785420340976,0.05803037991259228
82,3.4734432896826377e-06,0.9847072117917601,0.014103146272145203,23.943464628649814,26,461,1278,3690,28450,244367,2095,0.022584754066235547,0.06261022927689594,0.18077601410934743,0.0582116243191593
83,3.5137673466140947e-06,0.9847107260145985,0.014099714407271122,23.94307270233196,26,453,1261,3161,28546,244363,2069,0.022192827748383305,0.06177738585145993,0.15485988634136783,0.058409006273453835
84,3.3231103967665644e-06,0.984709906552036,0.014099041177049325,23.942582794434646,26,470,1327,3628,28613,244358,2154,0.02302567117381932,0.06501077797374094,0.17773858514599256,0.05854729536172337
85,3.3245000422349166e-06,0.9847149100867169,0.014091753045355378,23.941896923378405,26,460,1280,3300,28674,244351,2103,0.022535763276504018,0.062708210856359,0.16166960611405057,0.0586737930272436
86,3.5689969129908154e-06,0.9847064068414894,0.014103586646998385,23.94150499706055,26,452,1215,3114,28762,244347,2054,0.022143836958651773,0.05952380952380952,0.15255731922398588,0.058854825309907634
87,3.695121124108016e-06,0.98470193223521,0.014106748022386744,23.94150499706055,26,459,1286,3300,28846,244347,2102,0.022486772486772486,0.06300215559474819,0.16166960611405057,0.059026712012015696
88,3.79190827076389e-06,0.9847076328507609,0.014099646694680468,23.941113070742702,26,452,1274,3317,28957,244343,2083,0.022143836958651773,0.062414266117969824,0.1625024495394866,0.05925481802220649
89,3.5890633169529726e-06,0.984708539225794,0.014096644031282812,23.939937291789143,26,448,1281,3461,29017,244331,2088,0.02194787379972565,0.06275720164609054,0.16955712326082698,0.05938051250148364
90,3.5243433695876418e-06,0.9847110121752344,0.014092677740599994,23.939937291789143,26,452,1266,3041,29157,244331,2083,0.022143836958651773,0.06202233980011758,0.14898099157358416,0.05966700909831335
91,3.72419396416707e-06,0.9847094036922952,0.014098102744783446,23.939545365471293,26,440,1207,3207,29226,244327,2041,0.021555947481873408,0.05913188320595728,0.1571134626690182,0.05980919014271857
92,3.927503669955608e-06,0.9847050287958177,0.01410635161787471,23.939545365471293,26,457,1286,2999,29313,244327,2101,0.022388790907309424,0.06300215559474819,0.1469233784048599,0.05998723022834153
93,3.972999792574506e-06,0.9847103484934173,0.014096365302113502,23.939545365471293,26,444,1272,3038,29388,244327,2070,0.02175191064079953,0.06231628453850676,0.14883401920438957,0.060140713060775106
94,3.889507242721343e-06,0.984709186162398,0.014096687039629604,23.93915343915344,26,438,1235,3459,29475,244323,2036,0.021457965902410347,0.060503625318440134,0.16945914168136392,0.06031974067116072
95,3.8270983007447e-06,0.9847117085274385,0.014091170591923318,23.93915343915344,26,439,1208,3169,29589,244323,2029,0.021506956692141876,0.05918087399568881,0.15525181265922006,0.06055303839589396
96,3.6382596698238874e-06,0.9847134264155382,0.01409244988557904,23.93915343915344,26,453,1264,3526,29685,244323,2092,0.022192827748383305,0.061924358220654514,0.17274152459337644,0.06074949963777459
97,3.6432481265219358e-06,0.9847103464026992,0.014097043809879342,23.93915343915344,26,470,1280,3446,29796,244323,2107,0.02302567117381932,0.062708210856359,0.168822261414854,0.06097665794869906
98,3.4466292850664552e-06,0.9847132336427139,0.01409085245337941,23.93915343915344,26,471,1277,3402,29875,244323,2117,0.023074661963550853,0.06256123848716441,0.16666666666666666,0.061138329178996656
99,3.302710791894813e-06,0.9847101724851248,0.014097713648400055,23.93915343915344,26,475,1280,3356,29977,244323,2125,0.023270625122476973,0.062708210856359,0.16441309033901627,0.06134706924849482
100,3.5397058975672383e-06,0.9847078134337848,0.014102243634954862,23.93915343915344,26,451,1222,3114,30037,244323,2063,0.022094846168920244,0.05986674505193024,0.15255731922398588,0.06146985752467021
101,3.4929174225030176e-06,0.9847048083546972,0.014103488063256215,23.93915343915344,26,420,1281,3292,30115,244323,2079,0.0205761316872428,0.06275720164609054,0.1612776797961983,0.06162948228369822
102,3.682818903519439e-06,0.9847011580745391,0.014111659313076917,23.93915343915344,26,436,1292,3176,30181,244323,2085,0.021359984322947285,0.06329610033313737,0.1555947481873408,0.06176454938749115
103,4.09201685854953e-06,0.9847123088230583,0.014097078677848915,23.93915343915344,26,441,1240,3239,30232,244323,2046,0.021604938271604937,0.060748579267097785,0.1586811679404272,0.06186891942224023
104,3.804200966229842e-06,0.984713135185586,0.0140896933456814,23.93885949441505,26,447,1271,4094,30313,244320,2086,0.02189888300999412,0.06226729374877523,0.20056829316088576,0.06203544531761624
105,3.8586468252536505e-06,0.9847144752182603,0.014088904797658416,23.93885949441505,26,457,1217,3918,30391,244320,2056,0.022388790907309424,0.059621791103272585,0.1919459141681364,0.06219507203667322
106,3.943098035181476e-06,0.9847072273065882,0.014093652402879107,23.93885949441505,26,449,1269,4423,30466,244320,2096,0.021996864589457182,0.062169312169312166,0.21668626298255927,0.062348559266535694
107,3.743541027561527e-06,0.9847073751577777,0.014098655579798919,23.93885949441505,26,456,1299,4122,30528,244320,2112,0.022339800117577895,0.06363903586125809,0.2019400352733686,0.062475442043222
108,3.824053922235934e-06,0.9847142882569577,0.014091214039346144,23.9384675680972,26,454,1241,3763,30576,244316,2053,0.022241818538114834,0.060797570056829314,0.18435234175974916,0.06257469834149217
109,3.3510346991305993e-06,0.9847132825491607,0.014089267434875454,23.937781697040958,26,475,1309,3428,30606,244309,2145,0.023270625122476973,0.06412894375857339,0.16794042719968647,0.0626378889029876
110,3.279102283197216e-06,0.9847123083984552,0.014094999417002397,23.937781697040958,26,490,1240,3423,30639,244309,2094,0.02400548696844993,0.060748579267097785,0.16769547325102882,0.06270542632485909
111,3.7382894093058935e-06,0.9847069815626921,0.014103228745603456,23.937781697040958,26,449,1201,3627,30699,244309,2041,0.021996864589457182,0.058837938467568095,0.17768959435626103,0.0628282216373527
112,3.533114918230581e-06,0.9847030960402813,0.014103980181366934,23.937781697040958,26,455,1295,4816,30753,244309,2111,0.022290809327846366,0.06344307270233196,0.23593964334705075,0.06293873741859694
113,3.3397248082574254e-06,0.9847053552316518,0.014099120456126619,23.937781697040958,26,455,1284,3162,30792,244309,2093,0.022290809327846366,0.06290417401528513,0.15490887713109935,0.06301855437171779
114,3.5320025331723814e-06,0.984713980956496,0.014094336879033088,23.937781697040958,26,457,1286,3550,30876,244309,2109,0.022388790907309424,0.06300215559474819,0.1739173035469332,0.06319046780920883
115,3.608109114361099e-06,0.9847097654085316,0.014095441991587571,23.937781697040958,26,446,1248,3317,30912,244309,2087,0.021849892220262592,0.06114050558495003,0.1625024495394866,0.06326414499670499
116,3.6685785879387855e-06,0.9847051041425102,0.014102721579748078,23.937781697040958,26,452,1267,3286,30936,244309,2093,0.022143836958651773,0.06207133058984911,0.16098373505780914,0.06331326312170243
117,4.13638274942342e-06,0.9847049470164251,0.014102206004639446,23.937781697040958,26,446,1278,3837,30990,244309,2080,0.021849892220262592,0.06261022927689594,0.18797766019988243,0.06342377890294668
118,4.065346922578611e-06,0.9847115406837295,0.014088285387994467,23.937781697040958,26,429,1239,5082,31054,244309,2029,0.021017048794826573,0.060699588477366256,0.24897119341563786,0.06355476056960652
119,3.7544454958228438e-06,0.9847206017045665,0.01408191990107605,23.937389770723104,26,435,1211,3894,31081,244305,2006,0.021310993533215757,0.059327846364883405,0.19077013521457967,0.06361105994555985
120,3.6455188476393675e-06,0.9847183443766178,0.01408600172125096,23.937389770723104,26,452,1234,3683,31126,244305,2075,0.022143836958651773,0.060454634528708605,0.18043307858122673,0.06370315793782362
121,3.418297289251603e-06,0.9847093435567356,0.014098237698720057,23.937389770723104,26,466,1277,3703,31126,244305,2131,0.0228297080148932,0.06256123848716441,0.18141289437585734,0.06370315793782362
122,3.5937280291378914e-06,0.9847054563528383,0.014106324501082396,23.937389770723104,26,477,1275,4298,31153,244305,2108,0.023368606701940034,0.06246325690770135,0.21056241426611796,0.06375841673318189
123,3.823197586388165e-06,0.9847086551067258,0.014099140898064386,23.937389770723104,26,435,1226,3740,31162,244305,2024,0.021310993533215757,0.06006270821085636,0.18322555359592396,0.06377683633163464
124,3.690638920188044e-06,0.9847109738530627,0.014095714893449511,23.937389770723104,26,446,1303,3670,31181,244305,2111,0.021849892220262592,0.0638349990201842,0.17979619831471683,0.06381572215059045
125,3.839990549588514e-06,0.9847141271879478,0.014089277633196987,23.937389770723104,26,441,1235,3552,31220,244305,2053,0.021604938271604937,0.060503625318440134,0.17401528512639625,0.06389554041055238
126,3.8070506039339406e-06,0.9847074099224357,0.014095133833075145,23.937389770723104,26,442,1229,3983,31238,244305,2059,0.02165392906133647,0.06020968058005095,0.19513031550068588,0.06393237960745789
127,3.798920865884395e-06,0.9847100872339453,0.014095085714802133,23.937193807564178,26,448,1252,4194,31258,244303,2056,0.02194787379972565,0.06133646874387615,0.2054673721340388,0.06397383576951572
128,3.884981222816389e-06,0.9847127963496919,0.014090691665557969,23.937193807564178,26,432,1192,4978,31258,244303,1987,0.021164021164021163,0.05839702135998432,0.2438761512835587,0.06397383576951572
129,3.448812823337812e-06,0.9847138728161573,0.014088593100908053,23.937193807564178,26,436,1242,3640,31279,244303,2039,0.021359984322947285,0.06084656084656084,0.17832647462277093,0.06401681518442262
130,3.5832139530429793e-06,0.9847160751804328,0.014092269863662169,23.937193807564178,26,448,1205,3444,31309,244303,2034,0.02194787379972565,0.05903390162649422,0.16872427983539096,0.06407821434857533
131,3.6311843023470015e-06,0.984707758696053,0.01409970384378269,23.937193807564178,26,444,1200,3931,31312,244303,2036,0.02175191064079953,0.058788947677836566,0.1925827944346463,0.06408435426499061
132,3.4363310422219597e-06,0.9847039188905476,0.014103917245762534,23.937193807564178,26,465,1266,3978,31336,244303,2087,0.02278071722516167,0.06202233980011758,0.1948853615520282,0.06413347359631277
133,3.7805097146678244e-06,0.9847094487307505,0.014099134439100356,23.937193807564178,26,462,1230,4034,31345,244303,2048,0.02263374485596708,0.06025867136978248,0.19762884577699394,0.06415189334555858
134,3.7017306840913173e-06,0.9847133493581998,0.014091217383693658,23.937193807564178,26,435,1226,3746,31364,244303,2025,0.021310993533215757,0.06006270821085636,0.18351949833431314,0.0641907794828553
135,3.6087066615660926e-06,0.9847134914772716,0.01409212996357753,23.937193807564178,26,432,1224,3402,31376,244303,2028,0.021164021164021163,0.059964726631393295,0.16666666666666666,0.06421533914851639
136,4.091350496676402e-06,0.9847104290498634,0.0140964832969699,23.937193807564178,26,424,1192,3948,31400,244303,2006,0.02077209484616892,0.05839702135998432,0.1934156378600823,0.06426445847983855
137,4.182218381777993e-06,0.9847125765766802,0.014092950942345958,23.937193807564178,26,438,1227,3991,31409,244303,2026,0.021457965902410347,0.06011169900058789,0.1955222418185381,0.06428287822908438
138,3.972957886587443e-06,0.9847162144012883,0.014084455048083304,23.937193807564178,26,434,1161,5305,31409,244303,1960,0.021262002743484224,0.056878306878306875,0.2598961395257692,0.06428287822908438
139,3.5488474516268646e-06,0.9847177709730857,0.014082983992951326,23.937193807564178,26,438,1221,4691,31410,244303,2020,0.021457965902410347,0.05981775426219871,0.22981579463060944,0.06428492486788946
140,3.50469500993509e-06,0.9847132542402117,0.014093701612755855,23.937193807564178,26,452,1247,3428,31438,244303,2064,0.022143836958651773,0.0610915147952185,0.16794042719968647,0.064342230754432
141,3.565099531912728e-06,0.9847063846052939,0.014103313153655516,23.937193807564178,26,455,1246,3996,31438,244303,2079,0.022290809327846366,0.061042524005486966,0.19576719576719576,0.064342230754432
142,3.5172696394932377e-06,0.9847031466353856,0.014106298532065062,23.937193807564178,26,468,1276,5491,31439,244303,2105,0.02292768959435626,0.06251224769743288,0.26900842641583383,0.06434427739323709
143,3.5920845223135016e-06,0.984708635881744,0.014095460679424845,23.937193807564178,26,444,1233,3439,31459,244303,2040,0.02175191064079953,0.06040564373897707,0.16847932588673328,0.06438521016933889
144,3.4417452044953115e-06,0.9847146233778697,0.014089519526885341,23.937193807564178,26,441,1277,3516,31461,244303,2081,0.021604938271604937,0.06256123848716441,0.17225161669606115,0.06438930344694907
145,3.6490968564336e-06,0.9847166816334886,0.014091024147784254,23.937193807564178,26,448,1225,3490,31475,244303,2055,0.02194787379972565,0.06001371742112483,0.17097785616304134,0.06441795639022034
146,3.754265347581165e-06,0.9847077156833521,0.014098938141085217,23.937193807564178,26,437,1255,3602,31505,244303,2077,0.021408975112678818,0.06148344111307074,0.17646482461297275,0.06447935555437305
147,3.818775304796037e-06,0.9847061447767369,0.014100538236640703,23.937193807564178,26,450,1269,4639,31552,244303,2077,0.02204585537918871,0.062169312169312166,0.22726827356456986,0.06457554757821231
148,3.920977699822756e-06,0.9847109300566704,0.014089288568285863,23.937193807564178,26,426,1180,4624,31921,244303,1969,0.020870076425631982,0.05780913188320596,0.2265334117185969,0.06533075729729065
149,3.5394336899213233e-06,0.9847156254935976,0.014084953062751877,23.937193807564178,26,417,1219,5972,31935,244303,1998,0.020429159318048208,0.05971977268273564,0.29257299627669997,0.06535941024056192
150,3.555288745881606e-06,0.9847212134138059,0.0140876615044733,23.937193807564178,26,435,1230,3813,31957,244303,2042,0.021310993533215757,0.06025867136978248,0.18680188124632569,0.06540443629427391
151,3.7967496055426934e-06,0.9847098226368587,0.014099301050331144,23.937193807564178,26,440,1214,4290,31966,244303,2044,0.021555947481873408,0.05947481873407799,0.21017048794826573,0.06542285604351973
152,3.8212079232896895e-06,0.9847063250510233,0.014101223563801848,23.937193807564178,26,460,1256,4731,31967,244303,2075,0.022535763276504018,0.061532431902802276,0.23177542621987066,0.06542490268232481
153,3.77425774780265e-06,0.9847108738959903,0.01409002779796448,23.937193807564178,26,439,1229,5800,31977,244303,2027,0.021506956692141876,0.06020968058005095,0.2841465804428767,0.06544536907037572
154,3.4408869842348223e-06,0.9847134028799223,0.014086233699037038,23.937193807564178,26,439,1255,4201,31982,244303,2055,0.021506956692141876,0.06148344111307074,0.20581030766215952,0.06545560226440117
155,3.5676385555895253e-06,0.9847140085008819,0.01409196006002085,23.937193807564178,26,446,1233,3746,32007,244303,2054,0.021849892220262592,0.06040564373897707,0.18351949833431314,0.06550676823452843
156,3.7724590145025604e-06,0.9847084493263344,0.014097930382722104,23.937193807564178,26,437,1231,3643,32025,244303,2053,0.021408975112678818,0.06030766215951401,0.17847344699196552,0.06554360773302007
157,3.6453118231946463e-06,0.9847063696497297,0.014100989209794815,23.937193807564178,26,450,1244,6141,32038,244303,2052,0.02204585537918871,0.06094454242602391,0.30085243974132864,0.06557021403748624
158,3.5525597423050805e-06,0.9847123319801365,0.014090636368513708,23.937193807564178,26,437,1217,4906,32068,244303,2013,0.021408975112678818,0.059621791103272585,0.2403488144228885,0.06563161320163895
159,3.1762865991397284e-06,0.9847170561693674,0.014086310743633024,23.937193807564178,26,450,1299,3811,32198,244303,2110,0.02204585537918871,0.06363903586125809,0.18670389966686263,0.0658976762463007
160,3.2926639012944495e-06,0.9847147390378465,0.014094263768098868,23.937193807564178,26,474,1231,3760,32241,244303,2079,0.023221634332745444,0.06030766215951401,0.18420536939055457,0.06598568171491959
161,3.5620515725333303e-06,0.9847122682044254,0.01409717823020643,23.937193807564178,26,464,1204,4019,32330,244303,2061,0.02273172643543014,0.05898491083676269,0.19689398393102098,0.06616783256857263
162,3.390971014520152e-06,0.9847020637366796,0.014106154115593263,23.937193807564178,26,455,1231,4027,32383,244303,2053,0.022290809327846366,0.06030766215951401,0.1972859102488732,0.06627630442524242
163,3.535986124770957e-06,0.9847035159076833,0.014105223086209935,23.937193807564178,26,456,1244,2965,32420,244303,2055,0.022339800117577895,0.06094454242602391,0.14525769155398785,0.06635203006103077
164,3.5907846582375386e-06,0.9847111129267536,0.014094029278134766,23.937193807564178,26,417,1246,3590,32526,244303,2044,0.020429159318048208,0.061042524005486966,0.1758769351361944,0.06656897377437035
165,3.4820553216929484e-06,0.9847148555969953,0.0140921705886208,23.937193807564178,26,427,1202,3625,32550,244303,2021,0.02091906721536351,0.05888692925729963,0.17759161277679797,0.06661809310569253
166,3.962568310586489e-06,0.984710334165746,0.014100683050789056,23.937193807564178,26,427,1205,3230,32575,244303,2024,0.02091906721536351,0.05903390162649422,0.15824025083284343,0.06666925907581978
167,4.209706525968053e-06,0.9847123989250718,0.014098096984052122,23.937193807564178,26,434,1243,3617,32624,244303,2042,0.021262002743484224,0.06089555163629238,0.1771996864589457,0.06676954437726922
168,4.10480296270949e-06,0.9847120807527263,0.014092630942573696,23.937193807564178,26,435,1246,4288,32648,244303,2038,0.021310993533215757,0.061042524005486966,0.21007250636880268,0.06681866370859138
169,4.00280042417635e-06,0.9847183773319619,0.014082656660701211,23.937193807564178,26,443,1221,5149,32670,244303,2031,0.021702919851068,0.05981775426219871,0.2522535763276504,0.06686368976230336
170,3.7378890189776747e-06,0.9847132779880815,0.014086295976851508,23.937193807564178,26,448,1248,3605,32717,244303,2066,0.02194787379972565,0.06114050558495003,0.17661179698216736,0.06695988178614262
171,3.68641554878444e-06,0.984709370285186,0.014096422172810787,23.937193807564178,26,467,1247,3262,32765,244303,2092,0.02287869880462473,0.0610915147952185,0.1598079561042524,0.06705812044878695
172,3.647720200321443e-06,0.9847092809175121,0.014096225522960592,23.937193807564178,26,480,1278,4655,32791,244303,2116,0.023515579071134628,0.06261022927689594,0.22805212620027435,0.06711133305771931
173,3.386467422565076e-06,0.9847083182552477,0.014096376275482592,23.937193807564178,26,467,1263,3889,32830,244303,2084,0.02287869880462473,0.061875367430922985,0.190525181265922,0.06719115197111783
174,3.421281082927752e-06,0.9847118804114755,0.014097276636654523,23.937193807564178,26,470,1285,3819,32855,244303,2120,0.02302567117381932,0.06295316480501666,0.1870958259847149,0.06724231794124509
175,3.577594005045472e-06,0.9847107807810174,0.014095282797483257,23.937193807564178,26,455,1241,4168,32871,244303,2072,0.022290809327846366,0.060797570056829314,0.204193611601019,0.06727506416212654
176,3.2696377946122253e-06,0.9847043191126851,0.01409828756164054,23.937193807564178,26,434,1274,3818,32903,244303,2085,0.021262002743484224,0.062414266117969824,0.18704683519498333,0.06734055660388943
177,3.824139421182716e-06,0.9847057293204274,0.014105953788323657,23.937193807564178,26,451,1243,3694,32930,244303,2060,0.022094846168920244,0.06089555163629238,0.18097197726827358,0.06739581585162688
178,4.263952242042961e-06,0.9847099075179991,0.014098035127905913,23.937193807564178,26,437,1216,3393,32982,244303,2018,0.021408975112678818,0.059572800313541056,0.1662257495590829,0.06750224106949157
179,3.7320273371420622e-06,0.9847189651187622,0.014083585412546066,23.937193807564178,26,444,1246,3541,33024,244303,2050,0.02175191064079953,0.061042524005486966,0.1734763864393494,0.06758819989930537
180,3.6304704837607846e-06,0.9847172995762606,0.014084964383276931,23.937193807564178,26,444,1211,4162,33032,244303,2029,0.02175191064079953,0.059327846364883405,0.20389966686262984,0.0676045730097461
181,3.550451278143977e-06,0.9847094456885747,0.01409240668832609,23.937193807564178,26,459,1260,3864,33051,244303,2103,0.022486772486772486,0.06172839506172839,0.18930041152263374,0.06764345914704281
182,3.533039164281586e-06,0.9847076166187367,0.014099663390503177,23.937193807564178,26,474,1239,4189,33081,244303,2074,0.023221634332745444,0.060699588477366256,0.20522241818538114,0.06770485831119552
183,3.7021901341967068e-06,0.9847054233272191,0.014102633828870012,23.937193807564178,26,454,1224,3785,33109,244303,2041,0.022241818538114834,0.059964726631393295,0.18543013913384285,0.06776216419773805
184,3.7065711709061203e-06,0.9847104271763305,0.014095585923179924,23.937193807564178,26,437,1277,3548,33148,244303,2075,0.021408975112678818,0.06256123848716441,0.1738193219674701,0.06784198311113658
185,3.675216367682285e-06,0.9847173629586392,0.014087340062934285,23.937193807564178,26,428,1210,4094,33177,244303,2016,0.020968058005095044,0.05927885557515187,0.20056829316088576,0.0679013356364842
186,3.422406355925182e-06,0.9847145301657819,0.014088612314274905,23.937193807564178,26,426,1225,4069,33218,244303,2036,0.020870076425631982,0.06001371742112483,0.19934352341759748,0.0679852478274929
187,3.592652061751412e-06,0.9847110649057336,0.014098949895826753,23.937193807564178,26,469,1251,3332,33248,244303,2082,0.022976680384087792,0.06128747795414462,0.16323731138545952,0.06804664699164562
188,3.967981218706605e-06,0.9847097489064919,0.014095885141984415,23.937193807564178,26,438,1213,3583,33256,244303,2014,0.021457965902410347,0.05942582794434646,0.17553399960807367,0.06806302010208634
189,3.5859210974635574e-06,0.9847087671600845,0.014094389430666349,23.937193807564178,26,432,1226,3479,33262,244303,2026,0.021164021164021163,0.06006270821085636,0.17043895747599452,0.06807529993491689
190,3.5535941637251634e-06,0.9847129287266867,0.014092180865851667,23.937193807564178,26,427,1195,3552,33273,244303,1996,0.02091906721536351,0.058543993729178914,0.17401528512639625,0.06809781296177288
191,3.5518183069835066e-06,0.984711028124374,0.014094261607868306,23.937193807564178,26,429,1206,3607,33303,244303,2025,0.021017048794826573,0.059082892416225746,0.17670977856163042,0.06815921212592559
192,3.6276868860487803e-06,0.9847089575923379,0.014101125540876903,23.937193807564178,26,462,1253,3729,33325,244303,2071,0.02263374485596708,0.06138545953360768,0.18268665490887714,0.06820423817963758
193,3.812380722814488e-06,0.9847160767330398,0.014090844068791289,23.937193807564178,26,436,1221,3674,33338,244303,2021,0.021359984322947285,0.05981775426219871,0.17999216147364294,0.06823084448410376
194,3.4725511447975893e-06,0.98471430562254,0.014090435018724224,23.937193807564178,26,434,1240,4269,33343,244303,2036,0.021262002743484224,0.060748579267097785,0.2091416813639036,0.0682410776781292
195,3.4473198886364997e-06,0.9847138563503556,0.014091498334361512,23.937193807564178,26,440,1210,3268,33366,244303,2025,0.021555947481873408,0.05927885557515187,0.1601019008426416,0.06828815037064628
196,3.839822109670781e-06,0.9847119335397695,0.01409552504208823,23.937193807564178,26,431,1209,3997,33396,244303,2027,0.021115030374289634,0.05922986478542034,0.19581618655692729,0.068349549534799
197,3.827908933390913e-06,0.9847067788409399,0.014101359336023944,23.937193807564178,26,453,1273,3953,33422,244303,2084,0.022192827748383305,0.06236527532823829,0.19366059180873996,0.06840276214373135
198,3.6870848741184137e-06,0.9847100226108471,0.01409102089682202,23.937193807564178,26,449,1270,3628,33449,244303,2072,0.021996864589457182,0.0622183029590437,0.17773858514599256,0.0684580213914688
199,3.441118441345147e-06,0.9847104969855119,0.014089674507035202,23.937193807564178,26,436,1273,3672,33469,244303,2071,0.021359984322947285,0.06236527532823829,0.17989417989417988,0.0684989541675706
200,3.4410667386716406e-06,0.9847129226381278,0.014092983733408502,23.937193807564178,26,456,1250,3519,33499,244303,2076,0.022339800117577895,0.06123848716441309,0.17239858906525574,0.0685603533317233
201,3.647083020869734e-06,0.9847074668922955,0.014101392229100047,23.937193807564178,26,458,1226,4107,33566,244303,2068,0.022437781697040957,0.06006270821085636,0.20120517342739566,0.06869747813166437
202,3.883529458302336e-06,0.9847010833446652,0.014108090917865024,23.937193807564178,26,468,1281,3805,33618,244303,2106,0.02292768959435626,0.06275720164609054,0.18640995492847345,0.06880390334952907
203,3.912335578332115e-06,0.9847118528244881,0.014087024199572402,23.937193807564178,26,439,1259,3405,33680,244303,2050,0.021506956692141876,0.06167940427199686,0.16681363903586127,0.06893079495544467
204,3.5934061120100275e-06,0.9847166741386588,0.01408281785530516,23.937193807564178,26,416,1190,3664,33741,244303,1968,0.020380168528316676,0.05829903978052126,0.17950225357632765,0.06905563992255519
205,3.456802239242466e-06,0.9847167759397902,0.014088816453158863,23.937193807564178,26,441,1227,3232,33762,244303,2043,0.021604938271604937,0.06011169900058789,0.1583382324123065,0.06909861933746209
206,3.561065876248989e-06,0.9847108017885148,0.014098530718614553,23.937193807564178,26,475,1256,3330,33798,244303,2110,0.023270625122476973,0.061532431902802276,0.16313932980599646,0.06917229833444534
207,3.730299958620533e-06,0.9847023446985699,0.014107300368453512,23.937193807564178,26,479,1252,4137,33879,244303,2092,0.023466588281403095,0.06133646874387615,0.20267489711934156,0.06933807607765766
208,3.8075810940910247e-06,0.9847095889932869,0.014091869638717955,23.937193807564178,26,445,1219,4292,33900,244303,2018,0.02180090143053106,0.05971977268273564,0.2102684695277288,0.06938105549256456
209,3.476701257379916e-06,0.9847152287821181,0.014085052786122425,23.937193807564178,26,423,1233,4408,33941,244303,2017,0.02072310405643739,0.06040564373897707,0.2159514011365863,0.06946496768357327
210,3.4588302475728043e-06,0.9847172080461436,0.014089479518414496,23.937193807564178,26,424,1208,3503,33970,244303,2006,0.02077209484616892,0.05918087399568881,0.17161473642955125,0.0695243202089209
211,3.525363425046101e-06,0.9847132973905448,0.014096742623609403,23.937193807564178,26,428,1236,3761,34007,244303,2053,0.020968058005095044,0.06055261610817166,0.1842543601802861,0.06960004584470923
212,3.6307148740066625e-06,0.9847043277255997,0.014106946565524027,23.937193807564178,26,449,1274,3776,34059,244303,2079,0.021996864589457182,0.062414266117969824,0.18498922202625906,0.06970647106257394
213,3.763017945396686e-06,0.984710700024453,0.014094158517661623,23.937193807564178,26,445,1212,3622,34091,244303,2015,0.02180090143053106,0.059376837154614934,0.17744464040760338,0.06977196350433683
214,3.3160373469675656e-06,0.9847151477140992,0.014086861303507678,23.937193807564178,26,423,1242,5899,34118,244303,2026,0.02072310405643739,0.06084656084656084,0.28899666862629825,0.06982722275207427
215,3.4029315076390543e-06,0.9847141182997817,0.014094883267968058,23.937193807564178,26,459,1205,4739,34149,244303,2039,0.022486772486772486,0.05903390162649422,0.23216735253772292,0.06989066855503206
216,3.6544496681454477e-06,0.9847113453951571,0.014095821197434378,23.937193807564178,26,445,1221,3494,34170,244303,2051,0.02180090143053106,0.05981775426219871,0.17117381932196746,0.06993364796993896
217,3.5347429516536344e-06,0.9847011831861824,0.014106395971605758,23.937193807564178,26,447,1256,4106,34201,244303,2060,0.02189888300999412,0.061532431902802276,0.20115618263766413,0.06999709377289677
218,3.7291649090535624e-06,0.9847060652990481,0.014098797997020115,23.937193807564178,26,437,1249,3738,34229,244303,2039,0.021408975112678818,0.06118949637468156,0.1831275720164609,0.0700543996594393
219,3.745358802663542e-06,0.9847170092064053,0.014088609667909924,23.937193807564178,26,418,1236,5615,34245,244303,2032,0.020478150107779737,0.06055261610817166,0.2750832843425436,0.07008714588032075
220,3.686292345788485e-06,0.9847154689224933,0.01409196938375589,23.937193807564178,26,450,1201,3680,34281,244303,2030,0.02204585537918871,0.058837938467568095,0.18028610621203214,0.070160824877304
221,3.7720505193862564e-06,0.9847087469348953,0.014094427739728917,23.937193807564178,26,438,1233,5079,34303,244303,2064,0.021457965902410347,0.06040564373897707,0.24882422104644328,0.07020585093101599
222,3.657874880646451e-06,0.9847064587631656,0.014099735720431066,23.937193807564178,26,463,1288,3811,34328,244303,2112,0.022682735645698608,0.06310013717421124,0.18670389966686263,0.07025701690114325
223,3.679537852526877e-06,0.9847085547477188,0.01409484469448115,23.937193807564178,26,449,1294,3715,34358,244303,2096,0.021996864589457182,0.06339408191260043,0.1820007838526357,0.07031841606529596
224,3.6057650708533717e-06,0.984709958768431,0.014095706164661787,23.937193807564178,26,447,1295,3847,34392,244303,2104,0.02189888300999412,0.06344307270233196,0.18846756809719772,0.07038800178466904
225,3.5684767426357282e-06,0.9847104918957439,0.014095755013493253,23.937193807564178,26,465,1253,3907,34411,244303,2092,0.02278071722516167,0.06138545953360768,0.19140701548108954,0.07042688792196576
226,3.465006345959806e-06,0.984710594485468,0.014092940887544326,23.937193807564178,26,436,1225,3974,34434,244303,2047,0.021359984322947285,0.06001371742112483,0.1946893983931021,0.07047396061448284
227,3.4267487976942803e-06,0.9847120588164681,0.014097254609613636,23.937193807564178,26,458,1283,4460,34473,244303,2097,0.022437781697040957,0.0628551832255536,0.2184989222026259,0.07055377952788136
228,3.8317967264012485e-06,0.9847137737421595,0.01409423955275907,23.937193807564178,26,468,1236,4178,34510,244303,2060,0.02292768959435626,0.06055261610817166,0.20468351949833433,0.07062950516366971
229,3.6589879143166764e-06,0.9847091671162094,0.01409418825975872,23.937193807564178,26,447,1260,3512,34533,244303,2071,0.02189888300999412,0.06172839506172839,0.172055653537135,0.07067657785618678
230,3.5036039770187827e-06,0.9847073763066002,0.01409543205582185,23.937193807564178,26,445,1248,3516,34539,244303,2060,0.02180090143053106,0.06114050558495003,0.17225161669606115,0.07068885768901732
231,3.498621130545422e-06,0.9847084762033886,0.014093143412013672,23.937193807564178,26,419,1211,4525,34550,244303,2024,0.02052714089751127,0.059327846364883405,0.2216833235351754,0.07071137071587331
232,3.719545014093277e-06,0.9847078736538635,0.01410347834533748,23.937193807564178,26,438,1249,3573,34567,244303,2043,0.021457965902410347,0.06118949637468156,0.17504409171075838,0.07074616357555986
233,4.0027420138631e-06,0.984718481068383,0.014090989952770415,23.937193807564178,26,440,1238,4088,34583,244303,2035,0.021555947481873408,0.06065059768763473,0.20027434842249658,0.0707789097964413
234,3.61844423944862e-06,0.9847129229730571,0.014088672143369832,23.937193807564178,26,433,1242,3641,34602,244303,2032,0.021213011953752695,0.06084656084656084,0.17837546541250246,0.07081779593373802
235,3.398308022672514e-06,0.9847097842290443,0.014092217401662855,23.937193807564178,26,447,1251,3555,34603,244303,2061,0.02189888300999412,0.06128747795414462,0.17416225749559083,0.07081984257254312
236,3.7534345328214553e-06,0.984712608408045,0.014093911095594613,23.937193807564178,26,445,1223,3711,34603,244303,2053,0.02180090143053106,0.059915735841661766,0.1818048206937096,0.07081984257254312
237,3.703772584895191e-06,0.9847055954909596,0.014101526592557227,23.937193807564178,26,462,1279,3484,34668,244303,2097,0.02263374485596708,0.06265922006662747,0.17068391142465217,0.07095287409487398
238,3.6446799131481307e-06,0.9847114269682744,0.014093398123472038,23.937193807564178,26,442,1269,3659,34719,244303,2065,0.02165392906133647,0.062169312169312166,0.17925729962767,0.0710572526739336
239,3.4202288925256992e-06,0.9847122532210951,0.014092345267282442,23.937193807564178,26,443,1288,4327,34771,244303,2092,0.021702919851068,0.06310013717421124,0.21198314716833236,0.0711636778917983
240,3.676847363905096e-06,0.9847114254659558,0.014096453410565278,23.937193807564178,26,453,1213,4108,34790,244303,2041,0.022192827748383305,0.05942582794434646,0.2012541642171272,0.07120256402909501
241,3.6104262033588252e-06,0.9847110448281868,0.014092290908418422,23.937193807564178,26,441,1213,4388,34796,244303,2045,0.021604938271604937,0.05942582794434646,0.2149715853419557,0.07121484386192556
242,3.4607580891351817e-06,0.9847034012858794,0.014102776487180273,23.937193807564178,26,458,1246,3427,34799,244303,2063,0.022437781697040957,0.061042524005486966,0.16789143640995494,0.07122098377834082
243,3.5785857287244243e-06,0.9847108126300061,0.014094673001315736,23.937193807564178,26,456,1268,3456,34821,244303,2080,0.022339800117577895,0.06212032137958064,0.1693121693121693,0.07126600983205282
244,3.6226195427459372e-06,0.9847121448423524,0.014095037676625123,23.937193807564178,26,439,1285,3454,34830,244303,2086,0.021506956692141876,0.06295316480501666,0.16921418773270624,0.07128442958129863
245,3.741060511276808e-06,0.9847114062975608,0.014095927945715292,23.937193807564178,26,467,1245,3512,34854,244303,2076,0.02287869880462473,0.06099353321575544,0.172055653537135,0.07133354891262081
246,3.7573221289392586e-06,0.9847101150012514,0.014090894246635545,23.937193807564178,26,444,1218,3910,34871,244303,2048,0.02175191064079953,0.059670781893004114,0.19155398785028416,0.07136834177230734
247,3.535937541465124e-06,0.9847075793067313,0.014097138592252938,23.937193807564178,26,450,1263,3993,34889,244303,2069,0.02204585537918871,0.061875367430922985,0.19562022339800117,0.07140518127079896
248,3.6759012918152827e-06,0.9847147751583913,0.014088933323884702,23.937193807564178,26,426,1205,3543,34910,244303,1986,0.020870076425631982,0.05903390162649422,0.17357436801881246,0.07144816068570586
249,3.3778638431625377e-06,0.984713383839517,0.014094276567571638,23.937193807564178,26,425,1259,3293,34932,244303,2051,0.02082108563590045,0.06167940427199686,0.16132667058592984,0.07149318673941786
250,3.5796630485989522e-06,0.9847101323079361,0.014101336132323578,23.937193807564178,26,456,1229,3629,34945,244303,2049,0.022339800117577895,0.06020968058005095,0.17778757593572408,0.07151979304388403
251,3.719896262706326e-06,0.9847089984551896,0.014095760806881883,23.937193807564178,26,428,1210,3993,34960,244303,2028,0.020968058005095044,0.05927885557515187,0.19562022339800117,0.07155049262596039
252,3.554163433647145e-06,0.9847057593756086,0.014101327223763576,23.937193807564178,26,450,1256,4812,34973,244303,2062,0.02204585537918871,0.061532431902802276,0.23574368018812464,0.07157709893042656
253,3.56905781894418e-06,0.9847146746480626,0.014087067902417559,23.937193807564178,26,448,1258,5580,34987,244303,2066,0.02194787379972565,0.061630413482265334,0.27336860670194,0.07160575187369783
254,3.2251820098259824e-06,0.9847157089873597,0.014089008298315607,23.937193807564178,26,445,1305,3532,35004,244303,2111,0.02180090143053106,0.06393298059964726,0.17303546933176564,0.07164054473338437
255,3.424283990271682e-06,0.9847100607986443,0.014100037083065559,23.937193807564178,26,487,1249,3700,35037,244303,2110,0.02385851459925534,0.06118949637468156,0.18126592200666275,0.07170808381395234
256,3.6837075762994367e-06,0.9847124418227735,0.01409437788929193,23.937193807564178,26,458,1236,4847,35050,244303,2081,0.022437781697040957,0.06055261610817166,0.2374583578287282,0.07173469011841851
257,3.503293676771944e-06,0.9847005617870251,0.01410528702111496,23.937193807564178,26,450,1254,3832,35057,244303,2061,0.02204585537918871,0.06143445032333921,0.18773270625122476,0.07174901659005416
258,3.6576833789441052e-06,0.9847058661051836,0.014098010799404584,23.937193807564178,26,440,1254,3687,35074,244303,2048,0.021555947481873408,0.06143445032333921,0.18062904174015285,0.0717838094497407
259,3.7357861182237778e-06,0.9847134571930467,0.014092834466769918,23.937193807564178,26,420,1275,3436,35092,244303,2065,0.0205761316872428,0.06246325690770135,0.1683323535175387,0.07182064894823231
260,3.7534433887462735e-06,0.9847134006723753,0.014094129455136856,23.937193807564178,26,437,1198,3642,35108,244303,2009,0.021408975112678818,0.05869096609837351,0.178424456202234,0.07185339516911377
261,3.808006866706583e-06,0.9847153684648932,0.014088677740030213,23.937193807564178,26,432,1206,4209,35122,244303,2033,0.021164021164021163,0.059082892416225746,0.20620223398001175,0.07188204811238504
262,3.7230381691238087e-06,0.9847130240572362,0.014093728335098686,23.937193807564178,26,451,1264,3803,35140,244303,2073,0.022094846168920244,0.061924358220654514,0.1863119733490104,0.07191888761087666
263,3.538413747719365e-06,0.98471346272732,0.014088108841114536,23.937193807564178,26,452,1288,4762,35159,244303,2093,0.022143836958651773,0.06310013717421124,0.2332941407015481,0.07195777374817337
264,3.23411942301453e-06,0.9847122874444098,0.014088495702721252,23.937193807564178,26,451,1317,3792,35184,244303,2129,0.022094846168920244,0.06452087007642564,0.18577307466196355,0.07200893971830064
265,3.465884726712346e-06,0.984710011169364,0.014099374039549674,23.937193807564178,26,485,1231,4122,35221,244303,2091,0.02376053301979228,0.06030766215951401,0.2019400352733686,0.07208466535408899
266,3.4379379740534826e-06,0.9847095610499534,0.014095850705910495,23.937193807564178,26,465,1236,3726,35245,244303,2086,0.02278071722516167,0.06055261610817166,0.18253968253968253,0.07213378468541115
267,3.334225914307901e-06,0.9847028829935588,0.014108822303206469,23.937193807564178,26,482,1264,3376,35264,244303,2102,0.02361356065059769,0.061924358220654514,0.16539290613364688,0.07217267082270787
268,3.724231745730089e-06,0.9847077756423687,0.014100148116473827,23.937193807564178,26,472,1263,3035,35284,244303,2092,0.023123652753282382,0.061875367430922985,0.14868704683519499,0.07221360359880967
269,3.5134451475138065e-06,0.9847107976336544,0.014092049063933292,23.937193807564178,26,436,1271,3340,35302,244303,2076,0.021359984322947285,0.06226729374877523,0.16362923770331178,0.0722504430973013
270,3.7240096885031526e-06,0.9847099932323536,0.014096730116339199,23.937193807564178,26,435,1176,3432,35318,244303,1976,0.021310993533215757,0.05761316872427984,0.16813639035861258,0.07228318931818274
271,3.954172523576847e-06,0.9847125128812106,0.01409227894688481,23.937193807564178,26,416,1201,3519,35344,244303,2010,0.020380168528316676,0.058837938467568095,0.17239858906525574,0.0723364019271151
272,3.769031604058528e-06,0.9847086013859817,0.014100831621800933,23.937193807564178,26,455,1256,3313,35361,244303,2073,0.022290809327846366,0.061532431902802276,0.16230648638056044,0.07237119478680164
273,4.029697024338636e-06,0.9847149996329442,0.014089912806934795,23.937193807564178,26,448,1232,5020,35378,244303,2036,0.02194787379972565,0.06035665294924554,0.24593376445228296,0.07240598764648817
274,3.993185577820056e-06,0.9847113882715893,0.01408916574881381,23.937193807564178,26,464,1245,3842,35388,244303,2067,0.02273172643543014,0.06099353321575544,0.18822261414854008,0.07242645403453908
275,3.6986393703939486e-06,0.9847118979731542,0.014088424789279328,23.937193807564178,26,462,1242,4195,35434,244303,2064,0.02263374485596708,0.06084656084656084,0.20551636292377032,0.07252059941957323
276,3.41210620038285e-06,0.9847139522191247,0.01408824607218664,23.937193807564178,26,433,1237,4728,35492,244303,2056,0.021213011953752695,0.06060160689790319,0.23162845385067607,0.07263930447026848
277,3.3270507930705697e-06,0.9847103454515274,0.014101469675044295,23.937193807564178,26,478,1254,3440,35532,244303,2091,0.023417597491671566,0.06143445032333921,0.1685283166764648,0.0727211700224721
278,3.7686901984957635e-06,0.9847083687812173,0.014102513992230165,23.937193807564178,26,498,1266,3173,35562,244303,2115,0.024397413286302176,0.06202233980011758,0.1554477758181462,0.0727825691866248
279,3.751532154514806e-06,0.9847087287989361,0.014095838812593577,23.937193807564178,26,452,1254,3901,35588,244303,2067,0.022143836958651773,0.06143445032333921,0.19111307074270037,0.07283578179555715
280,3.5359692130263712e-06,0.9847109209495476,0.014090561974143887,23.937193807564178,26,434,1204,3321,35604,244303,2004,0.021262002743484224,0.05898491083676269,0.1626984126984127,0.0728685280164386
281,3.539634632862613e-06,0.9847126845727036,0.014088104950916851,23.937193807564178,26,408,1183,3445,35644,244303,1982,0.019988242210464434,0.057956104252400546,0.16877327062512248,0.07295039356864222
282,3.680651548815013e-06,0.9847124797834825,0.014097346209879041,23.937193807564178,26,430,1225,3241,35682,244303,2014,0.0210660395845581,0.06001371742112483,0.15877914951989025,0.07302816584323565
283,3.800201627068815e-06,0.9847165375398405,0.014094275274603526,23.937193807564178,26,436,1225,3363,35716,244303,2020,0.021359984322947285,0.06001371742112483,0.16475602586713697,0.07309775156260873
284,3.673466507115385e-06,0.9847162193374982,0.014091803734557757,23.937193807564178,26,434,1225,3996,35763,244303,2028,0.021262002743484224,0.06001371742112483,0.19576719576719576,0.07319394358644797
285,3.642503502646712e-06,0.9847129228729653,0.01409245064152295,23.937193807564178,26,434,1181,3394,35788,244303,1989,0.021262002743484224,0.05785812267293749,0.16627474034881443,0.07324510955657523
286,3.4962366013202697e-06,0.9847103850997239,0.01409087433972241,23.937193807564178,26,422,1202,3683,35831,244303,2009,0.02067411326670586,0.05888692925729963,0.18043307858122673,0.07333311502519413
287,3.3550306375462966e-06,0.9847093418872347,0.014096995189232783,23.937193807564178,26,436,1246,3553,35861,244303,2041,0.021359984322947285,0.061042524005486966,0.17406427591612778,0.07339451418934684
288,3.6447360992598437e-06,0.9847146821993842,0.014096118413261256,23.937193807564178,26,459,1232,3414,35891,244303,2047,0.022486772486772486,0.06035665294924554,0.16725455614344503,0.07345591335349955
289,3.5638593790101157e-06,0.9847127061941965,0.014092721661626909,23.937193807564178,26,437,1275,3531,35908,244303,2075,0.021408975112678818,0.06246325690770135,0.1729864785420341,0.07349070621318608
290,3.6562000134788046e-06,0.98471036686426,0.014096611315634191,23.937193807564178,26,453,1230,5031,35920,244303,2047,0.022192827748383305,0.06025867136978248,0.2464726631393298,0.07351526587884717
291,3.7606907987935095e-06,0.9847109655148854,0.014089869379580231,23.937193807564178,26,433,1199,3976,35944,244303,2021,0.021213011953752695,0.05873995688810504,0.19478737997256515,0.07356438521016934
292,3.6058618231427862e-06,0.984710809376675,0.014092649515560215,23.937193807564178,26,444,1239,4893,35962,244303,2040,0.02175191064079953,0.060699588477366256,0.2397119341563786,0.07360122470866097
293,3.718208945988276e-06,0.9847154191263585,0.014089356282336514,23.937193807564178,26,440,1208,5438,35981,244303,2004,0.021555947481873408,0.05918087399568881,0.2664119145600627,0.07364011084595769
294,3.5982098064701824e-06,0.984714631245627,0.014090485799703923,23.937193807564178,26,431,1242,3812,35997,244303,2036,0.021115030374289634,0.06084656084656084,0.18675289045659416,0.07367285706683913
295,3.4781246485189625e-06,0.9847108079967315,0.014097171253195701,23.937193807564178,26,452,1233,3498,36016,244303,2048,0.022143836958651773,0.06040564373897707,0.1713697824808936,0.07371174320413584
296,3.5192552721399407e-06,0.9847095534533605,0.014094227471453098,23.937193807564178,26,438,1223,3855,36027,244303,2046,0.021457965902410347,0.059915735841661766,0.18885949441504998,0.07373425623099185
297,3.457920488268291e-06,0.9847079766897013,0.014097993976837652,23.937193807564178,26,455,1247,3513,36041,244303,2058,0.022290809327846366,0.0610915147952185,0.17210464432686656,0.0737629091742631
298,3.521762034429912e-06,0.9847153468314923,0.01408973029213442,23.937193807564178,26,460,1261,3354,36049,244303,2074,0.022535763276504018,0.06177738585145993,0.1643151087595532,0.07377928228470383
299,3.382780807505011e-06,0.9847146383153412,0.014088873888789764,23.937193807564178,26,451,1270,3587,36072,244303,2084,0.022094846168920244,0.0622183029590437,0.17572996276699981,0.07382635497722091
300,3.5449401011785688e-06,0.9847145665313412,0.014093939355296743,23.937193807564178,26,459,1224,5545,36097,244303,2047,0.022486772486772486,0.059964726631393295,0.27165392906133645,0.07387752094734817
301,3.714716358274623e-06,0.9847078444455316,0.014096964011040884,23.937193807564178,26,436,1200,4111,36118,244303,2029,0.021359984322947285,0.058788947677836566,0.20140113658632178,0.07392050036225507
302,3.564680354820131e-06,0.9847066954975437,0.014099250114464746,23.937193807564178,26,453,1254,3368,36130,244303,2063,0.022192827748383305,0.06143445032333921,0.16500097981579462,0.07394506002791615
303,3.6631046197515758e-06,0.9847146813837901,0.014087897665562767,23.937193807564178,26,428,1224,3719,36149,244303,2010,0.020968058005095044,0.059964726631393295,0.18219674701156183,0.07398394616521287
304,3.5150698075490195e-06,0.9847166128693812,0.014087552861210493,23.937193807564178,26,423,1222,3649,36167,244303,2011,0.02072310405643739,0.05986674505193024,0.1787673917303547,0.0740207856637045
305,3.5236636637043954e-06,0.9847163509070366,0.01409140260330205,23.937193807564178,26,444,1192,3646,36191,244303,2010,0.02175191064079953,0.05839702135998432,0.1786204193611601,0.07406990499502666
306,3.4682956399816886e-06,0.98470944742398,0.014095994897942244,23.937193807564178,26,423,1208,3738,36200,244303,2022,0.02072310405643739,0.05918087399568881,0.1831275720164609,0.07408832474427249
307,3.48158602381038e-06,0.9847078905557143,0.014102653591385848,23.937193807564178,26,461,1250,3466,36225,244303,2067,0.022584754066235547,0.06123848716441309,0.16980207720948462,0.07413949071439974
308,3.878179920781739e-06,0.9847106138183361,0.014095455118905269,23.937193807564178,26,459,1230,3538,36236,244303,2053,0.022486772486772486,0.06025867136978248,0.1733294140701548,0.07416200374125574
309,3.7668122270574357e-06,0.9847133649221005,0.014087083329631362,23.937193807564178,26,436,1207,3964,36257,244303,2009,0.021359984322947285,0.05913188320595728,0.1941994904957868,0.07420498315616264
310,3.480567240940153e-06,0.9847144373728299,0.014087506323546795,23.937193807564178,26,434,1211,3572,36269,244303,2020,0.021262002743484224,0.059327846364883405,0.17499510092102685,0.07422954282182372
311,3.5193979531423293e-06,0.9847108114957334,0.014093171344690864,23.937193807564178,26,430,1210,3604,36288,244303,2034,0.0210660395845581,0.05927885557515187,0.17656280619243583,0.07426842895912043
312,3.6071208008363428e-06,0.984709554872402,0.014100745465925343,23.937193807564178,26,457,1268,3508,36325,244303,2082,0.022388790907309424,0.06212032137958064,0.1718596903782089,0.07434415459490878
313,3.731506800123893e-06,0.9847137847490322,0.014091711672564866,23.937193807564178,26,443,1238,4392,36367,244303,2039,0.021702919851068,0.06065059768763473,0.21516754850088182,0.07443011342472258
314,3.4826596268702217e-06,0.9847127205747829,0.014090256166925504,23.937193807564178,26,439,1228,4665,36390,244303,2037,0.021506956692141876,0.06016068979031942,0.22854203409758966,0.07447718611723966
315,3.4796236331078215e-06,0.9847109231567032,0.014093905820158336,23.937193807564178,26,445,1214,3390,36423,244303,2039,0.02180090143053106,0.05947481873407799,0.1660787771898883,0.07454472519780764
316,3.5509997135855336e-06,0.98470914782084,0.014095899580661205,23.937193807564178,26,434,1219,3477,36447,244303,2038,0.021262002743484224,0.05971977268273564,0.17034097589653147,0.07459384452912982
317,3.5724576129020825e-06,0.9847056758066564,0.01410190766083266,23.937193807564178,26,454,1278,3699,36469,244303,2088,0.022241818538114834,0.06261022927689594,0.18121693121693122,0.0746388705828418
318,3.829453374334202e-06,0.984712230970088,0.014094263470890031,23.937193807564178,26,456,1277,3539,36481,244303,2089,0.022339800117577895,0.06256123848716441,0.17337840485988634,0.07466343024850289
319,3.7644245310533216e-06,0.9847173545941378,0.014084833378751997,23.937193807564178,26,430,1207,3879,36496,244303,2003,0.0210660395845581,0.05913188320595728,0.1900352733686067,0.07469412983057924
320,3.525633035135539e-06,0.9847144684317651,0.014088320335918999,23.937193807564178,26,435,1192,3478,36506,244303,2001,0.021310993533215757,0.05839702135998432,0.170389966686263,0.07471459621863015
321,3.5109156136675288e-06,0.9847110983292597,0.01409156034104708,23.937193807564178,26,440,1207,3621,36524,244303,2036,0.021555947481873408,0.05913188320595728,0.17739564961787185,0.07475143571712177
322,3.4744062762595165e-06,0.9847088566073486,0.014098428929450912,23.937193807564178,26,439,1248,3908,36543,244303,2043,0.021506956692141876,0.06114050558495003,0.19145600627082107,0.07479032185441849
323,3.5469265452227497e-06,0.9847116954571338,0.014098234246466208,23.937193807564178,26,435,1216,4013,36570,244303,2015,0.021310993533215757,0.059572800313541056,0.19660003919263178,0.07484558110215593
324,3.419368597696789e-06,0.9847136675063416,0.014092329982836826,23.937193807564178,26,440,1268,3938,36603,244303,2076,0.021555947481873408,0.06212032137958064,0.192925729962767,0.07491312018272392
325,3.5594064131004653e-06,0.9847127199951653,0.014096868205991044,23.937193807564178,26,460,1224,4075,36618,244303,2059,0.022535763276504018,0.059964726631393295,0.19963746815598668,0.07494381976480027
326,3.811951717566701e-06,0.9847074133534115,0.014096264932487338,23.937193807564178,26,434,1201,4192,36639,244303,2020,0.021262002743484224,0.058837938467568095,0.20536939055457573,0.07498679917970717
327,3.514678280283431e-06,0.9847093785295202,0.014094240772080813,23.937193807564178,26,445,1272,3608,36656,244303,2074,0.02180090143053106,0.06231628453850676,0.17675876935136195,0.07502159203939371
328,3.5425170057995717e-06,0.9847111738437998,0.014093030955973581,23.937193807564178,26,442,1231,3595,36672,244303,2037,0.02165392906133647,0.06030766215951401,0.17612188908485205,0.07505433826027515
329,3.6286849376053346e-06,0.9847143563536869,0.014090466266829627,23.937193807564178,26,423,1246,3431,36708,244303,2035,0.02072310405643739,0.061042524005486966,0.16808739956888105,0.0751280172572584
330,3.845867593241156e-06,0.9847165971256046,0.014093152558720243,23.937193807564178,26,434,1179,4104,36725,244303,1989,0.021262002743484224,0.057760141093474424,0.20105820105820105,0.07516281011694494
331,3.883327744175524e-06,0.9847103470663426,0.014093451174363798,23.937193807564178,26,421,1160,4389,36747,244303,1972,0.020625122476974327,0.056829316088575346,0.21502057613168724,0.07520783617065693
332,3.554482451106047e-06,0.9847095988176721,0.014093000360755082,23.937193807564178,26,433,1231,3446,36765,244303,2030,0.021213011953752695,0.06030766215951401,0.168822261414854,0.07524467566914855
333,3.6523669086081627e-06,0.984715499112226,0.014089796213422835,23.937193807564178,26,426,1209,3696,36784,244303,1994,0.020870076425631982,0.05922986478542034,0.18106995884773663,0.07528356180644527
334,3.53498589002296e-06,0.9847148735642519,0.014090588166815734,23.937193807564178,26,446,1271,3971,36801,244303,2083,0.021849892220262592,0.06226729374877523,0.1945424260239075,0.0753183546661318
335,3.563133754257462e-06,0.9847140137553914,0.014095516365689113,23.937193807564178,26,471,1231,4173,36824,244303,2072,0.023074661963550853,0.06030766215951401,0.20443856554967665,0.07536542735864889
336,3.555914998904214e-06,0.9847072727994899,0.01409718766028518,23.937193807564178,26,444,1211,4468,36834,244303,2042,0.02175191064079953,0.059327846364883405,0.21889084852047816,0.0753858937466998
337,3.4467255825262186e-06,0.9847065276541135,0.014098003231474497,23.937193807564178,26,453,1243,3663,36850,244303,2052,0.022192827748383305,0.06089555163629238,0.17945326278659612,0.07541863996758125
338,3.6841654506283333e-06,0.9847177565396197,0.014088053508785104,23.937193807564178,26,446,1208,3674,36868,244303,2014,0.021849892220262592,0.05918087399568881,0.17999216147364294,0.07545547946607287
339,3.483898581892266e-06,0.9847156934237662,0.014087489760375858,23.937193807564178,26,428,1233,3569,36896,244303,2026,0.020968058005095044,0.06040564373897707,0.17484812855183227,0.0755127853526154
340,3.4665571279898702e-06,0.9847101213503031,0.014098789343209382,23.937193807564178,26,444,1234,3131,36944,244303,2044,0.02175191064079953,0.060454634528708605,0.1533901626494219,0.07561102401525974
341,3.8102566157278796e-06,0.9847076388579739,0.01409889802434676,23.937193807564178,26,426,1173,3790,36977,244303,1990,0.020870076425631982,0.05746619635508524,0.1856750930825005,0.07567856309582773
342,3.6551623692046024e-06,0.9847053517368217,0.014101435512098448,23.937193807564178,26,453,1256,3897,37008,244303,2065,0.022192827748383305,0.061532431902802276,0.19091710758377425,0.07574200889878552
343,3.6789926608363433e-06,0.984715542884339,0.014087748397476464,23.937193807564178,26,450,1225,3635,37043,244303,2028,0.02204585537918871,0.06001371742112483,0.17808152067411326,0.07581364125696369
344,3.5036819108114667e-06,0.9847139782167822,0.014086932298059055,23.937193807564178,26,432,1237,3510,37063,244303,2034,0.021164021164021163,0.06060160689790319,0.17195767195767195,0.0758545740330655
345,3.3692191457972157e-06,0.9847106153635437,0.014095714956361426,23.937193807564178,26,455,1229,3381,37081,244303,2052,0.022290809327846366,0.06020968058005095,0.16563786008230452,0.07589141353155712
346,3.5197345441293245e-06,0.9847099256826249,0.014097861939987185,23.937193807564178,26,447,1230,3603,37097,244303,2063,0.02189888300999412,0.06025867136978248,0.1765138154027043,0.07592415975243857
347,3.5954753354391986e-06,0.9847035332737386,0.014104894680004327,23.937193807564178,26,457,1266,3626,37148,244303,2079,0.022388790907309424,0.06202233980011758,0.1776406035665295,0.07602853833149818
348,3.6507636932524185e-06,0.9847133082027593,0.014092167831521838,23.937193807564178,26,457,1268,3452,37183,244303,2078,0.022388790907309424,0.06212032137958064,0.1691162061532432,0.07610017068967634
349,3.607548181830229e-06,0.9847156818818228,0.014087661386058778,23.937193807564178,26,434,1250,3686,37216,244303,2052,0.021262002743484224,0.06123848716441309,0.18058005095042132,0.07616770977024433
350,3.616142574247338e-06,0.9847143253981276,0.014091939240814266,23.937193807564178,26,435,1197,3241,37239,244303,2007,0.021310993533215757,0.05864197530864197,0.15877914951989025,0.07621478246276141
351,3.7700732213023004e-06,0.9847089050194445,0.014096207747151654,23.937193807564178,26,429,1190,3439,37257,244303,2013,0.021017048794826573,0.05829903978052126,0.16847932588673328,0.07625162196125304
352,3.625067670260959e-06,0.9847060988408661,0.014099336635101573,23.937193807564178,26,449,1270,4251,37294,244303,2075,0.021996864589457182,0.0622183029590437,0.20825984714873605,0.07632734759704138
353,3.687457061011586e-06,0.9847145430577113,0.01408939053905319,23.937193807564178,26,440,1259,3663,37316,244303,2053,0.021555947481873408,0.06167940427199686,0.17945326278659612,0.07637237365075336
354,3.668675461599307e-06,0.9847169675908419,0.014086261194895748,23.937193807564178,26,432,1240,4002,37355,244303,2039,0.021164021164021163,0.060748579267097785,0.19606114050558496,0.0764521925641519
355,3.5910084931291537e-06,0.9847140531734686,0.014092024906528822,23.937193807564178,26,451,1228,4505,37376,244303,2054,0.022094846168920244,0.06016068979031942,0.22070350774054479,0.0764951719790588
356,3.4508491426706043e-06,0.984709026412033,0.01409449512331262,23.937193807564178,26,445,1245,4371,37396,244303,2075,0.02180090143053106,0.06099353321575544,0.2141387419165197,0.0765361047551606
357,3.51783204938619e-06,0.9847079076280004,0.014102036427848528,23.937193807564178,26,464,1254,4396,37421,244303,2079,0.02273172643543014,0.06143445032333921,0.21536351165980797,0.07658727072528786
358,3.6981090430524763e-06,0.984712031698256,0.01409296919920719,23.937193807564178,26,454,1244,3497,37434,244303,2057,0.022241818538114834,0.06094454242602391,0.17132079169116207,0.07661387702975403
359,3.523911062170339e-06,0.9847118657629468,0.014091972446967289,23.937193807564178,26,437,1257,3416,37444,244303,2062,0.021408975112678818,0.061581422692533805,0.1673525377229081,0.07663434341780494
360,3.6728898108149652e-06,0.9847127316468773,0.014094238190731013,23.937193807564178,26,446,1205,4062,37483,244303,2027,0.021849892220262592,0.05903390162649422,0.19900058788947678,0.07671416233120347
361,3.6720030002918003e-06,0.9847095131096867,0.014092627738527612,23.937193807564178,26,427,1214,4343,37509,244303,2030,0.02091906721536351,0.05947481873407799,0.21276699980403685,0.07676737494013582
362,3.522039630759643e-06,0.9847078910612647,0.014097072057923075,23.937193807564178,26,457,1244,3640,37529,244303,2057,0.022388790907309424,0.06094454242602391,0.17832647462277093,0.07680830771623762
363,3.7390887772167885e-06,0.9847130832369826,0.014090131608457034,23.937193807564178,26,432,1203,3609,37567,244303,1995,0.021164021164021163,0.05893592004703116,0.17680776014109348,0.07688607999083105
364,3.5322806487865647e-06,0.9847159619902804,0.014088644048234056,23.937193807564178,26,425,1229,3727,37583,244303,2022,0.02082108563590045,0.06020968058005095,0.18258867332941406,0.0769188262117125
365,3.545215078302193e-06,0.9847141153247518,0.014095056885493418,23.937193807564178,26,445,1206,3264,37611,244303,2027,0.02180090143053106,0.059082892416225746,0.15990593768371547,0.07697613209825503
366,3.5288635028465033e-06,0.984709325434896,0.014094051676265838,23.937193807564178,26,444,1231,3659,37623,244303,2060,0.02175191064079953,0.06030766215951401,0.17925729962767,0.07700069176391612
367,3.3687754469276886e-06,0.9847077141472574,0.014096985216106746,23.937193807564178,26,453,1253,3817,37647,244303,2062,0.022192827748383305,0.06138545953360768,0.1869978444052518,0.07704981109523829
368,3.604062201021267e-06,0.9847171105030791,0.014089681194528721,23.937193807564178,26,450,1197,3607,37663,244303,2008,0.02204585537918871,0.05864197530864197,0.17670977856163042,0.07708255731611974
369,3.5092082616089616e-06,0.9847133717638196,0.014092418109207626,23.937193807564178,26,420,1228,3472,37674,244303,2017,0.0205761316872428,0.06016068979031942,0.1700960219478738,0.07710507034297573
370,3.5682756323734296e-06,0.984711743627952,0.014097796690801493,23.937193807564178,26,435,1207,3240,37698,244303,2009,0.021310993533215757,0.05913188320595728,0.15873015873015872,0.07715418967429791
371,3.8647832610455305e-06,0.9847093000196486,0.014095347068056579,23.937193807564178,26,409,1175,4219,37719,244303,1973,0.020037233000195963,0.05756417793454831,0.20669214187732707,0.07719716908920479
372,3.7829456288153443e-06,0.9847097608448765,0.014095120731125649,23.937193807564178,26,434,1214,4405,37730,244303,2005,0.021262002743484224,0.05947481873407799,0.21580442876739173,0.0772196821160608
373,3.824680831600235e-06,0.9847220689896201,0.014081161156238923,23.937193807564178,26,431,1182,3877,37745,244303,1969,0.021115030374289634,0.05790711346266902,0.18993729178914365,0.07725038169813715
374,3.436329932000746e-06,0.984716187188991,0.014084770019683205,23.937193807564178,26,443,1226,3607,37789,244303,2034,0.021702919851068,0.06006270821085636,0.17670977856163042,0.07734043380556113
375,3.4710249812322443e-06,0.9847117328215282,0.014097067589938346,23.937193807564178,26,480,1227,3405,37822,244303,2068,0.023515579071134628,0.06011169900058789,0.16681363903586127,0.0774079728861291
376,3.7414473571820037e-06,0.984704472778918,0.01410168809512732,23.937193807564178,26,452,1213,3630,37841,244303,2050,0.022143836958651773,0.05942582794434646,0.1778365667254556,0.07744685902342582
377,3.6210753471486814e-06,0.9847000112708744,0.014105279901315578,23.937193807564178,26,461,1236,3839,37851,244303,2053,0.022584754066235547,0.06055261610817166,0.1880756417793455,0.07746732541147673
378,3.6036884643672646e-06,0.9847124236090846,0.014087865307548866,23.937193807564178,26,433,1232,3352,37885,244303,2030,0.021213011953752695,0.06035665294924554,0.16421712718009016,0.0775369111308498
379,3.5078749242361477e-06,0.9847158451945781,0.014086909055028645,23.937193807564178,26,412,1216,3521,37906,244303,1997,0.020184205369390553,0.059572800313541056,0.1724965706447188,0.0775798905457567
380,3.6057672273979984e-06,0.9847178587479938,0.014092362865959584,23.937193807564178,26,445,1212,3144,37918,244303,2033,0.02180090143053106,0.059376837154614934,0.1540270429159318,0.07760445021141779
381,3.883113471418954e-06,0.9847101707064927,0.0140959001647258,23.937193807564178,26,432,1199,4032,37926,244303,2020,0.021164021164021163,0.05873995688810504,0.19753086419753085,0.07762082332185852
382,3.7142624370615973e-06,0.9847042179803795,0.01409930737032438,23.937193807564178,26,464,1244,4722,37938,244303,2065,0.02273172643543014,0.06094454242602391,0.2313345091122869,0.07764538298751959
383,3.715493106584833e-06,0.9847145336320997,0.014084913369035166,23.937193807564178,26,436,1242,3908,37957,244303,2034,0.021359984322947285,0.06084656084656084,0.19145600627082107,0.07768426912481631
384,3.424932669339295e-06,0.9847167527944928,0.01408383667442894,23.937193807564178,26,426,1236,4371,37969,244303,2030,0.020870076425631982,0.06055261610817166,0.2141387419165197,0.0777088287904774
385,3.3570043996170887e-06,0.9847146199098454,0.014093912477495292,23.937193807564178,26,471,1243,3384,37990,244303,2080,0.023074661963550853,0.06089555163629238,0.1657848324514991,0.0777518082053843
386,3.6312487816572348e-06,0.9847073578552478,0.014100907944117854,23.937193807564178,26,475,1229,3665,38005,244303,2089,0.023270625122476973,0.06020968058005095,0.17955124436605918,0.07778250778746065
387,3.5438603047425574e-06,0.9847009083534366,0.014104942932049221,23.937193807564178,26,468,1271,3895,38018,244303,2095,0.02292768959435626,0.06226729374877523,0.1908191260043112,0.07780911409192683
388,3.490819756016023e-06,0.9847086816045191,0.01409309282501638,23.937193807564178,26,450,1267,3718,38045,244303,2071,0.02204585537918871,0.06207133058984911,0.1821477562218303,0.07786437333966427
389,3.419343457011733e-06,0.9847147772305033,0.01409045068556149,23.937193807564178,26,433,1262,3959,38053,244303,2063,0.021213011953752695,0.061826376641191456,0.19395453654712913,0.077880746450105
390,3.6611743578592906e-06,0.9847149765409606,0.014095484729588268,23.937193807564178,26,467,1225,4170,38065,244303,2068,0.02287869880462473,0.06001371742112483,0.20429159318048207,0.07790530611576607
391,3.7196715836401863e-06,0.9847111874184263,0.014092526683126202,23.937193807564178,26,443,1214,3880,38083,244303,2046,0.021702919851068,0.05947481873407799,0.19008426415833823,0.0779421456142577
392,3.596326131078125e-06,0.9847040334556555,0.014100823778565735,23.937193807564178,26,465,1253,3557,38110,244303,2075,0.02278071722516167,0.06138545953360768,0.1742602390750539,0.07799740486199515
393,3.6538525766070463e-06,0.9847131367265979,0.014090182025156904,23.937193807564178,26,433,1242,3759,38120,244303,2032,0.021213011953752695,0.06084656084656084,0.18415637860082304,0.07801787125004606
394,3.467862115375088e-06,0.9847129757857822,0.014091444371166408,23.937193807564178,26,426,1257,3717,38132,244303,2050,0.020870076425631982,0.061581422692533805,0.18209876543209877,0.07804243091570713
395,3.582219876960476e-06,0.9847116044002541,0.014097484442935092,23.937193807564178,26,452,1224,3490,38142,244303,2052,0.022143836958651773,0.059964726631393295,0.17097785616304134,0.07806289730375804
396,3.7378728304716925e-06,0.9847084511921628,0.014096531022266883,23.937193807564178,26,448,1250,3699,38154,244303,2083,0.02194787379972565,0.06123848716441309,0.18121693121693122,0.07808745696941913
397,3.655967854017882e-06,0.9847082129428829,0.01409754614562447,23.937193807564178,26,457,1243,3700,38165,244303,2056,0.022388790907309424,0.06089555163629238,0.18126592200666275,0.07810996999627512
398,3.5938367646337362e-06,0.9847164482622178,0.01408286616487879,23.937193807564178,26,440,1209,3576,38174,244303,2009,0.021555947481873408,0.05922986478542034,0.17519106407995297,0.07812838974552093
399,3.1787627197092617e-06,0.9847163481943844,0.014085906001316362,23.937193807564178,26,434,1269,3434,38201,244303,2071,0.021262002743484224,0.062169312169312166,0.16823437193807564,0.07818364899325837
400,3.4084727415390934e-06,0.98471277406628,0.014099317181584222,23.937193807564178,26,470,1210,3659,38212,244303,2059,0.02302567117381932,0.05927885557515187,0.17925729962767,0.07820616202011436
401,3.6107126257568133e-06,0.9847121401158647,0.014095253980158073,23.937193807564178,26,443,1209,3568,38234,244303,2041,0.021702919851068,0.05922986478542034,0.17479913776210074,0.07825118807382636
402,3.284060264863524e-06,0.984699939977692,0.014108079299958321,23.937193807564178,26,462,1257,3569,38241,244303,2075,0.02263374485596708,0.061581422692533805,0.17484812855183227,0.07826551454546199
403,3.6943141242073604e-06,0.984706718866698,0.014100819756330998,23.937193807564178,26,461,1259,3089,38254,244303,2071,0.022584754066235547,0.06167940427199686,0.15133254948069763,0.07829212084992816
404,3.838668334195809e-06,0.9847152540513111,0.014090917824328262,23.937193807564178,26,415,1195,3383,38266,244303,2008,0.020331177738585147,0.058543993729178914,0.16573584166176758,0.07831668051558925
405,3.4532157498154116e-06,0.9847125004871244,0.014093322844081014,23.937193807564178,26,444,1220,3037,38276,244303,2030,0.02175191064079953,0.05976876347246718,0.14878502841465804,0.07833714690364015
406,3.818062380345141e-06,0.9847080656546994,0.014096696056780995,23.937193807564178,26,446,1220,3105,38297,244303,2057,0.021849892220262592,0.05976876347246718,0.15211640211640212,0.07838012631854704
407,4.041747825920736e-06,0.9847087994406952,0.014100871944552711,23.937193807564178,26,457,1256,3064,38305,244303,2086,0.022388790907309424,0.061532431902802276,0.15010777973740938,0.07839649942898777
408,3.871526306658189e-06,0.9847101296064095,0.014092067568430799,23.937193807564178,26,448,1267,3793,38312,244303,2067,0.02194787379972565,0.06207133058984911,0.18582206545169508,0.07841082590062341
409,4.072383217211815e-06,0.9847137349935213,0.014087681706780986,23.937193807564178,26,421,1203,3725,38317,244303,1989,0.020625122476974327,0.05893592004703116,0.182490691749951,0.07842105909464886
410,4.106531595745723e-06,0.9847125929988743,0.014090181019161215,23.937193807564178,26,441,1237,3472,38329,244303,2042,0.021604938271604937,0.06060160689790319,0.1700960219478738,0.07844561876030995
411,3.6035308572872817e-06,0.9847147932421876,0.01408623221136674,23.937193807564178,26,433,1282,5725,38343,244303,2096,0.021213011953752695,0.06280619243582207,0.28047227121301194,0.0784742717035812
412,3.5007459397126746e-06,0.9847124352129435,0.01409434249195622,23.937193807564178,26,460,1259,3973,38358,244303,2088,0.022535763276504018,0.06167940427199686,0.19464040760337056,0.07850497128565756
413,3.6398053876964983e-06,0.984712330068322,0.014092806306478403,23.937193807564178,26,466,1280,4061,38377,244303,2101,0.0228297080148932,0.062708210856359,0.19895159709974525,0.07854385742295428
414,3.5318248078105547e-06,0.9847116035393956,0.014093443324855157,23.937193807564178,26,458,1286,4181,38385,244303,2110,0.022437781697040957,0.06300215559474819,0.2048304918675289,0.078560230533395
415,3.6676131170848827e-06,0.984710632222739,0.014096910486332355,23.937193807564178,26,439,1209,4054,38391,244303,2023,0.021506956692141876,0.05922986478542034,0.19860866157162455,0.07857251036622555
416,3.6415296092076645e-06,0.9847095716757912,0.014092559042887224,23.937193807564178,26,430,1205,3725,38396,244303,2022,0.0210660395845581,0.05903390162649422,0.182490691749951,0.078582743560251
417,3.414273695688498e-06,0.9847072351683337,0.014096043174781112,23.937193807564178,26,440,1250,3865,38412,244303,2046,0.021555947481873408,0.06123848716441309,0.18934940231236527,0.07861548978113245
418,3.7547999554420034e-06,0.9847175102742244,0.01408850061850436,23.937193807564178,26,433,1158,3551,38418,244303,1951,0.021213011953752695,0.05673133450911229,0.17396629433666472,0.07862776961396299
419,3.522474134056361e-06,0.9847145663931592,0.014090959230035718,23.937193807564178,26,424,1230,3424,38439,244303,2019,0.02077209484616892,0.06025867136978248,0.16774446404076035,0.07867074902886989
420,3.564018780771115e-06,0.984710872848323,0.014098344851220213,23.937193807564178,26,438,1205,3073,38443,244303,2009,0.021457965902410347,0.05903390162649422,0.15054869684499314,0.07867893558409025
421,3.7299768123198016e-06,0.9847088138408987,0.014095105463794642,23.937193807564178,26,427,1180,3558,38447,244303,1998,0.02091906721536351,0.05780913188320596,0.17430922986478542,0.07868712213931062
422,3.5926584640170284e-06,0.9847086673461236,0.014096250816626703,23.937193807564178,26,444,1233,3898,38453,244303,2033,0.02175191064079953,0.06040564373897707,0.19096609837350578,0.07869940197214115
423,3.6402468856040616e-06,0.984717979256619,0.014084521741934461,23.937193807564178,26,441,1191,3645,38465,244303,1990,0.021604938271604937,0.05834803057025279,0.17857142857142858,0.07872396163780224
424,3.415975394241625e-06,0.9847157487538419,0.014087742528593182,23.937193807564178,26,424,1227,3485,38482,244303,2017,0.02077209484616892,0.06011169900058789,0.1707329022143837,0.07875875449748877
425,3.5310233703814444e-06,0.9847136074711217,0.014097111973518605,23.937193807564178,26,452,1198,3070,38487,244303,2021,0.022143836958651773,0.05869096609837351,0.15040172447579855,0.07876898769151422
426,3.6636588690900912e-06,0.9847058084534501,0.014099456403734055,23.937193807564178,26,423,1198,3663,38497,244303,2010,0.02072310405643739,0.05869096609837351,0.17945326278659612,0.07878945407956513
427,3.4881957902359276e-06,0.9847061641777024,0.014100117089265528,23.937193807564178,26,446,1240,3943,38506,244303,2044,0.021849892220262592,0.060748579267097785,0.19317068391142464,0.07880787382881094
428,3.6473632772057825e-06,0.9847161486532838,0.014087430775723265,23.937193807564178,26,421,1195,3798,38510,244303,1981,0.020625122476974327,0.058543993729178914,0.18606701940035272,0.0788160603840313
429,3.48367631675579e-06,0.9847176261028803,0.014087654528240645,23.937193807564178,26,424,1252,4501,38545,244303,2044,0.02077209484616892,0.06133646874387615,0.22050754458161864,0.07888769274220947
430,3.63966580050907e-06,0.9847178013769945,0.014093262283623098,23.937193807564178,26,454,1206,3196,38560,244303,2036,0.022241818538114834,0.059082892416225746,0.1565745639819714,0.07891839232428582
431,3.797728495664101e-06,0.9847066274398873,0.014096781880062349,23.937193807564178,26,429,1203,3995,38582,244303,2021,0.021017048794826573,0.05893592004703116,0.19571820497746423,0.07896341837799782
432,3.573177682110538e-06,0.9847027017887178,0.014100795762409756,23.937193807564178,26,460,1248,4139,38594,244303,2064,0.022535763276504018,0.06114050558495003,0.20277287869880462,0.0789879780436589
433,3.7066494863054917e-06,0.9847116575481233,0.014088619130045067,23.937193807564178,26,447,1203,3633,38613,244303,2009,0.02189888300999412,0.05893592004703116,0.1779835390946502,0.07902686418095561
434,3.530907837632661e-06,0.9847168447342234,0.014086285910218157,23.937193807564178,26,419,1220,3425,38626,244303,2007,0.02052714089751127,0.05976876347246718,0.16779345483049188,0.07905347048542179
435,3.5000319200109777e-06,0.9847155844112687,0.014095884172585412,23.937193807564178,26,451,1208,3048,38635,244303,2035,0.022094846168920244,0.05918087399568881,0.1493239271017049,0.07907189023466761
436,3.5749281832004107e-06,0.9847097135433797,0.014097848397576293,23.937193807564178,26,446,1236,3613,38647,244303,2067,0.021849892220262592,0.06055261610817166,0.1770037233000196,0.07909644990032869
437,3.4696004305982368e-06,0.984705558482041,0.014102127677638538,23.937193807564178,26,462,1252,4030,38671,244303,2070,0.02263374485596708,0.06133646874387615,0.1974328826180678,0.07914556923165086
438,3.6538966881994607e-06,0.9847150925823656,0.014088573688820681,23.937193807564178,26,441,1216,3630,38689,244303,2013,0.021604938271604937,0.059572800313541056,0.1778365667254556,0.07918240873014248
439,3.4188699388903007e-06,0.9847144343944403,0.014088119875625606,23.937193807564178,26,427,1234,4263,38693,244303,2026,0.02091906721536351,0.060454634528708605,0.2088477366255144,0.07919059528536285
440,3.5001935508414426e-06,0.98471445078686,0.014095083717502599,23.937193807564178,26,450,1217,3261,38694,244303,2032,0.02204585537918871,0.059621791103272585,0.15975896531452086,0.07919264192416794
441,3.6226948012681327e-06,0.9847089048064228,0.014094891738914258,23.937193807564178,26,419,1203,3471,38715,244303,2015,0.02052714089751127,0.05893592004703116,0.17004703115814226,0.07923562133907484
442,3.6575312762175097e-06,0.9847023613801344,0.01410552547185117,23.937193807564178,26,448,1245,3740,38721,244303,2051,0.02194787379972565,0.06099353321575544,0.18322555359592396,0.07924790117190537
443,4.015270858866933e-06,0.9847149943063305,0.014088737103202145,23.937193807564178,26,428,1195,3602,38734,244303,1981,0.020968058005095044,0.058543993729178914,0.17646482461297275,0.07927450747637156
444,3.867430636317908e-06,0.9847187936737176,0.014082971896097828,23.937193807564178,26,410,1165,4368,38744,244303,1940,0.020086223789927495,0.057074270037233,0.2139917695473251,0.07929497386442245
445,3.7302809708425774e-06,0.9847179755320956,0.014088356003822258,23.937193807564178,26,425,1188,4637,38753,244303,1978,0.02082108563590045,0.0582010582010582,0.2271702919851068,0.07931339361366828
446,3.726285649504876e-06,0.9847142226852188,0.01408940783786339,23.937193807564178,26,432,1215,3844,38772,244303,2032,0.021164021164021163,0.05952380952380952,0.18832059572800314,0.079352279750965
447,3.5218612375795992e-06,0.9847058590446973,0.014099639299798458,23.937193807564178,26,473,1240,3823,38780,244303,2069,0.023172643543013915,0.060748579267097785,0.187291789143641,0.07936865286140571
448,3.589718200592927e-06,0.984712578052775,0.014090284242263202,23.937193807564178,26,460,1244,4450,38791,244303,2058,0.022535763276504018,0.06094454242602391,0.2180090143053106,0.07939116588826171
449,3.3131606107561285e-06,0.9847140492237982,0.01408956675716275,23.937193807564178,26,442,1258,4187,38797,244303,2068,0.02165392906133647,0.061630413482265334,0.2051244366059181,0.07940344572109224
450,3.373541176703672e-06,0.9847123669697002,0.014098024495174916,23.937193807564178,26,469,1208,3381,38805,244303,2052,0.022976680384087792,0.05918087399568881,0.16563786008230452,0.07941981883153297
451,3.6533899123266268e-06,0.984710489655699,0.014095041525108305,23.937193807564178,26,445,1182,3559,38820,244303,2016,0.02180090143053106,0.05790711346266902,0.17435822065451695,0.07945051841360933
452,3.3179033206669133e-06,0.9847019480638519,0.014103078482689619,23.937193807564178,26,458,1251,3632,38842,244303,2065,0.022437781697040957,0.06128747795414462,0.17793454830491867,0.07949554446732132
453,3.4619454500843765e-06,0.9847100833692749,0.014095928051870106,23.937193807564178,26,452,1233,3507,38853,244303,2041,0.022143836958651773,0.06040564373897707,0.17181069958847736,0.07951805749417731
454,3.5562578337344457e-06,0.9847130051864357,0.014093327132469972,23.937193807564178,26,420,1215,3882,38856,244303,2016,0.0205761316872428,0.05952380952380952,0.1901822457378013,0.07952419741059258
455,3.5338349722182895e-06,0.9847105248326092,0.014098502659442416,23.937193807564178,26,435,1208,3009,38860,244303,2010,0.021310993533215757,0.05918087399568881,0.14741328630217518,0.07953238396581294
456,3.905254324564697e-06,0.9847072007673439,0.014099962126019645,23.937193807564178,26,436,1227,3544,38888,244303,2045,0.021359984322947285,0.06011169900058789,0.173623358808544,0.07958968985235548
457,4.236982179088612e-06,0.984709088428101,0.01409985109997371,23.937193807564178,26,442,1230,3049,38976,244303,2039,0.02165392906133647,0.06025867136978248,0.14937291789143642,0.07976979406720343
458,3.993647356512108e-06,0.9847189114400581,0.014081063939424926,23.937193807564178,26,427,1230,3706,38984,244303,2013,0.02091906721536351,0.06025867136978248,0.18155986674505192,0.07978616717764415
459,3.6047890376846022e-06,0.9847185687112237,0.0140817042350067,23.937193807564178,26,436,1215,3692,39001,244303,2020,0.021359984322947285,0.05952380952380952,0.1808739956888105,0.07982096003733069
460,3.7867557974998125e-06,0.9847106347132543,0.014096058634769967,23.937193807564178,26,469,1266,2910,39010,244303,2100,0.022976680384087792,0.06202233980011758,0.14256319811875368,0.0798393797865765
461,3.8089403014126436e-06,0.9847047805427643,0.014100030501515612,23.937193807564178,26,474,1297,3642,39029,244303,2148,0.023221634332745444,0.06354105428179502,0.178424456202234,0.07987826592387322
462,3.61002430234476e-06,0.9847027853061221,0.014101955077774848,23.937193807564178,26,477,1300,4432,39039,244303,2133,0.023368606701940034,0.06368802665098962,0.21712718009014306,0.07989873231192413
463,3.6490609232177177e-06,0.9847148832922551,0.014084031582740634,23.937193807564178,26,460,1215,3660,39043,244303,2038,0.022535763276504018,0.05952380952380952,0.17930629041740154,0.07990691886714449
464,3.2431523859533547e-06,0.9847154028010419,0.014083809067144605,23.937193807564178,26,425,1267,4408,39065,244303,2059,0.02082108563590045,0.06207133058984911,0.2159514011365863,0.07995194492085647
465,3.3770514948931063e-06,0.9847131467471678,0.014096952999148985,23.937193807564178,26,469,1226,3458,39079,244303,2069,0.022976680384087792,0.06006270821085636,0.16941015089163236,0.07998059786412774
466,3.6483058904722944e-06,0.9847117167240307,0.014095706782012968,23.937193807564178,26,449,1203,3742,39083,244303,2052,0.021996864589457182,0.05893592004703116,0.18332353517538702,0.0799887844193481
467,3.346812647630551e-06,0.9846978550571168,0.014111772392155249,23.937193807564178,26,457,1250,3821,39094,244303,2068,0.022388790907309424,0.06123848716441309,0.18719380756417794,0.0800112974462041
468,3.821356216551274e-06,0.9847077843221292,0.01410200819871526,23.937193807564178,26,443,1238,3069,39101,244303,2032,0.021702919851068,0.06065059768763473,0.15035273368606702,0.08002562391783972
469,4.08232409896214e-06,0.9847135975684891,0.014091716220210231,23.937193807564178,26,408,1172,4030,39108,244303,1972,0.019988242210464434,0.057417205565353714,0.1974328826180678,0.08003995038947537
470,3.7136616359599403e-06,0.9847134857964034,0.01409135950478365,23.937193807564178,26,433,1202,4769,39118,244303,2001,0.021213011953752695,0.05888692925729963,0.2336370762296688,0.08006041677752627
471,4.053630116001132e-06,0.9847137358765221,0.014090086901402715,23.937193807564178,26,420,1172,3369,39124,244303,1988,0.0205761316872428,0.057417205565353714,0.16504997060552615,0.0800726966103568
472,3.997464300438438e-06,0.9847119158791305,0.01409586949555352,23.937193807564178,26,455,1260,3180,39152,244303,2078,0.022290809327846366,0.06172839506172839,0.1557907113462669,0.08013000249689935
473,3.775264766166642e-06,0.9847138809810578,0.0140900985933378,23.937193807564178,26,456,1289,3674,39184,244303,2096,0.022339800117577895,0.06314912796394277,0.17999216147364294,0.08019549493866224
474,3.681615041709318e-06,0.9847119009437841,0.014090219997635791,23.937193807564178,26,444,1286,4237,39190,244303,2095,0.02175191064079953,0.06300215559474819,0.20757397609249462,0.08020777477149278
475,3.807556365486199e-06,0.9847049030928372,0.014100219358743334,23.937193807564178,26,476,1260,3181,39204,244303,2097,0.023319615912208505,0.06172839506172839,0.15583970213599843,0.08023642771476404
476,3.7197834264785204e-06,0.9847052416120532,0.014097173928569807,23.937193807564178,26,457,1306,3907,39223,244303,2136,0.022388790907309424,0.06398197138937879,0.19140701548108954,0.08027531385206076
477,3.692118832742645e-06,0.9847055171491679,0.014097622147576497,23.937193807564178,26,445,1245,4358,39229,244303,2054,0.02180090143053106,0.06099353321575544,0.2135018616500098,0.0802875936848913
478,3.783002461153767e-06,0.9847168436483422,0.014085484590248804,23.937193807564178,26,434,1191,5086,39235,244303,1990,0.021262002743484224,0.05834803057025279,0.24916715657456398,0.08029987351772185
479,3.537037296150752e-06,0.9847174793785383,0.014085516894894302,23.937193807564178,26,411,1247,4176,39262,244303,2027,0.020135214579659024,0.0610915147952185,0.20458553791887124,0.08035513276545929
480,3.619033074005405e-06,0.9847117332662545,0.014097630516437112,23.937193807564178,26,432,1197,4093,39267,244303,2005,0.021164021164021163,0.05864197530864197,0.20051930237115423,0.08036536595948474
481,3.763433884525092e-06,0.9847074758882686,0.014097947472770885,23.937193807564178,26,436,1210,3924,39287,244303,2035,0.021359984322947285,0.05927885557515187,0.19223985890652556,0.08040629873558655
482,3.6374160880259192e-06,0.9847054397353835,0.014100409206330437,23.937193807564178,26,445,1251,4691,39312,244303,2052,0.02180090143053106,0.06128747795414462,0.22981579463060944,0.08045746470571381
483,3.763211286809885e-06,0.9847134509008002,0.014089435932742379,23.937193807564178,26,430,1169,3644,39321,244303,1962,0.0210660395845581,0.05727023319615912,0.17852243778169705,0.08047588445495962
484,3.531589949563674e-06,0.9847168412633368,0.014086357457375225,23.937193807564178,26,418,1223,3373,39330,244303,2009,0.020478150107779737,0.059915735841661766,0.1652459337644523,0.08049430420420543
485,3.529347558652254e-06,0.9847136082086533,0.014095811295755739,23.937193807564178,26,450,1215,3343,39335,244303,2041,0.02204585537918871,0.05952380952380952,0.16377621007250637,0.08050453739823088
486,3.720361711625483e-06,0.984708046354597,0.014097296452265661,23.937193807564178,26,429,1213,3513,39348,244303,2027,0.021017048794826573,0.05942582794434646,0.17210464432686656,0.08053114370269707
487,3.5589968707562653e-06,0.9847078664730196,0.01409729096413288,23.937193807564178,26,442,1248,4038,39370,244303,2046,0.02165392906133647,0.06114050558495003,0.19782480893592005,0.08057616975640905
488,3.5153502012849554e-06,0.9847152129671265,0.01408656798410241,23.937193807564178,26,435,1223,3789,39376,244303,2018,0.021310993533215757,0.059915735841661766,0.18562610229276896,0.0805884495892396
489,3.349085583750751e-06,0.9847163539865273,0.01408803646573899,23.937193807564178,26,433,1257,3553,39380,244303,2059,0.021213011953752695,0.061581422692533805,0.17406427591612778,0.08059663614445996
490,3.641633149324904e-06,0.9847167863085404,0.014096173728792795,23.937193807564178,26,453,1200,3596,39385,244303,2028,0.022192827748383305,0.058788947677836566,0.17617087987458357,0.0806068693384854
491,3.7204836678135696e-06,0.9847065149130088,0.014098178509017064,23.937193807564178,26,429,1198,3793,39399,244303,2016,0.021017048794826573,0.05869096609837351,0.18582206545169508,0.08063552228175667
492,3.3841074895451075e-06,0.984702820789623,0.014102082090703403,23.937193807564178,26,456,1255,3548,39413,244303,2067,0.022339800117577895,0.06148344111307074,0.1738193219674701,0.08066417522502793
493,3.833047921895217e-06,0.9847130197699883,0.014092492536557725,23.937193807564178,26,441,1205,3414,39421,244303,2003,0.021604938271604937,0.05903390162649422,0.16725455614344503,0.08068054833546866
494,3.6871462336131097e-06,0.9847150549947186,0.014089118373482321,23.937193807564178,26,419,1201,3367,39427,244303,1987,0.02052714089751127,0.058837938467568095,0.1649519890260631,0.0806928281682992
495,3.496540262666101e-06,0.9847124015049152,0.014095940254836629,23.937193807564178,26,447,1230,2957,39438,244303,2044,0.02189888300999412,0.06025867136978248,0.14486576523613562,0.0807153411951552
496,3.7608189293873575e-06,0.9847083707145312,0.014095796599862704,23.937193807564178,26,444,1220,3361,39455,244303,2050,0.02175191064079953,0.05976876347246718,0.16465804428767392,0.08075013405484173
497,3.7465385683183753e-06,0.9847073526547667,0.01409955399879294,23.937193807564178,26,462,1272,3507,39462,244303,2090,0.02263374485596708,0.06231628453850676,0.17181069958847736,0.08076446052647737
498,3.893548080680967e-06,0.9847165571440228,0.014086084977182075,23.937193807564178,26,444,1223,3556,39466,244303,2031,0.02175191064079953,0.059915735841661766,0.17421124828532236,0.08077264708169772
499,3.717915902729518e-06,0.9847127949963538,0.01408795109666667,23.937193807564178,26,433,1223,3540,39470,244303,2021,0.021213011953752695,0.059915735841661766,0.17342739564961787,0.08078083363691808
500,3.680050718943474e-06,0.9847091277171632,0.014096194541127262,23.937193807564178,26,446,1254,3222,39472,244303,2063,0.021849892220262592,0.06143445032333921,0.15784832451499117,0.08078492691452827
501,3.7189100984852763e-06,0.9847085034155693,0.01409469772405154,23.937193807564178,26,435,1222,4540,39481,244303,2046,0.021310993533215757,0.05986674505193024,0.22241818538114835,0.08080334666377409
502,3.487061319571444e-06,0.9847070660904881,0.014099029564943563,23.937193807564178,26,460,1288,3727,39493,244303,2104,0.022535763276504018,0.06310013717421124,0.18258867332941406,0.08082790632943516
503,3.5289194633924407e-06,0.9847168242887439,0.014086942195281978,23.937193807564178,26,457,1251,3485,39498,244303,2075,0.022388790907309424,0.06128747795414462,0.1707329022143837,0.08083813952346063
504,3.3295335245463254e-06,0.9847166414933645,0.014088881535277924,23.937193807564178,26,446,1269,3825,39522,244303,2083,0.021849892220262592,0.062169312169312166,0.18738977072310406,0.08088725885478279
505,3.5045843188554672e-06,0.9847148802300949,0.014094094615847567,23.937193807564178,26,470,1238,4416,39532,244303,2082,0.02302567117381932,0.06065059768763473,0.21634332745443857,0.0809077252428337
506,3.5662544220339204e-06,0.9847059411501162,0.014096062344916015,23.937193807564178,26,437,1218,4084,39541,244303,2046,0.021408975112678818,0.059670781893004114,0.20007838526357044,0.08092614499207951
507,3.4283328383387087e-06,0.9847011163202449,0.014106255541046846,23.937193807564178,26,462,1266,3559,39554,244303,2084,0.02263374485596708,0.06202233980011758,0.17435822065451695,0.08095275129654568
508,3.965647576172886e-06,0.9847147711073597,0.014091573938451328,23.937193807564178,26,435,1200,3800,39568,244303,1992,0.021310993533215757,0.058788947677836566,0.18616500097981578,0.08098140423981695
509,3.7668443444383984e-06,0.9847148198424925,0.014088309792574836,23.937193807564178,26,414,1195,4573,39576,244303,1975,0.020282186948853614,0.058543993729178914,0.22403488144228886,0.08099777735025768
510,3.5834728501384785e-06,0.9847168265929274,0.014090987591748406,23.937193807564178,26,441,1211,3292,39586,244303,2017,0.021604938271604937,0.059327846364883405,0.1612776797961983,0.08101824373830857
511,3.862191122040433e-06,0.9847081459095756,0.01409469843473797,23.937193807564178,26,433,1183,3592,39588,244303,2014,0.021213011953752695,0.057956104252400546,0.17597491671565746,0.08102233701591875
512,3.7281245354547323e-06,0.9847070961442218,0.01410050587752204,23.937193807564178,26,458,1260,3547,39600,244303,2075,0.022437781697040957,0.06172839506172839,0.17377033117773857,0.08104689668157984
513,4.019249445458185e-06,0.9847184497409964,0.01408725315584903,23.937193807564178,26,439,1198,3643,39618,244303,1996,0.021506956692141876,0.05869096609837351,0.17847344699196552,0.08108373618007148
514,3.677136843444926e-06,0.984712824657772,0.014087009429442212,23.937193807564178,26,447,1232,4113,39649,244303,2044,0.02189888300999412,0.06035665294924554,0.20149911816578484,0.08114718198302927
515,3.4095393968508043e-06,0.9847108044607024,0.014092288505076045,23.937193807564178,26,464,1272,3143,39663,244303,2096,0.02273172643543014,0.06231628453850676,0.15397805212620028,0.08117583492630054
516,3.678878059027406e-06,0.9847106402164149,0.01409339288055532,23.937193807564178,26,440,1205,4093,39686,244303,2035,0.021555947481873408,0.05903390162649422,0.20051930237115423,0.08122290761881762
517,3.587785077968261e-06,0.9847031618008338,0.014104263746023913,23.937193807564178,26,447,1267,3803,39698,244303,2070,0.02189888300999412,0.06207133058984911,0.1863119733490104,0.0812474672844787
518,3.6549340134270634e-06,0.9847131684943482,0.014092221683219193,23.937193807564178,26,447,1261,3404,39725,244303,2061,0.02189888300999412,0.06177738585145993,0.16676464824612972,0.08130272653221614
519,3.563801119516794e-06,0.9847158444960099,0.014087661212403358,23.937193807564178,26,422,1235,3769,39744,244303,2026,0.02067411326670586,0.060503625318440134,0.18464628649813836,0.08134161266951286
520,3.546509641138696e-06,0.9847130613646066,0.014093292596771763,23.937193807564178,26,457,1225,3885,39764,244303,2056,0.022388790907309424,0.06001371742112483,0.19032921810699588,0.08138254544561467
521,3.644615162148959e-06,0.9847113522037348,0.01409041384263697,23.937193807564178,26,433,1180,3714,39779,244303,2008,0.021213011953752695,0.05780913188320596,0.18195179306290418,0.08141324502769103
522,3.461660115540775e-06,0.984705264637129,0.014100402287926176,23.937193807564178,26,448,1247,3604,39789,244303,2051,0.02194787379972565,0.0610915147952185,0.17656280619243583,0.08143371141574193
523,3.529539446648647e-06,0.9847157748741555,0.014090576286719744,23.937193807564178,26,446,1268,3403,39798,244303,2064,0.021849892220262592,0.06212032137958064,0.1667156574563982,0.08145213116498774
524,3.414772546368136e-06,0.9847141094071621,0.014091937574495488,23.937193807564178,26,433,1281,3557,39804,244303,2079,0.021213011953752695,0.06275720164609054,0.1742602390750539,0.08146441099781829
525,3.7855115500645365e-06,0.9847114577471806,0.014100923446645288,23.937193807564178,26,466,1239,3190,39824,244303,2070,0.0228297080148932,0.060699588477366256,0.15628061924358222,0.08150534377392009
526,4.021968977877576e-06,0.9847089013868766,0.014092300811410764,23.937193807564178,26,441,1218,3785,39839,244303,2049,0.021604938271604937,0.059670781893004114,0.18543013913384285,0.08153604335599644
527,3.55588832689822e-06,0.9847056761093399,0.01409419428879866,23.937193807564178,26,442,1247,3976,39845,244303,2046,0.02165392906133647,0.0610915147952185,0.19478737997256515,0.08154832318882699
528,3.6467835806962646e-06,0.9847182068798042,0.014083260364941622,23.937193807564178,26,436,1200,3780,39864,244303,1992,0.021359984322947285,0.058788947677836566,0.18518518518518517,0.0815872093261237
529,3.5406425081885153e-06,0.9847166372871861,0.01408729325861942,23.937193807564178,26,427,1242,3361,39877,244303,2044,0.02091906721536351,0.06084656084656084,0.16465804428767392,0.08161381563058988
530,3.5955449255128238e-06,0.9847119273259727,0.014100714033202606,23.937193807564178,26,478,1230,3421,39904,244303,2068,0.023417597491671566,0.06025867136978248,0.16759749167156573,0.08166907487832732
531,3.830338181330012e-06,0.9847075954363336,0.014095448160006857,23.937193807564178,26,432,1186,4126,39912,244303,2012,0.021164021164021163,0.05810307662159514,0.20213599843229474,0.08168544798876805
532,3.4246305210547453e-06,0.9847056731838189,0.01409676651335543,23.937193807564178,26,452,1236,5239,39926,244303,2045,0.022143836958651773,0.06055261610817166,0.25666274740348816,0.08171410093203932
533,3.545749131394939e-06,0.9847176212601016,0.014085446314445213,23.937193807564178,26,448,1204,3568,39939,244303,2008,0.02194787379972565,0.05898491083676269,0.17479913776210074,0.08174070723650549
534,3.3727992502049627e-06,0.9847147974817483,0.014087634928831243,23.937193807564178,26,417,1238,3420,39946,244303,2021,0.020429159318048208,0.06065059768763473,0.1675485008818342,0.08175503370814112
535,3.444833980242478e-06,0.9847096684918084,0.01410410784691515,23.937193807564178,26,460,1234,3081,39966,244303,2056,0.022535763276504018,0.060454634528708605,0.15094062316284537,0.08179596648424292
536,3.957586712424841e-06,0.9847091036259029,0.014098874205448045,23.937193807564178,26,451,1196,4254,39977,244303,2037,0.022094846168920244,0.05859298451891044,0.20840681951793064,0.08181847951109893
537,3.920788150638179e-06,0.9847000166611186,0.014103205726946079,23.937193807564178,26,452,1234,3724,39991,244303,2043,0.022143836958651773,0.060454634528708605,0.18244170096021947,0.08184713245437018
538,3.948772219913016e-06,0.9847175405524448,0.014080820243182662,23.937193807564178,26,425,1192,3820,39993,244303,1971,0.02082108563590045,0.05839702135998432,0.18714481677444642,0.08185122573198036
539,3.6857154962340445e-06,0.9847228603534195,0.014076249514705675,23.937193807564178,26,404,1162,3566,39999,244303,1939,0.01979227905153831,0.05692729766803841,0.17470115618263765,0.08186350556481091
540,3.4829696432503576e-06,0.9847164548470979,0.014092886293927782,23.937193807564178,26,455,1224,3401,40005,244303,2043,0.022290809327846366,0.059964726631393295,0.16661767587693513,0.08187578539764145
541,3.6403571928862887e-06,0.9847107052092815,0.014096882427017197,23.937193807564178,26,463,1235,4219,40029,244303,2080,0.022682735645698608,0.060503625318440134,0.20669214187732707,0.08192490472896362
542,3.5743364064022135e-06,0.9847013930433685,0.014105592468800306,23.937193807564178,26,464,1258,4780,40037,244303,2078,0.02273172643543014,0.061630413482265334,0.23417597491671566,0.08194127783940434
543,3.5871906689679784e-06,0.9847132892273174,0.0140877804437895,23.937193807564178,26,446,1224,4905,40041,244303,2024,0.021849892220262592,0.059964726631393295,0.24029982363315697,0.08194946439462471
544,3.377237157851487e-06,0.9847178182006753,0.014082951899626371,23.937193807564178,26,411,1226,4447,40066,244303,2010,0.020135214579659024,0.06006270821085636,0.217862041936116,0.08200063036475197
545,3.5846694614714855e-06,0.9847176399911111,0.01409399600108094,23.937193807564178,26,451,1196,3623,40071,244303,2021,0.022094846168920244,0.05859298451891044,0.1774936311973349,0.08201086355877742
546,3.766547606678329e-06,0.9847098298680891,0.01409408718461043,23.937193807564178,26,433,1205,4135,40077,244303,2028,0.021213011953752695,0.05903390162649422,0.2025769155398785,0.08202314339160796
547,3.5394141764638536e-06,0.9847038722662866,0.01410144513373196,23.937193807564178,26,446,1240,4366,40086,244303,2042,0.021849892220262592,0.060748579267097785,0.21389378796786204,0.08204156314085377
548,3.7173482145276915e-06,0.9847156223802389,0.014085652548374824,23.937193807564178,26,419,1161,3985,40094,244303,1943,0.02052714089751127,0.056878306878306875,0.19522829708014894,0.0820579362512945
549,3.3732646848442663e-06,0.9847188302418408,0.014084029627336092,23.937193807564178,26,405,1203,3262,40100,244303,1982,0.01984126984126984,0.05893592004703116,0.1598079561042524,0.08207021608412504
550,3.4320439322011695e-06,0.9847160243254913,0.01409619095437369,23.937193807564178,26,448,1192,3170,40103,244303,2015,0.02194787379972565,0.05839702135998432,0.15530080344895159,0.08207635600054031
551,3.858506470714753e-06,0.9847121158929999,0.01409634995976107,23.937193807564178,26,447,1176,3928,40109,244303,2022,0.02189888300999412,0.05761316872427984,0.1924358220654517,0.08208863583337085
552,3.872712927457213e-06,0.9846993582561341,0.01410713536256094,23.937193807564178,26,461,1232,4718,40125,244303,2050,0.022584754066235547,0.06035665294924554,0.23113854595336078,0.0821213820542523
553,3.976430255509156e-06,0.984711806617856,0.014086230981778882,23.937193807564178,26,426,1212,4778,40131,244303,1992,0.020870076425631982,0.059376837154614934,0.2340779933372526,0.08213366188708285
554,3.7149501747498125e-06,0.9847196903370826,0.014077622439110921,23.937193807564178,26,389,1148,5310,40134,244303,1910,0.019057417205565353,0.056241426611796985,0.2601410934744268,0.08213980180349811
555,3.5383008536437845e-06,0.9847173377966623,0.014091075143232958,23.937193807564178,26,430,1210,3712,40149,244303,2004,0.0210660395845581,0.05927885557515187,0.18185381148344112,0.08217050138557447
556,3.7060448299045033e-06,0.9847143931759605,0.014094130956480943,23.937193807564178,26,456,1246,3916,40180,244303,2081,0.022339800117577895,0.061042524005486966,0.19184793258867333,0.08223394718853227
557,3.673497743665976e-06,0.9847046627308843,0.01410349763505155,23.937193807564178,26,469,1259,5238,40208,244303,2084,0.022976680384087792,0.06167940427199686,0.2566137566137566,0.0822912530750748
558,3.7250902782422694e-06,0.9847125105327422,0.014087110337650352,23.937193807564178,26,437,1195,4717,40220,244303,1986,0.021408975112678818,0.058543993729178914,0.23108955516362925,0.08231581274073589
559,3.3269374739822784e-06,0.9847148855946412,0.01408238276843754,23.937193807564178,26,409,1213,3858,40227,244303,1996,0.020037233000195963,0.05942582794434646,0.18900646678424457,0.08233013921237152
560,3.4714646086929425e-06,0.9847150186150382,0.01409480034212238,23.937193807564178,26,454,1179,3328,40229,244303,2009,0.022241818538114834,0.057760141093474424,0.1630413482265334,0.0823342324899817
561,3.680549086802603e-06,0.9847121312689643,0.014094362809994328,23.937193807564178,26,426,1185,3925,40231,244303,2010,0.020870076425631982,0.05805408583186361,0.1922888496962571,0.08233832576759188
562,3.4836685424056723e-06,0.9847029111959382,0.01410637719860472,23.937193807564178,26,447,1244,5176,40244,244303,2049,0.02189888300999412,0.06094454242602391,0.2535763276504017,0.08236493207205806
563,3.638738453658974e-06,0.9847135401331713,0.014090393652264756,23.937193807564178,26,442,1200,3974,40248,244303,2005,0.02165392906133647,0.058788947677836566,0.1946893983931021,0.08237311862727842
564,3.4107223700866865e-06,0.9847168786809053,0.01408514145207429,23.937193807564178,26,412,1224,3970,40248,244303,2011,0.020184205369390553,0.059964726631393295,0.19449343523417598,0.08237311862727842
565,3.548605457219162e-06,0.9847149355855473,0.014095203588181327,23.937193807564178,26,445,1187,3413,40253,244303,2008,0.02180090143053106,0.05815206741132667,0.1672055653537135,0.08238335182130388
566,3.971194958355924e-06,0.9847100256995387,0.014094728728521046,23.937193807564178,26,424,1205,3894,40274,244303,2023,0.02077209484616892,0.05903390162649422,0.19077013521457967,0.08242633123621076
567,3.827292848832731e-06,0.9847060029821483,0.014101178576026857,23.937193807564178,26,438,1247,4822,40281,244303,2042,0.021457965902410347,0.0610915147952185,0.23623358808543993,0.08244065770784641
568,3.958968415000233e-06,0.9847179302161458,0.014084157854571717,23.937193807564178,26,429,1191,4455,40283,244303,1980,0.021017048794826573,0.05834803057025279,0.21825396825396826,0.08244475098545659
569,3.529155375782436e-06,0.9847171125913882,0.014080041164674833,23.937193807564178,26,421,1206,3950,40290,244303,2000,0.020625122476974327,0.059082892416225746,0.19351361943954537,0.08245907745709222
570,3.371458225679868e-06,0.9847128075783839,0.014094737800135456,23.937193807564178,26,451,1244,3161,40293,244303,2059,0.022094846168920244,0.06094454242602391,0.15485988634136783,0.08246521737350748
571,3.832944173478212e-06,0.9847123695295225,0.014096405882209076,23.937193807564178,26,447,1187,4115,40300,244303,2028,0.02189888300999412,0.05815206741132667,0.2015970997452479,0.08247954384514312
572,3.581186410251484e-06,0.9847042941149717,0.014101381837121616,23.937193807564178,26,466,1276,5227,40310,244303,2099,0.0228297080148932,0.06251224769743288,0.25607485792670975,0.08250001023319403
573,3.5556528592457983e-06,0.9847124855558371,0.014089020113296892,23.937193807564178,26,458,1256,3989,40312,244303,2067,0.022437781697040957,0.061532431902802276,0.19542426023907505,0.0825041035108042
574,3.448584996076324e-06,0.9847143779498246,0.014085905464984894,23.937193807564178,26,424,1248,3860,40319,244303,2046,0.02077209484616892,0.06114050558495003,0.18910444836370763,0.08251842998243984
575,3.548594073973287e-06,0.9847117667138312,0.014097501608850638,23.937193807564178,26,464,1241,3350,40323,244303,2069,0.02273172643543014,0.060797570056829314,0.16411914560062707,0.0825266165376602
576,3.7301174516268725e-06,0.984709070414361,0.014093920317757754,23.937193807564178,26,446,1205,4138,40329,244303,2041,0.021849892220262592,0.05903390162649422,0.20272388790907309,0.08253889637049075
577,3.582723746620675e-06,0.9847036587656552,0.01410065819602722,23.937193807564178,26,451,1253,5098,40332,244303,2060,0.022094846168920244,0.06138545953360768,0.24975504605134236,0.08254503628690602
578,3.65319661802359e-06,0.9847166971768943,0.014085768368866868,23.937193807564178,26,434,1236,4146,40341,244303,2023,0.021262002743484224,0.06055261610817166,0.20311581422692535,0.08256345603615182
579,3.493415537009037e-06,0.9847175666054399,0.014086476922079021,23.937193807564178,26,419,1244,3816,40351,244303,2041,0.02052714089751127,0.06094454242602391,0.18694885361552027,0.08258392242420273
580,3.6463363668041957e-06,0.984713189646822,0.014097748349293763,23.937193807564178,26,461,1218,3283,40359,244303,2054,0.022584754066235547,0.059670781893004114,0.16083676268861455,0.08260029553464346
581,3.927417987238515e-06,0.9847097389015668,0.01409309411123424,23.937193807564178,26,425,1193,4149,40367,244303,2012,0.02082108563590045,0.058446012149715856,0.20326278659611993,0.08261666864508418
582,3.6262805037123073e-06,0.9847047466905419,0.014097559939915344,23.937193807564178,26,435,1215,4899,40375,244303,2007,0.021310993533215757,0.05952380952380952,0.2400058788947678,0.0826330417555249
583,3.7075622062102325e-06,0.9847188915400784,0.014082390780932593,23.937193807564178,26,427,1186,3950,40382,244303,1972,0.02091906721536351,0.05810307662159514,0.19351361943954537,0.08264736822716054
584,3.46355500855848e-06,0.9847192729558304,0.014083855680939533,23.937193807564178,26,422,1236,3428,40389,244303,2032,0.02067411326670586,0.06055261610817166,0.16794042719968647,0.08266169469879617
585,3.496404733355136e-06,0.9847143152963584,0.014096790284354442,23.937193807564178,26,463,1245,3420,40395,244303,2074,0.022682735645698608,0.06099353321575544,0.1675485008818342,0.08267397453162671
586,3.6717497770347525e-06,0.9847092738406519,0.01409474091844691,23.937193807564178,26,444,1220,4152,40402,244303,2054,0.02175191064079953,0.05976876347246718,0.20340975896531452,0.08268830100326234
587,3.493604792608755e-06,0.9847046308387528,0.014099664291957812,23.937193807564178,26,450,1237,5019,40407,244303,2043,0.02204585537918871,0.06060160689790319,0.24588477366255143,0.08269853419728779
588,3.551874525090556e-06,0.984715455427655,0.014084597810102776,23.937193807564178,26,429,1207,3951,40420,244303,1995,0.021017048794826573,0.05913188320595728,0.1935626102292769,0.08272514050175397
589,3.3535823984655537e-06,0.9847185356727031,0.014084701651330892,23.937193807564178,26,412,1214,4022,40428,244303,2000,0.020184205369390553,0.05947481873407799,0.19704095630021556,0.08274151361219469
590,3.5065318651628845e-06,0.9847160162194558,0.014096905058627663,23.937193807564178,26,456,1200,3375,40437,244303,2033,0.022339800117577895,0.058788947677836566,0.16534391534391535,0.08275993336144051
591,3.7602637335475237e-06,0.9847095744835491,0.014095356343205185,23.937193807564178,26,418,1174,4039,40440,244303,1986,0.020478150107779737,0.05751518714481677,0.19787379972565158,0.08276607327785578
592,3.5500820835731233e-06,0.9847033390624509,0.014102800963504079,23.937193807564178,26,444,1216,4699,40441,244303,2016,0.02175191064079953,0.059572800313541056,0.2302077209484617,0.08276811991666087
593,3.674915297842568e-06,0.9847150532870554,0.014085892482582652,23.937193807564178,26,430,1187,4015,40443,244303,1976,0.0210660395845581,0.05815206741132667,0.19669802077209483,0.08277221319427105
594,3.492052539096781e-06,0.9847177308473476,0.01408539614874237,23.937193807564178,26,407,1209,3571,40449,244303,1990,0.0199392514207329,0.05922986478542034,0.17494611013129532,0.08278449302710159
595,3.6112813931392812e-06,0.984716658735456,0.014095057542462174,23.937193807564178,26,443,1180,3252,40457,244303,2001,0.021702919851068,0.05780913188320596,0.1593180482069371,0.08280086613754231
596,3.864180075047779e-06,0.9847099438378144,0.014094828903785392,23.937193807564178,26,425,1195,3927,40461,244303,2014,0.02082108563590045,0.058543993729178914,0.19238683127572018,0.08280905269276267
597,3.735257992642559e-06,0.9847057905217672,0.01410008537930559,23.937193807564178,26,447,1233,4516,40470,244303,2037,0.02189888300999412,0.06040564373897707,0.2212424064275916,0.08282747244200848
598,3.879136953469827e-06,0.9847179814879047,0.014081617384306211,23.937193807564178,26,425,1180,4209,40477,244303,1964,0.02082108563590045,0.05780913188320596,0.20620223398001175,0.08284179891364413
599,3.473625741144602e-06,0.9847173518267777,0.014081963820382692,23.937193807564178,26,413,1186,3584,40480,244303,1973,0.020233196159122085,0.05810307662159514,0.1755829903978052,0.08284793883005939
600,3.4309415518795316e-06,0.9847145866773528,0.014095248640578225,23.937193807564178,26,446,1237,3063,40499,244303,2049,0.021849892220262592,0.06060160689790319,0.15005878894767782,0.08288682496735611
601,3.808779573571967e-06,0.9847124344029553,0.014096236887277395,23.937193807564178,26,448,1188,4059,40508,244303,2030,0.02194787379972565,0.0582010582010582,0.1988536155202822,0.08290524471660192
602,3.5285027688722377e-06,0.9847016758589052,0.014104296087190816,23.937193807564178,26,477,1266,4764,40515,244303,2099,0.023368606701940034,0.06202233980011758,0.23339212228101117,0.08291957118823756
603,3.527089632185185e-06,0.9847108212217929,0.014087638018538687,23.937193807564178,26,456,1268,4094,40552,244303,2079,0.022339800117577895,0.06212032137958064,0.20056829316088576,0.0829952968240259
604,3.48890273243025e-06,0.984714642049606,0.014087062239003733,23.937193807564178,26,428,1253,3664,40570,244303,2055,0.020968058005095044,0.06138545953360768,0.17950225357632765,0.08303213632251753
605,3.6375773399477754e-06,0.9847150729533283,0.014093719687437943,23.937193807564178,26,445,1211,3371,40586,244303,2032,0.02180090143053106,0.059327846364883405,0.16514795218498923,0.08306488254339897
606,3.648746090337842e-06,0.9847135582187513,0.014090540580846165,23.937193807564178,26,438,1200,4510,40611,244303,2028,0.021457965902410347,0.058788947677836566,0.22094846168920243,0.08311604851352623
607,3.4432941577091097e-06,0.9847060605881379,0.014099858151262844,23.937193807564178,26,453,1267,5036,40631,244303,2076,0.022192827748383305,0.06207133058984911,0.24671761708798745,0.08315698128962805
608,3.7091884650458266e-06,0.984716167211744,0.014087499820338124,23.937193807564178,26,443,1214,4136,40639,244303,2007,0.021702919851068,0.05947481873407799,0.20262590632961003,0.08317335440006876
609,3.520481425463511e-06,0.9847135582785835,0.014088770677105164,23.937193807564178,26,417,1221,3582,40641,244303,2009,0.020429159318048208,0.05981775426219871,0.17548500881834214,0.08317744767767894
610,3.5849422646461106e-06,0.9847106426470849,0.014098938111829376,23.937193807564178,26,448,1220,3482,40648,244303,2034,0.02194787379972565,0.05976876347246718,0.1705859298451891,0.08319177414931458
611,3.905386637711063e-06,0.9847089381219748,0.014095445852486125,23.937193807564178,26,418,1177,4252,40653,244303,1989,0.020478150107779737,0.057662159514011366,0.20830883793846758,0.08320200734334003
612,3.6864888166050965e-06,0.9847087319001754,0.014098023361314015,23.937193807564178,26,430,1220,4606,40660,244303,2007,0.0210660395845581,0.05976876347246718,0.22565157750342935,0.08321633381497566
613,3.937885207546947e-06,0.9847210747516728,0.014083608662475953,23.937193807564178,26,433,1173,3781,40667,244303,1962,0.021213011953752695,0.05746619635508524,0.1852341759749167,0.0832306602866113
614,3.794032637922498e-06,0.9847164384555442,0.014084446710865407,23.937193807564178,26,435,1195,3270,40688,244303,2001,0.021310993533215757,0.058543993729178914,0.16019988242210464,0.0832736397015182
615,3.7116914093674645e-06,0.984711920628737,0.014095768892585321,23.937193807564178,26,478,1237,3175,40701,244303,2077,0.023417597491671566,0.06060160689790319,0.15554575739760926,0.08330024600598437
616,3.7644708176590404e-06,0.9847089864983277,0.01409110237594007,23.937193807564178,26,452,1223,4387,40704,244303,2065,0.022143836958651773,0.059915735841661766,0.21492259455222418,0.08330638592239964
617,3.4060239465032904e-06,0.9847053351767464,0.014098947803095145,23.937193807564178,26,467,1273,5408,40709,244303,2096,0.02287869880462473,0.06236527532823829,0.26494219086811677,0.0833166191164251
618,3.6057347740820023e-06,0.9847173271211944,0.014086575184120842,23.937193807564178,26,460,1226,4044,40728,244303,2042,0.022535763276504018,0.06006270821085636,0.19811875367430923,0.08335550525372182
619,3.4631306964216618e-06,0.9847166848095921,0.014085807357803485,23.937193807564178,26,425,1231,4077,40757,244303,2027,0.02082108563590045,0.06030766215951401,0.19973544973544974,0.08341485777906943
620,3.495022961990462e-06,0.9847131033716566,0.014096927708894733,23.937193807564178,26,459,1206,3390,40758,244303,2031,0.022486772486772486,0.059082892416225746,0.1660787771898883,0.08341690441787453
621,3.7293470638142593e-06,0.9847101867618345,0.014093789089453771,23.937193807564178,26,428,1187,4049,40771,244303,2009,0.020968058005095044,0.05815206741132667,0.19836370762296687,0.0834435107223407
622,3.4699696452366162e-06,0.9847038047913538,0.014101193028250419,23.937193807564178,26,448,1259,5187,40793,244303,2063,0.02194787379972565,0.06167940427199686,0.25411522633744854,0.08348853677605268
623,3.5418118607620624e-06,0.9847139997100034,0.014087648368584654,23.937193807564178,26,425,1224,4129,40803,244303,2007,0.02082108563590045,0.059964726631393295,0.20228297080148933,0.08350900316410359
624,3.383058609744861e-06,0.9847178627818896,0.014086030127913802,23.937193807564178,26,416,1214,3571,40808,244303,2013,0.020380168528316676,0.05947481873407799,0.17494611013129532,0.08351923635812905
625,3.603919325448396e-06,0.9847158398040684,0.014097476406610712,23.937193807564178,26,441,1173,3265,40818,244303,1993,0.021604938271604937,0.05746619635508524,0.159954928473447,0.08353970274617994
626,3.872686349909789e-06,0.9847109904321288,0.014094447987716299,23.937193807564178,26,421,1187,4209,40828,244303,2003,0.020625122476974327,0.05815206741132667,0.20620223398001175,0.08356016913423085
627,3.71946792953788e-06,0.9847052360804208,0.01409950151109356,23.937193807564178,26,433,1231,6239,40831,244303,2021,0.021213011953752695,0.06030766215951401,0.30565353713501864,0.08356630905064612
628,3.966325612848773e-06,0.9847151379989869,0.014085617169290346,23.937193807564178,26,419,1187,4246,40831,244303,1962,0.02052714089751127,0.05815206741132667,0.20801489320007838,0.08356630905064612
629,3.791953221154056e-06,0.9847185520820653,0.014081213958955292,23.937193807564178,26,410,1156,3971,40834,244303,1940,0.020086223789927495,0.056633352929649224,0.1945424260239075,0.0835724489670614
630,3.5857220734526694e-06,0.9847172433677137,0.014091387680766664,23.937193807564178,26,443,1198,3696,40834,244303,2007,0.021702919851068,0.05869096609837351,0.18106995884773663,0.0835724489670614
631,3.767736580054624e-06,0.9847119358674243,0.014093740147892829,23.937193807564178,26,435,1178,4048,40838,244303,2007,0.021310993533215757,0.057711150303742895,0.19831471683323534,0.08358063552228176
632,3.595014008032887e-06,0.9847076072532516,0.014101422128402957,23.937193807564178,26,458,1257,4828,40850,244303,2071,0.022437781697040957,0.061581422692533805,0.23652753282382913,0.08360519518794284
633,3.7791352224182327e-06,0.9847140400246324,0.014088942545004576,23.937193807564178,26,442,1206,4138,40850,244303,2007,0.02165392906133647,0.059082892416225746,0.20272388790907309,0.08360519518794284
634,3.5799134870003957e-06,0.9847165135077851,0.014085210582418456,23.937193807564178,26,416,1183,3674,40855,244303,1974,0.020380168528316676,0.057956104252400546,0.17999216147364294,0.0836154283819683
635,3.5219681541662783e-06,0.9847127829130887,0.014095218295116518,23.937193807564178,26,448,1200,3067,40867,244303,2024,0.02194787379972565,0.058788947677836566,0.15025475210660397,0.08363998804762938
636,3.688517263084937e-06,0.9847122773410619,0.01409291082888052,23.937193807564178,26,426,1212,4372,40883,244303,2028,0.020870076425631982,0.059376837154614934,0.21418773270625122,0.08367273426851082
637,3.665661706518775e-06,0.9847068371742516,0.014100471141204544,23.937193807564178,26,439,1248,5780,40893,244303,2043,0.021506956692141876,0.06114050558495003,0.28316676464824614,0.08369320065656173
638,3.842691314500122e-06,0.9847176460474956,0.01408447860477101,23.937193807564178,26,427,1173,4263,40908,244303,1959,0.02091906721536351,0.05746619635508524,0.2088477366255144,0.08372390023863809
639,3.530919171045481e-06,0.9847197300398152,0.014080660656905235,23.937193807564178,26,413,1174,3840,40938,244303,1961,0.020233196159122085,0.05751518714481677,0.18812463256907702,0.0837852994027908
640,3.4604383166100264e-06,0.9847146017446411,0.014093297838172791,23.937193807564178,26,432,1177,3370,40953,244303,1985,0.021164021164021163,0.057662159514011366,0.1650989613952577,0.08381599898486715
641,3.659290790035022e-06,0.9847122104544296,0.014095197204808677,23.937193807564178,26,439,1187,3980,40958,244303,2030,0.021506956692141876,0.05815206741132667,0.1949833431314913,0.08382623217889261
642,3.5823527509892092e-06,0.9847026767043437,0.014104999066454783,23.937193807564178,26,453,1253,4964,40968,244303,2062,0.022192827748383305,0.06138545953360768,0.24319028022731726,0.0838466985669435
643,3.6567228807452938e-06,0.9847124471357264,0.014089847197388676,23.937193807564178,26,449,1235,4172,40979,244303,2040,0.021996864589457182,0.060503625318440134,0.20438957475994513,0.08386921159379951
644,3.6415411460885066e-06,0.9847168588151458,0.014085005019557336,23.937193807564178,26,425,1223,3636,40980,244303,2022,0.02082108563590045,0.059915735841661766,0.1781305114638448,0.08387125823260459
645,3.695233711520597e-06,0.9847177788056711,0.014089702573307114,23.937193807564178,26,450,1190,3794,40983,244303,2016,0.02204585537918871,0.05829903978052126,0.1858710562414266,0.08387739814901986
646,3.7547563501836836e-06,0.9847136603228239,0.014089337316768666,23.937193807564178,26,432,1185,4303,40987,244303,2005,0.021164021164021163,0.05805408583186361,0.2108073682147756,0.08388558470424022
647,3.6233144156951104e-06,0.9847062191753296,0.014099237302614713,23.937193807564178,26,444,1227,4787,40996,244303,2027,0.02175191064079953,0.06011169900058789,0.23451891044483636,0.08390400445348604
648,3.818477324622579e-06,0.9847150964631809,0.014087109947171921,23.937193807564178,26,429,1196,4284,40999,244303,1981,0.021017048794826573,0.05859298451891044,0.20987654320987653,0.08391014436990131
649,3.6338015413515346e-06,0.9847174120118327,0.014084310878032878,23.937193807564178,26,413,1161,3767,41002,244303,1948,0.020233196159122085,0.056878306878306875,0.1845483049186753,0.08391628428631659
650,3.5502404054520224e-06,0.9847151179137289,0.014093015582861098,23.937193807564178,26,438,1168,3255,41003,244303,1982,0.021457965902410347,0.05722124240642759,0.15946502057613168,0.08391833092512167
651,3.626277139832869e-06,0.9847118249038188,0.014092442536140302,23.937193807564178,26,431,1178,4354,41008,244303,2003,0.021115030374289634,0.057711150303742895,0.21330589849108367,0.08392856411914712
652,3.488024826328728e-06,0.9847063723714428,0.014102192472840997,23.937193807564178,26,452,1236,5085,41013,244303,2044,0.022143836958651773,0.06055261610817166,0.24911816578483245,0.08393879731317258
653,3.674880916979425e-06,0.9847160212932451,0.014088017239387175,23.937193807564178,26,441,1211,4112,41021,244303,2011,0.021604938271604937,0.059327846364883405,0.2014501273760533,0.0839551704236133
654,3.492767279513438e-06,0.9847186428136314,0.01408336291302139,23.937193807564178,26,415,1206,4032,41024,244303,1995,0.020331177738585147,0.059082892416225746,0.19753086419753085,0.08396131034002857
655,3.4606295863215294e-06,0.9847160691816801,0.014091202779206438,23.937193807564178,26,445,1191,3969,41031,244303,2012,0.02180090143053106,0.05834803057025279,0.19444444444444445,0.0839756368116642
656,3.649056835602334e-06,0.9847133960531304,0.014091075587973389,23.937193807564178,26,425,1178,4660,41031,244303,2001,0.02082108563590045,0.057711150303742895,0.228297080148932,0.0839756368116642
657,3.524004307117377e-06,0.9847055468945979,0.014101225595551308,23.937193807564178,26,441,1237,5097,41038,244303,2035,0.021604938271604937,0.06060160689790319,0.24970605526161083,0.08398996328329984
658,3.839803068493282e-06,0.9847126075778944,0.014091131884125023,23.937193807564178,26,421,1182,4081,41043,244303,1964,0.020625122476974327,0.05790711346266902,0.19993141289437585,0.08400019647732529
659,3.847467865082607e-06,0.9847183834360397,0.014085057507815902,23.937193807564178,26,406,1152,3974,41048,244303,1933,0.019890260631001373,0.0564373897707231,0.1946893983931021,0.08401042967135074
660,3.734087016733102e-06,0.9847177883669245,0.014089361166754702,23.937193807564178,26,424,1155,3921,41054,244303,1955,0.02077209484616892,0.056584362139917695,0.19209288653733098,0.08402270950418128
661,3.82802813266799e-06,0.9847145320142211,0.014089617709585884,23.937193807564178,26,421,1166,4389,41060,244303,1979,0.020625122476974327,0.057123260826964534,0.21502057613168724,0.08403498933701183
662,3.70103479935265e-06,0.9847075058843228,0.014097874317754605,23.937193807564178,26,451,1238,5094,41068,244303,2045,0.022094846168920244,0.06065059768763473,0.2495590828924162,0.08405136244745255
663,3.733361395003394e-06,0.9847147151283522,0.014086459974399619,23.937193807564178,26,439,1224,4101,41071,244303,2017,0.021506956692141876,0.059964726631393295,0.20091122868900646,0.08405750236386782
664,3.511066980132198e-06,0.9847163601429513,0.014084489960224992,23.937193807564178,26,418,1202,4592,41074,244303,1994,0.020478150107779737,0.05888692925729963,0.22496570644718794,0.0840636422802831
665,3.46773860478006e-06,0.9847146566122875,0.014093426710284756,23.937193807564178,26,447,1208,3975,41076,244303,2031,0.02189888300999412,0.05918087399568881,0.19473838918283362,0.08406773555789328
666,3.5856039370490206e-06,0.9847120417434506,0.014093306891971484,23.937193807564178,26,438,1222,4448,41085,244303,2050,0.021457965902410347,0.05986674505193024,0.21791103272584755,0.08408615530713909
667,3.4919345613227643e-06,0.9847066003494185,0.014100176111168171,23.937193807564178,26,453,1253,5830,41086,244303,2062,0.022192827748383305,0.06138545953360768,0.28561630413482264,0.08408820194594417
668,3.6059794107537186e-06,0.9847141175857532,0.014088301951518193,23.937193807564178,26,446,1222,4233,41093,244303,2027,0.021849892220262592,0.05986674505193024,0.2073780129335685,0.08410252841757981
669,3.3874475793386402e-06,0.9847170194957985,0.01408518620915927,23.937193807564178,26,432,1237,4494,41099,244303,2043,0.021164021164021163,0.06060160689790319,0.22016460905349794,0.08411480825041034
670,3.6294887407706204e-06,0.9847172199262378,0.01409297271149852,23.937193807564178,26,443,1177,3722,41105,244303,1997,0.021702919851068,0.057662159514011366,0.1823437193807564,0.08412708808324089
671,3.8000676645154118e-06,0.9847097769397443,0.014094023739188163,23.937193807564178,26,425,1178,4365,41109,244303,1998,0.02082108563590045,0.057711150303742895,0.2138447971781305,0.08413527463846125
672,3.5480421518701958e-06,0.9847057206711588,0.014098768278775176,23.937193807564178,26,445,1239,4995,41113,244303,2040,0.02180090143053106,0.060699588477366256,0.2447089947089947,0.08414346119368162
673,3.894778976055586e-06,0.9847144510128258,0.014087974418566612,23.937193807564178,26,417,1160,4304,41117,244303,1936,0.020429159318048208,0.056829316088575346,0.21085635900450717,0.08415164774890198
674,3.775086751745474e-06,0.9847210904272055,0.014081620141872336,23.937193807564178,26,399,1145,4153,41122,244303,1918,0.01954732510288066,0.05609445424260239,0.20345874975504605,0.08416188094292743
675,3.6266950669088956e-06,0.9847194895243423,0.014090637000870588,23.937193807564178,26,432,1169,3521,41124,244303,1977,0.021164021164021163,0.05727023319615912,0.1724965706447188,0.0841659742205376
676,3.7170826100449094e-06,0.9847116038669046,0.014093311699471426,23.937193807564178,26,445,1187,3901,41130,244303,2022,0.02180090143053106,0.05815206741132667,0.19111307074270037,0.08417825405336815
677,3.5809849192124216e-06,0.9847044237426141,0.014099349232176655,23.937193807564178,26,455,1239,4944,41139,244303,2050,0.022290809327846366,0.060699588477366256,0.24221046443268665,0.08419667380261396
678,3.744942834974701e-06,0.9847128214393893,0.014088187886931443,23.937193807564178,26,438,1189,4313,41144,244303,1986,0.021457965902410347,0.058250048990789734,0.21129727611209093,0.08420690699663942
679,3.5476169129114067e-06,0.9847196754112,0.014082449536847058,23.937193807564178,26,414,1198,4200,41151,244303,1986,0.020282186948853614,0.05869096609837351,0.205761316872428,0.08422123346827505
680,3.4771998336356928e-06,0.9847160623604192,0.014092785548864997,23.937193807564178,26,435,1184,3156,41156,244303,2000,0.021310993533215757,0.05800509504213208,0.15461493239271018,0.0842314666623005
681,3.700492533673525e-06,0.9847125808701906,0.014095290023551147,23.937193807564178,26,427,1186,3986,41163,244303,2007,0.02091906721536351,0.05810307662159514,0.19527728786988047,0.08424579313393614
682,3.624289865077721e-06,0.9847062540372514,0.014100041606671197,23.937193807564178,26,443,1246,5357,41168,244303,2045,0.021702919851068,0.061042524005486966,0.26244366059180874,0.08425602632796159
683,3.6840791448285924e-06,0.9847148858958847,0.014086506041680765,23.937193807564178,26,430,1207,4591,41184,244303,1993,0.0210660395845581,0.05913188320595728,0.2249167156574564,0.08428877254884304
684,3.464025761814416e-06,0.9847175899192369,0.014082541488055905,23.937193807564178,26,416,1217,3510,41189,244303,2007,0.020380168528316676,0.059621791103272585,0.17195767195767195,0.08429900574286849
685,3.5614308468411755e-06,0.9847154667257497,0.014093642680140924,23.937193807564178,26,438,1196,3312,41196,244303,2011,0.021457965902410347,0.05859298451891044,0.16225749559082892,0.08431333221450411
686,3.7697509300025783e-06,0.98471062597401,0.01409565324971536,23.937193807564178,26,438,1196,4699,41202,244303,2024,0.021457965902410347,0.05859298451891044,0.2302077209484617,0.08432561204733466
687,3.703632553406562e-06,0.984706340996959,0.014099163589245805,23.937193807564178,26,443,1252,5326,41209,244303,2051,0.021702919851068,0.06133646874387615,0.2609249461101313,0.0843399385189703
688,3.925296498224949e-06,0.9847165933110822,0.014084915707130075,23.937193807564178,26,432,1182,4906,41212,244303,1970,0.021164021164021163,0.05790711346266902,0.2403488144228885,0.08434607843538557
689,3.6566279746140166e-06,0.9847187744170667,0.014079026480861144,23.937193807564178,26,406,1151,4862,41213,244303,1931,0.019890260631001373,0.05638839898099157,0.23819321967470117,0.08434812507419066
690,3.486568106439936e-06,0.9847165764839374,0.014091236479216104,23.937193807564178,26,437,1173,3575,41223,244303,1986,0.021408975112678818,0.05746619635508524,0.17514207329022144,0.08436859146224156
691,3.720121913205737e-06,0.9847120536624703,0.014094582085943927,23.937193807564178,26,433,1170,3958,41225,244303,1997,0.021213011953752695,0.05731922398589065,0.1939055457573976,0.08437268473985174
692,3.5403456412123114e-06,0.9847051839654808,0.014103079291235561,23.937193807564178,26,455,1246,4883,41230,244303,2057,0.022290809327846366,0.061042524005486966,0.2392220262590633,0.0843829179338772
693,3.61856565113176e-06,0.9847132896724886,0.014090385964577373,23.937193807564178,26,450,1217,4208,41237,244303,2026,0.02204585537918871,0.059621791103272585,0.20615324319028022,0.08439724440551283
694,3.4175184501394527e-06,0.984715645547611,0.014084984984534822,23.937193807564178,26,430,1228,3608,41242,244303,2032,0.0210660395845581,0.06016068979031942,0.17675876935136195,0.08440747759953827
695,3.607793930827622e-06,0.9847148670809823,0.014093995757611928,23.937193807564178,26,449,1178,3208,41256,244303,2004,0.021996864589457182,0.057711150303742895,0.15716245345874977,0.08443613054280955
696,3.8403593741585425e-06,0.9847107921882471,0.0140930415781652,23.937193807564178,26,428,1189,4253,41261,244303,2012,0.020968058005095044,0.058250048990789734,0.2083578287281991,0.08444636373683499
697,3.717980270828035e-06,0.9847056978524134,0.014099630412867157,23.937193807564178,26,437,1225,5410,41266,244303,2019,0.021408975112678818,0.06001371742112483,0.2650401724475799,0.08445659693086045
698,3.946742776294226e-06,0.9847167397725036,0.014085595050204909,23.937193807564178,26,422,1160,4487,41273,244303,1941,0.02067411326670586,0.056829316088575346,0.21982167352537724,0.08447092340249608
699,3.763653203795933e-06,0.9847197540524939,0.014080499754513746,23.937193807564178,26,401,1141,3843,41279,244303,1916,0.01964530668234372,0.05589849108367627,0.1882716049382716,0.08448320323532663
700,3.581675099395339e-06,0.9847183402423473,0.014090535409919861,23.937193807564178,26,432,1189,4575,41287,244303,1987,0.021164021164021163,0.058250048990789734,0.22413286302175192,0.08449957634576735
701,3.7211669336974336e-06,0.9847126137866543,0.014093320972507675,23.937193807564178,26,436,1175,4000,41296,244303,2005,0.021359984322947285,0.05756417793454831,0.1959631589261219,0.08451799609501316
702,3.5450223931762224e-06,0.9847054349176868,0.01410072205555935,23.937193807564178,26,455,1242,4893,41300,244303,2053,0.022290809327846366,0.06084656084656084,0.2397119341563786,0.08452618265023353
703,3.6432659431659347e-06,0.9847140512614727,0.014088645640891585,23.937193807564178,26,449,1208,4618,41306,244303,2016,0.021996864589457182,0.05918087399568881,0.22623946698020772,0.08453846248306407
704,3.461694737512607e-06,0.9847164028027952,0.014084622963664601,23.937193807564178,26,419,1209,3742,41316,244303,2003,0.02052714089751127,0.05922986478542034,0.18332353517538702,0.08455892887111496
705,3.4229163672685887e-06,0.9847150038250835,0.014093613436446816,23.937193807564178,26,442,1194,3306,41328,244303,2012,0.02165392906133647,0.058495002939447385,0.16196355085243974,0.08458348853677605
706,3.747780063633873e-06,0.9847145974230813,0.014093501764787362,23.937193807564178,26,438,1187,4126,41334,244303,2016,0.021457965902410347,0.05815206741132667,0.20213599843229474,0.0845957683696066
707,3.6444644053113206e-06,0.9847047673655236,0.014100691359155152,23.937193807564178,26,446,1251,5250,41344,244303,2053,0.021849892220262592,0.06128747795414462,0.257201646090535,0.0846162347576575
708,3.818482808615312e-06,0.984711140232511,0.014091400227476231,23.937193807564178,26,433,1217,4084,41351,244303,2003,0.021213011953752695,0.059621791103272585,0.20007838526357044,0.08463056122929313
709,3.793776312748599e-06,0.9847167033032898,0.014083290978918877,23.937193807564178,26,403,1158,3906,41365,244303,1935,0.01974328826180678,0.05673133450911229,0.19135802469135801,0.0846592141725644
710,3.6034330344731055e-06,0.9847171846615164,0.014089090759948818,23.937193807564178,26,424,1174,4328,41368,244303,1974,0.02077209484616892,0.05751518714481677,0.2120321379580639,0.08466535408897967
711,3.753398425208657e-06,0.9847158129838688,0.014090380025430635,23.937193807564178,26,435,1173,4207,41376,244303,2002,0.021310993533215757,0.05746619635508524,0.2061042524005487,0.0846817271994204
712,3.717243884764939e-06,0.9847074725532882,0.014098581518094573,23.937193807564178,26,452,1251,4944,41399,244303,2059,0.022143836958651773,0.06128747795414462,0.24221046443268665,0.08472879989193748
713,3.737634414826302e-06,0.9847137876248665,0.014088894692651649,23.937193807564178,26,442,1241,4371,41409,244303,2036,0.02165392906133647,0.060797570056829314,0.2141387419165197,0.08474926627998837
714,3.5655523003453675e-06,0.9847153194182326,0.014083930025459029,23.937193807564178,26,422,1209,4887,41420,244303,2004,0.02067411326670586,0.05922986478542034,0.23941798941798942,0.08477177930684437
715,3.445790111003345e-06,0.9847141369063657,0.014091237025298008,23.937193807564178,26,451,1214,3540,41425,244303,2041,0.022094846168920244,0.05947481873407799,0.17342739564961787,0.08478201250086982
716,3.6130250866263166e-06,0.9847143190768128,0.01409134344183359,23.937193807564178,26,448,1222,4495,41439,244303,2060,0.02194787379972565,0.05986674505193024,0.22021359984322947,0.08481066544414109
717,3.601295506863087e-06,0.9847057436889703,0.01410019865629555,23.937193807564178,26,449,1249,5580,41452,244303,2054,0.021996864589457182,0.06118949637468156,0.27336860670194,0.08483727174860727
718,3.619530043578053e-06,0.984713631081085,0.014088768706706585,23.937193807564178,26,450,1241,4246,41463,244303,2044,0.02204585537918871,0.060797570056829314,0.20801489320007838,0.08485978477546326
719,3.4747893487134792e-06,0.9847161452052161,0.014084915579086829,23.937193807564178,26,428,1231,4685,41468,244303,2033,0.020968058005095044,0.06030766215951401,0.22952184989222027,0.0848700179694887
720,3.592175195162278e-06,0.9847167438013597,0.014091087146689373,23.937193807564178,26,437,1184,3689,41476,244303,1997,0.021408975112678818,0.05800509504213208,0.1807270233196159,0.08488639107992943
721,3.672073779606543e-06,0.9847134316293262,0.014090542702293363,23.937193807564178,26,424,1180,4390,41480,244303,1998,0.02077209484616892,0.05780913188320596,0.21506956692141876,0.08489457763514979
722,3.5374393281874553e-06,0.9847067980551751,0.014100105247388124,23.937193807564178,26,441,1244,5432,41487,244303,2041,0.021604938271604937,0.06094454242602391,0.2661179698216735,0.08490890410678542
723,3.744760324586053e-06,0.9847162215456893,0.014087215115410742,23.937193807564178,26,424,1195,4345,41499,244303,1978,0.02077209484616892,0.058543993729178914,0.2128649813834999,0.08493346377244651
724,3.565126618501754e-06,0.9847183536431705,0.014084463201348535,23.937193807564178,26,410,1189,4464,41506,244303,1973,0.020086223789927495,0.058250048990789734,0.21869488536155202,0.08494779024408214
725,3.5182326295961546e-06,0.9847162266563773,0.014091546942175813,23.937193807564178,26,446,1186,3801,41512,244303,2008,0.021849892220262592,0.05810307662159514,0.18621399176954734,0.08496007007691268
726,3.6695680286805868e-06,0.9847116221040856,0.014092053883003513,23.937193807564178,26,432,1186,4431,41518,244303,2008,0.021164021164021163,0.05810307662159514,0.21707818930041153,0.08497234990974323
727,3.63824596045308e-06,0.9847063294314058,0.014100030122952242,23.937193807564178,26,439,1230,5398,41532,244303,2025,0.021506956692141876,0.06025867136978248,0.2644522829708015,0.0850010028530145
728,3.842328752051469e-06,0.9847173010359396,0.014086796386394087,23.937193807564178,26,430,1177,4195,41535,244303,1966,0.0210660395845581,0.057662159514011366,0.20551636292377032,0.08500714276942976
729,3.6279228255877423e-06,0.9847178842099162,0.014084027187789946,23.937193807564178,26,412,1158,4456,41538,244303,1944,0.020184205369390553,0.05673133450911229,0.21830295904369978,0.08501328268584504
730,3.563298723024501e-06,0.9847156986267522,0.014091332321565892,23.937193807564178,26,432,1164,3578,41541,244303,1972,0.021164021164021163,0.05702527924750147,0.17528904565941603,0.08501942260226031
731,3.7113364295358265e-06,0.9847123484195809,0.014091986403268487,23.937193807564178,26,422,1163,4328,41550,244303,1979,0.02067411326670586,0.05697628845776994,0.2120321379580639,0.08503784235150612
732,3.5498143575994187e-06,0.9847078711117673,0.014098177171717598,23.937193807564178,26,439,1224,5450,41559,244303,2019,0.021506956692141876,0.059964726631393295,0.2669998040368411,0.08505626210075193
733,3.6904169241639443e-06,0.9847157335007378,0.014089078432439268,23.937193807564178,26,430,1195,4190,41561,244303,1984,0.0210660395845581,0.058543993729178914,0.20527140897511267,0.08506035537836211
734,3.617077160349359e-06,0.9847174143976755,0.01408639679047211,23.937193807564178,26,414,1201,4178,41566,244303,1989,0.020282186948853614,0.058837938467568095,0.20468351949833433,0.08507058857238757
735,3.580208779143219e-06,0.9847153717025577,0.014092226050739131,23.937193807564178,26,448,1194,3763,41577,244303,2018,0.02194787379972565,0.058495002939447385,0.18435234175974916,0.08509310159924356
736,3.6349494783897235e-06,0.9847113869262284,0.014091475753630664,23.937193807564178,26,434,1198,4738,41581,244303,2022,0.021262002743484224,0.05869096609837351,0.2321183617479914,0.08510128815446392
737,3.505460272873845e-06,0.9847072671685141,0.01409695843544215,23.937193807564178,26,441,1241,5296,41592,244303,2038,0.021604938271604937,0.060797570056829314,0.25945522241818536,0.08512380118131992
738,3.6652761106761714e-06,0.984715422427231,0.014087648835650782,23.937193807564178,26,424,1185,4151,41601,244303,1968,0.02077209484616892,0.05805408583186361,0.203360768175583,0.08514222093056573
739,3.5089270401924423e-06,0.9847183730066752,0.014085797346378614,23.937193807564178,26,414,1210,4192,41604,244303,1998,0.020282186948853614,0.05927885557515187,0.20536939055457573,0.085148360846981
740,3.6138352169620023e-06,0.9847169182581696,0.014092818780547899,23.937193807564178,26,429,1168,3981,41610,244303,1977,0.021017048794826573,0.05722124240642759,0.19503233392122282,0.08516064067981155
741,3.696050123877604e-06,0.9847117777181689,0.014092505327131678,23.937193807564178,26,421,1170,4368,41617,244303,1985,0.020625122476974327,0.05731922398589065,0.2139917695473251,0.08517496715144718
742,3.644094167038952e-06,0.9847057374876949,0.014099583321534456,23.937193807564178,26,438,1225,5042,41623,244303,2019,0.021457965902410347,0.06001371742112483,0.24701156182637665,0.08518724698427772
743,3.908964752996148e-06,0.9847171926068157,0.014085930389491715,23.937193807564178,26,422,1169,4118,41626,244303,1950,0.02067411326670586,0.05727023319615912,0.20174407211444248,0.08519338690069299
744,3.6574252339088383e-06,0.9847187395784234,0.01408276268572579,23.937193807564178,26,407,1154,3987,41629,244303,1935,0.0199392514207329,0.056535371350186166,0.195326278659612,0.08519952681710827
745,3.50462136473549e-06,0.9847162745878819,0.014091889064554051,23.937193807564178,26,439,1188,3411,41631,244303,2003,0.021506956692141876,0.0582010582010582,0.16710758377425045,0.08520362009471845
746,3.6223245850453783e-06,0.9847112323962164,0.014093470636218646,23.937193807564178,26,437,1206,4390,41634,244303,2033,0.021408975112678818,0.059082892416225746,0.21506956692141876,0.08520976001113371
747,3.5011097751902654e-06,0.9847066052652247,0.0140999590940632,23.937193807564178,26,454,1239,5219,41644,244303,2049,0.022241818538114834,0.060699588477366256,0.2556829316088575,0.08523022639918462
748,3.6667832920414607e-06,0.9847156576718497,0.014088320426497963,23.937193807564178,26,442,1203,4182,41647,244303,2008,0.02165392906133647,0.05893592004703116,0.20487948265726044,0.08523636631559989
749,3.554475289779474e-06,0.984717387681033,0.014084977198708087,23.937193807564178,26,418,1211,3938,41660,244303,2003,0.020478150107779737,0.059327846364883405,0.192925729962767,0.08526297262006606
750,3.549363243149307e-06,0.9847155821794749,0.01409117832311705,23.937193807564178,26,432,1186,4291,41663,244303,1994,0.021164021164021163,0.05810307662159514,0.21021947873799726,0.08526911253648134
751,3.696496789795308e-06,0.9847129805724835,0.014091257117231519,23.937193807564178,26,415,1169,4550,41667,244303,1978,0.020331177738585147,0.05727023319615912,0.22290809327846364,0.0852772990917017
752,3.558639162574289e-06,0.9847079845279295,0.014098065437336795,23.937193807564178,26,435,1232,5149,41674,244303,2023,0.021310993533215757,0.06035665294924554,0.2522535763276504,0.08529162556333733
753,3.821110087038634e-06,0.9847155492637344,0.014088508834493998,23.937193807564178,26,419,1162,4178,41675,244303,1940,0.02052714089751127,0.05692729766803841,0.20468351949833433,0.08529367220214241
754,3.6467754723324815e-06,0.9847195480454064,0.01408313928990838,23.937193807564178,26,406,1170,4200,41682,244303,1950,0.019890260631001373,0.05731922398589065,0.205761316872428,0.08530799867377806
755,3.516333412369394e-06,0.9847164619389819,0.014092000837277966,23.937193807564178,26,438,1191,3742,41706,244303,2005,0.021457965902410347,0.05834803057025279,0.18332353517538702,0.08535711800510022
756,3.616647585855972e-06,0.9847113211184676,0.014093329742832702,23.937193807564178,26,437,1196,4055,41715,244303,2023,0.021408975112678818,0.05859298451891044,0.19865765236135607,0.08537553775434603
757,3.6212726187267784e-06,0.9847053814362932,0.014100732667590416,23.937193807564178,26,440,1236,5004,41717,244303,2032,0.021555947481873408,0.06055261610817166,0.24514991181657847,0.08537963103195621
758,3.868160974666842e-06,0.984715328148976,0.014087894444299271,23.937193807564178,26,429,1172,4363,41720,244303,1960,0.021017048794826573,0.057417205565353714,0.21374681559866746,0.08538577094837149
759,3.674813372211614e-06,0.9847186600707087,0.014083166001915429,23.937193807564178,26,409,1161,4987,41721,244303,1944,0.020037233000195963,0.056878306878306875,0.24431706839114248,0.08538781758717658
760,3.554299743042682e-06,0.9847161312351679,0.014091096041628691,23.937193807564178,26,433,1176,3399,41724,244303,1985,0.021213011953752695,0.05761316872427984,0.16651969429747207,0.08539395750359186
761,3.7023485624977706e-06,0.9847117617652502,0.01409233798420812,23.937193807564178,26,419,1172,4969,41730,244303,1985,0.02052714089751127,0.057417205565353714,0.24343523417597493,0.0854062373364224
762,3.5606700209703094e-06,0.9847069046049285,0.01409922814644914,23.937193807564178,26,437,1232,5437,41732,244303,2025,0.021408975112678818,0.06035665294924554,0.26636292377033116,0.08541033061403257
763,3.716941166698388e-06,0.9847151632494733,0.01408902526345643,23.937193807564178,26,436,1204,4225,41734,244303,1999,0.021359984322947285,0.05898491083676269,0.20698608661571624,0.08541442389164275
764,3.585733428731725e-06,0.9847190603881164,0.014083142365340208,23.937193807564178,26,416,1196,4479,41735,244303,1986,0.020380168528316676,0.05859298451891044,0.21942974720752498,0.08541647053044785
765,3.4676547309240708e-06,0.9847150731069262,0.01409166667599689,23.937193807564178,26,445,1197,3783,41739,244303,2018,0.02180090143053106,0.05864197530864197,0.1853321575543798,0.08542465708566821
766,3.6321829074765586e-06,0.9847121344593718,0.014092980559586715,23.937193807564178,26,440,1208,4045,41746,244303,2038,0.021555947481873408,0.05918087399568881,0.19816774446404076,0.08543898355730384
767,3.645775827030001e-06,0.9847052227304591,0.01410068558169853,23.937193807564178,26,445,1242,5040,41746,244303,2043,0.02180090143053106,0.06084656084656084,0.24691358024691357,0.08543898355730384
768,3.8107088392311055e-06,0.984713815001541,0.014088785367909416,23.937193807564178,26,438,1202,4268,41749,244303,1996,0.021457965902410347,0.05888692925729963,0.20909269057417207,0.08544512347371912
769,3.685557121396621e-06,0.9847197182430962,0.014080893244664092,23.937193807564178,26,412,1165,4668,41750,244303,1951,0.020184205369390553,0.057074270037233,0.22868900646678425,0.0854471701125242
770,3.561508215451163e-06,0.9847161884816387,0.014090689945425682,23.937193807564178,26,432,1170,3176,41752,244303,1978,0.021164021164021163,0.05731922398589065,0.1555947481873408,0.08545126339013438
771,3.695407054589156e-06,0.9847115783405924,0.014093365481900861,23.937193807564178,26,425,1166,3960,41753,244303,1985,0.02082108563590045,0.057123260826964534,0.19400352733686066,0.08545331002893947
772,3.6011996376615863e-06,0.9847056722137263,0.0141012616818236,23.937193807564178,26,442,1233,4818,41762,244303,2031,0.02165392906133647,0.06040564373897707,0.2360376249265138,0.08547172977818529
773,3.8109692336919905e-06,0.9847139245641437,0.01408986311053897,23.937193807564178,26,430,1185,4194,41767,244303,1971,0.0210660395845581,0.05805408583186361,0.2054673721340388,0.08548196297221074
774,3.6919678018585725e-06,0.9847195578031858,0.014081371509208703,23.937193807564178,26,408,1165,4368,41768,244303,1947,0.019988242210464434,0.057074270037233,0.2139917695473251,0.08548400961101583
775,3.5685802717727987e-06,0.9847165088767523,0.01409012576583658,23.937193807564178,26,434,1183,3563,41769,244303,1993,0.021262002743484224,0.057956104252400546,0.17455418381344306,0.08548605624982092
776,3.611172043716439e-06,0.9847125161205285,0.014091125353648428,23.937193807564178,26,433,1209,4666,41772,244303,2032,0.021213011953752695,0.05922986478542034,0.2285910248873212,0.08549219616623618
777,3.55953241374566e-06,0.984707870341254,0.014098633544230967,23.937193807564178,26,439,1241,5327,41772,244303,2036,0.021506956692141876,0.060797570056829314,0.2609739368998628,0.08549219616623618
778,3.7408585589344652e-06,0.9847145199152891,0.014089617175861708,23.937193807564178,26,434,1192,4442,41777,244303,1985,0.021262002743484224,0.05839702135998432,0.21761708798745835,0.08550242936026164
779,3.54607246550611e-06,0.9847192731369044,0.01408211174539783,23.937193807564178,26,412,1194,4599,41790,244303,1980,0.020184205369390553,0.058495002939447385,0.22530864197530864,0.08552903566472782
780,3.4522653502002304e-06,0.9847160660114672,0.01409152815273909,23.937193807564178,26,439,1181,4023,41797,244303,1996,0.021506956692141876,0.05785812267293749,0.1970899470899471,0.08554336213636345
781,3.7756703901684554e-06,0.984714402659253,0.014092827160360267,23.937193807564178,26,428,1161,3992,41797,244303,1983,0.020968058005095044,0.056878306878306875,0.19557123260826964,0.08554336213636345
782,3.679727663829973e-06,0.9847041972611391,0.0141019309006656,23.937193807564178,26,445,1237,4756,41798,244303,2042,0.02180090143053106,0.06060160689790319,0.23300019596315893,0.08554540877516854
783,3.760171182997075e-06,0.984711601513524,0.014090602885782632,23.937193807564178,26,437,1227,4214,41800,244303,2017,0.021408975112678818,0.06011169900058789,0.20644718792866942,0.08554950205277873
784,3.648731664654334e-06,0.9847166549607922,0.014081897895593599,23.937193807564178,26,411,1195,5303,41806,244303,1980,0.020135214579659024,0.058543993729178914,0.2597981579463061,0.08556178188560927
785,3.6001920967645417e-06,0.9847156907012594,0.014090461767545371,23.937193807564178,26,438,1181,3750,41809,244303,1995,0.021457965902410347,0.05785812267293749,0.18371546149323928,0.08556792180202454
786,3.8024922883277492e-06,0.9847143076000547,0.014091135803117145,23.937193807564178,26,444,1199,4245,41818,244303,2033,0.02175191064079953,0.05873995688810504,0.20796590241034685,0.08558634155127035
787,3.7297690698148535e-06,0.9847073332353997,0.014097953606915447,23.937193807564178,26,444,1236,5592,41819,244303,2036,0.02175191064079953,0.06055261610817166,0.2739564961787184,0.08558838819007544
788,3.746352876692492e-06,0.984712838323597,0.014088898829864447,23.937193807564178,26,435,1208,4451,41828,244303,1996,0.021310993533215757,0.05918087399568881,0.21805800509504214,0.08560680793932125
789,3.5786656143775634e-06,0.9847175457290724,0.014081746372093768,23.937193807564178,26,416,1195,4133,41830,244303,1985,0.020380168528316676,0.058543993729178914,0.20247893396041544,0.08561090121693143
790,3.4909044158347988e-06,0.9847151826339866,0.014091603499392084,23.937193807564178,26,443,1187,3930,41831,244303,2006,0.021702919851068,0.05815206741132667,0.19253380364491476,0.08561294785573652
791,3.663261549242803e-06,0.9847122543530702,0.014093727019768963,23.937193807564178,26,421,1168,3994,41838,244303,1983,0.020625122476974327,0.05722124240642759,0.1956692141877327,0.08562727432737216
792,3.5522101667242838e-06,0.9847073201467442,0.01410048080877988,23.937193807564178,26,440,1232,4829,41840,244303,2032,0.021555947481873408,0.06035665294924554,0.23657652361356066,0.08563136760498234
793,3.6510410952189144e-06,0.9847145742026875,0.014089986596208477,23.937193807564178,26,442,1212,4240,41846,244303,2013,0.02165392906133647,0.059376837154614934,0.2077209484616892,0.08564364743781289
794,3.5235399581065433e-06,0.9847194745156814,0.014082164031534216,23.937193807564178,26,419,1216,4543,41847,244303,2009,0.02052714089751127,0.059572800313541056,0.22256515775034294,0.08564569407661797
795,3.5748416179632558e-06,0.9847166535401203,0.014090681017591655,23.937193807564178,26,434,1175,3836,41853,244303,1985,0.021262002743484224,0.05756417793454831,0.18792866941015088,0.08565797390944851
796,3.620722479667499e-06,0.9847121423409892,0.014091314528338601,23.937193807564178,26,433,1199,4257,41857,244303,2022,0.021213011953752695,0.05873995688810504,0.20855379188712522,0.08566616046466888
797,3.5575032095316368e-06,0.9847077020155192,0.014098472159879265,23.937193807564178,26,436,1226,5088,41869,244303,2018,0.021359984322947285,0.06006270821085636,0.24926513815402704,0.08569072013032995
798,3.8003715004074106e-06,0.9847155242092753,0.014088736275499732,23.937193807564178,26,417,1153,4199,41870,244303,1929,0.020429159318048208,0.05648638056045464,0.20571232608269646,0.08569276676913505
799,3.5973787156974334e-06,0.984719763101298,0.014083168101954216,23.937193807564178,26,406,1164,4617,41881,244303,1944,0.019890260631001373,0.05702527924750147,0.2261904761904762,0.08571527979599104
800,3.51218080105757e-06,0.9847160112429194,0.01409251077117031,23.937193807564178,26,438,1177,3237,41882,244303,1992,0.021457965902410347,0.057662159514011366,0.15858318636096413,0.08571732643479614
801,3.692768559221058e-06,0.9847121096142987,0.01409190938892086,23.937193807564178,26,420,1159,4027,41883,244303,1973,0.0205761316872428,0.05678032529884382,0.1972859102488732,0.08571937307360122
802,3.5282094097385883e-06,0.9847066517317541,0.014099321241876574,23.937193807564178,26,435,1220,4847,41883,244303,2011,0.021310993533215757,0.05976876347246718,0.2374583578287282,0.08571937307360122
803,3.63882786593305e-06,0.9847153245244158,0.014088656395075698,23.937193807564178,26,437,1199,4099,41884,244303,1995,0.021408975112678818,0.05873995688810504,0.2008132471095434,0.08572141971240632
804,3.4689913247419323e-06,0.984718471112703,0.014084712217701906,23.937193807564178,26,421,1227,3603,41892,244303,2022,0.020625122476974327,0.06011169900058789,0.1765138154027043,0.08573779282284703
805,3.643981005940807e-06,0.9847160305669291,0.014093976090320887,23.937193807564178,26,442,1177,3502,41894,244303,1995,0.02165392906133647,0.057662159514011366,0.17156574563981972,0.08574188610045722
806,3.7149357987649112e-06,0.984712459949031,0.014090329116991795,23.937193807564178,26,433,1197,4910,41896,244303,2020,0.021213011953752695,0.05864197530864197,0.2405447775818146,0.0857459793780674
807,3.4791695076720183e-06,0.9847059726484905,0.014097972247187864,23.937193807564178,26,437,1242,5389,41896,244303,2035,0.021408975112678818,0.06084656084656084,0.2640113658632177,0.0857459793780674
808,3.755258511431257e-06,0.9847152299249131,0.014088189376671103,23.937193807564178,26,422,1164,4078,41902,244303,1945,0.02067411326670586,0.05702527924750147,0.19978444052518127,0.08575825921089794
809,3.6284799576401973e-06,0.9847172390082639,0.014085885929406735,23.937193807564178,26,409,1195,3961,41903,244303,1978,0.020037233000195963,0.058543993729178914,0.1940525181265922,0.08576030584970304
810,3.5899127394982534e-06,0.9847157947989904,0.01409343541894328,23.937193807564178,26,447,1188,3624,41903,244303,2011,0.02189888300999412,0.0582010582010582,0.17754262198706644,0.08576030584970304
811,3.781346676253929e-06,0.9847129185614496,0.014090142141787719,23.937193807564178,26,431,1174,4460,41903,244303,1995,0.021115030374289634,0.05751518714481677,0.2184989222026259,0.08576030584970304
812,3.5720732227622125e-06,0.9847082515967738,0.014095845404516815,23.937193807564178,26,439,1229,5178,41909,244303,2024,0.021506956692141876,0.06020968058005095,0.2536743092298648,0.08577258568253357
813,3.6353994402215144e-06,0.9847152289218871,0.014087344801171938,23.937193807564178,26,440,1198,4097,41910,244303,1997,0.021555947481873408,0.05869096609837351,0.20071526553008034,0.08577463232133867
814,3.497474541586782e-06,0.9847171191758122,0.014085965754829654,23.937193807564178,26,417,1219,4276,41916,244303,2011,0.020429159318048208,0.05971977268273564,0.2094846168920243,0.08578691215416921
815,3.5899494051852106e-06,0.9847155744060571,0.014093805836409644,23.937193807564178,26,441,1182,3655,41917,244303,1999,0.021604938271604937,0.05790711346266902,0.17906133646874386,0.0857889587929743
816,3.7072376782844908e-06,0.984711575699007,0.014092376522022365,23.937193807564178,26,429,1184,4877,41919,244303,2003,0.021017048794826573,0.05800509504213208,0.2389280815206741,0.08579305207058448
817,3.5756424581405717e-06,0.9847083523715856,0.014096792122450656,23.937193807564178,26,438,1232,5312,41922,244303,2026,0.021457965902410347,0.06035665294924554,0.2602390750538899,0.08579919198699976
818,3.7669411381712047e-06,0.9847154904993367,0.014086901748323461,23.937193807564178,26,419,1163,4229,41922,244303,1941,0.02052714089751127,0.05697628845776994,0.20718204977464236,0.08579919198699976
819,3.5581488296954613e-06,0.9847174261468186,0.014084955410595278,23.937193807564178,26,409,1186,4142,41930,244303,1969,0.020037233000195963,0.05810307662159514,0.20291985106799923,0.08581556509744047
820,3.571140172675812e-06,0.9847156624577332,0.014092964848342009,23.937193807564178,26,437,1178,3643,41932,244303,1993,0.021408975112678818,0.057711150303742895,0.17847344699196552,0.08581965837505065
821,3.696504009517841e-06,0.9847123703729431,0.014091802556667478,23.937193807564178,26,424,1165,4577,41933,244303,1983,0.02077209484616892,0.057074270037233,0.22423084460121498,0.08582170501385575
822,3.5741290371864756e-06,0.9847081969325115,0.014097752489595728,23.937193807564178,26,435,1222,5241,41934,244303,2013,0.021310993533215757,0.05986674505193024,0.2567607289829512,0.08582375165266083
823,3.675644816775599e-06,0.9847171578129519,0.014086120492624223,23.937193807564178,26,435,1196,4150,41934,244303,1991,0.021310993533215757,0.05859298451891044,0.20331177738585146,0.08582375165266083
824,3.509649414546344e-06,0.9847182560410448,0.01408480743675085,23.937193807564178,26,413,1202,4242,41938,244303,1990,0.020233196159122085,0.05888692925729963,0.20781893004115226,0.0858319382078812
825,3.553838120613849e-06,0.9847152114581097,0.014093302153022602,23.937193807564178,26,437,1183,3663,41938,244303,1996,0.021408975112678818,0.057956104252400546,0.17945326278659612,0.0858319382078812
826,3.6712147315666276e-06,0.9847113925968068,0.014092377345460864,23.937193807564178,26,422,1184,5016,41939,244303,1996,0.02067411326670586,0.05800509504213208,0.24573780129335684,0.08583398484668629
827,3.607271224897022e-06,0.9847080752436423,0.01409880256523635,23.937193807564178,26,439,1229,5193,41943,244303,2024,0.021506956692141876,0.06020968058005095,0.25440917107583777,0.08584217140190666
828,3.876247022790335e-06,0.9847168223667732,0.014086325066530722,23.937193807564178,26,419,1162,4298,41943,244303,1941,0.02052714089751127,0.05692729766803841,0.21056241426611796,0.08584217140190666
829,3.659199636884494e-06,0.9847181374658912,0.014083104576435862,23.937193807564178,26,401,1146,4131,41943,244303,1921,0.01964530668234372,0.05614344503233392,0.20238095238095238,0.08584217140190666
830,3.6054821474396416e-06,0.9847172511664651,0.014091312450018122,23.937193807564178,26,429,1169,3949,41944,244303,1974,0.021017048794826573,0.05727023319615912,0.19346462864981384,0.08584421804071174
831,3.7163146237685906e-06,0.984713666546794,0.01409059955733771,23.937193807564178,26,427,1178,5125,41944,244303,1999,0.02091906721536351,0.057711150303742895,0.2510777973740937,0.08584421804071174
832,3.5063591055107894e-06,0.9847073531098931,0.01409916673389303,23.937193807564178,26,453,1250,5291,41948,244303,2059,0.022192827748383305,0.06123848716441309,0.2592102684695277,0.0858524045959321
833,3.680389993747373e-06,0.9847152042710546,0.014087310819927808,23.937193807564178,26,444,1209,4254,41949,244303,2012,0.02175191064079953,0.05922986478542034,0.20840681951793064,0.08585445123473719
834,3.4734578401776235e-06,0.9847169451313902,0.014084588536682527,23.937193807564178,26,417,1212,4491,41950,244303,2003,0.020429159318048208,0.059376837154614934,0.22001763668430335,0.08585649787354228
835,3.5248902851021053e-06,0.9847148079577249,0.014093649899111776,23.937193807564178,26,439,1184,3746,41950,244303,1999,0.021506956692141876,0.05800509504213208,0.18351949833431314,0.08585649787354228
836,3.65596798120871e-06,0.9847114663495913,0.014092225292643848,23.937193807564178,26,420,1193,5079,41955,244303,2004,0.0205761316872428,0.058446012149715856,0.24882422104644328,0.08586673106756773
837,3.5552656515675723e-06,0.9847064694983118,0.014101067747086514,23.937193807564178,26,445,1255,5334,41956,244303,2056,0.02180090143053106,0.06148344111307074,0.2613168724279835,0.08586877770637283
838,3.852910849262877e-06,0.9847170474382898,0.014085348550249063,23.937193807564178,26,418,1158,4597,41957,244303,1935,0.020478150107779737,0.05673133450911229,0.22521066039584559,0.08587082434517791
839,3.549368062765035e-06,0.9847188000292206,0.0140825484776818,23.937193807564178,26,405,1158,4751,41961,244303,1937,0.01984126984126984,0.05673133450911229,0.23275524201450126,0.08587901090039828
840,3.519257003920182e-06,0.9847161522836176,0.014092664890420098,23.937193807564178,26,435,1177,3748,41961,244303,1988,0.021310993533215757,0.057662159514011366,0.18361747991377622,0.08587901090039828
841,3.694882281573726e-06,0.9847121897227005,0.014092486409494431,23.937193807564178,26,425,1175,5077,41962,244303,1999,0.02082108563590045,0.05756417793454831,0.24872623946698022,0.08588105753920337
842,3.5712334635267145e-06,0.9847059840219702,0.01410159434532627,23.937193807564178,26,443,1228,5303,41968,244303,2027,0.021702919851068,0.06016068979031942,0.2597981579463061,0.0858933373720339
843,3.7316474562548457e-06,0.9847163500453568,0.014085424166645983,23.937193807564178,26,436,1187,4443,41968,244303,1987,0.021359984322947285,0.05815206741132667,0.21766607877718988,0.0858933373720339
844,3.4792773844664276e-06,0.9847185442859455,0.014082283253053073,23.937193807564178,26,409,1197,5405,41970,244303,1980,0.020037233000195963,0.05864197530864197,0.2647952184989222,0.08589743064964409
845,3.58210429586549e-06,0.984716045598832,0.014093235879748495,23.937193807564178,26,444,1183,3607,41970,244303,2003,0.02175191064079953,0.057956104252400546,0.17670977856163042,0.08589743064964409
846,3.7696801176355266e-06,0.9847123480781097,0.01409170676425429,23.937193807564178,26,422,1189,5198,41973,244303,2006,0.02067411326670586,0.058250048990789734,0.2546541250244954,0.08590357056605936
847,3.6011457642468556e-06,0.9847057443766549,0.014100494089700337,23.937193807564178,26,440,1238,5504,41974,244303,2034,0.021555947481873408,0.06065059768763473,0.2696453066823437,0.08590561720486445
848,3.887515415949356e-06,0.9847156258826161,0.01408551770663146,23.937193807564178,26,419,1159,4296,41977,244303,1937,0.02052714089751127,0.05678032529884382,0.2104644326866549,0.08591175712127973
849,3.6345441298383847e-06,0.9847193723350417,0.014080985368009155,23.937193807564178,26,398,1153,4293,41979,244303,1925,0.019498334313149127,0.05648638056045464,0.21031746031746032,0.08591585039888991
850,3.5645321219189324e-06,0.98471802826469,0.01409222753945604,23.937193807564178,26,434,1170,3608,41980,244303,1980,0.021262002743484224,0.05731922398589065,0.17675876935136195,0.08591789703769499
851,3.71235299097022e-06,0.9847125491304204,0.014092974225654894,23.937193807564178,26,431,1184,4155,41982,244303,2009,0.021115030374289634,0.05800509504213208,0.2035567313345091,0.08592199031530517
852,3.525588016900018e-06,0.9847048215236878,0.014101902676007371,23.937193807564178,26,456,1249,4985,41987,244303,2061,0.022339800117577895,0.06118949637468156,0.2442190868116794,0.08593222350933062
853,3.661720264218802e-06,0.9847145566647955,0.01408680171959503,23.937193807564178,26,445,1208,4345,41988,244303,2012,0.02180090143053106,0.05918087399568881,0.2128649813834999,0.08593427014813572
854,3.4074354288891927e-06,0.9847172972578023,0.014083833009251295,23.937193807564178,26,423,1227,4737,41990,244303,2024,0.02072310405643739,0.06011169900058789,0.23206937095825986,0.0859383634257459
855,3.628705717760603e-06,0.9847173360908505,0.014093155182521262,23.937193807564178,26,449,1166,3645,41993,244303,1991,0.021996864589457182,0.057123260826964534,0.17857142857142858,0.08594450334216117
856,3.720967469696501e-06,0.9847108856757749,0.014092144456469741,23.937193807564178,26,427,1196,5612,41999,244303,2018,0.02091906721536351,0.05859298451891044,0.274936311973349,0.08595678317499171
857,3.5156024054052273e-06,0.9847049401507317,0.014100423697085758,23.937193807564178,26,441,1238,5476,42000,244303,2035,0.021604938271604937,0.06065059768763473,0.26827356456986085,0.08595882981379681
858,3.885314640150248e-06,0.9847157265692275,0.014086810102933011,23.937193807564178,26,416,1150,4356,42000,244303,1925,0.020380168528316676,0.05633940819126004,0.21340388007054673,0.08595882981379681
859,3.6660458961852365e-06,0.9847202813644926,0.014082110723804926,23.937193807564178,26,400,1153,5198,42000,244303,1927,0.01959631589261219,0.05648638056045464,0.2546541250244954,0.08595882981379681
860,3.5579448415977696e-06,0.9847181865289015,0.014092581848923522,23.937193807564178,26,441,1176,3566,42001,244303,1993,0.021604938271604937,0.05761316872427984,0.17470115618263765,0.08596087645260189
861,3.710439910815665e-06,0.9847118442983549,0.01409199745152698,23.937193807564178,26,436,1176,4153,42001,244303,2006,0.021359984322947285,0.05761316872427984,0.20345874975504605,0.08596087645260189
862,3.4499457078028573e-06,0.9847043524082304,0.014100742154041123,23.937193807564178,26,455,1247,4855,42001,244303,2058,0.022290809327846366,0.0610915147952185,0.23785028414658044,0.08596087645260189
863,3.7982821021088295e-06,0.9847149074414777,0.014090339352332604,23.937193807564178,26,457,1203,4258,42002,244303,2016,0.022388790907309424,0.05893592004703116,0.20860278267685675,0.08596292309140698
864,3.7080261572782133e-06,0.9847169028266426,0.014083864490096387,23.937193807564178,26,418,1196,3731,42006,244303,1985,0.020478150107779737,0.05859298451891044,0.1827846364883402,0.08597110964662734
865,3.436350154036855e-06,0.9847123794127284,0.0140936367782065,23.937193807564178,26,444,1221,3016,42009,244303,2031,0.02175191064079953,0.05981775426219871,0.1477562218302959,0.08597724956304262
866,3.81457499303132e-06,0.9847116706622003,0.014093895527029792,23.937193807564178,26,441,1190,4069,42011,244303,2021,0.021604938271604937,0.05829903978052126,0.19934352341759748,0.0859813428406528
867,3.77956708512284e-06,0.9847057480965417,0.01409963548276664,23.937193807564178,26,446,1248,4839,42012,244303,2050,0.021849892220262592,0.06114050558495003,0.23706643151087595,0.08598338947945788
868,3.7950412530477486e-06,0.9847165105206218,0.014086486832687295,23.937193807564178,26,445,1213,3942,42012,244303,2008,0.02180090143053106,0.05942582794434646,0.1931216931216931,0.08598338947945788
869,3.6038912621067657e-06,0.984715937182106,0.014082712467035305,23.937193807564178,26,423,1210,3425,42013,244303,2004,0.02072310405643739,0.05927885557515187,0.16779345483049188,0.08598543611826298
870,3.527548254906643e-06,0.9847118349523428,0.014093852746340906,23.937193807564178,26,455,1217,3220,42015,244303,2037,0.022290809327846366,0.059621791103272585,0.15775034293552812,0.08598952939587316
871,3.6940748323928713e-06,0.9847102764514198,0.014093669702947257,23.937193807564178,26,443,1185,4725,42015,244303,2022,0.021702919851068,0.05805408583186361,0.23148148148148148,0.08598952939587316
872,3.627866275739141e-06,0.9847051981882478,0.014101368378846173,23.937193807564178,26,451,1249,5044,42016,244303,2056,0.022094846168920244,0.06118949637468156,0.2471095434058397,0.08599157603467825
873,3.672187584926211e-06,0.9847152270379064,0.014087985055938433,23.937193807564178,26,443,1224,4040,42018,244303,2020,0.021702919851068,0.059964726631393295,0.1979227905153831,0.08599566931228843
874,3.4329517656139856e-06,0.9847187461543272,0.014082590934028725,23.937193807564178,26,417,1215,3813,42030,244303,2008,0.020429159318048208,0.05952380952380952,0.18680188124632569,0.08602022897794952
875,3.6202569754038918e-06,0.984716508886088,0.014094107211754223,23.937193807564178,26,450,1179,4001,42035,244303,2005,0.02204585537918871,0.057760141093474424,0.19601214971585343,0.08603046217197496
876,3.848246519459223e-06,0.9847096950065931,0.014094884881050651,23.937193807564178,26,429,1191,3983,42038,244303,2010,0.021017048794826573,0.05834803057025279,0.19513031550068588,0.08603660208839024
877,3.6846651275054816e-06,0.984703886635311,0.01410170950353686,23.937193807564178,26,435,1218,4852,42041,244303,2010,0.021310993533215757,0.059670781893004114,0.23770331177738585,0.08604274200480551
878,3.909291159927897e-06,0.9847165436268868,0.014085411366455918,23.937193807564178,26,414,1154,4039,42044,244303,1927,0.020282186948853614,0.056535371350186166,0.19787379972565158,0.08604888192122077
879,3.6417962856022243e-06,0.9847200334010004,0.014080380840356881,23.937193807564178,26,401,1154,3605,42044,244303,1929,0.01964530668234372,0.056535371350186166,0.17661179698216736,0.08604888192122077
880,3.5876702040470665e-06,0.98471811197637,0.014092596181134337,23.937193807564178,26,446,1192,3033,42044,244303,2004,0.021849892220262592,0.05839702135998432,0.14858906525573193,0.08604888192122077
881,3.822852107376364e-06,0.9847124097591974,0.014092068311651959,23.937193807564178,26,439,1172,4503,42045,244303,2005,0.021506956692141876,0.057417205565353714,0.22060552616108173,0.08605092856002587
882,3.5210585546413736e-06,0.9847049591928456,0.014099446333605561,23.937193807564178,26,457,1231,5308,42046,244303,2044,0.022388790907309424,0.06030766215951401,0.26004311189496376,0.08605297519883096
883,3.5799987332636204e-06,0.9847138774501782,0.014088075484397071,23.937193807564178,26,442,1208,4069,42047,244303,2009,0.02165392906133647,0.05918087399568881,0.19934352341759748,0.08605502183763605
884,3.4039232954047336e-06,0.9847186868541987,0.014083938629947147,23.937193807564178,26,425,1223,4753,42047,244303,2023,0.02082108563590045,0.059915735841661766,0.23285322359396435,0.08605502183763605
885,3.5161444196147405e-06,0.9847160608764419,0.014095149245005201,23.937193807564178,26,446,1179,3545,42047,244303,2001,0.021849892220262592,0.057760141093474424,0.17367234959827552,0.08605502183763605
886,3.6596943892124403e-06,0.9847102548142133,0.014094309789488694,23.937193807564178,26,430,1190,4087,42057,244303,2010,0.0210660395845581,0.05829903978052126,0.20022535763276503,0.08607548822568696
887,3.558090685902437e-06,0.9847045418507524,0.0141015609316519,23.937193807564178,26,438,1235,4928,42057,244303,2029,0.021457965902410347,0.060503625318440134,0.24142661179698216,0.08607548822568696
888,3.877805625074593e-06,0.9847155040370832,0.014088063446204538,23.937193807564178,26,418,1158,4091,42058,244303,1935,0.020478150107779737,0.05673133450911229,0.20042132079169117,0.08607753486449204
889,3.676364341700336e-06,0.9847192000512711,0.014081882591245909,23.937193807564178,26,394,1144,3415,42058,244303,1913,0.019302371154223005,0.05604546345287086,0.16730354693317656,0.08607753486449204
890,3.6091539027403686e-06,0.9847177972285353,0.014092790937079313,23.937193807564178,26,429,1168,3179,42059,244303,1973,0.021017048794826573,0.05722124240642759,0.15574172055653537,0.08607958150329713
891,3.833218976589862e-06,0.9847140950356609,0.014091819191915418,23.937193807564178,26,429,1180,4184,42061,244303,2003,0.021017048794826573,0.05780913188320596,0.2049774642367235,0.08608367478090731
892,3.5883213699859857e-06,0.9847074390173363,0.014098260328489596,23.937193807564178,26,451,1246,5359,42062,244303,2054,0.022094846168920244,0.061042524005486966,0.2625416421712718,0.08608572141971241
893,3.7345000228921665e-06,0.9847151791889273,0.014086332820977062,23.937193807564178,26,444,1200,4156,42063,244303,2003,0.02175191064079953,0.058788947677836566,0.20360572212424063,0.08608776805851749
894,3.540475502147673e-06,0.9847181924351762,0.01408148624592579,23.937193807564178,26,413,1197,5169,42063,244303,1984,0.020233196159122085,0.05864197530864197,0.253233392122281,0.08608776805851749
895,3.4362918864140158e-06,0.9847138037144227,0.014093629364300664,23.937193807564178,26,438,1205,3377,42064,244303,2009,0.021457965902410347,0.05903390162649422,0.1654418969233784,0.08608981469732259
896,3.7702102604842384e-06,0.9847135826938834,0.014094793064114935,23.937193807564178,26,439,1197,4041,42072,244303,2026,0.021506956692141876,0.05864197530864197,0.19797178130511464,0.08610618780776332
897,3.7193986776760594e-06,0.9847046457472923,0.014101212894374054,23.937193807564178,26,447,1242,4930,42074,244303,2045,0.02189888300999412,0.06084656084656084,0.24152459337644522,0.0861102810853735
898,3.6492525988381486e-06,0.9847138237364461,0.014086988772967716,23.937193807564178,26,436,1220,4251,42076,244303,2009,0.021359984322947285,0.05976876347246718,0.20825984714873605,0.08611437436298368
899,3.4622238675889762e-06,0.9847169230890545,0.014082487196218487,23.937193807564178,26,416,1208,3637,42079,244303,1999,0.020380168528316676,0.05918087399568881,0.17817950225357632,0.08612051427939894
900,3.5337667241564562e-06,0.9847166899655415,0.014092331828089923,23.937193807564178,26,443,1192,3429,42079,244303,2011,0.021702919851068,0.05839702135998432,0.167989417989418,0.08612051427939894
901,3.7210348621871766e-06,0.9847125160505703,0.014094132585920488,23.937193807564178,26,445,1174,4080,42087,244303,2013,0.02180090143053106,0.05751518714481677,0.19988242210464433,0.08613688738983967
902,3.556219940518331e-06,0.9847049776469838,0.014100465643858463,23.937193807564178,26,452,1252,4826,42103,244303,2060,0.022143836958651773,0.06133646874387615,0.23642955124436607,0.08616963361072111
903,3.5598316425213903e-06,0.9847133703188439,0.01408785682190842,23.937193807564178,26,449,1230,4221,42109,244303,2036,0.021996864589457182,0.06025867136978248,0.20679012345679013,0.08618191344355165
904,3.4553785860106836e-06,0.9847171165544004,0.014084321995336543,23.937193807564178,26,419,1211,3667,42110,244303,2005,0.02052714089751127,0.059327846364883405,0.17964922594552224,0.08618396008235675
905,3.5090545548128083e-06,0.9847166026459244,0.014092544167426578,23.937193807564178,26,448,1196,3487,42113,244303,2021,0.02194787379972565,0.05859298451891044,0.17083088379384676,0.08619009999877202
906,3.748826527723377e-06,0.9847111243675141,0.014094292607593019,23.937193807564178,26,418,1177,4484,42113,244303,1990,0.020478150107779737,0.057662159514011366,0.21967470115618265,0.08619009999877202
907,3.7260917579993314e-06,0.984707839277131,0.014099628256116721,23.937193807564178,26,434,1224,5035,42113,244303,2014,0.021262002743484224,0.059964726631393295,0.24666862629825592,0.08619009999877202
908,3.986007493826767e-06,0.9847168398294953,0.01408614663101063,23.937193807564178,26,424,1162,4414,42113,244303,1945,0.02077209484616892,0.05692729766803841,0.21624534587497551,0.08619009999877202
909,3.7942815999971256e-06,0.9847180188883935,0.014082080683104889,23.937193807564178,26,404,1144,3966,42116,244303,1922,0.01979227905153831,0.05604546345287086,0.19429747207524986,0.08619623991518728
910,3.6659080607869283e-06,0.9847172110348759,0.014089348236490924,23.937193807564178,26,422,1161,4437,42116,244303,1959,0.02067411326670586,0.056878306878306875,0.2173721340388007,0.08619623991518728
911,3.711642860182064e-06,0.984713811135458,0.01409099681506421,23.937193807564178,26,430,1173,4121,42116,244303,1997,0.0210660395845581,0.05746619635508524,0.20189104448363707,0.08619623991518728
912,3.550763231846696e-06,0.9847078566450599,0.014098922669855346,23.937193807564178,26,456,1247,5409,42122,244303,2059,0.022339800117577895,0.0610915147952185,0.26499118165784835,0.08620851974801783
913,3.6579847878981395e-06,0.9847148950023442,0.01408818693415741,23.937193807564178,26,448,1208,4576,42125,244303,2015,0.02194787379972565,0.05918087399568881,0.22418185381148345,0.0862146596644331
914,3.404936055235133e-06,0.9847164250640812,0.01408570685962438,23.937193807564178,26,425,1226,3968,42138,244303,2025,0.02082108563590045,0.06006270821085636,0.19439545365471292,0.08624126596889928
915,3.5701385702381783e-06,0.9847163563442313,0.014093615046928078,23.937193807564178,26,453,1179,3541,42138,244303,2008,0.022192827748383305,0.057760141093474424,0.1734763864393494,0.08624126596889928
916,3.69211970517761e-06,0.9847107526419359,0.014092787139636668,23.937193807564178,26,429,1195,4268,42141,244303,2014,0.021017048794826573,0.058543993729178914,0.20909269057417207,0.08624740588531454
917,3.485384303915943e-06,0.9847054088165088,0.014099556931395345,23.937193807564178,26,440,1239,5437,42151,244303,2035,0.021555947481873408,0.060699588477366256,0.26636292377033116,0.08626787227336545
918,3.7973098223219876e-06,0.9847147621585025,0.014088616890036692,23.937193807564178,26,419,1168,4191,42153,244303,1946,0.02052714089751127,0.05722124240642759,0.2053203997648442,0.08627196555097563
919,3.648618933283627e-06,0.9847192004440474,0.014084158500693176,23.937193807564178,26,406,1172,4104,42153,244303,1952,0.019890260631001373,0.057417205565353714,0.20105820105820105,0.08627196555097563
920,3.609201610281831e-06,0.9847169236013256,0.01409246706609841,23.937193807564178,26,437,1174,3492,42159,244303,1987,0.021408975112678818,0.05751518714481677,0.1710758377425044,0.08628424538380618
921,3.7276583810011257e-06,0.9847120839530976,0.014091362662185152,23.937193807564178,26,421,1172,5154,42159,244303,1987,0.020625122476974327,0.057417205565353714,0.25249853027630803,0.08628424538380618
922,3.4826370793449138e-06,0.9847066377589401,0.0140980863289011,23.937193807564178,26,440,1237,4979,42162,244303,2033,0.021555947481873408,0.06060160689790319,0.24392514207329022,0.08629038530022144
923,3.6624872049587424e-06,0.9847139458627634,0.014089903265071101,23.937193807564178,26,440,1206,4100,42162,244303,2005,0.021555947481873408,0.059082892416225746,0.20086223789927493,0.08629038530022144
924,3.7574655413109787e-06,0.9847178607363046,0.01408647998353569,23.937193807564178,26,421,1213,4238,42163,244303,2009,0.020625122476974327,0.05942582794434646,0.20762296688222615,0.08629243193902654
925,3.7332653385953635e-06,0.9847158843509835,0.014091794123356136,23.937193807564178,26,443,1181,3523,42167,244303,2000,0.021702919851068,0.05785812267293749,0.17259455222418185,0.0863006184942469
926,3.6513197485855113e-06,0.9847134208154469,0.014088308059009267,23.937193807564178,26,431,1187,4149,42167,244303,2006,0.021115030374289634,0.05815206741132667,0.20326278659611993,0.0863006184942469
927,3.456958207334577e-06,0.9847080257601066,0.014096454834104117,23.937193807564178,26,438,1244,5050,42167,244303,2038,0.021457965902410347,0.06094454242602391,0.24740348814422888,0.0863006184942469
928,3.7792137992114096e-06,0.984716816436249,0.014088576332972166,23.937193807564178,26,429,1188,4181,42175,244303,1973,0.021017048794826573,0.0582010582010582,0.2048304918675289,0.08631699160468762
929,3.7087882357598777e-06,0.9847154607240243,0.014088882042729857,23.937193807564178,26,418,1189,3554,42181,244303,1979,0.020478150107779737,0.058250048990789734,0.1741132667058593,0.08632927143751816
930,3.6513700873373464e-06,0.98471108343467,0.014097011688874445,23.937193807564178,26,446,1199,3400,42192,244303,2011,0.021849892220262592,0.05873995688810504,0.1665686850872036,0.08635178446437416
931,3.723854414814351e-06,0.9847105705587249,0.014090968722948636,23.937193807564178,26,435,1178,5576,42193,244303,2007,0.021310993533215757,0.057711150303742895,0.2731726435430139,0.08635383110317925
932,3.503207116363595e-06,0.9847079308396938,0.014095990446507604,23.937193807564178,26,438,1237,5944,42193,244303,2031,0.021457965902410347,0.06060160689790319,0.2912012541642171,0.08635383110317925
933,3.627211375547412e-06,0.9847174991203974,0.014086284182694787,23.937193807564178,26,445,1210,4105,42194,244303,2011,0.02180090143053106,0.05927885557515187,0.20110719184793258,0.08635587774198433
934,3.498741621668242e-06,0.9847178907158077,0.014085490249113292,23.937193807564178,26,420,1225,4321,42209,244303,2016,0.0205761316872428,0.06001371742112483,0.21168920242994316,0.0863865773240607
935,3.548708002993261e-06,0.9847131169479031,0.014097005082186075,23.937193807564178,26,455,1214,3704,42213,244303,2034,0.022290809327846366,0.05947481873407799,0.18146188516558887,0.08639476387928105
936,3.705436223417567e-06,0.9847112572823065,0.014092035827228596,23.937193807564178,26,427,1196,4819,42214,244303,2013,0.02091906721536351,0.05859298451891044,0.23608661571624534,0.08639681051808615
937,3.528086725758246e-06,0.9847068837486515,0.014097850621983899,23.937193807564178,26,437,1233,5189,42216,244303,2026,0.021408975112678818,0.06040564373897707,0.2542132079169116,0.08640090379569633
938,3.6886492337632037e-06,0.9847160025766809,0.014086409595816047,23.937193807564178,26,422,1179,4095,42217,244303,1960,0.02067411326670586,0.057760141093474424,0.2006172839506173,0.08640295043450141
939,3.5092973668593755e-06,0.9847189682417596,0.014084469341480452,23.937193807564178,26,406,1201,4283,42220,244303,1981,0.019890260631001373,0.058837938467568095,0.209827552420145,0.08640909035091669
940,3.6005819705364665e-06,0.9847151689003131,0.014095280818837154,23.937193807564178,26,431,1166,3767,42220,244303,1973,0.021115030374289634,0.057123260826964534,0.1845483049186753,0.08640909035091669
941,3.7715901067948726e-06,0.9847117469570016,0.014092389191969574,23.937193807564178,26,427,1167,4996,42220,244303,1988,0.02091906721536351,0.05717225161669606,0.24475798549872624,0.08640909035091669
942,3.573496870443178e-06,0.9847090072626362,0.014096074914156327,23.937193807564178,26,437,1221,5182,42221,244303,2014,0.021408975112678818,0.05981775426219871,0.2538702723887909,0.08641113698972178
943,3.6224200756586455e-06,0.9847165789448714,0.014085449952266623,23.937193807564178,26,438,1195,4056,42221,244303,1993,0.021457965902410347,0.058543993729178914,0.1987066431510876,0.08641113698972178
944,3.409804117700165e-06,0.9847177124611667,0.014084547724036849,23.937193807564178,26,427,1229,4282,42228,244303,2030,0.02091906721536351,0.06020968058005095,0.20977856163041347,0.08642546346135742
945,3.651568519146644e-06,0.9847159086070961,0.014095447172328067,23.937193807564178,26,460,1178,3831,42228,244303,2014,0.022535763276504018,0.057711150303742895,0.18768371546149323,0.08642546346135742
946,3.781414676888739e-06,0.9847092643437221,0.014093404346455935,23.937193807564178,26,432,1186,5001,42230,244303,2008,0.021164021164021163,0.05810307662159514,0.24500293944738388,0.0864295567389676
947,3.5051185489080655e-06,0.9847064097098139,0.014097072272955357,23.937193807564178,26,442,1232,5413,42230,244303,2030,0.02165392906133647,0.06035665294924554,0.26518714481677447,0.0864295567389676
948,3.699455665400308e-06,0.9847154620094135,0.014085922598494826,23.937193807564178,26,417,1168,4060,42230,244303,1944,0.020429159318048208,0.05722124240642759,0.19890260631001372,0.0864295567389676
949,3.575823311364772e-06,0.9847183701496678,0.01408539721483141,23.937193807564178,26,406,1192,4108,42234,244303,1972,0.019890260631001373,0.05839702135998432,0.2012541642171272,0.08643774329418795
950,3.753017752036064e-06,0.9847176812127955,0.014094373543990773,23.937193807564178,26,440,1165,3831,42235,244303,1983,0.021555947481873408,0.057074270037233,0.18768371546149323,0.08643978993299305
951,3.911603635462855e-06,0.9847109352879332,0.014092668786913997,23.937193807564178,26,426,1165,5149,42236,244303,1985,0.020870076425631982,0.057074270037233,0.2522535763276504,0.08644183657179813
952,3.552795852474938e-06,0.9847057758943928,0.014095572985016852,23.937193807564178,26,434,1216,5915,42236,244303,2007,0.021262002743484224,0.059572800313541056,0.28978052126200277,0.08644183657179813
953,3.6687636360240563e-06,0.984717004138283,0.014085010394522713,23.937193807564178,26,430,1188,3965,42236,244303,1977,0.0210660395845581,0.0582010582010582,0.19424848128551833,0.08644183657179813
954,3.521525431362712e-06,0.9847192747399877,0.014083895847439167,23.937193807564178,26,424,1223,4273,42239,244303,2021,0.02077209484616892,0.059915735841661766,0.2093376445228297,0.08644797648821341
955,3.4794914477640295e-06,0.9847155931446682,0.01409440392308273,23.937193807564178,26,469,1220,3844,42239,244303,2056,0.022976680384087792,0.05976876347246718,0.18832059572800314,0.08644797648821341
956,3.6672696798921428e-06,0.9847106954454299,0.014094176114971792,23.937193807564178,26,444,1204,5150,42239,244303,2038,0.02175191064079953,0.05898491083676269,0.2523025671173819,0.08644797648821341
957,3.5159436393418164e-06,0.9847061649102268,0.014098526309366666,23.937193807564178,26,446,1233,5284,42243,244303,2035,0.021849892220262592,0.06040564373897707,0.258867332941407,0.08645616304343377
958,3.6086101402902663e-06,0.9847148392960771,0.014086412043064747,23.937193807564178,26,418,1189,3993,42248,244303,1964,0.020478150107779737,0.058250048990789734,0.19562022339800117,0.08646639623745922
959,3.4339273882558655e-06,0.9847175982607448,0.014085391164590498,23.937193807564178,26,406,1200,4139,42248,244303,1981,0.019890260631001373,0.058788947677836566,0.20277287869880462,0.08646639623745922
960,3.7096884833072486e-06,0.9847171005372799,0.01409591809812275,23.937193807564178,26,446,1164,3680,42257,244303,1994,0.021849892220262592,0.05702527924750147,0.18028610621203214,0.08648481598670503
961,3.857192088856109e-06,0.9847106729807453,0.014093284911576378,23.937193807564178,26,429,1181,4989,42260,244303,2004,0.021017048794826573,0.05785812267293749,0.24441504997060554,0.08649095590312031
962,3.6472267386593116e-06,0.9847043639676185,0.014098662282221846,23.937193807564178,26,447,1233,5318,42260,244303,2037,0.02189888300999412,0.06040564373897707,0.26053301979227905,0.08649095590312031
963,3.931496188139397e-06,0.9847165215791139,0.0140842754621842,23.937193807564178,26,429,1177,4232,42266,244303,1966,0.021017048794826573,0.057662159514011366,0.20732902214383697,0.08650323573595085
964,3.7711283382503366e-06,0.9847187761849964,0.01408143771409593,23.937193807564178,26,397,1137,4238,42272,244303,1908,0.0194493435234176,0.055702527924750146,0.20762296688222615,0.08651551556878138
965,3.5890238017365143e-06,0.9847180271263114,0.01409214560924992,23.937193807564178,26,439,1191,4104,42275,244303,1996,0.021506956692141876,0.05834803057025279,0.20105820105820105,0.08652165548519666
966,3.7705666143742524e-06,0.9847119141654634,0.01409320820217748,23.937193807564178,26,439,1194,5008,42275,244303,2023,0.021506956692141876,0.058495002939447385,0.2453458749755046,0.08652165548519666
967,3.5572428787500078e-06,0.9847053435976707,0.01409999265674827,23.937193807564178,26,457,1237,5301,42277,244303,2050,0.022388790907309424,0.06060160689790319,0.25970017636684306,0.08652574876280685
968,3.7314328300525866e-06,0.9847141357678425,0.014086733665374314,23.937193807564178,26,435,1197,4341,42279,244303,1991,0.021310993533215757,0.05864197530864197,0.2126690182245738,0.08652984204041703
969,3.5406553461509246e-06,0.9847178760605629,0.0140826359408745,23.937193807564178,26,409,1190,4597,42284,244303,1974,0.020037233000195963,0.05829903978052126,0.22521066039584559,0.08654007523444247
970,3.472969145837359e-06,0.9847155079718128,0.01409324558933053,23.937193807564178,26,435,1190,3461,42284,244303,2001,0.021310993533215757,0.05829903978052126,0.16955712326082698,0.08654007523444247
971,3.7534091287528285e-06,0.9847138728985051,0.014093673073104622,23.937193807564178,26,421,1181,4162,42287,244303,1996,0.020625122476974327,0.05785812267293749,0.20389966686262984,0.08654621515085775
972,3.6788019315663734e-06,0.9847062824301223,0.014100871561454018,23.937193807564178,26,441,1236,5404,42289,244303,2033,0.021604938271604937,0.06055261610817166,0.26474622770919065,0.08655030842846792
973,3.7309457009815688e-06,0.9847157314411212,0.014085330383609321,23.937193807564178,26,426,1201,4239,42296,244303,1983,0.020870076425631982,0.058837938467568095,0.20767195767195767,0.08656463490010356
974,3.5192130480860776e-06,0.9847177250787914,0.014082881473599332,23.937193807564178,26,408,1193,3749,42297,244303,1976,0.019988242210464434,0.058446012149715856,0.18366647070350775,0.08656668153890865
975,3.5998917772889117e-06,0.9847146159283491,0.014093948918318076,23.937193807564178,26,436,1190,3478,42297,244303,2003,0.021359984322947285,0.05829903978052126,0.170389966686263,0.08656668153890865
976,3.7531173755319004e-06,0.9847127653390751,0.014092819783769712,23.937193807564178,26,441,1209,5800,42318,244303,2040,0.021604938271604937,0.05922986478542034,0.2841465804428767,0.08660966095381555
977,3.649846374314318e-06,0.9847063798777153,0.014099130858794866,23.937193807564178,26,442,1237,6524,42319,244303,2035,0.02165392906133647,0.06060160689790319,0.3196159122085048,0.08661170759262064
978,3.700655269099793e-06,0.984716190252451,0.014083843905561166,23.937193807564178,26,436,1198,4664,42319,244303,1990,0.021359984322947285,0.05869096609837351,0.22849304330785813,0.08661170759262064
979,3.479261836408451e-06,0.9847186552712904,0.01408153564893187,23.937193807564178,26,408,1194,4679,42319,244303,1978,0.019988242210464434,0.058495002939447385,0.22922790515383107,0.08661170759262064
980,3.5314807227910984e-06,0.9847155779478529,0.014094468440310164,23.937193807564178,26,447,1195,3479,42323,244303,2018,0.02189888300999412,0.058543993729178914,0.17043895747599452,0.086619894147841
981,3.8102068408490254e-06,0.9847112430462904,0.014094361004907345,23.937193807564178,26,422,1176,4210,42327,244303,1992,0.02067411326670586,0.05761316872427984,0.20625122476974328,0.08662808070306137
982,3.574078899924999e-06,0.9847053447295049,0.014099983025313748,23.937193807564178,26,445,1245,5184,42331,244303,2046,0.02180090143053106,0.06099353321575544,0.25396825396825395,0.08663626725828172
983,3.7098323348041966e-06,0.98471491417544,0.01408605688581351,23.937193807564178,26,437,1201,4259,42331,244303,1997,0.021408975112678818,0.058837938467568095,0.20865177346658828,0.08663626725828172
984,3.562618217258815e-06,0.9847199804407581,0.014081092738652188,23.937193807564178,26,410,1194,3593,42331,244303,1980,0.020086223789927495,0.058495002939447385,0.176023907505389,0.08663626725828172
985,3.5452585440466924e-06,0.9847153723967698,0.014093995859658223,23.937193807564178,26,439,1184,3196,42339,244303,1999,0.021506956692141876,0.05800509504213208,0.1565745639819714,0.08665264036872244
986,3.667179557547973e-06,0.9847104969843858,0.014094150416282277,23.937193807564178,26,437,1201,4053,42343,244303,2028,0.021408975112678818,0.058837938467568095,0.19855967078189302,0.08666082692394281
987,3.5715448612200757e-06,0.9847061690016715,0.014100067161313665,23.937193807564178,26,438,1238,5110,42347,244303,2032,0.021457965902410347,0.06065059768763473,0.2503429355281207,0.08666901347916317
988,3.7065933917071836e-06,0.9847164809678296,0.014085887203704251,23.937193807564178,26,427,1184,4176,42347,244303,1970,0.02091906721536351,0.05800509504213208,0.20458553791887124,0.08666901347916317
989,3.5123747228374454e-06,0.9847199318784955,0.014081816326953996,23.937193807564178,26,407,1191,3531,42350,244303,1976,0.0199392514207329,0.05834803057025279,0.1729864785420341,0.08667515339557844
990,3.579236738169883e-06,0.9847152149809972,0.014094671344433972,23.937193807564178,26,441,1186,3257,42356,244303,2003,0.021604938271604937,0.05810307662159514,0.15956300215559474,0.08668743322840898
991,3.818821341039177e-06,0.9847119525656456,0.014092807720822591,23.937193807564178,26,416,1172,4607,42356,244303,1982,0.020380168528316676,0.057417205565353714,0.22570056829316087,0.08668743322840898
992,3.6435693524798843e-06,0.98470684979676,0.01409883319289499,23.937193807564178,26,438,1228,5806,42357,244303,2022,0.021457965902410347,0.06016068979031942,0.28444052518126595,0.08668947986721408
993,3.806953645215495e-06,0.9847167557941915,0.014084284930404936,23.937193807564178,26,423,1166,4445,42357,244303,1948,0.02072310405643739,0.057123260826964534,0.21776406035665294,0.08668947986721408
994,3.5615538902617515e-06,0.9847200548381175,0.01408017547262885,23.937193807564178,26,404,1164,4396,42358,244303,1942,0.01979227905153831,0.05702527924750147,0.21536351165980797,0.08669152650601916
995,3.515521109050796e-06,0.9847152232198718,0.01409414335504443,23.937193807564178,26,434,1172,3714,42359,244303,1982,0.021262002743484224,0.057417205565353714,0.18195179306290418,0.08669357314482426
996,3.678399295701693e-06,0.9847107319871387,0.01409493792496312,23.937193807564178,26,435,1194,4047,42362,244303,2019,0.021310993533215757,0.058495002939447385,0.19826572604350381,0.08669971306123953
997,3.6177734973652857e-06,0.9847062129606897,0.014101395551749598,23.937193807564178,26,440,1228,5376,42365,244303,2024,0.021555947481873408,0.06016068979031942,0.26337448559670784,0.0867058529776548
998,3.736611250687263e-06,0.9847160098790868,0.014085556559403438,23.937193807564178,26,433,1183,4379,42365,244303,1975,0.021213011953752695,0.057956104252400546,0.21453066823437195,0.0867058529776548
999,3.5055265244617624e-06,0.9847193178529134,0.014080786484965238,23.937193807564178,26,407,1189,4614,42371,244303,1970,0.0199392514207329,0.058250048990789734,0.2260435038212816,0.08671813281048533
