t,h
1.126259459923095703e+09,-4.255456378259892189e-12
1.126259459923583984e+09,-3.648431385547715731e-10
1.126259459924072266e+09,-1.479044956692243967e-09
1.126259459924560547e+09,-2.588094830568282710e-09
1.126259459925048828e+09,-3.023571160541881812e-09
1.126259459925537109e+09,-3.658992754480881679e-09
1.126259459926025391e+09,-5.080007342595368359e-09
1.126259459926513672e+09,-6.092424700332737318e-09
1.126259459927001953e+09,-5.753267700589702453e-09
1.126259459927490234e+09,-5.200934692371429783e-09
1.126259459927978516e+09,-5.660149828367547490e-09
1.126259459928466797e+09,-6.337540553962862034e-09
1.126259459928955078e+09,-6.116825647903536503e-09
1.126259459929443359e+09,-5.633950345282945561e-09
1.126259459929931641e+09,-5.770753817682866730e-09
1.126259459930419922e+09,-5.799722586544619321e-09
1.126259459930908203e+09,-4.983033906623010905e-09
1.126259459931396484e+09,-4.298197059734521799e-09
1.126259459931884766e+09,-4.561396830968270048e-09
1.126259459932373047e+09,-4.592237508290633050e-09
1.126259459932861328e+09,-3.354164437538125886e-09
1.126259459933349609e+09,-2.121207174014101923e-09
1.126259459933837891e+09,-2.263872414566209597e-09
1.126259459934326172e+09,-2.690719844242915936e-09
1.126259459934814453e+09,-1.901149250671494018e-09
1.126259459935302734e+09,-7.703619803080930823e-10
1.126259459935791016e+09,-6.959682610952889054e-10
1.126259459936279297e+09,-7.693558150988624434e-10
1.126259459936767578e+09,3.737178916489041981e-10
1.126259459937255859e+09,1.590068693140029332e-09
1.126259459937744141e+09,1.183078881186424933e-09
1.126259459938232422e+09,2.792699201710647388e-10
1.126259459938720703e+09,1.001793921929209354e-09
1.126259459939208984e+09,2.602984435131947765e-09
1.126259459939697266e+09,2.799321973999350530e-09
1.126259459940185547e+09,1.840287808103867764e-09
1.126259459940673828e+09,1.777549337789829533e-09
1.126259459941162109e+09,2.613684246106145417e-09
1.126259459941650391e+09,2.717501236636132227e-09
1.126259459942138672e+09,2.308554970473090511e-09
1.126259459942626953e+09,2.914352728718291430e-09
1.126259459943115234e+09,3.953418963652978583e-09
1.126259459943603516e+09,3.539517737030445236e-09
1.126259459944091797e+09,2.262857440894173920e-09
1.126259459944580078e+09,2.435995796481926584e-09
1.126259459945068359e+09,3.849977560497334758e-09
1.126259459945556641e+09,4.084239042024250562e-09
1.126259459946044922e+09,2.907488566365363318e-09
1.126259459946533203e+09,2.462158723110803555e-09
1.126259459947021484e+09,3.038703414314930541e-09
1.126259459947509766e+09,2.718725841634628270e-09
1.126259459947998047e+09,1.489737538101595749e-09
1.126259459948486328e+09,1.531711155472755799e-09
1.126259459948974609e+09,2.830901910606780659e-09
1.126259459949462891e+09,2.745762093134484963e-09
1.126259459949951172e+09,8.333747825370191677e-10
1.126259459950439453e+09,-1.260856854621524625e-10
1.126259459950927734e+09,9.077889348999197660e-10
1.126259459951416016e+09,1.480668501863937518e-09
1.126259459951904297e+09,3.050579365239034507e-10
1.126259459952392578e+09,-5.546391270597044268e-10
1.126259459952880859e+09,4.905215916610349601e-11
1.126259459953369141e+09,8.379098813346569912e-11
1.126259459953857422e+09,-1.482698867268560064e-09
1.126259459954345703e+09,-2.305532328822230297e-09
1.126259459954833984e+09,-1.015481776924840021e-09
1.126259459955322266e+09,-9.294450368951614787e-11
1.126259459955810547e+09,-1.511961458994134012e-09
1.126259459956298828e+09,-3.108435980312267662e-09
1.126259459956787109e+09,-2.459510346117442534e-09
1.126259459957275391e+09,-1.089081293035850749e-09
1.126259459957763672e+09,-1.412340989863296172e-09
1.126259459958251953e+09,-2.462119188449192775e-09
1.126259459958740234e+09,-2.218018361146332425e-09
1.126259459959228516e+09,-1.544120572958075930e-09
1.126259459959716797e+09,-2.134541930265075474e-09
1.126259459960205078e+09,-2.861734794365238720e-09
1.126259459960693359e+09,-1.901889015207995177e-09
1.126259459961181641e+09,-4.874496436722053149e-10
1.126259459961669922e+09,-8.203232351267617620e-10
1.126259459962158203e+09,-1.992472426340426945e-09
1.126259459962646484e+09,-1.664917357257229047e-09
1.126259459963134766e+09,-2.712339366683663300e-10
1.126259459963623047e+09,9.104637610101287964e-11
1.126259459964111328e+09,-4.138181149772645819e-10
1.126259459964599609e+09,-1.469280514385069730e-10
1.126259459965087891e+09,5.337890238754495844e-10
1.126259459965576172e+09,1.747954672235354862e-10
1.126259459966064453e+09,-5.104274687655209936e-10
1.126259459966552734e+09,1.556382996735631678e-10
1.126259459967041016e+09,1.357062297519374032e-09
1.126259459967529297e+09,1.082514892539964658e-09
1.126259459968017578e+09,-6.770314090567485639e-11
1.126259459968505859e+09,3.968699454336920319e-11
1.126259459968994141e+09,1.091000547849097996e-09
1.126259459969482422e+09,1.111009831406409845e-09
1.126259459969970703e+09,3.821049565004743032e-10
1.126259459970458984e+09,7.241038630859629612e-10
1.126259459970947266e+09,1.579618307196683756e-09
1.126259459971435547e+09,8.848056500304443068e-10
1.126259459971923828e+09,-6.459640012458838709e-10
1.126259459972412109e+09,-3.628966591242809650e-10
1.126259459972900391e+09,1.378456974187364616e-09
1.126259459973388672e+09,1.501872271727221242e-09
1.126259459973876953e+09,-3.852618469800452590e-10
1.126259459974365234e+09,-1.304303255614413068e-09
1.126259459974853516e+09,-1.915389997250769168e-10
1.126259459975341797e+09,5.273130929831431525e-10
1.126259459975830078e+09,-3.866770647622907372e-10
1.126259459976318359e+09,-1.007827037540746824e-09
1.126259459976806641e+09,-2.701857587195565761e-10
1.126259459977294922e+09,8.567070955138978372e-11
1.126259459977783203e+09,-8.119645195602652337e-10
1.126259459978271484e+09,-1.146036751530888908e-09
1.126259459978759766e+09,-3.701482489436515519e-11
1.126259459979248047e+09,5.815463988685889889e-10
1.126259459979736328e+09,-4.083234468287824775e-10
1.126259459980224609e+09,-1.180740837745125727e-09
1.126259459980712891e+09,-4.036343869322738237e-10
1.126259459981201172e+09,4.327176849494606678e-10
1.126259459981689453e+09,9.995278713302964275e-11
1.126259459982177734e+09,-1.305781216020461907e-10
1.126259459982666016e+09,6.112902668532366482e-10
1.126259459983154297e+09,8.020317968699376282e-10
1.126259459983642578e+09,-3.685364771097827936e-10
1.126259459984130859e+09,-9.802753979308228268e-10
1.126259459984619141e+09,1.772469801333511793e-10
1.126259459985107422e+09,1.147636090248034588e-09
1.126259459985595703e+09,2.782402525465489175e-10
1.126259459986083984e+09,-7.903682320913274546e-10
1.126259459986572266e+09,-2.606032883619158116e-10
1.126259459987060547e+09,5.673119132853621533e-10
1.126259459987548828e+09,3.661031576465225714e-11
1.126259459988037109e+09,-6.329474191662569042e-10
1.126259459988525391e+09,7.639952632882439161e-11
1.126259459989013672e+09,7.889209681170683819e-10
1.126259459989501953e+09,-1.055854534925248817e-10
1.126259459989990234e+09,-1.059630654668726068e-09
1.126259459990478516e+09,-1.121913271623278744e-10
1.126259459990966797e+09,1.242030949567011061e-09
1.126259459991455078e+09,6.144149246027196992e-10
1.126259459991943359e+09,-8.691959917047684544e-10
1.126259459992431641e+09,-5.895648265915985513e-10
1.126259459992919922e+09,8.704817853995467100e-10
1.126259459993408203e+09,1.042446851608257985e-09
1.126259459993896484e+09,1.449279506361137073e-10
1.126259459994384766e+09,2.727126013685688074e-10
1.126259459994873047e+09,1.169239917074386294e-09
1.126259459995361328e+09,9.274083366701214274e-10
1.126259459995849609e+09,3.783646181782848380e-11
1.126259459996337891e+09,5.921409052721137632e-10
1.126259459996826172e+09,2.048038114695642482e-09
1.126259459997314453e+09,1.935759569481915576e-09
1.126259459997802734e+09,4.434391776563631169e-10
1.126259459998291016e+09,1.705602059193541098e-10
1.126259459998779297e+09,1.422894863497877329e-09
1.126259459999267578e+09,1.860639472123218792e-09
1.126259459999755859e+09,9.363182769824942585e-10
1.126259460000244141e+09,5.801212466663838014e-10
1.126259460000732422e+09,1.143792555151879195e-09
1.126259460001220703e+09,7.751405497170839054e-10
1.126259460001708984e+09,-5.896966380267286624e-10
1.126259460002197266e+09,-7.022524279459307294e-10
1.126259460002685547e+09,6.956749884509795394e-10
1.126259460003173828e+09,1.058324864898029911e-09
1.126259460003662109e+09,-4.214568812926253913e-10
1.126259460004150391e+09,-1.400862704234307045e-09
1.126259460004638672e+09,-7.636315409505692973e-10
1.126259460005126953e+09,-4.720876609786489518e-10
1.126259460005615234e+09,-1.540114235065961983e-09
1.126259460006103516e+09,-2.064795729995395031e-09
1.126259460006591797e+09,-1.110561314545257980e-09
1.126259460007080078e+09,-7.603903137954782600e-10
1.126259460007568359e+09,-2.139677038254317462e-09
1.126259460008056641e+09,-3.013202633033674792e-09
1.126259460008544922e+09,-1.785755204968177623e-09
1.126259460009033203e+09,-5.051577058636052558e-10
1.126259460009521484e+09,-1.197747000886850320e-09
1.126259460010009766e+09,-2.348173997823082934e-09
1.126259460010498047e+09,-1.896580725916678973e-09
1.126259460010986328e+09,-8.654376867174426265e-10
1.126259460011474609e+09,-9.891132728108041801e-10
1.126259460011962891e+09,-1.349189899795310994e-09
1.126259460012451172e+09,-4.933727926459573676e-10
1.126259460012939453e+09,4.485731172811730023e-10
1.126259460013427734e+09,-6.284814523355426832e-11
1.126259460013916016e+09,-8.185467349887165995e-10
1.126259460014404297e+09,-5.277960530995661069e-11
1.126259460014892578e+09,1.162912275375618136e-09
1.126259460015380859e+09,9.080894859818598668e-10
1.126259460015869141e+09,-3.374926783245769197e-11
1.126259460016357422e+09,1.637968286777969090e-10
1.126259460016845703e+09,8.971170034778808596e-10
1.126259460017333984e+09,6.298409893446837721e-10
1.126259460017822266e+09,1.928750677326324592e-10
1.126259460018310547e+09,1.108737483330623279e-09
1.126259460018798828e+09,2.152127753460238568e-09
1.126259460019287109e+09,1.272438719109581314e-09
1.126259460019775391e+09,-3.460273718425734168e-10
1.126259460020263672e+09,6.779472665074127413e-12
1.126259460020751953e+09,1.815226347065481880e-09
1.126259460021240234e+09,2.234537684402225053e-09
1.126259460021728516e+09,9.931494223593826977e-10
1.126259460022216797e+09,3.910899540518200247e-10
1.126259460022705078e+09,8.745173838876833328e-10
1.126259460023193359e+09,6.919811021300386350e-10
1.126259460023681641e+09,-1.906018209992299764e-10
1.126259460024169922e+09,6.680038072311884000e-11
1.126259460024658203e+09,1.256036833548031674e-09
1.126259460025146484e+09,1.081157024316471812e-09
1.126259460025634766e+09,-5.241454634146178380e-10
1.126259460026123047e+09,-9.980965715601872491e-10
1.126259460026611328e+09,2.835465264543557738e-10
1.126259460027099609e+09,9.607268083129658716e-10
1.126259460027587891e+09,6.715163743072469704e-11
1.126259460028076172e+09,-4.508932262004398415e-10
1.126259460028564453e+09,2.924702953465166036e-10
1.126259460029052734e+09,5.096725022089374663e-10
1.126259460029541016e+09,-4.981700808829907903e-10
1.126259460030029297e+09,-7.704826146922187882e-10
1.126259460030517578e+09,4.335957922091745718e-10
1.126259460031005859e+09,8.847599900374391355e-10
1.126259460031494141e+09,-5.152332865034761825e-10
1.126259460031982422e+09,-1.443054647128689344e-09
1.126259460032470703e+09,-2.239843509746963862e-10
1.126259460032958984e+09,1.164767629615454166e-09
1.126259460033447266e+09,6.503059703511921836e-10
1.126259460033935547e+09,-5.089912810625195267e-10
1.126259460034423828e+09,-4.998905524141805779e-10
1.126259460034912109e+09,-1.974762968767500896e-10
1.126259460035400391e+09,-8.175734458924680578e-10
1.126259460035888672e+09,-1.129182255564425283e-09
1.126259460036376953e+09,-2.675670253227207629e-11
1.126259460036865234e+09,7.182073745887257323e-10
1.126259460037353516e+09,-5.314362071649393134e-10
1.126259460037841797e+09,-1.920890319682719729e-09
1.126259460038330078e+09,-1.118415364430289984e-09
1.126259460038818359e+09,5.085894107275352891e-10
1.126259460039306641e+09,2.733000931350010437e-10
1.126259460039794922e+09,-1.223659663264801875e-09
1.126259460040283203e+09,-1.558734855239407855e-09
1.126259460040771484e+09,-8.677669508877050587e-10
1.126259460041259766e+09,-9.425613642097241341e-10
1.126259460041748047e+09,-1.371003336676206434e-09
1.126259460042236328e+09,-5.347213002707350678e-10
1.126259460042724609e+09,6.494193406223180362e-10
1.126259460043212891e+09,2.409305381719941419e-11
1.126259460043701172e+09,-1.560284402082432641e-09
1.126259460044189453e+09,-1.343520919779284940e-09
1.126259460044677734e+09,5.078703876632722638e-10
1.126259460045166016e+09,1.222417163100808088e-09
1.126259460045654297e+09,3.214421357895830583e-10
1.126259460046142578e+09,8.704256203254394433e-11
1.126259460046630859e+09,1.092054737612976151e-09
1.126259460047119141e+09,1.390673104222078814e-09
1.126259460047607422e+09,5.697403250603319063e-10
1.126259460048095703e+09,5.588930846680832446e-10
1.126259460048583984e+09,1.695821427103997045e-09
1.126259460049072266e+09,1.904889347092340852e-09
1.126259460049560547e+09,7.287126976073406751e-10
1.126259460050048828e+09,3.591437032952357390e-10
1.126259460050537109e+09,1.522588436007373399e-09
1.126259460051025391e+09,2.085360391389240123e-09
1.126259460051513672e+09,1.084239354667746252e-09
1.126259460052001953e+09,4.493389695871952400e-10
1.126259460052490234e+09,1.170732238500805243e-09
1.126259460052978516e+09,1.406960159710384793e-09
1.126259460053466797e+09,2.059884442233796698e-10
1.126259460053955078e+09,-4.879049084183883733e-10
1.126259460054443359e+09,3.936783911815089523e-10
1.126259460054931641e+09,7.776832397151698744e-10
1.126259460055419922e+09,-6.879240534808770237e-10
1.126259460055908203e+09,-1.881722544717722192e-09
1.126259460056396484e+09,-9.819822305453338755e-10
1.126259460056884766e+09,1.739866956513839464e-10
1.126259460057373047e+09,-5.669615777049458056e-10
1.126259460057861328e+09,-1.885484516108039800e-09
1.126259460058349609e+09,-1.678280801738874233e-09
1.126259460058837891e+09,-8.659854475832223946e-10
1.126259460059326172e+09,-1.202889875031948332e-09
1.126259460059814453e+09,-1.710818951881730189e-09
1.126259460060302734e+09,-7.863523390659752183e-10
1.126259460060791016e+09,2.974371052968811045e-10
1.126259460061279297e+09,-3.784620353759269340e-10
1.126259460061767578e+09,-1.552146601580167687e-09
1.126259460062255859e+09,-9.155936096708984303e-10
1.126259460062744141e+09,5.888948718033810195e-10
1.126259460063232422e+09,4.551127198767833431e-10
1.126259460063720703e+09,-8.162315583537713085e-10
1.126259460064208984e+09,-7.983683032533210780e-10
1.126259460064697266e+09,3.357241500166990542e-10
1.126259460065185547e+09,4.181022140047911151e-10
1.126259460065673828e+09,-4.106827698119400808e-10
1.126259460066162109e+09,-1.050481139290109061e-10
1.126259460066650391e+09,1.094466134467754868e-09
1.126259460067138672e+09,9.755782040130831829e-10
1.126259460067626953e+09,-3.609130308130586251e-10
1.126259460068115234e+09,-5.783851538364511803e-10
1.126259460068603516e+09,5.273932309768617273e-10
1.126259460069091797e+09,7.446693746268813470e-10
1.126259460069580078e+09,-2.775121628926780150e-10
1.126259460070068359e+09,-4.829657206055392202e-10
1.126259460070556641e+09,4.686802084401295637e-10
1.126259460071044922e+09,5.712971281881691432e-10
1.126259460071533203e+09,-4.275544374945338407e-10
1.126259460072021484e+09,-3.801387152788099690e-10
1.126259460072509766e+09,9.470233862338951731e-10
1.126259460072998047e+09,1.052175816077342829e-09
1.126259460073486328e+09,-6.244741931528285459e-10
1.126259460073974609e+09,-1.346605156806890633e-09
1.126259460074462891e+09,5.613883864068337384e-11
1.126259460074951172e+09,1.058105149354544437e-09
1.126259460075439453e+09,6.391203196331439664e-11
1.126259460075927734e+09,-8.220100171402642833e-10
1.126259460076416016e+09,8.776400427615476482e-11
1.126259460076904297e+09,1.002736539235354538e-09
1.126259460077392578e+09,3.227522243020158826e-10
1.126259460077880859e+09,-2.392949548069201274e-10
1.126259460078369141e+09,8.618817282586918343e-10
1.126259460078857422e+09,1.743705746443573207e-09
1.126259460079345703e+09,5.518131109789619259e-10
1.126259460079833984e+09,-8.318418525956564326e-10
1.126259460080322266e+09,-8.963792133308905187e-13
1.126259460080810547e+09,1.683291992019998691e-09
1.126259460081298828e+09,1.589485873761871289e-09
1.126259460081787109e+09,3.208748020950032627e-10
1.126259460082275391e+09,9.405601541066733723e-11
1.126259460082763672e+09,6.205307938322780749e-10
1.126259460083251953e+09,2.885775542528069942e-10
1.126259460083740234e+09,-2.777102868785843948e-10
1.126259460084228516e+09,4.310374332479546813e-10
1.126259460084716797e+09,1.360497106580144961e-09
1.126259460085205078e+09,5.248489708740000326e-10
1.126259460085693359e+09,-1.107801026682616636e-09
1.126259460086181641e+09,-1.047579481909298057e-09
1.126259460086669922e+09,3.837729964892674650e-10
1.126259460087158203e+09,7.807659664060731409e-10
1.126259460087646484e+09,-1.154141724192625389e-10
1.126259460088134766e+09,-5.250440272982481465e-10
1.126259460088623047e+09,-2.828819227449999290e-10
1.126259460089111328e+09,-7.575236629221396472e-10
1.126259460089599609e+09,-1.614996773306135640e-09
1.126259460090087891e+09,-1.258995602179693849e-09
1.126259460090576172e+09,-1.870644848028854408e-10
1.126259460091064453e+09,-3.948838138675478875e-10
1.126259460091552734e+09,-1.656612634388541249e-09
1.126259460092041016e+09,-1.862821483680551676e-09
1.126259460092529297e+09,-8.739988548264763755e-10
1.126259460093017578e+09,-5.385124506364891045e-10
1.126259460093505859e+09,-1.024707576194685919e-09
1.126259460093994141e+09,-7.442646248303593166e-10
1.126259460094482422e+09,1.282534010258683564e-10
1.126259460094970703e+09,-1.859534087033339852e-10
1.126259460095458984e+09,-1.288063961835430500e-09
1.126259460095947266e+09,-8.584225479944141699e-10
1.126259460096435547e+09,9.700112787711863471e-10
1.126259460096923828e+09,1.452122038475182843e-09
1.126259460097412109e+09,2.831539681438174751e-11
1.126259460097900391e+09,-7.082891408692816618e-10
1.126259460098388672e+09,3.371614706046446106e-10
1.126259460098876953e+09,1.153564984485083659e-09
1.126259460099365234e+09,7.207438383984153576e-10
1.126259460099853516e+09,6.779229152779039729e-10
1.126259460100341797e+09,1.577935346133412261e-09
1.126259460100830078e+09,1.503738642737860460e-09
1.126259460101318359e+09,2.476867220627304835e-11
1.126259460101806641e+09,-4.407107194624408313e-10
1.126259460102294922e+09,9.488111076964921798e-10
1.126259460102783203e+09,1.610906713228215855e-09
1.126259460103271484e+09,1.885616070809873375e-10
1.126259460103759766e+09,-8.874014388866113389e-10
1.126259460104248047e+09,1.329334058732628908e-10
1.126259460104736328e+09,1.158107687458306718e-09
1.126259460105224609e+09,2.791643869441910300e-10
1.126259460105712891e+09,-7.808350941340189629e-10
1.126259460106201172e+09,-2.564555254566793664e-10
1.126259460106689453e+09,2.059277210285282213e-10
1.126259460107177734e+09,-9.928847003077050223e-10
1.126259460107666016e+09,-1.885941215966158472e-09
1.126259460108154297e+09,-5.215151855049882113e-10
1.126259460108642578e+09,1.050210712142245890e-09
1.126259460109130859e+09,2.564373775648874563e-10
1.126259460109619141e+09,-1.342302774118360569e-09
1.126259460110107422e+09,-9.330754126655277673e-10
1.126259460110595703e+09,5.457810234753403509e-10
1.126259460111083984e+09,5.028772753589074478e-10
1.126259460111572266e+09,-4.467968482232609463e-10
1.126259460112060547e+09,-7.868096163524963549e-11
1.126259460112548828e+09,9.163355151200981866e-10
1.126259460113037109e+09,4.409951944501932877e-10
1.126259460113525391e+09,-6.148955163576036598e-10
1.126259460114013672e+09,3.240805901863310135e-11
1.126259460114501953e+09,1.464485313255688561e-09
1.126259460114990234e+09,1.071171682412969569e-09
1.126259460115478516e+09,-5.088802047520062765e-10
1.126259460115966797e+09,-5.143788809756418627e-10
1.126259460116455078e+09,8.267437534795436602e-10
1.126259460116943359e+09,9.210536364052474080e-10
1.126259460117431641e+09,-2.060551208733368620e-10
1.126259460117919922e+09,-2.313795455598820531e-10
1.126259460118408203e+09,6.998760507454128255e-10
1.126259460118896484e+09,3.025366482701516048e-10
1.126259460119384766e+09,-1.051905688054990639e-09
1.126259460119873047e+09,-7.373915403950525777e-10
1.126259460120361328e+09,9.451122513899942499e-10
1.126259460120849609e+09,9.343725144460318558e-10
1.126259460121337891e+09,-9.537262419661135776e-10
1.126259460121826172e+09,-1.553845229357075125e-09
1.126259460122314453e+09,-1.270119345174581103e-10
1.126259460122802734e+09,4.314616130964814640e-10
1.126259460123291016e+09,-8.668055985642002326e-10
1.126259460123779297e+09,-1.400881226687161421e-09
1.126259460124267578e+09,-1.616497551721937741e-10
1.126259460124755859e+09,2.993669505537836484e-10
1.126259460125244141e+09,-1.058419825547279337e-09
1.126259460125732422e+09,-1.560053072727811530e-09
1.126259460126220703e+09,1.290689835237871921e-10
1.126259460126708984e+09,1.314277994120602574e-09
1.126259460127197266e+09,1.416793217391823839e-10
1.126259460127685547e+09,-1.124509535027135013e-09
1.126259460128173828e+09,-4.061616752718519135e-10
1.126259460128662109e+09,6.360664201005250192e-10
1.126259460129150391e+09,2.283879989955249150e-10
1.126259460129638672e+09,-1.640857094830307715e-10
1.126259460130126953e+09,8.324085388528040253e-10
1.126259460130615234e+09,1.429597319635704446e-09
1.126259460131103516e+09,1.749242225606742600e-10
1.126259460131591797e+09,-8.394342620703613348e-10
1.126259460132080078e+09,3.658741420148223260e-10
1.126259460132568359e+09,1.900374522618088675e-09
1.126259460133056641e+09,1.351291077681201447e-09
1.126259460133544922e+09,-1.739638864105516005e-11
1.126259460134033203e+09,6.473789604525564701e-11
1.126259460134521484e+09,7.409835312016179454e-10
1.126259460135009766e+09,1.967966057578110813e-10
1.126259460135498047e+09,-5.744813011926548216e-10
1.126259460135986328e+09,9.164667529280751425e-11
1.126259460136474609e+09,9.382172510192431049e-10
1.126259460136962891e+09,1.077861039168158322e-10
1.126259460137451172e+09,-1.065431349847882444e-09
1.126259460137939453e+09,-3.994028827166913401e-10
1.126259460138427734e+09,9.596753548000638563e-10
1.126259460138916016e+09,5.735015877889792942e-10
1.126259460139404297e+09,-8.687064035928471845e-10
1.126259460139892578e+09,-1.068226080034807194e-09
1.126259460140380859e+09,-3.938325420031650054e-10
1.126259460140869141e+09,-6.859495761278729279e-10
1.126259460141357422e+09,-1.335325179984493686e-09
1.126259460141845703e+09,-6.192306897586438074e-10
1.126259460142333984e+09,4.438366401724610715e-10
1.126259460142822266e+09,-2.548033167552635814e-10
1.126259460143310547e+09,-1.643875210025685485e-09
1.126259460143798828e+09,-1.128660652105802602e-09
1.126259460144287109e+09,5.494022863207788568e-10
1.126259460144775391e+09,5.269067768493020518e-10
1.126259460145263672e+09,-9.476769284943957852e-10
1.126259460145751953e+09,-1.043305545623000069e-09
1.126259460146240234e+09,4.374639339348099640e-10
1.126259460146728516e+09,9.789714615252096610e-10
1.126259460147216797e+09,2.272025549588951298e-10
1.126259460147705078e+09,3.173085531043398378e-10
1.126259460148193359e+09,1.326714524306056737e-09
1.126259460148681641e+09,1.049023074369938296e-09
1.126259460149169922e+09,-4.033556437612835168e-10
1.126259460149658203e+09,-4.022609193067339090e-10
1.126259460150146484e+09,1.236992057213181533e-09
1.126259460150634766e+09,1.681331619317649203e-09
1.126259460151123047e+09,2.436144039728635471e-10
1.126259460151611328e+09,-4.431699199932817282e-10
1.126259460152099609e+09,5.730537760201601589e-10
1.126259460152587891e+09,9.618937511992119490e-10
1.126259460153076172e+09,-1.892675164100679614e-10
1.126259460153564453e+09,-6.263136362830658443e-10
1.126259460154052734e+09,4.943638359720698367e-10
1.126259460154541016e+09,7.553381879304744487e-10
1.126259460155029297e+09,-8.411195821878150452e-10
1.126259460155517578e+09,-1.688185882910827884e-09
1.126259460156005859e+09,-3.353395173378802237e-10
1.126259460156494141e+09,7.429298764311268905e-10
1.126259460156982422e+09,-3.139026245026013370e-10
1.126259460157470703e+09,-1.435001558587739473e-09
1.126259460157958984e+09,-6.549718625370314675e-10
1.126259460158447266e+09,3.146658979856889559e-10
1.126259460158935547e+09,-3.711692054506505788e-10
1.126259460159423828e+09,-1.112248140655676445e-09
1.126259460159912109e+09,-1.450766767078494164e-10
1.126259460160400391e+09,8.446857884095183850e-10
1.126259460160888672e+09,-9.504613240514547781e-11
1.126259460161376953e+09,-1.319541032694289602e-09
1.126259460161865234e+09,-5.508011445434181534e-10
1.126259460162353516e+09,9.167050470633205440e-10
1.126259460162841797e+09,6.919571741415606313e-10
1.126259460163330078e+09,-3.797033275716148446e-10
1.126259460163818359e+09,-1.352379851345559546e-10
1.126259460164306641e+09,7.612378930489202804e-10
1.126259460164794922e+09,4.370688392885048082e-10
1.126259460165283203e+09,-2.875182701598987195e-10
1.126259460165771484e+09,4.635581996150875233e-10
1.126259460166259766e+09,1.671114626068665299e-09
1.126259460166748047e+09,1.070341698507385229e-09
1.126259460167236328e+09,-5.436628954288944244e-10
1.126259460167724609e+09,-6.072614260080002981e-10
1.126259460168212891e+09,6.544759558388692651e-10
1.126259460168701172e+09,8.709747743141491035e-10
1.126259460169189453e+09,-9.749159290260553114e-11
1.126259460169677734e+09,-3.125882179205071631e-10
1.126259460170166016e+09,3.210175096438502179e-10
1.126259460170654297e+09,1.393999764707701133e-10
1.126259460171142578e+09,-6.793565197436869474e-10
1.126259460171630859e+09,-4.051783009803030832e-10
1.126259460172119141e+09,5.825088282452862020e-10
1.126259460172607422e+09,2.165230323706876901e-10
1.126259460173095703e+09,-1.222212115976372845e-09
1.126259460173583984e+09,-1.296268329208199677e-09
1.126259460174072266e+09,1.747928577917602083e-10
1.126259460174560547e+09,6.847679387980182984e-10
1.126259460175048828e+09,-5.192499553544159218e-10
1.126259460175537109e+09,-1.284691562783400679e-09
1.126259460176025391e+09,-5.583166619426857826e-10
1.126259460176513672e+09,4.976018113881648659e-11
1.126259460177001953e+09,-3.470718383191796960e-10
1.126259460177490234e+09,-4.023120814452863008e-10
1.126259460177978516e+09,4.398123776323040722e-10
1.126259460178466797e+09,6.698135969941235672e-10
1.126259460178955078e+09,-2.404505127364189103e-10
1.126259460179443359e+09,-5.789911956500382628e-10
1.126259460179931641e+09,4.460827443176211282e-10
1.126259460180419922e+09,1.199097109582131386e-09
1.126259460180908203e+09,6.750615718453293189e-10
1.126259460181396484e+09,2.222905894979118956e-10
1.126259460181884766e+09,7.362665050662808705e-10
1.126259460182373047e+09,9.554375147828199613e-10
1.126259460182861328e+09,1.756456801026136384e-10
1.126259460183349609e+09,-1.113832285994421088e-10
1.126259460183837891e+09,9.066626285047567686e-10
1.126259460184326172e+09,1.524665900074761416e-09
1.126259460184814453e+09,5.305145470885766000e-10
1.126259460185302734e+09,-4.888147682737293184e-10
1.126259460185791016e+09,2.135886124322713364e-11
1.126259460186279297e+09,8.485957860510026442e-10
1.126259460186767578e+09,3.901179237638199371e-10
1.126259460187255859e+09,-4.803956685289924160e-10
1.126259460187744141e+09,-3.505034316659985778e-10
1.126259460188232422e+09,-6.166361791657139362e-12
1.126259460188720703e+09,-6.646978988272381575e-10
1.126259460189208984e+09,-1.339830970586969734e-09
1.126259460189697266e+09,-6.729735604754524983e-10
1.126259460190185547e+09,2.320811011969894154e-10
1.126259460190673828e+09,-3.986614149475602055e-10
1.126259460191162109e+09,-1.747121682095932465e-09
1.126259460191650391e+09,-1.760925358353033612e-09
1.126259460192138672e+09,-6.591781914521832850e-10
1.126259460192626953e+09,-2.656044637522580988e-10
1.126259460193115234e+09,-7.427499089180421305e-10
1.126259460193603516e+09,-7.976626622812876918e-10
1.126259460194091797e+09,-4.423706518318205150e-10
1.126259460194580078e+09,-7.457863189339201261e-10
1.126259460195068359e+09,-1.312997623181265562e-09
1.126259460195556641e+09,-7.711962033551020669e-10
1.126259460196044922e+09,4.918742038857618600e-10
1.126259460196533203e+09,7.286452563526893021e-10
1.126259460197021484e+09,-1.438654220774233010e-10
1.126259460197509766e+09,-4.678900824145953903e-10
1.126259460197998047e+09,2.269013348917890737e-10
1.126259460198486328e+09,7.096152094566613888e-10
1.126259460198974609e+09,5.382901745956528820e-10
1.126259460199462891e+09,6.053835267195842292e-10
1.126259460199951172e+09,1.004022962713231576e-09
1.126259460200439453e+09,7.716588096868257743e-10
1.126259460200927734e+09,7.118949342477239222e-11
1.126259460201416016e+09,2.432558485886041748e-10
1.126259460201904297e+09,1.264672168889107073e-09
1.126259460202392578e+09,1.510695627392563483e-09
1.126259460202880859e+09,5.840114682831356282e-10
1.126259460203369141e+09,4.350613779065654927e-11
1.126259460203857422e+09,6.458085523916111948e-10
1.126259460204345703e+09,1.166078312227145634e-09
1.126259460204833984e+09,7.777146701600851070e-10
1.126259460205322266e+09,3.533177680793727153e-10
1.126259460205810547e+09,4.593748483201356924e-10
1.126259460206298828e+09,2.682224240089486813e-10
1.126259460206787109e+09,-4.684090172087330135e-10
1.126259460207275391e+09,-5.511415029900755043e-10
1.126259460207763672e+09,3.459985089415021291e-10
1.126259460208251953e+09,6.439080981367341217e-10
1.126259460208740234e+09,-4.507923425540642598e-10
1.126259460209228516e+09,-1.321419680281426070e-09
1.126259460209716797e+09,-6.170443356824414255e-10
1.126259460210205078e+09,4.457760842392746314e-10
1.126259460210693359e+09,2.784120440950837283e-10
1.126259460211181641e+09,-4.410526566283538710e-10
1.126259460211669922e+09,-3.497231048776928526e-10
1.126259460212158203e+09,6.339460839229857176e-11
1.126259460212646484e+09,-2.732396259397773307e-10
1.126259460213134766e+09,-6.646351395102473014e-10
1.126259460213623047e+09,4.174866178104993939e-11
1.126259460214111328e+09,9.827265755119233879e-10
1.126259460214599609e+09,5.989989786934897344e-10
1.126259460215087891e+09,-4.913146269731271215e-10
1.126259460215576172e+09,-4.732346349280768499e-10
1.126259460216064453e+09,4.919068638147255628e-10
1.126259460216552734e+09,6.594451899216948539e-10
1.126259460217041016e+09,-1.609070497144499177e-10
1.126259460217529297e+09,-4.781044450495751919e-10
1.126259460218017578e+09,2.412599149802511066e-11
1.126259460218505859e+09,1.072423886474304315e-10
1.126259460218994141e+09,-4.369922559560261140e-10
1.126259460219482422e+09,-3.817565202005621302e-10
1.126259460219970703e+09,3.832285174619654000e-10
1.126259460220458984e+09,3.772046434317686070e-10
1.126259460220947266e+09,-7.638910457884272401e-10
1.126259460221435547e+09,-1.446963579288025545e-09
1.126259460221923828e+09,-8.250001022044580206e-10
1.126259460222412109e+09,-1.610531006753164382e-10
1.126259460222900391e+09,-5.105376247594832211e-10
1.126259460223388672e+09,-1.084238117867751173e-09
1.126259460223876953e+09,-1.029945313131483018e-09
1.126259460224365234e+09,-9.165350898546771538e-10
1.126259460224853516e+09,-1.202949575699944866e-09
1.126259460225341797e+09,-1.046418573142241216e-09
1.126259460225830078e+09,-2.460575424176750057e-11
1.126259460226318359e+09,6.209356986675979446e-10
1.126259460226806641e+09,-3.499245513857176691e-11
1.126259460227294922e+09,-8.705437140085565999e-10
1.126259460227783203e+09,-5.203998579937352341e-10
1.126259460228271484e+09,4.507974480966942183e-10
1.126259460228759766e+09,7.734237739628108101e-10
1.126259460229248047e+09,5.962242713047013625e-10
1.126259460229736328e+09,7.106005970890953744e-10
1.126259460230224609e+09,8.350985222365907709e-10
1.126259460230712891e+09,4.549114709325862909e-10
1.126259460231201172e+09,3.167765857013687194e-10
1.126259460231689453e+09,1.201775496808192470e-09
1.126259460232177734e+09,2.105417356320458044e-09
1.126259460232666016e+09,1.601117028191534358e-09
1.126259460233154297e+09,2.964991320668854109e-10
1.126259460233642578e+09,-5.316744606316631110e-11
1.126259460234130859e+09,6.955745130887605860e-10
1.126259460234619141e+09,1.190284046742983160e-09
1.126259460235107422e+09,9.800207254474678155e-10
1.126259460235595703e+09,7.673085077778609592e-10
1.126259460236083984e+09,6.245590540189147735e-10
1.126259460236572266e+09,3.940907930204159599e-11
1.126259460237060547e+09,-4.773192220048613301e-10
1.126259460237548828e+09,5.999538548414749868e-11
1.126259460238037109e+09,1.035420447732943062e-09
1.126259460238525391e+09,8.221068928609231266e-10
1.126259460239013672e+09,-5.193791027140521148e-10
1.126259460239501953e+09,-1.271898127102215569e-09
1.126259460239990234e+09,-9.030281825246333898e-10
1.126259460240478516e+09,-6.457729764892140486e-10
1.126259460240966797e+09,-9.936364257994013971e-10
1.126259460241455078e+09,-9.788852277469696677e-10
1.126259460241943359e+09,-4.516678577147152752e-10
1.126259460242431641e+09,-6.537792780437625072e-10
1.126259460242919922e+09,-1.704587349481312661e-09
1.126259460243408203e+09,-1.890385188318938213e-09
1.126259460243896484e+09,-5.689696913547531142e-10
1.126259460244384766e+09,4.596823628068544222e-10
1.126259460244873047e+09,-1.747925466142106153e-10
1.126259460245361328e+09,-1.236056189613740936e-09
1.126259460245849609e+09,-1.081881055063713417e-09
1.126259460246337891e+09,-1.654295813520205922e-10
1.126259460246826172e+09,2.789825487064640451e-10
1.126259460247314453e+09,3.496660372317085401e-10
1.126259460247802734e+09,5.959952826254277073e-10
1.126259460248291016e+09,5.679367630324049858e-10
1.126259460248779297e+09,-4.862017030670190193e-11
1.126259460249267578e+09,-2.728793782412284930e-10
1.126259460249755859e+09,5.054311200246709785e-10
1.126259460250244141e+09,1.097997854448862164e-09
1.126259460250732422e+09,4.647226328392262683e-10
1.126259460251220703e+09,-3.435412239163333880e-10
1.126259460251708984e+09,-1.584492941159969840e-11
1.126259460252197266e+09,6.981899353752061947e-10
1.126259460252685547e+09,5.211178034638045228e-10
1.126259460253173828e+09,8.441548729493326698e-11
1.126259460253662109e+09,5.595012148599743654e-10
1.126259460254150391e+09,1.136025034428866285e-09
1.126259460254638672e+09,3.990432774601083048e-10
1.126259460255126953e+09,-8.043306267659897093e-10
1.126259460255615234e+09,-5.819971618108451034e-10
1.126259460256103516e+09,6.426727020518615729e-10
1.126259460256591797e+09,7.715074131176059864e-10
1.126259460257080078e+09,-3.820671303567051888e-10
1.126259460257568359e+09,-9.354825868156736420e-10
1.126259460258056641e+09,-2.502810558000907405e-10
1.126259460258544922e+09,3.092715461947054005e-10
1.126259460259033203e+09,7.008801714044562574e-11
1.126259460259521484e+09,-6.777399442785349222e-11
1.126259460260009766e+09,2.434759076466590080e-10
1.126259460260498047e+09,2.008675969082842323e-10
1.126259460260986328e+09,-2.167937445328202472e-10
1.126259460261474609e+09,1.756456040558801324e-11
1.126259460261962891e+09,8.828551954157156311e-10
1.126259460262451172e+09,1.107669879645458028e-09
1.126259460262939453e+09,4.649642168841998461e-10
1.126259460263427734e+09,1.432933190930939953e-10
1.126259460263916016e+09,4.834771688068269942e-10
1.126259460264404297e+09,5.383891294349318208e-10
1.126259460264892578e+09,2.128856595227057520e-10
1.126259460265380859e+09,4.915669881827022074e-10
1.126259460265869141e+09,1.129312761722519452e-09
1.126259460266357422e+09,6.454440639278631973e-10
1.126259460266845703e+09,-7.757139546390749822e-10
1.126259460267333984e+09,-1.030482571502581249e-09
1.126259460267822266e+09,3.847028386375502038e-10
1.126259460268310547e+09,1.267183431443635040e-09
1.126259460268798828e+09,2.674009049937433878e-10
1.126259460269287109e+09,-1.053169009990761973e-09
1.126259460269775391e+09,-1.102150243724305226e-09
1.126259460270263672e+09,-6.717638090137643214e-10
1.126259460270751953e+09,-8.738825824155211417e-10
1.126259460271240234e+09,-1.058405750885336950e-09
1.126259460271728516e+09,-5.976638282424171631e-10
1.126259460272216797e+09,-5.303934144640994374e-10
1.126259460272705078e+09,-1.493834225543406897e-09
1.126259460273193359e+09,-2.067847956675101681e-09
1.126259460273681641e+09,-1.186587633765520250e-09
1.126259460274169922e+09,-2.634425645769597476e-10
1.126259460274658203e+09,-8.190897000827089819e-10
1.126259460275146484e+09,-1.824518939995334139e-09
1.126259460275634766e+09,-1.603832610593299303e-09
1.126259460276123047e+09,-6.792944191919601204e-10
1.126259460276611328e+09,-4.424104394039358438e-10
1.126259460277099609e+09,-5.697506640128882421e-10
1.126259460277587891e+09,-1.098399510460654263e-10
1.126259460278076172e+09,3.125598498699248228e-10
1.126259460278564453e+09,-2.165767910175646430e-10
1.126259460279052734e+09,-7.447091320592295918e-10
1.126259460279541016e+09,-1.279205429261087017e-11
1.126259460280029297e+09,1.068555193381733709e-09
1.126259460280517578e+09,9.470476215272344200e-10
1.126259460281005859e+09,2.335736773872291691e-10
1.126259460281494141e+09,4.697467277716144810e-10
1.126259460281982422e+09,1.256332409837822893e-09
1.126259460282470703e+09,1.242143061605098481e-09
1.126259460282958984e+09,8.864938692327642146e-10
1.126259460283447266e+09,1.458312933029834915e-09
1.126259460283935547e+09,2.252783168584275426e-09
1.126259460284423828e+09,1.726702277096944568e-09
1.126259460284912109e+09,6.041669131696144325e-10
1.126259460285400391e+09,8.235946881038913659e-10
1.126259460285888672e+09,2.013419854238122957e-09
1.126259460286376953e+09,2.118039260263253818e-09
1.126259460286865234e+09,1.078262829505187743e-09
1.126259460287353516e+09,7.109179094355675781e-10
1.126259460287841797e+09,1.206759890869835012e-09
1.126259460288330078e+09,1.010744657597287072e-09
1.126259460288818359e+09,1.117231873714941811e-10
1.126259460289306641e+09,1.257707564158367924e-10
1.126259460289794922e+09,9.532111254157618687e-10
1.126259460290283203e+09,7.010249114012949104e-10
1.126259460290771484e+09,-6.969692966008316648e-10
1.126259460291259766e+09,-1.135582541866008893e-09
1.126259460291748047e+09,-1.719163271809880408e-10
1.126259460292236328e+09,1.630892079820853464e-10
1.126259460292724609e+09,-8.376588617211907691e-10
1.126259460293212891e+09,-1.330427772349148808e-09
1.126259460293701172e+09,-5.256785284634955256e-10
1.126259460294189453e+09,-1.625375616168806137e-10
1.126259460294677734e+09,-1.066517929888479754e-09
1.126259460295166016e+09,-1.509173365967407029e-09
1.126259460295654297e+09,-5.823109352773876322e-10
1.126259460296142578e+09,-5.099257032903185892e-11
1.126259460296630859e+09,-1.014045451010523567e-09
1.126259460297119141e+09,-1.725657850815794835e-09
1.126259460297607422e+09,-8.042414300143466897e-10
1.126259460298095703e+09,2.029720501866491746e-10
1.126259460298583984e+09,-3.080605037955950892e-10
1.126259460299072266e+09,-1.179458847861202542e-09
1.126259460299560547e+09,-8.976465831129120102e-10
1.126259460300048828e+09,-3.761762748241452164e-10
1.126259460300537109e+09,-8.619171910772135831e-10
1.126259460301025391e+09,-1.332849215570286151e-09
1.126259460301513672e+09,-5.782348404523612232e-10
1.126259460302001953e+09,2.088463851109415237e-10
1.126259460302490234e+09,-4.046587272569894261e-10
1.126259460302978516e+09,-1.255615142192668979e-09
1.126259460303466797e+09,-6.691443598266286423e-10
1.126259460303955078e+09,3.823198661445669159e-10
1.126259460304443359e+09,5.446398137217442890e-11
1.126259460304931641e+09,-1.010425060702800267e-09
1.126259460305419922e+09,-1.013761031916347378e-09
1.126259460305908203e+09,-2.956998744556620973e-10
1.126259460306396484e+09,-3.517636563122445247e-10
1.126259460306884766e+09,-8.002614015803618718e-10
1.126259460307373047e+09,-3.342999115777461911e-10
1.126259460307861328e+09,3.922962619649219641e-10
1.126259460308349609e+09,-9.777535557911739063e-11
1.126259460308837891e+09,-1.010289206007992480e-09
1.126259460309326172e+09,-4.537840320126181331e-10
1.126259460309814453e+09,1.034849379641287056e-09
1.126259460310302734e+09,1.315455413695569748e-09
1.126259460310791016e+09,4.337305677643228820e-10
1.126259460311279297e+09,3.613244269753607216e-10
1.126259460311767578e+09,1.310570996464037865e-09
1.126259460312255859e+09,1.582464785551826298e-09
1.126259460312744141e+09,9.782618386150726122e-10
1.126259460313232422e+09,1.085085019993617648e-09
1.126259460313720703e+09,2.013555695238865955e-09
1.126259460314208984e+09,2.075719467452458104e-09
1.126259460314697266e+09,1.103366609821068096e-09
1.126259460315185547e+09,9.554286988284217854e-10
1.126259460315673828e+09,2.107196890614015676e-09
1.126259460316162109e+09,2.723249980603412948e-09
1.126259460316650391e+09,1.910549125680238919e-09
1.126259460317138672e+09,1.076456243166302653e-09
1.126259460317626953e+09,1.174195739155371651e-09
1.126259460318115234e+09,1.277417719019043096e-09
1.126259460318603516e+09,8.187813563928481543e-10
1.126259460319091797e+09,6.582935846887907209e-10
1.126259460319580078e+09,9.630008037633811680e-10
1.126259460320068359e+09,5.509595422151131105e-10
1.126259460320556641e+09,-6.656682113434069991e-10
1.126259460321044922e+09,-1.090621733458633382e-09
1.126259460321533203e+09,-3.073823437495490315e-10
1.126259460322021484e+09,-2.401039463307720591e-12
1.126259460322509766e+09,-9.579878256452815765e-10
1.126259460322998047e+09,-1.721085544792959593e-09
1.126259460323486328e+09,-1.461223439643791902e-09
1.126259460323974609e+09,-1.465917708288546742e-09
1.126259460324462891e+09,-2.375345295379534765e-09
1.126259460324951172e+09,-2.651441699603925885e-09
1.126259460325439453e+09,-1.507099431979353706e-09
1.126259460325927734e+09,-7.271704506855556296e-10
1.126259460326416016e+09,-1.619454091010215258e-09
1.126259460326904297e+09,-2.630187614633696939e-09
1.126259460327392578e+09,-2.112747730890635901e-09
1.126259460327880859e+09,-1.118532336252969375e-09
1.126259460328369141e+09,-1.163878954443765618e-09
1.126259460328857422e+09,-1.471433093650921556e-09
1.126259460329345703e+09,-8.847319218373155608e-10
1.126259460329833984e+09,-3.942221010682194991e-10
1.126259460330322266e+09,-1.097328142925781420e-09
1.126259460330810547e+09,-1.607230309833733778e-09
1.126259460331298828e+09,-3.564449333114712763e-10
1.126259460331787109e+09,1.250920387084710228e-09
1.126259460332275391e+09,1.000525689552750772e-09
1.126259460332763672e+09,-3.007886424806833722e-10
1.126259460333251953e+09,-2.641031412225803135e-10
1.126259460333740234e+09,1.032218003696079304e-09
1.126259460334228516e+09,1.593480588512871228e-09
1.126259460334716797e+09,1.137110603410950807e-09
1.126259460335205078e+09,1.003996242995271299e-09
1.126259460335693359e+09,1.207826822777953588e-09
1.126259460336181641e+09,7.349845423305022137e-10
1.126259460336669922e+09,1.932542418744813498e-10
1.126259460337158203e+09,9.748721731210282562e-10
1.126259460337646484e+09,2.204658308176638987e-09
1.126259460338134766e+09,1.743620615186008076e-09
1.126259460338623047e+09,-1.046987052612388399e-11
1.126259460339111328e+09,-5.674600094448311826e-10
1.126259460339599609e+09,4.992313486208592987e-10
1.126259460340087891e+09,1.125181272501299985e-09
1.126259460340576172e+09,5.701611038580317568e-10
1.126259460341064453e+09,3.025234002187847265e-10
1.126259460341552734e+09,7.429284450520728170e-10
1.126259460342041016e+09,5.269813590496747693e-10
1.126259460342529297e+09,-3.652073621857571977e-10
1.126259460343017578e+09,-1.222359604503502419e-10
1.126259460343505859e+09,1.366513279733015257e-09
1.126259460343994141e+09,1.796367858380788007e-09
1.126259460344482422e+09,3.978751143452429932e-10
1.126259460344970703e+09,-6.082479447207170349e-10
1.126259460345458984e+09,1.500854845429790604e-10
1.126259460345947266e+09,1.032977788322263026e-09
1.126259460346435547e+09,6.246647391372768976e-10
1.126259460346923828e+09,8.612162911581222538e-11
1.126259460347412109e+09,4.714377431518785017e-10
1.126259460347900391e+09,6.134436045928763174e-10
1.126259460348388672e+09,-2.813929821610484200e-10
1.126259460348876953e+09,-6.918101451379630113e-10
1.126259460349365234e+09,3.411063853843377353e-10
1.126259460349853516e+09,1.007704050858235654e-09
1.126259460350341797e+09,-1.837765022929139812e-10
1.126259460350830078e+09,-1.559243081142316526e-09
1.126259460351318359e+09,-1.123827459270213383e-09
1.126259460351806641e+09,-1.168199600787166540e-12
1.126259460352294922e+09,-2.412256716967980187e-10
1.126259460352783203e+09,-1.230659779064908321e-09
1.126259460353271484e+09,-1.252426133614991359e-09
1.126259460353759766e+09,-8.349110044570805162e-10
1.126259460354248047e+09,-1.428029982694246156e-09
1.126259460354736328e+09,-2.240050959168676939e-09
1.126259460355224609e+09,-1.618629513364911704e-09
1.126259460355712891e+09,-4.128073476218368971e-10
1.126259460356201172e+09,-7.157848135181736869e-10
1.126259460356689453e+09,-2.119897247441621812e-09
1.126259460357177734e+09,-2.409247433571215868e-09
1.126259460357666016e+09,-1.366126562971289108e-09
1.126259460358154297e+09,-7.831168875227121266e-10
1.126259460358642578e+09,-1.109237624083941990e-09
1.126259460359130859e+09,-1.111205837254928355e-09
1.126259460359619141e+09,-6.131536051406508224e-10
1.126259460360107422e+09,-6.304860124518497462e-10
1.126259460360595703e+09,-9.106884868706225902e-10
1.126259460361083984e+09,-2.059947808957641969e-10
1.126259460361572266e+09,1.051506032278041259e-09
1.126259460362060547e+09,1.157793435916052576e-09
1.126259460362548828e+09,2.294968818562533082e-10
1.126259460363037109e+09,1.076793323878933191e-10
1.126259460363525391e+09,1.116737513197863172e-09
1.126259460364013672e+09,1.720402623197772779e-09
1.126259460364501953e+09,1.519197307455819390e-09
1.126259460364990234e+09,1.714250012914538828e-09
1.126259460365478516e+09,2.369652249991376099e-09
1.126259460365966797e+09,2.171729860145739818e-09
1.126259460366455078e+09,1.281999215386698082e-09
1.126259460366943359e+09,1.415314077950763558e-09
1.126259460367431641e+09,2.553435343691568674e-09
1.126259460367919922e+09,2.656314173091846930e-09
1.126259460368408203e+09,1.348348561860076492e-09
1.126259460368896484e+09,7.454623682266972742e-10
1.126259460369384766e+09,1.671663935938011491e-09
1.126259460369873047e+09,2.229463520805606333e-09
1.126259460370361328e+09,1.345530078188759991e-09
1.126259460370849609e+09,5.815251041542067563e-10
1.126259460371337891e+09,9.313109290247543363e-10
1.126259460371826172e+09,9.178868194237128016e-10
1.126259460372314453e+09,-3.390469236826652795e-10
1.126259460372802734e+09,-1.132072241841679843e-09
1.126259460373291016e+09,-2.910258675091481761e-10
1.126259460373779297e+09,4.660153940822004794e-10
1.126259460374267578e+09,-4.527663837455021785e-10
1.126259460374755859e+09,-1.690304786118528059e-09
1.126259460375244141e+09,-1.495099798914600148e-09
1.126259460375732422e+09,-7.452377044208151822e-10
1.126259460376220703e+09,-9.600971722016729609e-10
1.126259460376708984e+09,-1.477907261644369827e-09
1.126259460377197266e+09,-1.168381071224733605e-09
1.126259460377685547e+09,-9.264958518387298329e-10
1.126259460378173828e+09,-1.812543956533305998e-09
1.126259460378662109e+09,-2.579051320886614562e-09
1.126259460379150391e+09,-1.772253431928301869e-09
1.126259460379638672e+09,-5.875283540317894870e-10
1.126259460380126953e+09,-8.720295623743297601e-10
1.126259460380615234e+09,-1.869250213601854411e-09
1.126259460381103516e+09,-1.751768094602705290e-09
1.126259460381591797e+09,-9.035665805581109384e-10
1.126259460382080078e+09,-8.147803161308174292e-10
1.126259460382568359e+09,-1.112191734702309110e-09
1.126259460383056641e+09,-6.277144947425317236e-10
1.126259460383544922e+09,-1.018807444819361862e-10
1.126259460384033203e+09,-7.898073754764514585e-10
1.126259460384521484e+09,-1.611487828298516814e-09
1.126259460385009766e+09,-8.387415348722432510e-10
1.126259460385498047e+09,5.245736326903879005e-10
1.126259460385986328e+09,3.277378200741473900e-10
1.126259460386474609e+09,-8.189817632415074922e-10
1.126259460386962891e+09,-6.771313655524247122e-10
1.126259460387451172e+09,4.943576462161949598e-10
1.126259460387939453e+09,6.023432131334105563e-10
1.126259460388427734e+09,-2.000959727333447919e-10
1.126259460388916016e+09,5.550634269704730397e-11
1.126259460389404297e+09,1.082803516771407145e-09
1.126259460389892578e+09,7.165591120571620154e-10
1.126259460390380859e+09,-7.463698220173540336e-10
1.126259460390869141e+09,-6.916434876486685276e-10
1.126259460391357422e+09,1.070736054623095226e-09
1.126259460391845703e+09,1.828543289650067600e-09
1.126259460392333984e+09,8.104174631395096654e-10
1.126259460392822266e+09,3.923787329239219294e-10
1.126259460393310547e+09,1.556964737712848697e-09
1.126259460393798828e+09,2.236266285992968770e-09
1.126259460394287109e+09,1.455395716877063473e-09
1.126259460394775391e+09,1.139458378774625531e-09
1.126259460395263672e+09,2.188984164076264525e-09
1.126259460395751953e+09,2.600464131762162222e-09
1.126259460396240234e+09,1.392071266132972826e-09
1.126259460396728516e+09,7.175983132278561386e-10
1.126259460397216797e+09,1.900184644536442050e-09
1.126259460397705078e+09,2.854955338238908236e-09
1.126259460398193359e+09,1.880146036368547766e-09
1.126259460398681641e+09,7.312728036194825865e-10
1.126259460399169922e+09,1.274309632483929829e-09
1.126259460399658203e+09,2.120322332095016688e-09
1.126259460400146484e+09,1.432614508474660038e-09
1.126259460400634766e+09,3.188491314046636173e-10
1.126259460401123047e+09,4.640213052223564766e-10
1.126259460401611328e+09,8.864886568810034517e-10
1.126259460402099609e+09,8.522056736501117972e-11
1.126259460402587891e+09,-8.553060286400792070e-10
1.126259460403076172e+09,-3.891923963389097935e-10
1.126259460403564453e+09,3.300078497714217878e-10
1.126259460404052734e+09,-4.778052470639498811e-10
1.126259460404541016e+09,-1.859709277077153666e-09
1.126259460405029297e+09,-1.949481660216085761e-09
1.126259460405517578e+09,-1.404375012216978423e-09
1.126259460406005859e+09,-1.889274122356311016e-09
1.126259460406494141e+09,-2.759247821951612887e-09
1.126259460406982422e+09,-2.465107475298093147e-09
1.126259460407470703e+09,-1.782276092584221345e-09
1.126259460407958984e+09,-2.357931246681862094e-09
1.126259460408447266e+09,-3.365286593697012172e-09
1.126259460408935547e+09,-2.932115835826907394e-09
1.126259460409423828e+09,-1.722184701996135288e-09
1.126259460409912109e+09,-1.723064075996154896e-09
1.126259460410400391e+09,-2.518753132521950746e-09
1.126259460410888672e+09,-2.205794648453105588e-09
1.126259460411376953e+09,-1.107803135853680426e-09
1.126259460411865234e+09,-1.061342388852008424e-09
1.126259460412353516e+09,-1.749465111693193726e-09
1.126259460412841797e+09,-1.328724535120330146e-09
1.126259460413330078e+09,-1.357396787886027404e-10
1.126259460413818359e+09,-1.261427138282274604e-10
1.126259460414306641e+09,-1.006357488352734964e-09
1.126259460414794922e+09,-6.245164360677551038e-10
1.126259460415283203e+09,9.532248011096646759e-10
1.126259460415771484e+09,1.476292714722088897e-09
1.126259460416259766e+09,6.508443776373318422e-10
1.126259460416748047e+09,5.332366508875922786e-10
1.126259460417236328e+09,1.552848304168868841e-09
1.126259460417724609e+09,1.851845607235451816e-09
1.126259460418212891e+09,1.047213299775290972e-09
1.126259460418701172e+09,9.780669538099916000e-10
1.126259460419189453e+09,2.029195792480441734e-09
1.126259460419677734e+09,2.294862068191736437e-09
1.126259460420166016e+09,1.250826852065866147e-09
1.126259460420654297e+09,7.834610588735777724e-10
1.126259460421142578e+09,1.611200275060677693e-09
1.126259460421630859e+09,2.069627859783956965e-09
1.126259460422119141e+09,1.451394270691465799e-09
1.126259460422607422e+09,1.177844176368107749e-09
1.126259460423095703e+09,1.628005602916633762e-09
1.126259460423583984e+09,1.273610183685544666e-09
1.126259460424072266e+09,8.456612189583794929e-11
1.126259460424560547e+09,1.727974185473205017e-10
1.126259460425048828e+09,1.727975485662829452e-09
1.126259460425537109e+09,2.070800583261461510e-09
1.126259460426025391e+09,3.608924394534723539e-10
1.126259460426513672e+09,-6.069860592009449915e-10
1.126259460427001953e+09,7.268633482230142569e-10
1.126259460427490234e+09,1.903011863513723077e-09
1.126259460427978516e+09,9.211934852533806364e-10
1.126259460428466797e+09,-2.821689201728133490e-10
1.126259460428955078e+09,3.365114205046624026e-10
1.126259460429443359e+09,1.184334473455565457e-09
1.126259460429931641e+09,3.262056115562749650e-10
1.126259460430419922e+09,-7.268627467195095945e-10
1.126259460430908203e+09,-1.437069448164782338e-11
1.126259460431396484e+09,9.863385918622880163e-10
1.126259460431884766e+09,1.372944562687886552e-10
1.126259460432373047e+09,-1.259779122564137657e-09
1.126259460432861328e+09,-9.111305290150264339e-10
1.126259460433349609e+09,1.992247078501840864e-10
1.126259460433837891e+09,-1.747635942284723707e-10
1.126259460434326172e+09,-1.302772048802656345e-09
1.126259460434814453e+09,-1.166058008674755360e-09
1.126259460435302734e+09,-5.278380847628158429e-10
1.126259460435791016e+09,-1.287954537404230355e-09
1.126259460436279297e+09,-2.419970438494075679e-09
1.126259460436767578e+09,-1.736931053882909295e-09
1.126259460437255859e+09,-3.318718376929278105e-10
1.126259460437744141e+09,-9.287289415540562602e-10
1.126259460438232422e+09,-2.857788225347381287e-09
1.126259460438720703e+09,-3.083400165508237277e-09
1.126259460439208984e+09,-1.530101607725789180e-09
1.126259460439697266e+09,-9.624834035254642618e-10
1.126259460440185547e+09,-1.945845363505770795e-09
1.126259460440673828e+09,-2.320652830125823515e-09
1.126259460441162109e+09,-1.601142471036367513e-09
1.126259460441650391e+09,-1.552332569784416701e-09
1.126259460442138672e+09,-2.215380173386565510e-09
1.126259460442626953e+09,-1.642475116656310427e-09
1.126259460443115234e+09,-5.707165485160270792e-12
1.126259460443603516e+09,2.462263715246326259e-10
1.126259460444091797e+09,-1.041888017722280094e-09
1.126259460444580078e+09,-1.169207115415654131e-09
1.126259460445068359e+09,5.796321407625497993e-10
1.126259460445556641e+09,1.660408355595994044e-09
1.126259460446044922e+09,9.197445055284979761e-10
1.126259460446533203e+09,4.464710473839428614e-10
1.126259460447021484e+09,1.421164103144029907e-09
1.126259460447509766e+09,2.086287857708442337e-09
1.126259460447998047e+09,1.476291020021328512e-09
1.126259460448486328e+09,1.346331855344720008e-09
1.126259460448974609e+09,2.536048058032908035e-09
1.126259460449462891e+09,3.074777717390478621e-09
1.126259460449951172e+09,1.939353372197598286e-09
1.126259460450439453e+09,1.185837787288102621e-09
1.126259460450927734e+09,2.153814510808300691e-09
1.126259460451416016e+09,2.946052845926378524e-09
1.126259460451904297e+09,2.044258479107358363e-09
1.126259460452392578e+09,1.140975394652838691e-09
1.126259460452880859e+09,1.806050094303620106e-09
1.126259460453369141e+09,2.482029214248481885e-09
1.126259460453857422e+09,1.570012784403225313e-09
1.126259460454345703e+09,5.401430570580591956e-10
1.126259460454833984e+09,1.021505179582384794e-09
1.126259460455322266e+09,1.572783720062784299e-09
1.126259460455810547e+09,4.607479686334714585e-10
1.126259460456298828e+09,-9.208879685253544808e-10
1.126259460456787109e+09,-6.463643080213464395e-10
1.126259460457275391e+09,1.160474876043206614e-10
1.126259460457763672e+09,-5.787493677642921850e-10
1.126259460458251953e+09,-1.722026340962115618e-09
1.126259460458740234e+09,-1.414561180487195740e-09
1.126259460459228516e+09,-6.206417947921643287e-10
1.126259460459716797e+09,-1.228242860115268871e-09
1.126259460460205078e+09,-2.200028628906503418e-09
1.126259460460693359e+09,-1.474572775801795744e-09
1.126259460461181641e+09,-1.295152315226703316e-10
1.126259460461669922e+09,-6.663025447024580975e-10
1.126259460462158203e+09,-2.380834556290288909e-09
1.126259460462646484e+09,-2.501108177590080029e-09
1.126259460463134766e+09,-1.044049959456238510e-09
1.126259460463623047e+09,-4.869019647628478454e-10
1.126259460464111328e+09,-1.207876002282381083e-09
1.126259460464599609e+09,-1.294418643278531292e-09
1.126259460465087891e+09,-5.578359202303467751e-10
1.126259460465576172e+09,-7.193902026247889396e-10
1.126259460466064453e+09,-1.649699882257114589e-09
1.126259460466552734e+09,-1.370442773054435145e-09
1.126259460467041016e+09,4.636261074573539616e-12
1.126259460467529297e+09,1.812972839109997793e-10
1.126259460468017578e+09,-1.094975247060052464e-09
1.126259460468505859e+09,-1.507962076748877437e-09
1.126259460468994141e+09,-3.926978438360735026e-10
1.126259460469482422e+09,2.491692225895054185e-10
1.126259460469970703e+09,-3.409249744562535804e-10
1.126259460470458984e+09,-4.775015813067890952e-10
1.126259460470947266e+09,3.571782211766920102e-10
1.126259460471435547e+09,4.137316723854955414e-10
1.126259460471923828e+09,-6.714855880882279487e-10
1.126259460472412109e+09,-7.981355550911457351e-10
1.126259460472900391e+09,6.320660863636295768e-10
1.126259460473388672e+09,1.279436685601151956e-09
1.126259460473876953e+09,4.687806103186981099e-11
1.126259460474365234e+09,-8.199279958300621402e-10
1.126259460474853516e+09,2.686060104849048306e-10
1.126259460475341797e+09,1.529738185447702835e-09
1.126259460475830078e+09,1.260999885594366176e-09
1.126259460476318359e+09,7.771848199194387754e-10
1.126259460476806641e+09,1.473938488773102424e-09
1.126259460477294922e+09,2.012523645573682427e-09
1.126259460477783203e+09,1.130765256213344165e-09
1.126259460478271484e+09,4.581594339430064486e-10
1.126259460478759766e+09,1.600449334760790973e-09
1.126259460479248047e+09,2.915883825634163853e-09
1.126259460479736328e+09,2.275820797789902394e-09
1.126259460480224609e+09,8.454740472960794703e-10
1.126259460480712891e+09,9.450072609654823387e-10
1.126259460481201172e+09,2.054921443807732779e-09
1.126259460481689453e+09,2.180962847308632181e-09
1.126259460482177734e+09,1.547098744255514759e-09
1.126259460482666016e+09,1.649056900354348804e-09
1.126259460483154297e+09,2.015086733523418035e-09
1.126259460483642578e+09,1.216088651384979384e-09
1.126259460484130859e+09,-2.443516880467538122e-12
1.126259460484619141e+09,1.406867896637743480e-10
1.126259460485107422e+09,1.071361567164174714e-09
1.126259460485595703e+09,7.840493464556812044e-10
1.126259460486083984e+09,-5.683082928234538500e-10
1.126259460486572266e+09,-1.131142306499194875e-09
1.126259460487060547e+09,-7.853064330151384418e-10
1.126259460487548828e+09,-1.006453403650000030e-09
1.126259460488037109e+09,-1.771540321912253645e-09
1.126259460488525391e+09,-1.750817843423810625e-09
1.126259460489013672e+09,-1.259827349196367942e-09
1.126259460489501953e+09,-1.853317637932585101e-09
1.126259460489990234e+09,-3.140300689820214336e-09
1.126259460490478516e+09,-3.188142607627598398e-09
1.126259460490966797e+09,-2.095014122495324255e-09
1.126259460491455078e+09,-1.937965213126855669e-09
1.126259460491943359e+09,-2.984655768320788083e-09
1.126259460492431641e+09,-3.230733031065494783e-09
1.126259460492919922e+09,-2.131903661461861219e-09
1.126259460493408203e+09,-1.515863355897928264e-09
1.126259460493896484e+09,-2.086535337786535856e-09
1.126259460494384766e+09,-2.248600271526796774e-09
1.126259460494873047e+09,-1.353265395699119490e-09
1.126259460495361328e+09,-9.545294293600374041e-10
1.126259460495849609e+09,-1.635855615567432647e-09
1.126259460496337891e+09,-1.647643173720772305e-09
1.126259460496826172e+09,-1.803052023384037034e-10
1.126259460497314453e+09,8.899184350974883238e-10
1.126259460497802734e+09,2.299019112816751615e-10
1.126259460498291016e+09,-6.219842953246750708e-10
1.126259460498779297e+09,-3.819305951328772247e-12
1.126259460499267578e+09,1.202469167680010164e-09
1.126259460499755859e+09,1.567889765904402822e-09
1.126259460500244141e+09,1.550124704561277868e-09
1.126259460500732422e+09,1.955418336484459549e-09
1.126259460501220703e+09,2.058010053429266266e-09
1.126259460501708984e+09,1.317442850457657558e-09
1.126259460502197266e+09,1.040256090347942811e-09
1.126259460502685547e+09,2.190804074399759262e-09
1.126259460503173828e+09,3.306998090575279121e-09
1.126259460503662109e+09,2.769631194140438293e-09
1.126259460504150391e+09,1.525713473673764541e-09
1.126259460504638672e+09,1.358549911227995776e-09
1.126259460505126953e+09,1.971615889334635720e-09
1.126259460505615234e+09,2.040080311679377841e-09
1.126259460506103516e+09,1.735015055823536331e-09
1.126259460506591797e+09,1.877652718021675290e-09
1.126259460507080078e+09,1.887727977806643909e-09
1.126259460507568359e+09,9.624397839846444953e-10
1.126259460508056641e+09,1.247025540284483511e-10
1.126259460508544922e+09,6.682268352189686063e-10
1.126259460509033203e+09,1.627343738554431363e-09
1.126259460509521484e+09,1.272622440440515043e-09
1.126259460510009766e+09,1.451705064616288164e-10
1.126259460510498047e+09,2.187975495268148566e-11
1.126259460510986328e+09,7.210887501046270289e-10
1.126259460511474609e+09,6.555592540640280235e-10
1.126259460511962891e+09,-9.349472936098328785e-11
1.126259460512451172e+09,-7.195204529528295961e-11
1.126259460512939453e+09,5.824863495911459193e-10
1.126259460513427734e+09,3.019449934204205175e-10
1.126259460513916016e+09,-9.129698780616544201e-10
1.126259460514404297e+09,-1.393892085791098285e-09
1.126259460514892578e+09,-7.759946950663182263e-10
1.126259460515380859e+09,-4.673443580198741069e-10
1.126259460515869141e+09,-9.809332969810952290e-10
1.126259460516357422e+09,-1.308627453045763463e-09
1.126259460516845703e+09,-1.181989863642973486e-09
1.126259460517333984e+09,-1.488361057888036033e-09
1.126259460517822266e+09,-2.161421871532128357e-09
1.126259460518310547e+09,-2.115214097562125278e-09
1.126259460518798828e+09,-1.575747771836959541e-09
1.126259460519287109e+09,-1.958198347813250455e-09
1.126259460519775391e+09,-3.066953022350903397e-09
1.126259460520263672e+09,-3.063418393793105581e-09
1.126259460520751953e+09,-1.740473530958872415e-09
1.126259460521240234e+09,-1.095672959922269997e-09
1.126259460521728516e+09,-1.912172080379207909e-09
1.126259460522216797e+09,-2.536796339314105144e-09
1.126259460522705078e+09,-2.007374393195903059e-09
1.126259460523193359e+09,-1.598786737897480355e-09
1.126259460523681641e+09,-2.052454740644759889e-09
1.126259460524169922e+09,-2.049103964396240115e-09
1.126259460524658203e+09,-9.359566999829025125e-10
1.126259460525146484e+09,-2.971843327734660834e-10
1.126259460525634766e+09,-1.055937405913569386e-09
1.126259460526123047e+09,-1.534886903109565385e-09
1.126259460526611328e+09,-3.622951953072552342e-10
1.126259460527099609e+09,1.039646703243366088e-09
1.126259460527587891e+09,9.823814413454523594e-10
1.126259460528076172e+09,3.410575880906675640e-10
1.126259460528564453e+09,6.272503556551546622e-10
1.126259460529052734e+09,1.282066825420905189e-09
1.126259460529541016e+09,1.253334094742107208e-09
1.126259460530029297e+09,1.349425723438229696e-09
1.126259460530517578e+09,2.498709018549739104e-09
1.126259460531005859e+09,3.425111366575725874e-09
1.126259460531494141e+09,2.726209625473789743e-09
1.126259460531982422e+09,1.689822884018158111e-09
1.126259460532470703e+09,2.263100748402704314e-09
1.126259460532958984e+09,3.630168339658771180e-09
1.126259460533447266e+09,3.707048164698980629e-09
1.126259460533935547e+09,2.788745054234526137e-09
1.126259460534423828e+09,2.660927637556769926e-09
1.126259460534912109e+09,3.131636777399189348e-09
1.126259460535400391e+09,2.651891452117096066e-09
1.126259460535888672e+09,1.616675202325552081e-09
1.126259460536376953e+09,1.746097631692851374e-09
1.126259460536865234e+09,2.641847725976061574e-09
1.126259460537353516e+09,2.277253822137568527e-09
1.126259460537841797e+09,7.344819951232206767e-10
1.126259460538330078e+09,1.537954544838124352e-10
1.126259460538818359e+09,8.846686962691309965e-10
1.126259460539306641e+09,9.535024603026042409e-10
1.126259460539794922e+09,-2.998063768950674272e-10
1.126259460540283203e+09,-1.239850731276546852e-09
1.126259460540771484e+09,-1.130667290924963193e-09
1.126259460541259766e+09,-1.226675620444312701e-09
1.126259460541748047e+09,-1.965258036681129543e-09
1.126259460542236328e+09,-2.089755588005071176e-09
1.126259460542724609e+09,-1.442771191731527766e-09
1.126259460543212891e+09,-1.653472534248561111e-09
1.126259460543701172e+09,-2.981000804117948478e-09
1.126259460544189453e+09,-3.407312695351683700e-09
1.126259460544677734e+09,-2.149662481423352100e-09
1.126259460545166016e+09,-1.220664018174797772e-09
1.126259460545654297e+09,-1.994279610733559466e-09
1.126259460546142578e+09,-2.958531453580752132e-09
1.126259460546630859e+09,-2.591280974346782988e-09
1.126259460547119141e+09,-1.874219829865749863e-09
1.126259460547607422e+09,-2.038873505541245174e-09
1.126259460548095703e+09,-2.227312992671473380e-09
1.126259460548583984e+09,-1.477027008528943999e-09
1.126259460549072266e+09,-8.491310948119710528e-10
1.126259460549560547e+09,-1.401634051606494037e-09
1.126259460550048828e+09,-1.998526113989699681e-09
1.126259460550537109e+09,-1.331391464491970382e-09
1.126259460551025391e+09,-3.306670045445415885e-10
1.126259460551513672e+09,-3.739456253210570618e-10
1.126259460552001953e+09,-7.940315394143098372e-10
1.126259460552490234e+09,-3.948225006346745476e-10
1.126259460552978516e+09,1.867825043194477415e-10
1.126259460553466797e+09,-6.644700561912006408e-11
1.126259460553955078e+09,-3.039050787649294322e-10
1.126259460554443359e+09,5.755140914128585370e-10
1.126259460554931641e+09,1.505738779244048486e-09
1.126259460555419922e+09,9.800755580133990576e-10
1.126259460555908203e+09,-9.349696164330091870e-11
1.126259460556396484e+09,1.312218969415932325e-10
1.126259460556884766e+09,1.235137747535256798e-09
1.126259460557373047e+09,1.469419821596438216e-09
1.126259460557861328e+09,9.213293655140156432e-10
1.126259460558349609e+09,1.029028347913017528e-09
1.126259460558837891e+09,1.732537926264913070e-09
1.126259460559326172e+09,1.839718674639298509e-09
1.126259460559814453e+09,1.588136037606938774e-09
1.126259460560302734e+09,2.117502593875826659e-09
1.126259460560791016e+09,2.929259918852244642e-09
1.126259460561279297e+09,2.616982289613464559e-09
1.126259460561767578e+09,1.681015461081555290e-09
1.126259460562255859e+09,1.822744672451700236e-09
1.126259460562744141e+09,2.782718286793734328e-09
1.126259460563232422e+09,2.746944475390649494e-09
1.126259460563720703e+09,1.676976188208675573e-09
1.126259460564208984e+09,1.287643735206926988e-09
1.126259460564697266e+09,1.787671129196472781e-09
1.126259460565185547e+09,1.675065028365657243e-09
1.126259460565673828e+09,8.629691481947372568e-10
1.126259460566162109e+09,8.729193477372286370e-10
1.126259460566650391e+09,1.614086294959131998e-09
1.126259460567138672e+09,1.201164311725282228e-09
1.126259460567626953e+09,-4.348995139166048746e-10
1.126259460568115234e+09,-1.020095352034926128e-09
1.126259460568603516e+09,9.184639895736625206e-11
1.126259460569091797e+09,6.475131782755677581e-10
1.126259460569580078e+09,-6.134934923442687893e-10
1.126259460570068359e+09,-1.919587594475120943e-09
1.126259460570556641e+09,-1.796486088972203916e-09
1.126259460571044922e+09,-1.451509930040828998e-09
1.126259460571533203e+09,-2.094824182451417593e-09
1.126259460572021484e+09,-2.674210353472266521e-09
1.126259460572509766e+09,-2.244107973487831736e-09
1.126259460572998047e+09,-2.034041353743140911e-09
1.126259460573486328e+09,-3.041465613516061402e-09
1.126259460573974609e+09,-3.879928795311529836e-09
1.126259460574462891e+09,-3.209581065986120144e-09
1.126259460574951172e+09,-2.193353261019090366e-09
1.126259460575439453e+09,-2.327434158050637650e-09
1.126259460575927734e+09,-2.822680314409249810e-09
1.126259460576416016e+09,-2.394443228248566205e-09
1.126259460576904297e+09,-1.745322457946328217e-09
1.126259460577392578e+09,-1.931278130643775767e-09
1.126259460577880859e+09,-2.077587240413512724e-09
1.126259460578369141e+09,-1.153939632641185684e-09
1.126259460578857422e+09,-2.954545888704246169e-10
1.126259460579345703e+09,-8.098708958874313856e-10
1.126259460579833984e+09,-1.499821066150418792e-09
1.126259460580322266e+09,-6.462320257830668379e-10
1.126259460580810547e+09,8.450447267821468432e-10
1.126259460581298828e+09,1.077418957249740793e-09
1.126259460581787109e+09,5.504561490043196905e-10
1.126259460582275391e+09,9.571307223818798960e-10
1.126259460582763672e+09,1.844287004058851109e-09
1.126259460583251953e+09,1.633341924491752790e-09
1.126259460583740234e+09,9.626135247940791094e-10
1.126259460584228516e+09,1.674738032706050714e-09
1.126259460584716797e+09,3.168111117754464948e-09
1.126259460585205078e+09,3.185897882523268960e-09
1.126259460585693359e+09,1.868107110960414411e-09
1.126259460586181641e+09,1.567092896494488084e-09
1.126259460586669922e+09,2.700416187414796563e-09
1.126259460587158203e+09,3.227782215711793711e-09
1.126259460587646484e+09,2.463090706241643344e-09
1.126259460588134766e+09,1.990388957515085032e-09
1.126259460588623047e+09,2.307272283756542171e-09
1.126259460589111328e+09,1.949505519663208162e-09
1.126259460589599609e+09,7.346786680947839088e-10
1.126259460590087891e+09,5.416800730123369536e-10
1.126259460590576172e+09,1.754809101510896245e-09
1.126259460591064453e+09,2.136564425334166157e-09
1.126259460591552734e+09,6.571532985143489482e-10
1.126259460592041016e+09,-5.713726104252188190e-10
1.126259460592529297e+09,1.254762846497104497e-10
1.126259460593017578e+09,1.252960342434948251e-09
1.126259460593505859e+09,9.215336217468310399e-10
1.126259460593994141e+09,-1.291328942030151714e-10
1.126259460594482422e+09,-3.705465081283722302e-10
1.126259460594970703e+09,-1.889733958682476449e-10
1.126259460595458984e+09,-5.779881786820831624e-10
1.126259460595947266e+09,-9.719490755028036521e-10
1.126259460596435547e+09,-5.556916218471890723e-10
1.126259460596923828e+09,-1.811836035155238835e-10
1.126259460597412109e+09,-8.902964280889066620e-10
1.126259460597900391e+09,-1.875094645524150333e-09
1.126259460598388672e+09,-1.871531564170221514e-09
1.126259460598876953e+09,-1.333510747398957562e-09
1.126259460599365234e+09,-1.353567916994560580e-09
1.126259460599853516e+09,-1.654560187836933597e-09
1.126259460600341797e+09,-1.508988682985840657e-09
1.126259460600830078e+09,-1.433349323911568256e-09
1.126259460601318359e+09,-2.062799119535193730e-09
1.126259460601806641e+09,-2.511450341573237877e-09
1.126259460602294922e+09,-1.822443765902021315e-09
1.126259460602783203e+09,-9.629384493891973330e-10
1.126259460603271484e+09,-1.353731448588012295e-09
1.126259460603759766e+09,-2.402910981879505467e-09
1.126259460604248047e+09,-2.555433059104233415e-09
1.126259460604736328e+09,-1.887308287251018472e-09
1.126259460605224609e+09,-1.571029749717072203e-09
1.126259460605712891e+09,-1.615241769578520586e-09
1.126259460606201172e+09,-1.291235097566083985e-09
1.126259460606689453e+09,-1.018645066757263146e-09
1.126259460607177734e+09,-1.565215720815901032e-09
1.126259460607666016e+09,-2.050391173731427077e-09
1.126259460608154297e+09,-1.118598258876709974e-09
1.126259460608642578e+09,4.244228882285602199e-10
1.126259460609130859e+09,6.064094539613910196e-10
1.126259460609619141e+09,-4.284062137092933408e-10
1.126259460610107422e+09,-6.475968150047634180e-10
1.126259460610595703e+09,5.064917617357476890e-10
1.126259460611083984e+09,1.530828456663321059e-09
1.126259460611572266e+09,1.699677397958489572e-09
1.126259460612060547e+09,1.927514815558557989e-09
1.126259460612548828e+09,2.497864784715354341e-09
1.126259460613037109e+09,2.452180127381317060e-09
1.126259460613525391e+09,1.791083608241742341e-09
1.126259460614013672e+09,1.889060440290932227e-09
1.126259460614501953e+09,2.995541713632555124e-09
1.126259460614990234e+09,3.573093544232854178e-09
1.126259460615478516e+09,2.932837762016985963e-09
1.126259460615966797e+09,2.365251925166973923e-09
1.126259460616455078e+09,2.754448886792900362e-09
1.126259460616943359e+09,3.178301785738956905e-09
1.126259460617431641e+09,2.884448435953561877e-09
1.126259460617919922e+09,2.603148817969253571e-09
1.126259460618408203e+09,2.775381173471799480e-09
1.126259460618896484e+09,2.472054400069322818e-09
1.126259460619384766e+09,1.325332596068500312e-09
1.126259460619873047e+09,6.219932661090437570e-10
1.126259460620361328e+09,1.110051572713023857e-09
1.126259460620849609e+09,1.534723141321548599e-09
1.126259460621337891e+09,8.038929529226743753e-10
1.126259460621826172e+09,-1.522540594978338322e-10
1.126259460622314453e+09,-2.351938692303616532e-10
1.126259460622802734e+09,-1.677469471583009313e-10
1.126259460623291016e+09,-9.179630413436503696e-10
1.126259460623779297e+09,-1.753349602384431067e-09
1.126259460624267578e+09,-1.732477500632418691e-09
1.126259460624755859e+09,-1.650761743665915470e-09
1.126259460625244141e+09,-2.497483998553867821e-09
1.126259460625732422e+09,-3.321364634300554545e-09
1.126259460626220703e+09,-2.788741083233272702e-09
1.126259460626708984e+09,-1.720796428180633730e-09
1.126259460627197266e+09,-1.818200514585366522e-09
1.126259460627685547e+09,-2.782863534193089214e-09
1.126259460628173828e+09,-3.015455402462071690e-09
1.126259460628662109e+09,-2.449845758784522099e-09
1.126259460629150391e+09,-2.344317623446342735e-09
1.126259460629638672e+09,-2.764816748089341588e-09
1.126259460630126953e+09,-2.627557500745547401e-09
1.126259460630615234e+09,-1.952561594806922705e-09
1.126259460631103516e+09,-1.791341140426760108e-09
1.126259460631591797e+09,-2.057926031663159575e-09
1.126259460632080078e+09,-1.654581181885388398e-09
1.126259460632568359e+09,-7.163662007169875477e-10
1.126259460633056641e+09,-5.343759704819534823e-10
1.126259460633544922e+09,-1.166888793874432178e-09
1.126259460634033203e+09,-1.281074313112627883e-09
1.126259460634521484e+09,-5.403966409158255669e-10
1.126259460635009766e+09,-2.754080191553185104e-11
1.126259460635498047e+09,-6.879461407471661729e-11
1.126259460635986328e+09,2.109838786758636431e-10
1.126259460636474609e+09,8.584341321218491677e-10
1.126259460636962891e+09,8.270431310096489576e-10
1.126259460637451172e+09,1.860901091154329047e-10
1.126259460637939453e+09,3.540417542185331214e-10
1.126259460638427734e+09,1.515711380443411073e-09
1.126259460638916016e+09,2.050189372975057453e-09
1.126259460639404297e+09,1.311747135135480501e-09
1.126259460639892578e+09,7.403999769667255516e-10
1.126259460640380859e+09,1.249577483049639436e-09
1.126259460640869141e+09,1.746089752229281362e-09
1.126259460641357422e+09,1.415761379330124971e-09
1.126259460641845703e+09,1.281272544353984894e-09
1.126259460642333984e+09,2.078219972847462920e-09
1.126259460642822266e+09,2.666704499846518386e-09
1.126259460643310547e+09,2.166253801176799678e-09
1.126259460643798828e+09,1.733149839894786211e-09
1.126259460644287109e+09,2.442176774591086721e-09
1.126259460644775391e+09,3.187749292930583678e-09
1.126259460645263672e+09,2.615252047783580998e-09
1.126259460645751953e+09,1.539952941908547115e-09
1.126259460646240234e+09,1.430462909242473969e-09
1.126259460646728516e+09,1.912668668070181678e-09
1.126259460647216797e+09,1.836489397097945542e-09
1.126259460647705078e+09,1.505384538942536633e-09
1.126259460648193359e+09,1.717042614824784187e-09
1.126259460648681641e+09,1.809802869096272156e-09
1.126259460649169922e+09,8.990692456250367224e-10
1.126259460649658203e+09,-3.829794414041575254e-11
1.126259460650146484e+09,3.525190952808579477e-10
1.126259460650634766e+09,1.199392895145784693e-09
1.126259460651123047e+09,7.063688706181143766e-10
1.126259460651611328e+09,-7.521214017753971003e-10
1.126259460652099609e+09,-1.357888302957593615e-09
1.126259460652587891e+09,-1.017289616220909021e-09
1.126259460653076172e+09,-1.183441161394770233e-09
1.126259460653564453e+09,-1.961367033719004060e-09
1.126259460654052734e+09,-2.095139050453855775e-09
1.126259460654541016e+09,-1.654845979190648448e-09
1.126259460655029297e+09,-2.026902621678554798e-09
1.126259460655517578e+09,-3.162012944359733369e-09
1.126259460656005859e+09,-3.466324445735391616e-09
1.126259460656494141e+09,-2.679414383834468133e-09
1.126259460656982422e+09,-2.325489873075870736e-09
1.126259460657470703e+09,-2.951186917333504249e-09
1.126259460657958984e+09,-3.384798479867185386e-09
1.126259460658447266e+09,-3.145555138242040094e-09
1.126259460658935547e+09,-3.115145406399419243e-09
1.126259460659423828e+09,-3.352699474270732809e-09
1.126259460659912109e+09,-2.782618245002569628e-09
1.126259460660400391e+09,-1.624555326944777081e-09
1.126259460660888672e+09,-1.505100334748189933e-09
1.126259460661376953e+09,-2.417099533561782676e-09
1.126259460661865234e+09,-2.279943190641497002e-09
1.126259460662353516e+09,-4.892180767002941495e-10
1.126259460662841797e+09,8.464108809632346257e-10
1.126259460663330078e+09,4.278689660580306255e-10
1.126259460663818359e+09,-2.075218197766567513e-10
1.126259460664306641e+09,3.563001816810686904e-10
1.126259460664794922e+09,1.123600963857627783e-09
1.126259460665283203e+09,1.087361778838536806e-09
1.126259460665771484e+09,1.302408148855539874e-09
1.126259460666259766e+09,2.522003842541575630e-09
1.126259460666748047e+09,3.208830130735201367e-09
1.126259460667236328e+09,2.205573317811816700e-09
1.126259460667724609e+09,1.185124695784884661e-09
1.126259460668212891e+09,1.964425245177684829e-09
1.126259460668701172e+09,3.352915096611908461e-09
1.126259460669189453e+09,3.281313900726560002e-09
1.126259460669677734e+09,2.301630887133176537e-09
1.126259460670166016e+09,2.233423620593413915e-09
1.126259460670654297e+09,2.850099335638690084e-09
1.126259460671142578e+09,2.726708333806792497e-09
1.126259460671630859e+09,2.118620276809112609e-09
1.126259460672119141e+09,2.185678370819500470e-09
1.126259460672607422e+09,2.418759455291729833e-09
1.126259460673095703e+09,1.615577748769624079e-09
1.126259460673583984e+09,4.886862371695870831e-10
1.126259460674072266e+09,5.534210634712082309e-10
1.126259460674560547e+09,1.258160210806224437e-09
1.126259460675048828e+09,9.633616111787123210e-10
1.126259460675537109e+09,-1.539009255455900409e-11
1.126259460676025391e+09,-1.349833460846853953e-10
1.126259460676513672e+09,3.610303847889639973e-10
1.126259460677001953e+09,5.583524753017751105e-11
1.126259460677490234e+09,-6.800018678708060690e-10
1.126259460677978516e+09,-3.715472148063040020e-10
1.126259460678466797e+09,4.470268184061598121e-10
1.126259460678955078e+09,-4.230328466588308886e-11
1.126259460679443359e+09,-1.454949774429873576e-09
1.126259460679931641e+09,-1.693131335809369114e-09
1.126259460680419922e+09,-7.524511235518629344e-10
1.126259460680908203e+09,-6.979192838828561089e-10
1.126259460681396484e+09,-1.803358132470021909e-09
1.126259460681884766e+09,-2.148646373921599777e-09
1.126259460682373047e+09,-1.353593431036290273e-09
1.126259460682861328e+09,-1.230154088645168482e-09
1.126259460683349609e+09,-2.161827576778403804e-09
1.126259460683837891e+09,-2.319616743948667271e-09
1.126259460684326172e+09,-1.293804056900986768e-09
1.126259460684814453e+09,-1.048619530575859587e-09
1.126259460685302734e+09,-2.201859869440567540e-09
1.126259460685791016e+09,-2.749599466935961311e-09
1.126259460686279297e+09,-1.776861520053605597e-09
1.126259460686767578e+09,-1.119538652859004852e-09
1.126259460687255859e+09,-1.853103592501495097e-09
1.126259460687744141e+09,-2.372451781836644618e-09
1.126259460688232422e+09,-1.636415535005022314e-09
1.126259460688720703e+09,-1.148784974031061073e-09
1.126259460689208984e+09,-1.844696781791605767e-09
1.126259460689697266e+09,-2.097606184753101498e-09
1.126259460690185547e+09,-8.898115871671109239e-10
1.126259460690673828e+09,1.579076204027696691e-11
1.126259460691162109e+09,-6.991892224867861435e-10
1.126259460691650391e+09,-1.383779737642827696e-09
1.126259460692138672e+09,-4.861098173806270359e-10
1.126259460692626953e+09,6.330872091858647624e-10
1.126259460693115234e+09,4.646594469879841921e-10
1.126259460693603516e+09,2.111434025577052474e-10
1.126259460694091797e+09,1.196649377218131141e-09
1.126259460694580078e+09,2.067129853558442930e-09
1.126259460695068359e+09,1.476283178922412888e-09
1.126259460695556641e+09,1.010733354941779345e-09
1.126259460696044922e+09,2.298991780479053595e-09
1.126259460696533203e+09,3.633957194006866842e-09
1.126259460697021484e+09,2.881130639720709822e-09
1.126259460697509766e+09,1.512765901161094478e-09
1.126259460697998047e+09,2.078507892320646110e-09
1.126259460698486328e+09,3.633622190830764523e-09
1.126259460698974609e+09,3.568670073640445806e-09
1.126259460699462891e+09,2.327279683261757278e-09
1.126259460699951172e+09,2.263039099799807192e-09
1.126259460700439453e+09,3.125665333871876630e-09
1.126259460700927734e+09,2.812931487117979024e-09
1.126259460701416016e+09,1.630346341225468793e-09
1.126259460701904297e+09,1.655274460036792402e-09
1.126259460702392578e+09,2.534780948850560679e-09
1.126259460702880859e+09,2.036182061430571614e-09
1.126259460703369141e+09,3.809968089367581542e-10
1.126259460703857422e+09,-3.128802584188452974e-11
1.126259460704345703e+09,9.508359245238838765e-10
1.126259460704833984e+09,1.058133192460439725e-09
1.126259460705322266e+09,-1.620572009891106199e-10
1.126259460705810547e+09,-8.510196662844214264e-10
1.126259460706298828e+09,-6.800356850830819902e-10
1.126259460706787109e+09,-1.259854568973824585e-09
1.126259460707275391e+09,-2.471041200858433305e-09
1.126259460707763672e+09,-2.361198815247400073e-09
1.126259460708251953e+09,-1.146429479034508068e-09
1.126259460708740234e+09,-1.317946398458733052e-09
1.126259460709228516e+09,-3.106250944713197118e-09
1.126259460709716797e+09,-3.838136119801923566e-09
1.126259460710205078e+09,-2.663256912364906322e-09
1.126259460710693359e+09,-1.902090250040751127e-09
1.126259460711181641e+09,-2.618619385680230168e-09
1.126259460711669922e+09,-2.906317885942712864e-09
1.126259460712158203e+09,-1.932597197048567526e-09
1.126259460712646484e+09,-1.644119386850334742e-09
1.126259460713134766e+09,-2.773480510557570830e-09
1.126259460713623047e+09,-3.095741459218359602e-09
1.126259460714111328e+09,-1.617439658182794711e-09
1.126259460714599609e+09,-6.882092530609613978e-10
1.126259460715087891e+09,-1.737210767304459050e-09
1.126259460715576172e+09,-2.580886595196381360e-09
1.126259460716064453e+09,-1.423404109578665601e-09
1.126259460716552734e+09,-3.415139460573489183e-11
1.126259460717041016e+09,-2.813460737655032516e-10
1.126259460717529297e+09,-8.262433434697740215e-10
1.126259460718017578e+09,-1.160429844790091495e-10
1.126259460718505859e+09,4.933239775596235866e-10
1.126259460718994141e+09,-3.482081536802738968e-10
1.126259460719482422e+09,-9.202709042933539403e-10
1.126259460719970703e+09,4.716965332757202028e-10
1.126259460720458984e+09,2.049426216434950138e-09
1.126259460720947266e+09,1.584769910736604657e-09
1.126259460721435547e+09,3.935141956981898528e-10
1.126259460721923828e+09,8.346480621315497774e-10
1.126259460722412109e+09,2.085906030102075517e-09
1.126259460722900391e+09,2.011841271874063316e-09
1.126259460723388672e+09,1.223261682873979699e-09
1.126259460723876953e+09,1.578358811453037861e-09
1.126259460724365234e+09,2.400475502399620123e-09
1.126259460724853516e+09,1.944180299890405490e-09
1.126259460725341797e+09,1.117008264522851490e-09
1.126259460725830078e+09,1.939602250402108311e-09
1.126259460726318359e+09,3.536586072418417363e-09
1.126259460726806641e+09,3.451599867786965944e-09
1.126259460727294922e+09,1.985107208936322001e-09
1.126259460727783203e+09,1.520827847910433564e-09
1.126259460728271484e+09,2.318598908567484624e-09
1.126259460728759766e+09,2.591718024306218817e-09
1.126259460729248047e+09,2.105862737616279518e-09
1.126259460729736328e+09,2.129503310519805465e-09
1.126259460730224609e+09,2.361006761431761896e-09
1.126259460730712891e+09,1.462939464563233035e-09
1.126259460731201172e+09,2.088317334073479390e-10
1.126259460731689453e+09,5.430435802901165828e-10
1.126259460732177734e+09,1.839733050652571217e-09
1.126259460732666016e+09,1.656647949036404308e-09
1.126259460733154297e+09,-8.461927765376328318e-12
1.126259460733642578e+09,-7.964839169597431664e-10
1.126259460734130859e+09,-2.075673576463886636e-10
1.126259460734619141e+09,-1.193701657358572448e-10
1.126259460735107422e+09,-1.036276971561930212e-09
1.126259460735595703e+09,-1.460429521153407436e-09
1.126259460736083984e+09,-1.230779556906939115e-09
1.126259460736572266e+09,-1.856958660211304314e-09
1.126259460737060547e+09,-3.144612701856306611e-09
1.126259460737548828e+09,-3.126711802537335176e-09
1.126259460738037109e+09,-1.903746871980329615e-09
1.126259460738525391e+09,-1.907631072083492154e-09
1.126259460739013672e+09,-3.603978303929009551e-09
1.126259460739501953e+09,-4.554982781246293072e-09
1.126259460739990234e+09,-3.687437527073218060e-09
1.126259460740478516e+09,-2.909658195481381463e-09
1.126259460740966797e+09,-3.371540166286678132e-09
1.126259460741455078e+09,-3.653201335213809656e-09
1.126259460741943359e+09,-2.972480598641369329e-09
1.126259460742431641e+09,-2.725194597632557382e-09
1.126259460742919922e+09,-3.355748568919893361e-09
1.126259460743408203e+09,-3.074819092875718852e-09
1.126259460743896484e+09,-1.327104325929991544e-09
1.126259460744384766e+09,-2.536361819590060102e-10
1.126259460744873047e+09,-9.416831588320586255e-10
1.126259460745361328e+09,-1.426290392332166795e-09
1.126259460745849609e+09,-3.004947221094728948e-10
1.126259460746337891e+09,8.605864086382050675e-10
1.126259460746826172e+09,7.044203392709210417e-10
1.126259460747314453e+09,5.795421346057476717e-10
1.126259460747802734e+09,1.589945883178866597e-09
1.126259460748291016e+09,2.250529451730539507e-09
1.126259460748779297e+09,1.520469087283097260e-09
1.126259460749267578e+09,1.205097385168474294e-09
1.126259460749755859e+09,2.674201974654534984e-09
1.126259460750244141e+09,4.012654312593408671e-09
1.126259460750732422e+09,3.308459800144705639e-09
1.126259460751220703e+09,2.125203762176159434e-09
1.126259460751708984e+09,2.640404813611835573e-09
1.126259460752197266e+09,3.789746188219075027e-09
1.126259460752685547e+09,3.509790541741766569e-09
1.126259460753173828e+09,2.588192942547842224e-09
1.126259460753662109e+09,2.868033697387597787e-09
1.126259460754150391e+09,3.572351957056699080e-09
1.126259460754638672e+09,2.926725853252973998e-09
1.126259460755126953e+09,1.765882665255188205e-09
1.126259460755615234e+09,1.977322370269467281e-09
1.126259460756103516e+09,2.786830082636143886e-09
1.126259460756591797e+09,2.155145925541052522e-09
1.126259460757080078e+09,6.508815625856754511e-10
1.126259460757568359e+09,3.639019911270882593e-10
1.126259460758056641e+09,1.006151316581241613e-09
1.126259460758544922e+09,6.882857288590469425e-10
1.126259460759033203e+09,-3.072146991999690226e-10
1.126259460759521484e+09,-2.009171940628755089e-10
1.126259460760009766e+09,5.284433194506849586e-10
1.126259460760498047e+09,-1.710403079150364874e-10
1.126259460760986328e+09,-1.883893400196011658e-09
1.126259460761474609e+09,-2.159629299228512321e-09
1.126259460761962891e+09,-9.018064813565323081e-10
1.126259460762451172e+09,-5.913036413454687172e-10
1.126259460762939453e+09,-1.912871024535567191e-09
1.126259460763427734e+09,-2.791342786491245653e-09
1.126259460763916016e+09,-2.275404545509870926e-09
1.126259460764404297e+09,-1.892451444386941438e-09
1.126259460764892578e+09,-2.410168985004456527e-09
1.126259460765380859e+09,-2.557949465630680794e-09
1.126259460765869141e+09,-1.887106416486127542e-09
1.126259460766357422e+09,-1.804273560124581623e-09
1.126259460766845703e+09,-2.719892350296050968e-09
1.126259460767333984e+09,-3.054304828049701571e-09
1.126259460767822266e+09,-2.164675613515090469e-09
1.126259460768310547e+09,-1.546706576751543234e-09
1.126259460768798828e+09,-2.049459374849117170e-09
1.126259460769287109e+09,-2.504853937291909796e-09
1.126259460769775391e+09,-2.175352256479192242e-09
1.126259460770263672e+09,-1.977162392586076706e-09
1.126259460770751953e+09,-2.217978133468414186e-09
1.126259460771240234e+09,-1.750145365979973828e-09
1.126259460771728516e+09,-5.120277909248062444e-10
1.126259460772216797e+09,-2.397353931088130898e-10
1.126259460772705078e+09,-1.359899001058941648e-09
1.126259460773193359e+09,-1.839947940146944257e-09
1.126259460773681641e+09,-5.897821613221651915e-10
1.126259460774169922e+09,6.253621180892538680e-10
1.126259460774658203e+09,3.056940561341284949e-10
1.126259460775146484e+09,-3.224557251401658304e-10
1.126259460775634766e+09,1.973763030708961635e-10
1.126259460776123047e+09,1.042774178795040332e-09
1.126259460776611328e+09,1.107940548148601015e-09
1.126259460777099609e+09,1.213475169307508196e-09
1.126259460777587891e+09,2.176767117138458537e-09
1.126259460778076172e+09,2.814257566289188249e-09
1.126259460778564453e+09,2.133744558847404634e-09
1.126259460779052734e+09,1.539020910629420181e-09
1.126259460779541016e+09,2.489529687072180831e-09
1.126259460780029297e+09,3.799553725545366510e-09
1.126259460780517578e+09,3.711643259361734474e-09
1.126259460781005859e+09,2.934887300344272522e-09
1.126259460781494141e+09,3.058919721507822471e-09
1.126259460781982422e+09,3.557097642485527900e-09
1.126259460782470703e+09,3.102731966940948353e-09
1.126259460782958984e+09,2.435890928455175023e-09
1.126259460783447266e+09,3.008812590772812753e-09
1.126259460783935547e+09,3.941524392150504741e-09
1.126259460784423828e+09,3.339950616962373279e-09
1.126259460784912109e+09,1.767706783644589642e-09
1.126259460785400391e+09,1.353012461163356598e-09
1.126259460785888672e+09,2.052514342305960217e-09
1.126259460786376953e+09,1.885251065955995347e-09
1.126259460786865234e+09,5.557987622738736383e-10
1.126259460787353516e+09,-2.300830536213242255e-10
1.126259460787841797e+09,-3.188072697166066003e-11
1.126259460788330078e+09,-2.613757504660561710e-10
1.126259460788818359e+09,-1.270797012404856109e-09
1.126259460789306641e+09,-1.729189213910642031e-09
1.126259460789794922e+09,-1.382069628227172419e-09
1.126259460790283203e+09,-1.703673305943230030e-09
1.126259460790771484e+09,-3.097777425674879326e-09
1.126259460791259766e+09,-3.979832640962769237e-09
1.126259460791748047e+09,-3.502208250317138883e-09
1.126259460792236328e+09,-2.879398937135106722e-09
1.126259460792724609e+09,-3.087061528492066990e-09
1.126259460793212891e+09,-3.405511435078863029e-09
1.126259460793701172e+09,-3.209015409781921869e-09
1.126259460794189453e+09,-3.144077848775559592e-09
1.126259460794677734e+09,-3.501573438821884246e-09
1.126259460795166016e+09,-3.356834213817415589e-09
1.126259460795654297e+09,-2.402401011349634141e-09
1.126259460796142578e+09,-1.817551728389889679e-09
1.126259460796630859e+09,-2.243840784444087541e-09
1.126259460797119141e+09,-2.644701361665454582e-09
1.126259460797607422e+09,-2.227460233170652843e-09
1.126259460798095703e+09,-1.730491195138213542e-09
1.126259460798583984e+09,-1.706668478545790957e-09
1.126259460799072266e+09,-1.353495658282071425e-09
1.126259460799560547e+09,-2.888991980490805237e-10
1.126259460800048828e+09,3.343339844967640889e-10
1.126259460800537109e+09,-1.086743319866594938e-10
1.126259460801025391e+09,-3.217551068642862687e-10
1.126259460801513672e+09,6.702525903814059443e-10
1.126259460802001953e+09,1.620969987057276427e-09
1.126259460802490234e+09,1.207751978011308110e-09
1.126259460802978516e+09,4.700056137020916025e-10
1.126259460803466797e+09,1.044136236727397917e-09
1.126259460803955078e+09,2.310100437821653368e-09
1.126259460804443359e+09,2.526083265893342648e-09
1.126259460804931641e+09,1.783448605613708425e-09
1.126259460805419922e+09,1.559544969415525952e-09
1.126259460805908203e+09,2.057793754109425984e-09
1.126259460806396484e+09,2.231742925746945841e-09
1.126259460806884766e+09,1.971135556681619337e-09
1.126259460807373047e+09,2.097702452159413987e-09
1.126259460807861328e+09,2.470212020410696204e-09
1.126259460808349609e+09,2.161726688403045605e-09
1.126259460808837891e+09,1.398816363946277751e-09
1.126259460809326172e+09,1.381507872895219559e-09
1.126259460809814453e+09,2.193012150626811745e-09
1.126259460810302734e+09,2.690831950207136472e-09
1.126259460810791016e+09,2.467762046408310227e-09
1.126259460811279297e+09,2.195582569221008917e-09
1.126259460811767578e+09,2.064133084170553715e-09
1.126259460812255859e+09,1.629309027213151850e-09
1.126259460812744141e+09,1.179349317526168040e-09
1.126259460813232422e+09,1.445468314167570321e-09
1.126259460813720703e+09,1.935506499353477070e-09
1.126259460814208984e+09,1.421383213400428797e-09
1.126259460814697266e+09,1.717859461252281472e-10
1.126259460815185547e+09,-2.428632115567140081e-10
1.126259460815673828e+09,4.375398316134067771e-10
1.126259460816162109e+09,7.587980388643799307e-10
1.126259460816650391e+09,8.214961407549623698e-11
1.126259460817138672e+09,-5.557035335900074534e-10
1.126259460817626953e+09,-5.985050779588296169e-10
1.126259460818115234e+09,-8.667213946297267554e-10
1.126259460818603516e+09,-1.610703649718772401e-09
1.126259460819091797e+09,-1.789843521964120987e-09
1.126259460819580078e+09,-1.199560923324842241e-09
1.126259460820068359e+09,-1.246097555713828780e-09
1.126259460820556641e+09,-2.498113029395056994e-09
1.126259460821044922e+09,-3.452074708716272086e-09
1.126259460821533203e+09,-3.001909228281526601e-09
1.126259460822021484e+09,-2.247998119146132879e-09
1.126259460822509766e+09,-2.459855774974072561e-09
1.126259460822998047e+09,-3.063640985168801635e-09
1.126259460823486328e+09,-3.168918940389148035e-09
1.126259460823974609e+09,-3.304369248901391654e-09
1.126259460824462891e+09,-3.941301454502531507e-09
1.126259460824951172e+09,-4.012069176826833271e-09
1.126259460825439453e+09,-2.790922730300327439e-09
1.126259460825927734e+09,-1.660945231163954158e-09
1.126259460826416016e+09,-1.964672718037118313e-09
1.126259460826904297e+09,-2.569463783744672505e-09
1.126259460827392578e+09,-1.784001156687154302e-09
1.126259460827880859e+09,-3.450519433996677230e-10
1.126259460828369141e+09,-6.192748313483571383e-11
1.126259460828857422e+09,-6.176933433591156929e-10
1.126259460829345703e+09,-3.304686470037077835e-10
1.126259460829833984e+09,7.411770343957242393e-10
1.126259460830322266e+09,1.145338015640710367e-09
1.126259460830810547e+09,9.207260000132340117e-10
1.126259460831298828e+09,1.417561319940517133e-09
1.126259460831787109e+09,2.529448809617951807e-09
1.126259460832275391e+09,2.785364490103375584e-09
1.126259460832763672e+09,2.151679892188508023e-09
1.126259460833251953e+09,2.140208534251749565e-09
1.126259460833740234e+09,2.999005619202345493e-09
1.126259460834228516e+09,3.324628539632692140e-09
1.126259460834716797e+09,2.736539486749559605e-09
1.126259460835205078e+09,2.465478119720420346e-09
1.126259460835693359e+09,2.890528756447151946e-09
1.126259460836181641e+09,2.916125558089338528e-09
1.126259460836669922e+09,2.304579713450717999e-09
1.126259460837158203e+09,2.235547550966389158e-09
1.126259460837646484e+09,2.911389293351600758e-09
1.126259460838134766e+09,2.946835634673414851e-09
1.126259460838623047e+09,1.889918651665485985e-09
1.126259460839111328e+09,1.082428243467561364e-09
1.126259460839599609e+09,1.203767926485922676e-09
1.126259460840087891e+09,1.199039624734378773e-09
1.126259460840576172e+09,5.094577141960648915e-10
1.126259460841064453e+09,1.001167270035663665e-10
1.126259460841552734e+09,3.171595546006407691e-10
1.126259460842041016e+09,3.483731513828234893e-11
1.126259460842529297e+09,-9.793106712055819203e-10
1.126259460843017578e+09,-1.206631615864633135e-09
1.126259460843505859e+09,-1.504518505916800721e-10
1.126259460843994141e+09,3.902485408849089080e-10
1.126259460844482422e+09,-6.994202396881812236e-10
1.126259460844970703e+09,-1.883590114320153801e-09
1.126259460845458984e+09,-1.645976785232268992e-09
1.126259460845947266e+09,-9.255707406793393744e-10
1.126259460846435547e+09,-1.076500400164168963e-09
1.126259460846923828e+09,-1.519581137263066717e-09
1.126259460847412109e+09,-1.387271436357795252e-09
1.126259460847900391e+09,-1.457879309799304024e-09
1.126259460848388672e+09,-2.330993841031888971e-09
1.126259460848876953e+09,-2.656828283165467182e-09
1.126259460849365234e+09,-1.489558090923518765e-09
1.126259460849853516e+09,-5.195500735391736572e-10
1.126259460850341797e+09,-1.448780951478375787e-09
1.126259460850830078e+09,-2.890078763303356395e-09
1.126259460851318359e+09,-2.607850511067944188e-09
1.126259460851806641e+09,-1.291551704430792616e-09
1.126259460852294922e+09,-1.156430836090529281e-09
1.126259460852783203e+09,-2.063112959047655665e-09
1.126259460853271484e+09,-2.127102332959166330e-09
1.126259460853759766e+09,-1.274106869602071917e-09
1.126259460854248047e+09,-1.073239711984195832e-09
1.126259460854736328e+09,-1.603490426109610827e-09
1.126259460855224609e+09,-1.487894194527747793e-09
1.126259460855712891e+09,-7.153370776355930920e-10
1.126259460856201172e+09,-5.935632883308864636e-10
1.126259460856689453e+09,-1.102953855783368071e-09
1.126259460857177734e+09,-9.773527772857723780e-10
1.126259460857666016e+09,-2.247171784240614435e-10
1.126259460858154297e+09,2.952753542753709400e-11
1.126259460858642578e+09,-3.826800133789198756e-11
1.126259460859130859e+09,6.759717476783970834e-10
1.126259460859619141e+09,1.691078183479221409e-09
1.126259460860107422e+09,1.566092101003312557e-09
1.126259460860595703e+09,8.194597416301323409e-10
1.126259460861083984e+09,1.313899041608793961e-09
1.126259460861572266e+09,2.811531927461343641e-09
1.126259460862060547e+09,3.185846374711009354e-09
1.126259460862548828e+09,2.177037723667235699e-09
1.126259460863037109e+09,1.800430250053005354e-09
1.126259460863525391e+09,2.684082916404409121e-09
1.126259460864013672e+09,3.183996373684062609e-09
1.126259460864501953e+09,2.699179915990608664e-09
1.126259460864990234e+09,2.657127137747132639e-09
1.126259460865478516e+09,3.407354771976630974e-09
1.126259460865966797e+09,3.334107678549070800e-09
1.126259460866455078e+09,2.098958918148604048e-09
1.126259460866943359e+09,1.628997039090186430e-09
1.126259460867431641e+09,2.622240109596827318e-09
1.126259460867919922e+09,3.115454301491451060e-09
1.126259460868408203e+09,1.960680890252479853e-09
1.126259460868896484e+09,7.666808327829627919e-10
1.126259460869384766e+09,7.996057883740635489e-10
1.126259460869873047e+09,8.528211884371915228e-10
1.126259460870361328e+09,-5.453215825429794802e-11
1.126259460870849609e+09,-7.038275342744482641e-10
1.126259460871337891e+09,-3.138522529356415572e-10
1.126259460871826172e+09,-3.706452166070950826e-10
1.126259460872314453e+09,-1.730980781073265101e-09
1.126259460872802734e+09,-2.608834377969938765e-09
1.126259460873291016e+09,-1.750687457004503279e-09
1.126259460873779297e+09,-9.971600379110846824e-10
1.126259460874267578e+09,-2.141801040300050118e-09
1.126259460874755859e+09,-3.707695400089021704e-09
1.126259460875244141e+09,-3.603333495833305639e-09
1.126259460875732422e+09,-2.697090722366137467e-09
1.126259460876220703e+09,-2.813056638497053077e-09
1.126259460876708984e+09,-3.288404494122950119e-09
1.126259460877197266e+09,-2.673249396888874312e-09
1.126259460877685547e+09,-1.963650867435732538e-09
1.126259460878173828e+09,-2.781946244209373343e-09
1.126259460878662109e+09,-3.912384419797576011e-09
1.126259460879150391e+09,-3.132761828630894004e-09
1.126259460879638672e+09,-1.266316274227984971e-09
1.126259460880126953e+09,-8.973226264384416168e-10
1.126259460880615234e+09,-1.974333372193536640e-09
1.126259460881103516e+09,-2.190794482024939113e-09
1.126259460881591797e+09,-1.097982260995781429e-09
1.126259460882080078e+09,-3.782818422360820788e-10
1.126259460882568359e+09,-4.078157366370221950e-10
1.126259460883056641e+09,6.117100698130010900e-11
1.126259460883544922e+09,9.406635731079432959e-10
1.126259460884033203e+09,8.218346041584161919e-10
1.126259460884521484e+09,-2.569866090679814750e-12
1.126259460885009766e+09,3.072903963573273699e-10
1.126259460885498047e+09,1.762097049808910355e-09
1.126259460885986328e+09,2.355103868822830520e-09
1.126259460886474609e+09,1.548503133348790731e-09
1.126259460886962891e+09,1.012269514939752580e-09
1.126259460887451172e+09,1.508152432914990969e-09
1.126259460887939453e+09,1.913534433367824706e-09
1.126259460888427734e+09,1.793952379435979090e-09
1.126259460888916016e+09,2.084686100142062234e-09
1.126259460889404297e+09,2.673690251999055839e-09
1.126259460889892578e+09,2.180900309579491281e-09
1.126259460890380859e+09,8.282461765329976264e-10
1.126259460890869141e+09,6.752814650403147982e-10
1.126259460891357422e+09,2.146606752304476478e-09
1.126259460891845703e+09,3.105369789109386313e-09
1.126259460892333984e+09,2.358988970195324744e-09
1.126259460892822266e+09,1.370179754950034323e-09
1.126259460893310547e+09,1.396593019757766200e-09
1.126259460893798828e+09,1.617417400715064121e-09
1.126259460894287109e+09,1.340009235624255643e-09
1.126259460894775391e+09,1.432097262800848901e-09
1.126259460895263672e+09,2.148024648394181896e-09
1.126259460895751953e+09,2.058090122034288579e-09
1.126259460896240234e+09,6.920673110567942463e-10
1.126259460896728516e+09,-1.469275549075611391e-10
1.126259460897216797e+09,6.605827605784404734e-10
1.126259460897705078e+09,1.573265338029266603e-09
1.126259460898193359e+09,1.062652633966830217e-09
1.126259460898681641e+09,3.235194039728158623e-11
1.126259460899169922e+09,-2.236482305047161646e-10
1.126259460899658203e+09,-2.941967090222730879e-10
1.126259460900146484e+09,-9.495859059225819201e-10
1.126259460900634766e+09,-1.272671901688782792e-09
1.126259460901123047e+09,-5.880487403553029444e-10
1.126259460901611328e+09,-2.932831616446588708e-10
1.126259460902099609e+09,-1.537810981470965677e-09
1.126259460902587891e+09,-2.888680665326859552e-09
1.126259460903076172e+09,-2.636254914516410306e-09
1.126259460903564453e+09,-1.738805047795479491e-09
1.126259460904052734e+09,-2.023381522692537254e-09
1.126259460904541016e+09,-3.003865683088757834e-09
1.126259460905029297e+09,-3.088924195384049094e-09
1.126259460905517578e+09,-2.609599293985487409e-09
1.126259460906005859e+09,-2.918880378395266089e-09
1.126259460906494141e+09,-3.570247655127146085e-09
1.126259460906982422e+09,-3.180173241360797048e-09
1.126259460907470703e+09,-2.268623629196945980e-09
1.126259460907958984e+09,-2.441460321516229241e-09
1.126259460908447266e+09,-3.318963317946730704e-09
1.126259460908935547e+09,-3.050884223529727218e-09
1.126259460909423828e+09,-1.576925916458079696e-09
1.126259460909912109e+09,-6.978804361500329769e-10
1.126259460910400391e+09,-9.921416343523388726e-10
1.126259460910888672e+09,-1.190013686373908414e-09
1.126259460911376953e+09,-6.692056602725408227e-10
1.126259460911865234e+09,-1.811730367373268528e-10
1.126259460912353516e+09,6.191012551130368873e-11
1.126259460912841797e+09,7.575339224916614180e-10
1.126259460913330078e+09,1.742881218251325026e-09
1.126259460913818359e+09,1.980472530430760701e-09
1.126259460914306641e+09,1.557384882433512502e-09
1.126259460914794922e+09,1.687140122543632232e-09
1.126259460915283203e+09,2.521054898919103247e-09
1.126259460915771484e+09,2.949885091415113586e-09
1.126259460916259766e+09,2.740797736451080171e-09
1.126259460916748047e+09,2.819217713097972179e-09
1.126259460917236328e+09,3.253386930149044551e-09
1.126259460917724609e+09,3.104008396520448027e-09
1.126259460918212891e+09,2.521558563898155558e-09
1.126259460918701172e+09,2.743785589531171497e-09
1.126259460919189453e+09,3.630594488660394146e-09
1.126259460919677734e+09,3.539837979290070323e-09
1.126259460920166016e+09,2.223219736857569991e-09
1.126259460920654297e+09,1.462869567117170806e-09
1.126259460921142578e+09,2.037344638098731471e-09
1.126259460921630859e+09,2.436006621328191900e-09
1.126259460922119141e+09,1.621396215997446227e-09
1.126259460922607422e+09,7.387808191635900572e-10
1.126259460923095703e+09,7.966510128847456358e-10
1.126259460923583984e+09,8.631884050362176093e-10
1.126259460924072266e+09,8.038228696099190055e-11
1.126259460924560547e+09,-5.759025441123099999e-10
1.126259460925048828e+09,-2.328776147968053583e-10
1.126259460925537109e+09,4.612876915287068050e-11
1.126259460926025391e+09,-8.152348454105873925e-10
1.126259460926513672e+09,-1.819411073041469117e-09
1.126259460927001953e+09,-1.649413568934891198e-09
1.126259460927490234e+09,-1.020335658077941949e-09
1.126259460927978516e+09,-1.273146231761356056e-09
1.126259460928466797e+09,-1.943197010688241761e-09
1.126259460928955078e+09,-1.837150361785931085e-09
1.126259460929443359e+09,-1.396791329532815444e-09
1.126259460929931641e+09,-1.779110566476300057e-09
1.126259460930419922e+09,-2.490422885694427738e-09
1.126259460930908203e+09,-2.216805850910005215e-09
1.126259460931396484e+09,-1.357297421521665264e-09
1.126259460931884766e+09,-1.433616847376772139e-09
1.126259460932373047e+09,-2.371926909148059581e-09
1.126259460932861328e+09,-2.629592006161455830e-09
1.126259460933349609e+09,-1.872254576606523129e-09
1.126259460933837891e+09,-1.353864464711114877e-09
1.126259460934326172e+09,-1.594381412662813406e-09
1.126259460934814453e+09,-1.747380968981271652e-09
1.126259460935302734e+09,-1.466552973134256269e-09
1.126259460935791016e+09,-1.426713090851369897e-09
1.126259460936279297e+09,-1.673354879652800286e-09
1.126259460936767578e+09,-1.351840459781131049e-09
1.126259460937255859e+09,-5.149788392148474174e-10
1.126259460937744141e+09,-3.646363120952639460e-10
1.126259460938232422e+09,-1.118654165055826112e-09
1.126259460938720703e+09,-1.398544673205879013e-09
1.126259460939208984e+09,-4.732461862539085718e-10
1.126259460939697266e+09,5.319281146024305499e-10
1.126259460940185547e+09,5.281693244722449542e-10
1.126259460940673828e+09,6.058993774843717040e-11
1.126259460941162109e+09,6.110515045931881630e-11
1.126259460941650391e+09,3.744729487787444016e-10
1.126259460942138672e+09,5.608245743122075340e-10
1.126259460942626953e+09,9.319675075937273699e-10
1.126259460943115234e+09,1.685035466245928355e-09
1.126259460943603516e+09,2.094113356974542650e-09
1.126259460944091797e+09,1.702988224942610811e-09
1.126259460944580078e+09,1.364304254695409729e-09
1.126259460945068359e+09,1.946067661655894405e-09
1.126259460945556641e+09,2.868684436046281391e-09
1.126259460946044922e+09,3.087877086523136086e-09
1.126259460946533203e+09,2.733204051239119949e-09
1.126259460947021484e+09,2.566402198603834546e-09
1.126259460947509766e+09,2.552878794237945888e-09
1.126259460947998047e+09,2.270633794784009179e-09
1.126259460948486328e+09,2.105102608143977874e-09
1.126259460948974609e+09,2.627724372213883073e-09
1.126259460949462891e+09,3.230228473305007922e-09
1.126259460949951172e+09,2.828813016500145978e-09
1.126259460950439453e+09,1.691373896501272638e-09
1.126259460950927734e+09,1.142724257142826878e-09
1.126259460951416016e+09,1.515748293642932261e-09
1.126259460951904297e+09,1.766293424391540380e-09
1.126259460952392578e+09,1.217223899126351341e-09
1.126259460952880859e+09,3.870593100095791471e-10
1.126259460953369141e+09,-1.475401959746485155e-10
1.126259460953857422e+09,-5.193574741859961420e-10
1.126259460954345703e+09,-8.769153712345078793e-10
1.126259460954833984e+09,-1.012768733449431804e-09
1.126259460955322266e+09,-1.073422493183846435e-09
1.126259460955810547e+09,-1.647890773756407178e-09
1.126259460956298828e+09,-2.711395121388524960e-09
1.126259460956787109e+09,-3.378567488303823589e-09
1.126259460957275391e+09,-3.167437005093057168e-09
1.126259460957763672e+09,-2.692695125440603248e-09
1.126259460958251953e+09,-2.650255956089723375e-09
1.126259460958740234e+09,-2.893672665500678547e-09
1.126259460959228516e+09,-2.987057864713681485e-09
1.126259460959716797e+09,-2.925303041767927868e-09
1.126259460960205078e+09,-2.805325901538574350e-09
1.126259460960693359e+09,-2.476548725342584813e-09
1.126259460961181641e+09,-2.017729857602819436e-09
1.126259460961669922e+09,-1.902367549471230958e-09
1.126259460962158203e+09,-2.201996461752799848e-09
1.126259460962646484e+09,-2.275102661533023333e-09
1.126259460963134766e+09,-1.734817951004401143e-09
1.126259460963623047e+09,-1.074002229010533604e-09
1.126259460964111328e+09,-8.406061401628389052e-10
1.126259460964599609e+09,-8.619087604216863697e-10
1.126259460965087891e+09,-7.817884605905692289e-10
1.126259460965576172e+09,-6.506536525954556170e-10
1.126259460966064453e+09,-4.508348201366273856e-10
1.126259460966552734e+09,1.820099129440994137e-10
1.126259460967041016e+09,1.142701716330039715e-09
1.126259460967529297e+09,1.574231687680647324e-09
1.126259460968017578e+09,1.128617675264573988e-09
1.126259460968505859e+09,7.078389059993127522e-10
1.126259460968994141e+09,1.136052519636845871e-09
1.126259460969482422e+09,1.901031366796568649e-09
1.126259460969970703e+09,2.128634568883286537e-09
1.126259460970458984e+09,1.987401723483048482e-09
1.126259460970947266e+09,2.065216349507744924e-09
1.126259460971435547e+09,2.141998209710472656e-09
1.126259460971923828e+09,1.801795770612507079e-09
1.126259460972412109e+09,1.558544716692661022e-09
1.126259460972900391e+09,2.025117133030307898e-09
1.126259460973388672e+09,2.562310914258975271e-09
1.126259460973876953e+09,2.192734643773103845e-09
1.126259460974365234e+09,1.347942859811498899e-09
1.126259460974853516e+09,1.178238921013293359e-09
1.126259460975341797e+09,1.562666809476475528e-09
1.126259460975830078e+09,1.463549785312545387e-09
1.126259460976318359e+09,9.319155120655858769e-10
1.126259460976806641e+09,9.537043093316272017e-10
1.126259460977294922e+09,1.448586783335370266e-09
1.126259460977783203e+09,1.332074860645940037e-09
1.126259460978271484e+09,6.337406979902590721e-10
1.126259460978759766e+09,5.903347455420062813e-10
1.126259460979248047e+09,1.345286815428838132e-09
1.126259460979736328e+09,1.527821086780958507e-09
1.126259460980224609e+09,6.328439325921411486e-10
1.126259460980712891e+09,-9.871303413395336443e-11
1.126259460981201172e+09,1.334510734911343085e-10
1.126259460981689453e+09,4.550604361128795961e-10
1.126259460982177734e+09,8.626127732059129640e-11
1.126259460982666016e+09,-4.108261457259188251e-10
1.126259460983154297e+09,-5.611792381780243193e-10
1.126259460983642578e+09,-9.413062577594779301e-10
1.126259460984130859e+09,-1.713778958527548375e-09
1.126259460984619141e+09,-1.886143489715575496e-09
1.126259460985107422e+09,-1.151044087922070198e-09
1.126259460985595703e+09,-8.174091839685463719e-10
1.126259460986083984e+09,-1.680332439083359638e-09
1.126259460986572266e+09,-2.575142458446051119e-09
1.126259460987060547e+09,-2.381013263461735846e-09
1.126259460987548828e+09,-1.863934813608518674e-09
1.126259460988037109e+09,-2.066646414488721264e-09
1.126259460988525391e+09,-2.449710868435993533e-09
1.126259460989013672e+09,-2.257269960668946576e-09
1.126259460989501953e+09,-2.190869080125092394e-09
1.126259460989990234e+09,-2.917808727157302222e-09
1.126259460990478516e+09,-3.364850180509822837e-09
1.126259460990966797e+09,-2.476968762858627253e-09
1.126259460991455078e+09,-1.354643842961640083e-09
1.126259460991943359e+09,-1.522595669837698520e-09
1.126259460992431641e+09,-2.257365756520824747e-09
1.126259460992919922e+09,-1.883370505233580044e-09
1.126259460993408203e+09,-6.877882940980268686e-10
1.126259460993896484e+09,-1.819349269121744794e-10
1.126259460994384766e+09,-3.350462891723646576e-10
1.126259460994873047e+09,6.198055911490878033e-12
1.126259460995361328e+09,6.552047656431212432e-10
1.126259460995849609e+09,5.665442298759944737e-10
1.126259460996337891e+09,2.255923640612531518e-10
1.126259460996826172e+09,9.710853878768795983e-10
1.126259460997314453e+09,2.303880167683001180e-09
1.126259460997802734e+09,2.491485209857460660e-09
1.126259460998291016e+09,1.649335388600365480e-09
1.126259460998779297e+09,1.573930907393623872e-09
1.126259460999267578e+09,2.560027066276241203e-09
1.126259460999755859e+09,3.062774278548841691e-09
1.126259461000244141e+09,2.638861042207564942e-09
1.126259461000732422e+09,2.519158051192021043e-09
1.126259461001220703e+09,2.967815252554348548e-09
1.126259461001708984e+09,2.784989803901327312e-09
1.126259461002197266e+09,1.910738642240743049e-09
1.126259461002685547e+09,1.834635705139414034e-09
1.126259461003173828e+09,2.762738090717842521e-09
1.126259461003662109e+09,3.003247947880573549e-09
1.126259461004150391e+09,1.952980668365446336e-09
1.126259461004638672e+09,1.122796981374513078e-09
1.126259461005126953e+09,1.316963800030208368e-09
1.126259461005615234e+09,1.360378136707708869e-09
1.126259461006103516e+09,6.209753864908570628e-10
1.126259461006591797e+09,2.119143884215608326e-10
1.126259461007080078e+09,5.394472252829868398e-10
1.126259461007568359e+09,2.459172342397466765e-10
1.126259461008056641e+09,-1.079362310658718080e-09
1.126259461008544922e+09,-1.709763057656935105e-09
1.126259461009033203e+09,-8.225841841943786062e-10
1.126259461009521484e+09,-2.105686393696819041e-10
1.126259461010009766e+09,-1.219378042503628736e-09
1.126259461010498047e+09,-2.390234980187220112e-09
1.126259461010986328e+09,-2.097477793682318944e-09
1.126259461011474609e+09,-1.277097898797949630e-09
1.126259461011962891e+09,-1.425918178701154935e-09
1.126259461012451172e+09,-1.962176160575253034e-09
1.126259461012939453e+09,-1.781826716486808125e-09
1.126259461013427734e+09,-1.528709175075436942e-09
1.126259461013916016e+09,-2.048780966560843172e-09
1.126259461014404297e+09,-2.366311868005998133e-09
1.126259461014892578e+09,-1.520964968383067561e-09
1.126259461015380859e+09,-7.445519898808294870e-10
1.126259461015869141e+09,-1.418982724420624744e-09
1.126259461016357422e+09,-2.436302255133746180e-09
1.126259461016845703e+09,-2.051681361368452813e-09
1.126259461017333984e+09,-9.020030308396285865e-10
1.126259461017822266e+09,-6.544588293292779032e-10
1.126259461018310547e+09,-1.023002492102678033e-09
1.126259461018798828e+09,-7.500953038207733840e-10
1.126259461019287109e+09,-2.951089132132074203e-10
1.126259461019775391e+09,-8.060902351754809565e-10
1.126259461020263672e+09,-1.499998948344161913e-09
1.126259461020751953e+09,-8.697754253744215038e-10
1.126259461021240234e+09,3.875214602961945196e-10
1.126259461021728516e+09,4.321996141486905371e-10
1.126259461022216797e+09,-4.881813923807742323e-10
1.126259461022705078e+09,-6.189124216473430237e-10
1.126259461023193359e+09,1.755957077558694009e-10
1.126259461023681641e+09,6.073821923865028805e-10
1.126259461024169922e+09,6.351727318729282454e-10
1.126259461024658203e+09,1.139947093961142589e-09
1.126259461025146484e+09,1.548327290636859064e-09
1.126259461025634766e+09,7.168920193875529883e-10
1.126259461026123047e+09,-3.065064197992870910e-10
1.126259461026611328e+09,5.194612988127419633e-10
1.126259461027099609e+09,2.565786649019184501e-09
1.126259461027587891e+09,3.197353920972118388e-09
1.126259461028076172e+09,1.995718722385180152e-09
1.126259461028564453e+09,1.166142344026167369e-09
1.126259461029052734e+09,1.673211953648101685e-09
1.126259461029541016e+09,2.177135424931595865e-09
1.126259461030029297e+09,2.080718759923206707e-09
1.126259461030517578e+09,2.395075360573289905e-09
1.126259461031005859e+09,3.067447076326503732e-09
1.126259461031494141e+09,2.642029638307359621e-09
1.126259461031982422e+09,1.289111125373844334e-09
1.126259461032470703e+09,1.058649415441319922e-09
1.126259461032958984e+09,2.269926776139038916e-09
1.126259461033447266e+09,2.713595284666546748e-09
1.126259461033935547e+09,1.429000927417347259e-09
1.126259461034423828e+09,2.320747190808227804e-10
1.126259461034912109e+09,3.451221166222934546e-10
1.126259461035400391e+09,5.285543354858425437e-10
1.126259461035888672e+09,-1.117850767047875152e-10
1.126259461036376953e+09,-4.430112782548165854e-10
1.126259461036865234e+09,4.759211533097555224e-11
1.126259461037353516e+09,-1.752571307497286755e-10
1.126259461037841797e+09,-1.749559283181151764e-09
1.126259461038330078e+09,-2.794389455399297511e-09
1.126259461038818359e+09,-2.099811587754934893e-09
1.126259461039306641e+09,-1.328204935459914680e-09
1.126259461039794922e+09,-2.057874997953942274e-09
1.126259461040283203e+09,-3.132364353389979160e-09
1.126259461040771484e+09,-3.052013577958343210e-09
1.126259461041259766e+09,-2.613814329928547879e-09
1.126259461041748047e+09,-2.942930544849452858e-09
1.126259461042236328e+09,-3.158881001756908938e-09
1.126259461042724609e+09,-2.349171014727882537e-09
1.126259461043212891e+09,-1.750867659106830529e-09
1.126259461043701172e+09,-2.518829803572740733e-09
1.126259461044189453e+09,-3.275020938188470093e-09
1.126259461044677734e+09,-2.393535781324046714e-09
1.126259461045166016e+09,-9.281420261336849300e-10
1.126259461045654297e+09,-7.202308282015537137e-10
1.126259461046142578e+09,-1.268104725035484034e-09
1.126259461046630859e+09,-1.049788611297161023e-09
1.126259461047119141e+09,-3.719815168301943552e-10
1.126259461047607422e+09,-2.803800185645936420e-10
1.126259461048095703e+09,-1.456827447605805423e-10
1.126259461048583984e+09,9.635776072546289050e-10
1.126259461049072266e+09,1.915576962510371790e-09
1.126259461049560547e+09,1.298347662958639646e-09
1.126259461050048828e+09,2.646932115563578201e-10
1.126259461050537109e+09,7.591222559154269037e-10
1.126259461051025391e+09,2.104938931539634544e-09
1.126259461051513672e+09,2.271984798710300651e-09
1.126259461052001953e+09,1.445632473680322114e-09
1.126259461052490234e+09,1.319508572787059720e-09
1.126259461052978516e+09,1.812903918443013757e-09
1.126259461053466797e+09,1.613144990731585389e-09
1.126259461053955078e+09,1.148413244646495936e-09
1.126259461054443359e+09,1.784714439884839565e-09
1.126259461054931641e+09,2.725142014328990200e-09
1.126259461055419922e+09,2.053824802945903794e-09
1.126259461055908203e+09,4.267397631881590487e-10
1.126259461056396484e+09,3.102656869365362251e-10
1.126259461056884766e+09,1.747500028673619758e-09
1.126259461057373047e+09,2.319400932772299422e-09
1.126259461057861328e+09,1.344185332428086498e-09
1.126259461058349609e+09,6.689539825696763788e-10
1.126259461058837891e+09,1.027003177907040907e-09
1.126259461059326172e+09,1.045296710160545546e-09
1.126259461059814453e+09,3.780617147187894291e-10
1.126259461060302734e+09,4.443575843179525163e-10
1.126259461060791016e+09,1.315675087321993664e-09
1.126259461061279297e+09,1.163193876894659661e-09
1.126259461061767578e+09,-2.700280700090536801e-10
1.126259461062255859e+09,-8.418229537905246589e-10
1.126259461062744141e+09,2.608233444057099136e-10
1.126259461063232422e+09,1.064673072895757525e-09
1.126259461063720703e+09,3.179845457756646862e-10
1.126259461064208984e+09,-5.504840861827506560e-10
1.126259461064697266e+09,-3.661541297769295673e-10
1.126259461065185547e+09,-1.847740714547866956e-10
1.126259461065673828e+09,-7.833822471155749143e-10
1.126259461066162109e+09,-9.762229557631322211e-10
1.126259461066650391e+09,-1.515631974487703706e-10
1.126259461067138672e+09,1.415009956238923321e-10
1.126259461067626953e+09,-1.043709558794394609e-09
1.126259461068115234e+09,-2.157548396313586227e-09
1.126259461068603516e+09,-1.847424774793918381e-09
1.126259461069091797e+09,-1.188212716046686607e-09
1.126259461069580078e+09,-1.407664494352086738e-09
1.126259461070068359e+09,-1.743691938057870665e-09
1.126259461070556641e+09,-1.450411110972313733e-09
1.126259461071044922e+09,-1.552055255874174575e-09
1.126259461071533203e+09,-2.574262080471124773e-09
1.126259461072021484e+09,-2.919273034918543355e-09
1.126259461072509766e+09,-1.709055796966398023e-09
1.126259461072998047e+09,-8.787939289805879418e-10
1.126259461073486328e+09,-2.001769693249396922e-09
1.126259461073974609e+09,-3.321062157266783717e-09
1.126259461074462891e+09,-2.638315461193443868e-09
1.126259461074951172e+09,-1.027367420759021162e-09
1.126259461075439453e+09,-7.479575610895636033e-10
1.126259461075927734e+09,-1.380051296987692973e-09
1.126259461076416016e+09,-1.142161213362131358e-09
1.126259461076904297e+09,-3.715054588392521700e-10
1.126259461077392578e+09,-4.281428075511853962e-10
1.126259461077880859e+09,-5.692581244685584581e-10
1.126259461078369141e+09,6.874343054345591491e-10
1.126259461078857422e+09,2.236652606456308180e-09
1.126259461079345703e+09,1.902041116249899150e-09
1.126259461079833984e+09,4.262382105140957561e-10
1.126259461080322266e+09,4.492198260659853514e-10
1.126259461080810547e+09,2.074851242082838164e-09
1.126259461081298828e+09,2.943556744147648275e-09
1.126259461081787109e+09,2.408894731606324076e-09
1.126259461082275391e+09,2.159443731665408232e-09
1.126259461082763672e+09,2.710991275804654785e-09
1.126259461083251953e+09,2.703343331336420336e-09
1.126259461083740234e+09,1.952461702641512180e-09
1.126259461084228516e+09,1.937598434705100771e-09
1.126259461084716797e+09,2.781053457180619540e-09
1.126259461085205078e+09,2.813406243451451129e-09
1.126259461085693359e+09,1.706978239216519391e-09
1.126259461086181641e+09,1.116614631220850219e-09
1.126259461086669922e+09,1.609030368732021632e-09
1.126259461087158203e+09,1.809853532495771121e-09
1.126259461087646484e+09,1.213178225801908792e-09
1.126259461088134766e+09,9.701988498403821266e-10
1.126259461088623047e+09,1.222067244896052690e-09
1.126259461089111328e+09,5.899552264517187519e-10
1.126259461089599609e+09,-8.798320730315047263e-10
1.126259461090087891e+09,-1.254677591426424649e-09
1.126259461090576172e+09,-1.751330597322784220e-10
1.126259461091064453e+09,2.214798875321070254e-10
1.126259461091552734e+09,-1.003806134546415014e-09
1.126259461092041016e+09,-1.971601586868500113e-09
1.126259461092529297e+09,-1.427220709780070478e-09
1.126259461093017578e+09,-8.195170002978188875e-10
1.126259461093505859e+09,-1.326746990351985850e-09
1.126259461093994141e+09,-1.726852261252556820e-09
1.126259461094482422e+09,-1.099703090699153681e-09
1.126259461094970703e+09,-8.430989882455478144e-10
1.126259461095458984e+09,-1.892373489298372363e-09
1.126259461095947266e+09,-2.588704394198690494e-09
1.126259461096435547e+09,-1.620152232087939567e-09
1.126259461096923828e+09,-5.923966642720222002e-10
1.126259461097412109e+09,-1.199448914405539678e-09
1.126259461097900391e+09,-2.176858529708332533e-09
1.126259461098388672e+09,-1.713548167140996477e-09
1.126259461098876953e+09,-7.106196738127102084e-10
1.126259461099365234e+09,-8.195154062657934243e-10
1.126259461099853516e+09,-1.250223504181577422e-09
1.126259461100341797e+09,-5.413907892180566879e-10
1.126259461100830078e+09,2.980805402494210057e-10
1.126259461101318359e+09,-3.887555934842246474e-10
1.126259461101806641e+09,-1.489794247031309571e-09
1.126259461102294922e+09,-8.689766729022266499e-10
1.126259461102783203e+09,7.045526832607544101e-10
1.126259461103271484e+09,7.882041056321760021e-10
1.126259461103759766e+09,-4.931423234803789816e-10
1.126259461104248047e+09,-8.734072229364136356e-10
1.126259461104736328e+09,9.588891134401498756e-12
1.126259461105224609e+09,4.050115508551755666e-10
1.126259461105712891e+09,-5.934476605584722537e-11
1.126259461106201172e+09,-1.334879092539205800e-11
1.126259461106689453e+09,6.340842783315726573e-10
1.126259461107177734e+09,5.356581937658969971e-10
1.126259461107666016e+09,-1.735820634914633301e-10
1.126259461108154297e+09,7.909233408080236102e-11
1.126259461108642578e+09,1.180524508485063793e-09
1.126259461109130859e+09,1.337212411486032617e-09
1.126259461109619141e+09,4.496422496742435093e-10
1.126259461110107422e+09,3.725426326959394203e-10
1.126259461110595703e+09,1.430117237189479674e-09
1.126259461111083984e+09,1.832912565446516419e-09
1.126259461111572266e+09,1.129383440050472599e-09
1.126259461112060547e+09,1.028622671509858783e-09
1.126259461112548828e+09,1.989660323189954319e-09
1.126259461113037109e+09,2.220485820826895693e-09
1.126259461113525391e+09,1.147697323626154179e-09
1.126259461114013672e+09,6.974356101874749120e-10
1.126259461114501953e+09,1.760074148228262862e-09
1.126259461114990234e+09,2.456131242067561948e-09
1.126259461115478516e+09,1.546247195584864386e-09
1.126259461115966797e+09,6.429874628363667791e-10
1.126259461116455078e+09,1.170662171267033818e-09
1.126259461116943359e+09,1.857549272289003469e-09
1.126259461117431641e+09,1.295605040489783843e-09
1.126259461117919922e+09,4.672099054199793184e-10
1.126259461118408203e+09,5.577842703367436842e-10
1.126259461118896484e+09,6.098797589861954814e-10
1.126259461119384766e+09,-3.659890485223489057e-10
1.126259461119873047e+09,-1.149568705205151662e-09
1.126259461120361328e+09,-5.736832349048917714e-10
1.126259461120849609e+09,2.141392676918101337e-11
1.126259461121337891e+09,-8.991125382171892614e-10
1.126259461121826172e+09,-2.188543806795193962e-09
1.126259461122314453e+09,-2.071080850950302424e-09
1.126259461122802734e+09,-1.336876909778361222e-09
1.126259461123291016e+09,-1.737001921564740311e-09
1.126259461123779297e+09,-2.721595461172080839e-09
1.126259461124267578e+09,-2.650496252049980145e-09
1.126259461124755859e+09,-1.962187062819871485e-09
1.126259461125244141e+09,-2.188234114504621207e-09
1.126259461125732422e+09,-2.858652744461856946e-09
1.126259461126220703e+09,-2.380194853821104305e-09
1.126259461126708984e+09,-1.209024264710169875e-09
1.126259461127197266e+09,-1.171907727338583560e-09
1.126259461127685547e+09,-2.163231060758204039e-09
1.126259461128173828e+09,-2.398426105098209374e-09
1.126259461128662109e+09,-1.583291192846136526e-09
1.126259461129150391e+09,-1.044676863638815312e-09
1.126259461129638672e+09,-9.938150343562368616e-10
1.126259461130126953e+09,-4.243775314921657328e-10
1.126259461130615234e+09,4.492658491981725881e-10
1.126259461131103516e+09,4.098995972574360754e-10
1.126259461131591797e+09,-1.814379600225974185e-10
1.126259461132080078e+09,2.488513678397284186e-10
1.126259461132568359e+09,1.529424762167681581e-09
1.126259461133056641e+09,1.881909158580844427e-09
1.126259461133544922e+09,1.106037624854974669e-09
1.126259461134033203e+09,8.583675118452124477e-10
1.126259461134521484e+09,1.555318778856439663e-09
1.126259461135009766e+09,1.830345281251106393e-09
1.126259461135498047e+09,1.414893213125974566e-09
1.126259461135986328e+09,1.645296746910773951e-09
1.126259461136474609e+09,2.555426060350891215e-09
1.126259461136962891e+09,2.428618623133262439e-09
1.126259461137451172e+09,1.051170962143923869e-09
1.126259461137939453e+09,4.816351864431252070e-10
1.126259461138427734e+09,1.527947167058662674e-09
1.126259461138916016e+09,2.301676437530925966e-09
1.126259461139404297e+09,1.537191282540472933e-09
1.126259461139892578e+09,6.025509871548398199e-10
1.126259461140380859e+09,7.591627799099367503e-10
1.126259461140869141e+09,1.063640918514958534e-09
1.126259461141357422e+09,6.315102469138369053e-10
1.126259461141845703e+09,4.722730791747038427e-10
1.126259461142333984e+09,1.259973878978260365e-09
1.126259461142822266e+09,1.630766277180577958e-09
1.126259461143310547e+09,6.421336606089587893e-10
1.126259461143798828e+09,-2.610723735499937879e-10
1.126259461144287109e+09,2.448402947367719232e-10
1.126259461144775391e+09,9.619776237159268885e-10
1.126259461145263672e+09,3.931060600484057051e-10
1.126259461145751953e+09,-5.923602598455773012e-10
1.126259461146240234e+09,-5.434423676795311632e-10
1.126259461146728516e+09,-6.664111230182083242e-11
1.126259461147216797e+09,-3.622619515826755812e-10
1.126259461147705078e+09,-7.998299565490498875e-10
1.126259461148193359e+09,-3.646125606601089208e-10
1.126259461148681641e+09,1.887877534535711540e-11
1.126259461149169922e+09,-8.705833381629851942e-10
1.126259461149658203e+09,-1.958255068694565868e-09
1.126259461150146484e+09,-1.530075204837901547e-09
1.126259461150634766e+09,-3.152634708882597891e-10
1.126259461151123047e+09,-2.792476254392271772e-10
1.126259461151611328e+09,-1.317048252840623399e-09
1.126259461152099609e+09,-1.781315009562685232e-09
1.126259461152587891e+09,-1.480894175528315840e-09
1.126259461153076172e+09,-1.524481622368372437e-09
1.126259461153564453e+09,-1.860448949370818713e-09
1.126259461154052734e+09,-1.585359627864180160e-09
1.126259461154541016e+09,-1.143939797604265557e-09
1.126259461155029297e+09,-1.643388620289178933e-09
1.126259461155517578e+09,-2.459635186510453257e-09
1.126259461156005859e+09,-2.096947221038185603e-09
1.126259461156494141e+09,-9.990732705060465917e-10
1.126259461156982422e+09,-8.975797198155002698e-10
1.126259461157470703e+09,-1.733373618501570776e-09
1.126259461157958984e+09,-1.896249562948772373e-09
1.126259461158447266e+09,-1.222299344869170515e-09
1.126259461158935547e+09,-9.808664774882962413e-10
1.126259461159423828e+09,-1.094248350330967280e-09
1.126259461159912109e+09,-3.021949086594090313e-10
1.126259461160400391e+09,9.377027244678240662e-10
1.126259461160888672e+09,7.946469830682470151e-10
1.126259461161376953e+09,-4.482447554944490526e-10
1.126259461161865234e+09,-3.892297858730342663e-10
1.126259461162353516e+09,1.452840436359572350e-09
1.126259461162841797e+09,2.696803575790429738e-09
1.126259461163330078e+09,2.042043709285020953e-09
1.126259461163818359e+09,1.141120048852936961e-09
1.126259461164306641e+09,1.430792190528925974e-09
1.126259461164794922e+09,1.988545381623435237e-09
1.126259461165283203e+09,1.901410548438456838e-09
1.126259461165771484e+09,2.038161540796361265e-09
1.126259461166259766e+09,2.883203847824719424e-09
1.126259461166748047e+09,3.108028669226068456e-09
1.126259461167236328e+09,2.015369923257773807e-09
1.126259461167724609e+09,1.144314091050493500e-09
1.126259461168212891e+09,1.692283127072398078e-09
1.126259461168701172e+09,2.436481059086673504e-09
1.126259461169189453e+09,1.990418971125088884e-09
1.126259461169677734e+09,1.135501917343770366e-09
1.126259461170166016e+09,1.077844340309815298e-09
1.126259461170654297e+09,1.260680533020435238e-09
1.126259461171142578e+09,7.950063366834516555e-10
1.126259461171630859e+09,3.169596889147110403e-10
1.126259461172119141e+09,5.132445833993721498e-10
1.126259461172607422e+09,4.561123865294033565e-10
1.126259461173095703e+09,-6.469599771397358155e-10
1.126259461173583984e+09,-1.616364632525941106e-09
1.126259461174072266e+09,-1.202896354353311282e-09
1.126259461174560547e+09,-3.593557441368673842e-10
1.126259461175048828e+09,-6.049903356681695532e-10
1.126259461175537109e+09,-1.503261882508362277e-09
1.126259461176025391e+09,-1.782885271884707714e-09
1.126259461176513672e+09,-1.631355488099308327e-09
1.126259461177001953e+09,-1.816758495853435177e-09
1.126259461177490234e+09,-1.836087227646500842e-09
1.126259461177978516e+09,-1.074633472677809246e-09
1.126259461178466797e+09,-5.573254599347620414e-10
1.126259461178955078e+09,-1.327682894179214199e-09
1.126259461179443359e+09,-2.263952787371747800e-09
1.126259461179931641e+09,-1.795363829089658363e-09
1.126259461180419922e+09,-6.546600977253783463e-10
1.126259461180908203e+09,-5.305431485711622083e-10
1.126259461181396484e+09,-1.078866468259235634e-09
1.126259461181884766e+09,-8.434067329720743112e-10
1.126259461182373047e+09,-1.637742883599120366e-10
1.126259461182861328e+09,-4.023563343861921819e-10
1.126259461183349609e+09,-1.059977571845948688e-09
1.126259461183837891e+09,-5.702023063608112517e-10
1.126259461184326172e+09,5.701573882580221285e-10
1.126259461184814453e+09,4.585408852901760067e-10
1.126259461185302734e+09,-7.134575099868936412e-10
1.126259461185791016e+09,-8.610689415773211781e-10
1.126259461186279297e+09,3.058271818318433392e-10
1.126259461186767578e+09,8.444395606653231175e-10
1.126259461187255859e+09,9.895883523250159324e-11
1.126259461187744141e+09,-3.430166829847658661e-10
1.126259461188232422e+09,2.401908143143123391e-10
1.126259461188720703e+09,5.452689393985376962e-10
1.126259461189208984e+09,-2.261184391980475055e-12
1.126259461189697266e+09,-1.030185247374306221e-10
1.126259461190185547e+09,7.685288093718917812e-10
1.126259461190673828e+09,1.150518420336227895e-09
1.126259461191162109e+09,2.605771166312057145e-10
1.126259461191650391e+09,-4.654012385016300540e-10
1.126259461192138672e+09,1.489686571127959742e-10
1.126259461192626953e+09,1.095963322722588173e-09
1.126259461193115234e+09,1.116523658417283737e-09
1.126259461193603516e+09,6.771375866796772904e-10
1.126259461194091797e+09,6.554430761282102604e-10
1.126259461194580078e+09,7.634697950134164228e-10
1.126259461195068359e+09,5.955612345873790250e-10
1.126259461195556641e+09,6.704104006120451910e-10
1.126259461196044922e+09,1.201230376402202570e-09
1.126259461196533203e+09,1.336747697025751806e-09
1.126259461197021484e+09,7.510806411189891631e-10
1.126259461197509766e+09,4.610360261361450998e-10
1.126259461197998047e+09,1.002974570369370048e-09
1.126259461198486328e+09,1.409025422346882739e-09
1.126259461198974609e+09,1.054028188621399006e-09
1.126259461199462891e+09,7.842682763305111127e-10
1.126259461199951172e+09,1.066333364214427994e-09
1.126259461200439453e+09,8.821158565586409104e-10
1.126259461200927734e+09,-1.888282682072372981e-10
1.126259461201416016e+09,-7.106525370667724300e-10
1.126259461201904297e+09,1.802768060887366803e-10
1.126259461202392578e+09,9.489707919700086787e-10
1.126259461202880859e+09,1.110826602234580118e-10
1.126259461203369141e+09,-1.210954973802887854e-09
1.126259461203857422e+09,-1.226678696523327984e-09
1.126259461204345703e+09,-4.358016443007372564e-10
1.126259461204833984e+09,-4.434301214668604269e-10
1.126259461205322266e+09,-1.133307516224735694e-09
1.126259461205810547e+09,-1.331060560688102358e-09
1.126259461206298828e+09,-1.210658315273264777e-09
1.126259461206787109e+09,-1.690055847368295076e-09
1.126259461207275391e+09,-2.281016266853018013e-09
1.126259461207763672e+09,-1.877901187438926427e-09
1.126259461208251953e+09,-1.021818962315988682e-09
1.126259461208740234e+09,-1.092430917316676638e-09
1.126259461209228516e+09,-1.795157698979931543e-09
1.126259461209716797e+09,-1.717289221550392905e-09
1.126259461210205078e+09,-9.207734082996359597e-10
1.126259461210693359e+09,-6.894069159513535637e-10
1.126259461211181641e+09,-1.049032778880953902e-09
1.126259461211669922e+09,-8.685954891321866717e-10
1.126259461212158203e+09,-2.085302545304338142e-10
1.126259461212646484e+09,-2.049812112788588249e-10
1.126259461213134766e+09,-6.869537727430827330e-10
1.126259461213623047e+09,-3.029028661884727365e-10
1.126259461214111328e+09,8.720533930661570168e-10
1.126259461214599609e+09,1.252560701830201502e-09
1.126259461215087891e+09,5.569724859215775303e-10
1.126259461215576172e+09,3.407634801040087212e-10
1.126259461216064453e+09,1.241922478769686374e-09
1.126259461216552734e+09,1.996896437812861114e-09
1.126259461217041016e+09,1.842857574111538783e-09
1.126259461217529297e+09,1.655240902695545499e-09
1.126259461218017578e+09,1.901030241930796956e-09
1.126259461218505859e+09,1.673386549294408201e-09
1.126259461218994141e+09,7.594925337604200682e-10
1.126259461219482422e+09,5.282025094777521891e-10
1.126259461219970703e+09,1.526705346776007274e-09
1.126259461220458984e+09,2.169737305534170373e-09
1.126259461220947266e+09,1.242525166200710891e-09
1.126259461221435547e+09,-5.493578765969452727e-11
1.126259461221923828e+09,-9.936796833883648696e-11
1.126259461222412109e+09,6.737134894664561788e-10
1.126259461222900391e+09,8.851895930717720704e-10
1.126259461223388672e+09,4.618463922068217244e-10
1.126259461223876953e+09,1.276019711477518132e-10
1.126259461224365234e+09,-1.977240813139590255e-10
1.126259461224853516e+09,-8.316737194409536126e-10
1.126259461225341797e+09,-1.128812655245935366e-09
1.126259461225830078e+09,-4.818141834326576005e-10
1.126259461226318359e+09,2.775864607614368853e-10
1.126259461226806641e+09,4.124887687485385242e-11
1.126259461227294922e+09,-7.239824415032946033e-10
1.126259461227783203e+09,-8.075275282768328168e-10
1.126259461228271484e+09,-2.683237421815549377e-10
1.126259461228759766e+09,-6.609949809025251752e-11
1.126259461229248047e+09,-2.669711297865928590e-10
1.126259461229736328e+09,-2.166406970360859831e-10
1.126259461230224609e+09,-4.494525929831187692e-11
1.126259461230712891e+09,-3.654935056486647451e-10
1.126259461231201172e+09,-7.820260976808721131e-10
1.126259461231689453e+09,-3.384076218998811168e-10
1.126259461232177734e+09,6.599949316681786079e-10
1.126259461232666016e+09,8.599235381452098265e-10
1.126259461233154297e+09,-5.436913578769559863e-11
1.126259461233642578e+09,-9.441153741232832804e-10
1.126259461234130859e+09,-1.013968793565160798e-09
1.126259461234619141e+09,-6.725973201510667415e-10
1.126259461235107422e+09,-4.297313419807462189e-10
1.126259461235595703e+09,-2.510389574335383148e-10
1.126259461236083984e+09,-2.648342721404095555e-10
1.126259461236572266e+09,-8.511419077713500729e-10
1.126259461237060547e+09,-1.673691995369724848e-09
1.126259461237548828e+09,-1.772206748857397865e-09
1.126259461238037109e+09,-1.017098523926269808e-09
1.126259461238525391e+09,-4.348497253474275597e-10
1.126259461239013672e+09,-6.980634306778199637e-10
1.126259461239501953e+09,-1.270708317082765395e-09
1.126259461239990234e+09,-1.433404676221230301e-09
1.126259461240478516e+09,-1.205387475075289083e-09
1.126259461240966797e+09,-8.576307307683098683e-10
1.126259461241455078e+09,-4.391567474963742591e-10
1.126259461241943359e+09,-1.869020583569397122e-10
1.126259461242431641e+09,-4.857631689416827315e-10
1.126259461242919922e+09,-1.007317833300188058e-09
1.126259461243408203e+09,-8.218768109815666522e-10
1.126259461243896484e+09,1.822437133852015711e-10
1.126259461244384766e+09,9.473483004388411494e-10
1.126259461244873047e+09,8.222504382890374159e-10
1.126259461245361328e+09,5.025763311059825867e-10
1.126259461245849609e+09,7.725444131176791956e-10
1.126259461246337891e+09,1.292664273274117098e-09
1.126259461246826172e+09,1.429324746318552703e-09
1.126259461247314453e+09,1.398065755664125036e-09
1.126259461247802734e+09,1.663375050746253369e-09
1.126259461248291016e+09,1.948599474567405540e-09
1.126259461248779297e+09,1.815818556496155608e-09
1.126259461249267578e+09,1.614581450125940594e-09
1.126259461249755859e+09,1.863766103823315298e-09
1.126259461250244141e+09,2.201635916354648832e-09
1.126259461250732422e+09,1.953591066641754332e-09
1.126259461251220703e+09,1.332313115437215871e-09
1.126259461251708984e+09,1.074631779972706668e-09
1.126259461252197266e+09,1.213357124825836036e-09
1.126259461252685547e+09,1.193979427121168268e-09
1.126259461253173828e+09,9.339002557796349426e-10
1.126259461253662109e+09,7.665762357912085265e-10
1.126259461254150391e+09,5.590776660579417078e-10
1.126259461254638672e+09,-6.622100299979445447e-11
1.126259461255126953e+09,-7.544124900739062211e-10
1.126259461255615234e+09,-7.337510711383442293e-10
1.126259461256103516e+09,-1.219953280044454332e-10
1.126259461256591797e+09,1.029624974484566923e-10
1.126259461257080078e+09,-4.535666900914617281e-10
1.126259461257568359e+09,-1.135124010559995258e-09
1.126259461258056641e+09,-1.349565393003214523e-09
1.126259461258544922e+09,-1.240091670343264445e-09
1.126259461259033203e+09,-1.072234350109360173e-09
1.126259461259521484e+09,-8.514014330110212204e-10
1.126259461260009766e+09,-7.642872350987142268e-10
1.126259461260498047e+09,-1.118512505483091872e-09
1.126259461260986328e+09,-1.601244330044346186e-09
1.126259461261474609e+09,-1.478900054564857780e-09
1.126259461261962891e+09,-7.975258866580986409e-10
1.126259461262451172e+09,-4.723970198607526262e-10
1.126259461262939453e+09,-8.742641891011342508e-10
1.126259461263427734e+09,-1.282509237978597722e-09
1.126259461263916016e+09,-1.130577168677398218e-09
1.126259461264404297e+09,-7.973641419585782587e-10
1.126259461264892578e+09,-6.696629726453750259e-10
1.126259461265380859e+09,-4.533398348489673120e-10
1.126259461265869141e+09,-5.316461079921983261e-11
1.126259461266357422e+09,-9.560951601343974467e-11
1.126259461266845703e+09,-7.592337862368488215e-10
1.126259461267333984e+09,-1.067384422657611917e-09
1.126259461267822266e+09,-3.297807622672649878e-10
1.126259461268310547e+09,5.841570289959139729e-10
1.126259461268798828e+09,5.175135332691387693e-10
1.126259461269287109e+09,-1.891103617292847453e-10
1.126259461269775391e+09,-3.978753455891848478e-10
1.126259461270263672e+09,-1.930521024721748885e-11
1.126259461270751953e+09,1.690602388320253099e-10
1.126259461271240234e+09,6.870159472416176371e-11
1.126259461271728516e+09,2.080700224287115927e-10
1.126259461272216797e+09,4.301781326514313463e-10
1.126259461272705078e+09,8.805462383763372827e-11
1.126259461273193359e+09,-5.284781895385723096e-10
1.126259461273681641e+09,-4.038932250002707800e-10
1.126259461274169922e+09,4.517694302185309088e-10
1.126259461274658203e+09,8.427083519443347343e-10
1.126259461275146484e+09,2.561989963620237313e-10
1.126259461275634766e+09,-3.908650154494092831e-10
1.126259461276123047e+09,-2.714518780345456364e-10
1.126259461276611328e+09,2.631381545995198182e-10
1.126259461277099609e+09,5.972656814761586394e-10
1.126259461277587891e+09,7.788010357222484072e-10
1.126259461278076172e+09,9.817008039500774324e-10
1.126259461278564453e+09,9.944567281925506067e-10
1.126259461279052734e+09,8.187805182359477805e-10
1.126259461279541016e+09,9.412091668825263848e-10
1.126259461280029297e+09,1.470687165393130926e-09
1.126259461280517578e+09,1.784353620704722666e-09
1.126259461281005859e+09,1.520802016129650724e-09
1.126259461281494141e+09,1.151933055936465475e-09
1.126259461281982422e+09,1.108732064796580729e-09
1.126259461282470703e+09,1.143790829512618372e-09
1.126259461282958984e+09,1.020131895104414736e-09
1.126259461283447266e+09,9.741722770241548604e-10
1.126259461283935547e+09,9.972208260636349985e-10
1.126259461284423828e+09,5.750914905168343847e-10
1.126259461284912109e+09,-2.721671660153852309e-10
1.126259461285400391e+09,-6.378893213110711658e-10
1.126259461285888672e+09,-1.114451290778941890e-10
1.126259461286376953e+09,4.133732807961665836e-10
1.126259461286865234e+09,9.815524730962760026e-11
1.126259461287353516e+09,-5.793263850064590705e-10
1.126259461287841797e+09,-8.051502555306099496e-10
1.126259461288330078e+09,-7.766527765246247255e-10
1.126259461288818359e+09,-1.045655957268918534e-09
1.126259461289306641e+09,-1.329831258473930948e-09
1.126259461289794922e+09,-1.141673070173066320e-09
1.126259461290283203e+09,-9.354349849132431485e-10
1.126259461290771484e+09,-1.386536751304351380e-09
1.126259461291259766e+09,-2.029932102924742405e-09
1.126259461291748047e+09,-1.879466054120038469e-09
1.126259461292236328e+09,-1.069406507086640616e-09
1.126259461292724609e+09,-6.563074579287771120e-10
1.126259461293212891e+09,-9.810903853989050887e-10
1.126259461293701172e+09,-1.356632993208202408e-09
1.126259461294189453e+09,-1.266131685077696672e-09
1.126259461294677734e+09,-8.529545649365245418e-10
1.126259461295166016e+09,-3.315442786729983605e-10
1.126259461295654297e+09,1.519335610769936286e-10
1.126259461296142578e+09,2.263105690437321897e-10
1.126259461296630859e+09,-2.346997501485497463e-10
1.126259461297119141e+09,-5.549600755999244621e-10
1.126259461297607422e+09,-6.429426357342596735e-11
1.126259461298095703e+09,8.002691559336985499e-10
1.126259461298583984e+09,1.119287508761131639e-09
1.126259461299072266e+09,8.708478347071020857e-10
1.126259461299560547e+09,6.806693231273532348e-10
1.126259461300048828e+09,6.044081809930301634e-10
1.126259461300537109e+09,3.336905303080509998e-10
1.126259461301025391e+09,2.349309982255970244e-10
1.126259461301513672e+09,8.326709081494051679e-10
1.126259461302001953e+09,1.515961385303426880e-09
1.126259461302490234e+09,1.217372480480964984e-09
1.126259461302978516e+09,2.676487989545478593e-10
1.126259461303466797e+09,6.143919068772351330e-11
1.126259461303955078e+09,8.482091104380197165e-10
1.126259461304443359e+09,1.388322953629026149e-09
1.126259461304931641e+09,9.681126612100483347e-10
1.126259461305419922e+09,2.460714903092290421e-10
1.126259461305908203e+09,-1.466033973819880578e-10
1.126259461306396484e+09,-3.424039227409769710e-10
1.126259461306884766e+09,-2.963567359268586491e-10
1.126259461307373047e+09,3.244770222645135417e-10
1.126259461307861328e+09,9.406516064975032429e-10
1.126259461308349609e+09,3.898832194229677740e-10
1.126259461308837891e+09,-1.019065412541778063e-09
1.126259461309326172e+09,-1.455109045531522417e-09
1.126259461309814453e+09,-2.693834612753929367e-10
1.126259461310302734e+09,9.094230664636268730e-10
1.126259461310791016e+09,6.578281602301254357e-10
1.126259461311279297e+09,-2.954911588343972869e-10
1.126259461311767578e+09,-6.646585451114252503e-10
1.126259461312255859e+09,-5.723616047179271628e-10
1.126259461312744141e+09,-6.372650016111952920e-10
1.126259461313232422e+09,-5.205148536028331240e-10
1.126259461313720703e+09,1.432605005953179150e-10
1.126259461314208984e+09,5.406479679288018297e-10
1.126259461314697266e+09,-6.300622872140870882e-11
1.126259461315185547e+09,-8.128752746209055370e-10
1.126259461315673828e+09,-5.075585432766030919e-10
1.126259461316162109e+09,4.555452617729136524e-10
1.126259461316650391e+09,8.262619021636790594e-10
1.126259461317138672e+09,4.676953862679906051e-10
1.126259461317626953e+09,1.456166179879351665e-10
1.126259461318115234e+09,9.674854849245318952e-12
1.126259461318603516e+09,-2.728434100979082531e-10
1.126259461319091797e+09,-4.277036848870955929e-10
1.126259461319580078e+09,-4.940582049921140758e-11
1.126259461320068359e+09,3.007337097731549074e-10
1.126259461320556641e+09,-1.442789760881251811e-10
1.126259461321044922e+09,-9.116867186955589742e-10
1.126259461321533203e+09,-9.478551369000839244e-10
1.126259461322021484e+09,-3.349226785857318392e-10
1.126259461322509766e+09,-2.701116787779089637e-11
1.126259461322998047e+09,-2.442257273978192435e-10
1.126259461323486328e+09,-4.509478033516112487e-10
1.126259461323974609e+09,-5.738264990066690912e-10
1.126259461324462891e+09,-8.925554010988169535e-10
1.126259461324951172e+09,-1.044450679349609573e-09
1.126259461325439453e+09,-5.115124813000180500e-10
1.126259461325927734e+09,1.758203239410772622e-10
1.126259461326416016e+09,8.578540635407235354e-11
1.126259461326904297e+09,-5.236735786250094478e-10
1.126259461327392578e+09,-6.230299634743119071e-10
1.126259461327880859e+09,-1.433464611167933211e-10
1.126259461328369141e+09,1.250541176424478549e-10
1.126259461328857422e+09,9.360105216495130909e-11
1.126259461329345703e+09,3.346885223089605114e-10
1.126259461329833984e+09,7.024263863121818849e-10
1.126259461330322266e+09,5.674654157500813330e-10
1.126259461330810547e+09,2.740034467634881410e-10
1.126259461331298828e+09,7.221846288006564881e-10
1.126259461331787109e+09,1.576532366232958842e-09
1.126259461332275391e+09,1.603151900263494844e-09
1.126259461332763672e+09,8.139848084266034598e-10
1.126259461333251953e+09,5.053589389656369415e-10
1.126259461333740234e+09,1.026971550331506795e-09
1.126259461334228516e+09,1.325326509820566096e-09
1.126259461334716797e+09,9.567307438551059041e-10
1.126259461335205078e+09,7.021675361480441231e-10
1.126259461335693359e+09,8.077870794035238642e-10
1.126259461336181641e+09,5.059917446779046015e-10
1.126259461336669922e+09,-2.010582581964665019e-10
1.126259461337158203e+09,-2.091449427776367695e-10
1.126259461337646484e+09,5.629856266302404192e-10
1.126259461338134766e+09,6.529037206754138733e-10
1.126259461338623047e+09,-4.796594192220197566e-10
1.126259461339111328e+09,-1.371529937910167949e-09
1.126259461339599609e+09,-9.855544853078482891e-10
1.126259461340087891e+09,-3.702264410425454964e-10
1.126259461340576172e+09,-6.609309635710379119e-10
1.126259461341064453e+09,-1.195967492037474623e-09
1.126259461341552734e+09,-1.054059788861348739e-09
1.126259461342041016e+09,-8.226783589603483596e-10
1.126259461342529297e+09,-1.222663755836512319e-09
1.126259461343017578e+09,-1.448322484835019266e-09
1.126259461343505859e+09,-6.401784521293904521e-10
1.126259461343994141e+09,2.552452775664721581e-10
1.126259461344482422e+09,-5.114563101123759498e-11
1.126259461344970703e+09,-9.168265588561601800e-10
1.126259461345458984e+09,-8.350668997123778615e-10
1.126259461345947266e+09,7.627594893096193064e-11
1.126259461346435547e+09,5.266220116428930348e-10
1.126259461346923828e+09,3.083120613442967791e-10
1.126259461347412109e+09,2.445542646884175274e-10
1.126259461347900391e+09,4.129787563669431981e-10
1.126259461348388672e+09,2.440543671660219155e-10
1.126259461348876953e+09,6.898900453618020422e-12
1.126259461349365234e+09,4.319281071696399587e-10
1.126259461349853516e+09,1.121668266474249616e-09
1.126259461350341797e+09,1.024193415327804821e-09
1.126259461350830078e+09,2.848273650428913676e-10
1.126259461351318359e+09,3.734989986904440475e-12
1.126259461351806641e+09,3.356098822425540302e-10
1.126259461352294922e+09,4.417385313678585175e-10
1.126259461352783203e+09,1.671345964110171146e-10
1.126259461353271484e+09,1.201300903440154889e-10
1.126259461353759766e+09,1.957692154283236908e-10
1.126259461354248047e+09,-2.857662824614498891e-10
1.126259461354736328e+09,-9.904780109866150253e-10
1.126259461355224609e+09,-8.476957894816661298e-10
1.126259461355712891e+09,-7.595565442910838306e-12
1.126259461356201172e+09,2.051983386815492456e-10
1.126259461356689453e+09,-5.094522915167327430e-10
1.126259461357177734e+09,-1.000072074744855810e-09
1.126259461357666016e+09,-7.257810091622494683e-10
1.126259461358154297e+09,-4.944698151703306045e-10
1.126259461358642578e+09,-7.058832664567809810e-10
1.126259461359130859e+09,-6.087903119451931302e-10
1.126259461359619141e+09,6.958787686205979850e-11
1.126259461360107422e+09,4.260476130609383732e-10
1.126259461360595703e+09,6.760925284555679909e-11
1.126259461361083984e+09,-7.959077736471106261e-11
1.126259461361572266e+09,5.066330581457821372e-10
1.126259461362060547e+09,9.177636047221901239e-10
1.126259461362548828e+09,4.673831044489817727e-10
1.126259461363037109e+09,-4.061138038825270204e-11
1.126259461363525391e+09,2.457057936212627024e-10
1.126259461364013672e+09,8.031028778405832368e-10
1.126259461364501953e+09,8.587621773176631003e-10
1.126259461364990234e+09,7.423338830052015277e-10
1.126259461365478516e+09,9.582018658587791134e-10
1.126259461365966797e+09,1.033667148081442798e-09
1.126259461366455078e+09,5.264688956711574767e-10
1.126259461366943359e+09,1.520309644477941000e-10
1.126259461367431641e+09,5.992490359689028278e-10
1.126259461367919922e+09,1.129344873855760907e-09
1.126259461368408203e+09,7.067901023232582708e-10
1.126259461368896484e+09,-2.482483942949926002e-10
1.126259461369384766e+09,-5.871702202691612603e-10
1.126259461369873047e+09,-2.363512638222251565e-10
1.126259461370361328e+09,4.918261711300206456e-11
1.126259461370849609e+09,9.731761666076169607e-11
1.126259461371337891e+09,1.412380319003936213e-10
1.126259461371826172e+09,-1.539743577128037002e-10
1.126259461372314453e+09,-1.055794386044313582e-09
1.126259461372802734e+09,-1.688292635256365214e-09
1.126259461373291016e+09,-1.112826964554570268e-09
1.126259461373779297e+09,-8.497795339704330890e-11
1.126259461374267578e+09,-1.550050753951098733e-10
1.126259461374755859e+09,-1.265965866970533859e-09
1.126259461375244141e+09,-1.863783378750085128e-09
1.126259461375732422e+09,-1.316880958204147093e-09
1.126259461376220703e+09,-5.983102176515588875e-10
1.126259461376708984e+09,-4.521535141204012918e-10
1.126259461377197266e+09,-4.725587773626326519e-10
1.126259461377685547e+09,-3.112700901691879958e-10
1.126259461378173828e+09,-3.174667711336628426e-10
1.126259461378662109e+09,-5.161192389462522374e-10
1.126259461379150391e+09,-2.735226473381239685e-10
1.126259461379638672e+09,4.819940024300212452e-10
1.126259461380126953e+09,8.687391296667572543e-10
1.126259461380615234e+09,4.270956340543271067e-10
1.126259461381103516e+09,-1.354030013770139947e-10
1.126259461381591797e+09,-6.903483237972766834e-11
1.126259461382080078e+09,4.816486963886056347e-10
1.126259461382568359e+09,1.062584972608370626e-09
1.126259461383056641e+09,1.485966191447090416e-09
1.126259461383544922e+09,1.493239342540512021e-09
1.126259461384033203e+09,8.689060580962130867e-10
1.126259461384521484e+09,2.220920358925828085e-10
1.126259461385009766e+09,5.379978507504225327e-10
1.126259461385498047e+09,1.567899036229621844e-09
1.126259461385986328e+09,1.875123652750773368e-09
1.126259461386474609e+09,9.602051876665501822e-10
1.126259461386962891e+09,3.661491342219996646e-11
1.126259461387451172e+09,6.041317833662762608e-11
1.126259461387939453e+09,3.604766389192074186e-10
1.126259461388427734e+09,8.807081163498176794e-11
1.126259461388916016e+09,-3.240112000574278111e-10
1.126259461389404297e+09,-2.515877541389464289e-10
1.126259461389892578e+09,-2.006172059916837883e-10
1.126259461390380859e+09,-7.570359865475911358e-10
1.126259461390869141e+09,-1.260332520820128470e-09
1.126259461391357422e+09,-9.058372616139305413e-10
1.126259461391845703e+09,-2.976032873479098676e-10
1.126259461392333984e+09,-4.711631744087063103e-10
1.126259461392822266e+09,-1.095650445476293133e-09
1.126259461393310547e+09,-1.110541950122441729e-09
1.126259461393798828e+09,-5.559112684046847550e-10
1.126259461394287109e+09,-2.964960640275403708e-10
1.126259461394775391e+09,-4.110745173280309817e-10
1.126259461395263672e+09,-3.263880276619302197e-10
1.126259461395751953e+09,-1.441299999123756179e-10
1.126259461396240234e+09,-3.520657271441397123e-10
1.126259461396728516e+09,-5.585282532071918142e-10
1.126259461397216797e+09,-2.873088224174923300e-11
1.126259461397705078e+09,7.857205921363754916e-10
1.126259461398193359e+09,7.891333814347108638e-10
1.126259461398681641e+09,1.082357192564996314e-10
1.126259461399169922e+09,-1.404594661052026276e-10
1.126259461399658203e+09,2.252447866621245788e-10
1.126259461400146484e+09,3.993286867125227134e-10
1.126259461400634766e+09,3.305401311961143204e-10
1.126259461401123047e+09,7.270112158395872769e-10
1.126259461401611328e+09,1.282183690944467492e-09
1.126259461402099609e+09,8.093609701619740242e-10
1.126259461402587891e+09,-5.504174881089774736e-10
1.126259461403076172e+09,-1.147159458802063875e-09
1.126259461403564453e+09,-3.629885915630336406e-10
1.126259461404052734e+09,4.647144067734247433e-10
1.126259461404541016e+09,2.856157249526849320e-10
1.126259461405029297e+09,-2.622669268927770292e-10
1.126259461405517578e+09,-4.301150014538575229e-10
1.126259461406005859e+09,-5.766449833771943329e-10
1.126259461406494141e+09,-9.085896068259770700e-10
1.126259461406982422e+09,-7.103695600993168908e-10
1.126259461407470703e+09,1.141532171499434728e-10
1.126259461407958984e+09,3.503225616409220375e-10
1.126259461408447266e+09,-5.155044853568489744e-10
1.126259461408935547e+09,-1.145778527710379382e-09
1.126259461409423828e+09,-4.789484988266119614e-10
1.126259461409912109e+09,4.934082915413927428e-10
1.126259461410400391e+09,4.665630480126049313e-10
1.126259461410888672e+09,-9.324960963449051895e-11
1.126259461411376953e+09,-1.264941904555654793e-10
1.126259461411865234e+09,1.046629618700226103e-10
1.126259461412353516e+09,-6.299555941519324422e-11
1.126259461412841797e+09,-8.900767828879133321e-11
1.126259461413330078e+09,6.676086023530287847e-10
1.126259461413818359e+09,1.311419814739500672e-09
1.126259461414306641e+09,7.438038002873064283e-10
1.126259461414794922e+09,-2.680589141082475784e-10
1.126259461415283203e+09,-2.377329642236132806e-10
1.126259461415771484e+09,6.088443791789185096e-10
1.126259461416259766e+09,9.419137201960003780e-10
1.126259461416748047e+09,6.566773395644851587e-10
1.126259461417236328e+09,6.407127152982509819e-10
1.126259461417724609e+09,8.225235560325893954e-10
1.126259461418212891e+09,4.655621342223772683e-10
1.126259461418701172e+09,-5.863986106299903943e-11
1.126259461419189453e+09,1.908618446951540876e-10
1.126259461419677734e+09,7.821632880432037483e-10
1.126259461420166016e+09,5.146719793768005472e-10
1.126259461420654297e+09,-3.522821111871621581e-10
1.126259461421142578e+09,-5.128587895316858151e-10
1.126259461421630859e+09,1.521636634985638847e-11
1.126259461422119141e+09,3.944806938044989036e-11
1.126259461422607422e+09,-4.948197177474072255e-10
1.126259461423095703e+09,-5.357050820251313969e-10
1.126259461423583984e+09,-1.567269694745246045e-10
1.126259461424072266e+09,-4.602268340353345624e-10
1.126259461424560547e+09,-1.225577532761181389e-09
1.126259461425048828e+09,-1.043446146712126806e-09
1.126259461425537109e+09,7.620914203306115386e-13
1.126259461426025391e+09,2.247764162313207195e-10
1.126259461426513672e+09,-6.863226543008075985e-10
1.126259461427001953e+09,-1.091353865444467626e-09
1.126259461427490234e+09,-3.386672904881892325e-10
1.126259461427978516e+09,1.943007652999354698e-10
1.126259461428466797e+09,-2.191130775443566453e-10
1.126259461428955078e+09,-4.185398499522706322e-10
1.126259461429443359e+09,2.107115556672874932e-10
1.126259461429931641e+09,4.919140637104672218e-10
1.126259461430419922e+09,-1.713927914269786940e-10
1.126259461430908203e+09,-5.023561136361922439e-10
1.126259461431396484e+09,2.414870900478802365e-10
1.126259461431884766e+09,8.030459930843071679e-10
1.126259461432373047e+09,3.114606701141975200e-10
1.126259461432861328e+09,-5.274308931373592859e-11
1.126259461433349609e+09,6.371064575509934856e-10
1.126259461433837891e+09,1.215499050715094639e-09
1.126259461434326172e+09,6.419745129207223590e-10
1.126259461434814453e+09,1.192373173655404013e-11
1.126259461435302734e+09,4.479322951293262359e-10
1.126259461435791016e+09,9.360656349438567176e-10
1.126259461436279297e+09,3.339210537586511570e-10
1.126259461436767578e+09,-3.179453252720298028e-10
1.126259461437255859e+09,2.433229353786311599e-10
1.126259461437744141e+09,9.274039857046075328e-10
1.126259461438232422e+09,1.375207171556216770e-10
1.126259461438720703e+09,-1.241995100449485542e-09
1.126259461439208984e+09,-1.268809710456397974e-09
1.126259461439697266e+09,-2.123072229494918294e-10
1.126259461440185547e+09,1.381401055778764182e-10
1.126259461440673828e+09,-4.862027251125981786e-10
1.126259461441162109e+09,-9.433289198988354342e-10
1.126259461441650391e+09,-1.033539319883404964e-09
1.126259461442138672e+09,-1.333956598169117362e-09
1.126259461442626953e+09,-1.393300278206095208e-09
1.126259461443115234e+09,-4.885135379732469775e-10
1.126259461443603516e+09,4.338301157570675798e-10
1.126259461444091797e+09,-5.070679052396370401e-11
1.126259461444580078e+09,-1.254907656053662829e-09
1.126259461445068359e+09,-1.329935483317222545e-09
1.126259461445556641e+09,-2.871361964569401065e-10
1.126259461446044922e+09,2.993396831913586979e-10
1.126259461446533203e+09,1.120912865052880755e-10
1.126259461447021484e+09,1.588391160645945836e-10
1.126259461447509766e+09,4.481731165705043270e-10
1.126259461447998047e+09,1.411086203360000372e-10
1.126259461448486328e+09,-2.786563315243842529e-10
1.126259461448974609e+09,4.149316737321692112e-10
1.126259461449462891e+09,1.620079481449620388e-09
1.126259461449951172e+09,1.547859294246814551e-09
1.126259461450439453e+09,3.599635338296598352e-10
1.126259461450927734e+09,-2.844765063137020536e-12
1.126259461451416016e+09,8.449348805209179437e-10
1.126259461451904297e+09,1.305681561198367267e-09
1.126259461452392578e+09,8.536898390794697667e-10
1.126259461452880859e+09,7.016170161238526021e-10
1.126259461453369141e+09,1.089229126898984487e-09
1.126259461453857422e+09,7.759134180218721106e-10
1.126259461454345703e+09,-2.293732172304106631e-10
1.126259461454833984e+09,-3.089919622450372307e-10
1.126259461455322266e+09,6.711410918733518294e-10
1.126259461455810547e+09,7.800881542903647437e-10
1.126259461456298828e+09,-5.476083890191256084e-10
1.126259461456787109e+09,-1.345836017767518554e-09
1.126259461457275391e+09,-5.158499573258563530e-10
1.126259461457763672e+09,3.851914882625802874e-10
1.126259461458251953e+09,8.189807787615984204e-11
1.126259461458740234e+09,-3.831518261169514193e-10
1.126259461459228516e+09,-5.528564028245167760e-11
1.126259461459716797e+09,8.951916855523896587e-11
1.126259461460205078e+09,-5.987996773826615357e-10
1.126259461460693359e+09,-8.102959283478634244e-10
1.126259461461181641e+09,2.456065170898708646e-10
1.126259461461669922e+09,1.024277090729528184e-09
1.126259461462158203e+09,2.745490946504571502e-10
1.126259461462646484e+09,-6.601518611858452511e-10
1.126259461463134766e+09,-2.125630246828080254e-10
1.126259461463623047e+09,7.499247570225319925e-10
1.126259461464111328e+09,7.530398859636439292e-10
1.126259461464599609e+09,3.017681836309877177e-10
1.126259461465087891e+09,4.437114940510443930e-10
1.126259461465576172e+09,5.397785527635422092e-10
1.126259461466064453e+09,-2.315058831626120685e-10
1.126259461466552734e+09,-7.965790751447550236e-10
1.126259461467041016e+09,-4.153344653949749468e-12
1.126259461467529297e+09,9.648980740461849157e-10
1.126259461468017578e+09,4.406162655053203793e-10
1.126259461468505859e+09,-8.107922112151375951e-10
1.126259461468994141e+09,-9.618797142182566911e-10
1.126259461469482422e+09,-2.301701337294880855e-10
1.126259461469970703e+09,-1.259747198286251503e-10
1.126259461470458984e+09,-6.474271489074709395e-10
1.126259461470947266e+09,-7.209946255625419961e-10
1.126259461471435547e+09,-5.368486559695626607e-10
1.126259461471923828e+09,-9.792774316112664398e-10
1.126259461472412109e+09,-1.525609429077537913e-09
1.126259461472900391e+09,-1.136483967994416121e-09
1.126259461473388672e+09,-4.928120756127809987e-10
1.126259461473876953e+09,-9.248994130864565786e-10
1.126259461474365234e+09,-1.828725457124795456e-09
1.126259461474853516e+09,-1.615904299671130875e-09
1.126259461475341797e+09,-5.793941389568267493e-10
1.126259461475830078e+09,-2.923162559190242804e-10
1.126259461476318359e+09,-7.446730121397112507e-10
1.126259461476806641e+09,-6.640523395591375268e-10
1.126259461477294922e+09,-1.604607258541177292e-10
1.126259461477783203e+09,-3.593690600253478342e-10
1.126259461478271484e+09,-8.134110286580845626e-10
1.126259461478759766e+09,-8.680379283093073116e-11
1.126259461479248047e+09,1.311519756223418407e-09
1.126259461479736328e+09,1.444097148792446926e-09
1.126259461480224609e+09,3.526706691419518708e-10
1.126259461480712891e+09,7.834539356867743256e-11
1.126259461481201172e+09,1.144045305546130972e-09
1.126259461481689453e+09,1.884064283999627378e-09
1.126259461482177734e+09,1.579470538972994112e-09
1.126259461482666016e+09,1.398030425320890151e-09
1.126259461483154297e+09,1.744069117406355714e-09
1.126259461483642578e+09,1.522951667988051898e-09
1.126259461484130859e+09,6.893479814813980692e-10
1.126259461484619141e+09,7.225181004536637092e-10
1.126259461485107422e+09,1.762123610165390694e-09
1.126259461485595703e+09,2.014811954216820554e-09
1.126259461486083984e+09,9.314871644624454520e-10
1.126259461486572266e+09,2.548920016552969239e-10
1.126259461487060547e+09,8.568889304226242718e-10
1.126259461487548828e+09,1.258499409028104972e-09
1.126259461488037109e+09,5.238059097265868767e-10
1.126259461488525391e+09,-8.306641839455096474e-11
1.126259461489013672e+09,2.434042242949053105e-10
1.126259461489501953e+09,2.061976666738324482e-10
1.126259461489990234e+09,-9.174538446050272921e-10
1.126259461490478516e+09,-1.526367052677357682e-09
1.126259461490966797e+09,-5.387992777344562567e-10
1.126259461491455078e+09,3.940945963485589400e-10
1.126259461491943359e+09,-3.714115543355337879e-10
1.126259461492431641e+09,-1.662635639535403230e-09
1.126259461492919922e+09,-1.641879448601487135e-09
1.126259461493408203e+09,-8.297470471405340688e-10
1.126259461493896484e+09,-6.785073466613776072e-10
1.126259461494384766e+09,-8.776859544217755938e-10
1.126259461494873047e+09,-4.708785299753422610e-10
1.126259461495361328e+09,-1.127653451505013086e-10
1.126259461495849609e+09,-7.596810253047421501e-10
1.126259461496337891e+09,-1.432308182378638448e-09
1.126259461496826172e+09,-7.456796474161951112e-10
1.126259461497314453e+09,4.464077634127986887e-10
1.126259461497802734e+09,3.606498792462796159e-10
1.126259461498291016e+09,-7.179754093453049096e-10
1.126259461498779297e+09,-1.116673429543684377e-09
1.126259461499267578e+09,-6.157381751950239831e-10
1.126259461499755859e+09,-2.846806803221547156e-10
1.126259461500244141e+09,-2.335349084509304118e-10
1.126259461500732422e+09,1.544076599700487008e-10
1.126259461501220703e+09,4.089874315027188343e-10
1.126259461501708984e+09,-2.831658834790477944e-10
1.126259461502197266e+09,-1.084601582670666722e-09
1.126259461502685547e+09,-5.714003501715400119e-10
1.126259461503173828e+09,6.823206109600622203e-10
1.126259461503662109e+09,8.863628469927360860e-10
1.126259461504150391e+09,-1.528874077793926734e-11
1.126259461504638672e+09,-5.022212920829309517e-10
1.126259461505126953e+09,-2.217542009170214012e-10
1.126259461505615234e+09,-1.658137563816521558e-10
1.126259461506103516e+09,-3.588593971334296318e-10
1.126259461506591797e+09,1.183979540308998692e-10
1.126259461507080078e+09,8.527951304762034433e-10
1.126259461507568359e+09,4.043702386598712526e-10
1.126259461508056641e+09,-9.356863896508836135e-10
1.126259461508544922e+09,-1.207593878119942421e-09
1.126259461509033203e+09,2.247891482883108291e-11
1.126259461509521484e+09,9.663974220730692741e-10
1.126259461510009766e+09,6.354198905553653305e-10
1.126259461510498047e+09,1.746716144232578414e-10
1.126259461510986328e+09,4.798733358445316425e-10
1.126259461511474609e+09,7.830768384396633968e-10
1.126259461511962891e+09,5.155433135086693964e-10
1.126259461512451172e+09,4.535403902393578392e-10
1.126259461512939453e+09,9.915946996504985457e-10
1.126259461513427734e+09,1.208625250538128477e-09
1.126259461513916016e+09,6.856963148165588892e-10
1.126259461514404297e+09,4.432229577452476133e-10
1.126259461514892578e+09,1.044809630242532705e-09
1.126259461515380859e+09,1.515521058050200384e-09
1.126259461515869141e+09,1.175257275296590047e-09
1.126259461516357422e+09,8.219061381099535923e-10
1.126259461516845703e+09,1.029452373079886043e-09
1.126259461517333984e+09,1.010348458714182992e-09
1.126259461517822266e+09,3.303125464440954128e-10
1.126259461518310547e+09,1.466845750509648357e-11
1.126259461518798828e+09,6.297028769786377318e-10
1.126259461519287109e+09,9.322227641158096085e-10
1.126259461519775391e+09,-8.318929455683687459e-11
1.126259461520263672e+09,-1.305314092483484404e-09
1.126259461520751953e+09,-1.264472576071448776e-09
1.126259461521240234e+09,-4.465370363571058241e-10
1.126259461521728516e+09,-2.382529380313413637e-10
1.126259461522216797e+09,-7.230848275235033004e-10
1.126259461522705078e+09,-1.122461079409038102e-09
1.126259461523193359e+09,-1.386167068652776683e-09
1.126259461523681641e+09,-1.769664613343835573e-09
1.126259461524169922e+09,-1.786100398908288463e-09
1.126259461524658203e+09,-1.119767430319841046e-09
1.126259461525146484e+09,-6.735703056755786675e-10
1.126259461525634766e+09,-1.197607172236714131e-09
1.126259461526123047e+09,-1.797453200168686548e-09
1.126259461526611328e+09,-1.351778037375694042e-09
1.126259461527099609e+09,-4.683136298514059449e-10
1.126259461527587891e+09,-3.677559671291551375e-10
1.126259461528076172e+09,-7.352828926865329299e-10
1.126259461528564453e+09,-5.005259069552431942e-10
1.126259461529052734e+09,4.534511059460125586e-11
1.126259461529541016e+09,-1.266061631055401597e-10
1.126259461530029297e+09,-6.599115709788301293e-10
1.126259461530517578e+09,-3.560985102645662447e-10
1.126259461531005859e+09,5.516561488432677866e-10
1.126259461531494141e+09,7.167753678107135143e-10
1.126259461531982422e+09,8.517722894485930670e-11
1.126259461532470703e+09,-2.743272072213007291e-11
1.126259461532958984e+09,7.332063724510031102e-10
1.126259461533447266e+09,1.282263131232876266e-09
1.126259461533935547e+09,1.107696032873277108e-09
1.126259461534423828e+09,9.392730387002574121e-10
1.126259461534912109e+09,1.141986944021774596e-09
1.126259461535400391e+09,1.150243703917687948e-09
1.126259461535888672e+09,8.413932826031077727e-10
1.126259461536376953e+09,8.742726406802037441e-10
1.126259461536865234e+09,1.296539152932874834e-09
1.126259461537353516e+09,1.326037528843788097e-09
1.126259461537841797e+09,8.591873949467866279e-10
1.126259461538330078e+09,7.063952017966282058e-10
1.126259461538818359e+09,1.003368946778592974e-09
1.126259461539306641e+09,9.197134156406775794e-10
1.126259461539794922e+09,3.051821255556717906e-10
1.126259461540283203e+09,4.184609610450827141e-11
1.126259461540771484e+09,3.299803895207563811e-10
1.126259461541259766e+09,2.617075799160856214e-10
1.126259461541748047e+09,-3.680575133389893415e-10
1.126259461542236328e+09,-5.269515891526638655e-10
1.126259461542724609e+09,8.796942928823194488e-11
1.126259461543212891e+09,2.762268452857956515e-10
1.126259461543701172e+09,-5.607115402504193715e-10
1.126259461544189453e+09,-1.205125297078072483e-09
1.126259461544677734e+09,-6.420721851337673579e-10
1.126259461545166016e+09,2.269773042012613880e-10
1.126259461545654297e+09,1.681242237460232844e-10
1.126259461546142578e+09,-4.375236084603792287e-10
1.126259461546630859e+09,-5.968825169888082820e-10
1.126259461547119141e+09,-4.497423946448766892e-10
1.126259461547607422e+09,-5.652713134303038317e-10
1.126259461548095703e+09,-5.561577586558869464e-10
1.126259461548583984e+09,7.647009348117691159e-11
1.126259461549072266e+09,5.936403477151601996e-10
1.126259461549560547e+09,7.719168228667856545e-11
1.126259461550048828e+09,-8.526784257679106512e-10
1.126259461550537109e+09,-9.123034767553552366e-10
1.126259461551025391e+09,-2.011034582435973248e-10
1.126259461551513672e+09,1.132198611499183192e-10
1.126259461552001953e+09,-2.878550189551530868e-10
1.126259461552490234e+09,-7.206692895984663632e-10
1.126259461552978516e+09,-9.010966347612060092e-10
1.126259461553466797e+09,-1.073346057105941584e-09
1.126259461553955078e+09,-1.032170534326437135e-09
1.126259461554443359e+09,-4.460774054378992773e-10
1.126259461554931641e+09,4.838897941200009587e-11
1.126259461555419922e+09,-4.853077580128024946e-10
1.126259461555908203e+09,-1.600231879746309356e-09
1.126259461556396484e+09,-1.851428001412421307e-09
1.126259461556884766e+09,-9.089027643577308022e-10
1.126259461557373047e+09,2.293572334824657930e-11
1.126259461557861328e+09,3.712961564628044160e-12
1.126259461558349609e+09,-6.421144836744980668e-10
1.126259461558837891e+09,-1.226866264598011038e-09
1.126259461559326172e+09,-1.414243094929469724e-09
1.126259461559814453e+09,-9.222942241580849529e-10
1.126259461560302734e+09,2.872773238812687133e-10
1.126259461560791016e+09,1.353804023055608634e-09
1.126259461561279297e+09,1.226878646962077654e-09
1.126259461561767578e+09,2.412179740959436471e-10
1.126259461562255859e+09,-1.491689876638418618e-10
1.126259461562744141e+09,6.027590198140174067e-10
1.126259461563232422e+09,1.548099099707375741e-09
1.126259461563720703e+09,1.867945416815703934e-09
1.126259461564208984e+09,1.807132109359202653e-09
1.126259461564697266e+09,1.681472119191572936e-09
1.126259461565185547e+09,1.307383782928653404e-09
1.126259461565673828e+09,9.132438256971976798e-10
1.126259461566162109e+09,1.286280892173461171e-09
1.126259461566650391e+09,2.334750928169894156e-09
1.126259461567138672e+09,2.733631010429868343e-09
1.126259461567626953e+09,1.803557520841293389e-09
1.126259461568115234e+09,6.441268085303683520e-10
1.126259461568603516e+09,5.372223858612276841e-10
1.126259461569091797e+09,1.211640864160607298e-09
1.126259461569580078e+09,1.586207134704275902e-09
1.126259461570068359e+09,1.335206215897405948e-09
1.126259461570556641e+09,7.978856346455320315e-10
1.126259461571044922e+09,1.495791713589153820e-10
1.126259461571533203e+09,-4.168188223061622599e-10
1.126259461572021484e+09,-4.312939113890632186e-10
1.126259461572509766e+09,4.156020395068321849e-11
1.126259461572998047e+09,6.143665929615842184e-11
1.126259461573486328e+09,-8.472989176474128356e-10
1.126259461573974609e+09,-1.775565109795918034e-09
1.126259461574462891e+09,-1.752350497835346306e-09
1.126259461574951172e+09,-1.185305623225840653e-09
1.126259461575439453e+09,-9.931068626786777631e-10
1.126259461575927734e+09,-1.130593180420024346e-09
1.126259461576416016e+09,-1.107967756971046163e-09
1.126259461576904297e+09,-1.172219078966149705e-09
1.126259461577392578e+09,-1.671365069112160526e-09
1.126259461577880859e+09,-1.946888367305112217e-09
1.126259461578369141e+09,-1.294245747297125354e-09
1.126259461578857422e+09,-4.620113509013748942e-10
1.126259461579345703e+09,-6.700217422169805520e-10
1.126259461579833984e+09,-1.557621332699635837e-09
1.126259461580322266e+09,-1.706373901250556232e-09
1.126259461580810547e+09,-9.331785999516486522e-10
1.126259461581298828e+09,-4.074269718217548231e-10
1.126259461581787109e+09,-5.861309176900810634e-10
1.126259461582275391e+09,-7.145521509227173278e-10
1.126259461582763672e+09,-4.649788049408760070e-10
1.126259461583251953e+09,-4.134875277618078170e-10
1.126259461583740234e+09,-6.402503185727910656e-10
1.126259461584228516e+09,-4.531701493476105026e-10
1.126259461584716797e+09,1.387793267124603000e-10
1.126259461585205078e+09,2.220704890035601400e-10
1.126259461585693359e+09,-3.249942900914632362e-10
1.126259461586181641e+09,-4.604048799943137608e-10
1.126259461586669922e+09,1.896328946186696272e-10
1.126259461587158203e+09,6.568400674306238648e-10
1.126259461587646484e+09,3.897762647811890463e-10
1.126259461588134766e+09,1.380298253253616030e-10
1.126259461588623047e+09,3.616970914693495269e-10
1.126259461589111328e+09,3.490773674610588251e-10
1.126259461589599609e+09,-1.726112868349717151e-10
1.126259461590087891e+09,-1.454466779529153617e-10
1.126259461590576172e+09,9.411888178318103599e-10
1.126259461591064453e+09,1.774496149270969575e-09
1.126259461591552734e+09,1.202095925425879273e-09
1.126259461592041016e+09,1.858336560770166253e-10
1.126259461592529297e+09,2.546462381024014513e-10
1.126259461593017578e+09,1.125992311781753562e-09
1.126259461593505859e+09,1.483110958794587946e-09
1.126259461593994141e+09,1.183158716290277720e-09
1.126259461594482422e+09,1.011433376802149378e-09
1.126259461594970703e+09,9.974220686474508963e-10
1.126259461595458984e+09,6.871676405005371717e-10
1.126259461595947266e+09,4.977377044730759121e-10
1.126259461596435547e+09,1.086882028408730963e-09
1.126259461596923828e+09,1.824485711375585943e-09
1.126259461597412109e+09,1.583345882247635185e-09
1.126259461597900391e+09,7.052993113983743252e-10
1.126259461598388672e+09,5.049294930017203995e-10
1.126259461598876953e+09,1.094886100386365857e-09
1.126259461599365234e+09,1.401950130704774697e-09
1.126259461599853516e+09,1.136676533182899488e-09
1.126259461600341797e+09,9.904866456059081492e-10
1.126259461600830078e+09,9.798596846068209010e-10
1.126259461601318359e+09,4.223526645585275819e-10
1.126259461601806641e+09,-3.882131105176815206e-10
1.126259461602294922e+09,-3.405113923579626923e-10
1.126259461602783203e+09,4.411189570153717653e-10
1.126259461603271484e+09,5.335525341496407575e-10
1.126259461603759766e+09,-4.424638839053331946e-10
1.126259461604248047e+09,-1.229896604545130006e-09
1.126259461604736328e+09,-1.158189972680982507e-09
1.126259461605224609e+09,-1.128413366096366310e-09
1.126259461605712891e+09,-1.727478492242807803e-09
1.126259461606201172e+09,-2.166243409774416523e-09
1.126259461606689453e+09,-1.954500719983059883e-09
1.126259461607177734e+09,-1.918606219447592212e-09
1.126259461607666016e+09,-2.521797216102430565e-09
1.126259461608154297e+09,-2.768780160201565631e-09
1.126259461608642578e+09,-1.964353768981474921e-09
1.126259461609130859e+09,-1.119510109735350458e-09
1.126259461609619141e+09,-1.310884319267116052e-09
1.126259461610107422e+09,-1.897763247814324198e-09
1.126259461610595703e+09,-1.714202109376433230e-09
1.126259461611083984e+09,-9.530361926242460386e-10
1.126259461611572266e+09,-5.318473898063592252e-10
1.126259461612060547e+09,-5.262458641229084494e-10
1.126259461612548828e+09,-5.078261718357437274e-10
1.126259461613037109e+09,-5.694669053587470580e-10
1.126259461613525391e+09,-7.954042618619449056e-10
1.126259461614013672e+09,-5.713733540280882337e-10
1.126259461614501953e+09,3.745775286138872142e-10
1.126259461614990234e+09,1.112109839135510140e-09
1.126259461615478516e+09,8.939140244014213050e-10
1.126259461615966797e+09,4.910015393733113157e-10
1.126259461616455078e+09,8.807089744535199598e-10
1.126259461616943359e+09,1.556126046570172791e-09
1.126259461617431641e+09,1.545550450081519520e-09
1.126259461617919922e+09,1.184550456808470835e-09
1.126259461618408203e+09,1.318134756065980896e-09
1.126259461618896484e+09,1.589625826553161605e-09
1.126259461619384766e+09,1.212252298963044043e-09
1.126259461619873047e+09,7.106247898210179775e-10
1.126259461620361328e+09,1.095812622913749964e-09
1.126259461620849609e+09,1.885594760667348646e-09
1.126259461621337891e+09,1.792603004992927440e-09
1.126259461621826172e+09,9.373338527426379812e-10
1.126259461622314453e+09,5.143596676479773255e-10
1.126259461622802734e+09,6.309410097941047637e-10
1.126259461623291016e+09,4.140736218561938572e-10
1.126259461623779297e+09,-1.530183038010290209e-11
1.126259461624267578e+09,2.661762399268751719e-10
1.126259461624755859e+09,9.283622807036778016e-10
1.126259461625244141e+09,6.530646247360681141e-10
1.126259461625732422e+09,-4.305269159900895639e-10
1.126259461626220703e+09,-7.010943346658100183e-10
1.126259461626708984e+09,2.466508998504311649e-10
1.126259461627197266e+09,9.300202707561252015e-10
1.126259461627685547e+09,5.081151964686761323e-10
1.126259461628173828e+09,-3.814352586704479481e-11
1.126259461628662109e+09,8.640183389847286528e-11
1.126259461629150391e+09,2.471578126958023655e-10
1.126259461629638672e+09,-4.215222334707513803e-11
1.126259461630126953e+09,-1.264376737956924309e-10
1.126259461630615234e+09,2.735439727648591822e-10
1.126259461631103516e+09,2.527107353295898210e-10
1.126259461631591797e+09,-5.622162895409041768e-10
1.126259461632080078e+09,-1.072249057292372169e-09
1.126259461632568359e+09,-5.363332052531088466e-10
1.126259461633056641e+09,1.311151132963666110e-10
1.126259461633544922e+09,-4.849798739655098838e-11
1.126259461634033203e+09,-6.340707265010189866e-10
1.126259461634521484e+09,-9.166721587247245917e-10
1.126259461635009766e+09,-1.149017953902209026e-09
1.126259461635498047e+09,-1.539899620578489785e-09
1.126259461635986328e+09,-1.434762904023407130e-09
1.126259461636474609e+09,-6.714592580965499673e-10
1.126259461636962891e+09,-3.704661825420577571e-10
1.126259461637451172e+09,-1.130872236031293398e-09
1.126259461637939453e+09,-1.802313340150346015e-09
1.126259461638427734e+09,-1.375010294373426570e-09
1.126259461638916016e+09,-7.237818715672485738e-10
1.126259461639404297e+09,-1.006613252296364743e-09
1.126259461639892578e+09,-1.647681633593571052e-09
1.126259461640380859e+09,-1.532575542149038683e-09
1.126259461640869141e+09,-1.004485690119435103e-09
1.126259461641357422e+09,-9.504321238648181176e-10
1.126259461641845703e+09,-9.961753868400549845e-10
1.126259461642333984e+09,-4.137908188593139626e-10
1.126259461642822266e+09,1.687290121432058182e-10
1.126259461643310547e+09,-1.446383357530939283e-10
1.126259461643798828e+09,-6.054129119067558657e-10
1.126259461644287109e+09,3.059395273826802960e-11
1.126259461644775391e+09,1.193111207947276286e-09
1.126259461645263672e+09,1.377236083975021401e-09
1.126259461645751953e+09,7.256833048349923150e-10
1.126259461646240234e+09,6.418411272263599018e-10
1.126259461646728516e+09,1.285653745830101218e-09
1.126259461647216797e+09,1.581636760121677618e-09
1.126259461647705078e+09,1.407742710871523300e-09
1.126259461648193359e+09,1.624281164657575163e-09
1.126259461648681641e+09,2.096366684466688419e-09
1.126259461649169922e+09,1.862201773981820270e-09
1.126259461649658203e+09,1.240783975698661308e-09
1.126259461650146484e+09,1.569125204407924777e-09
1.126259461650634766e+09,2.692883920149375583e-09
1.126259461651123047e+09,2.914948388143813957e-09
1.126259461651611328e+09,1.783637494723362847e-09
1.126259461652099609e+09,8.061115741216683027e-10
1.126259461652587891e+09,9.032166901329651982e-10
1.126259461653076172e+09,1.212534815808227624e-09
1.126259461653564453e+09,1.025484810999460395e-09
1.126259461654052734e+09,8.978715058301556775e-10
1.126259461654541016e+09,1.070040458163856881e-09
1.126259461655029297e+09,7.007782329778660332e-10
1.126259461655517578e+09,-4.155622054948209520e-10
1.126259461656005859e+09,-1.111474547607402507e-09
1.126259461656494141e+09,-7.640660677571053500e-10
1.126259461656982422e+09,-3.510966949604410369e-10
1.126259461657470703e+09,-7.042274013842817460e-10
1.126259461657958984e+09,-1.272035755194490526e-09
1.126259461658447266e+09,-1.483199263342459651e-09
1.126259461658935547e+09,-1.742599166003368907e-09
1.126259461659423828e+09,-2.176682277066132019e-09
1.126259461659912109e+09,-2.032964018321990609e-09
1.126259461660400391e+09,-1.297960359901919627e-09
1.126259461660888672e+09,-1.224288630602803338e-09
1.126259461661376953e+09,-2.174295718186136628e-09
1.126259461661865234e+09,-2.676764219306004513e-09
1.126259461662353516e+09,-1.853653284124986176e-09
1.126259461662841797e+09,-1.010052612067266715e-09
1.126259461663330078e+09,-1.370743832852807654e-09
1.126259461663818359e+09,-1.986302010758064416e-09
1.126259461664306641e+09,-1.571192011978452956e-09
1.126259461664794922e+09,-7.747594114360193323e-10
1.126259461665283203e+09,-7.248221743091170966e-10
1.126259461665771484e+09,-8.204376022640210182e-10
1.126259461666259766e+09,-7.895260831170846308e-11
1.126259461666748047e+09,6.416972048787174605e-10
1.126259461667236328e+09,5.690549671396662993e-11
1.126259461667724609e+09,-9.808493646793514421e-10
1.126259461668212891e+09,-7.287805097519998138e-10
1.126259461668701172e+09,4.491166653432489121e-10
1.126259461669189453e+09,7.756866581661861252e-10
1.126259461669677734e+09,1.570028500278698906e-10
1.126259461670166016e+09,7.894480342777062589e-11
1.126259461670654297e+09,7.479381193333056658e-10
1.126259461671142578e+09,8.730141745335554939e-10
1.126259461671630859e+09,2.628661336839982881e-10
1.126259461672119141e+09,1.684297287166878474e-10
1.126259461672607422e+09,8.229072996862707343e-10
1.126259461673095703e+09,9.994570617092075531e-10
1.126259461673583984e+09,4.193839010865989859e-10
1.126259461674072266e+09,3.415557462035318944e-10
1.126259461674560547e+09,1.180614407158837586e-09
1.126259461675048828e+09,1.688519186960819716e-09
1.126259461675537109e+09,1.241165427868512598e-09
1.126259461676025391e+09,9.205245042436570160e-10
1.126259461676513672e+09,1.459355018708864699e-09
1.126259461677001953e+09,1.995099707999688700e-09
1.126259461677490234e+09,1.827976134334293498e-09
1.126259461677978516e+09,1.649864957833316291e-09
1.126259461678466797e+09,1.976082684646422404e-09
1.126259461678955078e+09,2.022167964687237003e-09
1.126259461679443359e+09,1.301020159009817668e-09
1.126259461679931641e+09,8.060102938627953634e-10
1.126259461680419922e+09,1.343933366379563893e-09
1.126259461680908203e+09,2.037882777595900853e-09
1.126259461681396484e+09,1.778550168772496601e-09
1.126259461681884766e+09,9.853898063101867846e-10
1.126259461682373047e+09,6.584717754814968188e-10
1.126259461682861328e+09,7.413574360049648472e-10
1.126259461683349609e+09,6.585340507132711713e-10
1.126259461683837891e+09,4.955806704200649027e-10
1.126259461684326172e+09,4.432607447799202614e-10
1.126259461684814453e+09,1.268271640940626600e-11
1.126259461685302734e+09,-9.973256585226279327e-10
1.126259461685791016e+09,-1.666208780388032826e-09
1.126259461686279297e+09,-1.301990939352375089e-09
1.126259461686767578e+09,-7.487768871771323959e-10
1.126259461687255859e+09,-1.106805717738830645e-09
1.126259461687744141e+09,-1.994207191000306182e-09
1.126259461688232422e+09,-2.368051453370513621e-09
1.126259461688720703e+09,-2.260773970877770094e-09
1.126259461689208984e+09,-2.336020272784795067e-09
1.126259461689697266e+09,-2.464817406320387977e-09
1.126259461690185547e+09,-2.193757669595609848e-09
1.126259461690673828e+09,-2.000517966440716569e-09
1.126259461691162109e+09,-2.579816058901572508e-09
1.126259461691650391e+09,-3.352172283322907604e-09
1.126259461692138672e+09,-3.165751024109334173e-09
1.126259461692626953e+09,-2.148219464357292499e-09
1.126259461693115234e+09,-1.471190135932129199e-09
1.126259461693603516e+09,-1.557643704586834112e-09
1.126259461694091797e+09,-1.827254700813744223e-09
1.126259461694580078e+09,-1.908595584029678558e-09
1.126259461695068359e+09,-1.812825088167817154e-09
1.126259461695556641e+09,-1.252596621598808224e-09
1.126259461696044922e+09,-1.181556385331598951e-10
1.126259461696533203e+09,7.320965229003948656e-10
1.126259461697021484e+09,5.316839478322232639e-10
1.126259461697509766e+09,6.088143469206010505e-11
1.126259461697998047e+09,5.742307970002764902e-10
1.126259461698486328e+09,1.699007479884623868e-09
1.126259461698974609e+09,2.056781835363684443e-09
1.126259461699462891e+09,1.621342329196403491e-09
1.126259461699951172e+09,1.597174270673055537e-09
1.126259461700439453e+09,2.138243169299706110e-09
1.126259461700927734e+09,2.211760839912673964e-09
1.126259461701416016e+09,1.785730543721647002e-09
1.126259461701904297e+09,2.029229552618159704e-09
1.126259461702392578e+09,2.985188681601730225e-09
1.126259461702880859e+09,3.158790855522449540e-09
1.126259461703369141e+09,2.066311912215844912e-09
1.126259461703857422e+09,1.199644583325320592e-09
1.126259461704345703e+09,1.602276571957620315e-09
1.126259461704833984e+09,2.322786487529030231e-09
1.126259461705322266e+09,2.247287348381178988e-09
1.126259461705810547e+09,1.748572599094031564e-09
1.126259461706298828e+09,1.454622436961658904e-09
1.126259461706787109e+09,1.018087308590683956e-09
1.126259461707275391e+09,2.781941910595369388e-10
1.126259461707763672e+09,1.011562319715369209e-10
1.126259461708251953e+09,7.968357325230958909e-10
1.126259461708740234e+09,1.132097699434084735e-09
1.126259461709228516e+09,2.503000176596530748e-10
1.126259461709716797e+09,-7.751576384840091048e-10
1.126259461710205078e+09,-6.913816821654095199e-10
1.126259461710693359e+09,-7.810582748737544103e-11
1.126259461711181641e+09,-1.275204630317494975e-10
1.126259461711669922e+09,-6.168961197142447638e-10
1.126259461712158203e+09,-6.893149384425825372e-10
1.126259461712646484e+09,-5.887692237084943571e-10
1.126259461713134766e+09,-9.540824886903270095e-10
1.126259461713623047e+09,-1.297297668294402400e-09
1.126259461714111328e+09,-8.709638901846420347e-10
1.126259461714599609e+09,-2.845300190284810078e-10
1.126259461715087891e+09,-6.009811961597328358e-10
1.126259461715576172e+09,-1.478812870298733537e-09
1.126259461716064453e+09,-1.793360247200069495e-09
1.126259461716552734e+09,-1.483232244314430048e-09
1.126259461717041016e+09,-1.267354206081721033e-09
1.126259461717529297e+09,-1.205935079202765887e-09
1.126259461718017578e+09,-1.057352041299498326e-09
1.126259461718505859e+09,-1.290272301187816719e-09
1.126259461718994141e+09,-2.130073951046565336e-09
1.126259461719482422e+09,-2.454723471405264394e-09
1.126259461719970703e+09,-1.426238825190825880e-09
1.126259461720458984e+09,-3.383003115778005885e-10
1.126259461720947266e+09,-8.326892924781054059e-10
1.126259461721435547e+09,-2.128143977655939718e-09
1.126259461721923828e+09,-2.277684379988001339e-09
1.126259461722412109e+09,-1.406643307665446373e-09
1.126259461722900391e+09,-1.144220513890633673e-09
1.126259461723388672e+09,-1.439467610096563510e-09
1.126259461723876953e+09,-8.404187476855575319e-10
1.126259461724365234e+09,3.133774538391898835e-10
1.126259461724853516e+09,1.210295146289671853e-10
1.126259461725341797e+09,-1.242371614459880817e-09
1.126259461725830078e+09,-1.313947239146775302e-09
1.126259461726318359e+09,5.481477719142998445e-10
1.126259461726806641e+09,1.944974619807167304e-09
1.126259461727294922e+09,1.387103496501582677e-09
1.126259461727783203e+09,5.064622395107405318e-10
1.126259461728271484e+09,9.355940985896882159e-10
1.126259461728759766e+09,1.764688798336000946e-09
1.126259461729248047e+09,1.798416082042596162e-09
1.126259461729736328e+09,1.792799468727405963e-09
1.126259461730224609e+09,2.521736594156659019e-09
1.126259461730712891e+09,2.903010177781199535e-09
1.126259461731201172e+09,2.108915695639105948e-09
1.126259461731689453e+09,1.494325228834790580e-09
1.126259461732177734e+09,2.290065799626463059e-09
1.126259461732666016e+09,3.248304484914672250e-09
1.126259461733154297e+09,2.792072952257661233e-09
1.126259461733642578e+09,1.780036551785910367e-09
1.126259461734130859e+09,1.818493103064173274e-09
1.126259461734619141e+09,2.387077241390262412e-09
1.126259461735107422e+09,2.061762726426144743e-09
1.126259461735595703e+09,1.227623233054567962e-09
1.126259461736083984e+09,1.096501192585096801e-09
1.126259461736572266e+09,1.211821604874344724e-09
1.126259461737060547e+09,4.429443329838410893e-10
1.126259461737548828e+09,-5.625229968665256496e-10
1.126259461738037109e+09,-4.574389543774859175e-10
1.126259461738525391e+09,1.547907023646766035e-10
1.126259461739013672e+09,-3.025174756241363897e-10
1.126259461739501953e+09,-1.500406862821245336e-09
1.126259461739990234e+09,-1.862879547801693018e-09
1.126259461740478516e+09,-1.463623612196682042e-09
1.126259461740966797e+09,-1.667568024787300693e-09
1.126259461741455078e+09,-2.402559944977907337e-09
1.126259461741943359e+09,-2.432265444444663810e-09
1.126259461742431641e+09,-1.956197746231002858e-09
1.126259461742919922e+09,-2.252013458634721513e-09
1.126259461743408203e+09,-2.996940996243327920e-09
1.126259461743896484e+09,-2.688653369945900873e-09
1.126259461744384766e+09,-1.603881251466562102e-09
1.126259461744873047e+09,-1.528236493908621299e-09
1.126259461745361328e+09,-2.494165431441097511e-09
1.126259461745849609e+09,-2.640724159234876834e-09
1.126259461746337891e+09,-1.561925612429472978e-09
1.126259461746826172e+09,-9.333719577769906690e-10
1.126259461747314453e+09,-1.374310564128702038e-09
1.126259461747802734e+09,-1.530914821763052350e-09
1.126259461748291016e+09,-8.857425614363314218e-10
1.126259461748779297e+09,-6.478201237515671977e-10
1.126259461749267578e+09,-1.069270173201348929e-09
1.126259461749755859e+09,-6.975080818031503704e-10
1.126259461750244141e+09,7.175231577849548010e-10
1.126259461750732422e+09,1.334482130356713061e-09
1.126259461751220703e+09,4.075975400290094002e-10
1.126259461751708984e+09,-2.925749243419471366e-10
1.126259461752197266e+09,4.566071906853901527e-10
1.126259461752685547e+09,1.410499297015221147e-09
1.126259461753173828e+09,1.395050858582069494e-09
1.126259461753662109e+09,1.235370104124456823e-09
1.126259461754150391e+09,1.628703593352416650e-09
1.126259461754638672e+09,1.590784975033641327e-09
1.126259461755126953e+09,7.109050033481801413e-10
1.126259461755615234e+09,5.220038122088978048e-10
1.126259461756103516e+09,1.774729356759534606e-09
1.126259461756591797e+09,2.689194473517037293e-09
1.126259461757080078e+09,1.895242443640909369e-09
1.126259461757568359e+09,8.364747843166928993e-10
1.126259461758056641e+09,1.147779512039593329e-09
1.126259461758544922e+09,1.886179893683178760e-09
1.126259461759033203e+09,1.651229818421039512e-09
1.126259461759521484e+09,1.263926005801425192e-09
1.126259461760009766e+09,1.824489295245661306e-09
1.126259461760498047e+09,2.185627277454886345e-09
1.126259461760986328e+09,1.104961073099933055e-09
1.126259461761474609e+09,1.802671969669338547e-11
1.126259461761962891e+09,7.326709216268099872e-10
1.126259461762451172e+09,2.039897717815260631e-09
1.126259461762939453e+09,1.697293234217435934e-09
1.126259461763427734e+09,3.199069641845067349e-10
1.126259461763916016e+09,8.853147243792563693e-11
1.126259461764404297e+09,8.312085849443477751e-10
1.126259461764892578e+09,7.287909432294884456e-10
1.126259461765380859e+09,-6.402044324008148856e-11
1.126259461765869141e+09,6.572304297526252960e-11
1.126259461766357422e+09,7.528336275993218024e-10
1.126259461766845703e+09,1.866875196961545569e-10
1.126259461767333984e+09,-1.318521558994269798e-09
1.126259461767822266e+09,-1.671490422060704803e-09
1.126259461768310547e+09,-7.498280146640962560e-10
1.126259461768798828e+09,-5.094880897124741248e-10
1.126259461769287109e+09,-1.383279065584098365e-09
1.126259461769775391e+09,-1.816545698203177152e-09
1.126259461770263672e+09,-1.489097891378812956e-09
1.126259461770751953e+09,-1.750229735589094480e-09
1.126259461771240234e+09,-2.600489567697349959e-09
1.126259461771728516e+09,-2.500638677594613035e-09
1.126259461772216797e+09,-1.593141201245104219e-09
1.126259461772705078e+09,-1.835861028792220295e-09
1.126259461773193359e+09,-3.326073792512389472e-09
1.126259461773681641e+09,-3.769525196990207419e-09
1.126259461774169922e+09,-2.440318282999391948e-09
1.126259461774658203e+09,-1.449071023390121402e-09
1.126259461775146484e+09,-2.025728145427558183e-09
1.126259461775634766e+09,-2.661727747420393601e-09
1.126259461776123047e+09,-2.164655628095483663e-09
1.126259461776611328e+09,-1.542357546478078655e-09
1.126259461777099609e+09,-1.498939528591891240e-09
1.126259461777587891e+09,-9.929958203879420979e-10
1.126259461778076172e+09,2.343699211621331778e-10
1.126259461778564453e+09,5.632477527862229598e-10
1.126259461779052734e+09,-4.700727535758099285e-10
1.126259461779541016e+09,-8.316102796201929824e-10
1.126259461780029297e+09,5.954690561977467126e-10
1.126259461780517578e+09,1.975753702451252001e-09
1.126259461781005859e+09,1.734618739028707903e-09
1.126259461781494141e+09,1.122597233405677217e-09
1.126259461781982422e+09,1.586829424691148143e-09
1.126259461782470703e+09,2.220991077677035357e-09
1.126259461782958984e+09,2.003656144660832558e-09
1.126259461783447266e+09,2.013210576328674675e-09
1.126259461783935547e+09,3.051378134993689778e-09
1.126259461784423828e+09,3.526982910141855780e-09
1.126259461784912109e+09,2.268322985094139193e-09
1.126259461785400391e+09,1.109680766864721768e-09
1.126259461785888672e+09,1.925313928154697959e-09
1.126259461786376953e+09,3.266242022956743437e-09
1.126259461786865234e+09,2.887342351711851108e-09
1.126259461787353516e+09,1.618133321781566485e-09
1.126259461787841797e+09,1.576225778800740172e-09
1.126259461788330078e+09,2.288378864974924145e-09
1.126259461788818359e+09,1.905734289157414055e-09
1.126259461789306641e+09,8.401830270166380238e-10
1.126259461789794922e+09,8.046812808987779245e-10
1.126259461790283203e+09,1.354764330632832706e-09
1.126259461790771484e+09,7.538425183002933657e-10
1.126259461791259766e+09,-5.646683117208786378e-10
1.126259461791748047e+09,-6.918031988688530697e-10
1.126259461792236328e+09,2.399285701097167265e-10
1.126259461792724609e+09,4.037072655766869671e-10
1.126259461793212891e+09,-3.750513588743795725e-10
1.126259461793701172e+09,-6.915119504210191375e-10
1.126259461794189453e+09,-5.042082810945670028e-10
1.126259461794677734e+09,-9.433769966906463887e-10
1.126259461795166016e+09,-1.609110210675427654e-09
1.126259461795654297e+09,-1.169561625192024337e-09
1.126259461796142578e+09,-3.016832019643785646e-10
1.126259461796630859e+09,-8.478963217831289312e-10
1.126259461797119141e+09,-2.284567978648389566e-09
1.126259461797607422e+09,-2.320328830573274162e-09
1.126259461798095703e+09,-9.364523477974477078e-10
1.126259461798583984e+09,-4.586584412017625548e-10
1.126259461799072266e+09,-1.474917746904790874e-09
1.126259461799560547e+09,-2.097536567455727679e-09
1.126259461800048828e+09,-1.631681781796132913e-09
1.126259461800537109e+09,-1.539034040737265888e-09
1.126259461801025391e+09,-2.181689161746357897e-09
1.126259461801513672e+09,-2.040872507361800514e-09
1.126259461802001953e+09,-9.780290810046561617e-10
1.126259461802490234e+09,-8.890572745764276799e-10
1.126259461802978516e+09,-2.108769789518604503e-09
1.126259461803466797e+09,-2.494739350173993936e-09
1.126259461803955078e+09,-1.277752311394637276e-09
1.126259461804443359e+09,-5.266198087460656067e-10
1.126259461804931641e+09,-1.378946837161425571e-09
1.126259461805419922e+09,-2.057700065557653961e-09
1.126259461805908203e+09,-1.275130184052629856e-09
1.126259461806396484e+09,-4.677168323199608489e-10
1.126259461806884766e+09,-7.931023381868602803e-10
1.126259461807373047e+09,-9.276833775601496243e-10
1.126259461807861328e+09,9.064085119639925385e-11
1.126259461808349609e+09,7.168213026868038247e-10
1.126259461808837891e+09,-1.520067505325743679e-10
1.126259461809326172e+09,-7.946503270893371914e-10
1.126259461809814453e+09,3.476789809667552831e-10
1.126259461810302734e+09,1.806234075482908179e-09
1.126259461810791016e+09,1.727474026937087084e-09
1.126259461811279297e+09,1.054025287630958900e-09
1.126259461811767578e+09,1.455298844872525940e-09
1.126259461812255859e+09,2.256361796983530394e-09
1.126259461812744141e+09,2.146504472146240701e-09
1.126259461813232422e+09,1.938436262876330396e-09
1.126259461813720703e+09,2.810103612150636296e-09
1.126259461814208984e+09,3.632845315549089354e-09
1.126259461814697266e+09,2.937409557935574943e-09
1.126259461815185547e+09,1.872903283964644153e-09
1.126259461815673828e+09,2.270943293815594733e-09
1.126259461816162109e+09,3.293605439048225429e-09
1.126259461816650391e+09,3.010312664403091892e-09
1.126259461817138672e+09,1.914123548761787031e-09
1.126259461817626953e+09,1.783456295883639928e-09
1.126259461818115234e+09,2.290542198002741919e-09
1.126259461818603516e+09,1.906638465258759085e-09
1.126259461819091797e+09,1.092281174799760086e-09
1.126259461819580078e+09,1.336068246338262072e-09
1.126259461820068359e+09,1.927863838527375053e-09
1.126259461820556641e+09,1.018684800321382334e-09
1.126259461821044922e+09,-7.979173685600842530e-10
1.126259461821533203e+09,-1.309239469026900836e-09
1.126259461822021484e+09,-5.709828190829295425e-10
1.126259461822509766e+09,-6.237010848124519971e-10
1.126259461822998047e+09,-1.697813589471763722e-09
1.126259461823486328e+09,-2.108005571570802704e-09
1.126259461823974609e+09,-1.747442049810311509e-09
1.126259461824462891e+09,-2.215825595267335376e-09
1.126259461824951172e+09,-3.405829402401307210e-09
1.126259461825439453e+09,-3.435086478915232459e-09
1.126259461825927734e+09,-2.276303114260728429e-09
1.126259461826416016e+09,-2.028205791673921184e-09
1.126259461826904297e+09,-3.077930662651399636e-09
1.126259461827392578e+09,-3.380664987605726012e-09
1.126259461827880859e+09,-2.243770936973302347e-09
1.126259461828369141e+09,-1.485408346860836375e-09
1.126259461828857422e+09,-1.953615248430410991e-09
1.126259461829345703e+09,-2.171885784363510341e-09
1.126259461829833984e+09,-1.480991223365214054e-09
1.126259461830322266e+09,-1.285769503531023975e-09
1.126259461830810547e+09,-1.971674660446978369e-09
1.126259461831298828e+09,-1.799246381830876780e-09
1.126259461831787109e+09,-2.819159452553642253e-10
1.126259461832275391e+09,4.935334601249993543e-10
1.126259461832763672e+09,-4.660946793033321029e-10
1.126259461833251953e+09,-1.151294318821694115e-09
1.126259461833740234e+09,-1.180585582660595536e-10
1.126259461834228516e+09,1.023115264258910049e-09
1.126259461834716797e+09,7.121525207856691982e-10
1.126259461835205078e+09,1.660621030942125101e-10
1.126259461835693359e+09,7.585375712993040589e-10
1.126259461836181641e+09,1.376222924402912632e-09
1.126259461836669922e+09,8.279126872856910655e-10
1.126259461837158203e+09,3.871911950125724549e-10
1.126259461837646484e+09,1.340627557644322212e-09
1.126259461838134766e+09,2.296595705989688005e-09
1.126259461838623047e+09,1.636560508537069647e-09
1.126259461839111328e+09,5.481914670389719388e-10
1.126259461839599609e+09,8.531958681435095586e-10
1.126259461840087891e+09,1.769782993308685377e-09
1.126259461840576172e+09,1.675718731355363359e-09
1.126259461841064453e+09,1.239785977611429951e-09
1.126259461841552734e+09,1.819893207811870953e-09
1.126259461842041016e+09,2.466400552018115815e-09
1.126259461842529297e+09,1.680528798181746602e-09
1.126259461843017578e+09,6.456373281934059569e-10
1.126259461843505859e+09,1.391264073866093442e-09
1.126259461843994141e+09,2.976347289192235477e-09
1.126259461844482422e+09,2.904199503174461738e-09
1.126259461844970703e+09,1.387386893848012265e-09
1.126259461845458984e+09,7.770511233076177972e-10
1.126259461845947266e+09,1.434643516002651640e-09
1.126259461846435547e+09,1.593981910599427122e-09
1.126259461846923828e+09,9.005117363507769451e-10
1.126259461847412109e+09,7.125824472841578988e-10
1.126259461847900391e+09,1.075387403106310056e-09
1.126259461848388672e+09,6.642904495706222560e-10
1.126259461848876953e+09,-3.016975267976010822e-10
1.126259461849365234e+09,-2.653929557802832786e-10
1.126259461849853516e+09,5.202594673895311420e-10
1.126259461850341797e+09,2.003304302760507181e-10
1.126259461850830078e+09,-1.207669408395188430e-09
1.126259461851318359e+09,-1.720121627632769016e-09
1.126259461851806641e+09,-1.004423974719164486e-09
1.126259461852294922e+09,-8.764178873091966342e-10
1.126259461852783203e+09,-1.795441210898463903e-09
1.126259461853271484e+09,-2.130498420916883829e-09
1.126259461853759766e+09,-1.519316297638406528e-09
1.126259461854248047e+09,-1.660916350115554199e-09
1.126259461854736328e+09,-2.912265141191487267e-09
1.126259461855224609e+09,-3.363245343310687693e-09
1.126259461855712891e+09,-2.401131207438584954e-09
1.126259461856201172e+09,-2.007564693508401419e-09
1.126259461856689453e+09,-3.170053988082856334e-09
1.126259461857177734e+09,-4.062320324430224127e-09
1.126259461857666016e+09,-3.326194303020639218e-09
1.126259461858154297e+09,-2.263217545122581643e-09
1.126259461858642578e+09,-2.119527740196889545e-09
1.126259461859130859e+09,-1.994834732763157137e-09
1.126259461859619141e+09,-1.207277774324077537e-09
1.126259461860107422e+09,-9.814677536389348424e-10
1.126259461860595703e+09,-1.845090860192178861e-09
1.126259461861083984e+09,-2.002476473526194528e-09
1.126259461861572266e+09,-4.187513901519282786e-10
1.126259461862060547e+09,9.922685654505245872e-10
1.126259461862548828e+09,5.130693485717877490e-10
1.126259461863037109e+09,-4.347643474834159969e-10
1.126259461863525391e+09,1.202393029809834357e-10
1.126259461864013672e+09,1.422155628120699571e-09
1.126259461864501953e+09,1.828254687456392294e-09
1.126259461864990234e+09,1.824108668468898086e-09
1.126259461865478516e+09,2.529884278632311859e-09
1.126259461865966797e+09,3.112745798912200765e-09
1.126259461866455078e+09,2.476811917124247171e-09
1.126259461866943359e+09,1.826984583672562769e-09
1.126259461867431641e+09,2.698906965909567144e-09
1.126259461867919922e+09,3.954171857933514459e-09
1.126259461868408203e+09,3.619441744806323809e-09
1.126259461868896484e+09,2.344971121054038250e-09
1.126259461869384766e+09,2.112445349276379760e-09
1.126259461869873047e+09,2.751403139298568376e-09
1.126259461870361328e+09,2.724766127071888804e-09
1.126259461870849609e+09,2.248815531141622401e-09
1.126259461871337891e+09,2.547843958432401774e-09
1.126259461871826172e+09,2.970657750958590933e-09
1.126259461872314453e+09,2.021256452838349310e-09
1.126259461872802734e+09,5.008207782994256353e-10
1.126259461873291016e+09,4.234880209440031983e-10
1.126259461873779297e+09,1.381625065804674841e-09
1.126259461874267578e+09,1.201775246052509341e-09
1.126259461874755859e+09,-2.069072976588825192e-10
1.126259461875244141e+09,-9.007922187040847889e-10
1.126259461875732422e+09,-5.171435133896739194e-10
1.126259461876220703e+09,-5.669520984024205249e-10
1.126259461876708984e+09,-1.224544907974695157e-09
1.126259461877197266e+09,-1.132069432986339916e-09
1.126259461877685547e+09,-4.879267019639608374e-10
1.126259461878173828e+09,-1.003086718579535018e-09
1.126259461878662109e+09,-2.492220837899875611e-09
1.126259461879150391e+09,-2.813574683040505411e-09
1.126259461879638672e+09,-1.663460054479986393e-09
1.126259461880126953e+09,-1.146319302748942458e-09
1.126259461880615234e+09,-1.969720918790725287e-09
1.126259461881103516e+09,-2.394164383071670274e-09
1.126259461881591797e+09,-1.754252851899815383e-09
1.126259461882080078e+09,-1.651365836301197716e-09
1.126259461882568359e+09,-2.589510073826405357e-09
1.126259461883056641e+09,-2.776796358543025249e-09
1.126259461883544922e+09,-1.608699870799050348e-09
1.126259461884033203e+09,-1.081760088572040366e-09
1.126259461884521484e+09,-2.157597360193717324e-09
1.126259461885009766e+09,-2.867223982518441431e-09
1.126259461885498047e+09,-1.854021711530292344e-09
1.126259461885986328e+09,-8.022109064948338221e-10
1.126259461886474609e+09,-1.295789801747395126e-09
1.126259461886962891e+09,-2.068437573808459145e-09
1.126259461887451172e+09,-1.594994119911028288e-09
1.126259461887939453e+09,-8.213663109698228739e-10
1.126259461888427734e+09,-9.875984638494172745e-10
1.126259461888916016e+09,-1.149835234644969948e-09
1.126259461889404297e+09,-2.851049926861339258e-10
1.126259461889892578e+09,3.955658406805663514e-10
1.126259461890380859e+09,-2.677190023691346859e-10
1.126259461890869141e+09,-9.010104920484750313e-10
1.126259461891357422e+09,3.290643903625874353e-11
1.126259461891845703e+09,1.357437249781791999e-09
1.126259461892333984e+09,1.316013791575082598e-09
1.126259461892822266e+09,7.277113315975790942e-10
1.126259461893310547e+09,1.272064297328858621e-09
1.126259461893798828e+09,2.330799739603408189e-09
1.126259461894287109e+09,2.373082278531024076e-09
1.126259461894775391e+09,1.951316773094613080e-09
1.126259461895263672e+09,2.430737838278971862e-09
1.126259461895751953e+09,3.135141052931029627e-09
1.126259461896240234e+09,2.698837177098949802e-09
1.126259461896728516e+09,1.975473034582910285e-09
1.126259461897216797e+09,2.578305209311882433e-09
1.126259461897705078e+09,3.685544514245343301e-09
1.126259461898193359e+09,3.413281949070180569e-09
1.126259461898681641e+09,2.334718434708043848e-09
1.126259461899169922e+09,2.399807617308752941e-09
1.126259461899658203e+09,3.235132687111441836e-09
1.126259461900146484e+09,2.904347736169517319e-09
1.126259461900634766e+09,1.689658587416701981e-09
1.126259461901123047e+09,1.591856917291705883e-09
1.126259461901611328e+09,2.427621062860876222e-09
1.126259461902099609e+09,2.016867365312456343e-09
1.126259461902587891e+09,2.374435118834923032e-10
1.126259461903076172e+09,-6.546106964272962913e-10
1.126259461903564453e+09,-2.805803136150708128e-11
1.126259461904052734e+09,2.276002477383847270e-10
1.126259461904541016e+09,-7.095356900862483063e-10
1.126259461905029297e+09,-1.426375474117385667e-09
1.126259461905517578e+09,-1.339732571886065017e-09
1.126259461906005859e+09,-1.690388955996782199e-09
1.126259461906494141e+09,-2.677646714267731435e-09
1.126259461906982422e+09,-2.783739633009010462e-09
1.126259461907470703e+09,-1.913716728214676642e-09
1.126259461907958984e+09,-2.058367750751303648e-09
1.126259461908447266e+09,-3.675931709432791200e-09
1.126259461908935547e+09,-4.516383898016989653e-09
1.126259461909423828e+09,-3.422907395427468120e-09
1.126259461909912109e+09,-2.292946574095703584e-09
1.126259461910400391e+09,-2.674463792784900002e-09
1.126259461910888672e+09,-3.314146645750873638e-09
1.126259461911376953e+09,-2.879099072180342947e-09
1.126259461911865234e+09,-2.341688266163578870e-09
1.126259461912353516e+09,-2.659382110648774777e-09
1.126259461912841797e+09,-2.685335892583579784e-09
1.126259461913330078e+09,-1.560931320968278592e-09
1.126259461913818359e+09,-7.718600093108485381e-10
1.126259461914306641e+09,-1.503290110157018898e-09
1.126259461914794922e+09,-2.179741572383642454e-09
1.126259461915283203e+09,-1.101879665969425052e-09
1.126259461915771484e+09,4.944085929446723807e-10
1.126259461916259766e+09,6.014295127488472681e-10
1.126259461916748047e+09,-1.440572160488828975e-10
1.126259461917236328e+09,1.007777720816537704e-10
1.126259461917724609e+09,1.081750349584443713e-09
1.126259461918212891e+09,1.340419694703034711e-09
1.126259461918701172e+09,1.128734886709796838e-09
1.126259461919189453e+09,1.660552962307919286e-09
1.126259461919677734e+09,2.464083611763369348e-09
1.126259461920166016e+09,2.211602055578067155e-09
1.126259461920654297e+09,1.422316662333356066e-09
1.126259461921142578e+09,1.697347130827878103e-09
1.126259461921630859e+09,2.828647075519290801e-09
1.126259461922119141e+09,3.181043153395429362e-09
1.126259461922607422e+09,2.513675907135963776e-09
1.126259461923095703e+09,2.041754391805339698e-09
1.126259461923583984e+09,2.082154229233482658e-09
1.126259461924072266e+09,1.942392237913902194e-09
1.126259461924560547e+09,1.778595170980711570e-09
1.126259461925048828e+09,2.267172087484409489e-09
1.126259461925537109e+09,2.758297547203616184e-09
1.126259461926025391e+09,2.069697555220116032e-09
1.126259461926513672e+09,8.558355139246345887e-10
1.126259461927001953e+09,8.529091139592356578e-10
1.126259461927490234e+09,1.945570005397601168e-09
1.126259461927978516e+09,2.338956897904757506e-09
1.126259461928466797e+09,1.556159411348634432e-09
1.126259461928955078e+09,8.808300616896793616e-10
1.126259461929443359e+09,8.162228314239926575e-10
1.126259461929931641e+09,5.398092785583544921e-10
1.126259461930419922e+09,2.679579422570137654e-11
1.126259461930908203e+09,2.449784952437551668e-10
1.126259461931396484e+09,9.162538422591845829e-10
1.126259461931884766e+09,5.303386266167770610e-10
1.126259461932373047e+09,-9.346453399994672924e-10
1.126259461932861328e+09,-1.692299524847288905e-09
1.126259461933349609e+09,-1.121500765327496831e-09
1.126259461933837891e+09,-6.998041573233459276e-10
1.126259461934326172e+09,-1.294425117511541300e-09
1.126259461934814453e+09,-1.900300697664834761e-09
1.126259461935302734e+09,-1.905963280304948853e-09
1.126259461935791016e+09,-2.227917410609585931e-09
1.126259461936279297e+09,-3.153819714790664829e-09
1.126259461936767578e+09,-3.392019290815902810e-09
1.126259461937255859e+09,-2.506009517359958824e-09
1.126259461937744141e+09,-2.067396558634432027e-09
1.126259461938232422e+09,-2.993125720439253940e-09
1.126259461938720703e+09,-3.856180689712429614e-09
1.126259461939208984e+09,-3.371349720889547900e-09
1.126259461939697266e+09,-2.528077702229886107e-09
1.126259461940185547e+09,-2.575169508745307217e-09
1.126259461940673828e+09,-2.824003017291519899e-09
1.126259461941162109e+09,-2.307923570530647539e-09
1.126259461941650391e+09,-1.821436256707415177e-09
1.126259461942138672e+09,-2.277677630900413318e-09
1.126259461942626953e+09,-2.647679974716490146e-09
1.126259461943115234e+09,-1.698462308578376481e-09
1.126259461943603516e+09,-3.918751050665490647e-10
1.126259461944091797e+09,-3.107617125497616327e-10
1.126259461944580078e+09,-8.786954869062725908e-10
1.126259461945068359e+09,-4.444340087864686671e-10
1.126259461945556641e+09,8.360298632782215648e-10
1.126259461946044922e+09,1.519216420532139793e-09
1.126259461946533203e+09,1.502021495884545475e-09
1.126259461947021484e+09,1.829188477950225369e-09
1.126259461947509766e+09,2.470148443317565295e-09
1.126259461947998047e+09,2.554916419920772516e-09
1.126259461948486328e+09,2.381495665175854173e-09
1.126259461948974609e+09,2.959839141292943146e-09
1.126259461949462891e+09,3.885299405467964973e-09
1.126259461949951172e+09,3.864548970099388254e-09
1.126259461950439453e+09,3.114548839858195978e-09
1.126259461950927734e+09,3.036143525340243487e-09
1.126259461951416016e+09,3.664687295551424377e-09
1.126259461951904297e+09,3.693504585347269207e-09
1.126259461952392578e+09,2.982496800344184686e-09
1.126259461952880859e+09,2.734319589513832616e-09
1.126259461953369141e+09,3.069568215086149815e-09
1.126259461953857422e+09,2.783708118222727590e-09
1.126259461954345703e+09,1.812027521202507521e-09
1.126259461954833984e+09,1.554517040761031777e-09
1.126259461955322266e+09,2.225320328785834049e-09
1.126259461955810547e+09,2.230179597388861834e-09
1.126259461956298828e+09,9.376186292672395854e-10
1.126259461956787109e+09,-1.813203586561753030e-10
1.126259461957275391e+09,-1.082956092931349167e-10
1.126259461957763672e+09,1.681235318786210745e-10
1.126259461958251953e+09,-2.883586629232537017e-10
1.126259461958740234e+09,-8.026573182224332740e-10
1.126259461959228516e+09,-7.861815892225771122e-10
1.126259461959716797e+09,-1.028769097731741594e-09
1.126259461960205078e+09,-1.952220932832436313e-09
1.126259461960693359e+09,-2.429868722651407193e-09
1.126259461961181641e+09,-1.816262953919766767e-09
1.126259461961669922e+09,-1.400244477865406887e-09
1.126259461962158203e+09,-2.244768462507684115e-09
1.126259461962646484e+09,-3.236872049718323539e-09
1.126259461963134766e+09,-3.016197628804132556e-09
1.126259461963623047e+09,-2.298599877101218114e-09
1.126259461964111328e+09,-2.412471104771827092e-09
1.126259461964599609e+09,-2.939677602424453540e-09
1.126259461965087891e+09,-2.818011296569169843e-09
1.126259461965576172e+09,-2.512880071517205387e-09
1.126259461966064453e+09,-2.933648812540609947e-09
1.126259461966552734e+09,-3.290082825421847995e-09
1.126259461967041016e+09,-2.346807818841086350e-09
1.126259461967529297e+09,-9.677505379996587165e-10
1.126259461968017578e+09,-9.992377499030848943e-10
1.126259461968505859e+09,-2.169978506221415974e-09
1.126259461968994141e+09,-2.507042352897499518e-09
1.126259461969482422e+09,-1.531065076934471308e-09
1.126259461969970703e+09,-6.749150464820336896e-10
1.126259461970458984e+09,-6.304722284865486850e-10
1.126259461970947266e+09,-6.058244178957296825e-10
1.126259461971435547e+09,-3.107292521375908745e-10
1.126259461971923828e+09,-4.066104870133421474e-10
1.126259461972412109e+09,-7.029186311933073843e-10
1.126259461972900391e+09,-1.013629164060915418e-10
1.126259461973388672e+09,1.217462376755580612e-09
1.126259461973876953e+09,1.647550261601821900e-09
1.126259461974365234e+09,7.753954564720780693e-10
1.126259461974853516e+09,1.619514750019159559e-10
1.126259461975341797e+09,8.326236895270366989e-10
1.126259461975830078e+09,1.873524002206196565e-09
1.126259461976318359e+09,2.283474587325065144e-09
1.126259461976806641e+09,2.394990340777183007e-09
1.126259461977294922e+09,2.595509710319023726e-09
1.126259461977783203e+09,2.400597578255311207e-09
1.126259461978271484e+09,1.784408901100923116e-09
1.126259461978759766e+09,1.793733923780119505e-09
1.126259461979248047e+09,2.782674954425873081e-09
1.126259461979736328e+09,3.533349663561669463e-09
1.126259461980224609e+09,3.171685042572699690e-09
1.126259461980712891e+09,2.521017479206382644e-09
1.126259461981201172e+09,2.527323198435572024e-09
1.126259461981689453e+09,2.782121230142946947e-09
1.126259461982177734e+09,2.676249230503637415e-09
1.126259461982666016e+09,2.575537043835603442e-09
1.126259461983154297e+09,2.718843271543196402e-09
1.126259461983642578e+09,2.387449376366397184e-09
1.126259461984130859e+09,1.368075677490605629e-09
1.126259461984619141e+09,7.966270633025813601e-10
1.126259461985107422e+09,1.264938230473355503e-09
1.126259461985595703e+09,1.548330199048926581e-09
1.126259461986083984e+09,6.132848708908574488e-10
1.126259461986572266e+09,-5.799694423217449170e-10
1.126259461987060547e+09,-8.202561462662625677e-10
1.126259461987548828e+09,-7.204545883625161586e-10
1.126259461988037109e+09,-1.321831109072743310e-09
1.126259461988525391e+09,-2.037975466442464838e-09
1.126259461989013672e+09,-1.930234314358419023e-09
1.126259461989501953e+09,-1.748315499860664558e-09
1.126259461989990234e+09,-2.580455120093037734e-09
1.126259461990478516e+09,-3.588923891659942843e-09
1.126259461990966797e+09,-3.344629882513936031e-09
1.126259461991455078e+09,-2.472556135642216243e-09
1.126259461991943359e+09,-2.609448641513868797e-09
1.126259461992431641e+09,-3.501580564048407446e-09
1.126259461992919922e+09,-3.587621939658209408e-09
1.126259461993408203e+09,-2.865873759884316671e-09
1.126259461993896484e+09,-2.655305583134114303e-09
1.126259461994384766e+09,-2.939619476809943214e-09
1.126259461994873047e+09,-2.554326786607691961e-09
1.126259461995361328e+09,-1.756573313689451481e-09
1.126259461995849609e+09,-1.916481939289162280e-09
1.126259461996337891e+09,-2.697781265852767702e-09
1.126259461996826172e+09,-2.301155772606707415e-09
1.126259461997314453e+09,-7.109799329326833085e-10
1.126259461997802734e+09,7.025557138834981467e-11
1.126259461998291016e+09,-5.419661064512966153e-10
1.126259461998779297e+09,-7.969873214423367488e-10
1.126259461999267578e+09,2.089852120455669717e-10
1.126259461999755859e+09,1.135770794845744488e-09
1.126259462000244141e+09,1.078730973439738590e-09
1.126259462000732422e+09,1.038256420065181901e-09
1.126259462001220703e+09,1.622700815586448102e-09
1.126259462001708984e+09,1.784917288674111368e-09
1.126259462002197266e+09,1.113727099391406771e-09
1.126259462002685547e+09,1.000446785099746239e-09
1.126259462003173828e+09,2.104491801678014655e-09
1.126259462003662109e+09,2.905968497750919058e-09
1.126259462004150391e+09,2.305971525901753550e-09
1.126259462004638672e+09,1.537083705790410876e-09
1.126259462005126953e+09,1.884895968893793182e-09
1.126259462005615234e+09,2.553323526562437797e-09
1.126259462006103516e+09,2.469722894893344780e-09
1.126259462006591797e+09,2.223598368596657104e-09
1.126259462007080078e+09,2.450826116428216731e-09
1.126259462007568359e+09,2.250228537085003221e-09
1.126259462008056641e+09,1.097643964446306731e-09
1.126259462008544922e+09,4.284158462127924695e-10
1.126259462009033203e+09,1.280569394106964383e-09
1.126259462009521484e+09,2.184491246824796243e-09
1.126259462010009766e+09,1.553506825971922502e-09
1.126259462010498047e+09,4.206280688270596587e-10
1.126259462010986328e+09,4.977949253564811497e-10
1.126259462011474609e+09,1.192695456140370368e-09
1.126259462011962891e+09,1.031611888646602299e-09
1.126259462012451172e+09,4.859202876815857918e-10
1.126259462012939453e+09,7.316647319316275266e-10
1.126259462013427734e+09,1.007254840981487706e-09
1.126259462013916016e+09,2.269924131479679871e-11
1.126259462014404297e+09,-1.212399458679651560e-09
1.126259462014892578e+09,-9.003827905882804779e-10
1.126259462015380859e+09,2.163974310527067278e-10
1.126259462015869141e+09,3.481415890121934231e-11
1.126259462016357422e+09,-1.241884240210553576e-09
1.126259462016845703e+09,-1.684854316399028684e-09
1.126259462017333984e+09,-1.205407685609538437e-09
1.126259462017822266e+09,-1.370025331292947563e-09
1.126259462018310547e+09,-2.138753120496648881e-09
1.126259462018798828e+09,-2.047308160502483383e-09
1.126259462019287109e+09,-1.379582001770006786e-09
1.126259462019775391e+09,-1.841664526181137010e-09
1.126259462020263672e+09,-3.120193948004826067e-09
1.126259462020751953e+09,-3.128245334398808676e-09
1.126259462021240234e+09,-1.846739003173692315e-09
1.126259462021728516e+09,-1.510701295074774071e-09
1.126259462022216797e+09,-2.579415344935627581e-09
1.126259462022705078e+09,-2.986503649224201677e-09
1.126259462023193359e+09,-2.054754498934357227e-09
1.126259462023681641e+09,-1.651781371186667889e-09
1.126259462024169922e+09,-2.478516558651876152e-09
1.126259462024658203e+09,-2.683978843099541576e-09
1.126259462025146484e+09,-1.473464219336639383e-09
1.126259462025634766e+09,-7.263024833210151285e-10
1.126259462026123047e+09,-1.432640152318541321e-09
1.126259462026611328e+09,-1.745482390805264412e-09
1.126259462027099609e+09,-4.296881917683528077e-10
1.126259462027587891e+09,8.007690801371978855e-10
1.126259462028076172e+09,4.557679592382975881e-10
1.126259462028564453e+09,-8.021324469287098499e-11
1.126259462029052734e+09,6.947067860828172877e-10
1.126259462029541016e+09,1.668654328998925630e-09
1.126259462030029297e+09,1.535539400553625851e-09
1.126259462030517578e+09,1.435180092305970259e-09
1.126259462031005859e+09,2.593587755930603793e-09
1.126259462031494141e+09,3.620497504868848869e-09
1.126259462031982422e+09,2.925006733310630886e-09
1.126259462032470703e+09,1.823158597139980337e-09
1.126259462032958984e+09,2.379426151842134466e-09
1.126259462033447266e+09,3.852696468989719996e-09
1.126259462033935547e+09,4.145589838729159062e-09
1.126259462034423828e+09,3.334045807644526100e-09
1.126259462034912109e+09,2.946152862030793056e-09
1.126259462035400391e+09,3.008330694849839408e-09
1.126259462035888672e+09,2.578622290402927948e-09
1.126259462036376953e+09,2.097162944007652525e-09
1.126259462036865234e+09,2.490829154469618233e-09
1.126259462037353516e+09,2.928701711453771990e-09
1.126259462037841797e+09,2.094334277644002863e-09
1.126259462038330078e+09,7.534659232540276207e-10
1.126259462038818359e+09,4.929539002149784934e-10
1.126259462039306641e+09,8.663477526078324834e-10
1.126259462039794922e+09,3.896686416878544405e-10
1.126259462040283203e+09,-5.995978881177364406e-10
1.126259462040771484e+09,-7.785054963677340688e-10
1.126259462041259766e+09,-5.876251225945387852e-10
1.126259462041748047e+09,-1.320514846693779893e-09
1.126259462042236328e+09,-2.321965656174743477e-09
1.126259462042724609e+09,-2.043071741457659282e-09
1.126259462043212891e+09,-1.160286020101092829e-09
1.126259462043701172e+09,-1.576320088526385162e-09
1.126259462044189453e+09,-2.890525278137579287e-09
1.126259462044677734e+09,-3.033969763995357409e-09
1.126259462045166016e+09,-2.018279432244077234e-09
1.126259462045654297e+09,-1.801938080116125003e-09
1.126259462046142578e+09,-2.635065775817712267e-09
1.126259462046630859e+09,-2.840192626017291016e-09
1.126259462047119141e+09,-2.206198468008985882e-09
1.126259462047607422e+09,-2.253583132653532201e-09
1.126259462048095703e+09,-2.960114423131583655e-09
1.126259462048583984e+09,-2.613845452136138741e-09
1.126259462049072266e+09,-1.295941023846329431e-09
1.126259462049560547e+09,-1.097000910998585212e-09
1.126259462050048828e+09,-2.277526557453776435e-09
1.126259462050537109e+09,-2.619112804222951962e-09
1.126259462051025391e+09,-1.395073643855481912e-09
1.126259462051513672e+09,-5.932883766132456178e-10
1.126259462052001953e+09,-1.174165689488772314e-09
1.126259462052490234e+09,-1.482230407759888531e-09
1.126259462052978516e+09,-6.276497275283236721e-10
1.126259462053466797e+09,-1.339307502143127028e-10
1.126259462053955078e+09,-7.427309831383894191e-10
1.126259462054443359e+09,-8.038049483135825086e-10
1.126259462054931641e+09,4.619623527141240358e-10
1.126259462055419922e+09,1.210290581326639777e-09
1.126259462055908203e+09,3.605482813140754585e-10
1.126259462056396484e+09,-2.565741837541794065e-10
1.126259462056884766e+09,8.052290182526216921e-10
1.126259462057373047e+09,2.009392139881501668e-09
1.126259462057861328e+09,1.741454586871161616e-09
1.126259462058349609e+09,1.119191983049201636e-09
1.126259462058837891e+09,1.570035772793889439e-09
1.126259462059326172e+09,2.157009810991265495e-09
1.126259462059814453e+09,1.766641932673055374e-09
1.126259462060302734e+09,1.537674248830298822e-09
1.126259462060791016e+09,2.550861582014294833e-09
1.126259462061279297e+09,3.390183935048219899e-09
1.126259462061767578e+09,2.652474025248676634e-09
1.126259462062255859e+09,1.709865207121541722e-09
1.126259462062744141e+09,2.253784167161120493e-09
1.126259462063232422e+09,3.199201355487665378e-09
1.126259462063720703e+09,2.863644470357830171e-09
1.126259462064208984e+09,2.159303429078281283e-09
1.126259462064697266e+09,2.603176750025975847e-09
1.126259462065185547e+09,3.134536739815963241e-09
1.126259462065673828e+09,2.154743145018639476e-09
1.126259462066162109e+09,9.128161452211991065e-10
1.126259462066650391e+09,1.399908842775610108e-09
1.126259462067138672e+09,2.469973036050158187e-09
1.126259462067626953e+09,1.703138186858851082e-09
1.126259462068115234e+09,-1.884042195603890440e-10
1.126259462068603516e+09,-5.870255876592108937e-10
1.126259462069091797e+09,4.299097148409932312e-10
1.126259462069580078e+09,5.408422053087074913e-10
1.126259462070068359e+09,-5.211733933850466902e-10
1.126259462070556641e+09,-9.628882795930275118e-10
1.126259462071044922e+09,-7.225210500329299844e-10
1.126259462071533203e+09,-1.414966114723658073e-09
1.126259462072021484e+09,-2.734177366874883761e-09
1.126259462072509766e+09,-2.734400496127780343e-09
1.126259462072998047e+09,-1.685171891429206204e-09
1.126259462073486328e+09,-1.875596818896715097e-09
1.126259462073974609e+09,-3.419275044375897146e-09
1.126259462074462891e+09,-3.997351115227797433e-09
1.126259462074951172e+09,-3.083732178090943094e-09
1.126259462075439453e+09,-2.666119186958833464e-09
1.126259462075927734e+09,-3.299778521576453196e-09
1.126259462076416016e+09,-3.262154249760369975e-09
1.126259462076904297e+09,-2.302463126006892313e-09
1.126259462077392578e+09,-2.347960158229012632e-09
1.126259462077880859e+09,-3.541889338235849175e-09
1.126259462078369141e+09,-3.491847861203723643e-09
1.126259462078857422e+09,-1.701635847053754763e-09
1.126259462079345703e+09,-8.491980236789203023e-10
1.126259462079833984e+09,-2.077641620042454272e-09
1.126259462080322266e+09,-2.847942126944574902e-09
1.126259462080810547e+09,-1.414215821769678778e-09
1.126259462081298828e+09,2.377733562123205599e-10
1.126259462081787109e+09,1.696307822620219045e-10
1.126259462082275391e+09,-2.532672267205225319e-10
1.126259462082763672e+09,5.955168085339616239e-10
1.126259462083251953e+09,1.495744316765850838e-09
1.126259462083740234e+09,1.054690529101696628e-09
1.126259462084228516e+09,6.120615835718962290e-10
1.126259462084716797e+09,1.617810440088607707e-09
1.126259462085205078e+09,2.694530174830872433e-09
1.126259462085693359e+09,2.206496977071471235e-09
1.126259462086181641e+09,1.385070868582092286e-09
1.126259462086669922e+09,1.978358434856600319e-09
1.126259462087158203e+09,3.000990687308924180e-09
1.126259462087646484e+09,2.771662990420617002e-09
1.126259462088134766e+09,2.091545602016905930e-09
1.126259462088623047e+09,2.399505734986714905e-09
1.126259462089111328e+09,2.787396676615025774e-09
1.126259462089599609e+09,1.957761270526804181e-09
1.126259462090087891e+09,1.203291680859404184e-09
1.126259462090576172e+09,2.148339492583773968e-09
1.126259462091064453e+09,3.324904100923201009e-09
1.126259462091552734e+09,2.472431589295016465e-09
1.126259462092041016e+09,6.638857135720613820e-10
1.126259462092529297e+09,5.319934047428234575e-10
1.126259462093017578e+09,1.743618982787523834e-09
1.126259462093505859e+09,1.955857125933873490e-09
1.126259462093994141e+09,1.135716876464711582e-09
1.126259462094482422e+09,1.088973274869073464e-09
1.126259462094970703e+09,1.578388256991221997e-09
1.126259462095458984e+09,8.614920587839572991e-10
1.126259462095947266e+09,-4.904896642086511823e-10
1.126259462096435547e+09,-3.007701237996461341e-10
1.126259462096923828e+09,9.870764217807317204e-10
1.126259462097412109e+09,7.715155185190998295e-10
1.126259462097900391e+09,-1.054797867389710954e-09
1.126259462098388672e+09,-1.875206771391317443e-09
1.126259462098876953e+09,-9.814332816501154337e-10
1.126259462099365234e+09,-4.986530244756265960e-10
1.126259462099853516e+09,-1.235524738289727684e-09
1.126259462100341797e+09,-1.542066535651980039e-09
1.126259462100830078e+09,-1.018480724053036403e-09
1.126259462101318359e+09,-1.441762746688592770e-09
1.126259462101806641e+09,-2.977153210486678984e-09
1.126259462102294922e+09,-3.317850289854870255e-09
1.126259462102783203e+09,-1.921132087337164540e-09
1.126259462103271484e+09,-1.365835078636441061e-09
1.126259462103759766e+09,-2.881800098127250010e-09
1.126259462104248047e+09,-4.114259262695587466e-09
1.126259462104736328e+09,-3.232975882795347265e-09
1.126259462105224609e+09,-1.895964025651015727e-09
1.126259462105712891e+09,-1.999353069991158633e-09
1.126259462106201172e+09,-2.596460932662802084e-09
1.126259462106689453e+09,-2.329503327994070075e-09
1.126259462107177734e+09,-2.045181329067913544e-09
1.126259462107666016e+09,-2.594247306026595350e-09
1.126259462108154297e+09,-2.670419429271674617e-09
1.126259462108642578e+09,-1.298391584023322238e-09
1.126259462109130859e+09,-5.818316254380115827e-11
1.126259462109619141e+09,-3.939771555292565855e-10
1.126259462110107422e+09,-9.927364795957446971e-10
1.126259462110595703e+09,-2.597080335178814149e-10
1.126259462111083984e+09,8.482367855855059495e-10
1.126259462111572266e+09,9.387919843336599774e-10
1.126259462112060547e+09,8.961597664767963834e-10
1.126259462112548828e+09,1.862135170001348236e-09
1.126259462113037109e+09,2.667323937534998489e-09
1.126259462113525391e+09,2.056128531851400898e-09
1.126259462114013672e+09,1.444435973609109435e-09
1.126259462114501953e+09,2.535998602698895847e-09
1.126259462114990234e+09,4.064507372120854827e-09
1.126259462115478516e+09,3.939583870325240210e-09
1.126259462115966797e+09,2.902184943898172683e-09
1.126259462116455078e+09,2.916119421102819070e-09
1.126259462116943359e+09,3.545458970573744921e-09
1.126259462117431641e+09,3.195796233288827955e-09
1.126259462117919922e+09,2.466517108293895761e-09
1.126259462118408203e+09,2.849795744767519431e-09
1.126259462118896484e+09,3.423033450048241774e-09
1.126259462119384766e+09,2.406039268314619865e-09
1.126259462119873047e+09,8.685049090805889592e-10
1.126259462120361328e+09,1.161524782279482635e-09
1.126259462120849609e+09,2.568059255192083344e-09
1.126259462121337891e+09,2.369681815081018566e-09
1.126259462121826172e+09,5.937354430551454908e-10
1.126259462122314453e+09,-2.435318127994770127e-10
1.126259462122802734e+09,2.788127533105150433e-10
1.126259462123291016e+09,1.789408556745052378e-10
1.126259462123779297e+09,-8.158196719257341201e-10
1.126259462124267578e+09,-9.560347476156714476e-10
1.126259462124755859e+09,-3.912390195890294401e-10
1.126259462125244141e+09,-1.227404539505572311e-09
1.126259462125732422e+09,-3.214495692588282925e-09
1.126259462126220703e+09,-3.572474767814823038e-09
1.126259462126708984e+09,-1.912312721514365564e-09
1.126259462127197266e+09,-1.165210430065192797e-09
1.126259462127685547e+09,-2.504270236720266416e-09
1.126259462128173828e+09,-3.482530046348140681e-09
1.126259462128662109e+09,-2.667065981543504810e-09
1.126259462129150391e+09,-2.022411278293422754e-09
1.126259462129638672e+09,-2.845129745637541266e-09
1.126259462130126953e+09,-3.292492492197236758e-09
1.126259462130615234e+09,-2.174158907843799227e-09
1.126259462131103516e+09,-1.466649295949974499e-09
1.126259462131591797e+09,-2.530776976591996862e-09
1.126259462132080078e+09,-3.305910238728295055e-09
1.126259462132568359e+09,-2.043372273049300543e-09
1.126259462133056641e+09,-6.221555655766780039e-10
1.126259462133544922e+09,-1.166101978491400268e-09
1.126259462134033203e+09,-2.288952084379510857e-09
1.126259462134521484e+09,-1.842275570828842920e-09
1.126259462135009766e+09,-7.378670314295270837e-10
1.126259462135498047e+09,-7.769508998024560014e-10
1.126259462135986328e+09,-1.094403272978547470e-09
1.126259462136474609e+09,-1.427684138255785932e-10
1.126259462136962891e+09,9.445756149804864655e-10
1.126259462137451172e+09,4.309609107701093371e-10
1.126259462137939453e+09,-4.983554847341601484e-10
1.126259462138427734e+09,2.206731826618437135e-10
1.126259462138916016e+09,1.669318703869699777e-09
1.126259462139404297e+09,1.653848758753607654e-09
1.126259462139892578e+09,7.384928375478755341e-10
1.126259462140380859e+09,9.734152486339065351e-10
1.126259462140869141e+09,1.949418449156474296e-09
1.126259462141357422e+09,1.818320132705207074e-09
1.126259462141845703e+09,1.110446720700440304e-09
1.126259462142333984e+09,1.746225419991682435e-09
1.126259462142822266e+09,3.126254576472141861e-09
1.126259462143310547e+09,3.042966151299075056e-09
1.126259462143798828e+09,1.861593443269545936e-09
1.126259462144287109e+09,1.946810049453638765e-09
1.126259462144775391e+09,3.309939324520520249e-09
1.126259462145263672e+09,3.661200509302758842e-09
1.126259462145751953e+09,2.640950926366817062e-09
1.126259462146240234e+09,2.207111229529716948e-09
1.126259462146728516e+09,2.776474015538857531e-09
1.126259462147216797e+09,2.732290540991442768e-09
1.126259462147705078e+09,1.955847407411860084e-09
1.126259462148193359e+09,2.092129209963522047e-09
1.126259462148681641e+09,2.956692168252465979e-09
1.126259462149169922e+09,2.465710707875726792e-09
1.126259462149658203e+09,6.854909593688177797e-10
1.126259462150146484e+09,1.451816593275694075e-10
1.126259462150634766e+09,1.355315349915673068e-09
1.126259462151123047e+09,1.815759474038054897e-09
1.126259462151611328e+09,4.615801832345468878e-10
1.126259462152099609e+09,-7.017510953484288422e-10
1.126259462152587891e+09,-5.860564232393892228e-10
1.126259462153076172e+09,-8.173908954608342752e-10
1.126259462153564453e+09,-2.081943583167257787e-09
1.126259462154052734e+09,-2.485045839373919291e-09
1.126259462154541016e+09,-1.372926131797036709e-09
1.126259462155029297e+09,-1.111728291607933934e-09
1.126259462155517578e+09,-2.928458298786280693e-09
1.126259462156005859e+09,-4.459069511768549453e-09
1.126259462156494141e+09,-3.793935820057124082e-09
1.126259462156982422e+09,-2.672329929439462622e-09
1.126259462157470703e+09,-3.105789129856472104e-09
1.126259462157958984e+09,-3.952813094553941982e-09
1.126259462158447266e+09,-3.599081520920746830e-09
1.126259462158935547e+09,-3.099013171795869794e-09
1.126259462159423828e+09,-3.715569380026898622e-09
1.126259462159912109e+09,-4.069650760432463650e-09
1.126259462160400391e+09,-2.818739655024401354e-09
1.126259462160888672e+09,-1.634390151676792321e-09
1.126259462161376953e+09,-2.302678597255184484e-09
1.126259462161865234e+09,-3.222763574507109178e-09
1.126259462162353516e+09,-2.158068018206579005e-09
1.126259462162841797e+09,-3.164441781304965462e-10
1.126259462163330078e+09,-1.663887061892832447e-10
1.126259462163818359e+09,-1.085115912454810101e-09
1.126259462164306641e+09,-8.049558756101269804e-10
1.126259462164794922e+09,4.283166852027828552e-10
1.126259462165283203e+09,7.922835365114053982e-10
1.126259462165771484e+09,5.761928845318184431e-10
1.126259462166259766e+09,1.279976944456910740e-09
1.126259462166748047e+09,2.247498585833606718e-09
1.126259462167236328e+09,1.861129412885299677e-09
1.126259462167724609e+09,1.028498456298874524e-09
1.126259462168212891e+09,1.782797305538974111e-09
1.126259462168701172e+09,3.342811506279801790e-09
1.126259462169189453e+09,3.334736072241957734e-09
1.126259462169677734e+09,2.142339608599770152e-09
1.126259462170166016e+09,2.160183689820988166e-09
1.126259462170654297e+09,3.326425276715679920e-09
1.126259462171142578e+09,3.400025286508421626e-09
1.126259462171630859e+09,2.316690067824861465e-09
1.126259462172119141e+09,2.182961735357823084e-09
1.126259462172607422e+09,3.033811660115071414e-09
1.126259462173095703e+09,2.730620330937165698e-09
1.126259462173583984e+09,1.267780678784851279e-09
1.126259462174072266e+09,1.039171998577817058e-09
1.126259462174560547e+09,2.336858955798605380e-09
1.126259462175048828e+09,2.667092509349697438e-09
1.126259462175537109e+09,1.277409794511688043e-09
1.126259462176025391e+09,3.672937293230286144e-10
1.126259462176513672e+09,8.783194282272646455e-10
1.126259462177001953e+09,1.035095045260880177e-09
1.126259462177490234e+09,1.686803175475930758e-10
1.126259462177978516e+09,3.243915059035080962e-11
1.126259462178466797e+09,9.919947257658849376e-10
1.126259462178955078e+09,8.576923124910673546e-10
1.126259462179443359e+09,-9.038291115985088900e-10
1.126259462179931641e+09,-1.697591242668692764e-09
1.126259462180419922e+09,-3.738506740338605559e-10
1.126259462180908203e+09,5.573791857750666636e-10
1.126259462181396484e+09,-6.212076315192871368e-10
1.126259462181884766e+09,-1.913005927437681969e-09
1.126259462182373047e+09,-1.502580910829557429e-09
1.126259462182861328e+09,-9.277116065508964499e-10
1.126259462183349609e+09,-1.697400480078116682e-09
1.126259462183837891e+09,-2.238682463719428963e-09
1.126259462184326172e+09,-1.199519982372915367e-09
1.126259462184814453e+09,-5.264880201359305675e-10
1.126259462185302734e+09,-1.980123485958765710e-09
1.126259462185791016e+09,-3.554065453354229077e-09
1.126259462186279297e+09,-2.834489264660589735e-09
1.126259462186767578e+09,-1.256161908212939319e-09
1.126259462187255859e+09,-1.413418501572262105e-09
1.126259462187744141e+09,-2.546378893414462465e-09
1.126259462188232422e+09,-2.438469548662646251e-09
1.126259462188720703e+09,-1.656846995612915062e-09
1.126259462189208984e+09,-2.035747639617288717e-09
1.126259462189697266e+09,-2.784136851056946667e-09
1.126259462190185547e+09,-2.046673238280812097e-09
1.126259462190673828e+09,-7.980330594507989818e-10
1.126259462191162109e+09,-1.221565496412815431e-09
1.126259462191650391e+09,-2.485011106839405813e-09
1.126259462192138672e+09,-2.087513697231837084e-09
1.126259462192626953e+09,-3.730953459383740343e-10
1.126259462193115234e+09,2.413873190859977706e-10
1.126259462193603516e+09,-3.064360278959240175e-10
1.126259462194091797e+09,-2.081839475693921617e-11
1.126259462194580078e+09,1.081055224563309967e-09
1.126259462195068359e+09,1.171727973083280061e-09
1.126259462195556641e+09,4.786190985260071309e-10
1.126259462196044922e+09,9.920448156131526576e-10
1.126259462196533203e+09,2.485647653795240793e-09
1.126259462197021484e+09,2.720265412790071294e-09
1.126259462197509766e+09,1.631637570093932039e-09
1.126259462197998047e+09,1.480941132544399628e-09
1.126259462198486328e+09,2.667561027215611703e-09
1.126259462198974609e+09,3.193915142480960672e-09
1.126259462199462891e+09,2.599685981181903810e-09
1.126259462199951172e+09,2.621210146394657546e-09
1.126259462200439453e+09,3.480331532637690901e-09
1.126259462200927734e+09,3.343643838327065250e-09
1.126259462201416016e+09,2.107797380403882528e-09
1.126259462201904297e+09,1.883205760237472683e-09
1.126259462202392578e+09,2.898343274108247551e-09
1.126259462202880859e+09,2.801392050514500771e-09
1.126259462203369141e+09,1.074716650826457195e-09
1.126259462203857422e+09,2.269785872852323927e-10
1.126259462204345703e+09,1.260150721013292258e-09
1.126259462204833984e+09,1.834649860415429609e-09
1.126259462205322266e+09,5.767703199689741544e-10
1.126259462205810547e+09,-5.870553574228426460e-10
1.126259462206298828e+09,-2.931776873586649240e-10
1.126259462206787109e+09,-2.256988031180975782e-10
1.126259462207275391e+09,-1.544289986946234887e-09
1.126259462207763672e+09,-2.383838404207814648e-09
1.126259462208251953e+09,-1.422054584545558468e-09
1.126259462208740234e+09,-6.320749510895636430e-10
1.126259462209228516e+09,-1.748700308422936844e-09
1.126259462209716797e+09,-3.037936569951110502e-09
1.126259462210205078e+09,-2.470733843790778032e-09
1.126259462210693359e+09,-1.304715308338414399e-09
1.126259462211181641e+09,-1.503188512422604637e-09
1.126259462211669922e+09,-2.192503086265729872e-09
1.126259462212158203e+09,-1.804163625360826957e-09
1.126259462212646484e+09,-1.319935436423645380e-09
1.126259462213134766e+09,-2.129212795047706891e-09
1.126259462213623047e+09,-2.872723692632676089e-09
1.126259462214111328e+09,-1.811308204003739317e-09
1.126259462214599609e+09,-3.611752818156625846e-10
1.126259462215087891e+09,-7.820313791199477425e-10
1.126259462215576172e+09,-2.087622136732965275e-09
1.126259462216064453e+09,-1.830669760237349564e-09
1.126259462216552734e+09,-4.471675752066551217e-10
1.126259462217041016e+09,-1.599152287733537860e-10
1.126259462217529297e+09,-8.089351373078961962e-10
1.126259462218017578e+09,-5.121244423311375664e-10
1.126259462218505859e+09,4.729977163332659197e-10
1.126259462218994141e+09,3.043361841781357490e-10
1.126259462219482422e+09,-6.713453380573775875e-10
1.126259462219970703e+09,-3.924570976794934909e-10
1.126259462220458984e+09,1.017793481730783874e-09
1.126259462220947266e+09,1.377850256546365509e-09
1.126259462221435547e+09,3.452810888868580524e-10
1.126259462221923828e+09,-1.868438926467544997e-10
1.126259462222412109e+09,4.209117384150858024e-10
1.126259462222900391e+09,8.920385122759243141e-10
1.126259462223388672e+09,8.771387885924886184e-10
1.126259462223876953e+09,1.298002811965277708e-09
1.126259462224365234e+09,1.820371881448346197e-09
1.126259462224853516e+09,1.171048790429249653e-09
1.126259462225341797e+09,7.144155685975494074e-11
1.126259462225830078e+09,6.040797209724181634e-10
1.126259462226318359e+09,2.442196428073949776e-09
1.126259462226806641e+09,3.017748897649522767e-09
1.126259462227294922e+09,1.795570633346168450e-09
1.126259462227783203e+09,1.004795532892017836e-09
1.126259462228271484e+09,1.596107674997010223e-09
1.126259462228759766e+09,1.939204894483650362e-09
1.126259462229248047e+09,1.321602001222593710e-09
1.126259462229736328e+09,1.237073760793607366e-09
1.126259462230224609e+09,2.092097654722063840e-09
1.126259462230712891e+09,2.060199275057215831e-09
1.126259462231201172e+09,6.091382305270019401e-10
1.126259462231689453e+09,-1.038565455102202721e-10
1.126259462232177734e+09,1.031718684705888762e-09
1.126259462232666016e+09,2.036482387444753143e-09
1.126259462233154297e+09,1.286071729156961238e-09
1.126259462233642578e+09,8.096541678065198366e-11
1.126259462234130859e+09,-7.806202133181620996e-11
1.126259462234619141e+09,1.086851190262954819e-11
1.126259462235107422e+09,-5.753328057111094940e-10
1.126259462235595703e+09,-8.988292423157278103e-10
1.126259462236083984e+09,-3.924896167816369701e-10
1.126259462236572266e+09,-4.868906897505283591e-10
1.126259462237060547e+09,-1.883099422941549117e-09
1.126259462237548828e+09,-2.735662413134898535e-09
1.126259462238037109e+09,-1.791529397209161611e-09
1.126259462238525391e+09,-8.403539200367477954e-10
1.126259462239013672e+09,-1.650559939600266083e-09
1.126259462239501953e+09,-2.929916182430126455e-09
1.126259462239990234e+09,-2.909794410855593996e-09
1.126259462240478516e+09,-2.518283515653381029e-09
1.126259462240966797e+09,-3.138601290611817580e-09
1.126259462241455078e+09,-3.554660259295007330e-09
1.126259462241943359e+09,-2.309393302720688274e-09
1.126259462242431641e+09,-1.000177624985810566e-09
1.126259462242919922e+09,-1.760329950372134955e-09
1.126259462243408203e+09,-3.221220490950201890e-09
1.126259462243896484e+09,-2.627027345268534505e-09
1.126259462244384766e+09,-5.740815982390414983e-10
1.126259462244873047e+09,9.734357006361165221e-11
1.126259462245361328e+09,-8.907866982830675914e-10
1.126259462245849609e+09,-1.297571143561249327e-09
1.126259462246337891e+09,-5.113186300317233546e-10
1.126259462246826172e+09,2.320848210423795251e-11
1.126259462247314453e+09,9.892329585742879961e-11
1.126259462247802734e+09,8.821332057509980443e-10
1.126259462248291016e+09,1.965597579236299181e-09
1.126259462248779297e+09,1.765681306538982112e-09
1.126259462249267578e+09,7.949503336513894137e-10
1.126259462249755859e+09,1.132767212349772987e-09
1.126259462250244141e+09,2.621022785109298694e-09
1.126259462250732422e+09,3.013871062593247846e-09
1.126259462251220703e+09,2.025349147672152848e-09
1.126259462251708984e+09,1.706156145249295612e-09
1.126259462252197266e+09,2.511394743423142592e-09
1.126259462252685547e+09,2.627459009936589449e-09
1.126259462253173828e+09,1.744590095378960783e-09
1.126259462253662109e+09,1.780425318113494113e-09
1.126259462254150391e+09,2.990531240772853617e-09
1.126259462254638672e+09,3.084538547438273480e-09
1.126259462255126953e+09,1.424211553558077560e-09
1.126259462255615234e+09,4.601167457909697326e-10
1.126259462256103516e+09,1.461963676457369112e-09
1.126259462256591797e+09,2.330341716254590137e-09
1.126259462257080078e+09,1.462942665791411976e-09
1.126259462257568359e+09,4.247342977616186218e-10
1.126259462258056641e+09,6.933688113057778318e-10
1.126259462258544922e+09,9.598208215125659589e-10
1.126259462259033203e+09,1.632717650195168934e-11
1.126259462259521484e+09,-6.726052523827290670e-10
1.126259462260009766e+09,1.389766559313151125e-10
1.126259462260498047e+09,7.890883034293146173e-10
1.126259462260986328e+09,-3.247302447519416451e-10
1.126259462261474609e+09,-1.613575759094239771e-09
1.126259462261962891e+09,-1.062481312992446716e-09
1.126259462262451172e+09,1.419575652917106230e-10
1.126259462262939453e+09,-1.846568749979878292e-10
1.126259462263427734e+09,-1.394330505695544080e-09
1.126259462263916016e+09,-1.539774615405416036e-09
1.126259462264404297e+09,-9.944808219447020290e-10
1.126259462264892578e+09,-1.315965159288471959e-09
1.126259462265380859e+09,-1.986958012992541717e-09
1.126259462265869141e+09,-1.556697561386718355e-09
1.126259462266357422e+09,-7.706211535857306861e-10
1.126259462266845703e+09,-1.279327132384430835e-09
1.126259462267333984e+09,-2.304644427429472244e-09
1.126259462267822266e+09,-1.921390593403337914e-09
1.126259462268310547e+09,-7.680919442766450935e-10
1.126259462268798828e+09,-1.066525006716804487e-09
1.126259462269287109e+09,-2.584458593177319549e-09
1.126259462269775391e+09,-3.018909803283573480e-09
1.126259462270263672e+09,-2.024560746113614436e-09
1.126259462270751953e+09,-1.456536802965065127e-09
1.126259462271240234e+09,-1.783517200438342235e-09
1.126259462271728516e+09,-1.653837574985594857e-09
1.126259462272216797e+09,-1.040965317289680696e-09
1.126259462272705078e+09,-1.403502921253304094e-09
1.126259462273193359e+09,-2.456017627583048925e-09
1.126259462273681641e+09,-2.163986244794677861e-09
1.126259462274169922e+09,-4.585129941756751303e-10
1.126259462274658203e+09,3.368076966769651425e-10
1.126259462275146484e+09,-5.268405066898338195e-10
1.126259462275634766e+09,-1.042966886773251737e-09
1.126259462276123047e+09,-8.350635542047723148e-11
1.126259462276611328e+09,9.391646740417866710e-10
1.126259462277099609e+09,1.062624177328846865e-09
1.126259462277587891e+09,1.332360433018362607e-09
1.126259462278076172e+09,2.169931108346197902e-09
1.126259462278564453e+09,2.215680946352755370e-09
1.126259462279052734e+09,1.203916751533413475e-09
1.126259462279541016e+09,1.064938129716620939e-09
1.126259462280029297e+09,2.571407220105138728e-09
1.126259462280517578e+09,3.688328793311267279e-09
1.126259462281005859e+09,2.991463710662211548e-09
1.126259462281494141e+09,2.024847501816240597e-09
1.126259462281982422e+09,2.390918848910875996e-09
1.126259462282470703e+09,3.119954372776158749e-09
1.126259462282958984e+09,2.955064947090174497e-09
1.126259462283447266e+09,2.709555055889213259e-09
1.126259462283935547e+09,3.159958746153193593e-09
1.126259462284423828e+09,3.050920028950269727e-09
1.126259462284912109e+09,1.583408038808037463e-09
1.126259462285400391e+09,5.546655541429561595e-10
1.126259462285888672e+09,1.442732601716178337e-09
1.126259462286376953e+09,2.544839563975857860e-09
1.126259462286865234e+09,1.773350758765601636e-09
1.126259462287353516e+09,2.591326806394974776e-10
1.126259462287841797e+09,1.991212711691296099e-10
1.126259462288330078e+09,9.591012852234623906e-10
1.126259462288818359e+09,5.249982837034395310e-10
1.126259462289306641e+09,-7.009065206460756412e-10
1.126259462289794922e+09,-9.019661361718810293e-10
1.126259462290283203e+09,-4.425810248367736408e-10
1.126259462290771484e+09,-1.069247353610009533e-09
1.126259462291259766e+09,-2.390858628675780672e-09
1.126259462291748047e+09,-2.518421123840509525e-09
1.126259462292236328e+09,-1.631934467104168296e-09
1.126259462292724609e+09,-1.642567408014116249e-09
1.126259462293212891e+09,-2.689525042190768152e-09
1.126259462293701172e+09,-3.143812248118339900e-09
1.126259462294189453e+09,-2.812067129784123670e-09
1.126259462294677734e+09,-2.981903841060110077e-09
1.126259462295166016e+09,-3.474638474991627523e-09
1.126259462295654297e+09,-2.870257166471913366e-09
1.126259462296142578e+09,-1.633178593064667013e-09
1.126259462296630859e+09,-1.744297354810650054e-09
1.126259462297119141e+09,-3.044362486919893054e-09
1.126259462297607422e+09,-3.215215344857740892e-09
1.126259462298095703e+09,-1.773318643007598489e-09
1.126259462298583984e+09,-8.190552493770718888e-10
1.126259462299072266e+09,-1.251528962793795735e-09
1.126259462299560547e+09,-1.498643070345218590e-09
1.126259462300048828e+09,-7.808675711788157567e-10
1.126259462300537109e+09,-3.988589402551595134e-10
1.126259462301025391e+09,-7.919926694833806004e-10
1.126259462301513672e+09,-5.071830062638894243e-10
1.126259462302001953e+09,7.240408446994468758e-10
1.126259462302490234e+09,1.021447368567372285e-09
1.126259462302978516e+09,-1.658388246667260163e-10
1.126259462303466797e+09,-7.018874419458640297e-10
1.126259462303955078e+09,5.511204316471434621e-10
1.126259462304443359e+09,1.707767058551627759e-09
1.126259462304931641e+09,1.279593304899252568e-09
1.126259462305419922e+09,6.610387070108787006e-10
1.126259462305908203e+09,1.208688805004127468e-09
1.126259462306396484e+09,1.719836769655923690e-09
1.126259462306884766e+09,1.088177543761737489e-09
1.126259462307373047e+09,7.401622953323552181e-10
1.126259462307861328e+09,1.893683488059368579e-09
1.126259462308349609e+09,2.899921557292682080e-09
1.126259462308837891e+09,2.056785968802191111e-09
1.126259462309326172e+09,8.180755262694886157e-10
1.126259462309814453e+09,1.318207356191565299e-09
1.126259462310302734e+09,2.694059688255155726e-09
1.126259462310791016e+09,2.839409410193266902e-09
1.126259462311279297e+09,2.067179597473890671e-09
1.126259462311767578e+09,2.010783598601341259e-09
1.126259462312255859e+09,2.424716101014687853e-09
1.126259462312744141e+09,2.113797562866693435e-09
1.126259462313232422e+09,1.675308439014732100e-09
1.126259462313720703e+09,2.271189786881128722e-09
1.126259462314208984e+09,2.911218855356967901e-09
1.126259462314697266e+09,2.024433618935285173e-09
1.126259462315185547e+09,5.895972330662282259e-10
1.126259462315673828e+09,5.858465753040547833e-10
1.126259462316162109e+09,1.412422346503590572e-09
1.126259462316650391e+09,1.085396855325392117e-09
1.126259462317138672e+09,-1.914551967327925350e-11
1.126259462317626953e+09,-6.011493982990114592e-11
1.126259462318115234e+09,5.007700896634458579e-10
1.126259462318603516e+09,-2.923457746063270408e-10
1.126259462319091797e+09,-1.892829133529333194e-09
1.126259462319580078e+09,-1.917356988402801625e-09
1.126259462320068359e+09,-5.919708836996347369e-10
1.126259462320556641e+09,-6.098588933692024007e-10
1.126259462321044922e+09,-2.392182802823343587e-09
1.126259462321533203e+09,-3.399358595987397000e-09
1.126259462322021484e+09,-2.666460150897865221e-09
1.126259462322509766e+09,-2.178038139718466643e-09
1.126259462322998047e+09,-2.921286973663077832e-09
1.126259462323486328e+09,-3.331176752673020363e-09
1.126259462323974609e+09,-2.749225937944711917e-09
1.126259462324462891e+09,-2.776892786957529756e-09
1.126259462324951172e+09,-3.845778507955334131e-09
1.126259462325439453e+09,-3.967013071090261850e-09
1.126259462325927734e+09,-2.461840050174324453e-09
1.126259462326416016e+09,-1.544694162724869930e-09
1.126259462326904297e+09,-2.425989231641926526e-09
1.126259462327392578e+09,-3.108272523346204606e-09
1.126259462327880859e+09,-2.026541677439184431e-09
1.126259462328369141e+09,-7.398770976480404916e-10
1.126259462328857422e+09,-8.329263850637578023e-10
1.126259462329345703e+09,-1.128546398893543242e-09
1.126259462329833984e+09,-3.280702313576278368e-10
1.126259462330322266e+09,4.103143752161982337e-10
1.126259462330810547e+09,2.217197319857600647e-11
1.126259462331298828e+09,-4.259533158556823814e-11
1.126259462331787109e+09,1.394691880284108797e-09
1.126259462332275391e+09,2.594792030158743856e-09
1.126259462332763672e+09,1.865181861350302017e-09
1.126259462333251953e+09,7.812367819051140072e-10
1.126259462333740234e+09,1.463169226532937507e-09
1.126259462334228516e+09,2.852472142224064702e-09
1.126259462334716797e+09,2.844756719576976398e-09
1.126259462335205078e+09,2.101400059549289199e-09
1.126259462335693359e+09,2.428862898942036741e-09
1.126259462336181641e+09,3.177050368830254633e-09
1.126259462336669922e+09,2.703488513290281201e-09
1.126259462337158203e+09,1.851763469140474944e-09
1.126259462337646484e+09,2.418025313748712399e-09
1.126259462338134766e+09,3.485966964333349639e-09
1.126259462338623047e+09,2.914590291180352626e-09
1.126259462339111328e+09,1.366950118515878994e-09
1.126259462339599609e+09,1.173041492505368913e-09
1.126259462340087891e+09,2.087266593580122352e-09
1.126259462340576172e+09,1.934914272813007261e-09
1.126259462341064453e+09,7.792477868006422534e-10
1.126259462341552734e+09,5.915294842810694171e-10
1.126259462342041016e+09,1.235308553802175080e-09
1.126259462342529297e+09,7.239144831702297059e-10
1.126259462343017578e+09,-6.996428393055301883e-10
1.126259462343505859e+09,-7.331065717925211570e-10
1.126259462343994141e+09,6.125300386344037275e-10
1.126259462344482422e+09,7.829889608125746930e-10
1.126259462344970703e+09,-7.637270904258395806e-10
1.126259462345458984e+09,-1.674097175653760510e-09
1.126259462345947266e+09,-1.014660198771484538e-09
1.126259462346435547e+09,-6.241063560207323196e-10
1.126259462346923828e+09,-1.305871575003552994e-09
1.126259462347412109e+09,-1.500005233755174288e-09
1.126259462347900391e+09,-8.308202364306182204e-10
1.126259462348388672e+09,-1.153026950438333303e-09
1.126259462348876953e+09,-2.711579050733537114e-09
1.126259462349365234e+09,-3.054667397024852770e-09
1.126259462349853516e+09,-1.422178315860891102e-09
1.126259462350341797e+09,-4.949152098781135371e-10
1.126259462350830078e+09,-1.819105574210848782e-09
1.126259462351318359e+09,-3.101614218356186347e-09
1.126259462351806641e+09,-2.327135133656368583e-09
1.126259462352294922e+09,-1.113451146512475709e-09
1.126259462352783203e+09,-1.392777509929333438e-09
1.126259462353271484e+09,-1.988413940857607145e-09
1.126259462353759766e+09,-1.347947049976694986e-09
1.126259462354248047e+09,-7.244719055441111235e-10
1.126259462354736328e+09,-1.563492656415392555e-09
1.126259462355224609e+09,-2.367201592441011750e-09
1.126259462355712891e+09,-1.367213376853951756e-09
1.126259462356201172e+09,1.827585984215997888e-11
1.126259462356689453e+09,-3.522581126877324136e-10
1.126259462357177734e+09,-1.525289792347639193e-09
1.126259462357666016e+09,-1.358532882573809771e-09
1.126259462358154297e+09,-3.184819394514363878e-10
1.126259462358642578e+09,-8.458119580671916783e-11
1.126259462359130859e+09,-1.688887765488396765e-10
1.126259462359619141e+09,6.984718053697415083e-10
1.126259462360107422e+09,1.514132392410464812e-09
1.126259462360595703e+09,8.448723666323683418e-10
1.126259462361083984e+09,1.455071962605755741e-10
1.126259462361572266e+09,1.530383188100550108e-09
1.126259462362060547e+09,3.617372340403469722e-09
1.126259462362548828e+09,3.506348055421885392e-09
1.126259462363037109e+09,1.786245876107168881e-09
1.126259462363525391e+09,1.487347613052271584e-09
1.126259462364013672e+09,2.852575290969259217e-09
1.126259462364501953e+09,3.380502631359471327e-09
1.126259462364990234e+09,2.618695125272224893e-09
1.126259462365478516e+09,2.573829282830532327e-09
1.126259462365966797e+09,3.391687149184757900e-09
1.126259462366455078e+09,2.991859125108918776e-09
1.126259462366943359e+09,1.391764924597124865e-09
1.126259462367431641e+09,1.112039778223830092e-09
1.126259462367919922e+09,2.502641534088176753e-09
1.126259462368408203e+09,2.807330242673590322e-09
1.126259462368896484e+09,9.878085381488417888e-10
1.126259462369384766e+09,-4.944943713237208417e-10
1.126259462369873047e+09,-9.334929966861310897e-11
1.126259462370361328e+09,4.272376529348460060e-10
1.126259462370849609e+09,-3.554320151202718679e-10
1.126259462371337891e+09,-1.091834893765876647e-09
1.126259462371826172e+09,-7.602748108230614855e-10
1.126259462372314453e+09,-8.080077795855856357e-10
1.126259462372802734e+09,-2.112105512947355897e-09
1.126259462373291016e+09,-2.937950380691393342e-09
1.126259462373779297e+09,-2.139016693749209218e-09
1.126259462374267578e+09,-1.472845266047521713e-09
1.126259462374755859e+09,-2.430388901987731949e-09
1.126259462375244141e+09,-3.512231404757055330e-09
1.126259462375732422e+09,-3.055978143919469202e-09
1.126259462376220703e+09,-2.167951014460125909e-09
1.126259462376708984e+09,-2.345577116643334650e-09
1.126259462377197266e+09,-2.657545167416373301e-09
1.126259462377685547e+09,-1.902681843597750747e-09
1.126259462378173828e+09,-1.232908295150447392e-09
1.126259462378662109e+09,-1.878423029722627591e-09
1.126259462379150391e+09,-2.442454725492173534e-09
1.126259462379638672e+09,-1.333573159761691945e-09
1.126259462380126953e+09,1.127076934822659528e-10
1.126259462380615234e+09,-9.011085883755453388e-11
1.126259462381103516e+09,-1.028931977483450445e-09
1.126259462381591797e+09,-6.802452446033057027e-10
1.126259462382080078e+09,4.356169891239953342e-10
1.126259462382568359e+09,5.662968448778456957e-10
1.126259462383056641e+09,1.831652839125038244e-10
1.126259462383544922e+09,8.212531827075316472e-10
1.126259462384033203e+09,1.757681224577300007e-09
1.126259462384521484e+09,1.263474395211597781e-09
1.126259462385009766e+09,1.366155359991382820e-10
1.126259462385498047e+09,5.117402213365243960e-10
1.126259462385986328e+09,1.926570963561596974e-09
1.126259462386474609e+09,2.073079397608467258e-09
1.126259462386962891e+09,9.245481036961405463e-10
1.126259462387451172e+09,6.029550174488439851e-10
1.126259462387939453e+09,1.439913333527855199e-09
1.126259462388427734e+09,1.663233681267829350e-09
1.126259462388916016e+09,9.272545044648416341e-10
1.126259462389404297e+09,7.131708830050726369e-10
1.126259462389892578e+09,1.121103913175095797e-09
1.126259462390380859e+09,6.839083940311215433e-10
1.126259462390869141e+09,-3.691366845474117955e-10
1.126259462391357422e+09,-1.023842021269933513e-10
1.126259462391845703e+09,1.413824805344209070e-09
1.126259462392333984e+09,1.803514952351823204e-09
1.126259462392822266e+09,4.804215227056732800e-10
1.126259462393310547e+09,-3.266150625583409276e-10
1.126259462393798828e+09,4.784527635078168910e-10
1.126259462394287109e+09,1.216612981525509273e-09
1.126259462394775391e+09,8.274304097433991358e-10
1.126259462395263672e+09,6.138577314265673766e-10
1.126259462395751953e+09,1.254622829931867354e-09
1.126259462396240234e+09,1.266955796814997343e-09
1.126259462396728516e+09,5.192814711848893604e-11
1.126259462397216797e+09,-5.353286844406286086e-10
1.126259462397705078e+09,5.684636472896147631e-10
1.126259462398193359e+09,1.624690820220905648e-09
1.126259462398681641e+09,1.160533659186580872e-09
1.126259462399169922e+09,3.503475242415160362e-10
1.126259462399658203e+09,4.471142084939923849e-10
1.126259462400146484e+09,5.240343216290663632e-10
1.126259462400634766e+09,-1.790740183721742660e-10
1.126259462401123047e+09,-3.281504241135935969e-10
1.126259462401611328e+09,8.075963935702565181e-10
1.126259462402099609e+09,1.300748979503260967e-09
1.126259462402587891e+09,-2.748937018771686403e-10
1.126259462403076172e+09,-2.023259648064833077e-09
1.126259462403564453e+09,-1.765490552837743015e-09
1.126259462404052734e+09,-6.847443968332678703e-10
1.126259462404541016e+09,-1.053191333822988381e-09
1.126259462405029297e+09,-2.336284854625414918e-09
1.126259462405517578e+09,-2.635345822717748633e-09
1.126259462406005859e+09,-2.266679754688144346e-09
1.126259462406494141e+09,-2.706732628341378950e-09
1.126259462406982422e+09,-3.422901978586952556e-09
1.126259462407470703e+09,-2.984137828693603928e-09
1.126259462407958984e+09,-2.129474376618022600e-09
1.126259462408447266e+09,-2.517716885578520140e-09
1.126259462408935547e+09,-3.431021153686125633e-09
1.126259462409423828e+09,-2.923800576897743355e-09
1.126259462409912109e+09,-1.397268905768888426e-09
1.126259462410400391e+09,-8.339545252987399952e-10
1.126259462410888672e+09,-1.212825468255147823e-09
1.126259462411376953e+09,-9.079372323410240510e-10
1.126259462411865234e+09,-7.021551266761741575e-12
1.126259462412353516e+09,8.260683673896529832e-11
1.126259462412841797e+09,-1.839238040391907013e-10
1.126259462413330078e+09,8.582474129246348331e-10
1.126259462413818359e+09,2.572868761684986229e-09
1.126259462414306641e+09,2.697431579130656614e-09
1.126259462414794922e+09,1.441086217389179706e-09
1.126259462415283203e+09,1.318107693996231712e-09
1.126259462415771484e+09,2.729999384512141627e-09
1.126259462416259766e+09,3.347422653376351107e-09
1.126259462416748047e+09,2.332651442421885581e-09
1.126259462417236328e+09,1.546504028041209165e-09
1.126259462417724609e+09,1.840183689359960983e-09
1.126259462418212891e+09,1.736497934609085148e-09
1.126259462418701172e+09,7.697723996661948414e-10
1.126259462419189453e+09,6.113471336642186197e-10
1.126259462419677734e+09,1.655180501907432398e-09
1.126259462420166016e+09,1.909908079239674402e-09
1.126259462420654297e+09,7.106820522131769458e-10
1.126259462421142578e+09,1.991835709157480654e-10
1.126259462421630859e+09,1.491685938719019783e-09
1.126259462422119141e+09,2.612744858948477205e-09
1.126259462422607422e+09,2.041688686729751751e-09
1.126259462423095703e+09,1.168357297985455854e-09
1.126259462423583984e+09,1.256219760601422961e-09
1.126259462424072266e+09,1.061476427642167736e-09
1.126259462424560547e+09,-3.325969016189200653e-10
1.126259462425048828e+09,-1.308548996291700806e-09
1.126259462425537109e+09,-7.403053346290653324e-10
1.126259462426025391e+09,-3.497313853014890402e-10
1.126259462426513672e+09,-1.458080308954911404e-09
1.126259462427001953e+09,-2.180724035464694948e-09
1.126259462427490234e+09,-7.342437509698955270e-10
1.126259462427978516e+09,1.058502112235546911e-09
1.126259462428466797e+09,6.882743360572167686e-10
1.126259462428955078e+09,-9.285434667247378645e-10
1.126259462429443359e+09,-1.467482738627596716e-09
1.126259462429931641e+09,-1.183563787801484134e-09
1.126259462430419922e+09,-1.528777606773809983e-09
1.126259462430908203e+09,-1.771414895005822500e-09
1.126259462431396484e+09,-5.933685639994741846e-10
1.126259462431884766e+09,6.098387259460852843e-10
1.126259462432373047e+09,-2.504690487669961227e-10
1.126259462432861328e+09,-1.980333553517938161e-09
1.126259462433349609e+09,-1.872904112592211492e-09
1.126259462433837891e+09,-3.309516870069782278e-10
1.126259462434326172e+09,3.963561410610175890e-11
1.126259462434814453e+09,-9.632737117223344897e-10
1.126259462435302734e+09,-1.270044671494991862e-09
1.126259462435791016e+09,-6.098294283427729007e-10
1.126259462436279297e+09,-5.940987091540488893e-10
1.126259462436767578e+09,-1.150623642950236627e-09
1.126259462437255859e+09,-7.057869123361757919e-10
1.126259462437744141e+09,2.916823330769280463e-10
1.126259462438232422e+09,-1.513714852891452103e-10
1.126259462438720703e+09,-1.621511701235390359e-09
1.126259462439208984e+09,-1.650451883168196585e-09
1.126259462439697266e+09,-1.352142686831469346e-10
1.126259462440185547e+09,4.388752731559544023e-10
1.126259462440673828e+09,-5.255405558506316150e-10
1.126259462441162109e+09,-9.416207136836521546e-10
1.126259462441650391e+09,-1.883803490068992431e-10
1.126259462442138672e+09,-6.539922189525685103e-11
1.126259462442626953e+09,-8.601588588415592400e-10
1.126259462443115234e+09,-5.096158299667244662e-10
1.126259462443603516e+09,1.233062189409845629e-09
1.126259462444091797e+09,1.802626720552240126e-09
1.126259462444580078e+09,3.830852961366566389e-10
1.126259462445068359e+09,-4.384493811207193526e-10
1.126259462445556641e+09,7.721724503725235676e-10
1.126259462446044922e+09,1.892218005612257181e-09
1.126259462446533203e+09,1.299606208743556587e-09
1.126259462447021484e+09,6.407734148924640014e-10
1.126259462447509766e+09,1.369659645535470380e-09
1.126259462447998047e+09,2.042209367514727173e-09
1.126259462448486328e+09,1.454448581009976319e-09
1.126259462448974609e+09,1.138324285710111411e-09
1.126259462449462891e+09,2.174357412327240980e-09
1.126259462449951172e+09,2.716432320343737273e-09
1.126259462450439453e+09,1.414566301140103727e-09
1.126259462450927734e+09,2.333494058293107704e-10
1.126259462451416016e+09,9.652931905711767191e-10
1.126259462451904297e+09,1.886739002356313034e-09
1.126259462452392578e+09,9.793695222500849482e-10
1.126259462452880859e+09,-3.359979179653973061e-10
1.126259462453369141e+09,1.433644278085435568e-12
1.126259462453857422e+09,8.058968539971244975e-10
1.126259462454345703e+09,9.430133873642740626e-11
1.126259462454833984e+09,-9.890263876375828132e-10
1.126259462455322266e+09,-4.329909231604366610e-10
1.126259462455810547e+09,5.812031159147561258e-10
1.126259462456298828e+09,-2.366028394521249091e-10
1.126259462456787109e+09,-1.948120056377549397e-09
1.126259462457275391e+09,-2.058508433138403061e-09
1.126259462457763672e+09,-9.919833751476430142e-10
1.126259462458251953e+09,-9.768885267300847191e-10
1.126259462458740234e+09,-1.801631438327636343e-09
1.126259462459228516e+09,-1.630680706686021083e-09
1.126259462459716797e+09,-8.852051680855847476e-10
1.126259462460205078e+09,-1.310854506366945313e-09
1.126259462460693359e+09,-2.176108217868895066e-09
1.126259462461181641e+09,-1.461110737757598271e-09
1.126259462461669922e+09,1.794413077997147164e-12
1.126259462462158203e+09,-2.759480764464048861e-10
1.126259462462646484e+09,-1.772701822042553499e-09
1.126259462463134766e+09,-1.742998214624246474e-09
1.126259462463623047e+09,-2.146986320121771628e-10
1.126259462464111328e+09,1.714593377816327848e-10
1.126259462464599609e+09,-8.749492408370791609e-10
1.126259462465087891e+09,-9.592483725871957032e-10
1.126259462465576172e+09,2.545976147996418675e-10
1.126259462466064453e+09,4.797456687209507481e-10
1.126259462466552734e+09,-5.671125718675787029e-10
1.126259462467041016e+09,-4.773723225144767285e-10
1.126259462467529297e+09,1.134658948888059944e-09
1.126259462468017578e+09,1.658456883116914608e-09
1.126259462468505859e+09,3.027827916997570346e-10
1.126259462468994141e+09,-4.288198153520855780e-10
1.126259462469482422e+09,6.190298989922377438e-10
1.126259462469970703e+09,1.354689575547710686e-09
1.126259462470458984e+09,6.839442818568680230e-10
1.126259462470947266e+09,4.696497898235460610e-10
1.126259462471435547e+09,1.496206322175250807e-09
1.126259462471923828e+09,1.614259790088638050e-09
1.126259462472412109e+09,-1.744858380376468812e-11
1.126259462472900391e+09,-8.490581254276323013e-10
1.126259462473388672e+09,5.487963135570417698e-10
1.126259462473876953e+09,1.726141801529238527e-09
1.126259462474365234e+09,7.024979010422457690e-10
1.126259462474853516e+09,-5.808275549666124214e-10
1.126259462475341797e+09,1.025705609562812800e-11
1.126259462475830078e+09,1.068781073712006825e-09
1.126259462476318359e+09,6.930891202343761888e-10
1.126259462476806641e+09,6.624517494189988451e-11
1.126259462477294922e+09,7.689346469261710818e-10
1.126259462477783203e+09,1.456033958833772785e-09
1.126259462478271484e+09,5.561487489688441987e-10
1.126259462478759766e+09,-4.042481280330226835e-10
1.126259462479248047e+09,4.171810121082337301e-10
1.126259462479736328e+09,1.566400852890002539e-09
1.126259462480224609e+09,9.289044210907465260e-10
1.126259462480712891e+09,-3.436783405949353292e-10
1.126259462481201172e+09,-7.921570063996067387e-11
1.126259462481689453e+09,9.001243586383639047e-10
1.126259462482177734e+09,6.150690879918824813e-10
1.126259462482666016e+09,-2.252434507288472201e-10
1.126259462483154297e+09,1.037696597453218734e-10
1.126259462483642578e+09,6.978874728364713448e-10
1.126259462484130859e+09,-1.616186135577948228e-10
1.126259462484619141e+09,-1.284403279749822079e-09
1.126259462485107422e+09,-5.824978452092532446e-10
1.126259462485595703e+09,7.523932174345775989e-10
1.126259462486083984e+09,1.410515832946269835e-10
1.126259462486572266e+09,-1.652911073395829162e-09
1.126259462487060547e+09,-1.851695893120151553e-09
1.126259462487548828e+09,-6.164701615108804731e-10
1.126259462488037109e+09,-4.233905965538373633e-10
1.126259462488525391e+09,-1.364561311029305023e-09
1.126259462489013672e+09,-1.401602079044022569e-09
1.126259462489501953e+09,-6.814154870567492914e-10
1.126259462489990234e+09,-1.195800247781768387e-09
1.126259462490478516e+09,-2.491915905152155398e-09
1.126259462490966797e+09,-2.161020948796096461e-09
1.126259462491455078e+09,-5.171731135366774858e-10
1.126259462491943359e+09,-3.419568438944362328e-10
1.126259462492431641e+09,-1.805632510217738869e-09
1.126259462492919922e+09,-2.108383081220180100e-09
1.126259462493408203e+09,-6.076529540446848678e-10
1.126259462493896484e+09,1.725059182150596081e-10
1.126259462494384766e+09,-6.426781962869160383e-10
1.126259462494873047e+09,-9.038792965408588597e-10
1.126259462495361328e+09,1.321956214616028856e-10
1.126259462495849609e+09,3.954260059780702333e-10
1.126259462496337891e+09,-6.892852990848664681e-10
1.126259462496826172e+09,-7.920022369348425412e-10
1.126259462497314453e+09,8.491156620261090779e-10
1.126259462497802734e+09,1.710863007271530059e-09
1.126259462498291016e+09,5.611738524458300970e-10
1.126259462498779297e+09,-2.619108295446086945e-10
1.126259462499267578e+09,8.285338431767867039e-10
1.126259462499755859e+09,1.947028287965516692e-09
1.126259462500244141e+09,1.546850304679437013e-09
1.126259462500732422e+09,1.179635045021723236e-09
1.126259462501220703e+09,2.019464522426745513e-09
1.126259462501708984e+09,2.293190501168828304e-09
1.126259462502197266e+09,8.730626131082512240e-10
1.126259462502685547e+09,-4.363612028407571039e-11
1.126259462503173828e+09,1.232558142298228189e-09
1.126259462503662109e+09,2.611688432893002920e-09
1.126259462504150391e+09,1.846373146277879434e-09
1.126259462504638672e+09,3.816543752137931726e-10
1.126259462505126953e+09,4.058898549738105899e-10
1.126259462505615234e+09,9.576430715361861084e-10
1.126259462506103516e+09,3.314330429356150448e-10
1.126259462506591797e+09,-3.644546506774531166e-10
1.126259462507080078e+09,3.983529345203285294e-10
1.126259462507568359e+09,1.133018240247199100e-09
1.126259462508056641e+09,-7.142135446353285309e-12
1.126259462508544922e+09,-1.424389066750776107e-09
1.126259462509033203e+09,-7.434981813103414879e-10
1.126259462509521484e+09,7.961951603824060612e-10
1.126259462510009766e+09,5.564589170372804860e-10
1.126259462510498047e+09,-7.708337440260791486e-10
1.126259462510986328e+09,-7.413626857630928092e-10
1.126259462511474609e+09,1.885591956902400350e-10
1.126259462511962891e+09,-1.505021998608464306e-10
1.126259462512451172e+09,-1.165529562503161145e-09
1.126259462512939453e+09,-6.225258378293460312e-10
1.126259462513427734e+09,7.751762597564626132e-10
1.126259462513916016e+09,4.177134013143118725e-10
1.126259462514404297e+09,-1.263858865385190329e-09
1.126259462514892578e+09,-1.384379281918391723e-09
1.126259462515380859e+09,1.841070043705190123e-10
1.126259462515869141e+09,6.702363302465702798e-10
1.126259462516357422e+09,-5.290425204058178298e-10
1.126259462516845703e+09,-1.071922570325439145e-09
1.126259462517333984e+09,-2.660431405479361957e-10
1.126259462517822266e+09,-8.029269517431461362e-11
1.126259462518310547e+09,-9.764589795651564898e-10
1.126259462518798828e+09,-1.001151710294607581e-09
1.126259462519287109e+09,1.030781918743294458e-10
1.126259462519775391e+09,6.113260684489077411e-11
1.126259462520263672e+09,-1.543480339588588481e-09
1.126259462520751953e+09,-2.117484494544887582e-09
1.126259462521240234e+09,-6.811291512856348607e-10
1.126259462521728516e+09,2.954221932911540486e-10
1.126259462522216797e+09,-6.932892995288668494e-10
1.126259462522705078e+09,-1.718630474237727253e-09
1.126259462523193359e+09,-1.209503908976000711e-09
1.126259462523681641e+09,-5.888827726598722286e-10
1.126259462524169922e+09,-1.060327553672732835e-09
1.126259462524658203e+09,-1.213221851265048095e-09
1.126259462525146484e+09,-1.074263576347000216e-10
1.126259462525634766e+09,5.023466063652811438e-10
1.126259462526123047e+09,-5.322195519129265210e-10
1.126259462526611328e+09,-1.267726549347420114e-09
1.126259462527099609e+09,-5.744231772870291626e-11
1.126259462527587891e+09,1.413126745192758866e-09
1.126259462528076172e+09,1.151535015823938850e-09
1.126259462528564453e+09,2.536960891921110666e-10
1.126259462529052734e+09,5.097978192012418771e-10
1.126259462529541016e+09,1.143573991194789812e-09
1.126259462530029297e+09,8.318578737808206713e-10
1.126259462530517578e+09,5.948711491098766181e-10
1.126259462531005859e+09,1.628084398495780104e-09
1.126259462531494141e+09,2.456146358809376451e-09
1.126259462531982422e+09,1.435781589700074266e-09
1.126259462532470703e+09,9.513859533234327314e-11
1.126259462532958984e+09,6.761775639974727572e-10
1.126259462533447266e+09,2.150546817607042674e-09
1.126259462533935547e+09,2.091646005735475852e-09
1.126259462534423828e+09,9.021761949652176631e-10
1.126259462534912109e+09,6.448209226631559752e-10
1.126259462535400391e+09,1.074538194765678361e-09
1.126259462535888672e+09,5.221175845958018619e-10
1.126259462536376953e+09,-4.177299910247042816e-10
1.126259462536865234e+09,9.792791933664057493e-11
1.126259462537353516e+09,1.281581663741755002e-09
1.126259462537841797e+09,7.302232153574004840e-10
1.126259462538330078e+09,-1.154369668362170594e-09
1.126259462538818359e+09,-1.617679597563349273e-09
1.126259462539306641e+09,-2.781553998166117119e-10
1.126259462539794922e+09,3.830341542685847450e-10
1.126259462540283203e+09,-5.956755499715677165e-10
1.126259462540771484e+09,-1.450649974966387663e-09
1.126259462541259766e+09,-1.256112912728649695e-09
1.126259462541748047e+09,-1.161754335164002020e-09
1.126259462542236328e+09,-1.500768681553700884e-09
1.126259462542724609e+09,-1.074390985803802413e-09
1.126259462543212891e+09,-4.015045078442620541e-11
1.126259462543701172e+09,-1.934386410852552475e-10
1.126259462544189453e+09,-1.529779783497380962e-09
1.126259462544677734e+09,-1.798887947091142393e-09
1.126259462545166016e+09,-4.443632152820455365e-10
1.126259462545654297e+09,2.996395444846927941e-10
1.126259462546142578e+09,-6.152412118094561944e-10
1.126259462546630859e+09,-1.289717947636173136e-09
1.126259462547119141e+09,-4.960586419904928726e-10
1.126259462547607422e+09,2.046719022445280585e-10
1.126259462548095703e+09,-3.277165097618416172e-10
1.126259462548583984e+09,-6.158513915163472636e-10
1.126259462549072266e+09,4.292682866003428865e-10
1.126259462549560547e+09,1.225018044936090425e-09
1.126259462550048828e+09,4.549867131211638197e-10
1.126259462550537109e+09,-3.816499071699339168e-10
1.126259462551025391e+09,2.851301582608897950e-10
1.126259462551513672e+09,1.249931272852273348e-09
1.126259462552001953e+09,8.916194528458187363e-10
1.126259462552490234e+09,1.314327760458766567e-10
1.126259462552978516e+09,4.758908166806847063e-10
1.126259462553466797e+09,1.148783664413745799e-09
1.126259462553955078e+09,7.980007476566278953e-10
1.126259462554443359e+09,2.004553905205223349e-10
1.126259462554931641e+09,5.993225054678341708e-10
1.126259462555419922e+09,1.071799712170241835e-09
1.126259462555908203e+09,2.935904988134342480e-10
1.126259462556396484e+09,-6.618715851368596578e-10
1.126259462556884766e+09,-1.162274830785520662e-10
1.126259462557373047e+09,1.042897994715565518e-09
1.126259462557861328e+09,8.675148492235077032e-10
1.126259462558349609e+09,-2.259190450584293678e-10
1.126259462558837891e+09,-4.438065807015521501e-10
1.126259462559326172e+09,1.017078829420242707e-10
1.126259462559814453e+09,4.681207510111417694e-11
1.126259462560302734e+09,-3.141010010579091400e-10
1.126259462560791016e+09,1.985288205643473356e-10
1.126259462561279297e+09,8.751583360307111235e-10
1.126259462561767578e+09,2.315965790771268144e-10
1.126259462562255859e+09,-8.880880634453464481e-10
1.126259462562744141e+09,-5.317868614241410955e-10
1.126259462563232422e+09,7.186458397631489005e-10
1.126259462563720703e+09,6.806670604284505246e-10
1.126259462564208984e+09,-4.094237912582328536e-10
1.126259462564697266e+09,-3.868763458364062252e-10
1.126259462565185547e+09,6.600810724389270118e-10
1.126259462565673828e+09,5.123575960943617241e-10
1.126259462566162109e+09,-8.401006450688578261e-10
1.126259462566650391e+09,-9.443459025493035295e-10
1.126259462567138672e+09,5.450323796238573827e-10
1.126259462567626953e+09,1.019386296063553542e-09
1.126259462568115234e+09,-4.344444732759188030e-10
1.126259462568603516e+09,-1.422764050466751969e-09
1.126259462569091797e+09,-5.933319190482253380e-10
1.126259462569580078e+09,1.471851708468749055e-10
1.126259462570068359e+09,-5.829164098746735784e-10
1.126259462570556641e+09,-1.204634168202884122e-09
1.126259462571044922e+09,-4.950015046855766869e-10
1.126259462571533203e+09,-3.766679814653349199e-12
1.126259462572021484e+09,-9.324767293273178885e-10
1.126259462572509766e+09,-1.677369366443222064e-09
1.126259462572998047e+09,-8.814881924946415093e-10
1.126259462573486328e+09,-8.145728267299016918e-11
1.126259462573974609e+09,-7.862363191548005106e-10
1.126259462574462891e+09,-1.605955385554973383e-09
1.126259462574951172e+09,-9.567048208733492650e-10
1.126259462575439453e+09,-8.337337130136748116e-11
1.126259462575927734e+09,-5.628450100786326956e-10
1.126259462576416016e+09,-1.195117195818888664e-09
1.126259462576904297e+09,-3.881418556204631705e-10
1.126259462577392578e+09,6.056198302748026250e-10
1.126259462577880859e+09,4.285955069546432017e-11
1.126259462578369141e+09,-7.913247629673364508e-10
1.126259462578857422e+09,1.453219556827080058e-10
1.126259462579345703e+09,1.679858598662455356e-09
1.126259462579833984e+09,1.375597558109540514e-09
1.126259462580322266e+09,-3.642687838009188701e-11
1.126259462580810547e+09,2.369705581656968742e-11
1.126259462581298828e+09,1.376948715832171252e-09
1.126259462581787109e+09,1.674538634097029903e-09
1.126259462582275391e+09,7.973030724067254747e-10
1.126259462582763672e+09,7.566909914250995002e-10
1.126259462583251953e+09,1.653860861689797870e-09
1.126259462583740234e+09,1.624030208908419718e-09
1.126259462584228516e+09,6.778953556126647561e-10
1.126259462584716797e+09,7.758017086623998524e-10
1.126259462585205078e+09,1.929668664515612303e-09
1.126259462585693359e+09,1.972929723084212938e-09
1.126259462586181641e+09,6.022795324366614864e-10
1.126259462586669922e+09,-1.042353137570146259e-12
1.126259462587158203e+09,8.258369592235205097e-10
1.126259462587646484e+09,1.167329113444478408e-09
1.126259462588134766e+09,2.379692663692452404e-10
1.126259462588623047e+09,-3.444650759609476416e-10
1.126259462589111328e+09,6.461365078195126588e-11
1.126259462589599609e+09,-6.346859967438943267e-11
1.126259462590087891e+09,-1.120969442707540293e-09
1.126259462590576172e+09,-1.265981824068679797e-09
1.126259462591064453e+09,-1.227907386953066676e-12
1.126259462591552734e+09,4.830592496370344433e-10
1.126259462592041016e+09,-8.463965472045712746e-10
1.126259462592529297e+09,-1.881933104183722467e-09
1.126259462593017578e+09,-1.054084072438631304e-09
1.126259462593505859e+09,5.489035008301701501e-11
1.126259462593994141e+09,-2.288444659613484231e-10
1.126259462594482422e+09,-8.855843548265529631e-10
1.126259462594970703e+09,-6.177533273001957097e-10
1.126259462595458984e+09,-3.226163222275280760e-10
1.126259462595947266e+09,-8.904186997184521331e-10
1.126259462596435547e+09,-1.104250741504464906e-09
1.126259462596923828e+09,-8.741743545173680600e-11
1.126259462597412109e+09,5.970629451408834290e-10
1.126259462597900391e+09,-2.938794728503874001e-10
1.126259462598388672e+09,-1.197850335536018308e-09
1.126259462598876953e+09,-5.202983139935794743e-10
1.126259462599365234e+09,4.520135521712404556e-10
1.126259462599853516e+09,6.759417069266300142e-11
1.126259462600341797e+09,-5.701853617477595138e-10
1.126259462600830078e+09,1.039538437384373441e-10
1.126259462601318359e+09,9.009504882950776568e-10
1.126259462601806641e+09,1.165597396332575212e-10
1.126259462602294922e+09,-9.882612740347274267e-10
1.126259462602783203e+09,-3.242004310474446233e-10
1.126259462603271484e+09,1.093559337018575601e-09
1.126259462603759766e+09,8.502570905840843086e-10
1.126259462604248047e+09,-6.185901502370856565e-10
1.126259462604736328e+09,-1.017515549677298486e-09
1.126259462605224609e+09,-2.851814457575873920e-10
1.126259462605712891e+09,-1.620924825766877864e-10
1.126259462606201172e+09,-6.309572105677530330e-10
1.126259462606689453e+09,-3.444516285056387772e-10
1.126259462607177734e+09,2.004098862311187946e-10
1.126259462607666016e+09,-4.889939776814040896e-10
1.126259462608154297e+09,-1.548635618730550181e-09
1.126259462608642578e+09,-9.150805141535926356e-10
1.126259462609130859e+09,6.941722977543550822e-10
1.126259462609619141e+09,7.194806063362860718e-10
1.126259462610107422e+09,-6.818494342415603128e-10
1.126259462610595703e+09,-9.054231197801687947e-10
1.126259462611083984e+09,4.067256974530123818e-10
1.126259462611572266e+09,9.549975324335900421e-10
1.126259462612060547e+09,2.118085713453846884e-10
1.126259462612548828e+09,1.659093463124962946e-10
1.126259462613037109e+09,1.168724357408478975e-09
1.126259462613525391e+09,1.165096125155291418e-09
1.126259462614013672e+09,-1.097959332129817754e-10
1.126259462614501953e+09,-2.585955918328681111e-10
1.126259462614990234e+09,1.306631664642667424e-09
1.126259462615478516e+09,2.023368242190827382e-09
1.126259462615966797e+09,7.504464229168010758e-10
1.126259462616455078e+09,-2.110950115835977089e-10
1.126259462616943359e+09,6.189603167937257086e-10
1.126259462617431641e+09,1.392437216214273328e-09
1.126259462617919922e+09,6.728286533779433286e-10
1.126259462618408203e+09,4.794949877241893043e-11
1.126259462618896484e+09,7.477967148951920699e-10
1.126259462619384766e+09,1.103513755112704935e-09
1.126259462619873047e+09,-1.058501510483290272e-10
1.126259462620361328e+09,-9.938994768506483811e-10
1.126259462620849609e+09,3.434664596236032134e-11
1.126259462621337891e+09,1.196052481284191185e-09
1.126259462621826172e+09,4.836800776388190143e-10
1.126259462622314453e+09,-8.378914258784141407e-10
1.126259462622802734e+09,-8.103454309869744427e-10
1.126259462623291016e+09,-2.839427121006389993e-10
1.126259462623779297e+09,-8.089425952286076788e-10
1.126259462624267578e+09,-1.433848442579815698e-09
1.126259462624755859e+09,-7.708080841578778155e-10
1.126259462625244141e+09,-5.221533462075267238e-11
1.126259462625732422e+09,-8.702150519759663523e-10
1.126259462626220703e+09,-1.880292647364472643e-09
1.126259462626708984e+09,-1.092942225934038945e-09
1.126259462627197266e+09,3.837197922129270206e-10
1.126259462627685547e+09,2.930784475378291372e-10
1.126259462628173828e+09,-7.562634842060282558e-10
1.126259462628662109e+09,-6.934821966480567902e-10
1.126259462629150391e+09,1.276362416818429687e-10
1.126259462629638672e+09,3.965201709650209194e-12
1.126259462630126953e+09,-5.242199741945266411e-10
1.126259462630615234e+09,1.795453253093636353e-10
1.126259462631103516e+09,1.283358565304551068e-09
1.126259462631591797e+09,8.162393919887527492e-10
1.126259462632080078e+09,-4.176458240995533257e-10
1.126259462632568359e+09,-7.078285295796962099e-11
1.126259462633056641e+09,1.393360718793285282e-09
1.126259462633544922e+09,1.478116523948101906e-09
1.126259462634033203e+09,2.033975279631519839e-10
1.126259462634521484e+09,-1.012170327900520870e-10
1.126259462635009766e+09,7.981797956123641288e-10
1.126259462635498047e+09,8.810539345807572849e-10
1.126259462635986328e+09,5.038592515968903953e-12
1.126259462636474609e+09,9.951734128667914407e-11
1.126259462636962891e+09,1.080158678409043031e-09
1.126259462637451172e+09,7.153220828312666954e-10
1.126259462637939453e+09,-9.753438895188950300e-10
1.126259462638427734e+09,-1.333300031800717255e-09
1.126259462638916016e+09,1.692031120411586020e-10
1.126259462639404297e+09,8.572040331031642005e-10
1.126259462639892578e+09,-4.076401994537528387e-10
1.126259462640380859e+09,-1.420187103428898496e-09
1.126259462640869141e+09,-8.650912684293783311e-10
1.126259462641357422e+09,-4.298820482335943695e-10
1.126259462641845703e+09,-1.110658755959312484e-09
1.126259462642333984e+09,-1.231910007174899429e-09
1.126259462642822266e+09,-2.897654035402031532e-11
1.126259462643310547e+09,4.493143189643667032e-10
1.126259462643798828e+09,-8.501456928296346771e-10
1.126259462644287109e+09,-1.715768155008703090e-09
1.126259462644775391e+09,-5.319347340535436057e-10
1.126259462645263672e+09,8.230450955530742926e-10
1.126259462645751953e+09,4.055010751533484052e-10
1.126259462646240234e+09,-5.117659020555750667e-10
1.126259462646728516e+09,-1.787752254079094674e-10
1.126259462647216797e+09,4.874552562569122598e-10
1.126259462647705078e+09,2.082099704671190697e-10
1.126259462648193359e+09,6.268389966636074486e-11
1.126259462648681641e+09,1.066965326169263891e-09
1.126259462649169922e+09,1.626886960467803575e-09
1.126259462649658203e+09,3.921278025935315369e-10
1.126259462650146484e+09,-7.863751073642771350e-10
1.126259462650634766e+09,1.172732096015694628e-10
1.126259462651123047e+09,1.602930505269201217e-09
1.126259462651611328e+09,1.249575765292332654e-09
1.126259462652099609e+09,-9.653939056304561628e-11
1.126259462652587891e+09,-1.893253185802739260e-10
1.126259462653076172e+09,4.865509199402797349e-10
1.126259462653564453e+09,8.994125933835057635e-11
1.126259462654052734e+09,-7.434339380069656592e-10
1.126259462654541016e+09,-2.384685591843711721e-10
1.126259462655029297e+09,7.200781257590675428e-10
1.126259462655517578e+09,2.558133506718444185e-11
1.126259462656005859e+09,-1.476975298834193102e-09
1.126259462656494141e+09,-1.218785072833502273e-09
1.126259462656982422e+09,4.436109572484603796e-10
1.126259462657470703e+09,7.956863300219518826e-10
1.126259462657958984e+09,-4.618672822575775272e-10
1.126259462658447266e+09,-9.857985984787116793e-10
1.126259462658935547e+09,-1.889154508696176170e-10
1.126259462659423828e+09,8.187600633066303368e-11
1.126259462659912109e+09,-5.818673299851316090e-10
1.126259462660400391e+09,-4.809412497791946625e-10
1.126259462660888672e+09,5.398824776074516143e-10
1.126259462661376953e+09,5.330266298389854162e-10
1.126259462661865234e+09,-7.487400487063241155e-10
1.126259462662353516e+09,-1.090979900417270494e-09
1.126259462662841797e+09,2.290951143068503250e-10
1.126259462663330078e+09,1.158731954097979924e-09
1.126259462663818359e+09,5.821842603160466900e-10
1.126259462664306641e+09,1.219902515565926925e-11
1.126259462664794922e+09,4.192550315577355648e-10
1.126259462665283203e+09,6.032394886712919033e-10
1.126259462665771484e+09,2.180531362688929201e-11
1.126259462666259766e+09,7.773103385654876309e-11
1.126259462666748047e+09,1.136187801518327138e-09
1.126259462667236328e+09,1.347022326598367388e-09
1.126259462667724609e+09,4.322821691108942602e-11
1.126259462668212891e+09,-7.044617629215117070e-10
1.126259462668701172e+09,3.152326022209283057e-10
1.126259462669189453e+09,1.260003489269564186e-09
1.126259462669677734e+09,5.765252242554655888e-10
1.126259462670166016e+09,-3.418549250514880968e-10
1.126259462670654297e+09,7.985226418220244583e-12
1.126259462671142578e+09,5.035057792062214269e-10
1.126259462671630859e+09,-1.391928725784683306e-10
1.126259462672119141e+09,-7.650407800372422948e-10
1.126259462672607422e+09,-1.899572747136986695e-10
1.126259462673095703e+09,2.205171721667940694e-10
1.126259462673583984e+09,-8.940461939583984935e-10
1.126259462674072266e+09,-2.000255949740864817e-09
1.126259462674560547e+09,-1.233325282849788775e-09
1.126259462675048828e+09,1.660566918639800192e-10
1.126259462675537109e+09,-5.771607121233222487e-12
1.126259462676025391e+09,-1.124777741529325825e-09
1.126259462676513672e+09,-1.191566999898483149e-09
1.126259462677001953e+09,-4.774740426742359518e-10
1.126259462677490234e+09,-5.180333634971844838e-10
1.126259462677978516e+09,-8.549200002769566962e-10
1.126259462678466797e+09,-8.908338999946111418e-11
1.126259462678955078e+09,9.642662011143064276e-10
1.126259462679443359e+09,5.387827883102366800e-10
1.126259462679931641e+09,-5.912210728143042538e-10
1.126259462680419922e+09,-2.755913867705510915e-10
1.126259462680908203e+09,1.090073643660780055e-09
1.126259462681396484e+09,1.252783307587626540e-09
1.126259462681884766e+09,1.758352442270760496e-10
1.126259462682373047e+09,-8.315676444239947530e-11
1.126259462682861328e+09,7.430917338847168677e-10
1.126259462683349609e+09,9.192750626690543466e-10
1.126259462683837891e+09,2.988931198818195485e-10
1.126259462684326172e+09,5.398782322707536513e-10
1.126259462684814453e+09,1.560272822400907837e-09
1.126259462685302734e+09,1.382300082380945320e-09
1.126259462685791016e+09,-4.455850409670248161e-11
1.126259462686279297e+09,-4.400265057652753687e-10
1.126259462686767578e+09,7.111360120562691529e-10
1.126259462687255859e+09,1.195921375542321908e-09
1.126259462687744141e+09,1.035016463743807932e-10
1.126259462688232422e+09,-6.917514066819584187e-10
1.126259462688720703e+09,-2.082706347354502757e-10
1.126259462689208984e+09,-3.263200421982545284e-11
1.126259462689697266e+09,-9.309835413713014424e-10
1.126259462690185547e+09,-1.228277911614769691e-09
1.126259462690673828e+09,-2.367742814204408445e-10
1.126259462691162109e+09,6.293620450506400711e-11
1.126259462691650391e+09,-1.289926289858670120e-09
1.126259462692138672e+09,-2.126519952020380993e-09
1.126259462692626953e+09,-9.399630890676119825e-10
1.126259462693115234e+09,3.364098199728195730e-10
1.126259462693603516e+09,-1.885850602491320758e-10
1.126259462694091797e+09,-1.086758734234930031e-09
1.126259462694580078e+09,-5.515179122840456109e-10
1.126259462695068359e+09,2.129882906219446054e-10
1.126259462695556641e+09,-4.148086515831367572e-10
1.126259462696044922e+09,-1.089841989731287282e-09
1.126259462696533203e+09,-4.770818972192759629e-11
1.126259462697021484e+09,1.241823147860772104e-09
1.126259462697509766e+09,5.312594060092208559e-10
1.126259462697998047e+09,-1.005202733844098935e-09
1.126259462698486328e+09,-7.238139726897970779e-10
1.126259462698974609e+09,8.824687147927677001e-10
1.126259462699462891e+09,1.276541585825548738e-09
1.126259462699951172e+09,3.570744183258171815e-10
1.126259462700439453e+09,9.428590779544399381e-11
1.126259462700927734e+09,6.235944653853075028e-10
1.126259462701416016e+09,4.409548865500658043e-10
1.126259462701904297e+09,-1.838455208139500549e-10
1.126259462702392578e+09,3.078133711664987479e-10
1.126259462702880859e+09,1.347169639318434051e-09
1.126259462703369141e+09,9.683668207547317261e-10
1.126259462703857422e+09,-3.824043664914130536e-10
1.126259462704345703e+09,-4.325818365727771509e-10
1.126259462704833984e+09,7.441466470723839843e-10
1.126259462705322266e+09,8.851888361445513070e-10
1.126259462705810547e+09,-1.980693849392301629e-10
1.126259462706298828e+09,-3.835065521062020571e-10
1.126259462706787109e+09,5.676879236076068659e-10
1.126259462707275391e+09,5.525010007604652009e-10
1.126259462707763672e+09,-6.770367882840928576e-10
1.126259462708251953e+09,-8.759869768143427727e-10
1.126259462708740234e+09,3.705890860220248848e-10
1.126259462709228516e+09,7.062427484742520024e-10
1.126259462709716797e+09,-5.591686778350108321e-10
1.126259462710205078e+09,-1.072920970012786798e-09
1.126259462710693359e+09,1.496178761036393826e-10
1.126259462711181641e+09,9.013514912596547430e-10
1.126259462711669922e+09,1.161319138554524146e-11
1.126259462712158203e+09,-5.122011714538925458e-10
1.126259462712646484e+09,4.958916847243117554e-10
1.126259462713134766e+09,1.047747631948865870e-09
1.126259462713623047e+09,-4.498695210274380926e-11
1.126259462714111328e+09,-6.581631187882577148e-10
1.126259462714599609e+09,6.285529071730908209e-10
1.126259462715087891e+09,1.613533620787099065e-09
1.126259462715576172e+09,4.657682163708126500e-10
1.126259462716064453e+09,-7.889833326505438796e-10
1.126259462716552734e+09,3.207719211549511413e-11
1.126259462717041016e+09,1.285512492155708743e-09
1.126259462717529297e+09,6.823120033892818915e-10
1.126259462718017578e+09,-5.043065570309115692e-10
1.126259462718505859e+09,-1.192735339564121604e-10
1.126259462718994141e+09,6.806667288347913059e-10
1.126259462719482422e+09,-1.509044191576932099e-10
1.126259462719970703e+09,-1.339135960499204931e-09
1.126259462720458984e+09,-6.391369610786516150e-10
1.126259462720947266e+09,6.778014412335651213e-10
1.126259462721435547e+09,-2.229559100571906626e-11
1.126259462721923828e+09,-1.832503911293701457e-09
1.126259462722412109e+09,-1.927278861876859860e-09
1.126259462722900391e+09,-6.583492272553371679e-10
1.126259462723388672e+09,-5.926914088492849813e-10
1.126259462723876953e+09,-1.604052454833967826e-09
1.126259462724365234e+09,-1.437498596925405250e-09
1.126259462724853516e+09,-3.402671676682587226e-10
1.126259462725341797e+09,-5.735580164495809604e-10
1.126259462725830078e+09,-1.812769232433381955e-09
1.126259462726318359e+09,-1.571677352782597404e-09
1.126259462726806641e+09,6.767365236243360934e-12
1.126259462727294922e+09,2.742249312439583043e-10
1.126259462727783203e+09,-9.946376510144384479e-10
1.126259462728271484e+09,-1.240441516855210331e-09
1.126259462728759766e+09,7.590523612583269459e-11
1.126259462729248047e+09,6.966245609770821439e-10
1.126259462729736328e+09,2.969754621162666676e-11
1.126259462730224609e+09,4.169407584610224662e-11
1.126259462730712891e+09,1.082018408648883913e-09
1.126259462731201172e+09,1.145783090439635597e-09
1.126259462731689453e+09,9.618077571941013194e-11
1.126259462732177734e+09,2.922006844876380061e-10
1.126259462732666016e+09,2.012941937813876451e-09
1.126259462733154297e+09,2.572587376371738938e-09
1.126259462733642578e+09,1.181186321745990790e-09
1.126259462734130859e+09,3.868975604055997577e-10
1.126259462734619141e+09,1.322652991313503938e-09
1.126259462735107422e+09,1.843582875593752150e-09
1.126259462735595703e+09,9.398490219731462872e-10
1.126259462736083984e+09,6.126386741264440828e-10
1.126259462736572266e+09,1.565929795704398892e-09
1.126259462737060547e+09,1.482882395730797910e-09
1.126259462737548828e+09,-3.062832429110780768e-10
1.126259462738037109e+09,-9.178226518672151223e-10
1.126259462738525391e+09,8.754528055683992217e-10
1.126259462739013672e+09,1.963463443257813807e-09
1.126259462739501953e+09,2.529403119961239675e-10
1.126259462739990234e+09,-1.609138571369706794e-09
1.126259462740478516e+09,-1.031930140193020917e-09
1.126259462740966797e+09,1.566298678102699522e-10
1.126259462741455078e+09,-3.706595543074746438e-10
1.126259462741943359e+09,-1.144235735618166439e-09
1.126259462742431641e+09,-3.310924341565199299e-10
1.126259462742919922e+09,3.004673274281212448e-10
1.126259462743408203e+09,-1.048381736101636687e-09
1.126259462743896484e+09,-2.178310558569870596e-09
1.126259462744384766e+09,-7.692961823615104479e-10
1.126259462744873047e+09,9.821638341454846562e-10
1.126259462745361328e+09,1.519667377436127685e-10
1.126259462745849609e+09,-1.550067265471796029e-09
1.126259462746337891e+09,-1.006854182626305374e-09
1.126259462746826172e+09,5.650911220049840461e-10
1.126259462747314453e+09,2.007366670032061697e-10
1.126259462747802734e+09,-1.044464239223858082e-09
1.126259462748291016e+09,-3.162370511163348061e-10
1.126259462748779297e+09,1.219652126118486407e-09
1.126259462749267578e+09,4.420556365889140394e-10
1.126259462749755859e+09,-1.550545000935451777e-09
1.126259462750244141e+09,-1.150785145369758933e-09
1.126259462750732422e+09,1.090810732476614969e-09
1.126259462751220703e+09,1.385621035504840712e-09
1.126259462751708984e+09,-4.654917012073330592e-10
1.126259462752197266e+09,-1.031548318078234425e-09
1.126259462752685547e+09,2.930130451214635353e-10
1.126259462753173828e+09,6.079529360584789228e-10
1.126259462753662109e+09,-6.399422322735413503e-10
1.126259462754150391e+09,-8.265322625763509792e-10
1.126259462754638672e+09,3.908744401095774889e-10
1.126259462755126953e+09,3.283824814972725356e-10
1.126259462755615234e+09,-1.296257358757633920e-09
1.126259462756103516e+09,-1.579819496550583718e-09
1.126259462756591797e+09,-6.424908691378563442e-12
1.126259462757080078e+09,4.659528739524328454e-10
1.126259462757568359e+09,-9.985380393070208628e-10
1.126259462758056641e+09,-1.621114504811493508e-09
1.126259462758544922e+09,-3.917703127182752092e-10
1.126259462759033203e+09,2.016329264585928107e-10
1.126259462759521484e+09,-7.196632105050107254e-10
1.126259462760009766e+09,-7.362440411643820700e-10
1.126259462760498047e+09,7.916112950734962366e-10
1.126259462760986328e+09,1.126535670562806518e-09
1.126259462761474609e+09,-4.462923518789411657e-10
1.126259462761962891e+09,-8.052006329894733181e-10
1.126259462762451172e+09,1.197843236199519327e-09
1.126259462762939453e+09,2.283410329913597365e-09
1.126259462763427734e+09,6.751930988657828458e-10
1.126259462763916016e+09,-6.168020784984787371e-10
1.126259462764404297e+09,6.176045337551791589e-10
1.126259462764892578e+09,1.892545099668702309e-09
1.126259462765380859e+09,1.008898618493504087e-09
1.126259462765869141e+09,1.325070710844316036e-10
1.126259462766357422e+09,1.252854938527611431e-09
1.126259462766845703e+09,2.138513613509402302e-09
1.126259462767333984e+09,7.787889110907899009e-10
1.126259462767822266e+09,-4.396710698065226124e-10
1.126259462768310547e+09,8.064369696522050919e-10
1.126259462768798828e+09,2.185617813022878311e-09
1.126259462769287109e+09,9.933691948988962834e-10
1.126259462769775391e+09,-7.651175823320239940e-10
1.126259462770263672e+09,-1.852633496485705301e-10
1.126259462770751953e+09,1.184686133172298548e-09
1.126259462771240234e+09,5.956439438173397795e-10
1.126259462771728516e+09,-6.114133369772859490e-10
1.126259462772216797e+09,3.195465980003219397e-11
1.126259462772705078e+09,9.409971356391822227e-10
1.126259462773193359e+09,-4.939045535620359903e-10
1.126259462773681641e+09,-2.448338345584530711e-09
1.126259462774169922e+09,-1.678170632157669733e-09
1.126259462774658203e+09,3.852818424098989126e-10
1.126259462775146484e+09,1.062307445056298344e-10
1.126259462775634766e+09,-1.832991942008775706e-09
1.126259462776123047e+09,-2.010212664447798223e-09
1.126259462776611328e+09,-6.212146768753886510e-10
1.126259462777099609e+09,-5.433850005282981102e-10
1.126259462777587891e+09,-1.482877025291291895e-09
1.126259462778076172e+09,-8.586762709114671181e-10
1.126259462778564453e+09,5.860396045686704674e-10
1.126259462779052734e+09,-7.702351114247100397e-11
1.126259462779541016e+09,-2.013302333592708758e-09
1.126259462780029297e+09,-1.715147220184065305e-09
1.126259462780517578e+09,4.699189002235228415e-10
1.126259462781005859e+09,8.413655180385465868e-10
1.126259462781494141e+09,-8.554320931191255363e-10
1.126259462781982422e+09,-1.161996179673778021e-09
1.126259462782470703e+09,4.588907079091345971e-10
1.126259462782958984e+09,8.387854149337844009e-10
1.126259462783447266e+09,-5.366449335962477011e-10
1.126259462783935547e+09,-5.273326876030563712e-10
1.126259462784423828e+09,1.347558524754522358e-09
1.126259462784912109e+09,1.682872223109395254e-09
1.126259462785400391e+09,-3.324919442826067132e-10
1.126259462785888672e+09,-1.155549308429493003e-09
1.126259462786376953e+09,6.147897239722426876e-10
1.126259462786865234e+09,1.750216862284782301e-09
1.126259462787353516e+09,4.933423567236996610e-10
1.126259462787841797e+09,-4.631527544309816993e-10
1.126259462788330078e+09,5.134708423419108604e-10
1.126259462788818359e+09,9.709890554430203614e-10
1.126259462789306641e+09,-4.436486328292545607e-10
1.126259462789794922e+09,-1.075228343072029543e-09
1.126259462790283203e+09,4.604047968839262210e-10
1.126259462790771484e+09,1.210840505417044823e-09
1.126259462791259766e+09,-5.903890039640991560e-10
1.126259462791748047e+09,-1.870305898750158076e-09
1.126259462792236328e+09,-2.211152424798192599e-10
1.126259462792724609e+09,1.630369831058370659e-09
1.126259462793212891e+09,7.996051996123311691e-10
1.126259462793701172e+09,-7.038273718184250628e-10
1.126259462794189453e+09,-9.934911255780569429e-11
1.126259462794677734e+09,1.080047815600152719e-09
1.126259462795166016e+09,4.548878666433157992e-10
1.126259462795654297e+09,-4.162570596004452441e-10
1.126259462796142578e+09,6.548181223872672562e-10
1.126259462796630859e+09,1.821152528268634632e-09
1.126259462797119141e+09,6.265840371707924209e-10
1.126259462797607422e+09,-9.910712985859394700e-10
1.126259462798095703e+09,-2.779617896808242972e-11
1.126259462798583984e+09,2.001352454685634349e-09
1.126259462799072266e+09,1.791623150343268615e-09
1.126259462799560547e+09,1.409126884346047864e-10
1.126259462800048828e+09,6.540032547229327408e-11
1.126259462800537109e+09,1.138292897557834544e-09
1.126259462801025391e+09,8.184896636649913823e-10
1.126259462801513672e+09,-3.503934782599735825e-10
1.126259462802001953e+09,6.148828517229546226e-12
1.126259462802490234e+09,1.108709956558650117e-09
1.126259462802978516e+09,3.765745027752449914e-10
1.126259462803466797e+09,-1.432342615898680455e-09
1.126259462803955078e+09,-1.453188761748053989e-09
1.126259462804443359e+09,-8.643102684767449371e-11
1.126259462804931641e+09,-1.510891949609271148e-10
1.126259462805419922e+09,-1.512242287891778636e-09
1.126259462805908203e+09,-1.583480416891393638e-09
1.126259462806396484e+09,-5.306525823114745771e-10
1.126259462806884766e+09,-8.571869345834138619e-10
1.126259462807373047e+09,-2.224198758460433338e-09
1.126259462807861328e+09,-1.890820592951940254e-09
1.126259462808349609e+09,-1.810985723404530933e-10
1.126259462808837891e+09,-2.397101434578358131e-10
1.126259462809326172e+09,-2.144863902231915662e-09
1.126259462809814453e+09,-2.549163838375484339e-09
1.126259462810302734e+09,-7.245420483905975862e-10
1.126259462810791016e+09,2.743310110993056366e-10
1.126259462811279297e+09,-6.772414982351631096e-10
1.126259462811767578e+09,-1.079983401718121419e-09
1.126259462812255859e+09,3.761976083617565124e-11
1.126259462812744141e+09,3.960681652863253663e-10
1.126259462813232422e+09,-6.526721335456390316e-10
1.126259462813720703e+09,-5.484967547997141769e-10
1.126259462814208984e+09,1.391449143385795089e-09
1.126259462814697266e+09,2.194879798865256381e-09
1.126259462815185547e+09,6.105811709226155578e-10
1.126259462815673828e+09,-4.558002703845165424e-10
1.126259462816162109e+09,8.088236377012754040e-10
1.126259462816650391e+09,2.025333374274622486e-09
1.126259462817138672e+09,1.328934015128608675e-09
1.126259462817626953e+09,7.004643525643095501e-10
1.126259462818115234e+09,1.729342238847474774e-09
1.126259462818603516e+09,2.354121375305531316e-09
1.126259462819091797e+09,1.016882154742120129e-09
1.126259462819580078e+09,5.171615156833902231e-12
1.126259462820068359e+09,1.199680512245945842e-09
1.126259462820556641e+09,2.305085765107406510e-09
1.126259462821044922e+09,1.012615113179240453e-09
1.126259462821533203e+09,-6.435442195422188245e-10
1.126259462822021484e+09,-1.652495858238717391e-11
1.126259462822509766e+09,1.352070345786992510e-09
1.126259462822998047e+09,8.061247649100338025e-10
1.126259462823486328e+09,-5.129403889465574373e-10
1.126259462823974609e+09,-1.587115852718516589e-10
1.126259462824462891e+09,8.313887442249726633e-10
1.126259462824951172e+09,1.165081720120122893e-10
1.126259462825439453e+09,-1.222439361084286557e-09
1.126259462825927734e+09,-6.998236057031212018e-10
1.126259462826416016e+09,7.064778187280448192e-10
1.126259462826904297e+09,2.885099969799354278e-10
1.126259462827392578e+09,-1.326074509638635378e-09
1.126259462827880859e+09,-1.408692172200533665e-09
1.126259462828369141e+09,-1.881345833846546916e-10
1.126259462828857422e+09,-1.393145371067776790e-10
1.126259462829345703e+09,-1.201576832404760497e-09
1.126259462829833984e+09,-1.213628926199313396e-09
1.126259462830322266e+09,-3.612993551140482554e-10
1.126259462830810547e+09,-6.887928071245145980e-10
1.126259462831298828e+09,-1.725377490458330105e-09
1.126259462831787109e+09,-1.141431529390268264e-09
1.126259462832275391e+09,5.406107495351891076e-10
1.126259462832763672e+09,4.701163696577410832e-10
1.126259462833251953e+09,-1.329397031625663625e-09
1.126259462833740234e+09,-1.854583551716206329e-09
1.126259462834228516e+09,-4.628629075145989298e-10
1.126259462834716797e+09,2.348423153679385819e-10
1.126259462835205078e+09,-6.637959694386705427e-10
1.126259462835693359e+09,-1.038470142544434692e-09
1.126259462836181641e+09,-2.072757134995951770e-10
1.126259462836669922e+09,-1.976763026009806881e-10
1.126259462837158203e+09,-1.420124108027910802e-09
1.126259462837646484e+09,-1.488333193183008277e-09
1.126259462838134766e+09,1.780105750903689554e-10
1.126259462838623047e+09,8.508002269273360673e-10
1.126259462839111328e+09,-6.634590053131575678e-10
1.126259462839599609e+09,-1.792281286799104157e-09
1.126259462840087891e+09,-7.930989341266428496e-10
1.126259462840576172e+09,3.775795384124852266e-10
1.126259462841064453e+09,-3.193719417654926782e-13
1.126259462841552734e+09,-4.258642481941661084e-10
1.126259462842041016e+09,4.141632410998774557e-10
1.126259462842529297e+09,9.050783124177680325e-10
1.126259462843017578e+09,-1.151000901494581682e-10
1.126259462843505859e+09,-6.656168650995367281e-10
1.126259462843994141e+09,7.720472889414889831e-10
1.126259462844482422e+09,2.157581103494175358e-09
1.126259462844970703e+09,1.459687853979216122e-09
1.126259462845458984e+09,3.118616701280033474e-10
1.126259462845947266e+09,9.000034157623092905e-10
1.126259462846435547e+09,2.050484482625338747e-09
1.126259462846923828e+09,1.812622611710763090e-09
1.126259462847412109e+09,1.262645640436623764e-09
1.126259462847900391e+09,2.129046230788414961e-09
1.126259462848388672e+09,3.085289868032898994e-09
1.126259462848876953e+09,2.206875188969533973e-09
1.126259462849365234e+09,9.116478487322185193e-10
1.126259462849853516e+09,1.496994011818988875e-09
1.126259462850341797e+09,2.731423850359618064e-09
1.126259462850830078e+09,2.027172871304519977e-09
1.126259462851318359e+09,2.761200909509082843e-10
1.126259462851806641e+09,2.143857736357740740e-10
1.126259462852294922e+09,1.400644195427368248e-09
1.126259462852783203e+09,1.272530571484315437e-09
1.126259462853271484e+09,6.913117999954244702e-11
1.126259462853759766e+09,1.056903068619234984e-10
1.126259462854248047e+09,9.624506183596383847e-10
1.126259462854736328e+09,1.518461038816937572e-10
1.126259462855224609e+09,-1.840724064393887585e-09
1.126259462855712891e+09,-2.034540322192647422e-09
1.126259462856201172e+09,-4.670349023809099393e-10
1.126259462856689453e+09,-3.525547493395909434e-10
1.126259462857177734e+09,-2.305728057496499102e-09
1.126259462857666016e+09,-3.270856864181661129e-09
1.126259462858154297e+09,-2.095581723807278811e-09
1.126259462858642578e+09,-1.386170444278948106e-09
1.126259462859130859e+09,-2.470797882819470196e-09
1.126259462859619141e+09,-3.137558348637483771e-09
1.126259462860107422e+09,-2.143755598278105983e-09
1.126259462860595703e+09,-1.583108857433959610e-09
1.126259462861083984e+09,-2.647580124464844450e-09
1.126259462861572266e+09,-3.152555299481221137e-09
1.126259462862060547e+09,-1.692046485679469647e-09
1.126259462862548828e+09,-4.424200363350201458e-10
1.126259462863037109e+09,-1.205637641997782439e-09
1.126259462863525391e+09,-2.176600869361406702e-09
1.126259462864013672e+09,-1.407943242327573084e-09
1.126259462864501953e+09,-2.301645913847942660e-10
1.126259462864990234e+09,-3.684586594090283225e-10
1.126259462865478516e+09,-7.197387517720040439e-10
1.126259462865966797e+09,5.552752735715514165e-11
1.126259462866455078e+09,6.466377150938797344e-10
1.126259462866943359e+09,-1.542404917714689201e-10
1.126259462867431641e+09,-6.072935465873337996e-10
1.126259462867919922e+09,8.665342327832792606e-10
1.126259462868408203e+09,2.370549460032289328e-09
1.126259462868896484e+09,1.676665896279113610e-09
1.126259462869384766e+09,2.217681911067296634e-10
1.126259462869873047e+09,4.884753707440291140e-10
1.126259462870361328e+09,1.708132842292294091e-09
1.126259462870849609e+09,1.783862735740690777e-09
1.126259462871337891e+09,1.303430513893260914e-09
1.126259462871826172e+09,1.839899383611513107e-09
1.126259462872314453e+09,2.312462183231144786e-09
1.126259462872802734e+09,1.075539973556282574e-09
1.126259462873291016e+09,-2.195034894819056110e-10
1.126259462873779297e+09,8.839706892754025752e-10
1.126259462874267578e+09,2.889517518540646068e-09
1.126259462874755859e+09,2.532923994386610098e-09
1.126259462875244141e+09,4.166281036131551096e-10
1.126259462875732422e+09,-1.535021482839992404e-10
1.126259462876220703e+09,1.061232252398717854e-09
1.126259462876708984e+09,1.413908023139083217e-09
1.126259462877197266e+09,6.228754838824943695e-10
1.126259462877685547e+09,8.757302405290286012e-10
1.126259462878173828e+09,1.974496897547983961e-09
1.126259462878662109e+09,1.443229868115913585e-09
1.126259462879150391e+09,-3.564328005193090466e-10
1.126259462879638672e+09,-2.851875047665209571e-10
1.126259462880126953e+09,1.831221648283160705e-09
1.126259462880615234e+09,2.530443938169717699e-09
1.126259462881103516e+09,7.174856530118773443e-10
1.126259462881591797e+09,-6.003972069957867160e-10
1.126259462882080078e+09,1.496653193394769179e-10
1.126259462882568359e+09,7.195922967262933488e-10
1.126259462883056641e+09,-1.854886244088832136e-10
1.126259462883544922e+09,-5.566741900694662697e-10
1.126259462884033203e+09,4.762128687366156356e-10
1.126259462884521484e+09,5.035730691389828155e-10
1.126259462885009766e+09,-1.476251621336404293e-09
1.126259462885498047e+09,-2.648026492953380014e-09
1.126259462885986328e+09,-1.323848389833245969e-09
1.126259462886474609e+09,-1.041446356555319197e-10
1.126259462886962891e+09,-1.210802140784750193e-09
1.126259462887451172e+09,-2.671278311990916637e-09
1.126259462887939453e+09,-2.279078940337750444e-09
1.126259462888427734e+09,-1.528871097893995735e-09
1.126259462888916016e+09,-2.237126326169090936e-09
1.126259462889404297e+09,-2.869756338132007445e-09
1.126259462889892578e+09,-1.833145449266180389e-09
1.126259462890380859e+09,-1.013109368766341092e-09
1.126259462890869141e+09,-2.238749064527075429e-09
1.126259462891357422e+09,-3.425808136824482754e-09
1.126259462891845703e+09,-2.232775349979056183e-09
1.126259462892333984e+09,-5.408988228785294707e-10
1.126259462892822266e+09,-1.075439716563054995e-09
1.126259462893310547e+09,-2.374164756417044126e-09
1.126259462893798828e+09,-1.602642396157389229e-09
1.126259462894287109e+09,1.417456373607991066e-10
1.126259462894775391e+09,4.980478521183995464e-11
1.126259462895263672e+09,-1.062534126816340066e-09
1.126259462895751953e+09,-5.043033918488551798e-10
1.126259462896240234e+09,1.033317695936194616e-09
1.126259462896728516e+09,9.375691767116600731e-10
1.126259462897216797e+09,-1.053425886827227365e-10
1.126259462897705078e+09,5.989657263742998237e-10
1.126259462898193359e+09,2.406968471925229396e-09
1.126259462898681641e+09,2.392176429668330274e-09
1.126259462899169922e+09,9.155446112748886920e-10
1.126259462899658203e+09,1.007213382996520541e-09
1.126259462900146484e+09,2.691549456220677903e-09
1.126259462900634766e+09,3.067366303411904532e-09
1.126259462901123047e+09,1.844906303390731257e-09
1.126259462901611328e+09,1.660730789748418720e-09
1.126259462902099609e+09,2.778091198166358377e-09
1.126259462902587891e+09,2.620877633741064259e-09
1.126259462903076172e+09,1.008394733940494720e-09
1.126259462903564453e+09,7.390013542328617084e-10
1.126259462904052734e+09,2.207903724779143339e-09
1.126259462904541016e+09,2.474029020587381950e-09
1.126259462905029297e+09,7.354782988637551426e-10
1.126259462905517578e+09,-1.896567882954472544e-10
1.126259462906005859e+09,8.521863046008044063e-10
1.126259462906494141e+09,1.404084934962022211e-09
1.126259462906982422e+09,2.707439842050953094e-10
1.126259462907470703e+09,-3.746624087795739603e-10
1.126259462907958984e+09,4.761593449836928743e-10
1.126259462908447266e+09,6.221360888656534551e-10
1.126259462908935547e+09,-8.657473045843776447e-10
1.126259462909423828e+09,-1.581147777501416277e-09
1.126259462909912109e+09,-3.818540498296254834e-10
1.126259462910400391e+09,2.889163718862405600e-10
1.126259462910888672e+09,-9.797355934098564163e-10
1.126259462911376953e+09,-1.894410480365273802e-09
1.126259462911865234e+09,-9.202991790175282046e-10
1.126259462912353516e+09,-1.976296768151871793e-10
1.126259462912841797e+09,-1.258892495632265874e-09
1.126259462913330078e+09,-1.992103694737303770e-09
1.126259462913818359e+09,-8.758072676422393679e-10
1.126259462914306641e+09,-1.607244835861938178e-10
1.126259462914794922e+09,-1.532172188289151778e-09
1.126259462915283203e+09,-2.558392226249089645e-09
1.126259462915771484e+09,-1.083388486501992997e-09
1.126259462916259766e+09,5.803763064217779890e-10
1.126259462916748047e+09,-2.698301430815671676e-10
1.126259462917236328e+09,-1.941967007516978526e-09
1.126259462917724609e+09,-1.698845685147043856e-09
1.126259462918212891e+09,-6.240025647907461215e-10
1.126259462918701172e+09,-9.146296592594408205e-10
1.126259462919189453e+09,-1.405743929051785781e-09
1.126259462919677734e+09,-2.533328922567362163e-10
1.126259462920166016e+09,7.804281131315431753e-10
1.126259462920654297e+09,-5.886628239197724127e-10
1.126259462921142578e+09,-2.377058510886288706e-09
1.126259462921630859e+09,-1.475191201761647916e-09
1.126259462922119141e+09,7.218407320172940666e-10
1.126259462922607422e+09,7.972192288231203525e-10
1.126259462923095703e+09,-6.506479389339803398e-10
1.126259462923583984e+09,-6.059419775988871137e-10
1.126259462924072266e+09,5.575817627029589947e-10
1.126259462924560547e+09,2.510578880996951476e-10
1.126259462925048828e+09,-8.251411730188934048e-10
1.126259462925537109e+09,6.909196335548753061e-11
1.126259462926025391e+09,2.003233264742211939e-09
1.126259462926513672e+09,1.598400778479894678e-09
1.126259462927001953e+09,-6.234007567461118823e-10
1.126259462927490234e+09,-8.001328724350397822e-10
1.126259462927978516e+09,1.506104488965560335e-09
1.126259462928466797e+09,2.717724860934856923e-09
1.126259462928955078e+09,1.642032665404827927e-09
1.126259462929443359e+09,9.497156068314594250e-10
1.126259462929931641e+09,1.697094877543595564e-09
1.126259462930419922e+09,1.789865755215050782e-09
1.126259462930908203e+09,8.129844240908733784e-10
1.126259462931396484e+09,1.112566088820400917e-09
1.126259462931884766e+09,2.852419915438332202e-09
1.126259462932373047e+09,3.081298819258236348e-09
1.126259462932861328e+09,1.154713279821661688e-09
1.126259462933349609e+09,1.677446311425559692e-10
1.126259462933837891e+09,1.414260862927041401e-09
1.126259462934326172e+09,2.250897563723408812e-09
1.126259462934814453e+09,1.205494620439758005e-09
1.126259462935302734e+09,4.048228637288884554e-10
1.126259462935791016e+09,9.763640616743407583e-10
1.126259462936279297e+09,8.246782792594686034e-10
1.126259462936767578e+09,-8.012412910887397480e-10
1.126259462937255859e+09,-1.268926641210334400e-09
1.126259462937744141e+09,4.016468033468185811e-10
1.126259462938232422e+09,1.097201644482267120e-09
1.126259462938720703e+09,-9.843189307362808652e-10
1.126259462939208984e+09,-2.955907188534970568e-09
1.126259462939697266e+09,-2.331216312939955865e-09
1.126259462940185547e+09,-1.174921916671741388e-09
1.126259462940673828e+09,-1.841425793591641361e-09
1.126259462941162109e+09,-2.736996199676341998e-09
1.126259462941650391e+09,-1.976708799876897659e-09
1.126259462942138672e+09,-1.326081684337423774e-09
1.126259462942626953e+09,-2.556994236040094651e-09
1.126259462943115234e+09,-3.522164263096008115e-09
1.126259462943603516e+09,-2.023619729635843997e-09
1.126259462944091797e+09,-2.462369703624097626e-10
1.126259462944580078e+09,-1.006945921282339789e-09
1.126259462945068359e+09,-2.653322870912126953e-09
1.126259462945556641e+09,-2.172373408321882672e-09
1.126259462946044922e+09,-5.725888830705324421e-10
1.126259462946533203e+09,-5.467720380666005145e-10
1.126259462947021484e+09,-1.320432113642532065e-09
1.126259462947509766e+09,-6.028271734023284657e-10
1.126259462947998047e+09,5.908720488342815352e-10
1.126259462948486328e+09,-3.643751132556397184e-11
1.126259462948974609e+09,-1.205349283790460525e-09
1.126259462949462891e+09,-2.263355033423178260e-10
1.126259462949951172e+09,1.687288737642290247e-09
1.126259462950439453e+09,1.395295329599497770e-09
1.126259462950927734e+09,-3.015585531608312874e-10
1.126259462951416016e+09,-3.790289323620059268e-11
1.126259462951904297e+09,1.932142194928698547e-09
1.126259462952392578e+09,2.305425089584762587e-09
1.126259462952880859e+09,8.475652106681973917e-10
1.126259462953369141e+09,5.443640910354151539e-10
1.126259462953857422e+09,1.849993608540508560e-09
1.126259462954345703e+09,2.115212582860252103e-09
1.126259462954833984e+09,9.328641892562919142e-10
1.126259462955322266e+09,8.364287071658217799e-10
1.126259462955810547e+09,2.157669614241503602e-09
1.126259462956298828e+09,2.266300483424834609e-09
1.126259462956787109e+09,7.227014431276944905e-10
1.126259462957275391e+09,2.482866092655452719e-10
1.126259462957763672e+09,1.549312437030849265e-09
1.126259462958251953e+09,2.011988339318322779e-09
1.126259462958740234e+09,7.733283547068918267e-10
1.126259462959228516e+09,3.044090848510807555e-10
1.126259462959716797e+09,1.479388811963285338e-09
1.126259462960205078e+09,1.818926308308653407e-09
1.126259462960693359e+09,4.081306371091325649e-10
1.126259462961181641e+09,-1.220132795327328909e-10
1.126259462961669922e+09,1.379673613212018426e-09
1.126259462962158203e+09,2.141177049289624459e-09
1.126259462962646484e+09,4.989713425050103554e-10
1.126259462963134766e+09,-9.744539287584639517e-10
1.126259462963623047e+09,-1.397935110068312779e-10
1.126259462964111328e+09,9.948753172410129118e-10
1.126259462964599609e+09,2.531147927211836137e-10
1.126259462965087891e+09,-8.211256248168823623e-10
1.126259462965576172e+09,-3.056858065001454279e-10
1.126259462966064453e+09,3.648884379889892529e-10
1.126259462966552734e+09,-5.700876789453436310e-10
1.126259462967041016e+09,-1.609829599625032503e-09
1.126259462967529297e+09,-9.568739099500474631e-10
1.126259462968017578e+09,-1.629848246812014923e-10
1.126259462968505859e+09,-1.207388035245297039e-09
1.126259462968994141e+09,-2.597740193620248579e-09
1.126259462969482422e+09,-2.088010997004616893e-09
1.126259462969970703e+09,-8.708268691090928716e-10
1.126259462970458984e+09,-1.280684902334601554e-09
1.126259462970947266e+09,-2.491491894732793272e-09
1.126259462971435547e+09,-2.342671460874911444e-09
1.126259462971923828e+09,-1.500528381975212806e-09
1.126259462972412109e+09,-1.894285613159592712e-09
1.126259462972900391e+09,-2.737118669757698765e-09
1.126259462973388672e+09,-2.081897497168109998e-09
1.126259462973876953e+09,-8.485974566473573641e-10
1.126259462974365234e+09,-1.274340996155036081e-09
1.126259462974853516e+09,-2.600185999303701963e-09
1.126259462975341797e+09,-2.349737540389397751e-09
1.126259462975830078e+09,-8.721624157032675296e-10
1.126259462976318359e+09,-5.431078347392909430e-10
1.126259462976806641e+09,-1.279374615562929371e-09
1.126259462977294922e+09,-9.702455442526151655e-10
1.126259462977783203e+09,2.512641754135297732e-10
1.126259462978271484e+09,3.535653177734268020e-10
1.126259462978759766e+09,-3.776027520942635953e-10
1.126259462979248047e+09,2.875767344262601724e-10
1.126259462979736328e+09,2.056525074809839669e-09
1.126259462980224609e+09,2.297076744501318005e-09
1.126259462980712891e+09,8.679170733717196096e-10
1.126259462981201172e+09,5.106923615948559084e-10
1.126259462981689453e+09,1.946974543868865492e-09
1.126259462982177734e+09,2.799946313101444158e-09
1.126259462982666016e+09,2.144628361268704395e-09
1.126259462983154297e+09,1.936144734638719350e-09
1.126259462983642578e+09,2.869338972540397911e-09
1.126259462984130859e+09,2.982601710771245818e-09
1.126259462984619141e+09,1.757210831020233349e-09
1.126259462985107422e+09,1.522454126577772905e-09
1.126259462985595703e+09,3.057726593956664042e-09
1.126259462986083984e+09,3.737634447533958098e-09
1.126259462986572266e+09,2.113963874354601015e-09
1.126259462987060547e+09,5.999674634119826157e-10
1.126259462987548828e+09,1.231369048949509124e-09
1.126259462988037109e+09,2.267080930348929804e-09
1.126259462988525391e+09,1.638621647450410131e-09
1.126259462989013672e+09,5.182308932769823024e-10
1.126259462989501953e+09,5.718006487898665386e-10
1.126259462989990234e+09,6.503806065955165149e-10
1.126259462990478516e+09,-6.563401305483026558e-10
1.126259462990966797e+09,-1.817032872141053045e-09
1.126259462991455078e+09,-1.002018801785482018e-09
1.126259462991943359e+09,3.317659823804069760e-10
1.126259462992431641e+09,-1.651965975063065794e-10
1.126259462992919922e+09,-1.687152376126798089e-09
1.126259462993408203e+09,-1.939929456620721539e-09
1.126259462993896484e+09,-1.165458025033485322e-09
1.126259462994384766e+09,-1.162203607230162073e-09
1.126259462994873047e+09,-1.736773499322720510e-09
1.126259462995361328e+09,-1.487902268763777934e-09
1.126259462995849609e+09,-9.256860835032778603e-10
1.126259462996337891e+09,-1.481965723144734682e-09
1.126259462996826172e+09,-2.412967697715920529e-09
1.126259462997314453e+09,-1.969125660066454765e-09
1.126259462997802734e+09,-7.879436032604964560e-10
1.126259462998291016e+09,-8.553366586588177048e-10
1.126259462998779297e+09,-1.852417246683138353e-09
1.126259462999267578e+09,-1.848402723455333250e-09
1.126259462999755859e+09,-9.689124203681068943e-10
1.126259463000244141e+09,-9.641265677573118184e-10
1.126259463000732422e+09,-1.651524852655438152e-09
1.126259463001220703e+09,-1.329728542693683295e-09
1.126259463001708984e+09,-3.820210453349720027e-10
1.126259463002197266e+09,-7.639333705254240773e-10
1.126259463002685547e+09,-2.013125699439251295e-09
1.126259463003173828e+09,-1.647863673145400339e-09
1.126259463003662109e+09,2.302120927984013365e-10
1.126259463004150391e+09,7.304815780194096513e-10
1.126259463004638672e+09,-8.023840338554658154e-10
1.126259463005126953e+09,-1.591472654407188425e-09
1.126259463005615234e+09,-3.211366143523286500e-10
1.126259463006103516e+09,7.571502154296971078e-10
1.126259463006591797e+09,1.265649986043080184e-10
1.126259463007080078e+09,-4.359660951184802545e-10
1.126259463007568359e+09,4.474700147193158749e-10
1.126259463008056641e+09,1.119122663956352983e-09
1.126259463008544922e+09,2.748668615779967122e-10
1.126259463009033203e+09,-3.077940877159818616e-10
1.126259463009521484e+09,9.508865715802671771e-10
1.126259463010009766e+09,2.371060378535078352e-09
1.126259463010498047e+09,2.014422597797755861e-09
1.126259463010986328e+09,1.107604054485785603e-09
1.126259463011474609e+09,1.577906599729176864e-09
1.126259463011962891e+09,2.567526488072292808e-09
1.126259463012451172e+09,2.403359020094930596e-09
1.126259463012939453e+09,1.858829558686992003e-09
1.126259463013427734e+09,2.345424193931933770e-09
1.126259463013916016e+09,2.853853727790425525e-09
1.126259463014404297e+09,1.940422664209169826e-09
1.126259463014892578e+09,9.420313373035414149e-10
1.126259463015380859e+09,1.790443234984009058e-09
1.126259463015869141e+09,3.206117640784143978e-09
1.126259463016357422e+09,2.658153880730935133e-09
1.126259463016845703e+09,8.171740383694780037e-10
1.126259463017333984e+09,3.488624418949448297e-10
1.126259463017822266e+09,1.286118677065405978e-09
1.126259463018310547e+09,1.404019574525416235e-09
1.126259463018798828e+09,4.712382150350905814e-10
1.126259463019287109e+09,2.346247562597161966e-10
1.126259463019775391e+09,5.985643154767790874e-10
1.126259463020263672e+09,-2.093631775577076644e-10
1.126259463020751953e+09,-1.755691360451049617e-09
1.126259463021240234e+09,-1.685412781681738682e-09
1.126259463021728516e+09,-1.487381495476939445e-10
1.126259463022216797e+09,1.450390653712137601e-11
1.126259463022705078e+09,-1.887353669261972204e-09
1.126259463023193359e+09,-3.238158058768251921e-09
1.126259463023681641e+09,-2.665117751294560925e-09
1.126259463024169922e+09,-1.978172960909377092e-09
1.126259463024658203e+09,-2.429256891050766649e-09
1.126259463025146484e+09,-2.722664361604229705e-09
1.126259463025634766e+09,-2.165192906590118720e-09
1.126259463026123047e+09,-2.229990908421317312e-09
1.126259463026611328e+09,-3.319221981264021488e-09
1.126259463027099609e+09,-3.397469138400087679e-09
1.126259463027587891e+09,-1.724198956192701075e-09
1.126259463028076172e+09,-6.490579836045128565e-10
1.126259463028564453e+09,-1.623056585316983639e-09
1.126259463029052734e+09,-2.612698106621426636e-09
1.126259463029541016e+09,-1.758811927018685732e-09
1.126259463030029297e+09,-5.209564692190775192e-10
1.126259463030517578e+09,-6.654455254083094125e-10
1.126259463031005859e+09,-1.071371383042105738e-09
1.126259463031494141e+09,-2.955772081254219511e-10
1.126259463031982422e+09,4.385245600525840238e-10
1.126259463032470703e+09,-2.205123064874526458e-10
1.126259463032958984e+09,-7.770415937355950924e-10
1.126259463033447266e+09,4.096636134529397489e-10
1.126259463033935547e+09,1.779626202790441285e-09
1.126259463034423828e+09,1.216781840072672302e-09
1.126259463034912109e+09,-6.998724448968742736e-11
1.126259463035400391e+09,2.792114681737550832e-10
1.126259463035888672e+09,1.622689220491818170e-09
1.126259463036376953e+09,1.859794623137372348e-09
1.126259463036865234e+09,1.405940328455836839e-09
1.126259463037353516e+09,1.956494676956524899e-09
1.126259463037841797e+09,2.777430948564073896e-09
1.126259463038330078e+09,2.057452780024882979e-09
1.126259463038818359e+09,7.626726858211414513e-10
1.126259463039306641e+09,1.234738319172941997e-09
1.126259463039794922e+09,2.837741651882446222e-09
1.126259463040283203e+09,2.908426077139178033e-09
1.126259463040771484e+09,1.405008932141229684e-09
1.126259463041259766e+09,7.345469332539291641e-10
1.126259463041748047e+09,1.390198560357621212e-09
1.126259463042236328e+09,1.609309826671042609e-09
1.126259463042724609e+09,1.099673887357718717e-09
1.126259463043212891e+09,1.268162038708116228e-09
1.126259463043701172e+09,1.871695925179047382e-09
1.126259463044189453e+09,1.281862931950557625e-09
1.126259463044677734e+09,7.093264385620525729e-11
1.126259463045166016e+09,4.519435231733236937e-10
1.126259463045654297e+09,2.038079149355165352e-09
1.126259463046142578e+09,2.118094562299162698e-09
1.126259463046630859e+09,4.132953307258863908e-10
1.126259463047119141e+09,-4.882656656497064622e-10
1.126259463047607422e+09,1.461776924025885118e-10
1.126259463048095703e+09,2.236403265450548547e-10
1.126259463048583984e+09,-7.972313382533126175e-10
1.126259463049072266e+09,-8.963559562666109734e-10
1.126259463049560547e+09,1.759893557653262439e-10
1.126259463050048828e+09,-4.106261905298951114e-11
1.126259463050537109e+09,-1.988465970878576960e-09
1.126259463051025391e+09,-2.777037169133094623e-09
1.126259463051513672e+09,-1.279467441730150303e-09
1.126259463052001953e+09,-2.567561048373908393e-10
1.126259463052490234e+09,-1.433485393370901326e-09
1.126259463052978516e+09,-2.639782074442872348e-09
1.126259463053466797e+09,-2.120752501322321531e-09
1.126259463053955078e+09,-1.601858715534868066e-09
1.126259463054443359e+09,-2.499380030854155837e-09
1.126259463054931641e+09,-3.024946042624712452e-09
1.126259463055419922e+09,-1.911245510023365006e-09
1.126259463055908203e+09,-1.271638646297108564e-09
1.126259463056396484e+09,-2.676912803618162938e-09
1.126259463056884766e+09,-3.920236186315850756e-09
1.126259463057373047e+09,-2.912390569414779194e-09
1.126259463057861328e+09,-1.432200663257930997e-09
1.126259463058349609e+09,-1.659078416716035289e-09
1.126259463058837891e+09,-2.247047842449888018e-09
1.126259463059326172e+09,-1.359745025300361533e-09
1.126259463059814453e+09,-4.158274792728915359e-10
1.126259463060302734e+09,-1.073873144249897301e-09
1.126259463060791016e+09,-1.559840327811421427e-09
1.126259463061279297e+09,3.431490827003897726e-11
1.126259463061767578e+09,1.714100961436660565e-09
1.126259463062255859e+09,1.021361731545764333e-09
1.126259463062744141e+09,-2.705190846401135889e-10
1.126259463063232422e+09,6.825830762677835175e-10
1.126259463063720703e+09,2.543933609127222789e-09
1.126259463064208984e+09,2.391429945141821714e-09
1.126259463064697266e+09,1.199898971117521964e-09
1.126259463065185547e+09,1.787126561672293663e-09
1.126259463065673828e+09,3.340694673761258374e-09
1.126259463066162109e+09,3.133092908688922783e-09
1.126259463066650391e+09,1.956077228750028762e-09
1.126259463067138672e+09,2.553939140074468452e-09
1.126259463067626953e+09,4.082239744538127326e-09
1.126259463068115234e+09,3.565135529165933209e-09
1.126259463068603516e+09,1.733510572143272529e-09
1.126259463069091797e+09,1.832229965716644197e-09
1.126259463069580078e+09,3.436493188272134610e-09
1.126259463070068359e+09,3.175098743014429473e-09
1.126259463070556641e+09,1.134955147808095746e-09
1.126259463071044922e+09,7.026819018537234191e-10
1.126259463071533203e+09,2.117705068104355030e-09
1.126259463072021484e+09,2.103699810031870303e-09
1.126259463072509766e+09,2.340066692135239681e-10
1.126259463072998047e+09,-2.955638504015548778e-10
1.126259463073486328e+09,1.032811201017868950e-09
1.126259463073974609e+09,9.406085142812700282e-10
1.126259463074462891e+09,-1.315858185771328265e-09
1.126259463074951172e+09,-2.355425131804485843e-09
1.126259463075439453e+09,-9.563935429092904715e-10
1.126259463075927734e+09,-2.197878004667301928e-10
1.126259463076416016e+09,-1.599035461828843118e-09
1.126259463076904297e+09,-2.374283643186386032e-09
1.126259463077392578e+09,-1.250437332049953294e-09
1.126259463077880859e+09,-9.445250834821618012e-10
1.126259463078369141e+09,-2.657692787183199349e-09
1.126259463078857422e+09,-3.369869995022028383e-09
1.126259463079345703e+09,-1.554065964456914679e-09
1.126259463079833984e+09,-3.787377590534531683e-10
1.126259463080322266e+09,-1.964697551803850642e-09
1.126259463080810547e+09,-3.431043254587605690e-09
1.126259463081298828e+09,-2.226188833481823747e-09
1.126259463081787109e+09,-6.777836710168291613e-10
1.126259463082275391e+09,-1.388961937506233557e-09
1.126259463082763672e+09,-2.524270091866670983e-09
1.126259463083251953e+09,-1.740388859054204906e-09
1.126259463083740234e+09,-6.956309770189424308e-10
1.126259463084228516e+09,-1.440805668904452690e-09
1.126259463084716797e+09,-2.170406139987601312e-09
1.126259463085205078e+09,-8.837133905270860487e-10
1.126259463085693359e+09,3.584813401365068350e-10
1.126259463086181641e+09,-7.414523234985564241e-10
1.126259463086669922e+09,-2.094990480429397405e-09
1.126259463087158203e+09,-9.782193405993640243e-10
1.126259463087646484e+09,8.670777264718056349e-10
1.126259463088134766e+09,5.620019609417195544e-10
1.126259463088623047e+09,-5.906666421697229871e-10
1.126259463089111328e+09,4.414145222310362015e-11
1.126259463089599609e+09,1.216459194301272251e-09
1.126259463090087891e+09,4.728220969212136744e-10
1.126259463090576172e+09,-6.804805079992869910e-10
1.126259463091064453e+09,4.496804426215934289e-10
1.126259463091552734e+09,2.283384134123127694e-09
1.126259463092041016e+09,1.702586678627783782e-09
1.126259463092529297e+09,2.386139306513996441e-11
1.126259463093017578e+09,6.474875284272625414e-10
1.126259463093505859e+09,2.694927501589517656e-09
1.126259463093994141e+09,2.766484906797960169e-09
1.126259463094482422e+09,1.393139087713296511e-09
1.126259463094970703e+09,1.776068846412181739e-09
1.126259463095458984e+09,3.398438523291578848e-09
1.126259463095947266e+09,3.020694829109293206e-09
1.126259463096435547e+09,1.153224843276401119e-09
1.126259463096923828e+09,1.318197818693737744e-09
1.126259463097412109e+09,3.317037129153444118e-09
1.126259463097900391e+09,3.461774152011268782e-09
1.126259463098388672e+09,1.462632067456190965e-09
1.126259463098876953e+09,8.893661257242232057e-10
1.126259463099365234e+09,2.442203063297197433e-09
1.126259463099853516e+09,2.885456222788470302e-09
1.126259463100341797e+09,1.351517040543779797e-09
1.126259463100830078e+09,6.770668956222709582e-10
1.126259463101318359e+09,1.511207610761650640e-09
1.126259463101806641e+09,1.072998032664216021e-09
1.126259463102294922e+09,-9.822780333954862064e-10
1.126259463102783203e+09,-1.411382105768869042e-09
1.126259463103271484e+09,3.482865842533371286e-10
1.126259463103759766e+09,6.497513236115969496e-10
1.126259463104248047e+09,-1.726706090837814103e-09
1.126259463104736328e+09,-3.205681305927644965e-09
1.126259463105224609e+09,-1.930210525416986563e-09
1.126259463105712891e+09,-9.688530550523151217e-10
1.126259463106201172e+09,-2.408566433528989177e-09
1.126259463106689453e+09,-3.733475681013821513e-09
1.126259463107177734e+09,-3.034572966139043906e-09
1.126259463107666016e+09,-2.564193909541530036e-09
1.126259463108154297e+09,-3.879980072170628403e-09
1.126259463108642578e+09,-4.488218210766861077e-09
1.126259463109130859e+09,-2.790646166449921730e-09
1.126259463109619141e+09,-1.566111011452633209e-09
1.126259463110107422e+09,-2.858257248219836147e-09
1.126259463110595703e+09,-3.999045653070307096e-09
1.126259463111083984e+09,-2.572988007497340914e-09
1.126259463111572266e+09,-9.027312853533469286e-10
1.126259463112060547e+09,-1.526155237101521625e-09
1.126259463112548828e+09,-2.469715116860314600e-09
1.126259463113037109e+09,-1.319972675287350517e-09
1.126259463113525391e+09,6.245127267315852172e-11
1.126259463114013672e+09,-6.017070663283518080e-10
1.126259463114501953e+09,-1.320871246359582462e-09
1.126259463114990234e+09,2.801061481337238810e-10
1.126259463115478516e+09,2.047627312758721066e-09
1.126259463115966797e+09,1.218037730704761278e-09
1.126259463116455078e+09,-1.929944945032594443e-10
1.126259463116943359e+09,9.106677817985059825e-10
1.126259463117431641e+09,2.836638607410625295e-09
1.126259463117919922e+09,2.363556445254851284e-09
1.126259463118408203e+09,9.088355658660998010e-10
1.126259463118896484e+09,1.716102022278051686e-09
1.126259463119384766e+09,3.500355699616141845e-09
1.126259463119873047e+09,2.906125568449610505e-09
1.126259463120361328e+09,1.112500090265482193e-09
1.126259463120849609e+09,1.753555915914562517e-09
1.126259463121337891e+09,3.959556165482543360e-09
1.126259463121826172e+09,3.838078944935882543e-09
1.126259463122314453e+09,1.682042535413607611e-09
1.126259463122802734e+09,1.287520844683736443e-09
1.126259463123291016e+09,2.834664809059833892e-09
1.126259463123779297e+09,2.874645668234480320e-09
1.126259463124267578e+09,1.114277620646929426e-09
1.126259463124755859e+09,8.053680280527650296e-10
1.126259463125244141e+09,2.219345306672293948e-09
1.126259463125732422e+09,2.078909246790919291e-09
1.126259463126220703e+09,8.028290551613464241e-11
1.126259463126708984e+09,-2.699601857729232651e-10
1.126259463127197266e+09,1.660308422044751412e-09
1.126259463127685547e+09,2.216552494883386777e-09
1.126259463128173828e+09,1.456965067398407160e-10
1.126259463128662109e+09,-1.203567535743646425e-09
1.126259463129150391e+09,-1.318662947388237376e-10
1.126259463129638672e+09,6.397342848071334139e-10
1.126259463130126953e+09,-4.911055166295408954e-10
1.126259463130615234e+09,-1.174853207057405019e-09
1.126259463131103516e+09,-1.614847749070893074e-10
1.126259463131591797e+09,7.361054514962300399e-11
1.126259463132080078e+09,-1.640153422434363283e-09
1.126259463132568359e+09,-2.536217405492837182e-09
1.126259463133056641e+09,-1.119403861451110449e-09
1.126259463133544922e+09,-1.910356062080995170e-10
1.126259463134033203e+09,-1.677487560751526521e-09
1.126259463134521484e+09,-3.086703832474160907e-09
1.126259463135009766e+09,-2.314744592469439964e-09
1.126259463135498047e+09,-1.477176307005252938e-09
1.126259463135986328e+09,-2.525735297990778869e-09
1.126259463136474609e+09,-3.409889174843183766e-09
1.126259463136962891e+09,-2.294842206586230192e-09
1.126259463137451172e+09,-1.422706383646346501e-09
1.126259463137939453e+09,-2.812974195343098212e-09
1.126259463138427734e+09,-4.082736736554245839e-09
1.126259463138916016e+09,-2.771338629911744755e-09
1.126259463139404297e+09,-1.101015613623526376e-09
1.126259463139892578e+09,-1.946416872040953080e-09
1.126259463140380859e+09,-3.517065828382993392e-09
1.126259463140869141e+09,-2.786404905049251622e-09
1.126259463141357422e+09,-1.066044534152794182e-09
1.126259463141845703e+09,-1.203822145221501005e-09
1.126259463142333984e+09,-2.054759713303994075e-09
1.126259463142822266e+09,-9.235633514821716861e-10
1.126259463143310547e+09,9.369038331814686144e-10
1.126259463143798828e+09,6.180260275572100034e-10
1.126259463144287109e+09,-7.198715553302717287e-10
1.126259463144775391e+09,1.267705867346197816e-10
1.126259463145263672e+09,2.334206640311171565e-09
1.126259463145751953e+09,2.549188592443910174e-09
1.126259463146240234e+09,1.154379893079859178e-09
1.126259463146728516e+09,1.416210627964559487e-09
1.126259463147216797e+09,3.274885542314725600e-09
1.126259463147705078e+09,3.653365933672191024e-09
1.126259463148193359e+09,2.472906038161868228e-09
1.126259463148681641e+09,2.676949115066093625e-09
1.126259463149169922e+09,4.333552352744536176e-09
1.126259463149658203e+09,4.383531425561027494e-09
1.126259463150146484e+09,2.615316500962589399e-09
1.126259463150634766e+09,2.282791540081746918e-09
1.126259463151123047e+09,3.997250298648974713e-09
1.126259463151611328e+09,4.495332278402190889e-09
1.126259463152099609e+09,2.663908291226800447e-09
1.126259463152587891e+09,1.461583458079950161e-09
1.126259463153076172e+09,2.308939822816647299e-09
1.126259463153564453e+09,2.718024786766606122e-09
1.126259463154052734e+09,1.363871988530177124e-09
1.126259463154541016e+09,5.379769438962473883e-10
1.126259463155029297e+09,1.371762703474785843e-09
1.126259463155517578e+09,1.402721595411236422e-09
1.126259463156005859e+09,-5.963346090073577347e-10
1.126259463156494141e+09,-1.912047924055267913e-09
1.126259463156982422e+09,-7.998722814969802624e-10
1.126259463157470703e+09,1.871335867311515801e-10
1.126259463157958984e+09,-1.179827730637561522e-09
1.126259463158447266e+09,-2.855203943273336076e-09
1.126259463158935547e+09,-2.455672998937199662e-09
1.126259463159423828e+09,-1.449630153725313286e-09
1.126259463159912109e+09,-1.966430226390696858e-09
1.126259463160400391e+09,-2.804359781715629122e-09
1.126259463160888672e+09,-2.203130811893203124e-09
1.126259463161376953e+09,-1.517439890762697965e-09
1.126259463161865234e+09,-2.455212702311238456e-09
1.126259463162353516e+09,-3.454410147973512461e-09
1.126259463162841797e+09,-2.529738998133192825e-09
1.126259463163330078e+09,-1.166625116591628454e-09
1.126259463163818359e+09,-1.641305920485082920e-09
1.126259463164306641e+09,-2.849732396651459744e-09
1.126259463164794922e+09,-2.572982757082731915e-09
1.126259463165283203e+09,-1.618208216757118097e-09
1.126259463165771484e+09,-1.844730743144079269e-09
1.126259463166259766e+09,-2.264270486526319114e-09
1.126259463166748047e+09,-1.156872048587009446e-09
1.126259463167236328e+09,-9.034644530474845285e-12
1.126259463167724609e+09,-1.041336636950174502e-09
1.126259463168212891e+09,-2.630931396563511815e-09
1.126259463168701172e+09,-1.732366234978637610e-09
1.126259463169189453e+09,6.331484645237718732e-10
1.126259463169677734e+09,1.004673833451472634e-09
1.126259463170166016e+09,-5.591120125258980594e-10
1.126259463170654297e+09,-9.661029635391765777e-10
1.126259463171142578e+09,2.511671701309592136e-10
1.126259463171630859e+09,6.746433400080453123e-10
1.126259463172119141e+09,2.086458016547616356e-11
1.126259463172607422e+09,4.849670156552593641e-10
1.126259463173095703e+09,2.003494132662037268e-09
1.126259463173583984e+09,2.023626047940165957e-09
1.126259463174072266e+09,4.582188990443551431e-10
1.126259463174560547e+09,1.916616727136194899e-10
1.126259463175048828e+09,1.907293905956848474e-09
1.126259463175537109e+09,2.928263231213208945e-09
1.126259463176025391e+09,2.143525560601139460e-09
1.126259463176513672e+09,1.658918085670056151e-09
1.126259463177001953e+09,2.419090589802781230e-09
1.126259463177490234e+09,2.579845292037315085e-09
1.126259463177978516e+09,1.607632591928115530e-09
1.126259463178466797e+09,1.656153535858131481e-09
1.126259463178955078e+09,3.218830888031290469e-09
1.126259463179443359e+09,3.655525726773434673e-09
1.126259463179931641e+09,1.944559380162676113e-09
1.126259463180419922e+09,7.737652323380405352e-10
1.126259463180908203e+09,1.779799222748813650e-09
1.126259463181396484e+09,2.739853701732178391e-09
1.126259463181884766e+09,1.862165350500519294e-09
1.126259463182373047e+09,9.220279314810480182e-10
1.126259463182861328e+09,1.479868979890369808e-09
1.126259463183349609e+09,1.794022774337845259e-09
1.126259463183837891e+09,4.461153708736552472e-10
1.126259463184326172e+09,-5.748209423975991728e-10
1.126259463184814453e+09,3.895489287982859690e-10
1.126259463185302734e+09,1.231772204895302278e-09
1.126259463185791016e+09,-2.026938155096563600e-10
1.126259463186279297e+09,-2.088575669446943510e-09
1.126259463186767578e+09,-1.892746843064348574e-09
1.126259463187255859e+09,-7.994762452494449332e-10
1.126259463187744141e+09,-1.172975705102439094e-09
1.126259463188232422e+09,-2.266457656537854537e-09
1.126259463188720703e+09,-2.268188338047562845e-09
1.126259463189208984e+09,-2.121847661376407846e-09
1.126259463189697266e+09,-3.340550193690345769e-09
1.126259463190185547e+09,-4.343170947272108368e-09
1.126259463190673828e+09,-3.127511573776698074e-09
1.126259463191162109e+09,-1.490861287244835001e-09
1.126259463191650391e+09,-2.262471528841412718e-09
1.126259463192138672e+09,-4.192985993715600741e-09
1.126259463192626953e+09,-4.072036542409681582e-09
1.126259463193115234e+09,-2.311130009530131534e-09
1.126259463193603516e+09,-1.786289631049810326e-09
1.126259463194091797e+09,-2.484163841736483691e-09
1.126259463194580078e+09,-2.097581656914983646e-09
1.126259463195068359e+09,-9.008396266671663406e-10
1.126259463195556641e+09,-1.103755171254827936e-09
1.126259463196044922e+09,-2.063586760197589818e-09
1.126259463196533203e+09,-1.153954898568880803e-09
1.126259463197021484e+09,9.787987694133402160e-10
1.126259463197509766e+09,1.117009740617016903e-09
1.126259463197998047e+09,-6.181225208607956698e-10
1.126259463198486328e+09,-7.132988748632766203e-10
1.126259463198974609e+09,1.519817355907450565e-09
1.126259463199462891e+09,2.827766939909554483e-09
1.126259463199951172e+09,1.900613480786079154e-09
1.126259463200439453e+09,1.304241901573425761e-09
1.126259463200927734e+09,2.337264503374432892e-09
1.126259463201416016e+09,2.874556450624620783e-09
1.126259463201904297e+09,1.920691556385455470e-09
1.126259463202392578e+09,1.638162030477648210e-09
1.126259463202880859e+09,2.969013306496442526e-09
1.126259463203369141e+09,3.627439611366124099e-09
1.126259463203857422e+09,2.469613295038618179e-09
1.126259463204345703e+09,1.684963360313647467e-09
1.126259463204833984e+09,2.543282207113629406e-09
1.126259463205322266e+09,3.030578925026998515e-09
1.126259463205810547e+09,1.911438816694500953e-09
1.126259463206298828e+09,1.128174473747384292e-09
1.126259463206787109e+09,1.830228981061465047e-09
1.126259463207275391e+09,2.010720187362902381e-09
1.126259463207763672e+09,5.965438365290523703e-10
1.126259463208251953e+09,-1.059745973113353064e-10
1.126259463208740234e+09,1.212841885759424948e-09
1.126259463209228516e+09,2.018958928633181454e-09
1.126259463209716797e+09,4.881889904867404678e-10
1.126259463210205078e+09,-9.765959079455584967e-10
1.126259463210693359e+09,-1.022337267593107254e-10
1.126259463211181641e+09,1.131882501961681978e-09
1.126259463211669922e+09,3.360994863944199645e-10
1.126259463212158203e+09,-9.171896236273620140e-10
1.126259463212646484e+09,-4.557579163705648142e-10
1.126259463213134766e+09,1.735350829056897144e-10
1.126259463213623047e+09,-1.062721144358699341e-09
1.126259463214111328e+09,-2.327033101170380881e-09
1.126259463214599609e+09,-1.266357611720693730e-09
1.126259463215087891e+09,1.975409639712575008e-10
1.126259463215576172e+09,-8.323158352038648991e-10
1.126259463216064453e+09,-2.775895414688731776e-09
1.126259463216552734e+09,-2.400102062198869499e-09
1.126259463217041016e+09,-7.592372427661400125e-10
1.126259463217529297e+09,-1.086007399880881292e-09
1.126259463218017578e+09,-2.720563163341764982e-09
1.126259463218505859e+09,-2.596413522566148866e-09
1.126259463218994141e+09,-1.229504367541557151e-09
1.126259463219482422e+09,-1.605454487712963084e-09
1.126259463219970703e+09,-3.204879839395750261e-09
1.126259463220458984e+09,-2.868576877294442134e-09
1.126259463220947266e+09,-9.704088264058337759e-10
1.126259463221435547e+09,-9.522748102780805273e-10
1.126259463221923828e+09,-2.892677812341057978e-09
1.126259463222412109e+09,-3.291096572918185421e-09
1.126259463222900391e+09,-1.507574348483602510e-09
1.126259463223388672e+09,-7.273436287351981733e-10
1.126259463223876953e+09,-1.862084762006351549e-09
1.126259463224365234e+09,-2.105742724044846946e-09
1.126259463224853516e+09,-6.144353026599936998e-10
1.126259463225341797e+09,-1.109354064772371024e-10
1.126259463225830078e+09,-1.371593186475457814e-09
1.126259463226318359e+09,-1.467839078865936214e-09
1.126259463226806641e+09,6.504977395347566493e-10
1.126259463227294922e+09,1.949658029661333004e-09
1.126259463227783203e+09,8.505244790344628593e-10
1.126259463228271484e+09,8.236526007696194358e-11
1.126259463228759766e+09,1.556913374601862455e-09
1.126259463229248047e+09,3.027207511746900614e-09
1.126259463229736328e+09,2.555371026770999019e-09
1.126259463230224609e+09,1.945856298677332202e-09
1.126259463230712891e+09,2.841259978281879779e-09
1.126259463231201172e+09,3.519124337303215883e-09
1.126259463231689453e+09,2.613792999946397510e-09
1.126259463232177734e+09,2.112854437624054517e-09
1.126259463232666016e+09,3.462091668082564920e-09
1.126259463233154297e+09,4.413963888929901346e-09
1.126259463233642578e+09,3.090530739398289451e-09
1.126259463234130859e+09,1.637339785242664835e-09
1.126259463234619141e+09,2.345295413800861189e-09
1.126259463235107422e+09,3.512645239621738739e-09
1.126259463235595703e+09,2.815893567526023415e-09
1.126259463236083984e+09,1.582495617871817100e-09
1.126259463236572266e+09,1.867053454024720003e-09
1.126259463237060547e+09,2.310087916781305066e-09
1.126259463237548828e+09,9.693628356445839712e-10
1.126259463238037109e+09,-5.196917767247207309e-10
1.126259463238525391e+09,1.361528386803243493e-10
1.126259463239013672e+09,1.328681254506723780e-09
1.126259463239501953e+09,2.973478314462187632e-10
1.126259463239990234e+09,-1.799047893565030377e-09
1.126259463240478516e+09,-2.048885827711283247e-09
1.126259463240966797e+09,-1.036921389487474303e-09
1.126259463241455078e+09,-1.321492495401976487e-09
1.126259463241943359e+09,-2.412095804460895997e-09
1.126259463242431641e+09,-2.039380291575923712e-09
1.126259463242919922e+09,-1.005692165654915799e-09
1.126259463243408203e+09,-1.843772533952375501e-09
1.126259463243896484e+09,-3.679839730047109817e-09
1.126259463244384766e+09,-3.428258083351227577e-09
1.126259463244873047e+09,-1.468638532955391087e-09
1.126259463245361328e+09,-1.146276055200848758e-09
1.126259463245849609e+09,-2.872047114233773390e-09
1.126259463246337891e+09,-3.643724117976279116e-09
1.126259463246826172e+09,-2.536375001666439242e-09
1.126259463247314453e+09,-1.842044197085033797e-09
1.126259463247802734e+09,-2.336783221268977925e-09
1.126259463248291016e+09,-2.131479349576733299e-09
1.126259463248779297e+09,-9.434735473229659613e-10
1.126259463249267578e+09,-9.397291814904012971e-10
1.126259463249755859e+09,-2.342709393456541322e-09
1.126259463250244141e+09,-2.571360954320923920e-09
1.126259463250732422e+09,-9.290093056936620667e-10
1.126259463251220703e+09,5.286753420976893094e-11
1.126259463251708984e+09,-7.650824433002578294e-10
1.126259463252197266e+09,-1.268967572213343562e-09
1.126259463252685547e+09,-2.729424638441953267e-10
1.126259463253173828e+09,4.582658041505094859e-10
1.126259463253662109e+09,-4.548301745267966729e-11
1.126259463254150391e+09,-1.146173245146587689e-10
1.126259463254638672e+09,9.360151268870942155e-10
1.126259463255126953e+09,1.195996281501349954e-09
1.126259463255615234e+09,4.068814273268396212e-11
1.126259463256103516e+09,-2.057930049750884644e-10
1.126259463256591797e+09,1.453115489919277732e-09
1.126259463257080078e+09,2.542749955631451522e-09
1.126259463257568359e+09,1.529053341966248432e-09
1.126259463258056641e+09,6.240751681070880243e-10
1.126259463258544922e+09,1.647552656919602170e-09
1.126259463259033203e+09,2.769449539131472562e-09
1.126259463259521484e+09,2.219505327043833094e-09
1.126259463260009766e+09,1.680952700533824010e-09
1.126259463260498047e+09,2.819057732068253042e-09
1.126259463260986328e+09,3.792984189968111896e-09
1.126259463261474609e+09,2.701513555005769095e-09
1.126259463261962891e+09,1.408127153956906863e-09
1.126259463262451172e+09,2.215591615547626296e-09
1.126259463262939453e+09,3.542098697781746442e-09
1.126259463263427734e+09,2.833879636177013354e-09
1.126259463263916016e+09,1.266293212734826617e-09
1.126259463264404297e+09,1.433266441561678136e-09
1.126259463264892578e+09,2.547607978352734074e-09
1.126259463265380859e+09,2.189105614754386202e-09
1.126259463265869141e+09,9.644278407928495587e-10
1.126259463266357422e+09,1.080044340503513548e-09
1.126259463266845703e+09,1.830231893592573964e-09
1.126259463267333984e+09,9.435011023938326079e-10
1.126259463267822266e+09,-8.010592809541268018e-10
1.126259463268310547e+09,-7.918228232786415215e-10
1.126259463268798828e+09,4.801842205426723282e-10
1.126259463269287109e+09,1.962700116424778746e-10
1.126259463269775391e+09,-1.659516317966095242e-09
1.126259463270263672e+09,-2.410778681484869163e-09
1.126259463270751953e+09,-1.638186861258245500e-09
1.126259463271240234e+09,-1.585874609929039779e-09
1.126259463271728516e+09,-2.642821951494906839e-09
1.126259463272216797e+09,-2.828510328048172021e-09
1.126259463272705078e+09,-2.048177325895687120e-09
1.126259463273193359e+09,-2.474452085663871537e-09
1.126259463273681641e+09,-4.118578395705428771e-09
1.126259463274169922e+09,-4.347296293201464719e-09
1.126259463274658203e+09,-2.696281277926984504e-09
1.126259463275146484e+09,-1.952866339930813715e-09
1.126259463275634766e+09,-3.267865319507340785e-09
1.126259463276123047e+09,-4.244948676319883196e-09
1.126259463276611328e+09,-3.327746183940350694e-09
1.126259463277099609e+09,-2.217279985673964278e-09
1.126259463277587891e+09,-2.290385115836966823e-09
1.126259463278076172e+09,-2.297965438398116799e-09
1.126259463278564453e+09,-1.411465091395994807e-09
1.126259463279052734e+09,-1.039195672263619693e-09
1.126259463279541016e+09,-1.710796622504076269e-09
1.126259463280029297e+09,-1.542054259637281113e-09
1.126259463280517578e+09,2.070350815842690096e-10
1.126259463281005859e+09,1.351237867749169591e-09
1.126259463281494141e+09,6.291025765606142849e-10
1.126259463281982422e+09,4.416262260172537050e-11
1.126259463282470703e+09,1.140476817261709442e-09
1.126259463282958984e+09,2.237597345688785302e-09
1.126259463283447266e+09,1.840989639386860971e-09
1.126259463283935547e+09,1.534481086002231917e-09
1.126259463284423828e+09,2.699309778358511060e-09
1.126259463284912109e+09,3.522725702579508320e-09
1.126259463285400391e+09,2.391446437086893542e-09
1.126259463285888672e+09,1.298773665827015531e-09
1.126259463286376953e+09,2.446412287555583371e-09
1.126259463286865234e+09,4.133818652046694731e-09
1.126259463287353516e+09,3.688141709368125841e-09
1.126259463287841797e+09,2.107698609399236797e-09
1.126259463288330078e+09,1.958947581602214225e-09
1.126259463288818359e+09,2.749626674003142228e-09
1.126259463289306641e+09,2.395084007525204070e-09
1.126259463289794922e+09,1.488219880577752094e-09
1.126259463290283203e+09,1.939374221071608218e-09
1.126259463290771484e+09,2.810819364148654529e-09
1.126259463291259766e+09,1.789403948047518603e-09
1.126259463291748047e+09,-2.410615018618416512e-10
1.126259463292236328e+09,-3.881549816890509611e-10
1.126259463292724609e+09,1.189740533264342093e-09
1.126259463293212891e+09,1.633211754260992549e-09
1.126259463293701172e+09,3.685396995987280764e-10
1.126259463294189453e+09,-4.090224592481026443e-10
1.126259463294677734e+09,-3.977455524557336213e-11
1.126259463295166016e+09,-7.212098537560305646e-11
1.126259463295654297e+09,-6.252265057737022107e-10
1.126259463296142578e+09,-1.851053706704079118e-10
1.126259463296630859e+09,7.471003542892424368e-10
1.126259463297119141e+09,-7.752485592289305969e-11
1.126259463297607422e+09,-2.280990615174309649e-09
1.126259463298095703e+09,-2.860504439223312276e-09
1.126259463298583984e+09,-1.265670280710679089e-09
1.126259463299072266e+09,-3.820620588863523144e-10
1.126259463299560547e+09,-1.513715999200649659e-09
1.126259463300048828e+09,-2.504054432143012731e-09
1.126259463300537109e+09,-2.087055421652948293e-09
1.126259463301025391e+09,-1.972294080747154195e-09
1.126259463301513672e+09,-2.984549460790991948e-09
1.126259463302001953e+09,-3.180664849690747724e-09
1.126259463302490234e+09,-1.808707242679966710e-09
1.126259463302978516e+09,-1.276012801358000697e-09
1.126259463303466797e+09,-2.850322536624183979e-09
1.126259463303955078e+09,-4.028585093323595456e-09
1.126259463304443359e+09,-2.770177557242325349e-09
1.126259463304931641e+09,-9.842559101802615254e-10
1.126259463305419922e+09,-1.036935785859798494e-09
1.126259463305908203e+09,-1.921827585367633874e-09
1.126259463306396484e+09,-1.815055943906798481e-09
1.126259463306884766e+09,-1.480787538056122265e-09
1.126259463307373047e+09,-2.046256532186292513e-09
1.126259463307861328e+09,-2.152761394354892623e-09
1.126259463308349609e+09,-5.877832217239904804e-10
1.126259463308837891e+09,7.801201614489299686e-10
1.126259463309326172e+09,6.859743372268416427e-11
1.126259463309814453e+09,-9.848886178282134709e-10
1.126259463310302734e+09,4.174634658403502864e-11
1.126259463310791016e+09,1.914602345744802097e-09
1.126259463311279297e+09,2.052635101145645713e-09
1.126259463311767578e+09,1.155979533040349437e-09
1.126259463312255859e+09,1.581774237092568586e-09
1.126259463312744141e+09,2.822253963082568490e-09
1.126259463313232422e+09,2.736003236270645891e-09
1.126259463313720703e+09,1.913968708967562378e-09
1.126259463314208984e+09,2.572008688613989245e-09
1.126259463314697266e+09,4.110206972034523055e-09
1.126259463315185547e+09,4.058782663190645084e-09
1.126259463315673828e+09,2.740989593305505644e-09
1.126259463316162109e+09,2.693247773717698508e-09
1.126259463316650391e+09,3.876374523519666946e-09
1.126259463317138672e+09,3.813433815729160402e-09
1.126259463317626953e+09,2.363858472489229397e-09
1.126259463318115234e+09,1.973848045321714156e-09
1.126259463318603516e+09,2.961001697961730744e-09
1.126259463319091797e+09,2.911614417462027365e-09
1.126259463319580078e+09,1.322524899597941842e-09
1.126259463320068359e+09,5.557705307694710318e-10
1.126259463320556641e+09,1.315673848322307788e-09
1.126259463321044922e+09,1.367320336772725325e-09
1.126259463321533203e+09,-9.927798557933796435e-11
1.126259463322021484e+09,-9.106226556621026006e-10
1.126259463322509766e+09,-1.213203805961522345e-10
1.126259463322998047e+09,1.511218841118267725e-10
1.126259463323486328e+09,-1.246411494715824769e-09
1.126259463323974609e+09,-2.394018182266245470e-09
1.126259463324462891e+09,-2.034685671512797614e-09
1.126259463324951172e+09,-1.800596318133585557e-09
1.126259463325439453e+09,-2.742294489847519586e-09
1.126259463325927734e+09,-3.177974762788494134e-09
1.126259463326416016e+09,-2.173126213283360465e-09
1.126259463326904297e+09,-1.708823297064993942e-09
1.126259463327392578e+09,-2.982441181269249688e-09
1.126259463327880859e+09,-3.879734766284071581e-09
1.126259463328369141e+09,-2.756389441136544733e-09
1.126259463328857422e+09,-1.550060680392872793e-09
1.126259463329345703e+09,-2.279264604212181589e-09
1.126259463329833984e+09,-3.452285892389609781e-09
1.126259463330322266e+09,-3.001986207274210921e-09
1.126259463330810547e+09,-1.973736084177805305e-09
1.126259463331298828e+09,-2.089407361161550540e-09
1.126259463331787109e+09,-2.301839660272776579e-09
1.126259463332275391e+09,-1.164227110577574696e-09
1.126259463332763672e+09,-1.535066609043726478e-10
1.126259463333251953e+09,-1.053238480857445317e-09
1.126259463333740234e+09,-2.265661884665853187e-09
1.126259463334228516e+09,-1.435527443857393703e-09
1.126259463334716797e+09,2.865281281914357502e-10
1.126259463335205078e+09,4.061733513951172762e-10
1.126259463335693359e+09,-3.904960872416152874e-10
1.126259463336181641e+09,1.410295289429964340e-10
1.126259463336669922e+09,1.366174786201032711e-09
1.126259463337158203e+09,1.153333439698009808e-09
1.126259463337646484e+09,2.635793330382127252e-10
1.126259463338134766e+09,9.970468666208039331e-10
1.126259463338623047e+09,2.570968753428308240e-09
1.126259463339111328e+09,2.331636512614339056e-09
1.126259463339599609e+09,7.848025531122220821e-10
1.126259463340087891e+09,8.464085069578435920e-10
1.126259463340576172e+09,2.535198887415136181e-09
1.126259463341064453e+09,3.027667028841533504e-09
1.126259463341552734e+09,1.875645155400654708e-09
1.126259463342041016e+09,1.544701790126804475e-09
1.126259463342529297e+09,2.563451105070617375e-09
1.126259463343017578e+09,2.747634816008166073e-09
1.126259463343505859e+09,1.756182685418200904e-09
1.126259463343994141e+09,1.840667212930647964e-09
1.126259463344482422e+09,3.245729618946619075e-09
1.126259463344970703e+09,3.378572960047477065e-09
1.126259463345458984e+09,1.674083612562581163e-09
1.126259463345947266e+09,8.788345337092728440e-10
1.126259463346435547e+09,2.110198058917338508e-09
1.126259463346923828e+09,2.917845443392794776e-09
1.126259463347412109e+09,1.859883454583831969e-09
1.126259463347900391e+09,8.390412247989481764e-10
1.126259463348388672e+09,1.107564476080101454e-09
1.126259463348876953e+09,1.051772353775614314e-09
1.126259463349365234e+09,-7.744199453652863579e-11
1.126259463349853516e+09,-3.042708459093972114e-10
1.126259463350341797e+09,1.000875028474528765e-09
1.126259463350830078e+09,1.219349147960824708e-09
1.126259463351318359e+09,-8.684366796181557980e-10
1.126259463351806641e+09,-2.464540145238330562e-09
1.126259463352294922e+09,-1.528347322190173520e-09
1.126259463352783203e+09,-3.481409358430607510e-10
1.126259463353271484e+09,-1.310837698785586245e-09
1.126259463353759766e+09,-2.793064625136485314e-09
1.126259463354248047e+09,-2.621030432945787907e-09
1.126259463354736328e+09,-2.139701787502050079e-09
1.126259463355224609e+09,-3.177830627391371053e-09
1.126259463355712891e+09,-4.172477015276592331e-09
1.126259463356201172e+09,-3.217125289364028330e-09
1.126259463356689453e+09,-2.065808823978629186e-09
1.126259463357177734e+09,-3.038424545455809418e-09
1.126259463357666016e+09,-4.551588990186644873e-09
1.126259463358154297e+09,-3.907786644114912662e-09
1.126259463358642578e+09,-2.177895960914170535e-09
1.126259463359130859e+09,-2.036379612256643912e-09
1.126259463359619141e+09,-2.871873551252635816e-09
1.126259463360107422e+09,-2.428431429355533265e-09
1.126259463360595703e+09,-1.382687930045841513e-09
1.126259463361083984e+09,-1.774844145584496163e-09
1.126259463361572266e+09,-2.572329584462058867e-09
1.126259463362060547e+09,-1.425868133744309663e-09
1.126259463362548828e+09,5.826359671977610698e-10
1.126259463363037109e+09,6.390164355407444819e-10
1.126259463363525391e+09,-5.789143413864354783e-10
1.126259463364013672e+09,-1.451598556623691598e-10
1.126259463364501953e+09,1.673728047609632871e-09
1.126259463364990234e+09,2.122752721599552294e-09
1.126259463365478516e+09,1.310794053700504789e-09
1.126259463365966797e+09,1.803221225027464548e-09
1.126259463366455078e+09,3.351639169145370270e-09
1.126259463366943359e+09,3.214733795148682998e-09
1.126259463367431641e+09,1.624129585402718430e-09
1.126259463367919922e+09,1.694539168966953827e-09
1.126259463368408203e+09,3.626810927373354984e-09
1.126259463368896484e+09,4.217767440308645670e-09
1.126259463369384766e+09,2.726632728077061175e-09
1.126259463369873047e+09,2.039232394794540968e-09
1.126259463370361328e+09,3.109891972370811913e-09
1.126259463370849609e+09,3.420519944893293034e-09
1.126259463371337891e+09,2.167645826548938264e-09
1.126259463371826172e+09,1.832815666886241156e-09
1.126259463372314453e+09,3.061486443594984643e-09
1.126259463372802734e+09,3.069331133169514215e-09
1.126259463373291016e+09,1.010520972349333064e-09
1.126259463373779297e+09,-5.741763497613777039e-11
1.126259463374267578e+09,1.270841026462358381e-09
1.126259463374755859e+09,2.111638195943492012e-09
1.126259463375244141e+09,6.569887844841094635e-10
1.126259463375732422e+09,-6.018818263439211234e-10
1.126259463376220703e+09,2.218788851816906447e-10
1.126259463376708984e+09,9.229550812633827164e-10
1.126259463377197266e+09,-2.981996332509047174e-10
1.126259463377685547e+09,-1.306363778748444208e-09
1.126259463378173828e+09,-3.723192657474325391e-10
1.126259463378662109e+09,2.236448912683226069e-10
1.126259463379150391e+09,-1.413126647714749390e-09
1.126259463379638672e+09,-2.847632517561059696e-09
1.126259463380126953e+09,-1.709580972441848525e-09
1.126259463380615234e+09,-2.334297643278721981e-10
1.126259463381103516e+09,-1.213339438649156630e-09
1.126259463381591797e+09,-2.945690125628997679e-09
1.126259463382080078e+09,-2.621476799429640917e-09
1.126259463382568359e+09,-1.512806089395489610e-09
1.126259463383056641e+09,-2.149688719908293725e-09
1.126259463383544922e+09,-3.288945180531108202e-09
1.126259463384033203e+09,-2.522163326189400242e-09
1.126259463384521484e+09,-1.249291373532777799e-09
1.126259463385009766e+09,-2.068816319205608870e-09
1.126259463385498047e+09,-3.546906354639197572e-09
1.126259463385986328e+09,-2.710254191596373460e-09
1.126259463386474609e+09,-7.332745325115170108e-10
1.126259463386962891e+09,-8.965784463438416766e-10
1.126259463387451172e+09,-2.566971726015568526e-09
1.126259463387939453e+09,-2.546740767046226286e-09
1.126259463388427734e+09,-1.054463418633928207e-09
1.126259463388916016e+09,-9.469154352743854315e-10
1.126259463389404297e+09,-2.021953705154038292e-09
1.126259463389892578e+09,-1.578501590033424433e-09
1.126259463390380859e+09,4.363780329646828694e-11
1.126259463390869141e+09,-2.080497241363340883e-12
1.126259463391357422e+09,-1.373778089160386818e-09
1.126259463391845703e+09,-9.120550888221555002e-10
1.126259463392333984e+09,1.331380247766633527e-09
1.126259463392822266e+09,1.968265066343209489e-09
1.126259463393310547e+09,4.932392593516181542e-10
1.126259463393798828e+09,1.330800319936988353e-10
1.126259463394287109e+09,1.814536583620422807e-09
1.126259463394775391e+09,2.715508883292586057e-09
1.126259463395263672e+09,1.846767469337630909e-09
1.126259463395751953e+09,1.731717994563342888e-09
1.126259463396240234e+09,3.165791273255848813e-09
1.126259463396728516e+09,3.529250914407337944e-09
1.126259463397216797e+09,2.017265915218916352e-09
1.126259463397705078e+09,1.501352512316932487e-09
1.126259463398193359e+09,3.192484975837501403e-09
1.126259463398681641e+09,4.279975076460929197e-09
1.126259463399169922e+09,3.080650998507759986e-09
1.126259463399658203e+09,1.903582798243746894e-09
1.126259463400146484e+09,2.448651339960625779e-09
1.126259463400634766e+09,2.871517065237272707e-09
1.126259463401123047e+09,1.925042158967541189e-09
1.126259463401611328e+09,1.567717859336342262e-09
1.126259463402099609e+09,2.739548401704368452e-09
1.126259463402587891e+09,2.922060063980723150e-09
1.126259463403076172e+09,8.565054068431685871e-10
1.126259463403564453e+09,-5.956421752102316680e-10
1.126259463404052734e+09,5.101832752881194148e-10
1.126259463404541016e+09,1.523601259275758520e-09
1.126259463405029297e+09,3.435555469143170864e-11
1.126259463405517578e+09,-1.738628174052148480e-09
1.126259463406005859e+09,-1.240353154193341589e-09
1.126259463406494141e+09,-3.284799052986039062e-10
1.126259463406982422e+09,-1.501674791987192940e-09
1.126259463407470703e+09,-3.020832131792885416e-09
1.126259463407958984e+09,-2.359790093343334545e-09
1.126259463408447266e+09,-1.245402968538830587e-09
1.126259463408935547e+09,-2.416483066903676169e-09
1.126259463409423828e+09,-4.241958869548013451e-09
1.126259463409912109e+09,-3.623604690864271168e-09
1.126259463410400391e+09,-1.797917209524454808e-09
1.126259463410888672e+09,-2.050326418341739102e-09
1.126259463411376953e+09,-3.697652655415065050e-09
1.126259463411865234e+09,-3.621395356865243905e-09
1.126259463412353516e+09,-2.132353513759125712e-09
1.126259463412841797e+09,-1.987110888082347404e-09
1.126259463413330078e+09,-2.866530786504747111e-09
1.126259463413818359e+09,-2.195985843455674871e-09
1.126259463414306641e+09,-5.266224231457452392e-10
1.126259463414794922e+09,-7.198335641430146679e-10
1.126259463415283203e+09,-2.332775570472468399e-09
1.126259463415771484e+09,-2.154686160296781223e-09
1.126259463416259766e+09,-1.134059047758715685e-10
1.126259463416748047e+09,6.264208811802488898e-10
1.126259463417236328e+09,-4.808853520001515146e-10
1.126259463417724609e+09,-6.423538352243376708e-10
1.126259463418212891e+09,7.890573679970364634e-10
1.126259463418701172e+09,1.303007696957778312e-09
1.126259463419189453e+09,3.712154028788442526e-10
1.126259463419677734e+09,4.813142267024611243e-10
1.126259463420166016e+09,2.061472995464569985e-09
1.126259463420654297e+09,2.393121781749154647e-09
1.126259463421142578e+09,8.542977960921472806e-10
1.126259463421630859e+09,3.317397741105028206e-10
1.126259463422119141e+09,1.864413333390031743e-09
1.126259463422607422e+09,2.693112441360701903e-09
1.126259463423095703e+09,1.461613911057936631e-09
1.126259463423583984e+09,6.500453825620867297e-10
1.126259463424072266e+09,1.726591565151835591e-09
1.126259463424560547e+09,2.462609318036014224e-09
1.126259463425048828e+09,1.467486233822854516e-09
1.126259463425537109e+09,9.580533974062780613e-10
1.126259463426025391e+09,2.324809507258814903e-09
1.126259463426513672e+09,3.189447040154807297e-09
1.126259463427001953e+09,1.845815142817075455e-09
1.126259463427490234e+09,6.215084661973334357e-10
1.126259463427978516e+09,1.624403484756711923e-09
1.126259463428466797e+09,2.904571765183741562e-09
1.126259463428955078e+09,2.215417480821325549e-09
1.126259463429443359e+09,1.051456101787608652e-09
1.126259463429931641e+09,1.427306897820492152e-09
1.126259463430419922e+09,1.997994426840434479e-09
1.126259463430908203e+09,1.056951519791737329e-09
1.126259463431396484e+09,1.925813721275089989e-10
1.126259463431884766e+09,1.101115540755275253e-09
1.126259463432373047e+09,1.809559945859578348e-09
1.126259463432861328e+09,1.673821302732756814e-10
1.126259463433349609e+09,-1.756967562170388411e-09
1.126259463433837891e+09,-1.112683432430802688e-09
1.126259463434326172e+09,5.175743965167890304e-10
1.126259463434814453e+09,-7.286166802998434171e-11
1.126259463435302734e+09,-2.007859802794717867e-09
1.126259463435791016e+09,-2.251718129331942363e-09
1.126259463436279297e+09,-1.264017094504081781e-09
1.126259463436767578e+09,-1.694888171216206800e-09
1.126259463437255859e+09,-2.992493486332607392e-09
1.126259463437744141e+09,-2.520842425047795427e-09
1.126259463438232422e+09,-9.849965943160240390e-10
1.126259463438720703e+09,-1.474947534905595158e-09
1.126259463439208984e+09,-3.672310168259826893e-09
1.126259463439697266e+09,-4.199540716874752060e-09
1.126259463440185547e+09,-2.590449922123291092e-09
1.126259463440673828e+09,-1.859362698196346437e-09
1.126259463441162109e+09,-2.941752408733960247e-09
1.126259463441650391e+09,-3.485070854185556754e-09
1.126259463442138672e+09,-2.646725698706048703e-09
1.126259463442626953e+09,-2.326793574291455997e-09
1.126259463443115234e+09,-2.912569663882455894e-09
1.126259463443603516e+09,-2.416077466717845655e-09
1.126259463444091797e+09,-7.400689676853389266e-10
1.126259463444580078e+09,-3.024913952579903092e-10
1.126259463445068359e+09,-1.392360292471755657e-09
1.126259463445556641e+09,-1.353942379081385359e-09
1.126259463446044922e+09,4.574154575609462414e-10
1.126259463446533203e+09,1.387682193688323227e-09
1.126259463447021484e+09,4.720628891467179849e-10
1.126259463447509766e+09,1.711163110393716994e-10
1.126259463447998047e+09,1.531868375119864782e-09
1.126259463448486328e+09,2.189914468999199344e-09
1.126259463448974609e+09,1.132029588513437224e-09
1.126259463449462891e+09,8.942134800365477857e-10
1.126259463449951172e+09,2.694825931764978180e-09
1.126259463450439453e+09,3.833161890062807792e-09
1.126259463450927734e+09,2.628384572132467757e-09
1.126259463451416016e+09,1.652057204441727987e-09
1.126259463451904297e+09,2.992410045479784300e-09
1.126259463452392578e+09,4.388034016434821692e-09
1.126259463452880859e+09,3.463467890881442155e-09
1.126259463453369141e+09,1.999553492292653307e-09
1.126259463453857422e+09,2.335125982348470254e-09
1.126259463454345703e+09,3.055601730600333493e-09
1.126259463454833984e+09,2.136714788197763483e-09
1.126259463455322266e+09,1.099935190443308326e-09
1.126259463455810547e+09,1.939020348683534505e-09
1.126259463456298828e+09,2.899462795073759671e-09
1.126259463456787109e+09,1.609642763306367805e-09
1.126259463457275391e+09,-2.660837760741744058e-10
1.126259463457763672e+09,7.862482687277276868e-11
1.126259463458251953e+09,1.463705798166061389e-09
1.126259463458740234e+09,1.028260580767388092e-09
1.126259463459228516e+09,-5.024207576454751393e-10
1.126259463459716797e+09,-5.448069316394493062e-10
1.126259463460205078e+09,2.491133252792370526e-10
1.126259463460693359e+09,-5.134081416039000799e-10
1.126259463461181641e+09,-1.960061255699522510e-09
1.126259463461669922e+09,-1.455060628540786039e-09
1.126259463462158203e+09,1.046170203884809884e-10
1.126259463462646484e+09,-3.980590972775291335e-10
1.126259463463134766e+09,-2.508236471975297177e-09
1.126259463463623047e+09,-2.855769926249732935e-09
1.126259463464111328e+09,-1.176353953855077513e-09
1.126259463464599609e+09,-5.734095188395418252e-10
1.126259463465087891e+09,-1.821359755434984970e-09
1.126259463465576172e+09,-2.424841529896885387e-09
1.126259463466064453e+09,-1.636426909296954993e-09
1.126259463466552734e+09,-1.520309166246399054e-09
1.126259463467041016e+09,-2.466273282538498326e-09
1.126259463467529297e+09,-2.391616341349874274e-09
1.126259463468017578e+09,-1.161706415077556421e-09
1.126259463468505859e+09,-1.179799381300022206e-09
1.126259463468994141e+09,-2.675808754030651052e-09
1.126259463469482422e+09,-2.958380233907113451e-09
1.126259463469970703e+09,-1.387137576091522392e-09
1.126259463470458984e+09,-5.718335809588424367e-10
1.126259463470947266e+09,-1.474187439768421714e-09
1.126259463471435547e+09,-1.864758348872034981e-09
1.126259463471923828e+09,-9.436600440051508288e-10
1.126259463472412109e+09,-8.439675918469154810e-10
1.126259463472900391e+09,-2.012884854276931233e-09
1.126259463473388672e+09,-1.858985157392000193e-09
1.126259463473876953e+09,1.485702735838774357e-10
1.126259463474365234e+09,8.501590079382651688e-10
1.126259463474853516e+09,-9.193997257603799513e-10
1.126259463475341797e+09,-1.830093758173619778e-09
1.126259463475830078e+09,1.270509320770212281e-10
1.126259463476318359e+09,2.057246395656653476e-09
1.126259463476806641e+09,1.453833582284213102e-09
1.126259463477294922e+09,4.851941486277816405e-10
1.126259463477783203e+09,1.503549186320037602e-09
1.126259463478271484e+09,2.637175173989360963e-09
1.126259463478759766e+09,1.786684923245358424e-09
1.126259463479248047e+09,9.847305206597969042e-10
1.126259463479736328e+09,2.488946663712755701e-09
1.126259463480224609e+09,4.150929805936457909e-09
1.126259463480712891e+09,3.193122142540141227e-09
1.126259463481201172e+09,1.386933800160034694e-09
1.126259463481689453e+09,1.833168249505218452e-09
1.126259463482177734e+09,3.458827274417295613e-09
1.126259463482666016e+09,3.434310964028664927e-09
1.126259463483154297e+09,2.455582374917567156e-09
1.126259463483642578e+09,2.789707584189923178e-09
1.126259463484130859e+09,3.427470326332882499e-09
1.126259463484619141e+09,2.162870205155655105e-09
1.126259463485107422e+09,4.331862571020909252e-10
1.126259463485595703e+09,9.981941050230641000e-10
1.126259463486083984e+09,2.556298604936426044e-09
1.126259463486572266e+09,1.817176741175219626e-09
1.126259463487060547e+09,-5.531144660576526757e-10
1.126259463487548828e+09,-1.242356333549096408e-09
1.126259463488037109e+09,-2.607631181243626144e-10
1.126259463488525391e+09,-3.432170500503729421e-10
1.126259463489013672e+09,-1.461676213578373749e-09
1.126259463489501953e+09,-1.312708951120140053e-09
1.126259463489990234e+09,-4.568113140245940116e-10
1.126259463490478516e+09,-1.460770714910921429e-09
1.126259463490966797e+09,-3.456059217875277404e-09
1.126259463491455078e+09,-3.176336704101050218e-09
1.126259463491943359e+09,-1.158797072575249352e-09
1.126259463492431641e+09,-1.153974105741484373e-09
1.126259463492919922e+09,-3.313324373124584309e-09
1.126259463493408203e+09,-3.893822527357296084e-09
1.126259463493896484e+09,-2.176611926577020858e-09
1.126259463494384766e+09,-1.588789259606856629e-09
1.126259463494873047e+09,-3.023335374925695812e-09
1.126259463495361328e+09,-3.227579745722583351e-09
1.126259463495849609e+09,-1.317951629162999519e-09
1.126259463496337891e+09,-7.375040975071762986e-10
1.126259463496826172e+09,-2.662503807072696809e-09
1.126259463497314453e+09,-3.456452441449980306e-09
1.126259463497802734e+09,-1.289948419382743630e-09
1.126259463498291016e+09,4.385814937952903200e-10
1.126259463498779297e+09,-6.758797442543325031e-10
1.126259463499267578e+09,-1.854178095367302721e-09
1.126259463499755859e+09,-5.755432132726427856e-10
1.126259463500244141e+09,9.205512699266445501e-10
1.126259463500732422e+09,3.232381443819945156e-10
1.126259463501220703e+09,-3.475514650687132896e-10
1.126259463501708984e+09,9.567238102269924174e-10
1.126259463502197266e+09,2.067747367013360265e-09
1.126259463502685547e+09,8.976676693438811908e-10
1.126259463503173828e+09,-1.686288221446348779e-10
1.126259463503662109e+09,1.369042681451813237e-09
1.126259463504150391e+09,3.217019453904640271e-09
1.126259463504638672e+09,2.380088983209322434e-09
1.126259463505126953e+09,6.373100098960081848e-10
1.126259463505615234e+09,1.120517523470921494e-09
1.126259463506103516e+09,2.637540293284519789e-09
1.126259463506591797e+09,2.359680367887327835e-09
1.126259463507080078e+09,1.248656595868098485e-09
1.126259463507568359e+09,1.716608027612078095e-09
1.126259463508056641e+09,2.530967135639417805e-09
1.126259463508544922e+09,1.304818293418805591e-09
1.126259463509033203e+09,-2.956691180530864289e-10
1.126259463509521484e+09,7.472426046199775303e-10
1.126259463510009766e+09,2.927834458172475778e-09
1.126259463510498047e+09,2.590978468285551640e-09
1.126259463510986328e+09,4.905148069475069992e-10
1.126259463511474609e+09,3.048927285275020637e-10
1.126259463511962891e+09,1.926416483162285929e-09
1.126259463512451172e+09,2.034655304531896584e-09
1.126259463512939453e+09,4.869774492843556162e-10
1.126259463513427734e+09,2.785018824488891616e-10
1.126259463513916016e+09,1.527353581229546830e-09
1.126259463514404297e+09,1.302543026620674361e-09
1.126259463514892578e+09,-5.060461736674702932e-10
1.126259463515380859e+09,-8.153491994850084506e-10
1.126259463515869141e+09,7.431753681554670203e-10
1.126259463516357422e+09,1.035122123625163674e-09
1.126259463516845703e+09,-7.324293895391550313e-10
1.126259463517333984e+09,-1.672906641345748090e-09
1.126259463517822266e+09,-7.003846562867912880e-10
1.126259463518310547e+09,-2.438478757442776614e-10
1.126259463518798828e+09,-1.318484393257344085e-09
1.126259463519287109e+09,-1.828132417662945729e-09
1.126259463519775391e+09,-1.115151313972382964e-09
1.126259463520263672e+09,-1.378940420209999037e-09
1.126259463520751953e+09,-3.066157839943212378e-09
1.126259463521240234e+09,-3.563665798891194441e-09
1.126259463521728516e+09,-2.129525147517190396e-09
1.126259463522216797e+09,-1.515045458340165419e-09
1.126259463522705078e+09,-2.918656080949847198e-09
1.126259463523193359e+09,-3.880989341781996240e-09
1.126259463523681641e+09,-3.062559895981708567e-09
1.126259463524169922e+09,-2.535307370000201496e-09
1.126259463524658203e+09,-3.299719020932702010e-09
1.126259463525146484e+09,-3.168771875199626585e-09
1.126259463525634766e+09,-1.388230831194043123e-09
1.126259463526123047e+09,-6.843711238285566726e-10
1.126259463526611328e+09,-2.131253014264680221e-09
1.126259463527099609e+09,-2.646311949186912825e-09
1.126259463527587891e+09,-5.107146137571893263e-10
1.126259463528076172e+09,1.245509761922667120e-09
1.126259463528564453e+09,2.541702014630451274e-10
1.126259463529052734e+09,-9.345526287078574166e-10
1.126259463529541016e+09,3.070848777671625897e-10
1.126259463530029297e+09,1.944341008015331990e-09
1.126259463530517578e+09,1.471299596342937476e-09
1.126259463531005859e+09,7.386122597952016949e-10
1.126259463531494141e+09,2.116302584948902633e-09
1.126259463531982422e+09,3.606491689764645923e-09
1.126259463532470703e+09,2.604556967686644138e-09
1.126259463532958984e+09,1.154208220023016941e-09
1.126259463533447266e+09,2.357093960049929486e-09
1.126259463533935547e+09,4.502482640120634905e-09
1.126259463534423828e+09,4.074287803867984765e-09
1.126259463534912109e+09,2.078891893727363921e-09
1.126259463535400391e+09,1.939664182002857699e-09
1.126259463535888672e+09,3.208294935789365279e-09
1.126259463536376953e+09,2.926495832220904269e-09
1.126259463536865234e+09,1.545987605881999873e-09
1.126259463537353516e+09,1.846055691349189444e-09
1.126259463537841797e+09,3.201243452324357115e-09
1.126259463538330078e+09,2.574708739600658982e-09
1.126259463538818359e+09,4.162858180338620026e-10
1.126259463539306641e+09,1.415191529552233872e-11
1.126259463539794922e+09,1.423600639468970605e-09
1.126259463540283203e+09,1.500748769375770543e-09
1.126259463540771484e+09,-1.754745243285984969e-10
1.126259463541259766e+09,-8.066756531585007732e-10
1.126259463541748047e+09,9.312311139196517164e-11
1.126259463542236328e+09,-3.731897057045103129e-12
1.126259463542724609e+09,-1.413839041482946463e-09
1.126259463543212891e+09,-1.569186535827503014e-09
1.126259463543701172e+09,-2.402557142464615140e-10
1.126259463544189453e+09,-2.619207479143332506e-10
1.126259463544677734e+09,-2.091301007302566253e-09
1.126259463545166016e+09,-2.716987701776789988e-09
1.126259463545654297e+09,-1.220832752694062383e-09
1.126259463546142578e+09,-4.636508800223678817e-10
1.126259463546630859e+09,-1.753488330881640236e-09
1.126259463547119141e+09,-2.676371835620747287e-09
1.126259463547607422e+09,-1.925716195238955472e-09
1.126259463548095703e+09,-1.540736429964669271e-09
1.126259463548583984e+09,-2.434246087509529264e-09
1.126259463549072266e+09,-2.389839485727638702e-09
1.126259463549560547e+09,-6.878411485309986067e-10
1.126259463550048828e+09,-1.191183163786364794e-10
1.126259463550537109e+09,-1.918107789866131143e-09
1.126259463551025391e+09,-3.136746946325576254e-09
1.126259463551513672e+09,-1.789837006716390146e-09
1.126259463552001953e+09,-3.286685897769361570e-10
1.126259463552490234e+09,-1.028410505553769755e-09
1.126259463552978516e+09,-2.055526472123671685e-09
1.126259463553466797e+09,-1.357391960174445823e-09
1.126259463553955078e+09,-5.221893847932328504e-10
1.126259463554443359e+09,-1.280372837920473762e-09
1.126259463554931641e+09,-1.864910407294005899e-09
1.126259463555419922e+09,-5.390138869360512967e-10
1.126259463555908203e+09,7.107761334997786590e-10
1.126259463556396484e+09,-1.773017583694438495e-10
1.126259463556884766e+09,-1.281129475335303181e-09
1.126259463557373047e+09,-2.459683650476292514e-10
1.126259463557861328e+09,1.239866474328524033e-09
1.126259463558349609e+09,6.907423231767199655e-10
1.126259463558837891e+09,-4.225581675739056324e-10
1.126259463559326172e+09,4.166993368382520607e-10
1.126259463559814453e+09,1.861901843931912547e-09
1.126259463560302734e+09,1.385113800862120679e-09
1.126259463560791016e+09,3.673619690891442766e-10
1.126259463561279297e+09,1.538175771207845545e-09
1.126259463561767578e+09,3.487409785975350404e-09
1.126259463562255859e+09,2.975663506089447160e-09
1.126259463562744141e+09,1.006262415204672713e-09
1.126259463563232422e+09,1.169465382126475998e-09
1.126259463563720703e+09,3.173411332580404019e-09
1.126259463564208984e+09,3.542727167473596678e-09
1.126259463564697266e+09,1.991166234795071525e-09
1.126259463565185547e+09,1.549735759818168123e-09
1.126259463565673828e+09,2.661063557631292265e-09
1.126259463566162109e+09,2.667571455458825185e-09
1.126259463566650391e+09,1.298312748485161278e-09
1.126259463567138672e+09,1.210195460270763779e-09
1.126259463567626953e+09,2.547268791990095452e-09
1.126259463568115234e+09,2.337089062570798960e-09
1.126259463568603516e+09,2.194721844819862133e-10
1.126259463569091797e+09,-5.009168844426410945e-10
1.126259463569580078e+09,1.165608161597601480e-09
1.126259463570068359e+09,1.984910821693938360e-09
1.126259463570556641e+09,2.701732812875548480e-10
1.126259463571044922e+09,-1.344179759635472227e-09
1.126259463571533203e+09,-9.421849416434697693e-10
1.126259463572021484e+09,-4.696163211012047904e-10
1.126259463572509766e+09,-1.489346871385502034e-09
1.126259463572998047e+09,-2.219693408399531562e-09
1.126259463573486328e+09,-1.455946631512064657e-09
1.126259463573974609e+09,-1.300394580955325806e-09
1.126259463574462891e+09,-3.068375621135058515e-09
1.126259463574951172e+09,-4.304427740683598660e-09
1.126259463575439453e+09,-3.000887510546896497e-09
1.126259463575927734e+09,-1.293866267983176223e-09
1.126259463576416016e+09,-1.713740260459897778e-09
1.126259463576904297e+09,-2.963982429956944219e-09
1.126259463577392578e+09,-2.766577505113088540e-09
1.126259463577880859e+09,-1.932716163992245135e-09
1.126259463578369141e+09,-2.148048738213677010e-09
1.126259463578857422e+09,-2.432444451541035103e-09
1.126259463579345703e+09,-1.361480585654196009e-09
1.126259463579833984e+09,-3.528356201364455340e-10
1.126259463580322266e+09,-1.131997373353232303e-09
1.126259463580810547e+09,-2.154268729552584391e-09
1.126259463581298828e+09,-1.192459105314689366e-09
1.126259463581787109e+09,5.591535103731568904e-10
1.126259463582275391e+09,6.599778886004046539e-10
1.126259463582763672e+09,-2.009263679222339022e-10
1.126259463583251953e+09,1.906966133575333886e-10
1.126259463583740234e+09,1.300387078849152003e-09
1.126259463584228516e+09,1.114299724358789114e-09
1.126259463584716797e+09,2.430374531709228809e-10
1.126259463585205078e+09,7.424091248460291734e-10
1.126259463585693359e+09,1.995092117319240312e-09
1.126259463586181641e+09,1.803397099925121236e-09
1.126259463586669922e+09,6.647791804266343459e-10
1.126259463587158203e+09,8.997694638197605878e-10
1.126259463587646484e+09,2.228601414114819275e-09
1.126259463588134766e+09,2.313530444100386686e-09
1.126259463588623047e+09,1.214390625625591087e-09
1.126259463589111328e+09,1.155067873373841879e-09
1.126259463589599609e+09,2.115174293118897041e-09
1.126259463590087891e+09,1.874932725357690989e-09
1.126259463590576172e+09,4.743514721767350401e-10
1.126259463591064453e+09,3.672116636148305294e-10
1.126259463591552734e+09,1.776546979831466728e-09
1.126259463592041016e+09,2.113084860475765797e-09
1.126259463592529297e+09,6.811425674178303582e-10
1.126259463593017578e+09,-1.616721479808792500e-10
1.126259463593505859e+09,5.627102495397697257e-10
1.126259463593994141e+09,9.253721810534913061e-10
1.126259463594482422e+09,1.257946586770164671e-10
1.126259463594970703e+09,3.079436241224049171e-11
1.126259463595458984e+09,1.250799179979167384e-09
1.126259463595947266e+09,1.599755145004140089e-09
1.126259463596435547e+09,1.972610069580770055e-10
1.126259463596923828e+09,-6.527486498663832707e-10
1.126259463597412109e+09,3.654127915098490009e-10
1.126259463597900391e+09,1.154378592268552367e-09
1.126259463598388672e+09,1.373984594779152642e-10
1.126259463598876953e+09,-8.675069091779872222e-10
1.126259463599365234e+09,-1.632068804533242951e-10
1.126259463599853516e+09,6.957011532456551408e-10
1.126259463600341797e+09,-4.373658329923294276e-11
1.126259463600830078e+09,-1.139827132897334737e-09
1.126259463601318359e+09,-9.899958168070306042e-10
1.126259463601806641e+09,-6.677690812371033005e-10
1.126259463602294922e+09,-1.471781482999826362e-09
1.126259463602783203e+09,-2.095123427038156852e-09
1.126259463603271484e+09,-1.229815775203071285e-09
1.126259463603759766e+09,-4.862642662005671585e-10
1.126259463604248047e+09,-1.580715826687217263e-09
1.126259463604736328e+09,-2.961696508380933933e-09
1.126259463605224609e+09,-2.505807619982403180e-09
1.126259463605712891e+09,-1.362780602189555258e-09
1.126259463606201172e+09,-1.690375660631736043e-09
1.126259463606689453e+09,-2.636599977586879325e-09
1.126259463607177734e+09,-2.213415468786922961e-09
1.126259463607666016e+09,-1.283654174104764442e-09
1.126259463608154297e+09,-1.815036976504270583e-09
1.126259463608642578e+09,-2.781255939157665932e-09
1.126259463609130859e+09,-1.867439446887181780e-09
1.126259463609619141e+09,1.970750208958011062e-11
1.126259463610107422e+09,1.242219093178589835e-10
1.126259463610595703e+09,-1.216513583497481131e-09
1.126259463611083984e+09,-1.218811499343589910e-09
1.126259463611572266e+09,3.735122623148527147e-10
1.126259463612060547e+09,1.179825193404708825e-09
1.126259463612548828e+09,7.233868521174267030e-10
1.126259463613037109e+09,8.817254992675203251e-10
1.126259463613525391e+09,1.848763254755143638e-09
1.126259463614013672e+09,1.814307276382757995e-09
1.126259463614501953e+09,8.863130827359301534e-10
1.126259463614990234e+09,1.222492988180261864e-09
1.126259463615478516e+09,2.813139515576854746e-09
1.126259463615966797e+09,3.180616331063715506e-09
1.126259463616455078e+09,1.893628079409849163e-09
1.126259463616943359e+09,1.354188477946269881e-09
1.126259463617431641e+09,2.315145159484903218e-09
1.126259463617919922e+09,2.679885945762167904e-09
1.126259463618408203e+09,1.745124318680690639e-09
1.126259463618896484e+09,1.511204479720264902e-09
1.126259463619384766e+09,2.512563848318356542e-09
1.126259463619873047e+09,2.498955943504171508e-09
1.126259463620361328e+09,8.390689478045751334e-10
1.126259463620849609e+09,1.061683515729473927e-10
1.126259463621337891e+09,1.388249468843249699e-09
1.126259463621826172e+09,2.090523951263102678e-09
1.126259463622314453e+09,6.171496692944171731e-10
1.126259463622802734e+09,-7.457332811242204464e-10
1.126259463623291016e+09,-1.429329396778797478e-10
1.126259463623779297e+09,5.398331787964812495e-10
1.126259463624267578e+09,-4.735954785065197428e-10
1.126259463624755859e+09,-1.427730318954214338e-09
1.126259463625244141e+09,-6.451103486570624180e-10
1.126259463625732422e+09,-6.816744455368901428e-12
1.126259463626220703e+09,-1.313529511242941235e-09
1.126259463626708984e+09,-2.492324357162066895e-09
1.126259463627197266e+09,-1.281670321494729800e-09
1.126259463627685547e+09,3.293294523778783944e-10
1.126259463628173828e+09,-5.110920791583122952e-10
1.126259463628662109e+09,-2.374407779461983437e-09
1.126259463629150391e+09,-2.170214289464158580e-09
1.126259463629638672e+09,-6.008461760332484352e-10
1.126259463630126953e+09,-4.637573502926194246e-10
1.126259463630615234e+09,-1.442625340575842749e-09
1.126259463631103516e+09,-1.252068243155102207e-09
1.126259463631591797e+09,-3.992663898928298125e-10
1.126259463632080078e+09,-1.041108007275391307e-09
1.126259463632568359e+09,-2.309226061420244836e-09
1.126259463633056641e+09,-1.604722480210862505e-09
1.126259463633544922e+09,2.951368632818894848e-10
1.126259463634033203e+09,2.686276949478829181e-10
1.126259463634521484e+09,-1.536817991431723923e-09
1.126259463635009766e+09,-1.963293306992032366e-09
1.126259463635498047e+09,-5.056806124264156091e-10
1.126259463635986328e+09,1.229469884597709911e-10
1.126259463636474609e+09,-7.934964407667825336e-10
1.126259463636962891e+09,-1.009380532370309792e-09
1.126259463637451172e+09,-2.176207125136990429e-11
1.126259463637939453e+09,9.910876760761369368e-12
1.126259463638427734e+09,-1.173446460674711647e-09
1.126259463638916016e+09,-1.091693817013900156e-09
1.126259463639404297e+09,6.717397900709546160e-10
1.126259463639892578e+09,1.323758148739392066e-09
1.126259463640380859e+09,-1.516399154884822198e-10
1.126259463640869141e+09,-1.181876441492810907e-09
1.126259463641357422e+09,-2.769021743394677594e-10
1.126259463641845703e+09,6.839490320487348040e-10
1.126259463642333984e+09,4.577421848216453087e-10
1.126259463642822266e+09,5.759899566962717778e-10
1.126259463643310547e+09,1.675838331337030837e-09
1.126259463643798828e+09,1.812003968431935480e-09
1.126259463644287109e+09,4.566351338251696728e-10
1.126259463644775391e+09,1.400146138916131325e-10
1.126259463645263672e+09,1.879092573203557234e-09
1.126259463645751953e+09,2.962277591134635010e-09
1.126259463646240234e+09,1.715999872871370046e-09
1.126259463646728516e+09,5.047448469442715172e-10
1.126259463647216797e+09,1.304867081319420164e-09
1.126259463647705078e+09,2.244104614685570573e-09
1.126259463648193359e+09,1.536166767851564172e-09
1.126259463648681641e+09,9.568521661631518954e-10
1.126259463649169922e+09,2.045113542324814515e-09
1.126259463649658203e+09,2.626265486360938670e-09
1.126259463650146484e+09,8.819811354361426395e-10
1.126259463650634766e+09,-6.699870957400333753e-10
1.126259463651123047e+09,6.085092299372308295e-10
1.126259463651611328e+09,2.525387798324424306e-09
1.126259463652099609e+09,1.750205831348328110e-09
1.126259463652587891e+09,-4.299357408721982245e-10
1.126259463653076172e+09,-7.079767179857207426e-10
1.126259463653564453e+09,4.084351373584077607e-10
1.126259463654052734e+09,2.098285661335080625e-10
1.126259463654541016e+09,-9.065392225385496716e-10
1.126259463655029297e+09,-7.280289653306531026e-10
1.126259463655517578e+09,-6.514904086247079113e-11
1.126259463656005859e+09,-1.220207105939452074e-09
1.126259463656494141e+09,-3.016007606691911287e-09
1.126259463656982422e+09,-2.495748344175439233e-09
1.126259463657470703e+09,-5.439794767074680355e-10
1.126259463657958984e+09,-6.274466971170821312e-10
1.126259463658447266e+09,-2.631902532150456883e-09
1.126259463658935547e+09,-3.176991187533216236e-09
1.126259463659423828e+09,-1.722519762594682701e-09
1.126259463659912109e+09,-1.116321094472855317e-09
1.126259463660400391e+09,-2.033569125023948295e-09
1.126259463660888672e+09,-2.084631464762234252e-09
1.126259463661376953e+09,-8.643171412719577451e-10
1.126259463661865234e+09,-7.716578502424076959e-10
1.126259463662353516e+09,-2.058751125872523444e-09
1.126259463662841797e+09,-2.037945022021461627e-09
1.126259463663330078e+09,-2.335959819165225550e-10
1.126259463663818359e+09,5.120102502943689198e-10
1.126259463664306641e+09,-7.018380757783433879e-10
1.126259463664794922e+09,-1.207514469190553269e-09
1.126259463665283203e+09,1.643890739923213429e-10
1.126259463665771484e+09,1.050634186424288641e-09
1.126259463666259766e+09,2.631597251686917134e-10
1.126259463666748047e+09,-3.664588138593174325e-11
1.126259463667236328e+09,1.196699061584053524e-09
1.126259463667724609e+09,1.701216615904796583e-09
1.126259463668212891e+09,3.704134233240408015e-10
1.126259463668701172e+09,-3.694583883129466819e-10
1.126259463669189453e+09,9.581993832575906825e-10
1.126259463669677734e+09,2.109956465526430864e-09
1.126259463670166016e+09,1.361152425922304880e-09
1.126259463670654297e+09,5.511668926925442086e-10
1.126259463671142578e+09,1.243433945620781692e-09
1.126259463671630859e+09,1.742863207511697974e-09
1.126259463672119141e+09,7.684424399276192126e-10
1.126259463672607422e+09,2.588599544884506535e-10
1.126259463673095703e+09,1.485200386000700728e-09
1.126259463673583984e+09,2.148307300912436429e-09
1.126259463674072266e+09,6.170599120902877338e-10
1.126259463674560547e+09,-6.580517655640287358e-10
1.126259463675048828e+09,4.979714367260588318e-10
1.126259463675537109e+09,1.849091375808099102e-09
1.126259463676025391e+09,8.270326843149038442e-10
1.126259463676513672e+09,-7.316964605068546256e-10
1.126259463677001953e+09,-1.215968151215998172e-10
1.126259463677490234e+09,1.206302356376295267e-09
1.126259463677978516e+09,6.598489092022868233e-10
1.126259463678466797e+09,-4.292625736956614073e-10
1.126259463678955078e+09,4.414304520787345890e-10
1.126259463679443359e+09,1.781859547023587795e-09
1.126259463679931641e+09,7.811010149827423181e-10
1.126259463680419922e+09,-1.117406858688628020e-09
1.126259463680908203e+09,-5.996944501616451497e-10
1.126259463681396484e+09,1.395656260558578942e-09
1.126259463681884766e+09,1.349394856635678366e-09
1.126259463682373047e+09,-4.781757836650723916e-10
1.126259463682861328e+09,-8.589588838860889074e-10
1.126259463683349609e+09,2.769272351341137723e-10
1.126259463683837891e+09,1.040454738625324987e-10
1.126259463684326172e+09,-1.340850933180166572e-09
1.126259463684814453e+09,-1.268816460377523491e-09
1.126259463685302734e+09,2.018487278101606750e-10
1.126259463685791016e+09,5.717576709527393505e-11
1.126259463686279297e+09,-1.769507054945966945e-09
1.126259463686767578e+09,-2.060099826223765632e-09
1.126259463687255859e+09,-3.408524124124899371e-10
1.126259463687744141e+09,1.678280566273307193e-10
1.126259463688232422e+09,-1.499857329943517549e-09
1.126259463688720703e+09,-2.460518035873362243e-09
1.126259463689208984e+09,-1.510920828247854411e-09
1.126259463689697266e+09,-1.060790794313101298e-09
1.126259463690185547e+09,-2.082491845090459397e-09
1.126259463690673828e+09,-2.231971608225189318e-09
1.126259463691162109e+09,-7.783042207189313856e-10
1.126259463691650391e+09,-4.172216670403835205e-10
1.126259463692138672e+09,-2.080771865709723423e-09
1.126259463692626953e+09,-2.773496998932371903e-09
1.126259463693115234e+09,-9.578899089042275354e-10
1.126259463693603516e+09,5.669601016680047476e-10
1.126259463694091797e+09,-2.170877286384815641e-10
1.126259463694580078e+09,-1.071857293939777488e-09
1.126259463695068359e+09,-1.999576589108218256e-11
1.126259463695556641e+09,1.026068218373359133e-09
1.126259463696044922e+09,3.146270548460661757e-10
1.126259463696533203e+09,-2.195288576475471202e-10
1.126259463697021484e+09,1.101486611518197870e-09
1.126259463697509766e+09,2.153880455236026962e-09
1.126259463697998047e+09,1.053916466077333147e-09
1.126259463698486328e+09,4.216812989879689601e-11
1.126259463698974609e+09,1.453992224703151913e-09
1.126259463699462891e+09,3.255742032484136615e-09
1.126259463699951172e+09,2.682769157783277773e-09
1.126259463700439453e+09,1.155613977833997013e-09
1.126259463700927734e+09,1.328951708511516626e-09
1.126259463701416016e+09,2.188665949340799507e-09
1.126259463701904297e+09,1.521817745519141870e-09
1.126259463702392578e+09,5.635593656014688005e-10
1.126259463702880859e+09,1.522220283528464581e-09
1.126259463703369141e+09,2.856162290468612970e-09
1.126259463703857422e+09,1.845616618831620951e-09
1.126259463704345703e+09,-1.565943828223172124e-10
1.126259463704833984e+09,3.597298740365009469e-11
1.126259463705322266e+09,1.672763202723785100e-09
1.126259463705810547e+09,1.535467133962459323e-09
1.126259463706298828e+09,-2.177677608105842294e-10
1.126259463706787109e+09,-7.419871549604870109e-10
1.126259463707275391e+09,3.169755417381191536e-11
1.126259463707763672e+09,-2.726440073627140403e-10
1.126259463708251953e+09,-1.433699578798903881e-09
1.126259463708740234e+09,-1.054465599792401885e-09
1.126259463709228516e+09,3.907780803256529907e-10
1.126259463709716797e+09,4.401215502525978409e-11
1.126259463710205078e+09,-1.900185537148740085e-09
1.126259463710693359e+09,-2.292776311434048203e-09
1.126259463711181641e+09,-7.214698407360773202e-10
1.126259463711669922e+09,-1.058531656073954665e-10
1.126259463712158203e+09,-1.226334273420559792e-09
1.126259463712646484e+09,-1.655243658876023398e-09
1.126259463713134766e+09,-7.671863245943491612e-10
1.126259463713623047e+09,-7.894005397213426110e-10
1.126259463714111328e+09,-1.954704784096855253e-09
1.126259463714599609e+09,-1.662560015432019952e-09
1.126259463715087891e+09,2.962837677984868481e-10
1.126259463715576172e+09,7.242763802701529581e-10
1.126259463716064453e+09,-1.208108238349746859e-09
1.126259463716552734e+09,-2.170285045207780027e-09
1.126259463717041016e+09,-5.683107966945953936e-10
1.126259463717529297e+09,7.029340282686852669e-10
1.126259463718017578e+09,-3.024975570676520464e-10
1.126259463718505859e+09,-1.231998672775103641e-09
1.126259463718994141e+09,-2.399819126197085672e-10
1.126259463719482422e+09,5.108742373308919413e-10
1.126259463719970703e+09,-7.055786002305075530e-10
1.126259463720458984e+09,-1.591809590240869349e-09
1.126259463720947266e+09,-1.783981364839507116e-10
1.126259463721435547e+09,1.228991344147693990e-09
1.126259463721923828e+09,1.904207250078735947e-10
1.126259463722412109e+09,-1.406391652301394565e-09
1.126259463722900391e+09,-9.070208304345233655e-10
1.126259463723388672e+09,4.070448787087231877e-10
1.126259463723876953e+09,1.788895812166348536e-10
1.126259463724365234e+09,-5.237778158176441621e-10
1.126259463724853516e+09,2.877220734856865063e-10
1.126259463725341797e+09,1.313632347724580059e-09
1.126259463725830078e+09,5.284338720396621377e-10
1.126259463726318359e+09,-5.678717899781516126e-10
1.126259463726806641e+09,3.819174785152726359e-10
1.126259463727294922e+09,1.960629671316237976e-09
1.126259463727783203e+09,1.474440107207597693e-09
1.126259463728271484e+09,1.125952316182408911e-11
1.126259463728759766e+09,3.981938033942307144e-10
1.126259463729248047e+09,1.918917830756677402e-09
1.126259463729736328e+09,1.821862717323727926e-09
1.126259463730224609e+09,5.869528480248127453e-10
1.126259463730712891e+09,8.198462311072309579e-10
1.126259463731201172e+09,2.090598755013425280e-09
1.126259463731689453e+09,1.827477663036390914e-09
1.126259463732177734e+09,4.769958984048592643e-10
1.126259463732666016e+09,7.529138390216924373e-10
1.126259463733154297e+09,2.291576798181053277e-09
1.126259463733642578e+09,2.118243903694932995e-09
1.126259463734130859e+09,2.337548639817379819e-10
1.126259463734619141e+09,-3.241109782496366094e-10
1.126259463735107422e+09,8.964018460785654278e-10
1.126259463735595703e+09,1.120288997220902640e-09
1.126259463736083984e+09,-2.660408457839758669e-10
1.126259463736572266e+09,-7.224723981165571303e-10
1.126259463737060547e+09,3.069673125496873924e-10
1.126259463737548828e+09,2.657362157090292333e-10
1.126259463738037109e+09,-1.407363713919907564e-09
1.126259463738525391e+09,-1.956692962555504755e-09
1.126259463739013672e+09,-5.406102415952753950e-10
1.126259463739501953e+09,9.667660289830952345e-13
1.126259463739990234e+09,-1.620279705634579198e-09
1.126259463740478516e+09,-2.756077145190839107e-09
1.126259463740966797e+09,-1.731518391487146764e-09
1.126259463741455078e+09,-7.262402936802954100e-10
1.126259463741943359e+09,-1.449120861227697496e-09
1.126259463742431641e+09,-2.147928976129134344e-09
1.126259463742919922e+09,-1.427908710927442892e-09
1.126259463743408203e+09,-1.005014276691828520e-09
1.126259463743896484e+09,-1.974195806527767740e-09
1.126259463744384766e+09,-2.244857804600661689e-09
1.126259463744873047e+09,-5.785722042252814551e-10
1.126259463745361328e+09,5.823365363745337258e-10
1.126259463745849609e+09,-6.009095907423662478e-10
1.126259463746337891e+09,-1.865231034790921351e-09
1.126259463746826172e+09,-8.930620921634814000e-10
1.126259463747314453e+09,6.169985350569602026e-10
1.126259463747802734e+09,3.868297874511451430e-10
1.126259463748291016e+09,-2.846688040023148314e-10
1.126259463748779297e+09,4.944164619199986811e-10
1.126259463749267578e+09,1.267012283015440574e-09
1.126259463749755859e+09,2.540959272303170303e-10
1.126259463750244141e+09,-6.577288620502018390e-10
1.126259463750732422e+09,7.823134493641798920e-10
1.126259463751220703e+09,2.600191222401677910e-09
1.126259463751708984e+09,1.808305707159179968e-09
1.126259463752197266e+09,-1.773921082911062830e-10
1.126259463752685547e+09,-2.118171573254584760e-11
1.126259463753173828e+09,1.686648458037312917e-09
1.126259463753662109e+09,1.917453386845329430e-09
1.126259463754150391e+09,8.200959195347419384e-10
1.126259463754638672e+09,8.611124982246268089e-10
1.126259463755126953e+09,1.706037521802856223e-09
1.126259463755615234e+09,1.050504259021466010e-09
1.126259463756103516e+09,-4.057281965335755133e-10
1.126259463756591797e+09,5.098775169135928514e-11
1.126259463757080078e+09,1.789018856755887986e-09
1.126259463757568359e+09,1.588271916756915374e-09
1.126259463758056641e+09,-5.131158103559979911e-10
1.126259463758544922e+09,-1.223198084801394477e-09
1.126259463759033203e+09,1.253490156971458740e-10
1.126259463759521484e+09,7.698600660943193636e-10
1.126259463760009766e+09,-1.079556562498029431e-10
1.126259463760498047e+09,-2.760631258420142765e-10
1.126259463760986328e+09,6.742547722963708129e-10
1.126259463761474609e+09,4.218507536091999202e-10
1.126259463761962891e+09,-1.165233469544479358e-09
1.126259463762451172e+09,-1.214434986453976608e-09
1.126259463762939453e+09,7.634215716452797130e-10
1.126259463763427734e+09,1.569690299469964870e-09
1.126259463763916016e+09,-3.842619273121835795e-11
1.126259463764404297e+09,-1.202133144072201049e-09
1.126259463764892578e+09,-2.721246556975816168e-10
1.126259463765380859e+09,4.833638247748563812e-10
1.126259463765869141e+09,-4.038477167144318172e-10
1.126259463766357422e+09,-8.538129922315673947e-10
1.126259463766845703e+09,3.274390750978774625e-10
1.126259463767333984e+09,7.922101164293206314e-10
1.126259463767822266e+09,-7.809158640318310151e-10
1.126259463768310547e+09,-1.784619791867193019e-09
1.126259463768798828e+09,-4.017988175569779620e-10
1.126259463769287109e+09,8.907684190758579057e-10
1.126259463769775391e+09,-1.834619785928438058e-10
1.126259463770263672e+09,-1.643239337593847569e-09
1.126259463770751953e+09,-1.186847011054360401e-09
1.126259463771240234e+09,-3.992683861489628143e-10
1.126259463771728516e+09,-1.260459149803093942e-09
1.126259463772216797e+09,-2.057699275529707247e-09
1.126259463772705078e+09,-8.438073373433755059e-10
1.126259463773193359e+09,3.771218839670843259e-10
1.126259463773681641e+09,-7.749370572386229068e-10
1.126259463774169922e+09,-2.375444247091877738e-09
1.126259463774658203e+09,-1.583045118740025260e-09
1.126259463775146484e+09,1.276436359162087140e-10
1.126259463775634766e+09,-1.879574138099004370e-10
1.126259463776123047e+09,-1.461423674431126632e-09
1.126259463776611328e+09,-8.937787998757568713e-10
1.126259463777099609e+09,5.887925656630686422e-10
1.126259463777587891e+09,2.953729533958157220e-10
1.126259463778076172e+09,-8.027299315123082334e-10
1.126259463778564453e+09,7.642571575642964742e-11
1.126259463779052734e+09,1.903326323378198619e-09
1.126259463779541016e+09,1.552646587135994164e-09
1.126259463780029297e+09,-1.674197886475082293e-10
1.126259463780517578e+09,1.578920371058784884e-10
1.126259463781005859e+09,2.136819281277349432e-09
1.126259463781494141e+09,2.277125786512748850e-09
1.126259463781982422e+09,5.712281131671274912e-10
1.126259463782470703e+09,4.569088922450944256e-10
1.126259463782958984e+09,2.260546714426412659e-09
1.126259463783447266e+09,2.646715749424835291e-09
1.126259463783935547e+09,1.028605359375688573e-09
1.126259463784423828e+09,5.799722737750844951e-10
1.126259463784912109e+09,1.988565671461539463e-09
1.126259463785400391e+09,2.109181958199625261e-09
1.126259463785888672e+09,1.679853421770943470e-10
1.126259463786376953e+09,-5.179968657749519773e-10
1.126259463786865234e+09,1.195329779160155148e-09
1.126259463787353516e+09,1.963473309155238598e-09
1.126259463787841797e+09,1.168324199644113295e-10
1.126259463788330078e+09,-1.303550969462395975e-09
1.126259463788818359e+09,-2.628667039906245829e-10
1.126259463789306641e+09,7.130706909965965825e-10
1.126259463789794922e+09,-3.893085778107199480e-10
1.126259463790283203e+09,-1.397183902621300961e-09
1.126259463790771484e+09,-5.467965984595692202e-10
1.126259463791259766e+09,-3.696053365088869926e-11
1.126259463791748047e+09,-1.514915559733846002e-09
1.126259463792236328e+09,-2.476898193274378738e-09
1.126259463792724609e+09,-9.179966276600224884e-10
1.126259463793212891e+09,6.076802262051488860e-10
1.126259463793701172e+09,-4.782271327169636925e-10
1.126259463794189453e+09,-2.102190033394621109e-09
1.126259463794677734e+09,-1.504839095121872808e-09
1.126259463795166016e+09,-1.818667479665844861e-10
1.126259463795654297e+09,-5.736416220050685122e-10
1.126259463796142578e+09,-1.320873769649243627e-09
1.126259463796630859e+09,-3.358711061224864797e-10
1.126259463797119141e+09,6.648319875076507810e-10
1.126259463797607422e+09,-5.617352610925593277e-10
1.126259463798095703e+09,-1.985546899325483715e-09
1.126259463798583984e+09,-7.272578319586071260e-10
1.126259463799072266e+09,1.434462398889661988e-09
1.126259463799560547e+09,1.088266871030227109e-09
1.126259463800048828e+09,-7.199244623286452011e-10
1.126259463800537109e+09,-6.975527490122022984e-10
1.126259463801025391e+09,5.769282924767219855e-10
1.126259463801513672e+09,2.365070650722746974e-10
1.126259463802001953e+09,-1.030752128553573948e-09
1.126259463802490234e+09,-4.114734372965183634e-10
1.126259463802978516e+09,1.218109585593759918e-09
1.126259463803466797e+09,7.193469294936645243e-10
1.126259463803955078e+09,-1.136088536760673312e-09
1.126259463804443359e+09,-8.208054171462913548e-10
1.126259463804931641e+09,1.307475314966120371e-09
1.126259463805419922e+09,1.499195880196167333e-09
1.126259463805908203e+09,-5.240543186657773967e-10
1.126259463806396484e+09,-1.206709995666945948e-09
1.126259463806884766e+09,1.980554457739806075e-10
1.126259463807373047e+09,6.167898201453140458e-10
1.126259463807861328e+09,-6.670194299171040769e-10
1.126259463808349609e+09,-7.817585684522012854e-10
1.126259463808837891e+09,8.243164144665064081e-10
1.126259463809326172e+09,1.106807756131859619e-09
1.126259463809814453e+09,-5.923328056704646751e-10
1.126259463810302734e+09,-1.016285479433968723e-09
1.126259463810791016e+09,8.551165180288254438e-10
1.126259463811279297e+09,1.724044622459622046e-09
1.126259463811767578e+09,8.680953012052430791e-11
1.126259463812255859e+09,-1.014798398650916767e-09
1.126259463812744141e+09,2.715514421358059450e-10
1.126259463813232422e+09,1.375387794963855665e-09
1.126259463813720703e+09,4.754346088761430396e-10
1.126259463814208984e+09,-1.563346779551138103e-10
1.126259463814697266e+09,1.062148228676761110e-09
1.126259463815185547e+09,1.750157616946476241e-09
1.126259463815673828e+09,3.053294022506556533e-10
1.126259463816162109e+09,-6.907765179598934092e-10
1.126259463816650391e+09,7.351817978834706262e-10
1.126259463817138672e+09,2.105070122453809540e-09
1.126259463817626953e+09,1.058451826470924993e-09
1.126259463818115234e+09,-3.779579826543980835e-10
1.126259463818603516e+09,1.467830840896134963e-10
1.126259463819091797e+09,9.647977596812692849e-10
1.126259463819580078e+09,5.807914412470607705e-11
1.126259463820068359e+09,-7.700136098872124390e-10
1.126259463820556641e+09,4.231009240327782806e-10
1.126259463821044922e+09,1.496819083812995164e-09
1.126259463821533203e+09,8.844957985860990686e-11
1.126259463822021484e+09,-1.691376021116981126e-09
1.126259463822509766e+09,-9.905104446076983677e-10
1.126259463822998047e+09,5.320253769598678177e-10
1.126259463823486328e+09,-8.332058563989451218e-11
1.126259463823974609e+09,-1.614543055452168719e-09
1.126259463824462891e+09,-1.315549808122610257e-09
1.126259463824951172e+09,-2.852186176541819862e-10
1.126259463825439453e+09,-1.031071302571320752e-09
1.126259463825927734e+09,-2.192792687095784609e-09
1.126259463826416016e+09,-1.087995224605570396e-09
1.126259463826904297e+09,6.949261604087578698e-10
1.126259463827392578e+09,-1.376579888132511960e-10
1.126259463827880859e+09,-2.292925952502655429e-09
1.126259463828369141e+09,-1.954083997726597868e-09
1.126259463828857422e+09,3.398263315591111114e-10
1.126259463829345703e+09,7.920444445868083298e-10
1.126259463829833984e+09,-7.410103137213712634e-10
1.126259463830322266e+09,-9.380206036708664839e-10
1.126259463830810547e+09,5.265666085267678239e-10
1.126259463831298828e+09,7.381434478774864571e-10
1.126259463831787109e+09,-4.435976757042119755e-10
1.126259463832275391e+09,-1.028078326721400894e-10
1.126259463832763672e+09,1.795398580382596786e-09
1.126259463833251953e+09,2.039105225364272693e-09
1.126259463833740234e+09,2.692416427703450296e-10
1.126259463834228516e+09,-2.687779861600946962e-10
1.126259463834716797e+09,1.169051086384206710e-09
1.126259463835205078e+09,1.613358525309843913e-09
1.126259463835693359e+09,2.508011043081796500e-10
1.126259463836181641e+09,-1.411053998161409352e-10
1.126259463836669922e+09,1.119778754822808163e-09
1.126259463837158203e+09,1.149663288916113100e-09
1.126259463837646484e+09,-7.059572855630402466e-10
1.126259463838134766e+09,-1.231032771793763463e-09
1.126259463838623047e+09,5.668423950998957046e-10
1.126259463839111328e+09,1.276768724814860574e-09
1.126259463839599609e+09,-6.806339523325554151e-10
1.126259463840087891e+09,-2.072239155145632520e-09
1.126259463840576172e+09,-8.064513915341351038e-10
1.126259463841064453e+09,3.897903671730265038e-10
1.126259463841552734e+09,-6.842998425163724645e-10
1.126259463842041016e+09,-1.708264448391939201e-09
1.126259463842529297e+09,-5.952217164367420278e-10
1.126259463843017578e+09,4.929217923271941763e-10
1.126259463843505859e+09,-4.479186060322866939e-10
1.126259463843994141e+09,-1.276566353854558404e-09
1.126259463844482422e+09,1.588723034645415636e-11
1.126259463844970703e+09,1.215023096090021639e-09
1.126259463845458984e+09,1.058948297361814245e-10
1.126259463845947266e+09,-1.142776916378284801e-09
1.126259463846435547e+09,-2.803655356597028900e-11
1.126259463846923828e+09,1.536663854566705687e-09
1.126259463847412109e+09,8.883906428216404835e-10
1.126259463847900391e+09,-4.121534004647215626e-10
1.126259463848388672e+09,2.115212158542639990e-10
1.126259463848876953e+09,1.392620516803999246e-09
1.126259463849365234e+09,7.376208509013262336e-10
1.126259463849853516e+09,-3.039494365735575035e-10
1.126259463850341797e+09,6.650805813178284194e-10
1.126259463850830078e+09,1.982595004164174666e-09
1.126259463851318359e+09,8.524811643716438862e-10
1.126259463851806641e+09,-1.174563320942036118e-09
1.126259463852294922e+09,-8.132740932278600092e-10
1.126259463852783203e+09,1.002270986009399234e-09
1.126259463853271484e+09,1.016063178211089788e-09
1.126259463853759766e+09,-3.828002713658972632e-10
1.126259463854248047e+09,-4.216926526157957695e-10
1.126259463854736328e+09,4.720623165425913349e-10
1.126259463855224609e+09,-1.840347754726737045e-10
1.126259463855712891e+09,-1.557378443818591339e-09
1.126259463856201172e+09,-8.637379355130841701e-10
1.126259463856689453e+09,9.380399135126390266e-10
1.126259463857177734e+09,4.903648226583743545e-10
1.126259463857666016e+09,-1.651357686223979255e-09
1.126259463858154297e+09,-1.810241874772073819e-09
1.126259463858642578e+09,1.221523597365290210e-10
1.126259463859130859e+09,6.476743763255037302e-10
1.126259463859619141e+09,-7.480069725267187521e-10
1.126259463860107422e+09,-9.357272474816614320e-10
1.126259463860595703e+09,5.594684413960442089e-10
1.126259463861083984e+09,6.316689993807648832e-10
1.126259463861572266e+09,-1.166264621218933110e-09
1.126259463862060547e+09,-1.435260295031171718e-09
1.126259463862548828e+09,6.489814725666817801e-10
1.126259463863037109e+09,1.549068007189756164e-09
1.126259463863525391e+09,-1.885764781650777779e-10
1.126259463864013672e+09,-1.311752239621245986e-09
1.126259463864501953e+09,1.146972005873964768e-10
1.126259463864990234e+09,1.431085967096654682e-09
1.126259463865478516e+09,6.600483309258041325e-10
1.126259463865966797e+09,-5.388078967616519707e-11
1.126259463866455078e+09,8.916852677206659483e-10
1.126259463866943359e+09,1.321082869350846767e-09
1.126259463867431641e+09,-1.745723764235865508e-10
1.126259463867919922e+09,-1.038457274466607171e-09
1.126259463868408203e+09,5.364512628432634443e-10
1.126259463868896484e+09,1.950884287450082246e-09
1.126259463869384766e+09,7.979356735303531726e-10
1.126259463869873047e+09,-8.441339784966578702e-10
1.126259463870361328e+09,-3.804845227467741855e-10
1.126259463870849609e+09,7.525988603947473956e-10
1.126259463871337891e+09,2.942377954136280045e-10
1.126259463871826172e+09,-5.654074276245646958e-10
1.126259463872314453e+09,-1.586956650119050132e-11
1.126259463872802734e+09,5.219338825811566057e-10
1.126259463873291016e+09,-6.284107045567716486e-10
1.126259463873779297e+09,-1.635753781796068997e-09
1.126259463874267578e+09,-4.807177550676373162e-10
1.126259463874755859e+09,8.621448567967252118e-10
1.126259463875244141e+09,-1.802902310145211454e-10
1.126259463875732422e+09,-1.923711405945372026e-09
1.126259463876220703e+09,-1.408430971422054213e-09
1.126259463876708984e+09,2.613265452418848589e-10
1.126259463877197266e+09,1.858511355627695889e-10
1.126259463877685547e+09,-9.633476339263335220e-10
1.126259463878173828e+09,-6.430027269225775296e-10
1.126259463878662109e+09,4.476262828468613546e-10
1.126259463879150391e+09,-9.170346298628722560e-11
1.126259463879638672e+09,-1.326144951741235310e-09
1.126259463880126953e+09,-5.636452077505540571e-10
1.126259463880615234e+09,1.294363205838863891e-09
1.126259463881103516e+09,1.110128225994540575e-09
1.126259463881591797e+09,-7.005137803891405832e-10
1.126259463882080078e+09,-8.804644106628285899e-10
1.126259463882568359e+09,7.710034091515307739e-10
1.126259463883056641e+09,1.363981719235320833e-09
1.126259463883544922e+09,4.644444890244285055e-10
1.126259463884033203e+09,4.912121965912709802e-10
1.126259463884521484e+09,1.566879687486570903e-09
1.126259463885009766e+09,1.188100997107715395e-09
1.126259463885498047e+09,-5.794962575859698538e-10
1.126259463885986328e+09,-7.483559703106963030e-10
1.126259463886474609e+09,1.009941374121875560e-09
1.126259463886962891e+09,1.499701864168750730e-09
1.126259463887451172e+09,-2.324439919023139033e-10
1.126259463887939453e+09,-1.238160789098246984e-09
1.126259463888427734e+09,-1.314320152565690004e-10
1.126259463888916016e+09,6.521360292685108254e-10
1.126259463889404297e+09,-2.734592521553681579e-10
1.126259463889892578e+09,-8.410225027929778487e-10
1.126259463890380859e+09,4.070847929934458723e-11
1.126259463890869141e+09,2.249919411300121572e-10
1.126259463891357422e+09,-1.257630754423927518e-09
1.126259463891845703e+09,-1.904679517154230702e-09
1.126259463892333984e+09,-3.700696256834933735e-10
1.126259463892822266e+09,7.831843889839074571e-10
1.126259463893310547e+09,-3.241792005517032725e-10
1.126259463893798828e+09,-1.519212920195394898e-09
1.126259463894287109e+09,-7.080933445718674381e-10
1.126259463894775391e+09,4.362666963989458380e-10
1.126259463895263672e+09,3.019816880212830267e-11
1.126259463895751953e+09,-4.310992142831444550e-10
1.126259463896240234e+09,6.094874081569652599e-10
1.126259463896728516e+09,1.329552727288765808e-09
1.126259463897216797e+09,1.349130458995884516e-11
1.126259463897705078e+09,-1.225052502914340719e-09
1.126259463898193359e+09,-3.162345787105177951e-11
1.126259463898681641e+09,1.795787695775673140e-09
1.126259463899169922e+09,1.475920235187035172e-09
1.126259463899658203e+09,1.326204694380512867e-10
1.126259463900146484e+09,3.706427286096175812e-10
1.126259463900634766e+09,1.391025432366250246e-09
1.126259463901123047e+09,8.869148356113733489e-10
1.126259463901611328e+09,-2.706262139139204049e-10
1.126259463902099609e+09,2.363247207709779312e-10
1.126259463902587891e+09,1.464811004600179212e-09
1.126259463903076172e+09,8.351297064250212839e-10
1.126259463903564453e+09,-8.718622584552599167e-10
1.126259463904052734e+09,-7.726475577034857498e-10
1.126259463904541016e+09,8.323913509173465803e-10
1.126259463905029297e+09,1.041907723275391363e-09
1.126259463905517578e+09,-3.985130587881317390e-10
1.126259463906005859e+09,-9.715251617443985962e-10
1.126259463906494141e+09,-1.890766791951932571e-10
1.126259463906982422e+09,-7.152807746219590979e-11
1.126259463907470703e+09,-8.954121694587463205e-10
1.126259463907958984e+09,-8.159208484922830838e-10
1.126259463908447266e+09,1.132845057809543008e-10
1.126259463908935547e+09,-1.806633953906270242e-10
1.126259463909423828e+09,-1.554593052482692286e-09
1.126259463909912109e+09,-1.520975898496352313e-09
1.126259463910400391e+09,1.139525579339560336e-10
1.126259463910888672e+09,6.785612268876380066e-10
1.126259463911376953e+09,-5.573869142499574789e-10
1.126259463911865234e+09,-1.171943752810012099e-09
1.126259463912353516e+09,-1.560735541015105258e-10
1.126259463912841797e+09,4.480304636906850245e-10
1.126259463913330078e+09,-2.991737985234412821e-10
1.126259463913818359e+09,-5.240923720164712298e-10
1.126259463914306641e+09,5.131571505170990720e-10
1.126259463914794922e+09,7.522464546880760741e-10
1.126259463915283203e+09,-5.935699098687799563e-10
1.126259463915771484e+09,-1.141409548166038789e-09
1.126259463916259766e+09,4.097617172061541573e-10
1.126259463916748047e+09,1.752343622732809287e-09
1.126259463917236328e+09,9.662201728421408151e-10
1.126259463917724609e+09,-3.433212556401538521e-10
1.126259463918212891e+09,-2.765023147354885267e-10
1.126259463918701172e+09,2.223981130714291836e-10
1.126259463919189453e+09,-6.888339398239289851e-11
1.126259463919677734e+09,-8.167294408222615438e-11
1.126259463920166016e+09,9.124855357626915264e-10
1.126259463920654297e+09,1.123852540265095199e-09
1.126259463921142578e+09,-4.885096968467402616e-10
1.126259463921630859e+09,-1.652506396963761394e-09
1.126259463922119141e+09,-4.672182861113257110e-10
1.126259463922607422e+09,1.093389974070922810e-09
1.126259463923095703e+09,5.230690899072068929e-10
1.126259463923583984e+09,-9.801735954008200085e-10
1.126259463924072266e+09,-1.005069997414955869e-09
1.126259463924560547e+09,-2.242866536306050516e-10
1.126259463925048828e+09,-5.644740599137065617e-10
1.126259463925537109e+09,-1.240163323888337718e-09
1.126259463926025391e+09,-4.677070232339660977e-10
1.126259463926513672e+09,6.687380371656425365e-10
1.126259463927001953e+09,2.718456568494688552e-11
1.126259463927490234e+09,-1.387147611114644296e-09
1.126259463927978516e+09,-1.018027773135377076e-09
1.126259463928466797e+09,6.270030473231659340e-10
1.126259463928955078e+09,9.644023152809595184e-10
1.126259463929443359e+09,-3.195538820077687344e-12
1.126259463929931641e+09,-5.367282902485620735e-11
1.126259463930419922e+09,9.102825029905108813e-10
1.126259463930908203e+09,9.559743874428835002e-10
1.126259463931396484e+09,1.540930801125726659e-10
1.126259463931884766e+09,4.529375874881984545e-10
1.126259463932373047e+09,1.655687483225727739e-09
1.126259463932861328e+09,1.549307014018373536e-09
1.126259463933349609e+09,1.631155139474965037e-10
1.126259463933837891e+09,-8.072648992368993093e-11
1.126259463934326172e+09,1.190449133959227015e-09
1.126259463934814453e+09,1.633450528698867296e-09
1.126259463935302734e+09,5.119752556669033893e-10
1.126259463935791016e+09,-1.824816281864881105e-10
1.126259463936279297e+09,3.355775350222872683e-10
1.126259463936767578e+09,4.263315528537505137e-10
1.126259463937255859e+09,-3.471794626923025546e-10
1.126259463937744141e+09,-2.185285954741811476e-10
1.126259463938232422e+09,9.983355402013949798e-10
1.126259463938720703e+09,9.646174674250043559e-10
1.126259463939208984e+09,-8.938222611590206151e-10
1.126259463939697266e+09,-1.913128263713993484e-09
1.126259463940185547e+09,-7.300727412450000322e-10
1.126259463940673828e+09,3.626400628795724727e-10
1.126259463941162109e+09,-4.205084334969569262e-10
1.126259463941650391e+09,-1.390306651218190022e-09
1.126259463942138672e+09,-8.450436801839587275e-10
1.126259463942626953e+09,-1.156883017717544175e-10
1.126259463943115234e+09,-6.149597519986775716e-10
1.126259463943603516e+09,-1.005405766288328220e-09
1.126259463944091797e+09,-5.625681921636027597e-11
1.126259463944580078e+09,6.166978458484783068e-10
1.126259463945068359e+09,-4.224099850090512456e-10
1.126259463945556641e+09,-1.409886521046983993e-09
1.126259463946044922e+09,-4.592007982672185094e-10
1.126259463946533203e+09,8.931964449800752466e-10
1.126259463947021484e+09,4.450024207603336552e-10
1.126259463947509766e+09,-7.260932213995188671e-10
1.126259463947998047e+09,-4.625650227565023403e-10
1.126259463948486328e+09,4.804222068942548538e-10
1.126259463948974609e+09,2.023997313808464135e-10
1.126259463949462891e+09,-5.047537401448211813e-10
1.126259463949951172e+09,1.870819421089040516e-10
1.126259463950439453e+09,1.299792436047690737e-09
1.126259463950927734e+09,7.192426372752487235e-10
1.126259463951416016e+09,-6.577410507548865459e-10
1.126259463951904297e+09,-3.931364205951381755e-10
1.126259463952392578e+09,9.702988683570069053e-10
1.126259463952880859e+09,8.849671999250195229e-10
1.126259463953369141e+09,-5.260966709495593231e-10
1.126259463953857422e+09,-8.704180764656689047e-10
1.126259463954345703e+09,-1.333335797505038823e-11
1.126259463954833984e+09,-2.852540854313182698e-11
1.126259463955322266e+09,-8.882157485952091428e-10
1.126259463955810547e+09,-4.803025238715591375e-10
1.126259463956298828e+09,9.690612762608324833e-10
1.126259463956787109e+09,8.201174131309034324e-10
1.126259463957275391e+09,-1.110926828739856047e-09
1.126259463957763672e+09,-1.871479479641047448e-09
1.126259463958251953e+09,-4.716126482562964496e-10
1.126259463958740234e+09,4.828551938698398009e-10
1.126259463959228516e+09,-4.798860089786564136e-10
1.126259463959716797e+09,-1.338094074079225488e-09
1.126259463960205078e+09,-5.710449293679481556e-10
1.126259463960693359e+09,2.629498011192256150e-10
1.126259463961181641e+09,-1.342870006709041801e-10
1.126259463961669922e+09,-3.830281442953987943e-10
1.126259463962158203e+09,5.249656815237498054e-10
1.126259463962646484e+09,9.985684399490182481e-10
1.126259463963134766e+09,-4.575542748673058108e-11
1.126259463963623047e+09,-8.335128591441252892e-10
1.126259463964111328e+09,1.282887419502225080e-10
1.126259463964599609e+09,1.322357397814855763e-09
1.126259463965087891e+09,1.055076562280697029e-09
1.126259463965576172e+09,3.940003686201515633e-10
1.126259463966064453e+09,7.842695299490291274e-10
1.126259463966552734e+09,1.270826471911622912e-09
1.126259463967041016e+09,7.224762883920751304e-10
1.126259463967529297e+09,3.907782428471848640e-10
1.126259463968017578e+09,1.460940006539472501e-09
1.126259463968505859e+09,2.342514939630713997e-09
1.126259463968994141e+09,1.346715570941590644e-09
1.126259463969482422e+09,-5.970201776947253077e-11
1.126259463969970703e+09,2.609997686083726760e-10
1.126259463970458984e+09,1.365891834469827407e-09
1.126259463970947266e+09,1.153017547317412183e-09
1.126259463971435547e+09,1.724081718462576333e-10
1.126259463971923828e+09,1.574957937617241759e-10
1.126259463972412109e+09,4.648815068405337165e-10
1.126259463972900391e+09,-4.493316080570635055e-10
1.126259463973388672e+09,-1.511905718356598881e-09
1.126259463973876953e+09,-7.762351371298254060e-10
1.126259463974365234e+09,5.654622112882507250e-10
1.126259463974853516e+09,-1.197764465506529471e-10
1.126259463975341797e+09,-2.129617993024872397e-09
1.126259463975830078e+09,-2.443077738917955185e-09
1.126259463976318359e+09,-9.059655454775077225e-10
1.126259463976806641e+09,-2.177916782541021593e-10
1.126259463977294922e+09,-1.016922733664108401e-09
1.126259463977783203e+09,-1.236260542682433150e-09
1.126259463978271484e+09,-4.411892692356468140e-10
1.126259463978759766e+09,-5.138024170971290129e-10
1.126259463979248047e+09,-1.549696621688654864e-09
1.126259463979736328e+09,-1.332205230179869125e-09
1.126259463980224609e+09,2.885181783695961602e-10
1.126259463980712891e+09,6.754534684033036333e-10
1.126259463981201172e+09,-8.253884165893157243e-10
1.126259463981689453e+09,-1.508841541538908078e-09
1.126259463982177734e+09,-1.230882791398378101e-10
1.126259463982666016e+09,9.789904454516242410e-10
1.126259463983154297e+09,2.420675007693206230e-10
1.126259463983642578e+09,-4.727814159634085650e-10
1.126259463984130859e+09,2.546394538882036133e-10
1.126259463984619141e+09,7.239328377303048421e-10
1.126259463985107422e+09,-2.897235512198682228e-10
1.126259463985595703e+09,-8.532895540604863371e-10
1.126259463986083984e+09,4.670172951062830434e-10
1.126259463986572266e+09,1.584674076021091109e-09
1.126259463987060547e+09,5.227287301487355958e-10
1.126259463987548828e+09,-9.567875426675166099e-10
1.126259463988037109e+09,-5.198901785778183703e-10
1.126259463988525391e+09,6.972993876713762847e-10
1.126259463989013672e+09,5.196509814328389293e-10
1.126259463989501953e+09,-3.100528898810035864e-10
1.126259463989990234e+09,-4.644763045695966414e-11
1.126259463990478516e+09,4.716393321260835621e-10
1.126259463990966797e+09,-2.775575454932922025e-10
1.126259463991455078e+09,-1.059573003890593778e-09
1.126259463991943359e+09,-3.618994009249135284e-11
1.126259463992431641e+09,1.448063322175789998e-09
1.126259463992919922e+09,1.008813144352822991e-09
1.126259463993408203e+09,-4.325778226832040530e-10
1.126259463993896484e+09,-3.001006584808285433e-10
1.126259463994384766e+09,1.035636634862658608e-09
1.126259463994873047e+09,1.269056610206104824e-09
1.126259463995361328e+09,5.668914225036280889e-10
1.126259463995849609e+09,8.537543646886096983e-10
1.126259463996337891e+09,1.662161652987091349e-09
1.126259463996826172e+09,9.716560641245594782e-10
1.126259463997314453e+09,-4.641531817641445794e-10
1.126259463997802734e+09,-2.552452508029479772e-11
1.126259463998291016e+09,1.839701117978403661e-09
1.126259463998779297e+09,2.028138673115924908e-09
1.126259463999267578e+09,1.819673833247040506e-10
1.126259463999755859e+09,-7.439404725664688251e-10
1.126259464000244141e+09,2.927248582952495032e-10
1.126259464000732422e+09,9.958010550183769128e-10
1.126259464001220703e+09,2.387315849916998530e-10
1.126259464001708984e+09,-2.677005063132688965e-10
1.126259464002197266e+09,1.971766396325927999e-10
1.126259464002685547e+09,1.789262340843793139e-12
1.126259464003173828e+09,-1.168937421242721186e-09
1.126259464003662109e+09,-1.287105941167609919e-09
1.126259464004150391e+09,1.328601491943659592e-11
1.126259464004638672e+09,3.209091272203953467e-10
1.126259464005126953e+09,-1.171381865855572219e-09
1.126259464005615234e+09,-2.058222912202755387e-09
1.126259464006103516e+09,-1.129431671115578055e-09
1.126259464006591797e+09,-4.662389188464928948e-10
1.126259464007080078e+09,-1.292978198278042052e-09
1.126259464007568359e+09,-1.706050988411874624e-09
1.126259464008056641e+09,-6.781235925209896654e-10
1.126259464008544922e+09,-3.455508713615864987e-10
1.126259464009033203e+09,-1.805623561165341511e-09
1.126259464009521484e+09,-2.538028634487781218e-09
1.126259464010009766e+09,-8.796235283397795615e-10
1.126259464010498047e+09,6.752588707655534178e-10
1.126259464010986328e+09,-1.772918573566823175e-10
1.126259464011474609e+09,-1.463445572469232213e-09
1.126259464011962891e+09,-6.636284441235056847e-10
1.126259464012451172e+09,8.056297672576560225e-10
1.126259464012939453e+09,5.882306168106205998e-10
1.126259464013427734e+09,-2.064913021232957337e-10
1.126259464013916016e+09,4.371138087765436441e-10
1.126259464014404297e+09,1.285401454117967072e-09
1.126259464014892578e+09,4.158800044169976103e-10
1.126259464015380859e+09,-6.133233667900531788e-10
1.126259464015869141e+09,5.168374406155675631e-10
1.126259464016357422e+09,2.269962375378493673e-09
1.126259464016845703e+09,1.817878976578693655e-09
1.126259464017333984e+09,1.995939142098090406e-10
1.126259464017822266e+09,3.370434710154485290e-10
1.126259464018310547e+09,1.685505181496845913e-09
1.126259464018798828e+09,1.589166655085978903e-09
1.126259464019287109e+09,4.415373838707178709e-10
1.126259464019775391e+09,6.384254518593311360e-10
1.126259464020263672e+09,1.653633678293863122e-09
1.126259464020751953e+09,1.117109300241456984e-09
1.126259464021240234e+09,-2.312884594418019012e-10
1.126259464021728516e+09,2.544824277056235991e-10
1.126259464022216797e+09,1.785640737690225977e-09
1.126259464022705078e+09,1.245305091491428730e-09
1.126259464023193359e+09,-9.003513157768567675e-10
1.126259464023681641e+09,-1.211268280435348140e-09
1.126259464024169922e+09,4.148764833372270974e-10
1.126259464024658203e+09,6.171032284253124856e-10
1.126259464025146484e+09,-1.067758037909881887e-09
1.126259464025634766e+09,-1.442204780684498819e-09
1.126259464026123047e+09,1.078794473120823243e-10
1.126259464026611328e+09,3.924223138275992802e-10
1.126259464027099609e+09,-1.394040027395273811e-09
1.126259464027587891e+09,-1.985181787879695252e-09
1.126259464028076172e+09,-1.987511692123240621e-10
1.126259464028564453e+09,7.843568298849232651e-10
1.126259464029052734e+09,-6.359489198424804179e-10
1.126259464029541016e+09,-1.626862966213610215e-09
1.126259464030029297e+09,-4.280998021346407334e-10
1.126259464030517578e+09,4.711411409451495960e-10
1.126259464031005859e+09,-6.134574532064188025e-10
1.126259464031494141e+09,-1.319814730221023894e-09
1.126259464031982422e+09,-6.162164116599883809e-11
1.126259464032470703e+09,7.148719447460227885e-10
1.126259464032958984e+09,-6.320873771387929610e-10
1.126259464033447266e+09,-1.495725475438407347e-09
1.126259464033935547e+09,3.254236635892757528e-11
1.126259464034423828e+09,1.261668089071226945e-09
1.126259464034912109e+09,-1.882513558484696401e-10
1.126259464035400391e+09,-1.856315208124171319e-09
1.126259464035888672e+09,-9.828818413645383853e-10
1.126259464036376953e+09,4.767893418662710646e-10
1.126259464036865234e+09,-1.721940451837574534e-10
1.126259464037353516e+09,-1.210485261841141506e-09
1.126259464037841797e+09,-1.037157302665962874e-10
1.126259464038330078e+09,1.280166014976866516e-09
1.126259464038818359e+09,1.562475530881171785e-10
1.126259464039306641e+09,-1.609262981798828859e-09
1.126259464039794922e+09,-7.523702722465720045e-10
1.126259464040283203e+09,1.275026528453855858e-09
1.126259464040771484e+09,9.293288484782257776e-10
1.126259464041259766e+09,-9.789485862379328821e-10
1.126259464041748047e+09,-1.033965570224913523e-09
1.126259464042236328e+09,4.927769592796683038e-10
1.126259464042724609e+09,7.040240509197932670e-10
1.126259464043212891e+09,-1.341556922500216472e-10
1.126259464043701172e+09,4.922731401125546986e-10
1.126259464044189453e+09,1.889541606686277665e-09
1.126259464044677734e+09,1.308273570741627651e-09
1.126259464045166016e+09,-3.648385386792429528e-10
1.126259464045654297e+09,2.076873133999587337e-10
1.126259464046142578e+09,2.512280163788351778e-09
1.126259464046630859e+09,2.798165109739563423e-09
1.126259464047119141e+09,7.629709378159024389e-10
1.126259464047607422e+09,-7.286743849386868597e-11
1.126259464048095703e+09,1.226396272251939613e-09
1.126259464048583984e+09,1.867466171487686879e-09
1.126259464049072266e+09,9.839393297037873767e-10
1.126259464049560547e+09,8.591009013022550865e-10
1.126259464050048828e+09,1.807918693700747593e-09
1.126259464050537109e+09,1.337453645963918295e-09
1.126259464051025391e+09,-6.059095115615748438e-10
1.126259464051513672e+09,-9.414873704760615626e-10
1.126259464052001953e+09,7.919801018773981934e-10
1.126259464052490234e+09,1.288466830355975254e-09
1.126259464052978516e+09,-5.176743973517650237e-10
1.126259464053466797e+09,-1.564599045281193577e-09
1.126259464053955078e+09,-4.313253538422361246e-10
1.126259464054443359e+09,2.430272353072626749e-10
1.126259464054931641e+09,-9.502775996100490788e-10
1.126259464055419922e+09,-1.636178520597975124e-09
1.126259464055908203e+09,-6.323874096721715382e-10
1.126259464056396484e+09,-4.445824069803128732e-10
1.126259464056884766e+09,-2.253509362604104827e-09
1.126259464057373047e+09,-3.262635189500327998e-09
1.126259464057861328e+09,-1.826533380143097553e-09
1.126259464058349609e+09,-5.786534271857555113e-10
1.126259464058837891e+09,-1.518939772552678066e-09
1.126259464059326172e+09,-2.497659586863639521e-09
1.126259464059814453e+09,-1.656462619033357122e-09
1.126259464060302734e+09,-9.152419052379346182e-10
1.126259464060791016e+09,-1.780235109188120346e-09
1.126259464061279297e+09,-2.092855114269951487e-09
1.126259464061767578e+09,-4.504529092860248112e-10
1.126259464062255859e+09,4.981274006835551891e-10
1.126259464062744141e+09,-1.050842348319852647e-09
1.126259464063232422e+09,-2.161593799709373555e-09
1.126259464063720703e+09,-2.765526562128600664e-10
1.126259464064208984e+09,1.920223364181851590e-09
1.126259464064697266e+09,1.223673977197222490e-09
1.126259464065185547e+09,-4.440129326030826629e-10
1.126259464065673828e+09,9.865478406472618389e-11
1.126259464066162109e+09,1.470237216785893678e-09
1.126259464066650391e+09,9.070180413330102348e-10
1.126259464067138672e+09,-1.201125548933467383e-10
1.126259464067626953e+09,1.071946470248398819e-09
1.126259464068115234e+09,2.728526406733932172e-09
1.126259464068603516e+09,1.722186659869767067e-09
1.126259464069091797e+09,-3.055269565270283605e-10
1.126259464069580078e+09,2.906212744452398125e-10
1.126259464070068359e+09,2.445458919902817546e-09
1.126259464070556641e+09,2.397715299334821903e-09
1.126259464071044922e+09,5.795946996291100084e-10
1.126259464071533203e+09,4.077960665978431532e-10
1.126259464072021484e+09,1.670759060378829363e-09
1.126259464072509766e+09,1.335284613204583953e-09
1.126259464072998047e+09,-1.432865159116096339e-10
1.126259464073486328e+09,3.548879620928658111e-10
1.126259464073974609e+09,2.174284353281691639e-09
1.126259464074462891e+09,1.673690622691624112e-09
1.126259464074951172e+09,-8.006601144215134094e-10
1.126259464075439453e+09,-1.159512701056501231e-09
1.126259464075927734e+09,1.039768385761957587e-09
1.126259464076416016e+09,1.862024710593246531e-09
1.126259464076904297e+09,2.330357475248008214e-10
1.126259464077392578e+09,-4.926017696708990180e-10
1.126259464077880859e+09,7.816326705348980199e-10
1.126259464078369141e+09,1.002870628168133659e-09
1.126259464078857422e+09,-7.332396896864686738e-10
1.126259464079345703e+09,-1.215860181791254605e-09
1.126259464079833984e+09,5.889389254683450137e-10
1.126259464080322266e+09,1.273219808896448062e-09
1.126259464080810547e+09,-6.541320526550941802e-10
1.126259464081298828e+09,-1.893432988306436232e-09
1.126259464081787109e+09,-4.710646657401139832e-10
1.126259464082275391e+09,7.929392725457280637e-10
1.126259464082763672e+09,-1.814031997347127351e-10
1.126259464083251953e+09,-1.074905202432171649e-09
1.126259464083740234e+09,-1.756774368895870737e-10
1.126259464084228516e+09,1.634344407814846244e-10
1.126259464084716797e+09,-1.492277931673644069e-09
1.126259464085205078e+09,-2.274162432881007830e-09
1.126259464085693359e+09,-3.806597008231218071e-10
1.126259464086181641e+09,1.015384639510724584e-09
1.126259464086669922e+09,-6.705698759047743446e-10
1.126259464087158203e+09,-2.589257929147912868e-09
1.126259464087646484e+09,-1.614105653927710162e-09
1.126259464088134766e+09,2.886792382386404740e-11
1.126259464088623047e+09,-8.934166063132193007e-10
1.126259464089111328e+09,-2.661826456190280772e-09
1.126259464089599609e+09,-2.153016051503761887e-09
1.126259464090087891e+09,-7.793005935718944384e-10
1.126259464090576172e+09,-1.477788756269717957e-09
1.126259464091064453e+09,-2.859879679378893316e-09
1.126259464091552734e+09,-1.933727309453502771e-09
1.126259464092041016e+09,-3.867204015718404803e-11
1.126259464092529297e+09,-4.052271874706287175e-10
1.126259464093017578e+09,-1.983136775759629781e-09
1.126259464093505859e+09,-1.401680303790166129e-09
1.126259464093994141e+09,6.994737392326583340e-10
1.126259464094482422e+09,1.005271105111371023e-09
1.126259464094970703e+09,-2.381142696311339166e-10
1.126259464095458984e+09,-2.322914018099059933e-11
1.126259464095947266e+09,1.470367861119657967e-09
1.126259464096435547e+09,1.435088624169722868e-09
1.126259464096923828e+09,1.972276944526408830e-10
1.126259464097412109e+09,7.081075270997922826e-10
1.126259464097900391e+09,2.654516333490392033e-09
1.126259464098388672e+09,2.760743685478427099e-09
1.126259464098876953e+09,9.652963547632956114e-10
1.126259464099365234e+09,6.800451770549757107e-10
1.126259464099853516e+09,2.532750024128747177e-09
1.126259464100341797e+09,3.359516116971213336e-09
1.126259464100830078e+09,2.117409613319124816e-09
1.126259464101318359e+09,1.422956815748268403e-09
1.126259464101806641e+09,2.231797634745206448e-09
1.126259464102294922e+09,2.245873106279102776e-09
1.126259464102783203e+09,8.704249387819385618e-10
1.126259464103271484e+09,6.274826106273397044e-10
1.126259464103759766e+09,2.100012374545841863e-09
1.126259464104248047e+09,2.420482323254642101e-09
1.126259464104736328e+09,5.476740271209102944e-10
1.126259464105224609e+09,-7.285139365389111649e-10
1.126259464105712891e+09,5.681812155310214088e-11
1.126259464106201172e+09,5.672643791712887247e-10
1.126259464106689453e+09,-6.034708635973974108e-10
1.126259464107177734e+09,-1.356083835667186260e-09
1.126259464107666016e+09,-5.161388216859520328e-10
1.126259464108154297e+09,-2.768152568332187549e-10
1.126259464108642578e+09,-1.698910021745522283e-09
1.126259464109130859e+09,-2.260884993381132447e-09
1.126259464109619141e+09,-6.812629160950382814e-10
1.126259464110107422e+09,2.334466299314311592e-10
1.126259464110595703e+09,-1.351340391851614735e-09
1.126259464111083984e+09,-2.703209851052233471e-09
1.126259464111572266e+09,-1.421543120795949040e-09
1.126259464112060547e+09,1.975433981770462557e-10
1.126259464112548828e+09,-5.265901726802655389e-10
1.126259464113037109e+09,-1.858242763350822921e-09
1.126259464113525391e+09,-1.245413564465376422e-09
1.126259464114013672e+09,-1.454351367675897206e-10
1.126259464114501953e+09,-8.929494744984491074e-10
1.126259464114990234e+09,-1.973376853616786319e-09
1.126259464115478516e+09,-9.903734777465521371e-10
1.126259464115966797e+09,5.104526001774412344e-10
1.126259464116455078e+09,-1.297658477410021914e-10
1.126259464116943359e+09,-1.583576872260758999e-09
1.126259464117431641e+09,-1.040525515604928660e-09
1.126259464117919922e+09,4.807220978774899287e-10
1.126259464118408203e+09,2.077219051530260502e-10
1.126259464118896484e+09,-1.044220992920506534e-09
1.126259464119384766e+09,-6.294904554279998183e-10
1.126259464119873047e+09,6.195786890879811598e-10
1.126259464120361328e+09,3.345947736381149649e-11
1.126259464120849609e+09,-1.441400140972702578e-09
1.126259464121337891e+09,-7.997205735786493314e-10
1.126259464121826172e+09,1.151185612279949567e-09
1.126259464122314453e+09,9.923880755504261723e-10
1.126259464122802734e+09,-9.712922665188251189e-10
1.126259464123291016e+09,-1.187865093839063303e-09
1.126259464123779297e+09,6.394321177246283464e-10
1.126259464124267578e+09,1.178990551078397276e-09
1.126259464124755859e+09,-2.647392487037981332e-10
1.126259464125244141e+09,-7.362453108568641028e-10
1.126259464125732422e+09,5.605697663578180574e-10
1.126259464126220703e+09,9.743214614862484414e-10
1.126259464126708984e+09,-1.220010408170480101e-10
1.126259464127197266e+09,-6.272144510377136833e-13
1.126259464127685547e+09,1.952622978511172777e-09
1.126259464128173828e+09,2.708060934119386396e-09
1.126259464128662109e+09,1.181870421512855007e-09
1.126259464129150391e+09,2.803792140584725096e-10
1.126259464129638672e+09,1.475428598426630003e-09
1.126259464130126953e+09,2.289947743668478809e-09
1.126259464130615234e+09,1.306182307498577997e-09
1.126259464131103516e+09,7.877482422716774427e-10
1.126259464131591797e+09,1.913561053501171894e-09
1.126259464132080078e+09,2.231797803309828606e-09
1.126259464132568359e+09,5.890442055413459542e-10
1.126259464133056641e+09,-1.502695335454941006e-10
1.126259464133544922e+09,1.608182357096900753e-09
1.126259464134033203e+09,2.797711667520861168e-09
1.126259464134521484e+09,1.052747540145052439e-09
1.126259464135009766e+09,-9.497261522720382886e-10
1.126259464135498047e+09,-3.456030183187885303e-10
1.126259464135986328e+09,8.890856408074068533e-10
1.126259464136474609e+09,-2.591329240082004125e-11
1.126259464136962891e+09,-1.477440468672034983e-09
1.126259464137451172e+09,-8.694223494284244077e-10
1.126259464137939453e+09,2.300416272085165194e-10
1.126259464138427734e+09,-8.032458656626027701e-10
1.126259464138916016e+09,-2.414073376849672174e-09
1.126259464139404297e+09,-1.753246107877633385e-09
1.126259464139892578e+09,-1.909746330361703785e-10
1.126259464140380859e+09,-8.196732409030790684e-10
1.126259464140869141e+09,-2.672293395756342115e-09
1.126259464141357422e+09,-2.642558589292273520e-09
1.126259464141845703e+09,-1.298377086653687237e-09
1.126259464142333984e+09,-1.491390476422150847e-09
1.126259464142822266e+09,-2.719187613446041358e-09
1.126259464143310547e+09,-2.258581077704412214e-09
1.126259464143798828e+09,-7.183308714490362699e-10
1.126259464144287109e+09,-9.949192227033792214e-10
1.126259464144775391e+09,-2.520450648658791692e-09
1.126259464145263672e+09,-2.067029139883752938e-09
1.126259464145751953e+09,1.526395404816877904e-10
1.126259464146240234e+09,7.010076388736026974e-10
1.126259464146728516e+09,-8.383615272027708645e-10
1.126259464147216797e+09,-1.284942711505034224e-09
1.126259464147705078e+09,1.968342680776720677e-10
1.126259464148193359e+09,9.567097511013513024e-10
1.126259464148681641e+09,2.323249807989681293e-10
1.126259464149169922e+09,3.530731988355804763e-10
1.126259464149658203e+09,1.704180279930599969e-09
1.126259464150146484e+09,1.728333812753492127e-09
1.126259464150634766e+09,1.199514246316746699e-10
1.126259464151123047e+09,-1.312930284977253631e-10
1.126259464151611328e+09,1.699265561127141880e-09
1.126259464152099609e+09,2.540549185638900935e-09
1.126259464152587891e+09,1.188734653440801194e-09
1.126259464153076172e+09,4.402448858128467799e-10
1.126259464153564453e+09,1.652798139025184716e-09
1.126259464154052734e+09,2.237963961139663241e-09
1.126259464154541016e+09,8.565969659283617002e-10
1.126259464155029297e+09,1.134795355942109204e-10
1.126259464155517578e+09,1.415752186658649030e-09
1.126259464156005859e+09,2.035538950357137980e-09
1.126259464156494141e+09,3.344270238287614543e-10
1.126259464156982422e+09,-8.249518129841888157e-10
1.126259464157470703e+09,6.900315238434385642e-10
1.126259464157958984e+09,2.163682439078055746e-09
1.126259464158447266e+09,9.344273978417708520e-10
1.126259464158935547e+09,-8.105515666728791111e-10
1.126259464159423828e+09,-2.295233619204520970e-10
1.126259464159912109e+09,1.098036943511637176e-09
1.126259464160400391e+09,6.087439745212098025e-10
1.126259464160888672e+09,-3.556473330514767802e-10
1.126259464161376953e+09,3.761737573994129692e-10
1.126259464161865234e+09,1.198389575553201130e-09
1.126259464162353516e+09,-6.027845453950775565e-11
1.126259464162841797e+09,-1.409198277223164448e-09
1.126259464163330078e+09,-1.521116151714440520e-10
1.126259464163818359e+09,1.727625097745705820e-09
1.126259464164306641e+09,8.398052175778050880e-10
1.126259464164794922e+09,-1.426570752950642785e-09
1.126259464165283203e+09,-1.408231904062093108e-09
1.126259464165771484e+09,2.576373487254237962e-10
1.126259464166259766e+09,1.903339620778093418e-10
1.126259464166748047e+09,-1.314539497783717549e-09
1.126259464167236328e+09,-1.231310148739307891e-09
1.126259464167724609e+09,7.180371773982433675e-11
1.126259464168212891e+09,-4.289067388191603592e-10
1.126259464168701172e+09,-2.289143073482336125e-09
1.126259464169189453e+09,-2.135993965527067870e-09
1.126259464169677734e+09,-8.090050748419898788e-11
1.126259464170166016e+09,2.503698425901282619e-10
1.126259464170654297e+09,-1.715048403333794805e-09
1.126259464171142578e+09,-2.608727559924093186e-09
1.126259464171630859e+09,-1.346471559387880893e-09
1.126259464172119141e+09,-6.715634822085885703e-10
1.126259464172607422e+09,-1.604084819142924328e-09
1.126259464173095703e+09,-1.787471720207103734e-09
1.126259464173583984e+09,-5.700850875335837692e-10
1.126259464174072266e+09,-4.563148765371224891e-10
1.126259464174560547e+09,-2.003065914355857802e-09
1.126259464175048828e+09,-2.362342181416977889e-09
1.126259464175537109e+09,-6.233571392162460433e-10
1.126259464176025391e+09,3.246297571763850758e-10
1.126259464176513672e+09,-8.446375307324759283e-10
1.126259464177001953e+09,-1.495735001919746103e-09
1.126259464177490234e+09,-9.555623059774477546e-11
1.126259464177978516e+09,1.036933858729804908e-09
1.126259464178466797e+09,3.713483149124702863e-10
1.126259464178955078e+09,-1.792852847397153427e-11
1.126259464179443359e+09,1.196313453345089282e-09
1.126259464179931641e+09,1.872275062745519561e-09
1.126259464180419922e+09,7.546325770130592082e-10
1.126259464180908203e+09,2.290638427959868980e-10
1.126259464181396484e+09,1.796967689411714212e-09
1.126259464181884766e+09,2.991965798598620657e-09
1.126259464182373047e+09,1.934864104202303890e-09
1.126259464182861328e+09,8.845831266264968429e-10
1.126259464183349609e+09,1.917676618198654340e-09
1.126259464183837891e+09,3.045679213198983054e-09
1.126259464184326172e+09,2.208492922227736223e-09
1.126259464184814453e+09,1.282834556183658367e-09
1.126259464185302734e+09,2.275663593378812405e-09
1.126259464185791016e+09,3.206919633017459885e-09
1.126259464186279297e+09,1.880076865215058252e-09
1.126259464186767578e+09,2.893537025780726564e-10
1.126259464187255859e+09,9.620783615513033977e-10
1.126259464187744141e+09,2.161273043875652417e-09
1.126259464188232422e+09,1.227108251143144556e-09
1.126259464188720703e+09,-3.699068201972374608e-10
1.126259464189208984e+09,-1.209396113671355778e-11
1.126259464189697266e+09,9.294412208560309187e-10
1.126259464190185547e+09,-1.158598949539727484e-10
1.126259464190673828e+09,-1.674991463270332908e-09
1.126259464191162109e+09,-9.872943179911641941e-10
1.126259464191650391e+09,4.162884003052943454e-10
1.126259464192138672e+09,-6.182099812630893810e-10
1.126259464192626953e+09,-2.710693907458541458e-09
1.126259464193115234e+09,-2.227600188059166544e-09
1.126259464193603516e+09,-5.012510551984266146e-11
1.126259464194091797e+09,-8.334571646144716103e-11
1.126259464194580078e+09,-2.189155616841612918e-09
1.126259464195068359e+09,-2.700105887975258924e-09
1.126259464195556641e+09,-1.275452843557586780e-09
1.126259464196044922e+09,-1.092645193764935122e-09
1.126259464196533203e+09,-2.438908662346774713e-09
1.126259464197021484e+09,-2.278068592797966441e-09
1.126259464197509766e+09,-4.609502324010344543e-10
1.126259464197998047e+09,-2.794120054495870951e-10
1.126259464198486328e+09,-2.120773268321718155e-09
1.126259464198974609e+09,-2.510148232431997685e-09
1.126259464199462891e+09,-5.664091147095659252e-10
1.126259464199951172e+09,3.702020284395312909e-10
1.126259464200439453e+09,-1.029905949547193438e-09
1.126259464200927734e+09,-1.856897728362085492e-09
1.126259464201416016e+09,-6.785767033980269684e-10
1.126259464201904297e+09,-9.800753201019585374e-12
1.126259464202392578e+09,-1.054491561055312131e-09
1.126259464202880859e+09,-1.297020998278570188e-09
1.126259464203369141e+09,3.417705603127375118e-10
1.126259464203857422e+09,1.071748611395231137e-09
1.126259464204345703e+09,-4.655723181303883070e-10
1.126259464204833984e+09,-1.384114569834441433e-09
1.126259464205322266e+09,1.573296523482447380e-10
1.126259464205810547e+09,1.570207354812418808e-09
1.126259464206298828e+09,7.263101852129088909e-10
1.126259464206787109e+09,-3.126485703077806090e-10
1.126259464207275391e+09,3.922911259777545677e-10
1.126259464207763672e+09,1.038736770261595411e-09
1.126259464208251953e+09,1.308280334706832661e-10
1.126259464208740234e+09,-1.726279965815487957e-10
1.126259464209228516e+09,1.625185107474436212e-09
1.126259464209716797e+09,2.853222742379267160e-09
1.126259464210205078e+09,1.365264997903002269e-09
1.126259464210693359e+09,-2.163677900618878978e-10
1.126259464211181641e+09,9.370348217243328318e-10
1.126259464211669922e+09,2.812005720671016411e-09
1.126259464212158203e+09,2.418489626570700048e-09
1.126259464212646484e+09,1.152942219738891254e-09
1.126259464213134766e+09,1.677849731104545013e-09
1.126259464213623047e+09,2.729040290273375093e-09
1.126259464214111328e+09,1.916960255489936972e-09
1.126259464214599609e+09,7.457893783397955660e-10
1.126259464215087891e+09,1.749652952955747279e-09
1.126259464215576172e+09,3.245383499445440844e-09
1.126259464216064453e+09,2.189833316772848703e-09
1.126259464216552734e+09,-1.489804029095600580e-11
1.126259464217041016e+09,5.935669763795515246e-11
1.126259464217529297e+09,1.621934582966348191e-09
1.126259464218017578e+09,1.331937862406926459e-09
1.126259464218505859e+09,-4.379963448037264192e-10
1.126259464218994141e+09,-6.334871275250067305e-10
1.126259464219482422e+09,4.570739397725986189e-10
1.126259464219970703e+09,-7.357126825720509654e-11
1.126259464220458984e+09,-1.866704563793602719e-09
1.126259464220947266e+09,-1.876350785656954412e-09
1.126259464221435547e+09,-3.630100198643147277e-10
1.126259464221923828e+09,-5.900239208759915934e-10
1.126259464222412109e+09,-2.625052914144996347e-09
1.126259464222900391e+09,-3.120531518861492516e-09
1.126259464223388672e+09,-1.558021451061154242e-09
1.126259464223876953e+09,-1.111585366257235551e-09
1.126259464224365234e+09,-2.647441388365634934e-09
1.126259464224853516e+09,-3.343300518772332930e-09
1.126259464225341797e+09,-2.242445457040715746e-09
1.126259464225830078e+09,-1.837169431353989941e-09
1.126259464226318359e+09,-2.884128179488345990e-09
1.126259464226806641e+09,-2.868380509470691646e-09
1.126259464227294922e+09,-1.151933659676944343e-09
1.126259464227783203e+09,-5.684766878857241054e-10
1.126259464228271484e+09,-2.090661516204326295e-09
1.126259464228759766e+09,-2.805956791788039472e-09
1.126259464229248047e+09,-1.226260138299636227e-09
1.126259464229736328e+09,1.012548691721446725e-10
1.126259464230224609e+09,-5.251463574035847048e-10
1.126259464230712891e+09,-1.043556265672253066e-09
1.126259464231201172e+09,4.938087459748841069e-11
1.126259464231689453e+09,8.878985615549192269e-10
1.126259464232177734e+09,2.714364066467670941e-10
1.126259464232666016e+09,2.088381706026351875e-10
1.126259464233154297e+09,1.758076874658619903e-09
1.126259464233642578e+09,2.530595954456513181e-09
1.126259464234130859e+09,1.192051820085957792e-09
1.126259464234619141e+09,3.205671594231025013e-10
1.126259464235107422e+09,1.734166533657585118e-09
1.126259464235595703e+09,3.041749739139102106e-09
1.126259464236083984e+09,2.133830456084113998e-09
1.126259464236572266e+09,1.093582355644236290e-09
1.126259464237060547e+09,2.038838892055702828e-09
1.126259464237548828e+09,2.975505102725019850e-09
1.126259464238037109e+09,1.754780372273247221e-09
1.126259464238525391e+09,4.651682235825991476e-10
1.126259464239013672e+09,1.564817561603624931e-09
1.126259464239501953e+09,3.027821796344840815e-09
1.126259464239990234e+09,1.954066522929418224e-09
1.126259464240478516e+09,-1.975456536242379725e-11
1.126259464240966797e+09,2.613068204190533688e-10
1.126259464241455078e+09,1.732776145586623440e-09
1.126259464241943359e+09,1.391152290462321341e-09
1.126259464242431641e+09,-1.866665951796305667e-11
1.126259464242919922e+09,2.447346523115236259e-10
1.126259464243408203e+09,1.421922626807866298e-09
1.126259464243896484e+09,7.809870343718793002e-10
1.126259464244384766e+09,-8.899124233794692507e-10
1.126259464244873047e+09,-6.407950476141796825e-10
1.126259464245361328e+09,9.311595754469625846e-10
1.126259464245849609e+09,6.559221488649407040e-10
1.126259464246337891e+09,-1.300661517295663147e-09
1.126259464246826172e+09,-1.792708074742892943e-09
1.126259464247314453e+09,-5.149329770015533470e-10
1.126259464247802734e+09,-2.312209383223829834e-10
1.126259464248291016e+09,-1.342680568459030777e-09
1.126259464248779297e+09,-1.434433533726340699e-09
1.126259464249267578e+09,-3.758991419125024872e-10
1.126259464249755859e+09,-6.797748853556176289e-10
1.126259464250244141e+09,-2.330574047985972989e-09
1.126259464250732422e+09,-2.412054089716894933e-09
1.126259464251220703e+09,-6.467758888611978137e-10
1.126259464251708984e+09,-2.067977950965176823e-10
1.126259464252197266e+09,-1.941258210762481919e-09
1.126259464252685547e+09,-2.833404604491155604e-09
1.126259464253173828e+09,-1.582039441289313430e-09
1.126259464253662109e+09,-7.555883346109219506e-10
1.126259464254150391e+09,-1.691630320514823832e-09
1.126259464254638672e+09,-2.129091442341609286e-09
1.126259464255126953e+09,-9.577229426580908668e-10
1.126259464255615234e+09,-5.638183229445240134e-10
1.126259464256103516e+09,-2.043357392445150873e-09
1.126259464256591797e+09,-2.667439848998786787e-09
1.126259464257080078e+09,-8.779375582076339857e-10
1.126259464257568359e+09,5.486409228172907708e-10
1.126259464258056641e+09,-5.929833083228243209e-10
1.126259464258544922e+09,-1.961428989157218934e-09
1.126259464259033203e+09,-9.744334850902801764e-10
1.126259464259521484e+09,6.926137284632651192e-10
1.126259464260009766e+09,5.526182101325093592e-10
1.126259464260498047e+09,-1.834530243264110900e-10
1.126259464260986328e+09,6.049184093858748146e-10
1.126259464261474609e+09,1.708997745816998202e-09
1.126259464261962891e+09,1.146648909184369382e-09
1.126259464262451172e+09,2.897621682291366818e-10
1.126259464262939453e+09,1.353331623748026595e-09
1.126259464263427734e+09,3.046554002525910589e-09
1.126259464263916016e+09,2.816285279569890138e-09
1.126259464264404297e+09,1.474118736141359446e-09
1.126259464264892578e+09,1.550053212015583624e-09
1.126259464265380859e+09,2.740763720610364561e-09
1.126259464265869141e+09,2.981194235380135055e-09
1.126259464266357422e+09,2.512236875902930337e-09
1.126259464266845703e+09,2.899663913601263703e-09
1.126259464267333984e+09,3.402962548087748664e-09
1.126259464267822266e+09,2.367124861674955260e-09
1.126259464268310547e+09,9.920418227834363534e-10
1.126259464268798828e+09,1.575756484768010892e-09
1.126259464269287109e+09,3.050679860451001051e-09
1.126259464269775391e+09,2.523310469358522542e-09
1.126259464270263672e+09,4.418894976268029583e-10
1.126259464270751953e+09,-1.558006352349122427e-10
1.126259464271240234e+09,9.718774258285880234e-10
1.126259464271728516e+09,1.116923123563680968e-09
1.126259464272216797e+09,-3.128596425193998182e-10
1.126259464272705078e+09,-1.067874831127097447e-09
1.126259464273193359e+09,-6.003718679671406987e-10
1.126259464273681641e+09,-9.061764260545779039e-10
1.126259464274169922e+09,-2.284513705016862351e-09
1.126259464274658203e+09,-2.572104627945066624e-09
1.126259464275146484e+09,-1.441047874186256985e-09
1.126259464275634766e+09,-1.280992936883319115e-09
1.126259464276123047e+09,-2.734453881583003372e-09
1.126259464276611328e+09,-3.420509273558766808e-09
1.126259464277099609e+09,-2.369232311426603918e-09
1.126259464277587891e+09,-1.732588837085360572e-09
1.126259464278076172e+09,-2.601373995747522494e-09
1.126259464278564453e+09,-3.055863729088884235e-09
1.126259464279052734e+09,-2.100377315539319145e-09
1.126259464279541016e+09,-1.660351165711650032e-09
1.126259464280029297e+09,-2.667403420100133156e-09
1.126259464280517578e+09,-2.949329979475571320e-09
1.126259464281005859e+09,-1.319983825487159755e-09
1.126259464281494141e+09,-1.209111000024986679e-10
1.126259464281982422e+09,-1.090842474117968102e-09
1.126259464282470703e+09,-2.160999929728684119e-09
1.126259464282958984e+09,-1.224456227525973394e-09
1.126259464283447266e+09,1.600868625672149596e-10
1.126259464283935547e+09,-6.899571786872469602e-11
1.126259464284423828e+09,-6.758123578095186527e-10
1.126259464284912109e+09,1.377956103527917210e-10
1.126259464285400391e+09,1.007718394760637604e-09
1.126259464285888672e+09,7.316137409965704078e-11
1.126259464286376953e+09,-1.095211737731081508e-09
1.126259464286865234e+09,-9.658024750201592471e-11
1.126259464287353516e+09,1.827914830508324776e-09
1.126259464287841797e+09,1.873771071406428150e-09
1.126259464288330078e+09,5.239359072951963570e-10
1.126259464288818359e+09,3.415809337466440466e-10
1.126259464289306641e+09,1.314995919240205584e-09
1.126259464289794922e+09,1.429604583277359522e-09
1.126259464290283203e+09,7.938137135037740743e-10
1.126259464290771484e+09,1.160089835482739774e-09
1.126259464291259766e+09,2.123092985453582748e-09
1.126259464291748047e+09,1.788194276971373979e-09
1.126259464292236328e+09,6.762785420255243782e-10
1.126259464292724609e+09,1.009279283380607083e-09
1.126259464293212891e+09,2.474317606116867301e-09
1.126259464293701172e+09,2.660541419343523114e-09
1.126259464294189453e+09,1.525314027264761394e-09
1.126259464294677734e+09,1.408847585861630871e-09
1.126259464295166016e+09,2.572310497659849733e-09
1.126259464295654297e+09,2.807866473164438923e-09
1.126259464296142578e+09,1.792526269800741643e-09
1.126259464296630859e+09,1.696578286611865296e-09
1.126259464297119141e+09,2.841798435687699357e-09
1.126259464297607422e+09,2.888422532869063691e-09
1.126259464298095703e+09,1.299722596998348435e-09
1.126259464298583984e+09,5.512527102855037763e-10
1.126259464299072266e+09,1.619674759867584265e-09
1.126259464299560547e+09,2.203431374154315496e-09
1.126259464300048828e+09,9.730995047083984104e-10
1.126259464300537109e+09,-2.007386004422169231e-10
1.126259464301025391e+09,3.619788296587262512e-12
1.126259464301513672e+09,7.472967976825685290e-11
1.126259464302001953e+09,-9.519252894033986175e-10
1.126259464302490234e+09,-1.454270509259613775e-09
1.126259464302978516e+09,-6.929654210824483476e-10
1.126259464303466797e+09,-7.444908408933845294e-10
1.126259464303955078e+09,-2.574398922927074415e-09
1.126259464304443359e+09,-3.685288293608855663e-09
1.126259464304931641e+09,-2.389146596250399711e-09
1.126259464305419922e+09,-1.053772728712805361e-09
1.126259464305908203e+09,-2.074845805907983288e-09
1.126259464306396484e+09,-3.801742482394445540e-09
1.126259464306884766e+09,-3.772322041382683727e-09
1.126259464307373047e+09,-3.009183048555362441e-09
1.126259464307861328e+09,-3.503787847456546684e-09
1.126259464308349609e+09,-4.176273503318892607e-09
1.126259464308837891e+09,-3.217899711650805148e-09
1.126259464309326172e+09,-2.021496460915342398e-09
1.126259464309814453e+09,-2.695379296829740177e-09
1.126259464310302734e+09,-3.779386275422325092e-09
1.126259464310791016e+09,-2.679989209540145030e-09
1.126259464311279297e+09,-5.586375900995886821e-10
1.126259464311767578e+09,-4.044407869637271188e-10
1.126259464312255859e+09,-1.733898696664364793e-09
1.126259464312744141e+09,-1.705288388258222406e-09
1.126259464313232422e+09,-3.077973974662660750e-10
1.126259464313720703e+09,1.548756828499060180e-10
1.126259464314208984e+09,-1.849769765394886978e-10
1.126259464314697266e+09,7.391223142261454481e-10
1.126259464315185547e+09,2.306528146810679546e-09
1.126259464315673828e+09,1.961026429474376578e-09
1.126259464316162109e+09,3.403073884200401987e-10
1.126259464316650391e+09,7.155810224673979990e-10
1.126259464317138672e+09,3.148220155308685689e-09
1.126259464317626953e+09,4.153387586626739763e-09
1.126259464318115234e+09,2.734619935893748006e-09
1.126259464318603516e+09,1.819446146374692752e-09
1.126259464319091797e+09,2.760831695058145080e-09
1.126259464319580078e+09,3.312484234087054889e-09
1.126259464320068359e+09,2.401733032502586752e-09
1.126259464320556641e+09,2.103907320325959702e-09
1.126259464321044922e+09,3.155891362102972918e-09
1.126259464321533203e+09,3.173767016663287673e-09
1.126259464322021484e+09,1.386728758462332127e-09
1.126259464322509766e+09,6.316852336038894097e-10
1.126259464322998047e+09,2.262218745394127743e-09
1.126259464323486328e+09,3.410231027555340034e-09
1.126259464323974609e+09,1.992473192536793563e-09
1.126259464324462891e+09,2.982797488461318499e-10
1.126259464324951172e+09,6.389364857355078294e-10
1.126259464325439453e+09,1.382458853732029281e-09
1.126259464325927734e+09,5.642990727407298856e-10
1.126259464326416016e+09,-2.923044597282446771e-10
1.126259464326904297e+09,5.085174638516614441e-10
1.126259464327392578e+09,1.163644993677874985e-09
1.126259464327880859e+09,-2.261199790627099688e-10
1.126259464328369141e+09,-1.726477016174975171e-09
1.126259464328857422e+09,-9.551658855919706601e-10
1.126259464329345703e+09,4.630426344639927925e-10
1.126259464329833984e+09,-1.432356354842311769e-10
1.126259464330322266e+09,-1.690330537175171405e-09
1.126259464330810547e+09,-1.646927056173398537e-09
1.126259464331298828e+09,-7.631247285534901607e-10
1.126259464331787109e+09,-1.220355283496974879e-09
1.126259464332275391e+09,-2.192469549073024844e-09
1.126259464332763672e+09,-1.641500073883536947e-09
1.126259464333251953e+09,-6.565845920060287869e-10
1.126259464333740234e+09,-1.521465834663341291e-09
1.126259464334228516e+09,-3.106310917674189970e-09
1.126259464334716797e+09,-2.740383874289996135e-09
1.126259464335205078e+09,-1.224730277036757985e-09
1.126259464335693359e+09,-1.328800758431890010e-09
1.126259464336181641e+09,-2.573198598111371438e-09
1.126259464336669922e+09,-2.324235000075829185e-09
1.126259464337158203e+09,-1.028487178832811638e-09
1.126259464337646484e+09,-1.346581738749283489e-09
1.126259464338134766e+09,-2.813924136673840556e-09
1.126259464338623047e+09,-2.521609453434018984e-09
1.126259464339111328e+09,-7.341966351400538895e-10
1.126259464339599609e+09,-5.844405501484590363e-10
1.126259464340087891e+09,-2.186940728427818386e-09
1.126259464340576172e+09,-2.353464046087481515e-09
1.126259464341064453e+09,-5.460709574307876603e-10
1.126259464341552734e+09,1.810670499488390516e-10
1.126259464342041016e+09,-1.054864750549664081e-09
1.126259464342529297e+09,-1.468107248057286262e-09
1.126259464343017578e+09,2.931477326788478319e-11
1.126259464343505859e+09,1.031751003297877479e-09
1.126259464343994141e+09,5.602604007687627501e-10
1.126259464344482422e+09,8.022484207219396522e-10
1.126259464344970703e+09,2.351412528971425465e-09
1.126259464345458984e+09,2.645459457208153511e-09
1.126259464345947266e+09,1.027023850423416202e-09
1.126259464346435547e+09,5.117233958698434800e-10
1.126259464346923828e+09,2.366610975415181243e-09
1.126259464347412109e+09,3.678947906029344043e-09
1.126259464347900391e+09,2.696111445279042177e-09
1.126259464348388672e+09,1.869605153676519028e-09
1.126259464348876953e+09,2.934201053363613726e-09
1.126259464349365234e+09,3.648995556158002671e-09
1.126259464349853516e+09,2.442162212940257217e-09
1.126259464350341797e+09,1.702402317176007487e-09
1.126259464350830078e+09,3.065265560131538442e-09
1.126259464351318359e+09,3.854721268417294716e-09
1.126259464351806641e+09,1.963435890759552898e-09
1.126259464352294922e+09,7.233525978410289683e-11
1.126259464352783203e+09,9.391879681902845308e-10
1.126259464353271484e+09,2.422496077393769134e-09
1.126259464353759766e+09,1.544348611631959270e-09
1.126259464354248047e+09,-1.649576379872596204e-10
1.126259464354736328e+09,1.571039260406657534e-11
1.126259464355224609e+09,7.485287805852923664e-10
1.126259464355712891e+09,-4.268214732856344059e-10
1.126259464356201172e+09,-1.980177960358893497e-09
1.126259464356689453e+09,-1.299571565153633220e-09
1.126259464357177734e+09,-3.302717612523610717e-12
1.126259464357666016e+09,-1.109230289849750245e-09
1.126259464358154297e+09,-3.256494096393651198e-09
1.126259464358642578e+09,-3.100532700326220467e-09
1.126259464359130859e+09,-1.434377850005451638e-09
1.126259464359619141e+09,-1.474255566938853688e-09
1.126259464360107422e+09,-2.794019594888941273e-09
1.126259464360595703e+09,-2.541931722933036806e-09
1.126259464361083984e+09,-1.252320114248311270e-09
1.126259464361572266e+09,-1.727583299636972723e-09
1.126259464362060547e+09,-3.225047313146163629e-09
1.126259464362548828e+09,-2.584173155925478076e-09
1.126259464363037109e+09,-4.338696907085981055e-10
1.126259464363525391e+09,-3.892330508510452896e-10
1.126259464364013672e+09,-2.385469305813651391e-09
1.126259464364501953e+09,-2.718043846851817840e-09
1.126259464364990234e+09,-7.895528842528950797e-10
1.126259464365478516e+09,6.952975505769850892e-11
1.126259464365966797e+09,-1.054217273153214298e-09
1.126259464366455078e+09,-1.323786457035014712e-09
1.126259464366943359e+09,5.275670281203536519e-11
1.126259464367431641e+09,4.310086701038409076e-10
1.126259464367919922e+09,-7.526949549480807276e-10
1.126259464368408203e+09,-6.971986273605317326e-10
1.126259464368896484e+09,1.131122724386397172e-09
1.126259464369384766e+09,1.608447646124975060e-09
1.126259464369873047e+09,-1.281086808065837359e-10
1.126259464370361328e+09,-8.113248833348844885e-10
1.126259464370849609e+09,9.464089428365455007e-10
1.126259464371337891e+09,2.116520284574413895e-09
1.126259464371826172e+09,9.696601750708004499e-10
1.126259464372314453e+09,8.476587311987598119e-11
1.126259464372802734e+09,1.115768056480647801e-09
1.126259464373291016e+09,1.696799637440597949e-09
1.126259464373779297e+09,4.245414374662767846e-10
1.126259464374267578e+09,-8.310918247459625034e-11
1.126259464374755859e+09,1.708003723449040947e-09
1.126259464375244141e+09,2.905564125819032590e-09
1.126259464375732422e+09,1.432547926971683157e-09
1.126259464376220703e+09,1.874030787992799527e-11
1.126259464376708984e+09,1.221710484766180135e-09
1.126259464377197266e+09,2.830777670405813755e-09
1.126259464377685547e+09,2.208611181631227641e-09
1.126259464378173828e+09,1.061756503448714273e-09
1.126259464378662109e+09,1.682709980892206094e-09
1.126259464379150391e+09,2.388927571197193050e-09
1.126259464379638672e+09,1.156932184587712884e-09
1.126259464380126953e+09,7.230952226260070150e-11
1.126259464380615234e+09,1.440372144703667924e-09
1.126259464381103516e+09,2.916286315312426832e-09
1.126259464381591797e+09,1.479531690819141698e-09
1.126259464382080078e+09,-8.655905235164347879e-10
1.126259464382568359e+09,-5.182664784550212564e-10
1.126259464383056641e+09,1.387500377738752338e-09
1.126259464383544922e+09,1.372696718095730032e-09
1.126259464384033203e+09,-1.415865103662371250e-10
1.126259464384521484e+09,-3.911257733060319921e-10
1.126259464385009766e+09,1.040604744368702863e-10
1.126259464385498047e+09,-9.813178284937352578e-10
1.126259464385986328e+09,-2.505175621707687240e-09
1.126259464386474609e+09,-1.712858752809066723e-09
1.126259464386962891e+09,1.082993960806446463e-10
1.126259464387451172e+09,-5.012456969111189700e-10
1.126259464387939453e+09,-2.833131029320885497e-09
1.126259464388427734e+09,-3.243278033247605492e-09
1.126259464388916016e+09,-1.775455734386582207e-09
1.126259464389404297e+09,-1.728903655101429241e-09
1.126259464389892578e+09,-3.251826596126662345e-09
1.126259464390380859e+09,-3.334961398617965928e-09
1.126259464390869141e+09,-1.956228161157285284e-09
1.126259464391357422e+09,-2.178910552729350721e-09
1.126259464391845703e+09,-3.920775165798935754e-09
1.126259464392333984e+09,-3.692176081759587982e-09
1.126259464392822266e+09,-1.210274740572846377e-09
1.126259464393310547e+09,-2.807979582724580164e-10
1.126259464393798828e+09,-1.984279330498194143e-09
1.126259464394287109e+09,-2.835248255374527827e-09
1.126259464394775391e+09,-1.217732470013324157e-09
1.126259464395263672e+09,3.749241212948975562e-11
1.126259464395751953e+09,-6.643886174565154377e-10
1.126259464396240234e+09,-9.334279287232639230e-10
1.126259464396728516e+09,5.107218026546570141e-10
1.126259464397216797e+09,1.275528989391272088e-09
1.126259464397705078e+09,2.572715652602031285e-10
1.126259464398193359e+09,1.095077327759580875e-10
1.126259464398681641e+09,2.090234002394171879e-09
1.126259464399169922e+09,3.299276631644320376e-09
1.126259464399658203e+09,1.954270198384585102e-09
1.126259464400146484e+09,7.707192716489888493e-10
1.126259464400634766e+09,1.966049829081458236e-09
1.126259464401123047e+09,3.340424771074907020e-09
1.126259464401611328e+09,2.660234805200215992e-09
1.126259464402099609e+09,1.717108943100491634e-09
1.126259464402587891e+09,2.506420752979736535e-09
1.126259464403076172e+09,3.359339473239582579e-09
1.126259464403564453e+09,2.534143601190142511e-09
1.126259464404052734e+09,1.861586351386086963e-09
1.126259464404541016e+09,3.033361416005683866e-09
1.126259464405029297e+09,3.894805182562243801e-09
1.126259464405517578e+09,2.362758057202451861e-09
1.126259464406005859e+09,5.698891036967276530e-10
1.126259464406494141e+09,1.044320557639258565e-09
1.126259464406982422e+09,2.092510547745561441e-09
1.126259464407470703e+09,1.204767074134719309e-09
1.126259464407958984e+09,-1.741164194312828687e-10
1.126259464408447266e+09,2.795171419628860596e-10
1.126259464408935547e+09,1.036853173545411341e-09
1.126259464409423828e+09,-2.068790439628936386e-10
1.126259464409912109e+09,-1.628623744270689062e-09
1.126259464410400391e+09,-4.931130451188644942e-10
1.126259464410888672e+09,1.325297407181985290e-09
1.126259464411376953e+09,3.543449658684015860e-10
1.126259464411865234e+09,-2.150775642016150076e-09
1.126259464412353516e+09,-2.390165090719327918e-09
1.126259464412841797e+09,-7.051638629552092409e-10
1.126259464413330078e+09,-4.608553439546695712e-10
1.126259464413818359e+09,-1.704058883587877897e-09
1.126259464414306641e+09,-1.689002359111696351e-09
1.126259464414794922e+09,-6.828418235008573082e-10
1.126259464415283203e+09,-1.403881327879305412e-09
1.126259464415771484e+09,-3.274728761114089221e-09
1.126259464416259766e+09,-3.067420472733818241e-09
1.126259464416748047e+09,-1.065704341486335251e-09
1.126259464417236328e+09,-8.167096552089955353e-10
1.126259464417724609e+09,-2.653540026231690469e-09
1.126259464418212891e+09,-3.220617557045924907e-09
1.126259464418701172e+09,-1.826655751007210545e-09
1.126259464419189453e+09,-1.462690666199059516e-09
1.126259464419677734e+09,-2.756463812271625760e-09
1.126259464420166016e+09,-2.757429529007357038e-09
1.126259464420654297e+09,-9.144194401102104630e-10
1.126259464421142578e+09,-4.710291802972987862e-10
1.126259464421630859e+09,-2.299814007987694582e-09
1.126259464422119141e+09,-3.007638169091919141e-09
1.126259464422607422e+09,-1.174015760899424683e-09
1.126259464423095703e+09,3.738483733342542679e-11
1.126259464423583984e+09,-1.163845999966511629e-09
1.126259464424072266e+09,-1.994250978341733693e-09
1.126259464424560547e+09,-5.560849853412943937e-10
1.126259464425048828e+09,6.731131414234033953e-10
1.126259464425537109e+09,-1.361171224929606095e-10
1.126259464426025391e+09,-5.931669628616364295e-10
1.126259464426513672e+09,1.084878290251111472e-09
1.126259464427001953e+09,2.364806818879569927e-09
1.126259464427490234e+09,1.199242761942845197e-09
1.126259464427978516e+09,1.327209716673377366e-10
1.126259464428466797e+09,1.662580223612524806e-09
1.126259464428955078e+09,3.594997752907108685e-09
1.126259464429443359e+09,3.184303581573571817e-09
1.126259464429931641e+09,2.084910878402037791e-09
1.126259464430419922e+09,2.829355305286876898e-09
1.126259464430908203e+09,3.938320485336440921e-09
1.126259464431396484e+09,3.100763539555674975e-09
1.126259464431884766e+09,1.939345567720790513e-09
1.126259464432373047e+09,2.857671440988535758e-09
1.126259464432861328e+09,4.139738948486938276e-09
1.126259464433349609e+09,3.102028508429328018e-09
1.126259464433837891e+09,1.389108591170304952e-09
1.126259464434326172e+09,2.028934472243318165e-09
1.126259464434814453e+09,3.665782628740393416e-09
1.126259464435302734e+09,3.025154979818060691e-09
1.126259464435791016e+09,1.004477028058541997e-09
1.126259464436279297e+09,8.442615254328805806e-10
1.126259464436767578e+09,1.998232429453673990e-09
1.126259464437255859e+09,1.426819061597969832e-09
1.126259464437744141e+09,-4.058047840883203029e-10
1.126259464438232422e+09,-5.415083174546120061e-10
1.126259464438720703e+09,5.161767490395059639e-10
1.126259464439208984e+09,-3.234589554194619812e-10
1.126259464439697266e+09,-2.553098674902847011e-09
1.126259464440185547e+09,-2.659703842571930728e-09
1.126259464440673828e+09,-7.190994641941683229e-10
1.126259464441162109e+09,-5.021671302498553521e-10
1.126259464441650391e+09,-2.711613765449193016e-09
1.126259464442138672e+09,-3.908754134748065689e-09
1.126259464442626953e+09,-2.861327765776207627e-09
1.126259464443115234e+09,-2.280880949593162775e-09
1.126259464443603516e+09,-3.215026204550890725e-09
1.126259464444091797e+09,-3.286642123588452671e-09
1.126259464444580078e+09,-1.888942532149898447e-09
1.126259464445068359e+09,-1.702035550165331769e-09
1.126259464445556641e+09,-3.351178408427140624e-09
1.126259464446044922e+09,-3.805994702841881828e-09
1.126259464446533203e+09,-2.010118342590319119e-09
1.126259464447021484e+09,-9.751010025903239275e-10
1.126259464447509766e+09,-2.149338313148008767e-09
1.126259464447998047e+09,-2.785834813306235747e-09
1.126259464448486328e+09,-1.311885813931976421e-09
1.126259464448974609e+09,-2.822881730987428379e-10
1.126259464449462891e+09,-1.253638174443473362e-09
1.126259464449951172e+09,-1.664229031622592911e-09
1.126259464450439453e+09,8.019759770143971854e-11
1.126259464450927734e+09,1.210579083031533201e-09
1.126259464451416016e+09,-2.490570789240537993e-10
1.126259464451904297e+09,-1.505958888727906705e-09
1.126259464452392578e+09,7.237987032955483291e-12
1.126259464452880859e+09,1.947208055802147708e-09
1.126259464453369141e+09,1.453972908159329197e-09
1.126259464453857422e+09,2.319972409843934320e-10
1.126259464454345703e+09,9.146014932599880134e-10
1.126259464454833984e+09,2.069795570815449890e-09
1.126259464455322266e+09,1.397826644426211244e-09
1.126259464455810547e+09,4.969304896243121128e-10
1.126259464456298828e+09,1.666271288426407206e-09
1.126259464456787109e+09,3.057555858601682297e-09
1.126259464457275391e+09,1.964566722779204269e-09
1.126259464457763672e+09,1.575304846345305510e-10
1.126259464458251953e+09,8.388291636332213395e-10
1.126259464458740234e+09,2.767567241036707837e-09
1.126259464459228516e+09,2.651314481163653407e-09
1.126259464459716797e+09,1.194465456396171511e-09
1.126259464460205078e+09,1.382839312205145000e-09
1.126259464460693359e+09,2.634184582844760390e-09
1.126259464461181641e+09,2.187742746025452767e-09
1.126259464461669922e+09,7.785427523594226096e-10
1.126259464462158203e+09,1.290645614411227205e-09
1.126259464462646484e+09,2.939635026066865357e-09
1.126259464463134766e+09,2.495854510765017834e-09
1.126259464463623047e+09,4.681311738802800132e-10
1.126259464464111328e+09,3.277769832402842852e-10
1.126259464464599609e+09,2.063040420181924057e-09
1.126259464465087891e+09,2.265441695891564410e-09
1.126259464465576172e+09,4.853231601037531085e-10
1.126259464466064453e+09,-2.433633660327741025e-10
1.126259464466552734e+09,6.345593745758006226e-10
1.126259464467041016e+09,4.423096893972602782e-10
1.126259464467529297e+09,-1.094647538835523196e-09
1.126259464468017578e+09,-1.199986673771059299e-09
1.126259464468505859e+09,2.306725123186059765e-10
1.126259464468994141e+09,-1.416827409326005170e-11
1.126259464469482422e+09,-2.330257552390563778e-09
1.126259464469970703e+09,-3.218013379383269332e-09
1.126259464470458984e+09,-1.681063931650520538e-09
1.126259464470947266e+09,-1.019232956096017244e-09
1.126259464471435547e+09,-2.572648038840314866e-09
1.126259464471923828e+09,-3.380225522354662174e-09
1.126259464472412109e+09,-2.121940469286039775e-09
1.126259464472900391e+09,-1.708377163693350902e-09
1.126259464473388672e+09,-3.458384521095191760e-09
1.126259464473876953e+09,-4.271004814504544746e-09
1.126259464474365234e+09,-2.517849353205255127e-09
1.126259464474853516e+09,-1.357629891575340786e-09
1.126259464475341797e+09,-2.868422154475054733e-09
1.126259464475830078e+09,-4.061911653214790504e-09
1.126259464476318359e+09,-2.433262190930341581e-09
1.126259464476806641e+09,-5.620698817949502760e-10
1.126259464477294922e+09,-1.160376627936600815e-09
1.126259464477783203e+09,-2.157294962097609132e-09
1.126259464478271484e+09,-1.012788989981057381e-09
1.126259464478759766e+09,4.025799995852843346e-10
1.126259464479248047e+09,-2.314907857257864166e-10
1.126259464479736328e+09,-9.050261584110341051e-10
1.126259464480224609e+09,7.782906512995588601e-10
1.126259464480712891e+09,2.628517347571611465e-09
1.126259464481201172e+09,1.804592358216921652e-09
1.126259464481689453e+09,2.854453026854507846e-10
1.126259464482177734e+09,1.283913071259725133e-09
1.126259464482666016e+09,3.334247379727193406e-09
1.126259464483154297e+09,3.228852492141469069e-09
1.126259464483642578e+09,1.989409020678964567e-09
1.126259464484130859e+09,2.488190474384873769e-09
1.126259464484619141e+09,3.714642522317917202e-09
1.126259464485107422e+09,2.997138894251199291e-09
1.126259464485595703e+09,1.618662516759150954e-09
1.126259464486083984e+09,2.470579987356800311e-09
1.126259464486572266e+09,4.137678762695515660e-09
1.126259464487060547e+09,3.229505351819578676e-09
1.126259464487548828e+09,8.877405032585126194e-10
1.126259464488037109e+09,9.047296049125887596e-10
1.126259464488525391e+09,2.744711709309091286e-09
1.126259464489013672e+09,2.657393558696879308e-09
1.126259464489501953e+09,7.159886253928955934e-10
1.126259464489990234e+09,3.805589666483314072e-10
1.126259464490478516e+09,1.671758473646682840e-09
1.126259464490966797e+09,1.258572566912714420e-09
1.126259464491455078e+09,-8.223029463174853359e-10
1.126259464491943359e+09,-1.054952423311497835e-09
1.126259464492431641e+09,6.883783177250303045e-10
1.126259464492919922e+09,6.707163970230942552e-10
1.126259464493408203e+09,-1.631462693686785823e-09
1.126259464493896484e+09,-2.431154949527165521e-09
1.126259464494384766e+09,-7.149158633849115873e-10
1.126259464494873047e+09,-3.531088196756503067e-11
1.126259464495361328e+09,-1.710991557645781756e-09
1.126259464495849609e+09,-2.536449423869749600e-09
1.126259464496337891e+09,-1.203137181774131285e-09
1.126259464496826172e+09,-8.092115869295628388e-10
1.126259464497314453e+09,-2.611688713471631895e-09
1.126259464497802734e+09,-3.321544115048512817e-09
1.126259464498291016e+09,-1.413119933393218407e-09
1.126259464498779297e+09,-3.045783733774482078e-10
1.126259464499267578e+09,-2.072334544158535528e-09
1.126259464499755859e+09,-3.558718245513470535e-09
1.126259464500244141e+09,-2.264316530916337390e-09
1.126259464500732422e+09,-8.348073516168430194e-10
1.126259464501220703e+09,-1.843604880114331609e-09
1.126259464501708984e+09,-3.082994973907612725e-09
1.126259464502197266e+09,-2.148535204711829866e-09
1.126259464502685547e+09,-1.045311668360824339e-09
1.126259464503173828e+09,-1.922079925538832091e-09
1.126259464503662109e+09,-2.612751794141903442e-09
1.126259464504150391e+09,-9.489326318624472769e-10
1.126259464504638672e+09,6.029242363604543044e-10
1.126259464505126953e+09,-6.568585239032638590e-10
1.126259464505615234e+09,-2.429646330725222091e-09
1.126259464506103516e+09,-1.470309345733161548e-09
1.126259464506591797e+09,6.272471487962242186e-10
1.126259464507080078e+09,6.858411958851981610e-10
1.126259464507568359e+09,-2.660234651957521946e-10
1.126259464508056641e+09,4.063692367393756617e-10
1.126259464508544922e+09,1.563662059744654960e-09
1.126259464509033203e+09,8.219467688487362522e-10
1.126259464509521484e+09,-2.468457224548602906e-10
1.126259464510009766e+09,1.105677223838984177e-09
1.126259464510498047e+09,3.224766185449343208e-09
1.126259464510986328e+09,2.797199339984842923e-09
1.126259464511474609e+09,1.042175542737069715e-09
1.126259464511962891e+09,1.496405702900613745e-09
1.126259464512451172e+09,3.478345891306407060e-09
1.126259464512939453e+09,3.580342421463879408e-09
1.126259464513427734e+09,2.141683825477999108e-09
1.126259464513916016e+09,2.284672023083282267e-09
1.126259464514404297e+09,3.686723570711257706e-09
1.126259464514892578e+09,3.358224202557424187e-09
1.126259464515380859e+09,1.788832227970365049e-09
1.126259464515869141e+09,2.194127706390609479e-09
1.126259464516357422e+09,4.114322569476716019e-09
1.126259464516845703e+09,3.942302956116087870e-09
1.126259464517333984e+09,1.708065321729367599e-09
1.126259464517822266e+09,1.106769843675797915e-09
1.126259464518310547e+09,2.537550685170146752e-09
1.126259464518798828e+09,2.438040054047516338e-09
1.126259464519287109e+09,2.170300726308314471e-10
1.126259464519775391e+09,-5.447288714998997952e-10
1.126259464520263672e+09,9.984599716573355124e-10
1.126259464520751953e+09,1.196883190153167225e-09
1.126259464521240234e+09,-1.213927041093026961e-09
1.126259464521728516e+09,-2.639207180030601008e-09
1.126259464522216797e+09,-1.276394758161938589e-09
1.126259464522705078e+09,-3.481506945862589675e-10
1.126259464523193359e+09,-2.007869842337936796e-09
1.126259464523681641e+09,-3.575445579029735186e-09
1.126259464524169922e+09,-2.882193132433422711e-09
1.126259464524658203e+09,-2.155155808684086731e-09
1.126259464525146484e+09,-3.284402192186238758e-09
1.126259464525634766e+09,-4.120255140763028061e-09
1.126259464526123047e+09,-2.985891918241427446e-09
1.126259464526611328e+09,-2.249097784482342489e-09
1.126259464527099609e+09,-3.694697113775213665e-09
1.126259464527587891e+09,-4.720356482389124316e-09
1.126259464528076172e+09,-3.070213232191314358e-09
1.126259464528564453e+09,-1.249387954750835884e-09
1.126259464529052734e+09,-2.077584030243584567e-09
1.126259464529541016e+09,-3.643700245385553740e-09
1.126259464530029297e+09,-3.003340523660134347e-09
1.126259464530517578e+09,-1.407414324613866854e-09
1.126259464531005859e+09,-1.396051776670563315e-09
1.126259464531494141e+09,-1.893445221998481716e-09
1.126259464531982422e+09,-7.857068752070079510e-10
1.126259464532470703e+09,5.265030939470904069e-10
1.126259464532958984e+09,-1.566095250565578731e-10
1.126259464533447266e+09,-1.196322970168069303e-09
1.126259464533935547e+09,3.730021264500536206e-11
1.126259464534423828e+09,2.040319832596579199e-09
1.126259464534912109e+09,1.751125324023192433e-09
1.126259464535400391e+09,1.581589120107982922e-10
1.126259464535888672e+09,3.884316796997042895e-10
1.126259464536376953e+09,2.005091879830783921e-09
1.126259464536865234e+09,2.238954467701794334e-09
1.126259464537353516e+09,1.384090343528418301e-09
1.126259464537841797e+09,1.857179519256376751e-09
1.126259464538330078e+09,3.099485695424689796e-09
1.126259464538818359e+09,2.593399317005409344e-09
1.126259464539306641e+09,1.068173997559152426e-09
1.126259464539794922e+09,1.490769947284045927e-09
1.126259464540283203e+09,3.432184577364512988e-09
1.126259464540771484e+09,3.622334299249604048e-09
1.126259464541259766e+09,1.853957727375672413e-09
1.126259464541748047e+09,1.185468100379122368e-09
1.126259464542236328e+09,2.262326938767256042e-09
1.126259464542724609e+09,2.570179755116235580e-09
1.126259464543212891e+09,1.607306575452023443e-09
1.126259464543701172e+09,1.658789601859829471e-09
1.126259464544189453e+09,2.853631239878803090e-09
1.126259464544677734e+09,2.575604250143170270e-09
1.126259464545166016e+09,6.817111347695654789e-10
1.126259464545654297e+09,2.403503022842450390e-10
1.126259464546142578e+09,1.887834768110711245e-09
1.126259464546630859e+09,2.455329466948777588e-09
1.126259464547119141e+09,7.003417520484225442e-10
1.126259464547607422e+09,-5.390542829922519927e-10
1.126259464548095703e+09,2.948076288106177054e-10
1.126259464548583984e+09,8.342553345229167301e-10
1.126259464549072266e+09,-3.678510731813588005e-10
1.126259464549560547e+09,-1.095590893397858991e-09
1.126259464550048828e+09,-6.032035682815755504e-11
1.126259464550537109e+09,3.309792656694616840e-10
1.126259464551025391e+09,-1.387092549110459069e-09
1.126259464551513672e+09,-2.672792281957368292e-09
1.126259464552001953e+09,-1.639996412833574455e-09
1.126259464552490234e+09,-6.572911698060234089e-10
1.126259464552978516e+09,-1.922587605239706248e-09
1.126259464553466797e+09,-3.365830532573067957e-09
1.126259464553955078e+09,-2.647520260859646928e-09
1.126259464554443359e+09,-1.582889680087975540e-09
1.126259464554931641e+09,-2.581778246069795261e-09
1.126259464555419922e+09,-4.001892397943779194e-09
1.126259464555908203e+09,-3.317254210160163088e-09
1.126259464556396484e+09,-1.983086435060678211e-09
1.126259464556884766e+09,-2.672270848062158787e-09
1.126259464557373047e+09,-4.179106352552651795e-09
1.126259464557861328e+09,-3.677263680483272033e-09
1.126259464558349609e+09,-1.969034462940824554e-09
1.126259464558837891e+09,-1.840988551577554839e-09
1.126259464559326172e+09,-2.882120363213467145e-09
1.126259464559814453e+09,-2.564600295307153447e-09
1.126259464560302734e+09,-1.128323512484724218e-09
1.126259464560791016e+09,-8.085157953554286518e-10
1.126259464561279297e+09,-1.286187044327890989e-09
1.126259464561767578e+09,-4.630910371769101496e-10
1.126259464562255859e+09,1.085204089694732879e-09
1.126259464562744141e+09,9.988585953909365682e-10
1.126259464563232422e+09,-1.452781860713333042e-10
1.126259464563720703e+09,4.033490930490041133e-10
1.126259464564208984e+09,2.436747999063995992e-09
1.126259464564697266e+09,3.034895170450946326e-09
1.126259464565185547e+09,1.879320902587755920e-09
1.126259464565673828e+09,1.690586275954320860e-09
1.126259464566162109e+09,3.102520257890992677e-09
1.126259464566650391e+09,3.710102118069648901e-09
1.126259464567138672e+09,2.822663610777721420e-09
1.126259464567626953e+09,2.623212207075999877e-09
1.126259464568115234e+09,3.679767157940526001e-09
1.126259464568603516e+09,3.753174993092481179e-09
1.126259464569091797e+09,2.295931458933480303e-09
1.126259464569580078e+09,1.804443020915908179e-09
1.126259464570068359e+09,3.167768335496200253e-09
1.126259464570556641e+09,3.839302074057141909e-09
1.126259464571044922e+09,2.423249904110568435e-09
1.126259464571533203e+09,1.094251946219464091e-09
1.126259464572021484e+09,1.463056085654856707e-09
1.126259464572509766e+09,1.873601297972717862e-09
1.126259464572998047e+09,1.002962785948797790e-09
1.126259464573486328e+09,4.262986601499453490e-10
1.126259464573974609e+09,1.163989782542704277e-09
1.126259464574462891e+09,1.251134428407767780e-09
1.126259464574951172e+09,-5.550278298102497785e-10
1.126259464575439453e+09,-2.001178119082697037e-09
1.126259464575927734e+09,-1.164411065616308082e-09
1.126259464576416016e+09,7.693237442648273035e-11
1.126259464576904297e+09,-5.604309785816045758e-10
1.126259464577392578e+09,-1.846330977336513164e-09
1.126259464577880859e+09,-1.726331845436957561e-09
1.126259464578369141e+09,-1.153467833041989790e-09
1.126259464578857422e+09,-1.807251281683256354e-09
1.126259464579345703e+09,-2.530146159795077430e-09
1.126259464579833984e+09,-1.666552929785354306e-09
1.126259464580322266e+09,-6.820043458004484532e-10
1.126259464580810547e+09,-1.662130936842531224e-09
1.126259464581298828e+09,-3.204244760730866802e-09
1.126259464581787109e+09,-2.731282620715789772e-09
1.126259464582275391e+09,-1.174829135500850766e-09
1.126259464582763672e+09,-1.275993350923246151e-09
1.126259464583251953e+09,-2.632631772397276186e-09
1.126259464583740234e+09,-2.650003962191969904e-09
1.126259464584228516e+09,-1.390897772561862334e-09
1.126259464584716797e+09,-1.205358058180493307e-09
1.126259464585205078e+09,-2.155321959092627124e-09
1.126259464585693359e+09,-2.046673353924991195e-09
1.126259464586181641e+09,-7.815669428525933856e-10
1.126259464586669922e+09,-5.638359539196151232e-10
1.126259464587158203e+09,-1.670005922647269880e-09
1.126259464587646484e+09,-1.926468248665075793e-09
1.126259464588134766e+09,-7.304563562689103363e-10
1.126259464588623047e+09,8.149733548180544470e-11
1.126259464589111328e+09,-2.087734017094569257e-10
1.126259464589599609e+09,-2.840725298973010625e-10
1.126259464590087891e+09,1.596608275240571366e-10
1.126259464590576172e+09,-8.080703104508602397e-11
1.126259464591064453e+09,-7.301786012443055895e-10
1.126259464591552734e+09,-6.383401029634778344e-11
1.126259464592041016e+09,1.574666258755619874e-09
1.126259464592529297e+09,1.861046412461578074e-09
1.126259464593017578e+09,6.872584455874019047e-10
1.126259464593505859e+09,5.681783616978910163e-10
1.126259464593994141e+09,2.103451776477167100e-09
1.126259464594482422e+09,2.902048630767270630e-09
1.126259464594970703e+09,2.061772105583403221e-09
1.126259464595458984e+09,1.726681150311650668e-09
1.126259464595947266e+09,2.800989873395212354e-09
1.126259464596435547e+09,3.169308182967484647e-09
1.126259464596923828e+09,1.968960558397736476e-09
1.126259464597412109e+09,1.587574410594856317e-09
1.126259464597900391e+09,3.179958030045872087e-09
1.126259464598388672e+09,4.127933052728013508e-09
1.126259464598876953e+09,2.627219564143210848e-09
1.126259464599365234e+09,1.086430767316051262e-09
1.126259464599853516e+09,1.903626585049786304e-09
1.126259464600341797e+09,3.282596453951522356e-09
1.126259464600830078e+09,2.632343688452168603e-09
1.126259464601318359e+09,1.051068045136449489e-09
1.126259464601806641e+09,8.134053410817862982e-10
1.126259464602294922e+09,1.134899975165144202e-09
1.126259464602783203e+09,2.299807646210051908e-10
1.126259464603271484e+09,-8.258390653827945640e-10
1.126259464603759766e+09,-2.274257367639438736e-10
1.126259464604248047e+09,6.476798870206561206e-10
1.126259464604736328e+09,-5.131008185813383578e-10
1.126259464605224609e+09,-2.539517342220628470e-09
1.126259464605712891e+09,-2.666494145752536371e-09
1.126259464606201172e+09,-1.384516102735934297e-09
1.126259464606689453e+09,-1.328132640937034145e-09
1.126259464607177734e+09,-2.525063727619297512e-09
1.126259464607666016e+09,-2.865981846041012913e-09
1.126259464608154297e+09,-2.360134457440396520e-09
1.126259464608642578e+09,-2.774228419672118258e-09
1.126259464609130859e+09,-3.715536703778072956e-09
1.126259464609619141e+09,-3.226422510509327285e-09
1.126259464610107422e+09,-1.850602521870481450e-09
1.126259464610595703e+09,-1.985781737665279038e-09
1.126259464611083984e+09,-3.403774363603745212e-09
1.126259464611572266e+09,-3.510338725580260277e-09
1.126259464612060547e+09,-2.028494667075341036e-09
1.126259464612548828e+09,-1.323741767311277798e-09
1.126259464613037109e+09,-1.925299501456095758e-09
1.126259464613525391e+09,-1.856534873592680713e-09
1.126259464614013672e+09,-7.709138393912023299e-10
1.126259464614501953e+09,-5.844420729437270593e-10
1.126259464614990234e+09,-1.408994626395673865e-09
1.126259464615478516e+09,-1.041805699441075319e-09
1.126259464615966797e+09,6.770790481600069445e-10
1.126259464616455078e+09,1.195659485108092515e-09
1.126259464616943359e+09,-1.743665897979095373e-11
1.126259464617431641e+09,-2.921146155577423687e-10
1.126259464617919922e+09,1.361173966723784372e-09
1.126259464618408203e+09,2.404266877614913387e-09
1.126259464618896484e+09,1.457987868951319932e-09
1.126259464619384766e+09,6.888917935538174079e-10
1.126259464619873047e+09,1.555466154712033552e-09
1.126259464620361328e+09,2.220850776941126625e-09
1.126259464620849609e+09,1.460907449512046868e-09
1.126259464621337891e+09,1.203261410536696820e-09
1.126259464621826172e+09,2.602079560475807811e-09
1.126259464622314453e+09,3.379487386453677400e-09
1.126259464622802734e+09,1.952712007847139652e-09
1.126259464623291016e+09,6.227506322265606835e-10
1.126259464623779297e+09,1.533325420985947370e-09
1.126259464624267578e+09,2.841860324137504201e-09
1.126259464624755859e+09,2.258067303035682338e-09
1.126259464625244141e+09,1.184144510197290680e-09
1.126259464625732422e+09,1.721254930077122460e-09
1.126259464626220703e+09,2.535012296580312331e-09
1.126259464626708984e+09,1.583913515597458295e-09
1.126259464627197266e+09,3.009889296363957548e-10
1.126259464627685547e+09,9.816041778961014847e-10
1.126259464628173828e+09,2.324079309066092129e-09
1.126259464628662109e+09,1.750745888333702632e-09
1.126259464629150391e+09,1.620417494908195703e-10
1.126259464629638672e+09,1.425267404618792265e-10
1.126259464630126953e+09,1.178828255994132062e-09
1.126259464630615234e+09,9.523434465699639701e-10
1.126259464631103516e+09,-1.217487757701663004e-10
1.126259464631591797e+09,6.912259279499418911e-12
1.126259464632080078e+09,7.036092792948524242e-10
1.126259464632568359e+09,-1.485799169261075321e-10
1.126259464633056641e+09,-1.716001808103338204e-09
1.126259464633544922e+09,-1.490567295980288227e-09
1.126259464634033203e+09,-1.425078817962934742e-10
1.126259464634521484e+09,-5.072502636867030458e-10
1.126259464635009766e+09,-2.332857878573001167e-09
1.126259464635498047e+09,-2.727059688322869341e-09
1.126259464635986328e+09,-1.523421873410363669e-09
1.126259464636474609e+09,-1.428370956130284110e-09
1.126259464636962891e+09,-2.809861250668969540e-09
1.126259464637451172e+09,-3.148407531703373172e-09
1.126259464637939453e+09,-2.036467073859099144e-09
1.126259464638427734e+09,-1.943584949727341365e-09
1.126259464638916016e+09,-3.320812250853025174e-09
1.126259464639404297e+09,-3.651813885505693005e-09
1.126259464639892578e+09,-2.340229274450981274e-09
1.126259464640380859e+09,-1.910416182377133082e-09
1.126259464640869141e+09,-3.131501957856983726e-09
1.126259464641357422e+09,-3.515446518376193277e-09
1.126259464641845703e+09,-2.124544559884319445e-09
1.126259464642333984e+09,-1.353407350954655727e-09
1.126259464642822266e+09,-2.212677558948235448e-09
1.126259464643310547e+09,-2.318205093789496621e-09
1.126259464643798828e+09,-5.823114010367988916e-10
1.126259464644287109e+09,5.010842228756675207e-10
1.126259464644775391e+09,-4.332927536553869253e-10
1.126259464645263672e+09,-9.208172733838121164e-10
1.126259464645751953e+09,7.120437316875977804e-10
1.126259464646240234e+09,2.158808044688194051e-09
1.126259464646728516e+09,1.469601891700288893e-09
1.126259464647216797e+09,6.434712258644635345e-10
1.126259464647705078e+09,1.722974240796410490e-09
1.126259464648193359e+09,3.011604634888125777e-09
1.126259464648681641e+09,2.573529482797892993e-09
1.126259464649169922e+09,2.004271557336308099e-09
1.126259464649658203e+09,3.114017698077223688e-09
1.126259464650146484e+09,4.150324657085656454e-09
1.126259464650634766e+09,3.146301118671340942e-09
1.126259464651123047e+09,1.961953150049601476e-09
1.126259464651611328e+09,2.950699908607740017e-09
1.126259464652099609e+09,4.411424179676385915e-09
1.126259464652587891e+09,3.604402701785710594e-09
1.126259464653076172e+09,1.785248041915768878e-09
1.126259464653564453e+09,1.829146497656551785e-09
1.126259464654052734e+09,3.028554051018692259e-09
1.126259464654541016e+09,2.762123503278686127e-09
1.126259464655029297e+09,1.465852175049677500e-09
1.126259464655517578e+09,1.378402300539210323e-09
1.126259464656005859e+09,1.936984113171600278e-09
1.126259464656494141e+09,1.031879521989308461e-09
1.126259464656982422e+09,-4.976557725040783650e-10
1.126259464657470703e+09,-2.654097686567360015e-10
1.126259464657958984e+09,8.845189717875532521e-10
1.126259464658447266e+09,1.885714283289243106e-10
1.126259464658935547e+09,-1.831030688067567543e-09
1.126259464659423828e+09,-2.202941614137958794e-09
1.126259464659912109e+09,-9.094222784457642025e-10
1.126259464660400391e+09,-6.898774555137541602e-10
1.126259464660888672e+09,-1.852483007986265572e-09
1.126259464661376953e+09,-2.089214968763990000e-09
1.126259464661865234e+09,-1.298976871641548312e-09
1.126259464662353516e+09,-1.719923854610566573e-09
1.126259464662841797e+09,-3.143360417187787335e-09
1.126259464663330078e+09,-2.916679237616828372e-09
1.126259464663818359e+09,-1.130516375001828713e-09
1.126259464664306641e+09,-8.840052610079423335e-10
1.126259464664794922e+09,-2.682874419877895427e-09
1.126259464665283203e+09,-3.476257877670725378e-09
1.126259464665771484e+09,-2.228342109978899729e-09
1.126259464666259766e+09,-1.521690933394516539e-09
1.126259464666748047e+09,-2.366794500130903441e-09
1.126259464667236328e+09,-2.396313948843972068e-09
1.126259464667724609e+09,-8.663117908045923693e-10
1.126259464668212891e+09,-4.940009462328530648e-10
1.126259464668701172e+09,-2.223351631244807356e-09
1.126259464669189453e+09,-2.970419245799482483e-09
1.126259464669677734e+09,-1.087370381562446546e-09
1.126259464670166016e+09,4.986539061902408887e-10
1.126259464670654297e+09,-5.638018526422012272e-10
1.126259464671142578e+09,-2.062709863667801555e-09
1.126259464671630859e+09,-1.479140068403379728e-09
1.126259464672119141e+09,-2.177887945092998272e-10
1.126259464672607422e+09,-2.864332586886084407e-10
1.126259464673095703e+09,-4.933460929739527492e-10
1.126259464673583984e+09,5.753233912532684182e-10
1.126259464674072266e+09,1.276557156732769704e-09
1.126259464674560547e+09,2.008485718705275057e-10
1.126259464675048828e+09,-5.393141337239424730e-10
1.126259464675537109e+09,9.942755252539548123e-10
1.126259464676025391e+09,2.707340406155402080e-09
1.126259464676513672e+09,2.139287168828040964e-09
1.126259464677001953e+09,9.678831010836470590e-10
1.126259464677490234e+09,1.793557048692254799e-09
1.126259464677978516e+09,3.289592917753200637e-09
1.126259464678466797e+09,2.911191138971533118e-09
1.126259464678955078e+09,1.831296335176321182e-09
1.126259464679443359e+09,2.550188578457931999e-09
1.126259464679931641e+09,3.874257077575986960e-09
1.126259464680419922e+09,3.141452545297792680e-09
1.126259464680908203e+09,1.534761549403440713e-09
1.126259464681396484e+09,2.111783631671893484e-09
1.126259464681884766e+09,4.012284497167344302e-09
1.126259464682373047e+09,3.809044525803709472e-09
1.126259464682861328e+09,1.635818749181070573e-09
1.126259464683349609e+09,8.012063451747497836e-10
1.126259464683837891e+09,1.867276476060982283e-09
1.126259464684326172e+09,2.200454705522158958e-09
1.126259464684814453e+09,1.195764705668509364e-09
1.126259464685302734e+09,9.348276595318582547e-10
1.126259464685791016e+09,1.539222018018339007e-09
1.126259464686279297e+09,7.935194144495533288e-10
1.126259464686767578e+09,-1.183256846910408380e-09
1.126259464687255859e+09,-1.671598188911401465e-09
1.126259464687744141e+09,-4.015870233844466136e-10
1.126259464688232422e+09,-2.221358520293282359e-10
1.126259464688720703e+09,-1.907352111647573924e-09
1.126259464689208984e+09,-2.893945424038171868e-09
1.126259464689697266e+09,-2.221430449008225737e-09
1.126259464690185547e+09,-2.130673216977979092e-09
1.126259464690673828e+09,-3.434400269125094182e-09
1.126259464691162109e+09,-3.861953085922982477e-09
1.126259464691650391e+09,-2.647553309948896454e-09
1.126259464692138672e+09,-2.304187062845485813e-09
1.126259464692626953e+09,-3.873977506416666582e-09
1.126259464693115234e+09,-4.708085463404073693e-09
1.126259464693603516e+09,-3.214934204820482573e-09
1.126259464694091797e+09,-1.734159484903548691e-09
1.126259464694580078e+09,-2.226029108260147984e-09
1.126259464695068359e+09,-2.980223705029273648e-09
1.126259464695556641e+09,-2.243113664919774039e-09
1.126259464696044922e+09,-1.406948697949138005e-09
1.126259464696533203e+09,-1.794081257619756665e-09
1.126259464697021484e+09,-1.834902959923664355e-09
1.126259464697509766e+09,-4.123898928751620247e-10
1.126259464697998047e+09,4.256163606246165320e-10
1.126259464698486328e+09,-7.540468296179445477e-10
1.126259464698974609e+09,-1.602548352474141574e-09
1.126259464699462891e+09,2.396937469576963999e-11
1.126259464699951172e+09,2.071026689485266982e-09
1.126259464700439453e+09,1.877251332481075551e-09
1.126259464700927734e+09,7.693351282254622234e-10
1.126259464701416016e+09,1.230673134898173506e-09
1.126259464701904297e+09,2.286445070643284982e-09
1.126259464702392578e+09,1.846005251463623150e-09
1.126259464702880859e+09,1.108568148111851951e-09
1.126259464703369141e+09,2.210984803315322141e-09
1.126259464703857422e+09,3.667734310404412818e-09
1.126259464704345703e+09,2.799611823225644001e-09
1.126259464704833984e+09,9.146242360314271571e-10
1.126259464705322266e+09,1.263131992003682838e-09
1.126259464705810547e+09,3.214643878175765958e-09
1.126259464706298828e+09,3.392654532579716163e-09
1.126259464706787109e+09,1.659352361479142690e-09
1.126259464707275391e+09,9.963744213168496005e-10
1.126259464707763672e+09,1.934287021971576210e-09
1.126259464708251953e+09,2.057725838307078266e-09
1.126259464708740234e+09,9.806619294134972211e-10
1.126259464709228516e+09,9.487412368619012484e-10
1.126259464709716797e+09,2.169592911254148589e-09
1.126259464710205078e+09,2.241995484666549806e-09
1.126259464710693359e+09,8.450104016882420097e-10
1.126259464711181641e+09,4.510394222547432103e-10
1.126259464711669922e+09,1.542853758312794433e-09
1.126259464712158203e+09,1.596335397665943713e-09
1.126259464712646484e+09,-8.359262549548661747e-11
1.126259464713134766e+09,-9.204757457889540922e-10
1.126259464713623047e+09,1.612254477210938045e-10
1.126259464714111328e+09,7.985192421710204844e-10
1.126259464714599609e+09,-3.225166809879227284e-10
1.126259464715087891e+09,-1.175603220252454723e-09
1.126259464715576172e+09,-5.010581983138562930e-10
1.126259464716064453e+09,-2.098219503566251242e-10
1.126259464716552734e+09,-1.490704625107215074e-09
1.126259464717041016e+09,-2.318169526067312719e-09
1.126259464717529297e+09,-1.306052606783491952e-09
1.126259464718017578e+09,-4.949175093378724792e-10
1.126259464718505859e+09,-1.640647325099375505e-09
1.126259464718994141e+09,-3.027107907097081087e-09
1.126259464719482422e+09,-2.752864185962977483e-09
1.126259464719970703e+09,-2.071833801705946112e-09
1.126259464720458984e+09,-2.563874919338716824e-09
1.126259464720947266e+09,-2.981941401015540986e-09
1.126259464721435547e+09,-2.016710992538301134e-09
1.126259464721923828e+09,-1.356857654444608400e-09
1.126259464722412109e+09,-2.649804189632693698e-09
1.126259464722900391e+09,-4.002116228227278522e-09
1.126259464723388672e+09,-3.047647700860422114e-09
1.126259464723876953e+09,-1.216090886156794507e-09
1.126259464724365234e+09,-1.284080735629984520e-09
1.126259464724853516e+09,-2.662869922497762832e-09
1.126259464725341797e+09,-2.849827526146912708e-09
1.126259464725830078e+09,-1.844593446464848438e-09
1.126259464726318359e+09,-1.350496278875718045e-09
1.126259464726806641e+09,-1.087173764334827468e-09
1.126259464727294922e+09,2.544427594010073370e-10
1.126259464727783203e+09,1.639216961549480053e-09
1.126259464728271484e+09,1.162826283993416837e-09
1.126259464728759766e+09,-9.200540088539690686e-11
1.126259464729248047e+09,4.652746197356495076e-10
1.126259464729736328e+09,2.399086341901280910e-09
1.126259464730224609e+09,3.048996078247505405e-09
1.126259464730712891e+09,2.208727222114659221e-09
1.126259464731201172e+09,2.071791180168490302e-09
1.126259464731689453e+09,2.950587490875127753e-09
1.126259464732177734e+09,3.065523427097246375e-09
1.126259464732666016e+09,2.429901289462479646e-09
1.126259464733154297e+09,2.895582314552966076e-09
1.126259464733642578e+09,4.206027883426706393e-09
1.126259464734130859e+09,4.018796004160965586e-09
1.126259464734619141e+09,2.254241294788965487e-09
1.126259464735107422e+09,1.506166366285201499e-09
1.126259464735595703e+09,2.538059619203620475e-09
1.126259464736083984e+09,3.198558939445165708e-09
1.126259464736572266e+09,2.516578710499215754e-09
1.126259464737060547e+09,2.036785002543856675e-09
1.126259464737548828e+09,2.236806429651573609e-09
1.126259464738037109e+09,1.523642560730942442e-09
1.126259464738525391e+09,-1.218627748507326338e-10
1.126259464739013672e+09,-4.347558183528850294e-10
1.126259464739501953e+09,8.674010458602077892e-10
1.126259464739990234e+09,1.027430431039751441e-09
1.126259464740478516e+09,-9.508996675596427328e-10
1.126259464740966797e+09,-2.347640586322582795e-09
1.126259464741455078e+09,-1.451880619912048808e-09
1.126259464741943359e+09,-3.888251137283575058e-10
1.126259464742431641e+09,-1.039979677388673712e-09
1.126259464742919922e+09,-1.908431645642757368e-09
1.126259464743408203e+09,-1.551753412115664998e-09
1.126259464743896484e+09,-1.478184164075828946e-09
1.126259464744384766e+09,-2.782470542824478238e-09
1.126259464744873047e+09,-3.386367479238488123e-09
1.126259464745361328e+09,-1.802304890586651316e-09
1.126259464745849609e+09,-4.056661096970044105e-10
1.126259464746337891e+09,-1.524578563479918354e-09
1.126259464746826172e+09,-3.249079418407264159e-09
1.126259464747314453e+09,-2.781820375829028463e-09
1.126259464747802734e+09,-1.225998213059925954e-09
1.126259464748291016e+09,-1.171563305434033014e-09
1.126259464748779297e+09,-1.989394975958472608e-09
1.126259464749267578e+09,-1.611121374564225060e-09
1.126259464749755859e+09,-8.232159127562142487e-10
1.126259464750244141e+09,-1.522462776006436016e-09
1.126259464750732422e+09,-2.527322892598751848e-09
1.126259464751220703e+09,-1.518777285382503209e-09
1.126259464751708984e+09,3.362826627514059049e-10
1.126259464752197266e+09,1.550923323323650796e-10
1.126259464752685547e+09,-1.465122781681829598e-09
1.126259464753173828e+09,-1.526829764621415850e-09
1.126259464753662109e+09,6.920406594625720369e-12
1.126259464754150391e+09,5.081412734911494172e-10
1.126259464754638672e+09,-2.673067806808432710e-10
1.126259464755126953e+09,-6.644248640266793484e-11
1.126259464755615234e+09,1.182311895370169620e-09
1.126259464756103516e+09,1.216467221810989592e-09
1.126259464756591797e+09,5.438331897219027866e-11
1.126259464757080078e+09,1.864286445609682895e-10
1.126259464757568359e+09,1.767272039410938245e-09
1.126259464758056641e+09,2.125769464730389358e-09
1.126259464758544922e+09,7.394917349127313826e-10
1.126259464759033203e+09,2.563195751636760568e-10
1.126259464759521484e+09,1.606191787817848662e-09
1.126259464760009766e+09,2.439718294581453106e-09
1.126259464760498047e+09,1.650100170579852215e-09
1.126259464760986328e+09,1.221844032462088777e-09
1.126259464761474609e+09,2.128084528937890243e-09
1.126259464761962891e+09,2.494073671152867120e-09
1.126259464762451172e+09,1.510580276643854639e-09
1.126259464762939453e+09,1.199349000114711847e-09
1.126259464763427734e+09,2.426637575804223724e-09
1.126259464763916016e+09,3.006256552963054482e-09
1.126259464764404297e+09,1.789013739616772311e-09
1.126259464764892578e+09,8.977162708678829733e-10
1.126259464765380859e+09,1.715098992207481237e-09
1.126259464765869141e+09,2.311941189134780564e-09
1.126259464766357422e+09,1.231669621589115607e-09
1.126259464766845703e+09,2.582795184759881638e-10
1.126259464767333984e+09,8.533258330057541335e-10
1.126259464767822266e+09,1.302187216736996288e-09
1.126259464768310547e+09,1.605150657598391859e-10
1.126259464768798828e+09,-8.087237913651691672e-10
1.126259464769287109e+09,-7.530220487474256099e-11
1.126259464769775391e+09,5.213636689617177855e-10
1.126259464770263672e+09,-7.941563498762796819e-10
1.126259464770751953e+09,-2.253726009518642965e-09
1.126259464771240234e+09,-1.808625628261691897e-09
1.126259464771728516e+09,-9.321048888348807293e-10
1.126259464772216797e+09,-1.688502883227211575e-09
1.126259464772705078e+09,-2.810670586897670813e-09
1.126259464773193359e+09,-2.362894747915302362e-09
1.126259464773681641e+09,-1.651158178665598101e-09
1.126259464774169922e+09,-2.604225647052564472e-09
1.126259464774658203e+09,-3.745534273628443666e-09
1.126259464775146484e+09,-2.859727549511480833e-09
1.126259464775634766e+09,-1.396624897677188530e-09
1.126259464776123047e+09,-1.946669959042830112e-09
1.126259464776611328e+09,-3.376499729721426156e-09
1.126259464777099609e+09,-2.915421618500959749e-09
1.126259464777587891e+09,-1.271977152277995547e-09
1.126259464778076172e+09,-1.085822598523640268e-09
1.126259464778564453e+09,-1.873197077847160634e-09
1.126259464779052734e+09,-1.263365162893945656e-09
1.126259464779541016e+09,7.986219042646139838e-11
1.126259464780029297e+09,-2.998137636478940784e-10
1.126259464780517578e+09,-1.558094964028224322e-09
1.126259464781005859e+09,-7.805543325804625195e-10
1.126259464781494141e+09,1.426014061992541417e-09
1.126259464781982422e+09,1.755997775297118364e-09
1.126259464782470703e+09,2.254111400879956924e-10
1.126259464782958984e+09,1.123039240763707355e-10
1.126259464783447266e+09,1.922774600778093841e-09
1.126259464783935547e+09,2.716523726155347555e-09
1.126259464784423828e+09,1.769097367096454282e-09
1.126259464784912109e+09,1.598875252154436056e-09
1.126259464785400391e+09,2.696420391334679452e-09
1.126259464785888672e+09,2.547487018651561826e-09
1.126259464786376953e+09,9.190830425385649722e-10
1.126259464786865234e+09,8.201118786341223289e-10
1.126259464787353516e+09,2.801744026925848029e-09
1.126259464787841797e+09,3.511018837259636184e-09
1.126259464788330078e+09,1.661237220815992754e-09
1.126259464788818359e+09,3.464241503209442770e-10
1.126259464789306641e+09,1.361922786429540034e-09
1.126259464789794922e+09,2.217069728362446168e-09
1.126259464790283203e+09,1.169541015414353741e-09
1.126259464790771484e+09,3.475165871118436915e-10
1.126259464791259766e+09,1.156758968306400850e-09
1.126259464791748047e+09,1.321791574449064757e-09
1.126259464792236328e+09,-4.515677321292439532e-10
1.126259464792724609e+09,-1.411061959207288551e-09
1.126259464793212891e+09,2.892565546642181277e-10
1.126259464793701172e+09,1.867201981080193298e-09
1.126259464794189453e+09,7.505893010200327828e-10
1.126259464794677734e+09,-9.135133294000357984e-10
1.126259464795166016e+09,-4.144761696292722274e-10
1.126259464795654297e+09,6.963644069421938570e-10
1.126259464796142578e+09,1.995402867141696660e-11
1.126259464796630859e+09,-1.032435352092744999e-09
1.126259464797119141e+09,-3.268901888702739568e-10
1.126259464797607422e+09,5.180265828958308888e-10
1.126259464798095703e+09,-7.329579437546593907e-10
1.126259464798583984e+09,-2.269880841050823410e-09
1.126259464799072266e+09,-1.381925179571066360e-09
1.126259464799560547e+09,3.619808452899693689e-10
1.126259464800048828e+09,-1.511631965339360717e-10
1.126259464800537109e+09,-1.983159902382534495e-09
1.126259464801025391e+09,-2.125063628882700201e-09
1.126259464801513672e+09,-1.019911541811594902e-09
1.126259464802001953e+09,-1.189831035924515549e-09
1.126259464802490234e+09,-2.132598716395030199e-09
1.126259464802978516e+09,-1.592616448213358050e-09
1.126259464803466797e+09,-4.313947692882611241e-10
1.126259464803955078e+09,-1.170592745853537600e-09
1.126259464804443359e+09,-2.877354781258394404e-09
1.126259464804931641e+09,-2.576830685522537163e-09
1.126259464805419922e+09,-8.207019488712204131e-10
1.126259464805908203e+09,-7.548259568473948236e-10
1.126259464806396484e+09,-2.336395104043487556e-09
1.126259464806884766e+09,-2.602189057133814666e-09
1.126259464807373047e+09,-1.255101934503059227e-09
1.126259464807861328e+09,-8.470887928889573491e-10
1.126259464808349609e+09,-1.590625950166390553e-09
1.126259464808837891e+09,-1.134847919995915489e-09
1.126259464809326172e+09,4.326374529048237859e-10
1.126259464809814453e+09,5.101276834302889249e-10
1.126259464810302734e+09,-8.023370728541327498e-10
1.126259464810791016e+09,-5.462378056926480725e-10
1.126259464811279297e+09,1.518303302461900265e-09
1.126259464811767578e+09,2.312837935791117245e-09
1.126259464812255859e+09,1.153349290131862200e-09
1.126259464812744141e+09,8.863787839053959890e-10
1.126259464813232422e+09,2.322216016588977976e-09
1.126259464813720703e+09,2.779988636024460140e-09
1.126259464814208984e+09,1.535929945042781732e-09
1.126259464814697266e+09,1.454410912335757320e-09
1.126259464815185547e+09,3.413102251899092975e-09
1.126259464815673828e+09,4.269834054863067176e-09
1.126259464816162109e+09,2.554389365326722146e-09
1.126259464816650391e+09,1.207249201151917759e-09
1.126259464817138672e+09,2.172320552925315520e-09
1.126259464817626953e+09,3.062822212725872067e-09
1.126259464818115234e+09,1.970108358582180654e-09
1.126259464818603516e+09,9.614178265493031915e-10
1.126259464819091797e+09,1.735637167032768956e-09
1.126259464819580078e+09,2.212902225882858104e-09
1.126259464820068359e+09,7.662915692731136014e-10
1.126259464820556641e+09,-3.331812256113791261e-10
1.126259464821044922e+09,7.729719928899913643e-10
1.126259464821533203e+09,1.746811593002515221e-09
1.126259464822021484e+09,3.237800762713432721e-10
1.126259464822509766e+09,-1.372748274944088907e-09
1.126259464822998047e+09,-7.507382858359635604e-10
1.126259464823486328e+09,4.928284572881861844e-10
1.126259464823974609e+09,-3.004527117236605113e-10
1.126259464824462891e+09,-1.842504258484897681e-09
1.126259464824951172e+09,-1.636008685100674347e-09
1.126259464825439453e+09,-7.460811634550807581e-10
1.126259464825927734e+09,-1.418514436290660976e-09
1.126259464826416016e+09,-2.526946745874626164e-09
1.126259464826904297e+09,-1.899138592685827164e-09
1.126259464827392578e+09,-8.395554617591835008e-10
1.126259464827880859e+09,-1.736025294275525524e-09
1.126259464828369141e+09,-3.256456112434694446e-09
1.126259464828857422e+09,-2.628582007019939253e-09
1.126259464829345703e+09,-8.743083849283909693e-10
1.126259464829833984e+09,-9.904057638424438123e-10
1.126259464830322266e+09,-2.468754631386286803e-09
1.126259464830810547e+09,-2.470379802176156932e-09
1.126259464831298828e+09,-1.174497406482985064e-09
1.126259464831787109e+09,-1.066956451956756237e-09
1.126259464832275391e+09,-1.913852916907640436e-09
1.126259464832763672e+09,-1.382594773369531423e-09
1.126259464833251953e+09,5.383439256500364171e-11
1.126259464833740234e+09,-2.075657595212038170e-10
1.126259464834228516e+09,-1.762005373620794794e-09
1.126259464834716797e+09,-1.673428785789861269e-09
1.126259464835205078e+09,7.926076914259091018e-11
1.126259464835693359e+09,5.435786781850981261e-10
1.126259464836181641e+09,-7.298630800558886339e-10
1.126259464836669922e+09,-1.046096107856650725e-09
1.126259464837158203e+09,2.365356183707554645e-10
1.126259464837646484e+09,7.276300944265387474e-10
1.126259464838134766e+09,-1.380808962669777158e-10
1.126259464838623047e+09,-7.820446952115583927e-11
1.126259464839111328e+09,1.284171908769235434e-09
1.126259464839599609e+09,1.406209483227741268e-09
1.126259464840087891e+09,-2.026505192901491759e-10
1.126259464840576172e+09,-6.510939494691094758e-10
1.126259464841064453e+09,1.138710606890527697e-09
1.126259464841552734e+09,2.383124045113006586e-09
1.126259464842041016e+09,1.398611793658532069e-09
1.126259464842529297e+09,3.373629910928173031e-10
1.126259464843017578e+09,9.472408964931340916e-10
1.126259464843505859e+09,1.692441882087032209e-09
1.126259464843994141e+09,1.315180495522774874e-09
1.126259464844482422e+09,1.344358285351390263e-09
1.126259464844970703e+09,2.639720907221961249e-09
1.126259464845458984e+09,3.161414397913994322e-09
1.126259464845947266e+09,1.774058145545677486e-09
1.126259464846435547e+09,7.723751348926930795e-10
1.126259464846923828e+09,1.912774428308061085e-09
1.126259464847412109e+09,3.240807116679479154e-09
1.126259464847900391e+09,2.668185604152082208e-09
1.126259464848388672e+09,1.540058476305399248e-09
1.126259464848876953e+09,1.719713076743177466e-09
1.126259464849365234e+09,2.148402041852292863e-09
1.126259464849853516e+09,1.376851348590517606e-09
1.126259464850341797e+09,6.665408472189197443e-10
1.126259464850830078e+09,1.362793829871638636e-09
1.126259464851318359e+09,1.848376622114320194e-09
1.126259464851806641e+09,4.418412532345651724e-10
1.126259464852294922e+09,-1.152736937178081311e-09
1.126259464852783203e+09,-7.257738051257773204e-10
1.126259464853271484e+09,4.239150690996528121e-10
1.126259464853759766e+09,-8.756145815799548511e-11
1.126259464854248047e+09,-1.425628613586415439e-09
1.126259464854736328e+09,-1.379659357419582796e-09
1.126259464855224609e+09,-6.236241626191885026e-10
1.126259464855712891e+09,-1.255232306023563058e-09
1.126259464856201172e+09,-2.621554283115536847e-09
1.126259464856689453e+09,-2.541030507079824818e-09
1.126259464857177734e+09,-1.498853841226804174e-09
1.126259464857666016e+09,-1.727870501860917845e-09
1.126259464858154297e+09,-3.009588622844406741e-09
1.126259464858642578e+09,-3.202497470472762417e-09
1.126259464859130859e+09,-2.274745873952348619e-09
1.126259464859619141e+09,-2.089116569800864272e-09
1.126259464860107422e+09,-2.686705247818295682e-09
1.126259464860595703e+09,-2.446325369537109751e-09
1.126259464861083984e+09,-1.563435140322882913e-09
1.126259464861572266e+09,-1.721136037535528123e-09
1.126259464862060547e+09,-2.531930775906736985e-09
1.126259464862548828e+09,-1.977966925247735007e-09
1.126259464863037109e+09,-3.513171857644878234e-10
1.126259464863525391e+09,-6.782844745429555576e-11
1.126259464864013672e+09,-1.356849149593335120e-09
1.126259464864501953e+09,-1.784333719528739702e-09
1.126259464864990234e+09,-5.122145360187331746e-10
1.126259464865478516e+09,5.250636656896892716e-10
1.126259464865966797e+09,3.364080824434773718e-10
1.126259464866455078e+09,2.959512207367233489e-10
1.126259464866943359e+09,1.008429816162869224e-09
1.126259464867431641e+09,1.112512928823356197e-09
1.126259464867919922e+09,2.705092948275897029e-10
1.126259464868408203e+09,1.661686865363116336e-10
1.126259464868896484e+09,1.313953877620588822e-09
1.126259464869384766e+09,1.880105714521566254e-09
1.126259464869873047e+09,9.714144163899146644e-10
1.126259464870361328e+09,2.259535593134494159e-10
1.126259464870849609e+09,7.799649588036588464e-10
1.126259464871337891e+09,1.428603550781504013e-09
1.126259464871826172e+09,1.208355104872230129e-09
1.126259464872314453e+09,1.078661424360203005e-09
1.126259464872802734e+09,1.549667490301338663e-09
1.126259464873291016e+09,1.355243181652563623e-09
1.126259464873779297e+09,1.157402897653485237e-10
1.126259464874267578e+09,-3.556371524855394936e-10
1.126259464874755859e+09,8.057474497930519713e-10
1.126259464875244141e+09,1.679668529530876218e-09
1.126259464875732422e+09,8.197922186607362550e-10
1.126259464876220703e+09,-1.906326514911150988e-10
1.126259464876708984e+09,3.939979501510462323e-10
1.126259464877197266e+09,1.473053647655030769e-09
1.126259464877685547e+09,1.338151188348000689e-09
1.126259464878173828e+09,6.907891638084688192e-10
1.126259464878662109e+09,8.652641751207628432e-10
1.126259464879150391e+09,1.070690916494339200e-09
1.126259464879638672e+09,1.480563809166817694e-10
1.126259464880126953e+09,-7.090656946704699234e-10
1.126259464880615234e+09,1.157874928285017312e-10
1.126259464881103516e+09,1.504702729823227932e-09
1.126259464881591797e+09,1.333967857041159518e-09
1.126259464882080078e+09,1.321158525726653467e-10
1.126259464882568359e+09,1.410684173709003335e-11
1.126259464883056641e+09,9.447304195636354607e-10
1.126259464883544922e+09,1.120272550771798271e-09
1.126259464884033203e+09,3.844561054189812007e-10
1.126259464884521484e+09,2.027532110233244220e-10
1.126259464885009766e+09,6.312321904874577790e-10
1.126259464885498047e+09,3.206748752014831988e-10
1.126259464885986328e+09,-5.998773659870322818e-10
1.126259464886474609e+09,-5.817972417550005742e-10
1.126259464886962891e+09,3.163087472169057283e-10
1.126259464887451172e+09,3.144517338799426082e-10
1.126259464887939453e+09,-8.689849131891461365e-10
1.126259464888427734e+09,-1.438722144615581782e-09
1.126259464888916016e+09,-6.799727684278143236e-10
1.126259464889404297e+09,-5.519985476009404869e-11
1.126259464889892578e+09,-4.443889538676269135e-10
1.126259464890380859e+09,-8.158896131040214929e-10
1.126259464890869141e+09,-5.291856336944521579e-10
1.126259464891357422e+09,-5.386445762748427194e-10
1.126259464891845703e+09,-1.222279374299153906e-09
1.126259464892333984e+09,-1.303465380085313075e-09
1.126259464892822266e+09,-2.229636456295415496e-10
1.126259464893310547e+09,5.201399316386136949e-10
1.126259464893798828e+09,-1.588788376930095316e-10
1.126259464894287109e+09,-1.022231227125807307e-09
1.126259464894775391e+09,-6.341623226486924009e-10
1.126259464895263672e+09,3.227582990337761229e-10
1.126259464895751953e+09,5.233530231096414472e-10
1.126259464896240234e+09,2.607324448934624686e-10
1.126259464896728516e+09,4.521520564493195796e-10
1.126259464897216797e+09,7.044136220678387727e-10
1.126259464897705078e+09,2.498231912051003732e-10
1.126259464898193359e+09,-2.539547090924512211e-10
1.126259464898681641e+09,2.269362665884586627e-10
1.126259464899169922e+09,1.076585650142458865e-09
1.126259464899658203e+09,9.343499658951113042e-10
1.126259464900146484e+09,-1.031428440356124282e-11
1.126259464900634766e+09,-4.697677913104199408e-10
1.126259464901123047e+09,-2.988860556143356078e-10
1.126259464901611328e+09,-4.372338095426519048e-10
1.126259464902099609e+09,-9.805021491483657967e-10
1.126259464902587891e+09,-1.179386368899413405e-09
1.126259464903076172e+09,-1.148187264115647206e-09
1.126259464903564453e+09,-1.683373129346512462e-09
1.126259464904052734e+09,-2.448757598752247873e-09
1.126259464904541016e+09,-2.291973278496121155e-09
1.126259464905029297e+09,-1.487387449122314824e-09
1.126259464905517578e+09,-1.643293668566436266e-09
1.126259464906005859e+09,-2.997075394886850806e-09
1.126259464906494141e+09,-3.839055392073290274e-09
1.126259464906982422e+09,-3.285914898939349923e-09
1.126259464907470703e+09,-2.613179587525771577e-09
1.126259464907958984e+09,-2.884161092679212973e-09
1.126259464908447266e+09,-3.234788250082322270e-09
1.126259464908935547e+09,-2.801040220412195085e-09
1.126259464909423828e+09,-2.461712675933751870e-09
1.126259464909912109e+09,-2.993119701400528040e-09
1.126259464910400391e+09,-3.180865674756993634e-09
1.126259464910888672e+09,-1.811246344235133053e-09
1.126259464911376953e+09,-1.541059062365714840e-10
1.126259464911865234e+09,-1.122461069888121061e-10
1.126259464912353516e+09,-9.328586848706908429e-10
1.126259464912841797e+09,-3.692678406678514113e-10
1.126259464913330078e+09,1.528612777261635265e-09
1.126259464913818359e+09,2.619330346927434305e-09
1.126259464914306641e+09,2.453681663276876515e-09
1.126259464914794922e+09,2.834474609500753586e-09
1.126259464915283203e+09,4.298048752926963372e-09
1.126259464915771484e+09,5.176832733765522770e-09
1.126259464916259766e+09,5.021651961960331992e-09
1.126259464916748047e+09,5.747732652225718428e-09
1.126259464917236328e+09,7.918352507323496524e-09
1.126259464917724609e+09,9.133372483175800887e-09
1.126259464918212891e+09,8.258756701989766325e-09
1.126259464918701172e+09,8.071805418612553346e-09
1.126259464919189453e+09,1.051696800964148871e-08
1.126259464919677734e+09,1.277026691883039300e-08
1.126259464920166016e+09,1.173496498345843680e-08
1.126259464920654297e+09,1.058944381803306402e-08
1.126259464921142578e+09,1.375704605547184706e-08
1.126259464921630859e+09,1.821720947900544059e-08
1.126259464922119141e+09,1.397826786308915184e-08
1.126259464922607422e+09,1.375216720240666754e-09
