lag,MI,epoch
1,2.513310997973706,E1_low_entropy_baseline_1
2,2.3755417037376034,E1_low_entropy_baseline_1
3,2.188632328171102,E1_low_entropy_baseline_1
4,2.0915356892708674,E1_low_entropy_baseline_1
5,1.9217360801542913,E1_low_entropy_baseline_1
6,2.0016833390343223,E1_low_entropy_baseline_1
7,1.7552513092872806,E1_low_entropy_baseline_1
8,1.7592599253414858,E1_low_entropy_baseline_1
9,1.6778643230579675,E1_low_entropy_baseline_1
10,1.584325749649067,E1_low_entropy_baseline_1
11,1.5412007962026029,E1_low_entropy_baseline_1
12,1.5502108138887882,E1_low_entropy_baseline_1
13,1.407895287777416,E1_low_entropy_baseline_1
14,1.3777286606467238,E1_low_entropy_baseline_1
15,1.362458474691005,E1_low_entropy_baseline_1
16,1.2468459787680546,E1_low_entropy_baseline_1
17,1.2535092322791792,E1_low_entropy_baseline_1
18,1.2095937406462198,E1_low_entropy_baseline_1
19,1.123764417723665,E1_low_entropy_baseline_1
20,1.0988432168340645,E1_low_entropy_baseline_1
21,1.0959679003464315,E1_low_entropy_baseline_1
22,0.976492893372598,E1_low_entropy_baseline_1
23,1.0213597333621767,E1_low_entropy_baseline_1
24,0.9304566877876499,E1_low_entropy_baseline_1
25,0.9377562314369623,E1_low_entropy_baseline_1
26,0.8349641993689758,E1_low_entropy_baseline_1
27,0.9066111245714499,E1_low_entropy_baseline_1
28,0.7699362492881763,E1_low_entropy_baseline_1
29,0.7973876239753706,E1_low_entropy_baseline_1
30,0.7747859800930446,E1_low_entropy_baseline_1
31,0.7172336597438118,E1_low_entropy_baseline_1
32,0.6821190159448509,E1_low_entropy_baseline_1
33,0.6938624708676144,E1_low_entropy_baseline_1
34,0.6090099529728441,E1_low_entropy_baseline_1
35,0.6410463678799463,E1_low_entropy_baseline_1
36,0.5854961422073437,E1_low_entropy_baseline_1
37,0.5626174785400275,E1_low_entropy_baseline_1
38,0.5481754051851606,E1_low_entropy_baseline_1
39,0.5308567548381298,E1_low_entropy_baseline_1
40,0.48240245832919104,E1_low_entropy_baseline_1
41,0.49632485928687053,E1_low_entropy_baseline_1
42,0.4832938165667384,E1_low_entropy_baseline_1
43,0.429893892088165,E1_low_entropy_baseline_1
44,0.4285342651870412,E1_low_entropy_baseline_1
45,0.40694968153604094,E1_low_entropy_baseline_1
46,0.38411062816082797,E1_low_entropy_baseline_1
47,0.3792021561289234,E1_low_entropy_baseline_1
48,0.35161629783011605,E1_low_entropy_baseline_1
49,0.3299149801927257,E1_low_entropy_baseline_1
50,0.3561315394527549,E1_low_entropy_baseline_1
51,0.3043203096495075,E1_low_entropy_baseline_1
52,0.30442135364070033,E1_low_entropy_baseline_1
53,0.28643464987841405,E1_low_entropy_baseline_1
54,0.2792481816095034,E1_low_entropy_baseline_1
55,0.25549512827953524,E1_low_entropy_baseline_1
56,0.25762594342664613,E1_low_entropy_baseline_1
57,0.24209655160781107,E1_low_entropy_baseline_1
58,0.23718682117639567,E1_low_entropy_baseline_1
59,0.22377685785099466,E1_low_entropy_baseline_1
60,0.22227243369552596,E1_low_entropy_baseline_1
61,0.20965954574202605,E1_low_entropy_baseline_1
62,0.20410047135300502,E1_low_entropy_baseline_1
63,0.1999449663589159,E1_low_entropy_baseline_1
64,0.19292695286401962,E1_low_entropy_baseline_1
65,0.18554788540925138,E1_low_entropy_baseline_1
66,0.18082547600740106,E1_low_entropy_baseline_1
67,0.16611090516460525,E1_low_entropy_baseline_1
68,0.1637019554048722,E1_low_entropy_baseline_1
69,0.15861528434681915,E1_low_entropy_baseline_1
70,0.15692680999668074,E1_low_entropy_baseline_1
71,0.14953450027900317,E1_low_entropy_baseline_1
72,0.14347453022502066,E1_low_entropy_baseline_1
73,0.13756814462821687,E1_low_entropy_baseline_1
74,0.1371824321051589,E1_low_entropy_baseline_1
75,0.1361509249672075,E1_low_entropy_baseline_1
76,0.13433495110571414,E1_low_entropy_baseline_1
77,0.13072259690680088,E1_low_entropy_baseline_1
78,0.1288265183866164,E1_low_entropy_baseline_1
79,0.12798635688892634,E1_low_entropy_baseline_1
80,0.12498496927271319,E1_low_entropy_baseline_1
81,0.1295323980991121,E1_low_entropy_baseline_1
82,0.12297643442551554,E1_low_entropy_baseline_1
83,0.12308525015697391,E1_low_entropy_baseline_1
84,0.12150964291914157,E1_low_entropy_baseline_1
85,0.12248115980583574,E1_low_entropy_baseline_1
86,0.12173094246266114,E1_low_entropy_baseline_1
87,0.1315405909307792,E1_low_entropy_baseline_1
88,0.12652918591501994,E1_low_entropy_baseline_1
89,0.13292121829995907,E1_low_entropy_baseline_1
90,0.1320164549644245,E1_low_entropy_baseline_1
91,0.13668583203412066,E1_low_entropy_baseline_1
92,0.14385045715273392,E1_low_entropy_baseline_1
93,0.14383176307286671,E1_low_entropy_baseline_1
94,0.14381060818673586,E1_low_entropy_baseline_1
95,0.15030678466052105,E1_low_entropy_baseline_1
96,0.15358677148562805,E1_low_entropy_baseline_1
97,0.16104179065470348,E1_low_entropy_baseline_1
98,0.16561613385116214,E1_low_entropy_baseline_1
99,0.17638098051906947,E1_low_entropy_baseline_1
100,0.17938121104605553,E1_low_entropy_baseline_1
101,0.1833684187862854,E1_low_entropy_baseline_1
102,0.19083000923214222,E1_low_entropy_baseline_1
103,0.20253965404751817,E1_low_entropy_baseline_1
104,0.20777838359650325,E1_low_entropy_baseline_1
105,0.22093925373946544,E1_low_entropy_baseline_1
106,0.2236661674849003,E1_low_entropy_baseline_1
107,0.24076664326039765,E1_low_entropy_baseline_1
108,0.24789504355698888,E1_low_entropy_baseline_1
109,0.25119349909314437,E1_low_entropy_baseline_1
110,0.2675182517731889,E1_low_entropy_baseline_1
111,0.2792532805401562,E1_low_entropy_baseline_1
112,0.29384284166079766,E1_low_entropy_baseline_1
113,0.30683254167059193,E1_low_entropy_baseline_1
114,0.3190980299406032,E1_low_entropy_baseline_1
115,0.3308771059333937,E1_low_entropy_baseline_1
116,0.3475387991475607,E1_low_entropy_baseline_1
117,0.3585122350450254,E1_low_entropy_baseline_1
118,0.3725797931438857,E1_low_entropy_baseline_1
119,0.3914324429920164,E1_low_entropy_baseline_1
120,0.4069771840006631,E1_low_entropy_baseline_1
121,0.427810274262999,E1_low_entropy_baseline_1
122,0.4435785516228634,E1_low_entropy_baseline_1
123,0.46381708977437075,E1_low_entropy_baseline_1
124,0.47982516010864273,E1_low_entropy_baseline_1
125,0.49879229807085057,E1_low_entropy_baseline_1
126,0.5212918452624837,E1_low_entropy_baseline_1
127,0.5449466248118648,E1_low_entropy_baseline_1
128,0.5637400786022742,E1_low_entropy_baseline_1
129,0.5898322939318579,E1_low_entropy_baseline_1
130,0.6107564623672275,E1_low_entropy_baseline_1
131,0.633521487510575,E1_low_entropy_baseline_1
132,0.6591257754829609,E1_low_entropy_baseline_1
133,0.6883317512046148,E1_low_entropy_baseline_1
134,0.7111299090878642,E1_low_entropy_baseline_1
135,0.746308285419989,E1_low_entropy_baseline_1
136,0.766896115328219,E1_low_entropy_baseline_1
137,0.8020667131174584,E1_low_entropy_baseline_1
138,0.8270603740636835,E1_low_entropy_baseline_1
139,0.865482077399367,E1_low_entropy_baseline_1
140,0.8950556399785263,E1_low_entropy_baseline_1
141,0.9326628112834765,E1_low_entropy_baseline_1
142,0.9704690931920208,E1_low_entropy_baseline_1
143,1.0029117611301732,E1_low_entropy_baseline_1
144,1.042764964765996,E1_low_entropy_baseline_1
145,1.079299215062945,E1_low_entropy_baseline_1
146,1.1201764831402095,E1_low_entropy_baseline_1
147,1.1587862013602175,E1_low_entropy_baseline_1
148,1.1980283659587236,E1_low_entropy_baseline_1
149,1.2363662110938431,E1_low_entropy_baseline_1
150,1.2745176087323697,E1_low_entropy_baseline_1
151,1.3118009458188764,E1_low_entropy_baseline_1
152,1.3530808404607608,E1_low_entropy_baseline_1
153,1.3911581894335585,E1_low_entropy_baseline_1
154,1.4316445879347928,E1_low_entropy_baseline_1
155,1.4617258654489609,E1_low_entropy_baseline_1
156,1.493460954455398,E1_low_entropy_baseline_1
157,1.5211452445135558,E1_low_entropy_baseline_1
158,1.547099073287761,E1_low_entropy_baseline_1
159,1.5628321661849425,E1_low_entropy_baseline_1
160,1.564951366845075,E1_low_entropy_baseline_1
161,1.570960613583467,E1_low_entropy_baseline_1
162,1.5682133368054627,E1_low_entropy_baseline_1
163,1.5570840950567106,E1_low_entropy_baseline_1
164,1.5392895996544214,E1_low_entropy_baseline_1
165,1.518487599326706,E1_low_entropy_baseline_1
166,1.488680401303296,E1_low_entropy_baseline_1
167,1.4575293537256488,E1_low_entropy_baseline_1
168,1.4202688956749272,E1_low_entropy_baseline_1
169,1.3777330894004507,E1_low_entropy_baseline_1
170,1.3372107860792841,E1_low_entropy_baseline_1
171,1.2958061374523417,E1_low_entropy_baseline_1
172,1.2553685821685683,E1_low_entropy_baseline_1
173,1.2165218063899772,E1_low_entropy_baseline_1
174,1.1724105146618378,E1_low_entropy_baseline_1
175,1.1299196880230316,E1_low_entropy_baseline_1
176,1.090022542844494,E1_low_entropy_baseline_1
177,1.0535260752899172,E1_low_entropy_baseline_1
178,1.009033811465649,E1_low_entropy_baseline_1
179,0.9766262308713101,E1_low_entropy_baseline_1
180,0.9388662311947931,E1_low_entropy_baseline_1
181,0.9026354035994748,E1_low_entropy_baseline_1
182,0.8685424005420783,E1_low_entropy_baseline_1
183,0.8338893444434703,E1_low_entropy_baseline_1
184,0.799999483666749,E1_low_entropy_baseline_1
185,0.7729102461690678,E1_low_entropy_baseline_1
186,0.744602986561171,E1_low_entropy_baseline_1
187,0.7124245411797716,E1_low_entropy_baseline_1
188,0.6834916081657374,E1_low_entropy_baseline_1
189,0.6562247004943309,E1_low_entropy_baseline_1
190,0.6271754944825849,E1_low_entropy_baseline_1
191,0.6082514873990323,E1_low_entropy_baseline_1
192,0.5754779521078808,E1_low_entropy_baseline_1
193,0.5536621799890691,E1_low_entropy_baseline_1
194,0.5290208311179452,E1_low_entropy_baseline_1
195,0.5089257636774152,E1_low_entropy_baseline_1
196,0.49116363776133554,E1_low_entropy_baseline_1
197,0.46792742105264384,E1_low_entropy_baseline_1
198,0.4418358816561003,E1_low_entropy_baseline_1
199,0.42641797553815675,E1_low_entropy_baseline_1
200,0.40441608823486597,E1_low_entropy_baseline_1
201,0.38839712427860995,E1_low_entropy_baseline_1
202,0.3637564655636938,E1_low_entropy_baseline_1
203,0.3529331122072721,E1_low_entropy_baseline_1
204,0.33582353864076264,E1_low_entropy_baseline_1
205,0.3185798844317054,E1_low_entropy_baseline_1
206,0.3024236297380529,E1_low_entropy_baseline_1
207,0.28607170231762336,E1_low_entropy_baseline_1
208,0.27405368520639684,E1_low_entropy_baseline_1
209,0.2626470212387826,E1_low_entropy_baseline_1
210,0.24390679876019927,E1_low_entropy_baseline_1
211,0.23549977337729366,E1_low_entropy_baseline_1
212,0.22468316840427693,E1_low_entropy_baseline_1
213,0.20589729256735634,E1_low_entropy_baseline_1
214,0.19750669293348988,E1_low_entropy_baseline_1
215,0.1872329080428754,E1_low_entropy_baseline_1
216,0.18056224248556685,E1_low_entropy_baseline_1
217,0.16563593227328077,E1_low_entropy_baseline_1
218,0.15458674889150714,E1_low_entropy_baseline_1
219,0.14702647616794184,E1_low_entropy_baseline_1
220,0.136814517037525,E1_low_entropy_baseline_1
221,0.13495749534113877,E1_low_entropy_baseline_1
222,0.12382568844418262,E1_low_entropy_baseline_1
223,0.11463099609129479,E1_low_entropy_baseline_1
224,0.1106554320065225,E1_low_entropy_baseline_1
225,0.10059801477885166,E1_low_entropy_baseline_1
226,0.09521627142538502,E1_low_entropy_baseline_1
227,0.09026311312835489,E1_low_entropy_baseline_1
228,0.08282385314654306,E1_low_entropy_baseline_1
229,0.07764811378809,E1_low_entropy_baseline_1
230,0.07626300824972176,E1_low_entropy_baseline_1
231,0.06988214075813648,E1_low_entropy_baseline_1
232,0.06658107811133807,E1_low_entropy_baseline_1
233,0.06334308075379802,E1_low_entropy_baseline_1
234,0.0613742711514087,E1_low_entropy_baseline_1
235,0.055175729289788755,E1_low_entropy_baseline_1
236,0.0514921176629759,E1_low_entropy_baseline_1
237,0.05277643527599807,E1_low_entropy_baseline_1
238,0.04975831260037289,E1_low_entropy_baseline_1
239,0.04938853611404692,E1_low_entropy_baseline_1
240,0.04788030629971196,E1_low_entropy_baseline_1
241,0.04626843509225864,E1_low_entropy_baseline_1
242,0.04793849536229189,E1_low_entropy_baseline_1
243,0.048873302910881655,E1_low_entropy_baseline_1
244,0.04817880718303158,E1_low_entropy_baseline_1
245,0.05053457903314573,E1_low_entropy_baseline_1
246,0.049136311187425896,E1_low_entropy_baseline_1
247,0.05009758174177925,E1_low_entropy_baseline_1
248,0.05288224696102173,E1_low_entropy_baseline_1
249,0.05696499204362482,E1_low_entropy_baseline_1
250,0.058480244202643306,E1_low_entropy_baseline_1
251,0.0629849835361167,E1_low_entropy_baseline_1
252,0.0643063060168565,E1_low_entropy_baseline_1
253,0.07236692709382364,E1_low_entropy_baseline_1
254,0.07280502689430612,E1_low_entropy_baseline_1
255,0.07857173034618725,E1_low_entropy_baseline_1
256,0.0832342890315223,E1_low_entropy_baseline_1
257,0.08949274283835784,E1_low_entropy_baseline_1
258,0.09290132582739297,E1_low_entropy_baseline_1
259,0.10101633318728354,E1_low_entropy_baseline_1
260,0.10992432873621816,E1_low_entropy_baseline_1
261,0.11811058746249792,E1_low_entropy_baseline_1
262,0.12342887183106033,E1_low_entropy_baseline_1
263,0.13035770708699168,E1_low_entropy_baseline_1
264,0.14036857355586108,E1_low_entropy_baseline_1
265,0.1491251694562976,E1_low_entropy_baseline_1
266,0.15681684280656416,E1_low_entropy_baseline_1
267,0.1657188287818725,E1_low_entropy_baseline_1
268,0.1748866199910193,E1_low_entropy_baseline_1
269,0.18535394165141472,E1_low_entropy_baseline_1
270,0.19574337207802106,E1_low_entropy_baseline_1
271,0.2088446349933646,E1_low_entropy_baseline_1
272,0.22024806036051547,E1_low_entropy_baseline_1
273,0.23020042264905705,E1_low_entropy_baseline_1
274,0.2437068225741097,E1_low_entropy_baseline_1
275,0.25658706294863265,E1_low_entropy_baseline_1
276,0.2709817869488589,E1_low_entropy_baseline_1
277,0.2860425795646222,E1_low_entropy_baseline_1
278,0.30100172323291474,E1_low_entropy_baseline_1
279,0.3158583367482919,E1_low_entropy_baseline_1
280,0.33130722554648884,E1_low_entropy_baseline_1
281,0.3479251109596877,E1_low_entropy_baseline_1
282,0.36456529021576145,E1_low_entropy_baseline_1
283,0.38382586952145825,E1_low_entropy_baseline_1
284,0.40174993057208397,E1_low_entropy_baseline_1
285,0.42034096791839914,E1_low_entropy_baseline_1
286,0.4412298437454014,E1_low_entropy_baseline_1
287,0.4616698417393472,E1_low_entropy_baseline_1
288,0.47997410768250237,E1_low_entropy_baseline_1
289,0.5012529667564811,E1_low_entropy_baseline_1
290,0.5237979623009661,E1_low_entropy_baseline_1
291,0.5477798611969895,E1_low_entropy_baseline_1
292,0.5698263546593312,E1_low_entropy_baseline_1
293,0.596384281079521,E1_low_entropy_baseline_1
294,0.6226607209431183,E1_low_entropy_baseline_1
295,0.6500485571011616,E1_low_entropy_baseline_1
296,0.6761677710838496,E1_low_entropy_baseline_1
297,0.7051206727635684,E1_low_entropy_baseline_1
298,0.7327611873322608,E1_low_entropy_baseline_1
299,0.7606047766743504,E1_low_entropy_baseline_1
300,0.7910760424673127,E1_low_entropy_baseline_1
301,0.8212866292870515,E1_low_entropy_baseline_1
302,0.8523406557414379,E1_low_entropy_baseline_1
303,0.8852783633868349,E1_low_entropy_baseline_1
304,0.9166531465759435,E1_low_entropy_baseline_1
305,0.9492421476146422,E1_low_entropy_baseline_1
306,0.9823248479360611,E1_low_entropy_baseline_1
307,1.0156430766454765,E1_low_entropy_baseline_1
308,1.0484376845217165,E1_low_entropy_baseline_1
309,1.0839830420275476,E1_low_entropy_baseline_1
310,1.1178271019757382,E1_low_entropy_baseline_1
311,1.1515339520426071,E1_low_entropy_baseline_1
312,1.18126675688411,E1_low_entropy_baseline_1
313,1.209583568962051,E1_low_entropy_baseline_1
314,1.2378244507274623,E1_low_entropy_baseline_1
315,1.262403626779224,E1_low_entropy_baseline_1
316,1.2838432306286691,E1_low_entropy_baseline_1
317,1.3002589594789793,E1_low_entropy_baseline_1
318,1.3142820796222088,E1_low_entropy_baseline_1
319,1.3238898063341225,E1_low_entropy_baseline_1
320,1.333508613939257,E1_low_entropy_baseline_1
321,1.3374907419116884,E1_low_entropy_baseline_1
322,1.3325929723417111,E1_low_entropy_baseline_1
323,1.3249468816956647,E1_low_entropy_baseline_1
324,1.3129472430982139,E1_low_entropy_baseline_1
325,1.2978841517663362,E1_low_entropy_baseline_1
326,1.2782603420571208,E1_low_entropy_baseline_1
327,1.2524781752485703,E1_low_entropy_baseline_1
328,1.2267503273762284,E1_low_entropy_baseline_1
329,1.198271621668539,E1_low_entropy_baseline_1
330,1.1661254139155766,E1_low_entropy_baseline_1
331,1.1318933706552627,E1_low_entropy_baseline_1
332,1.098608831849739,E1_low_entropy_baseline_1
333,1.0653237920461542,E1_low_entropy_baseline_1
334,1.0311246665914835,E1_low_entropy_baseline_1
335,0.9980756648612745,E1_low_entropy_baseline_1
336,0.965286800507446,E1_low_entropy_baseline_1
337,0.9336162576248119,E1_low_entropy_baseline_1
338,0.900224560221166,E1_low_entropy_baseline_1
339,0.86764523204842,E1_low_entropy_baseline_1
340,0.8355740706859551,E1_low_entropy_baseline_1
341,0.8036222704971205,E1_low_entropy_baseline_1
342,0.7730813605277369,E1_low_entropy_baseline_1
343,0.7435301553013876,E1_low_entropy_baseline_1
344,0.7144245822024633,E1_low_entropy_baseline_1
345,0.6861204439586004,E1_low_entropy_baseline_1
346,0.6580685871431928,E1_low_entropy_baseline_1
347,0.6310127610472334,E1_low_entropy_baseline_1
348,0.605288834064666,E1_low_entropy_baseline_1
349,0.5794133655962206,E1_low_entropy_baseline_1
350,0.5557172280595744,E1_low_entropy_baseline_1
351,0.5312881797402182,E1_low_entropy_baseline_1
352,0.5084478717529457,E1_low_entropy_baseline_1
353,0.48674911376069385,E1_low_entropy_baseline_1
354,0.4657553797192584,E1_low_entropy_baseline_1
355,0.44548038977447657,E1_low_entropy_baseline_1
356,0.4252295576749763,E1_low_entropy_baseline_1
357,0.4061401651795782,E1_low_entropy_baseline_1
358,0.38807651004814847,E1_low_entropy_baseline_1
359,0.3696767243877064,E1_low_entropy_baseline_1
360,0.3521129136864012,E1_low_entropy_baseline_1
361,0.335103762004187,E1_low_entropy_baseline_1
362,0.3186796837913084,E1_low_entropy_baseline_1
363,0.30300264595712445,E1_low_entropy_baseline_1
364,0.2877790228152719,E1_low_entropy_baseline_1
365,0.2726383438068929,E1_low_entropy_baseline_1
366,0.2584707020162931,E1_low_entropy_baseline_1
367,0.24498982919078127,E1_low_entropy_baseline_1
368,0.2319459713086296,E1_low_entropy_baseline_1
369,0.21906177573785346,E1_low_entropy_baseline_1
370,0.20677824965335656,E1_low_entropy_baseline_1
371,0.1951170820008059,E1_low_entropy_baseline_1
372,0.18397225852910815,E1_low_entropy_baseline_1
373,0.17262818909772992,E1_low_entropy_baseline_1
374,0.16239143149948632,E1_low_entropy_baseline_1
375,0.1523388488975561,E1_low_entropy_baseline_1
376,0.14255385424645972,E1_low_entropy_baseline_1
377,0.1333266225117251,E1_low_entropy_baseline_1
378,0.12478725417704162,E1_low_entropy_baseline_1
379,0.11644709389617702,E1_low_entropy_baseline_1
380,0.1088438807274601,E1_low_entropy_baseline_1
381,0.1014579426508595,E1_low_entropy_baseline_1
382,0.09457607347654395,E1_low_entropy_baseline_1
383,0.08756761478042563,E1_low_entropy_baseline_1
384,0.08100140831916125,E1_low_entropy_baseline_1
385,0.07484315472150804,E1_low_entropy_baseline_1
386,0.06940635221143232,E1_low_entropy_baseline_1
387,0.06404363838348104,E1_low_entropy_baseline_1
388,0.05891602284916253,E1_low_entropy_baseline_1
389,0.055001101285713894,E1_low_entropy_baseline_1
390,0.05079716161981018,E1_low_entropy_baseline_1
391,0.04693502151662177,E1_low_entropy_baseline_1
392,0.04347692500727529,E1_low_entropy_baseline_1
393,0.040206977650454334,E1_low_entropy_baseline_1
394,0.03720424651093612,E1_low_entropy_baseline_1
395,0.03547964833821826,E1_low_entropy_baseline_1
396,0.032771764111168444,E1_low_entropy_baseline_1
397,0.031713628628261326,E1_low_entropy_baseline_1
398,0.030895635319340364,E1_low_entropy_baseline_1
399,0.03003714650626499,E1_low_entropy_baseline_1
400,0.0293417548056647,E1_low_entropy_baseline_1
401,0.029321142294484126,E1_low_entropy_baseline_1
402,0.02960002917014215,E1_low_entropy_baseline_1
403,0.029978497729409526,E1_low_entropy_baseline_1
404,0.031212343733958647,E1_low_entropy_baseline_1
405,0.032855442336574114,E1_low_entropy_baseline_1
406,0.03392266306341263,E1_low_entropy_baseline_1
407,0.035998684934973824,E1_low_entropy_baseline_1
408,0.03839165903326425,E1_low_entropy_baseline_1
409,0.041421096809263425,E1_low_entropy_baseline_1
410,0.04439937354585943,E1_low_entropy_baseline_1
411,0.04809394708727588,E1_low_entropy_baseline_1
412,0.05179027960383831,E1_low_entropy_baseline_1
413,0.05615567828991175,E1_low_entropy_baseline_1
414,0.060490502944429814,E1_low_entropy_baseline_1
415,0.0651279748295428,E1_low_entropy_baseline_1
416,0.0701630204093302,E1_low_entropy_baseline_1
417,0.07582839201292924,E1_low_entropy_baseline_1
418,0.081601208364388,E1_low_entropy_baseline_1
419,0.08836285867550142,E1_low_entropy_baseline_1
420,0.09478827278970492,E1_low_entropy_baseline_1
421,0.10200256915709716,E1_low_entropy_baseline_1
422,0.10933255143715215,E1_low_entropy_baseline_1
423,0.11736549586760603,E1_low_entropy_baseline_1
424,0.12532135816827683,E1_low_entropy_baseline_1
425,0.13378548624544706,E1_low_entropy_baseline_1
426,0.1426864802328689,E1_low_entropy_baseline_1
427,0.15244080744765398,E1_low_entropy_baseline_1
428,0.16259549509849158,E1_low_entropy_baseline_1
429,0.17301694071517293,E1_low_entropy_baseline_1
430,0.1844156135657986,E1_low_entropy_baseline_1
431,0.1961905899922476,E1_low_entropy_baseline_1
432,0.2083403128669934,E1_low_entropy_baseline_1
433,0.22025581279589002,E1_low_entropy_baseline_1
434,0.2325655023330171,E1_low_entropy_baseline_1
435,0.24563250081601762,E1_low_entropy_baseline_1
436,0.25897730999380997,E1_low_entropy_baseline_1
437,0.27303294074777096,E1_low_entropy_baseline_1
438,0.287699955737156,E1_low_entropy_baseline_1
439,0.30256475341523714,E1_low_entropy_baseline_1
440,0.3182330307378445,E1_low_entropy_baseline_1
441,0.3346194208849571,E1_low_entropy_baseline_1
442,0.3510403378333322,E1_low_entropy_baseline_1
443,0.36814500905960745,E1_low_entropy_baseline_1
444,0.3859692742896632,E1_low_entropy_baseline_1
445,0.40466047970395547,E1_low_entropy_baseline_1
446,0.4234842558394236,E1_low_entropy_baseline_1
447,0.44294232442838766,E1_low_entropy_baseline_1
448,0.46311053029973515,E1_low_entropy_baseline_1
449,0.48389671217216623,E1_low_entropy_baseline_1
450,0.5048516485535153,E1_low_entropy_baseline_1
451,0.5267275753640135,E1_low_entropy_baseline_1
452,0.5488782172949769,E1_low_entropy_baseline_1
453,0.5719480857735366,E1_low_entropy_baseline_1
454,0.5954276413485964,E1_low_entropy_baseline_1
455,0.6194112033382728,E1_low_entropy_baseline_1
456,0.6443332209604788,E1_low_entropy_baseline_1
457,0.6691950655609853,E1_low_entropy_baseline_1
458,0.6953955514103303,E1_low_entropy_baseline_1
459,0.721567830681539,E1_low_entropy_baseline_1
460,0.7482145512856073,E1_low_entropy_baseline_1
461,0.7752558152076343,E1_low_entropy_baseline_1
462,0.8031329297658161,E1_low_entropy_baseline_1
463,0.8307566278367648,E1_low_entropy_baseline_1
464,0.8588959624713306,E1_low_entropy_baseline_1
465,0.8875880311117976,E1_low_entropy_baseline_1
466,0.9154002065938709,E1_low_entropy_baseline_1
467,0.9425210158313977,E1_low_entropy_baseline_1
468,0.9698330760552221,E1_low_entropy_baseline_1
469,0.9966494611743624,E1_low_entropy_baseline_1
470,1.0220289366314717,E1_low_entropy_baseline_1
471,1.0471546313843412,E1_low_entropy_baseline_1
472,1.0710677090620138,E1_low_entropy_baseline_1
473,1.0935789810800234,E1_low_entropy_baseline_1
474,1.1142646308768338,E1_low_entropy_baseline_1
475,1.1324796935526535,E1_low_entropy_baseline_1
476,1.14793981613089,E1_low_entropy_baseline_1
477,1.161198257185096,E1_low_entropy_baseline_1
478,1.1705658316919072,E1_low_entropy_baseline_1
479,1.1774628409963963,E1_low_entropy_baseline_1
480,1.1812770379684352,E1_low_entropy_baseline_1
481,1.182746110651765,E1_low_entropy_baseline_1
482,1.1814339103559064,E1_low_entropy_baseline_1
483,1.175867842603214,E1_low_entropy_baseline_1
484,1.1650540269074527,E1_low_entropy_baseline_1
485,1.1513056859032984,E1_low_entropy_baseline_1
486,1.1343649823823645,E1_low_entropy_baseline_1
487,1.1148470683181708,E1_low_entropy_baseline_1
488,1.092750776013908,E1_low_entropy_baseline_1
489,1.0692566068029628,E1_low_entropy_baseline_1
490,1.0440713164356819,E1_low_entropy_baseline_1
491,1.0178365589807727,E1_low_entropy_baseline_1
492,0.9908853229654841,E1_low_entropy_baseline_1
493,0.9634363272613582,E1_low_entropy_baseline_1
494,0.9357864888346565,E1_low_entropy_baseline_1
495,0.90848743180889,E1_low_entropy_baseline_1
496,0.8808683446711889,E1_low_entropy_baseline_1
497,0.8524167232591102,E1_low_entropy_baseline_1
498,0.8246523769496008,E1_low_entropy_baseline_1
499,0.7975017063418663,E1_low_entropy_baseline_1
500,0.7702277005237947,E1_low_entropy_baseline_1
501,0.7441553585710468,E1_low_entropy_baseline_1
502,0.7181898542009311,E1_low_entropy_baseline_1
503,0.6919500055588612,E1_low_entropy_baseline_1
504,0.66673377224474,E1_low_entropy_baseline_1
505,0.6417110113046762,E1_low_entropy_baseline_1
506,0.6172385305007744,E1_low_entropy_baseline_1
507,0.593101091112338,E1_low_entropy_baseline_1
508,0.5697719599124422,E1_low_entropy_baseline_1
509,0.5470494443468654,E1_low_entropy_baseline_1
510,0.5250571880304458,E1_low_entropy_baseline_1
511,0.5035761067931759,E1_low_entropy_baseline_1
512,0.4826905195664981,E1_low_entropy_baseline_1
513,0.4623364002617425,E1_low_entropy_baseline_1
514,0.44217207111399137,E1_low_entropy_baseline_1
515,0.4229771151070283,E1_low_entropy_baseline_1
516,0.4045751594397311,E1_low_entropy_baseline_1
517,0.3862552800968784,E1_low_entropy_baseline_1
518,0.3690115509928482,E1_low_entropy_baseline_1
519,0.35166665936544117,E1_low_entropy_baseline_1
520,0.33489528283599945,E1_low_entropy_baseline_1
521,0.3188467614390458,E1_low_entropy_baseline_1
522,0.3028731591492999,E1_low_entropy_baseline_1
523,0.28769446014493383,E1_low_entropy_baseline_1
524,0.2732656590407361,E1_low_entropy_baseline_1
525,0.25939452823680753,E1_low_entropy_baseline_1
526,0.24579887195799444,E1_low_entropy_baseline_1
527,0.23272777720830895,E1_low_entropy_baseline_1
528,0.2196180050210339,E1_low_entropy_baseline_1
529,0.20754063028891068,E1_low_entropy_baseline_1
530,0.19568673236019496,E1_low_entropy_baseline_1
531,0.1845464963627892,E1_low_entropy_baseline_1
532,0.1735941256316167,E1_low_entropy_baseline_1
533,0.16352886668405997,E1_low_entropy_baseline_1
534,0.15307852448392012,E1_low_entropy_baseline_1
535,0.1437563811092577,E1_low_entropy_baseline_1
536,0.13395291733206172,E1_low_entropy_baseline_1
537,0.1253927273994364,E1_low_entropy_baseline_1
538,0.11698226336412088,E1_low_entropy_baseline_1
539,0.10894476192279967,E1_low_entropy_baseline_1
540,0.10105194439602272,E1_low_entropy_baseline_1
541,0.0939032833128568,E1_low_entropy_baseline_1
542,0.08681982041562453,E1_low_entropy_baseline_1
543,0.079801870245916,E1_low_entropy_baseline_1
544,0.07369377946656996,E1_low_entropy_baseline_1
545,0.0677914245507436,E1_low_entropy_baseline_1
546,0.06254520496270555,E1_low_entropy_baseline_1
547,0.057532602652925036,E1_low_entropy_baseline_1
548,0.052988777559432876,E1_low_entropy_baseline_1
549,0.048672962103673,E1_low_entropy_baseline_1
550,0.04544033594570607,E1_low_entropy_baseline_1
551,0.04171011190826768,E1_low_entropy_baseline_1
552,0.038942771439829826,E1_low_entropy_baseline_1
553,0.036107200261971784,E1_low_entropy_baseline_1
554,0.03375782391266391,E1_low_entropy_baseline_1
555,0.03185636891493271,E1_low_entropy_baseline_1
556,0.030666236358387167,E1_low_entropy_baseline_1
557,0.029067214545184683,E1_low_entropy_baseline_1
558,0.02852506335436633,E1_low_entropy_baseline_1
559,0.02818668398617863,E1_low_entropy_baseline_1
560,0.027744649191957294,E1_low_entropy_baseline_1
561,0.027566174829766865,E1_low_entropy_baseline_1
562,0.028421403178526816,E1_low_entropy_baseline_1
563,0.028854921605272033,E1_low_entropy_baseline_1
564,0.029911789698156,E1_low_entropy_baseline_1
565,0.031081163532804545,E1_low_entropy_baseline_1
566,0.032601763645658366,E1_low_entropy_baseline_1
567,0.034280911560062854,E1_low_entropy_baseline_1
568,0.03674482066935436,E1_low_entropy_baseline_1
569,0.03945119646489914,E1_low_entropy_baseline_1
570,0.04223400273042888,E1_low_entropy_baseline_1
571,0.04592190689413567,E1_low_entropy_baseline_1
572,0.04975646197225281,E1_low_entropy_baseline_1
573,0.05398446991907502,E1_low_entropy_baseline_1
574,0.05864078517825266,E1_low_entropy_baseline_1
575,0.06322895304162568,E1_low_entropy_baseline_1
576,0.06873282590345475,E1_low_entropy_baseline_1
577,0.07438463036605025,E1_low_entropy_baseline_1
578,0.08043066566760082,E1_low_entropy_baseline_1
579,0.08669380852129294,E1_low_entropy_baseline_1
580,0.09371300822390971,E1_low_entropy_baseline_1
581,0.10073714868899852,E1_low_entropy_baseline_1
582,0.10859504041896173,E1_low_entropy_baseline_1
583,0.11674924367935002,E1_low_entropy_baseline_1
584,0.12517461872518254,E1_low_entropy_baseline_1
585,0.1342749724964447,E1_low_entropy_baseline_1
586,0.14336313468385864,E1_low_entropy_baseline_1
587,0.15294070871064225,E1_low_entropy_baseline_1
588,0.16316841147972383,E1_low_entropy_baseline_1
589,0.1735330226041949,E1_low_entropy_baseline_1
590,0.1843389536642448,E1_low_entropy_baseline_1
591,0.19574808271485278,E1_low_entropy_baseline_1
592,0.20742604894460115,E1_low_entropy_baseline_1
593,0.21969019219139962,E1_low_entropy_baseline_1
594,0.23241671851578793,E1_low_entropy_baseline_1
595,0.2449471410296571,E1_low_entropy_baseline_1
596,0.257862275939992,E1_low_entropy_baseline_1
597,0.2714974977159317,E1_low_entropy_baseline_1
598,0.2859409686848098,E1_low_entropy_baseline_1
599,0.3009841746271871,E1_low_entropy_baseline_1
600,0.31600097876919797,E1_low_entropy_baseline_1
601,0.332001051526035,E1_low_entropy_baseline_1
602,0.34848076153645113,E1_low_entropy_baseline_1
603,0.36568182853388986,E1_low_entropy_baseline_1
604,0.3826255438110131,E1_low_entropy_baseline_1
605,0.40100757180709223,E1_low_entropy_baseline_1
606,0.41942002635752473,E1_low_entropy_baseline_1
607,0.4385368957924545,E1_low_entropy_baseline_1
608,0.45790452483504396,E1_low_entropy_baseline_1
609,0.4772143247692524,E1_low_entropy_baseline_1
610,0.4968736005877554,E1_low_entropy_baseline_1
611,0.5172303642297127,E1_low_entropy_baseline_1
612,0.5381542878574415,E1_low_entropy_baseline_1
613,0.5597110948839985,E1_low_entropy_baseline_1
614,0.5819936942956323,E1_low_entropy_baseline_1
615,0.6040974073259466,E1_low_entropy_baseline_1
616,0.6271987332779094,E1_low_entropy_baseline_1
617,0.6509410117971708,E1_low_entropy_baseline_1
618,0.6751573631657859,E1_low_entropy_baseline_1
619,0.6994360082766491,E1_low_entropy_baseline_1
620,0.7228954074602161,E1_low_entropy_baseline_1
621,0.7473979120029046,E1_low_entropy_baseline_1
622,0.7726257203133722,E1_low_entropy_baseline_1
623,0.7977094153892548,E1_low_entropy_baseline_1
624,0.823184672950994,E1_low_entropy_baseline_1
625,0.8480770232980195,E1_low_entropy_baseline_1
626,0.8727403537066554,E1_low_entropy_baseline_1
627,0.8977381598094505,E1_low_entropy_baseline_1
628,0.921566874543057,E1_low_entropy_baseline_1
629,0.9443534207485609,E1_low_entropy_baseline_1
630,0.9666283962678364,E1_low_entropy_baseline_1
631,0.9873690580737406,E1_low_entropy_baseline_1
632,1.00724380294918,E1_low_entropy_baseline_1
633,1.024623690141408,E1_low_entropy_baseline_1
634,1.0397361765860307,E1_low_entropy_baseline_1
635,1.0536125627747808,E1_low_entropy_baseline_1
636,1.064114915182575,E1_low_entropy_baseline_1
637,1.072386038881282,E1_low_entropy_baseline_1
638,1.0770541290884896,E1_low_entropy_baseline_1
639,1.078987061516532,E1_low_entropy_baseline_1
640,1.0795482321113292,E1_low_entropy_baseline_1
641,1.0784035189340297,E1_low_entropy_baseline_1
642,1.0733757437943048,E1_low_entropy_baseline_1
643,1.0641773447399556,E1_low_entropy_baseline_1
644,1.0522744378301967,E1_low_entropy_baseline_1
645,1.0390005157982838,E1_low_entropy_baseline_1
646,1.0240283477416519,E1_low_entropy_baseline_1
647,1.0071003544147343,E1_low_entropy_baseline_1
648,0.9885361307898055,E1_low_entropy_baseline_1
649,0.9688484289962798,E1_low_entropy_baseline_1
650,0.9481190992830024,E1_low_entropy_baseline_1
651,0.9257546838501103,E1_low_entropy_baseline_1
652,0.9026057971250472,E1_low_entropy_baseline_1
653,0.8796516277305102,E1_low_entropy_baseline_1
654,0.8549984465615159,E1_low_entropy_baseline_1
655,0.8317312071050509,E1_low_entropy_baseline_1
656,0.8063166589395374,E1_low_entropy_baseline_1
657,0.7817058656953453,E1_low_entropy_baseline_1
658,0.7568095438724942,E1_low_entropy_baseline_1
659,0.7322583667585061,E1_low_entropy_baseline_1
660,0.7076903015847069,E1_low_entropy_baseline_1
661,0.6834625505211207,E1_low_entropy_baseline_1
662,0.6600065024784074,E1_low_entropy_baseline_1
663,0.6361738193352515,E1_low_entropy_baseline_1
664,0.6127385401369736,E1_low_entropy_baseline_1
665,0.5894293167263616,E1_low_entropy_baseline_1
666,0.5672803473350712,E1_low_entropy_baseline_1
667,0.5452399512118111,E1_low_entropy_baseline_1
668,0.5238259842287416,E1_low_entropy_baseline_1
669,0.5033094191041192,E1_low_entropy_baseline_1
670,0.48308006538839443,E1_low_entropy_baseline_1
671,0.4630877790833674,E1_low_entropy_baseline_1
672,0.4436537363065227,E1_low_entropy_baseline_1
673,0.4256430910148268,E1_low_entropy_baseline_1
674,0.4076232082711879,E1_low_entropy_baseline_1
675,0.3902170197633765,E1_low_entropy_baseline_1
676,0.3731737511515085,E1_low_entropy_baseline_1
677,0.35639448489737724,E1_low_entropy_baseline_1
678,0.33997073577379133,E1_low_entropy_baseline_1
679,0.32406119656535903,E1_low_entropy_baseline_1
680,0.3087687151204781,E1_low_entropy_baseline_1
681,0.2932711534909096,E1_low_entropy_baseline_1
682,0.2790594918482485,E1_low_entropy_baseline_1
683,0.2659025291943795,E1_low_entropy_baseline_1
684,0.25193236666140173,E1_low_entropy_baseline_1
685,0.23918776031758426,E1_low_entropy_baseline_1
686,0.22650195455788413,E1_low_entropy_baseline_1
687,0.21430232711815833,E1_low_entropy_baseline_1
688,0.2026145697192394,E1_low_entropy_baseline_1
689,0.19191387361611767,E1_low_entropy_baseline_1
690,0.18039697073212757,E1_low_entropy_baseline_1
691,0.17045946442484805,E1_low_entropy_baseline_1
692,0.1606152761442674,E1_low_entropy_baseline_1
693,0.15117683699634554,E1_low_entropy_baseline_1
694,0.14189426246975412,E1_low_entropy_baseline_1
695,0.13327786575805778,E1_low_entropy_baseline_1
696,0.12469079948987005,E1_low_entropy_baseline_1
697,0.11683045275220838,E1_low_entropy_baseline_1
698,0.10886962525570798,E1_low_entropy_baseline_1
699,0.10133547833410628,E1_low_entropy_baseline_1
700,0.09441309422770683,E1_low_entropy_baseline_1
701,0.08768943088995051,E1_low_entropy_baseline_1
702,0.08113453096583534,E1_low_entropy_baseline_1
703,0.07533000055549444,E1_low_entropy_baseline_1
704,0.06983396029581002,E1_low_entropy_baseline_1
705,0.06440722357773954,E1_low_entropy_baseline_1
706,0.059531492077675274,E1_low_entropy_baseline_1
707,0.05543908872344172,E1_low_entropy_baseline_1
708,0.05117434425337741,E1_low_entropy_baseline_1
709,0.047385654719171555,E1_low_entropy_baseline_1
710,0.044122757006055835,E1_low_entropy_baseline_1
711,0.04122514861438642,E1_low_entropy_baseline_1
712,0.03856413868430586,E1_low_entropy_baseline_1
713,0.036170054772576954,E1_low_entropy_baseline_1
714,0.03370383598485471,E1_low_entropy_baseline_1
715,0.031965260145431884,E1_low_entropy_baseline_1
716,0.03026444400184758,E1_low_entropy_baseline_1
717,0.02962489341486574,E1_low_entropy_baseline_1
718,0.02872462706563983,E1_low_entropy_baseline_1
719,0.028208859696023936,E1_low_entropy_baseline_1
720,0.027931888905929902,E1_low_entropy_baseline_1
721,0.028097993060850257,E1_low_entropy_baseline_1
722,0.02863186900372483,E1_low_entropy_baseline_1
723,0.029505595194319056,E1_low_entropy_baseline_1
724,0.030768698128788685,E1_low_entropy_baseline_1
725,0.03231525751921094,E1_low_entropy_baseline_1
726,0.03437668972434338,E1_low_entropy_baseline_1
727,0.036760777365119957,E1_low_entropy_baseline_1
728,0.03945210963342216,E1_low_entropy_baseline_1
729,0.04276069506430247,E1_low_entropy_baseline_1
730,0.045822768330198826,E1_low_entropy_baseline_1
731,0.0493061371521053,E1_low_entropy_baseline_1
732,0.05367543437185862,E1_low_entropy_baseline_1
733,0.05778230977308407,E1_low_entropy_baseline_1
734,0.062476984544906244,E1_low_entropy_baseline_1
735,0.06747320069513041,E1_low_entropy_baseline_1
736,0.07267243089241848,E1_low_entropy_baseline_1
737,0.07861371232035808,E1_low_entropy_baseline_1
738,0.08454399061834561,E1_low_entropy_baseline_1
739,0.09127231071505193,E1_low_entropy_baseline_1
740,0.09796367979033516,E1_low_entropy_baseline_1
741,0.10481439585323926,E1_low_entropy_baseline_1
742,0.11228411002842709,E1_low_entropy_baseline_1
743,0.11987913771211911,E1_low_entropy_baseline_1
744,0.12842000049864577,E1_low_entropy_baseline_1
745,0.1366124912107649,E1_low_entropy_baseline_1
746,0.1452067743713359,E1_low_entropy_baseline_1
747,0.15438931610684659,E1_low_entropy_baseline_1
748,0.16432330374326387,E1_low_entropy_baseline_1
749,0.1743564923007943,E1_low_entropy_baseline_1
750,0.18504762391637364,E1_low_entropy_baseline_1
751,0.1958852576275083,E1_low_entropy_baseline_1
752,0.20717165286839734,E1_low_entropy_baseline_1
753,0.21896274815721561,E1_low_entropy_baseline_1
754,0.2308637857813629,E1_low_entropy_baseline_1
755,0.24377742154991378,E1_low_entropy_baseline_1
756,0.256552141518978,E1_low_entropy_baseline_1
757,0.2698949399728834,E1_low_entropy_baseline_1
758,0.28361025387119376,E1_low_entropy_baseline_1
759,0.2983531293900281,E1_low_entropy_baseline_1
760,0.3135490057519137,E1_low_entropy_baseline_1
761,0.3286798178633603,E1_low_entropy_baseline_1
762,0.3440309063377036,E1_low_entropy_baseline_1
763,0.36012845730230847,E1_low_entropy_baseline_1
764,0.37667244177056514,E1_low_entropy_baseline_1
765,0.39369701778351995,E1_low_entropy_baseline_1
766,0.4111317141248758,E1_low_entropy_baseline_1
767,0.4290002580668659,E1_low_entropy_baseline_1
768,0.44704694330373496,E1_low_entropy_baseline_1
769,0.46528119875023055,E1_low_entropy_baseline_1
770,0.48415155497925166,E1_low_entropy_baseline_1
771,0.5036134310259017,E1_low_entropy_baseline_1
772,0.5236266001536247,E1_low_entropy_baseline_1
773,0.5438775601614889,E1_low_entropy_baseline_1
774,0.5643960775704828,E1_low_entropy_baseline_1
775,0.5852851339732954,E1_low_entropy_baseline_1
776,0.6066354700550258,E1_low_entropy_baseline_1
777,0.6277212730509296,E1_low_entropy_baseline_1
778,0.6491316031320364,E1_low_entropy_baseline_1
779,0.6706181565300051,E1_low_entropy_baseline_1
780,0.6927986666304333,E1_low_entropy_baseline_1
781,0.7148574140725525,E1_low_entropy_baseline_1
782,0.7376542311676868,E1_low_entropy_baseline_1
783,0.7600843198894598,E1_low_entropy_baseline_1
784,0.7820889016699102,E1_low_entropy_baseline_1
785,0.8042323083124119,E1_low_entropy_baseline_1
786,0.825922688090519,E1_low_entropy_baseline_1
787,0.8473927674447346,E1_low_entropy_baseline_1
788,0.8676355566311802,E1_low_entropy_baseline_1
789,0.8863269356230443,E1_low_entropy_baseline_1
790,0.9047484246800561,E1_low_entropy_baseline_1
791,0.9217329218897259,E1_low_entropy_baseline_1
792,0.9370890599719583,E1_low_entropy_baseline_1
793,0.9512002577850858,E1_low_entropy_baseline_1
794,0.9636344888350452,E1_low_entropy_baseline_1
795,0.9739934599123616,E1_low_entropy_baseline_1
796,0.982653274079528,E1_low_entropy_baseline_1
797,0.9881308622515297,E1_low_entropy_baseline_1
798,0.9915327809519923,E1_low_entropy_baseline_1
799,0.9928156183820223,E1_low_entropy_baseline_1
800,0.9927486952794977,E1_low_entropy_baseline_1
801,0.9888903360302956,E1_low_entropy_baseline_1
802,0.9840564537146514,E1_low_entropy_baseline_1
803,0.9763385554047703,E1_low_entropy_baseline_1
804,0.9657003088632337,E1_low_entropy_baseline_1
805,0.9539708733968126,E1_low_entropy_baseline_1
806,0.9401977658938634,E1_low_entropy_baseline_1
807,0.9254249020815148,E1_low_entropy_baseline_1
808,0.9083131221429204,E1_low_entropy_baseline_1
809,0.8905030519521491,E1_low_entropy_baseline_1
810,0.8714242184020753,E1_low_entropy_baseline_1
811,0.851559988528833,E1_low_entropy_baseline_1
812,0.8312430152435901,E1_low_entropy_baseline_1
813,0.8109201766615888,E1_low_entropy_baseline_1
814,0.7895650289162921,E1_low_entropy_baseline_1
815,0.767388690552548,E1_low_entropy_baseline_1
816,0.7458870756854008,E1_low_entropy_baseline_1
817,0.7243131287728772,E1_low_entropy_baseline_1
818,0.7023508120473405,E1_low_entropy_baseline_1
819,0.6809789673431057,E1_low_entropy_baseline_1
820,0.6595083929090926,E1_low_entropy_baseline_1
821,0.638009975921987,E1_low_entropy_baseline_1
822,0.6166529081401766,E1_low_entropy_baseline_1
823,0.5951272453700245,E1_low_entropy_baseline_1
824,0.5737523677566241,E1_low_entropy_baseline_1
825,0.5531412076089159,E1_low_entropy_baseline_1
826,0.5334283804783064,E1_low_entropy_baseline_1
827,0.5131476076425283,E1_low_entropy_baseline_1
828,0.4932441308078692,E1_low_entropy_baseline_1
829,0.4742264662407738,E1_low_entropy_baseline_1
830,0.45547147012869704,E1_low_entropy_baseline_1
831,0.4369187995368593,E1_low_entropy_baseline_1
832,0.41919952416658735,E1_low_entropy_baseline_1
833,0.4012923157614283,E1_low_entropy_baseline_1
834,0.38422922084161826,E1_low_entropy_baseline_1
835,0.3676417611488709,E1_low_entropy_baseline_1
836,0.35167450976946935,E1_low_entropy_baseline_1
837,0.3356454277145664,E1_low_entropy_baseline_1
838,0.32040011605061647,E1_low_entropy_baseline_1
839,0.3055666384990108,E1_low_entropy_baseline_1
840,0.29136396565219425,E1_low_entropy_baseline_1
841,0.2768066885495237,E1_low_entropy_baseline_1
842,0.26328766467046183,E1_low_entropy_baseline_1
843,0.2500494934237354,E1_low_entropy_baseline_1
844,0.23741248928507375,E1_low_entropy_baseline_1
845,0.22534897063883808,E1_low_entropy_baseline_1
846,0.21333854546981446,E1_low_entropy_baseline_1
847,0.2021380403160915,E1_low_entropy_baseline_1
848,0.1911548856794214,E1_low_entropy_baseline_1
849,0.1805104444969503,E1_low_entropy_baseline_1
850,0.17027524896379553,E1_low_entropy_baseline_1
851,0.15996723443117133,E1_low_entropy_baseline_1
852,0.15058995668212916,E1_low_entropy_baseline_1
853,0.14115291804677188,E1_low_entropy_baseline_1
854,0.1324032502344803,E1_low_entropy_baseline_1
855,0.12359322349780211,E1_low_entropy_baseline_1
856,0.11555541778522738,E1_low_entropy_baseline_1
857,0.10797803774205494,E1_low_entropy_baseline_1
858,0.10022701960172498,E1_low_entropy_baseline_1
859,0.09291698442210805,E1_low_entropy_baseline_1
860,0.08642027495664895,E1_low_entropy_baseline_1
861,0.07985630925752218,E1_low_entropy_baseline_1
862,0.07377131678550342,E1_low_entropy_baseline_1
863,0.06805660249619638,E1_low_entropy_baseline_1
864,0.0629457664018851,E1_low_entropy_baseline_1
865,0.05771417873142859,E1_low_entropy_baseline_1
866,0.05320248856890597,E1_low_entropy_baseline_1
867,0.04888482166164376,E1_low_entropy_baseline_1
868,0.04512909133376386,E1_low_entropy_baseline_1
869,0.04135454025969665,E1_low_entropy_baseline_1
870,0.03841302134314617,E1_low_entropy_baseline_1
871,0.035785743942622794,E1_low_entropy_baseline_1
872,0.03339444073836173,E1_low_entropy_baseline_1
873,0.03167373595756029,E1_low_entropy_baseline_1
874,0.029744988071763956,E1_low_entropy_baseline_1
875,0.02846328808116283,E1_low_entropy_baseline_1
876,0.027998228928119318,E1_low_entropy_baseline_1
877,0.026595515063104536,E1_low_entropy_baseline_1
878,0.02624195969364429,E1_low_entropy_baseline_1
879,0.026130633674799064,E1_low_entropy_baseline_1
880,0.02670691698266925,E1_low_entropy_baseline_1
881,0.027200795147716228,E1_low_entropy_baseline_1
882,0.028458454208267092,E1_low_entropy_baseline_1
883,0.029632359317346868,E1_low_entropy_baseline_1
884,0.03068763216103676,E1_low_entropy_baseline_1
885,0.03324447160387578,E1_low_entropy_baseline_1
886,0.03487282005367298,E1_low_entropy_baseline_1
887,0.03714538531297151,E1_low_entropy_baseline_1
888,0.039557193524275114,E1_low_entropy_baseline_1
889,0.04285752593076886,E1_low_entropy_baseline_1
890,0.04643460409595335,E1_low_entropy_baseline_1
891,0.0506879749202751,E1_low_entropy_baseline_1
892,0.05429322502050038,E1_low_entropy_baseline_1
893,0.05880963317141408,E1_low_entropy_baseline_1
894,0.06354553365365412,E1_low_entropy_baseline_1
895,0.06883488518889536,E1_low_entropy_baseline_1
896,0.07408114456494719,E1_low_entropy_baseline_1
897,0.07986302357327535,E1_low_entropy_baseline_1
898,0.08562939800744918,E1_low_entropy_baseline_1
899,0.09274648809600627,E1_low_entropy_baseline_1
900,0.0987361633345607,E1_low_entropy_baseline_1
901,0.10565443041692735,E1_low_entropy_baseline_1
902,0.11273681292496729,E1_low_entropy_baseline_1
903,0.12154251348574441,E1_low_entropy_baseline_1
904,0.12961119295161438,E1_low_entropy_baseline_1
905,0.13809900645182172,E1_low_entropy_baseline_1
906,0.14696430360433332,E1_low_entropy_baseline_1
907,0.15620951807656702,E1_low_entropy_baseline_1
908,0.1660044231261084,E1_low_entropy_baseline_1
909,0.17560324176968312,E1_low_entropy_baseline_1
910,0.1861292561283392,E1_low_entropy_baseline_1
911,0.19727810267450607,E1_low_entropy_baseline_1
912,0.20835499330789098,E1_low_entropy_baseline_1
913,0.21962422737449128,E1_low_entropy_baseline_1
914,0.23186897648571136,E1_low_entropy_baseline_1
915,0.24398446551473452,E1_low_entropy_baseline_1
916,0.25698255862936215,E1_low_entropy_baseline_1
917,0.2699715208253952,E1_low_entropy_baseline_1
918,0.28428528273110665,E1_low_entropy_baseline_1
919,0.2977008404709016,E1_low_entropy_baseline_1
920,0.31232384818324643,E1_low_entropy_baseline_1
921,0.32646291176648745,E1_low_entropy_baseline_1
922,0.3412562862376207,E1_low_entropy_baseline_1
923,0.3569689424443272,E1_low_entropy_baseline_1
924,0.3730399803858795,E1_low_entropy_baseline_1
925,0.3891887235850646,E1_low_entropy_baseline_1
926,0.40631425330143767,E1_low_entropy_baseline_1
927,0.4240351439964698,E1_low_entropy_baseline_1
928,0.4412435649736146,E1_low_entropy_baseline_1
929,0.4594096317529086,E1_low_entropy_baseline_1
930,0.47842151439600134,E1_low_entropy_baseline_1
931,0.4962814398202964,E1_low_entropy_baseline_1
932,0.5152831867708789,E1_low_entropy_baseline_1
933,0.5345783657095291,E1_low_entropy_baseline_1
934,0.5540300243138683,E1_low_entropy_baseline_1
935,0.5733418263747234,E1_low_entropy_baseline_1
936,0.5925020409655408,E1_low_entropy_baseline_1
937,0.6129612655338752,E1_low_entropy_baseline_1
938,0.6324142160011137,E1_low_entropy_baseline_1
939,0.6522035119074312,E1_low_entropy_baseline_1
940,0.6722513465513966,E1_low_entropy_baseline_1
941,0.6917034098338926,E1_low_entropy_baseline_1
942,0.710882068960907,E1_low_entropy_baseline_1
943,0.7300480627253254,E1_low_entropy_baseline_1
944,0.748483138499858,E1_low_entropy_baseline_1
945,0.7664391559000752,E1_low_entropy_baseline_1
946,0.783310171311232,E1_low_entropy_baseline_1
947,0.7993742652263638,E1_low_entropy_baseline_1
948,0.8159641380482734,E1_low_entropy_baseline_1
949,0.8307833829018794,E1_low_entropy_baseline_1
950,0.8444094238435236,E1_low_entropy_baseline_1
951,0.8567600105941295,E1_low_entropy_baseline_1
952,0.8680908623718562,E1_low_entropy_baseline_1
953,0.879226514979381,E1_low_entropy_baseline_1
954,0.8884542475433719,E1_low_entropy_baseline_1
955,0.8958542430148384,E1_low_entropy_baseline_1
956,0.9030101845078846,E1_low_entropy_baseline_1
957,0.9065108665897972,E1_low_entropy_baseline_1
958,0.9088778606426864,E1_low_entropy_baseline_1
959,0.9083032299612936,E1_low_entropy_baseline_1
960,0.9060262529639305,E1_low_entropy_baseline_1
961,0.9010259924800916,E1_low_entropy_baseline_1
962,0.8950724645147208,E1_low_entropy_baseline_1
963,0.8868738471263793,E1_low_entropy_baseline_1
964,0.8766398123900974,E1_low_entropy_baseline_1
965,0.8668413143235272,E1_low_entropy_baseline_1
966,0.8551601793816079,E1_low_entropy_baseline_1
967,0.8421713325145834,E1_low_entropy_baseline_1
968,0.8274538597333425,E1_low_entropy_baseline_1
969,0.8117923142261629,E1_low_entropy_baseline_1
970,0.7957990847540266,E1_low_entropy_baseline_1
971,0.7795077733950411,E1_low_entropy_baseline_1
972,0.7612808763311989,E1_low_entropy_baseline_1
973,0.7437049878676616,E1_low_entropy_baseline_1
974,0.7240291509246637,E1_low_entropy_baseline_1
975,0.7045821744482099,E1_low_entropy_baseline_1
976,0.6850311607315049,E1_low_entropy_baseline_1
977,0.6662246766018853,E1_low_entropy_baseline_1
978,0.6460243725868908,E1_low_entropy_baseline_1
979,0.6258246979309581,E1_low_entropy_baseline_1
980,0.6070261441128686,E1_low_entropy_baseline_1
981,0.5873696474582273,E1_low_entropy_baseline_1
982,0.5679454731006732,E1_low_entropy_baseline_1
983,0.5482091131195101,E1_low_entropy_baseline_1
984,0.5291074078302822,E1_low_entropy_baseline_1
985,0.5098037650530003,E1_low_entropy_baseline_1
986,0.4911931484764347,E1_low_entropy_baseline_1
987,0.4730092955472216,E1_low_entropy_baseline_1
988,0.4548928749572072,E1_low_entropy_baseline_1
989,0.43766513404374763,E1_low_entropy_baseline_1
990,0.41972626160229787,E1_low_entropy_baseline_1
991,0.4020029720181615,E1_low_entropy_baseline_1
992,0.38580542401522067,E1_low_entropy_baseline_1
993,0.36982614395546953,E1_low_entropy_baseline_1
994,0.3541689736156233,E1_low_entropy_baseline_1
995,0.3390343873593711,E1_low_entropy_baseline_1
996,0.32367487211298407,E1_low_entropy_baseline_1
997,0.3088650100163832,E1_low_entropy_baseline_1
998,0.29508621692198833,E1_low_entropy_baseline_1
999,0.28077084612761194,E1_low_entropy_baseline_1
1000,0.26727568737580754,E1_low_entropy_baseline_1
1,2.513213568229137,E2_high_entropy_plateau
2,2.2351222028396185,E2_high_entropy_plateau
3,2.0494270311069895,E2_high_entropy_plateau
4,1.9223601485258293,E2_high_entropy_plateau
5,1.828342919424669,E2_high_entropy_plateau
6,1.7440351063383197,E2_high_entropy_plateau
7,1.6512279244003807,E2_high_entropy_plateau
8,1.5931975080139331,E2_high_entropy_plateau
9,1.5255854844400538,E2_high_entropy_plateau
10,1.4633503209695906,E2_high_entropy_plateau
11,1.4031934848636904,E2_high_entropy_plateau
12,1.3403245667633037,E2_high_entropy_plateau
13,1.2962221653739698,E2_high_entropy_plateau
14,1.2385242322156902,E2_high_entropy_plateau
15,1.1956703889564935,E2_high_entropy_plateau
16,1.1580198826919679,E2_high_entropy_plateau
17,1.107628447093937,E2_high_entropy_plateau
18,1.066869160572523,E2_high_entropy_plateau
19,1.0273909231188334,E2_high_entropy_plateau
20,0.9830567583682948,E2_high_entropy_plateau
21,0.9413615740968169,E2_high_entropy_plateau
22,0.901114741019347,E2_high_entropy_plateau
23,0.8611594384014518,E2_high_entropy_plateau
24,0.8291987759525208,E2_high_entropy_plateau
25,0.7990716105568527,E2_high_entropy_plateau
26,0.7699969770610613,E2_high_entropy_plateau
27,0.731449178634028,E2_high_entropy_plateau
28,0.7026531971240386,E2_high_entropy_plateau
29,0.6709530189375208,E2_high_entropy_plateau
30,0.645184086228932,E2_high_entropy_plateau
31,0.6175714129713787,E2_high_entropy_plateau
32,0.5888132609325201,E2_high_entropy_plateau
33,0.5594177232001512,E2_high_entropy_plateau
34,0.5380142582994214,E2_high_entropy_plateau
35,0.5113811712441887,E2_high_entropy_plateau
36,0.49288011133202403,E2_high_entropy_plateau
37,0.4715697688153462,E2_high_entropy_plateau
38,0.4478246876618375,E2_high_entropy_plateau
39,0.4246189418389372,E2_high_entropy_plateau
40,0.40993883014663446,E2_high_entropy_plateau
41,0.3914052694053849,E2_high_entropy_plateau
42,0.3726110503773974,E2_high_entropy_plateau
43,0.35717454273934024,E2_high_entropy_plateau
44,0.3402289970916055,E2_high_entropy_plateau
45,0.32935584052675004,E2_high_entropy_plateau
46,0.30919194190442933,E2_high_entropy_plateau
47,0.2900888413813858,E2_high_entropy_plateau
48,0.2832714849590703,E2_high_entropy_plateau
49,0.26624467302839605,E2_high_entropy_plateau
50,0.25348700729308504,E2_high_entropy_plateau
51,0.23932609682490558,E2_high_entropy_plateau
52,0.22509754635218737,E2_high_entropy_plateau
53,0.21553157519067678,E2_high_entropy_plateau
54,0.20957719185778423,E2_high_entropy_plateau
55,0.19204591404849936,E2_high_entropy_plateau
56,0.18434754112121787,E2_high_entropy_plateau
57,0.17669550453672223,E2_high_entropy_plateau
58,0.1635895839938346,E2_high_entropy_plateau
59,0.1509160243070724,E2_high_entropy_plateau
60,0.14966624977163434,E2_high_entropy_plateau
61,0.13846338338304687,E2_high_entropy_plateau
62,0.1336738148481249,E2_high_entropy_plateau
63,0.1282099312911873,E2_high_entropy_plateau
64,0.1178627144652511,E2_high_entropy_plateau
65,0.11161105757806844,E2_high_entropy_plateau
66,0.11047902863313297,E2_high_entropy_plateau
67,0.10886351671040195,E2_high_entropy_plateau
68,0.09801560412192067,E2_high_entropy_plateau
69,0.09364561914502012,E2_high_entropy_plateau
70,0.09948928765148768,E2_high_entropy_plateau
71,0.09092623368513841,E2_high_entropy_plateau
72,0.08777053480538122,E2_high_entropy_plateau
73,0.08670651077064395,E2_high_entropy_plateau
74,0.08192145817871133,E2_high_entropy_plateau
75,0.07734826891707414,E2_high_entropy_plateau
76,0.07880678966702437,E2_high_entropy_plateau
77,0.07815733716724438,E2_high_entropy_plateau
78,0.07174227224831498,E2_high_entropy_plateau
79,0.07770184396158442,E2_high_entropy_plateau
80,0.06979981138720781,E2_high_entropy_plateau
81,0.0719334710225965,E2_high_entropy_plateau
82,0.07592062602101368,E2_high_entropy_plateau
83,0.07195556757642319,E2_high_entropy_plateau
84,0.0696884943594629,E2_high_entropy_plateau
85,0.06920803275543808,E2_high_entropy_plateau
86,0.076585677671547,E2_high_entropy_plateau
87,0.07081322304437343,E2_high_entropy_plateau
88,0.0743886900567956,E2_high_entropy_plateau
89,0.07597993008723414,E2_high_entropy_plateau
90,0.07861766330451214,E2_high_entropy_plateau
91,0.08577425763863022,E2_high_entropy_plateau
92,0.08890396059766115,E2_high_entropy_plateau
93,0.09404605425228496,E2_high_entropy_plateau
94,0.09449088561456254,E2_high_entropy_plateau
95,0.10393105222948673,E2_high_entropy_plateau
96,0.1064343086231192,E2_high_entropy_plateau
97,0.1159052082985017,E2_high_entropy_plateau
98,0.12142392942681912,E2_high_entropy_plateau
99,0.13017658356441775,E2_high_entropy_plateau
100,0.13479271372783508,E2_high_entropy_plateau
101,0.14507191418031073,E2_high_entropy_plateau
102,0.15385928743672928,E2_high_entropy_plateau
103,0.16757957673499124,E2_high_entropy_plateau
104,0.17171266921314388,E2_high_entropy_plateau
105,0.18398579125917358,E2_high_entropy_plateau
106,0.19156067755728667,E2_high_entropy_plateau
107,0.20536371237966122,E2_high_entropy_plateau
108,0.2122544592665232,E2_high_entropy_plateau
109,0.22867062841943042,E2_high_entropy_plateau
110,0.24097693303286505,E2_high_entropy_plateau
111,0.2524212493366953,E2_high_entropy_plateau
112,0.26552204307544525,E2_high_entropy_plateau
113,0.2807819442057431,E2_high_entropy_plateau
114,0.29668106971468244,E2_high_entropy_plateau
115,0.31313359871768576,E2_high_entropy_plateau
116,0.3289301576820778,E2_high_entropy_plateau
117,0.3474616554686012,E2_high_entropy_plateau
118,0.36368913761773314,E2_high_entropy_plateau
119,0.3825886964408607,E2_high_entropy_plateau
120,0.40246182177488343,E2_high_entropy_plateau
121,0.4238986582836697,E2_high_entropy_plateau
122,0.44399270471161056,E2_high_entropy_plateau
123,0.46580660161743737,E2_high_entropy_plateau
124,0.486338323874028,E2_high_entropy_plateau
125,0.5079318672606288,E2_high_entropy_plateau
126,0.5344191593707732,E2_high_entropy_plateau
127,0.5578446666018619,E2_high_entropy_plateau
128,0.5843725961046209,E2_high_entropy_plateau
129,0.6138985738651836,E2_high_entropy_plateau
130,0.6393666717760995,E2_high_entropy_plateau
131,0.6709255450688074,E2_high_entropy_plateau
132,0.7020915191312982,E2_high_entropy_plateau
133,0.7314244908341916,E2_high_entropy_plateau
134,0.7668457884392144,E2_high_entropy_plateau
135,0.799647172394157,E2_high_entropy_plateau
136,0.8324221537774079,E2_high_entropy_plateau
137,0.8725104174089164,E2_high_entropy_plateau
138,0.9033895200743078,E2_high_entropy_plateau
139,0.9477029796288239,E2_high_entropy_plateau
140,0.9871670883868591,E2_high_entropy_plateau
141,1.024774264061886,E2_high_entropy_plateau
142,1.0702271143603408,E2_high_entropy_plateau
143,1.1130591555905989,E2_high_entropy_plateau
144,1.161420058649802,E2_high_entropy_plateau
145,1.2046961082697045,E2_high_entropy_plateau
146,1.2489186060529809,E2_high_entropy_plateau
147,1.300561110140519,E2_high_entropy_plateau
148,1.3447704307107902,E2_high_entropy_plateau
149,1.395481060594272,E2_high_entropy_plateau
150,1.4437865863299715,E2_high_entropy_plateau
151,1.4947541019932622,E2_high_entropy_plateau
152,1.5395794864870282,E2_high_entropy_plateau
153,1.5729890643306277,E2_high_entropy_plateau
154,1.6025668674367708,E2_high_entropy_plateau
155,1.6335621157899034,E2_high_entropy_plateau
156,1.6529559038774568,E2_high_entropy_plateau
157,1.6648940625653292,E2_high_entropy_plateau
158,1.6698735925712658,E2_high_entropy_plateau
159,1.675393116883523,E2_high_entropy_plateau
160,1.6648505142419108,E2_high_entropy_plateau
161,1.6452696042712196,E2_high_entropy_plateau
162,1.6294668633121132,E2_high_entropy_plateau
163,1.6022074952051124,E2_high_entropy_plateau
164,1.5652162893115467,E2_high_entropy_plateau
165,1.523413949254838,E2_high_entropy_plateau
166,1.4811962789532451,E2_high_entropy_plateau
167,1.4363399794001959,E2_high_entropy_plateau
168,1.3963513076068068,E2_high_entropy_plateau
169,1.3494563743137071,E2_high_entropy_plateau
170,1.302062698272561,E2_high_entropy_plateau
171,1.2525847859902193,E2_high_entropy_plateau
172,1.2038229567952348,E2_high_entropy_plateau
173,1.160536219633764,E2_high_entropy_plateau
174,1.1106171259673934,E2_high_entropy_plateau
175,1.0760282823527971,E2_high_entropy_plateau
176,1.0251902598234928,E2_high_entropy_plateau
177,0.9827576489274819,E2_high_entropy_plateau
178,0.9475557830548418,E2_high_entropy_plateau
179,0.9119538688599471,E2_high_entropy_plateau
180,0.8727876202427165,E2_high_entropy_plateau
181,0.8372434676066396,E2_high_entropy_plateau
182,0.8030292965740013,E2_high_entropy_plateau
183,0.768697957013182,E2_high_entropy_plateau
184,0.7385786123890359,E2_high_entropy_plateau
185,0.7115607059821798,E2_high_entropy_plateau
186,0.67972832787264,E2_high_entropy_plateau
187,0.6508908370033133,E2_high_entropy_plateau
188,0.6222332732800631,E2_high_entropy_plateau
189,0.5941300353248842,E2_high_entropy_plateau
190,0.5707511621770607,E2_high_entropy_plateau
191,0.5429340661585318,E2_high_entropy_plateau
192,0.5214277791405548,E2_high_entropy_plateau
193,0.4977177502558696,E2_high_entropy_plateau
194,0.4757490504909434,E2_high_entropy_plateau
195,0.4546557493682464,E2_high_entropy_plateau
196,0.4336843317655035,E2_high_entropy_plateau
197,0.41408148868197614,E2_high_entropy_plateau
198,0.39594055175574105,E2_high_entropy_plateau
199,0.3766780593779755,E2_high_entropy_plateau
200,0.35987261189629827,E2_high_entropy_plateau
201,0.34556207792907045,E2_high_entropy_plateau
202,0.328901392886225,E2_high_entropy_plateau
203,0.3129641002418886,E2_high_entropy_plateau
204,0.29779869929308145,E2_high_entropy_plateau
205,0.28349572559140945,E2_high_entropy_plateau
206,0.2700481785415416,E2_high_entropy_plateau
207,0.2566074015972699,E2_high_entropy_plateau
208,0.2402834880375604,E2_high_entropy_plateau
209,0.22906418671431084,E2_high_entropy_plateau
210,0.21742217459019297,E2_high_entropy_plateau
211,0.20457029829448814,E2_high_entropy_plateau
212,0.1973752201917609,E2_high_entropy_plateau
213,0.18587008276622452,E2_high_entropy_plateau
214,0.17574857954292433,E2_high_entropy_plateau
215,0.16445731850029333,E2_high_entropy_plateau
216,0.15790435659973578,E2_high_entropy_plateau
217,0.14696277797613266,E2_high_entropy_plateau
218,0.14026961633564206,E2_high_entropy_plateau
219,0.13470303756721247,E2_high_entropy_plateau
220,0.13017224542845351,E2_high_entropy_plateau
221,0.12207703181907092,E2_high_entropy_plateau
222,0.11770839301882319,E2_high_entropy_plateau
223,0.11366307548285981,E2_high_entropy_plateau
224,0.10303384397892756,E2_high_entropy_plateau
225,0.09973362320483581,E2_high_entropy_plateau
226,0.0959711281634954,E2_high_entropy_plateau
227,0.09581788867462304,E2_high_entropy_plateau
228,0.0950982462368044,E2_high_entropy_plateau
229,0.08906852667362664,E2_high_entropy_plateau
230,0.08079791335562625,E2_high_entropy_plateau
231,0.0810436703175208,E2_high_entropy_plateau
232,0.08123701261090055,E2_high_entropy_plateau
233,0.07631667526229613,E2_high_entropy_plateau
234,0.07705874780608113,E2_high_entropy_plateau
235,0.07179817797794108,E2_high_entropy_plateau
236,0.07318223898260712,E2_high_entropy_plateau
237,0.07695391599944301,E2_high_entropy_plateau
238,0.07477033162582813,E2_high_entropy_plateau
239,0.0758667904485586,E2_high_entropy_plateau
240,0.07268509519401967,E2_high_entropy_plateau
241,0.07779928690943905,E2_high_entropy_plateau
242,0.07967781716099775,E2_high_entropy_plateau
243,0.07615941410080129,E2_high_entropy_plateau
244,0.08731665134660016,E2_high_entropy_plateau
245,0.07993093497105441,E2_high_entropy_plateau
246,0.09181478650211794,E2_high_entropy_plateau
247,0.09728456869200741,E2_high_entropy_plateau
248,0.1033001250183938,E2_high_entropy_plateau
249,0.10326656280660806,E2_high_entropy_plateau
250,0.10561659798359724,E2_high_entropy_plateau
251,0.10721375866172256,E2_high_entropy_plateau
252,0.1075632249761842,E2_high_entropy_plateau
253,0.11496533944286913,E2_high_entropy_plateau
254,0.12375773675284485,E2_high_entropy_plateau
255,0.12532010197767107,E2_high_entropy_plateau
256,0.1317069635999326,E2_high_entropy_plateau
257,0.14218437882578172,E2_high_entropy_plateau
258,0.14234361463067557,E2_high_entropy_plateau
259,0.1589553000762578,E2_high_entropy_plateau
260,0.16549155073376376,E2_high_entropy_plateau
261,0.17155043577713514,E2_high_entropy_plateau
262,0.18318151544680727,E2_high_entropy_plateau
263,0.19478029038428168,E2_high_entropy_plateau
264,0.20235721766963888,E2_high_entropy_plateau
265,0.2155904391582224,E2_high_entropy_plateau
266,0.22589820639953118,E2_high_entropy_plateau
267,0.23753376867716014,E2_high_entropy_plateau
268,0.250168262902446,E2_high_entropy_plateau
269,0.26542210284584744,E2_high_entropy_plateau
270,0.2783535911884645,E2_high_entropy_plateau
271,0.29060047050000204,E2_high_entropy_plateau
272,0.3064007044687873,E2_high_entropy_plateau
273,0.3237250785047916,E2_high_entropy_plateau
274,0.3410740446087086,E2_high_entropy_plateau
275,0.35749139606532854,E2_high_entropy_plateau
276,0.375979853434508,E2_high_entropy_plateau
277,0.392841495055297,E2_high_entropy_plateau
278,0.4125918965268278,E2_high_entropy_plateau
279,0.4323182735911537,E2_high_entropy_plateau
280,0.45295275196596396,E2_high_entropy_plateau
281,0.477182314705451,E2_high_entropy_plateau
282,0.49516813972769746,E2_high_entropy_plateau
283,0.517135751114826,E2_high_entropy_plateau
284,0.5387137280681129,E2_high_entropy_plateau
285,0.5632038208793588,E2_high_entropy_plateau
286,0.5865335842124306,E2_high_entropy_plateau
287,0.6140917149426333,E2_high_entropy_plateau
288,0.6380484474043149,E2_high_entropy_plateau
289,0.6676447114946962,E2_high_entropy_plateau
290,0.6932745287439346,E2_high_entropy_plateau
291,0.7233037038047403,E2_high_entropy_plateau
292,0.7540519679332895,E2_high_entropy_plateau
293,0.7858969479151012,E2_high_entropy_plateau
294,0.8246227747448032,E2_high_entropy_plateau
295,0.8549214967310785,E2_high_entropy_plateau
296,0.8984260015259906,E2_high_entropy_plateau
297,0.9346650689767424,E2_high_entropy_plateau
298,0.9787029577984638,E2_high_entropy_plateau
299,1.0186588567647785,E2_high_entropy_plateau
300,1.0558564782031405,E2_high_entropy_plateau
301,1.106107189514172,E2_high_entropy_plateau
302,1.1462498753930728,E2_high_entropy_plateau
303,1.1990155461882654,E2_high_entropy_plateau
304,1.241288448256336,E2_high_entropy_plateau
305,1.2933559577559048,E2_high_entropy_plateau
306,1.340217514054057,E2_high_entropy_plateau
307,1.3928791641546612,E2_high_entropy_plateau
308,1.4333356533960337,E2_high_entropy_plateau
309,1.4910949149594686,E2_high_entropy_plateau
310,1.5310190816974085,E2_high_entropy_plateau
311,1.5882677622171562,E2_high_entropy_plateau
312,1.6079907858135645,E2_high_entropy_plateau
313,1.6640479962398498,E2_high_entropy_plateau
314,1.689329150501293,E2_high_entropy_plateau
315,1.7206704223583493,E2_high_entropy_plateau
316,1.7222459586650665,E2_high_entropy_plateau
317,1.744140198411655,E2_high_entropy_plateau
318,1.7361745593047981,E2_high_entropy_plateau
319,1.7266321691854971,E2_high_entropy_plateau
320,1.6955746133402592,E2_high_entropy_plateau
321,1.6540875301975895,E2_high_entropy_plateau
322,1.6222262018164848,E2_high_entropy_plateau
323,1.5779727026274104,E2_high_entropy_plateau
324,1.551649191500596,E2_high_entropy_plateau
325,1.4936563582244897,E2_high_entropy_plateau
326,1.447900002652558,E2_high_entropy_plateau
327,1.398114608744379,E2_high_entropy_plateau
328,1.3436466321457115,E2_high_entropy_plateau
329,1.2916543995728933,E2_high_entropy_plateau
330,1.2470329412754113,E2_high_entropy_plateau
331,1.1932982860196155,E2_high_entropy_plateau
332,1.1495874828102224,E2_high_entropy_plateau
333,1.1068506722894877,E2_high_entropy_plateau
334,1.0602707145439876,E2_high_entropy_plateau
335,1.0170528112708928,E2_high_entropy_plateau
336,0.9827262040700635,E2_high_entropy_plateau
337,0.9463427892984706,E2_high_entropy_plateau
338,0.9090308572721932,E2_high_entropy_plateau
339,0.8759232384118292,E2_high_entropy_plateau
340,0.8377449319302066,E2_high_entropy_plateau
341,0.8067445877406199,E2_high_entropy_plateau
342,0.7743527822521594,E2_high_entropy_plateau
343,0.7442595219078045,E2_high_entropy_plateau
344,0.7093361080815752,E2_high_entropy_plateau
345,0.6839160443903296,E2_high_entropy_plateau
346,0.6509249189401372,E2_high_entropy_plateau
347,0.6236980094726929,E2_high_entropy_plateau
348,0.5985891806248596,E2_high_entropy_plateau
349,0.571542107700636,E2_high_entropy_plateau
350,0.5444242984365548,E2_high_entropy_plateau
351,0.519830497451597,E2_high_entropy_plateau
352,0.4973879937344705,E2_high_entropy_plateau
353,0.4762282697171454,E2_high_entropy_plateau
354,0.45695919456518386,E2_high_entropy_plateau
355,0.4341296555821845,E2_high_entropy_plateau
356,0.4153583772125824,E2_high_entropy_plateau
357,0.3984226125079129,E2_high_entropy_plateau
358,0.3785379024975217,E2_high_entropy_plateau
359,0.35828935858747,E2_high_entropy_plateau
360,0.3424177184323316,E2_high_entropy_plateau
361,0.3260593477344713,E2_high_entropy_plateau
362,0.3109556075603077,E2_high_entropy_plateau
363,0.2987090455303205,E2_high_entropy_plateau
364,0.28147137175219683,E2_high_entropy_plateau
365,0.2688652802672351,E2_high_entropy_plateau
366,0.2532198406608428,E2_high_entropy_plateau
367,0.24482144492804547,E2_high_entropy_plateau
368,0.22979559769818536,E2_high_entropy_plateau
369,0.22019134389370087,E2_high_entropy_plateau
370,0.20868207491960966,E2_high_entropy_plateau
371,0.20157336591887898,E2_high_entropy_plateau
372,0.18587419770417224,E2_high_entropy_plateau
373,0.177681306355141,E2_high_entropy_plateau
374,0.1635557730289099,E2_high_entropy_plateau
375,0.16353530147250694,E2_high_entropy_plateau
376,0.1524398527892883,E2_high_entropy_plateau
377,0.14362631208190368,E2_high_entropy_plateau
378,0.13578220196092428,E2_high_entropy_plateau
379,0.1275013637023683,E2_high_entropy_plateau
380,0.12702944302701447,E2_high_entropy_plateau
381,0.11958999713891938,E2_high_entropy_plateau
382,0.11278258609297254,E2_high_entropy_plateau
383,0.10698397282209982,E2_high_entropy_plateau
384,0.1082405460453506,E2_high_entropy_plateau
385,0.09858023639130398,E2_high_entropy_plateau
386,0.09380248477124109,E2_high_entropy_plateau
387,0.08842792434687663,E2_high_entropy_plateau
388,0.08201467036251753,E2_high_entropy_plateau
389,0.07733754074751253,E2_high_entropy_plateau
390,0.07314052969250096,E2_high_entropy_plateau
391,0.07298801980517045,E2_high_entropy_plateau
392,0.06778515814053598,E2_high_entropy_plateau
393,0.06396703249673763,E2_high_entropy_plateau
394,0.06697822460489977,E2_high_entropy_plateau
395,0.06612269770739143,E2_high_entropy_plateau
396,0.062444640706057264,E2_high_entropy_plateau
397,0.061848469460421995,E2_high_entropy_plateau
398,0.06826471307870374,E2_high_entropy_plateau
399,0.06565548712337765,E2_high_entropy_plateau
400,0.061073306066001365,E2_high_entropy_plateau
401,0.0662086309640566,E2_high_entropy_plateau
402,0.06402188237287998,E2_high_entropy_plateau
403,0.0708011553064587,E2_high_entropy_plateau
404,0.06249978911966014,E2_high_entropy_plateau
405,0.06469561256898082,E2_high_entropy_plateau
406,0.06908463264335651,E2_high_entropy_plateau
407,0.07223255100414683,E2_high_entropy_plateau
408,0.08134563039990006,E2_high_entropy_plateau
409,0.08169408434503733,E2_high_entropy_plateau
410,0.08772814052784383,E2_high_entropy_plateau
411,0.09045483161344858,E2_high_entropy_plateau
412,0.10025924381439477,E2_high_entropy_plateau
413,0.10279910122618396,E2_high_entropy_plateau
414,0.10838958122038456,E2_high_entropy_plateau
415,0.11545603869787069,E2_high_entropy_plateau
416,0.12313262477497933,E2_high_entropy_plateau
417,0.13102836413097485,E2_high_entropy_plateau
418,0.14008508081418558,E2_high_entropy_plateau
419,0.15074200227365342,E2_high_entropy_plateau
420,0.1550481353455604,E2_high_entropy_plateau
421,0.16442906015782288,E2_high_entropy_plateau
422,0.17522573919576168,E2_high_entropy_plateau
423,0.1875786423546737,E2_high_entropy_plateau
424,0.20303418837698395,E2_high_entropy_plateau
425,0.20628865249358963,E2_high_entropy_plateau
426,0.22045909807079944,E2_high_entropy_plateau
427,0.2369525680741411,E2_high_entropy_plateau
428,0.2535563176929241,E2_high_entropy_plateau
429,0.2651026102790466,E2_high_entropy_plateau
430,0.27962519277234943,E2_high_entropy_plateau
431,0.2902921566567427,E2_high_entropy_plateau
432,0.3072090316291485,E2_high_entropy_plateau
433,0.3240878266266707,E2_high_entropy_plateau
434,0.3408933913395984,E2_high_entropy_plateau
435,0.36062623011546613,E2_high_entropy_plateau
436,0.37615693076330103,E2_high_entropy_plateau
437,0.3949490615669733,E2_high_entropy_plateau
438,0.41847156270452057,E2_high_entropy_plateau
439,0.4388660090419414,E2_high_entropy_plateau
440,0.4615797102673165,E2_high_entropy_plateau
441,0.4828343323001629,E2_high_entropy_plateau
442,0.5050102270286185,E2_high_entropy_plateau
443,0.5279014521665948,E2_high_entropy_plateau
444,0.5539942348415972,E2_high_entropy_plateau
445,0.5798053826006413,E2_high_entropy_plateau
446,0.6056931140109292,E2_high_entropy_plateau
447,0.6350684227384749,E2_high_entropy_plateau
448,0.6626041900100672,E2_high_entropy_plateau
449,0.6965188847497865,E2_high_entropy_plateau
450,0.7306071669674701,E2_high_entropy_plateau
451,0.7595304983958915,E2_high_entropy_plateau
452,0.7923372165216049,E2_high_entropy_plateau
453,0.8243712395521889,E2_high_entropy_plateau
454,0.8662176273123219,E2_high_entropy_plateau
455,0.9006748336346622,E2_high_entropy_plateau
456,0.9406502126847336,E2_high_entropy_plateau
457,0.9779039152500584,E2_high_entropy_plateau
458,1.0177847283198158,E2_high_entropy_plateau
459,1.0591868449864084,E2_high_entropy_plateau
460,1.1068247744770456,E2_high_entropy_plateau
461,1.152825100299733,E2_high_entropy_plateau
462,1.1990630311653803,E2_high_entropy_plateau
463,1.2383320769059418,E2_high_entropy_plateau
464,1.2910333003275074,E2_high_entropy_plateau
465,1.3377544306375881,E2_high_entropy_plateau
466,1.3915819334703698,E2_high_entropy_plateau
467,1.4314012662046416,E2_high_entropy_plateau
468,1.4737228953010773,E2_high_entropy_plateau
469,1.5155234871112873,E2_high_entropy_plateau
470,1.5485730790103513,E2_high_entropy_plateau
471,1.5823002990057375,E2_high_entropy_plateau
472,1.6189011032729939,E2_high_entropy_plateau
473,1.642326858717114,E2_high_entropy_plateau
474,1.6612871725854959,E2_high_entropy_plateau
475,1.671844410861187,E2_high_entropy_plateau
476,1.6652758740485059,E2_high_entropy_plateau
477,1.6558721981945679,E2_high_entropy_plateau
478,1.6442945610806872,E2_high_entropy_plateau
479,1.6192951036347898,E2_high_entropy_plateau
480,1.6000013500604746,E2_high_entropy_plateau
481,1.5683627956047363,E2_high_entropy_plateau
482,1.5266426740384826,E2_high_entropy_plateau
483,1.4850081442565264,E2_high_entropy_plateau
484,1.4418550075660095,E2_high_entropy_plateau
485,1.3935085927004298,E2_high_entropy_plateau
486,1.3464406177452215,E2_high_entropy_plateau
487,1.2981812203417435,E2_high_entropy_plateau
488,1.2553881713028066,E2_high_entropy_plateau
489,1.2065755560779872,E2_high_entropy_plateau
490,1.159183793799313,E2_high_entropy_plateau
491,1.1149677369572455,E2_high_entropy_plateau
492,1.06974553402282,E2_high_entropy_plateau
493,1.0285576063232824,E2_high_entropy_plateau
494,0.9887959610644765,E2_high_entropy_plateau
495,0.9506347170190166,E2_high_entropy_plateau
496,0.9121144669932271,E2_high_entropy_plateau
497,0.8753152296088009,E2_high_entropy_plateau
498,0.8362581286299742,E2_high_entropy_plateau
499,0.8037983792896943,E2_high_entropy_plateau
500,0.7727676511418151,E2_high_entropy_plateau
501,0.7421619050688264,E2_high_entropy_plateau
502,0.7108047989381845,E2_high_entropy_plateau
503,0.6782841348289885,E2_high_entropy_plateau
504,0.6516748081255992,E2_high_entropy_plateau
505,0.6264410038679786,E2_high_entropy_plateau
506,0.599500798909439,E2_high_entropy_plateau
507,0.5741160790408575,E2_high_entropy_plateau
508,0.5487077361337462,E2_high_entropy_plateau
509,0.5269599045247046,E2_high_entropy_plateau
510,0.5050889347213428,E2_high_entropy_plateau
511,0.483726404758003,E2_high_entropy_plateau
512,0.4648374011643881,E2_high_entropy_plateau
513,0.4421060103586587,E2_high_entropy_plateau
514,0.42183561397680247,E2_high_entropy_plateau
515,0.4032895762755775,E2_high_entropy_plateau
516,0.38523293907707234,E2_high_entropy_plateau
517,0.3683442847029479,E2_high_entropy_plateau
518,0.35059773191870924,E2_high_entropy_plateau
519,0.33383262763560495,E2_high_entropy_plateau
520,0.31765167380805703,E2_high_entropy_plateau
521,0.30280840225053574,E2_high_entropy_plateau
522,0.2879585592536218,E2_high_entropy_plateau
523,0.276192657896317,E2_high_entropy_plateau
524,0.2601944804747287,E2_high_entropy_plateau
525,0.24657599988968393,E2_high_entropy_plateau
526,0.2348495753804647,E2_high_entropy_plateau
527,0.22223978802755617,E2_high_entropy_plateau
528,0.21173255114162526,E2_high_entropy_plateau
529,0.1996597576293473,E2_high_entropy_plateau
530,0.1901624167307201,E2_high_entropy_plateau
531,0.1824080937815742,E2_high_entropy_plateau
532,0.17221563429305142,E2_high_entropy_plateau
533,0.16483103314158143,E2_high_entropy_plateau
534,0.15829398447580978,E2_high_entropy_plateau
535,0.1489581855390183,E2_high_entropy_plateau
536,0.14425984973226313,E2_high_entropy_plateau
537,0.1330638152509085,E2_high_entropy_plateau
538,0.1283059203034913,E2_high_entropy_plateau
539,0.12353663025081651,E2_high_entropy_plateau
540,0.11916314163357455,E2_high_entropy_plateau
541,0.11138726865155668,E2_high_entropy_plateau
542,0.10351193565356542,E2_high_entropy_plateau
543,0.1002731793213183,E2_high_entropy_plateau
544,0.09544197437306501,E2_high_entropy_plateau
545,0.09476255133688039,E2_high_entropy_plateau
546,0.09000100653151666,E2_high_entropy_plateau
547,0.09200508200068125,E2_high_entropy_plateau
548,0.0898194224406339,E2_high_entropy_plateau
549,0.08196887523522634,E2_high_entropy_plateau
550,0.08502018940293432,E2_high_entropy_plateau
551,0.08026778900049258,E2_high_entropy_plateau
552,0.07949020755504677,E2_high_entropy_plateau
553,0.09360980198835556,E2_high_entropy_plateau
554,0.07683649524466585,E2_high_entropy_plateau
555,0.0860176767886296,E2_high_entropy_plateau
556,0.08589719773410387,E2_high_entropy_plateau
557,0.07716930403985689,E2_high_entropy_plateau
558,0.07948031793292465,E2_high_entropy_plateau
559,0.08085964105019894,E2_high_entropy_plateau
560,0.08334430510154256,E2_high_entropy_plateau
561,0.08371267646392333,E2_high_entropy_plateau
562,0.08733923890779938,E2_high_entropy_plateau
563,0.09693765322725412,E2_high_entropy_plateau
564,0.09422756296936985,E2_high_entropy_plateau
565,0.0925354166090786,E2_high_entropy_plateau
566,0.09659235115203657,E2_high_entropy_plateau
567,0.10002796965062544,E2_high_entropy_plateau
568,0.11138660608945816,E2_high_entropy_plateau
569,0.11010447668644296,E2_high_entropy_plateau
570,0.11199685596461428,E2_high_entropy_plateau
571,0.11819226846229114,E2_high_entropy_plateau
572,0.12603922294553183,E2_high_entropy_plateau
573,0.1332906071337181,E2_high_entropy_plateau
574,0.14480646086814541,E2_high_entropy_plateau
575,0.14817361051837707,E2_high_entropy_plateau
576,0.15701024407993724,E2_high_entropy_plateau
577,0.17009246957171964,E2_high_entropy_plateau
578,0.18254667100130462,E2_high_entropy_plateau
579,0.19076966135954,E2_high_entropy_plateau
580,0.19859035202538067,E2_high_entropy_plateau
581,0.2090470922911729,E2_high_entropy_plateau
582,0.21577714851793672,E2_high_entropy_plateau
583,0.2285513028179551,E2_high_entropy_plateau
584,0.24190478911118607,E2_high_entropy_plateau
585,0.2503263172039727,E2_high_entropy_plateau
586,0.26486893214302754,E2_high_entropy_plateau
587,0.27900468510494303,E2_high_entropy_plateau
588,0.29070659196403525,E2_high_entropy_plateau
589,0.30685250532293473,E2_high_entropy_plateau
590,0.32479268010154083,E2_high_entropy_plateau
591,0.34109227781672935,E2_high_entropy_plateau
592,0.3588556351912189,E2_high_entropy_plateau
593,0.3781913395715719,E2_high_entropy_plateau
594,0.3946053552037103,E2_high_entropy_plateau
595,0.4158721770315541,E2_high_entropy_plateau
596,0.4340270222228497,E2_high_entropy_plateau
597,0.45477534318803325,E2_high_entropy_plateau
598,0.4741557804516461,E2_high_entropy_plateau
599,0.49445486364625957,E2_high_entropy_plateau
600,0.52025860570361,E2_high_entropy_plateau
601,0.5441385010085087,E2_high_entropy_plateau
602,0.5659579652211999,E2_high_entropy_plateau
603,0.5925737909276778,E2_high_entropy_plateau
604,0.6203302522179399,E2_high_entropy_plateau
605,0.6484987700885503,E2_high_entropy_plateau
606,0.6798270604616938,E2_high_entropy_plateau
607,0.7060885043094443,E2_high_entropy_plateau
608,0.737566225456515,E2_high_entropy_plateau
609,0.7768793693346252,E2_high_entropy_plateau
610,0.8066164558575784,E2_high_entropy_plateau
611,0.839417013284331,E2_high_entropy_plateau
612,0.8745544727863077,E2_high_entropy_plateau
613,0.9118060353364115,E2_high_entropy_plateau
614,0.9425928421354435,E2_high_entropy_plateau
615,0.9847046678292877,E2_high_entropy_plateau
616,1.0217952188394737,E2_high_entropy_plateau
617,1.0690260817855997,E2_high_entropy_plateau
618,1.1153630605669447,E2_high_entropy_plateau
619,1.162288229882888,E2_high_entropy_plateau
620,1.216581847865955,E2_high_entropy_plateau
621,1.259112743195736,E2_high_entropy_plateau
622,1.3162782591050641,E2_high_entropy_plateau
623,1.3730118183454572,E2_high_entropy_plateau
624,1.4202706298089733,E2_high_entropy_plateau
625,1.4653683250652385,E2_high_entropy_plateau
626,1.5112541252704323,E2_high_entropy_plateau
627,1.552098864979289,E2_high_entropy_plateau
628,1.5891850326162658,E2_high_entropy_plateau
629,1.6285722760683772,E2_high_entropy_plateau
630,1.6568678703759758,E2_high_entropy_plateau
631,1.6810295410256,E2_high_entropy_plateau
632,1.6912703426814506,E2_high_entropy_plateau
633,1.7070959104070607,E2_high_entropy_plateau
634,1.7153990006946902,E2_high_entropy_plateau
635,1.7218522050892116,E2_high_entropy_plateau
636,1.7003144847633216,E2_high_entropy_plateau
637,1.6725126644022517,E2_high_entropy_plateau
638,1.6331353368843802,E2_high_entropy_plateau
639,1.5995641466808301,E2_high_entropy_plateau
640,1.5542782859792705,E2_high_entropy_plateau
641,1.5030363203143224,E2_high_entropy_plateau
642,1.4545275982302215,E2_high_entropy_plateau
643,1.3943199313282113,E2_high_entropy_plateau
644,1.3538377990324442,E2_high_entropy_plateau
645,1.3067433129878587,E2_high_entropy_plateau
646,1.259677493505464,E2_high_entropy_plateau
647,1.2186111007540736,E2_high_entropy_plateau
648,1.1724348329277046,E2_high_entropy_plateau
649,1.1221053126646474,E2_high_entropy_plateau
650,1.0919930295975577,E2_high_entropy_plateau
651,1.0572581764037405,E2_high_entropy_plateau
652,1.0063585214483712,E2_high_entropy_plateau
653,0.9658076766465058,E2_high_entropy_plateau
654,0.9322318149594384,E2_high_entropy_plateau
655,0.8961477189819682,E2_high_entropy_plateau
656,0.8651481748490548,E2_high_entropy_plateau
657,0.8296645579294442,E2_high_entropy_plateau
658,0.795577816771968,E2_high_entropy_plateau
659,0.7622850748279149,E2_high_entropy_plateau
660,0.7329631058936217,E2_high_entropy_plateau
661,0.698959519649824,E2_high_entropy_plateau
662,0.6686069733491262,E2_high_entropy_plateau
663,0.6408400360928708,E2_high_entropy_plateau
664,0.6121502420097125,E2_high_entropy_plateau
665,0.5877489839683037,E2_high_entropy_plateau
666,0.5599554956456041,E2_high_entropy_plateau
667,0.5352538124331199,E2_high_entropy_plateau
668,0.5122807078875198,E2_high_entropy_plateau
669,0.4891220043500457,E2_high_entropy_plateau
670,0.4679208355131763,E2_high_entropy_plateau
671,0.4472215912102424,E2_high_entropy_plateau
672,0.4249350029758636,E2_high_entropy_plateau
673,0.40626182313836345,E2_high_entropy_plateau
674,0.3874002714948137,E2_high_entropy_plateau
675,0.3686710228172405,E2_high_entropy_plateau
676,0.3502645127221191,E2_high_entropy_plateau
677,0.3327948193194734,E2_high_entropy_plateau
678,0.31598397428116254,E2_high_entropy_plateau
679,0.3032112191105085,E2_high_entropy_plateau
680,0.2909430847629473,E2_high_entropy_plateau
681,0.27780096295271406,E2_high_entropy_plateau
682,0.2607584661044262,E2_high_entropy_plateau
683,0.24997921232501952,E2_high_entropy_plateau
684,0.23956413866828896,E2_high_entropy_plateau
685,0.22792748146852304,E2_high_entropy_plateau
686,0.21483083662878943,E2_high_entropy_plateau
687,0.20753781573329988,E2_high_entropy_plateau
688,0.19379087335784195,E2_high_entropy_plateau
689,0.18751488472299194,E2_high_entropy_plateau
690,0.17947231507295403,E2_high_entropy_plateau
691,0.16668712162320887,E2_high_entropy_plateau
692,0.1616815469127788,E2_high_entropy_plateau
693,0.1514707280895129,E2_high_entropy_plateau
694,0.1419358647433384,E2_high_entropy_plateau
695,0.13870378786154447,E2_high_entropy_plateau
696,0.13552650375171105,E2_high_entropy_plateau
697,0.12281090246605242,E2_high_entropy_plateau
698,0.12109235595003831,E2_high_entropy_plateau
699,0.10868734307077688,E2_high_entropy_plateau
700,0.11066336495128049,E2_high_entropy_plateau
701,0.1062374268512718,E2_high_entropy_plateau
702,0.09511592491722443,E2_high_entropy_plateau
703,0.09479770526799047,E2_high_entropy_plateau
704,0.09388500997868121,E2_high_entropy_plateau
705,0.09213935414736785,E2_high_entropy_plateau
706,0.09710282478230958,E2_high_entropy_plateau
707,0.07870883266857831,E2_high_entropy_plateau
708,0.08528164244139802,E2_high_entropy_plateau
709,0.0756785532063482,E2_high_entropy_plateau
710,0.07307683288626876,E2_high_entropy_plateau
711,0.07860542448534069,E2_high_entropy_plateau
712,0.07467956606393766,E2_high_entropy_plateau
713,0.0701807142134383,E2_high_entropy_plateau
714,0.06243234515541296,E2_high_entropy_plateau
715,0.05786900471017198,E2_high_entropy_plateau
716,0.06125802203365982,E2_high_entropy_plateau
717,0.057557821896381256,E2_high_entropy_plateau
718,0.05697302276961658,E2_high_entropy_plateau
719,0.06080599762250394,E2_high_entropy_plateau
720,0.06186123444511349,E2_high_entropy_plateau
721,0.0630677705551701,E2_high_entropy_plateau
722,0.06316300121529039,E2_high_entropy_plateau
723,0.0680631548327657,E2_high_entropy_plateau
724,0.07139046235014135,E2_high_entropy_plateau
725,0.07692595733754004,E2_high_entropy_plateau
726,0.08110117542008322,E2_high_entropy_plateau
727,0.08360543930715014,E2_high_entropy_plateau
728,0.09683080057616777,E2_high_entropy_plateau
729,0.10310841043680163,E2_high_entropy_plateau
730,0.10788856455266504,E2_high_entropy_plateau
731,0.11452176604269582,E2_high_entropy_plateau
732,0.11840355963377469,E2_high_entropy_plateau
733,0.12440993649963783,E2_high_entropy_plateau
734,0.13609755379357757,E2_high_entropy_plateau
735,0.14308005271726998,E2_high_entropy_plateau
736,0.15107458020635622,E2_high_entropy_plateau
737,0.1634175467160599,E2_high_entropy_plateau
738,0.1735994020720497,E2_high_entropy_plateau
739,0.1816760704463487,E2_high_entropy_plateau
740,0.19416395501349815,E2_high_entropy_plateau
741,0.20733906832922067,E2_high_entropy_plateau
742,0.2178696164591054,E2_high_entropy_plateau
743,0.23245097046523533,E2_high_entropy_plateau
744,0.24356455164706325,E2_high_entropy_plateau
745,0.25514546450486186,E2_high_entropy_plateau
746,0.2691005533461306,E2_high_entropy_plateau
747,0.2855179966260506,E2_high_entropy_plateau
748,0.30103008484498517,E2_high_entropy_plateau
749,0.3147993102724369,E2_high_entropy_plateau
750,0.33255638662705156,E2_high_entropy_plateau
751,0.3504936176837692,E2_high_entropy_plateau
752,0.3688374009147086,E2_high_entropy_plateau
753,0.3862722121919351,E2_high_entropy_plateau
754,0.40847370819815954,E2_high_entropy_plateau
755,0.43584358572262794,E2_high_entropy_plateau
756,0.45554284042232407,E2_high_entropy_plateau
757,0.4795563799691349,E2_high_entropy_plateau
758,0.5032126434481583,E2_high_entropy_plateau
759,0.5297072838097652,E2_high_entropy_plateau
760,0.555235296603735,E2_high_entropy_plateau
761,0.579588168511969,E2_high_entropy_plateau
762,0.6071655039833406,E2_high_entropy_plateau
763,0.6360183854611927,E2_high_entropy_plateau
764,0.6635292504501811,E2_high_entropy_plateau
765,0.6962503440798287,E2_high_entropy_plateau
766,0.7261485605219349,E2_high_entropy_plateau
767,0.7597808986679855,E2_high_entropy_plateau
768,0.7877280129797626,E2_high_entropy_plateau
769,0.8247137273574774,E2_high_entropy_plateau
770,0.8605177046817376,E2_high_entropy_plateau
771,0.8984596609374105,E2_high_entropy_plateau
772,0.940830289039778,E2_high_entropy_plateau
773,0.9824940063877516,E2_high_entropy_plateau
774,1.0233781284549712,E2_high_entropy_plateau
775,1.068596895209729,E2_high_entropy_plateau
776,1.1137166816447372,E2_high_entropy_plateau
777,1.1592994034519801,E2_high_entropy_plateau
778,1.200415275636427,E2_high_entropy_plateau
779,1.2459336342878977,E2_high_entropy_plateau
780,1.280591180548754,E2_high_entropy_plateau
781,1.3301854362379997,E2_high_entropy_plateau
782,1.3736682727672358,E2_high_entropy_plateau
783,1.4211669640627829,E2_high_entropy_plateau
784,1.458813224738341,E2_high_entropy_plateau
785,1.5026720808225313,E2_high_entropy_plateau
786,1.5484901402584725,E2_high_entropy_plateau
787,1.5812267885984603,E2_high_entropy_plateau
788,1.6109198823884352,E2_high_entropy_plateau
789,1.6260664394704705,E2_high_entropy_plateau
790,1.646569063455253,E2_high_entropy_plateau
791,1.6526164373621102,E2_high_entropy_plateau
792,1.669416759065311,E2_high_entropy_plateau
793,1.6460155774478888,E2_high_entropy_plateau
794,1.6471365811915302,E2_high_entropy_plateau
795,1.6278307096771094,E2_high_entropy_plateau
796,1.600740075850041,E2_high_entropy_plateau
797,1.558632958865525,E2_high_entropy_plateau
798,1.5326406738656324,E2_high_entropy_plateau
799,1.493025239604047,E2_high_entropy_plateau
800,1.4444915173052761,E2_high_entropy_plateau
801,1.3941518957118548,E2_high_entropy_plateau
802,1.3526253990264197,E2_high_entropy_plateau
803,1.3019051650046665,E2_high_entropy_plateau
804,1.2549762422401383,E2_high_entropy_plateau
805,1.2068777357026246,E2_high_entropy_plateau
806,1.1623028492948375,E2_high_entropy_plateau
807,1.1197846103088196,E2_high_entropy_plateau
808,1.0787094732691784,E2_high_entropy_plateau
809,1.0393909570450868,E2_high_entropy_plateau
810,1.0049607687168542,E2_high_entropy_plateau
811,0.9666208089096964,E2_high_entropy_plateau
812,0.9270102881933413,E2_high_entropy_plateau
813,0.8923624128232053,E2_high_entropy_plateau
814,0.8537383672784049,E2_high_entropy_plateau
815,0.8233623440602127,E2_high_entropy_plateau
816,0.7863145157833911,E2_high_entropy_plateau
817,0.7493243994392262,E2_high_entropy_plateau
818,0.7187727377845627,E2_high_entropy_plateau
819,0.6903391198811555,E2_high_entropy_plateau
820,0.6583739958641228,E2_high_entropy_plateau
821,0.6319406106607639,E2_high_entropy_plateau
822,0.6073666346221698,E2_high_entropy_plateau
823,0.5872812007703532,E2_high_entropy_plateau
824,0.5595825014625166,E2_high_entropy_plateau
825,0.5370420056456808,E2_high_entropy_plateau
826,0.5161599345571961,E2_high_entropy_plateau
827,0.4956412808274422,E2_high_entropy_plateau
828,0.47235148610829736,E2_high_entropy_plateau
829,0.4546342348283572,E2_high_entropy_plateau
830,0.4335963560002405,E2_high_entropy_plateau
831,0.41471878676710006,E2_high_entropy_plateau
832,0.39753997752409465,E2_high_entropy_plateau
833,0.3791447273164543,E2_high_entropy_plateau
834,0.36273007238245114,E2_high_entropy_plateau
835,0.3460694337730654,E2_high_entropy_plateau
836,0.33010648666459375,E2_high_entropy_plateau
837,0.3162256755230466,E2_high_entropy_plateau
838,0.299991849276676,E2_high_entropy_plateau
839,0.28443251143240644,E2_high_entropy_plateau
840,0.27021253112412325,E2_high_entropy_plateau
841,0.2578066057369579,E2_high_entropy_plateau
842,0.2449043255813228,E2_high_entropy_plateau
843,0.23115909067975515,E2_high_entropy_plateau
844,0.22491229126210044,E2_high_entropy_plateau
845,0.21247172603810327,E2_high_entropy_plateau
846,0.19837049011035557,E2_high_entropy_plateau
847,0.18547146771844325,E2_high_entropy_plateau
848,0.17597898281804447,E2_high_entropy_plateau
849,0.16724955209131043,E2_high_entropy_plateau
850,0.15899329180155242,E2_high_entropy_plateau
851,0.15506668443790428,E2_high_entropy_plateau
852,0.14865858871945647,E2_high_entropy_plateau
853,0.14618329071250713,E2_high_entropy_plateau
854,0.13252646516886912,E2_high_entropy_plateau
855,0.1246170390332324,E2_high_entropy_plateau
856,0.12332577334032901,E2_high_entropy_plateau
857,0.11977395705740967,E2_high_entropy_plateau
858,0.1210938631705396,E2_high_entropy_plateau
859,0.11368098497495005,E2_high_entropy_plateau
860,0.10603098386581955,E2_high_entropy_plateau
861,0.10349261054644643,E2_high_entropy_plateau
862,0.10256804013871701,E2_high_entropy_plateau
863,0.10106913382761373,E2_high_entropy_plateau
864,0.09360998452047564,E2_high_entropy_plateau
865,0.09133971013074138,E2_high_entropy_plateau
866,0.09018060886073442,E2_high_entropy_plateau
867,0.08514555329908546,E2_high_entropy_plateau
868,0.09088986977477109,E2_high_entropy_plateau
869,0.09263370083507105,E2_high_entropy_plateau
870,0.08850082010686577,E2_high_entropy_plateau
871,0.08795489552114688,E2_high_entropy_plateau
872,0.08627570218654945,E2_high_entropy_plateau
873,0.08456207778004377,E2_high_entropy_plateau
874,0.08898010733581696,E2_high_entropy_plateau
875,0.0789331048478692,E2_high_entropy_plateau
876,0.09142941187360076,E2_high_entropy_plateau
877,0.09128229826569356,E2_high_entropy_plateau
878,0.09643337284070341,E2_high_entropy_plateau
879,0.09848119503839214,E2_high_entropy_plateau
880,0.09675534282473208,E2_high_entropy_plateau
881,0.10340062705078612,E2_high_entropy_plateau
882,0.10802856768020064,E2_high_entropy_plateau
883,0.10554905961052174,E2_high_entropy_plateau
884,0.11691480648513863,E2_high_entropy_plateau
885,0.11871826899209736,E2_high_entropy_plateau
886,0.12455088266359393,E2_high_entropy_plateau
887,0.1354008807919378,E2_high_entropy_plateau
888,0.13910587915576222,E2_high_entropy_plateau
889,0.14648640271352686,E2_high_entropy_plateau
890,0.1510469646013357,E2_high_entropy_plateau
891,0.1624523162651652,E2_high_entropy_plateau
892,0.17554630331187226,E2_high_entropy_plateau
893,0.17507745058208357,E2_high_entropy_plateau
894,0.18829320181590603,E2_high_entropy_plateau
895,0.1990207577308567,E2_high_entropy_plateau
896,0.20544803039569448,E2_high_entropy_plateau
897,0.2195333232269423,E2_high_entropy_plateau
898,0.22969176139204794,E2_high_entropy_plateau
899,0.23822767120205146,E2_high_entropy_plateau
900,0.24809934269528267,E2_high_entropy_plateau
901,0.2625494170406606,E2_high_entropy_plateau
902,0.2709915041150124,E2_high_entropy_plateau
903,0.2859358657239621,E2_high_entropy_plateau
904,0.3049431170045782,E2_high_entropy_plateau
905,0.3212394505088296,E2_high_entropy_plateau
906,0.3353586950363088,E2_high_entropy_plateau
907,0.35391541824473904,E2_high_entropy_plateau
908,0.368775075670289,E2_high_entropy_plateau
909,0.3847527524867811,E2_high_entropy_plateau
910,0.4044901172003268,E2_high_entropy_plateau
911,0.42374893128710855,E2_high_entropy_plateau
912,0.4448815082888098,E2_high_entropy_plateau
913,0.46392124276281255,E2_high_entropy_plateau
914,0.48679058920817564,E2_high_entropy_plateau
915,0.5093171350081267,E2_high_entropy_plateau
916,0.5331542553109294,E2_high_entropy_plateau
917,0.5556140037715602,E2_high_entropy_plateau
918,0.5809153007813999,E2_high_entropy_plateau
919,0.6070137341283939,E2_high_entropy_plateau
920,0.6352529582402475,E2_high_entropy_plateau
921,0.6653849235198033,E2_high_entropy_plateau
922,0.6968841983752521,E2_high_entropy_plateau
923,0.7286005271539979,E2_high_entropy_plateau
924,0.7581654643855176,E2_high_entropy_plateau
925,0.7940176299075778,E2_high_entropy_plateau
926,0.8224947411232009,E2_high_entropy_plateau
927,0.8561245520966105,E2_high_entropy_plateau
928,0.9005460484242436,E2_high_entropy_plateau
929,0.9365548283415146,E2_high_entropy_plateau
930,0.9796872290632272,E2_high_entropy_plateau
931,1.0200573282908811,E2_high_entropy_plateau
932,1.0607418894312,E2_high_entropy_plateau
933,1.1158052447924982,E2_high_entropy_plateau
934,1.1585137572251156,E2_high_entropy_plateau
935,1.2013148308744448,E2_high_entropy_plateau
936,1.2422659168251027,E2_high_entropy_plateau
937,1.2904597923793322,E2_high_entropy_plateau
938,1.344202391249386,E2_high_entropy_plateau
939,1.3952597079577682,E2_high_entropy_plateau
940,1.451796927487469,E2_high_entropy_plateau
941,1.4895634448558974,E2_high_entropy_plateau
942,1.54681220251235,E2_high_entropy_plateau
943,1.5896352076751947,E2_high_entropy_plateau
944,1.6399363424157167,E2_high_entropy_plateau
945,1.6836268435848618,E2_high_entropy_plateau
946,1.7164462682977675,E2_high_entropy_plateau
947,1.7472104408000586,E2_high_entropy_plateau
948,1.761610228551124,E2_high_entropy_plateau
949,1.776081458276077,E2_high_entropy_plateau
950,1.769168630586611,E2_high_entropy_plateau
951,1.7592045978033068,E2_high_entropy_plateau
952,1.7391952850230066,E2_high_entropy_plateau
953,1.7066516853576195,E2_high_entropy_plateau
954,1.6927568280106504,E2_high_entropy_plateau
955,1.656511666204696,E2_high_entropy_plateau
956,1.593262258185577,E2_high_entropy_plateau
957,1.5375851576153963,E2_high_entropy_plateau
958,1.4964564736383403,E2_high_entropy_plateau
959,1.43410050334648,E2_high_entropy_plateau
960,1.3775796359100507,E2_high_entropy_plateau
961,1.3401940099760559,E2_high_entropy_plateau
962,1.2919689859219492,E2_high_entropy_plateau
963,1.2371873504894015,E2_high_entropy_plateau
964,1.1877659031639647,E2_high_entropy_plateau
965,1.1473712535848906,E2_high_entropy_plateau
966,1.1087067388031313,E2_high_entropy_plateau
967,1.0785927420946573,E2_high_entropy_plateau
968,1.0351050744747177,E2_high_entropy_plateau
969,1.0026215215325829,E2_high_entropy_plateau
970,0.9691014089500172,E2_high_entropy_plateau
971,0.9332654635407662,E2_high_entropy_plateau
972,0.8930061856841123,E2_high_entropy_plateau
973,0.8516097630558184,E2_high_entropy_plateau
974,0.8164785310164628,E2_high_entropy_plateau
975,0.7809748187505843,E2_high_entropy_plateau
976,0.752881292899179,E2_high_entropy_plateau
977,0.7243347282820798,E2_high_entropy_plateau
978,0.7003744810707611,E2_high_entropy_plateau
979,0.6694499265988965,E2_high_entropy_plateau
980,0.6398972180494038,E2_high_entropy_plateau
981,0.616009039878735,E2_high_entropy_plateau
982,0.5935689740785568,E2_high_entropy_plateau
983,0.5676677266865715,E2_high_entropy_plateau
984,0.5441632889328174,E2_high_entropy_plateau
985,0.5190992196433992,E2_high_entropy_plateau
986,0.4970647818975982,E2_high_entropy_plateau
987,0.47924850442330946,E2_high_entropy_plateau
988,0.46312611194281317,E2_high_entropy_plateau
989,0.43738484903572594,E2_high_entropy_plateau
990,0.42035135894547615,E2_high_entropy_plateau
991,0.3987454065123277,E2_high_entropy_plateau
992,0.38797053188199193,E2_high_entropy_plateau
993,0.3652949198398092,E2_high_entropy_plateau
994,0.3532116617480696,E2_high_entropy_plateau
995,0.3324712286285152,E2_high_entropy_plateau
996,0.31818866628220377,E2_high_entropy_plateau
997,0.2993459160616059,E2_high_entropy_plateau
998,0.28773166668928596,E2_high_entropy_plateau
999,0.2744268050126317,E2_high_entropy_plateau
1000,0.26101716656082985,E2_high_entropy_plateau
1,3.4228256925590337,E3_low_entropy_baseline_2
2,2.955538847071365,E3_low_entropy_baseline_2
3,2.659882526932427,E3_low_entropy_baseline_2
4,2.4267033008916865,E3_low_entropy_baseline_2
5,2.245710792845691,E3_low_entropy_baseline_2
6,2.0872736400767833,E3_low_entropy_baseline_2
7,1.9393810419931947,E3_low_entropy_baseline_2
8,1.8185022147650685,E3_low_entropy_baseline_2
9,1.7132794467794543,E3_low_entropy_baseline_2
10,1.6157380685899927,E3_low_entropy_baseline_2
11,1.518541746284611,E3_low_entropy_baseline_2
12,1.4347910667708463,E3_low_entropy_baseline_2
13,1.3535066966658373,E3_low_entropy_baseline_2
14,1.2809603537220733,E3_low_entropy_baseline_2
15,1.2163761105201418,E3_low_entropy_baseline_2
16,1.164042828566643,E3_low_entropy_baseline_2
17,1.1093980809487327,E3_low_entropy_baseline_2
18,1.0597863774568852,E3_low_entropy_baseline_2
19,1.014006765771998,E3_low_entropy_baseline_2
20,0.9717491930626432,E3_low_entropy_baseline_2
21,0.9246196098620434,E3_low_entropy_baseline_2
22,0.8782551662617424,E3_low_entropy_baseline_2
23,0.8334451298293217,E3_low_entropy_baseline_2
24,0.7944045714217207,E3_low_entropy_baseline_2
25,0.7562589534496755,E3_low_entropy_baseline_2
26,0.7200479291326083,E3_low_entropy_baseline_2
27,0.6823779148763123,E3_low_entropy_baseline_2
28,0.6512440370828294,E3_low_entropy_baseline_2
29,0.6209778610769661,E3_low_entropy_baseline_2
30,0.5921349584614664,E3_low_entropy_baseline_2
31,0.5652584439283448,E3_low_entropy_baseline_2
32,0.5387015101893988,E3_low_entropy_baseline_2
33,0.5132931488058396,E3_low_entropy_baseline_2
34,0.48965718164316563,E3_low_entropy_baseline_2
35,0.46671880663939813,E3_low_entropy_baseline_2
36,0.4450382803070605,E3_low_entropy_baseline_2
37,0.4234778454249657,E3_low_entropy_baseline_2
38,0.40444005802496186,E3_low_entropy_baseline_2
39,0.38462297286946523,E3_low_entropy_baseline_2
40,0.3671158811442332,E3_low_entropy_baseline_2
41,0.34910630428596967,E3_low_entropy_baseline_2
42,0.3322696766391111,E3_low_entropy_baseline_2
43,0.3173644818996806,E3_low_entropy_baseline_2
44,0.3017190508223315,E3_low_entropy_baseline_2
45,0.2872645404225036,E3_low_entropy_baseline_2
46,0.27388491925511804,E3_low_entropy_baseline_2
47,0.25954142428479265,E3_low_entropy_baseline_2
48,0.24596742610346656,E3_low_entropy_baseline_2
49,0.2330516817746151,E3_low_entropy_baseline_2
50,0.22046890329627455,E3_low_entropy_baseline_2
51,0.20757304041503222,E3_low_entropy_baseline_2
52,0.19606279216196576,E3_low_entropy_baseline_2
53,0.18594221991899484,E3_low_entropy_baseline_2
54,0.1767373877932048,E3_low_entropy_baseline_2
55,0.16746609631635412,E3_low_entropy_baseline_2
56,0.15993365427166673,E3_low_entropy_baseline_2
57,0.15300360158666315,E3_low_entropy_baseline_2
58,0.14790945571575165,E3_low_entropy_baseline_2
59,0.14244379151283582,E3_low_entropy_baseline_2
60,0.13938486247769433,E3_low_entropy_baseline_2
61,0.13412865788690986,E3_low_entropy_baseline_2
62,0.13081064556972244,E3_low_entropy_baseline_2
63,0.12788823204635236,E3_low_entropy_baseline_2
64,0.12544317609584965,E3_low_entropy_baseline_2
65,0.12404884920936698,E3_low_entropy_baseline_2
66,0.12541620896996708,E3_low_entropy_baseline_2
67,0.12556500945505622,E3_low_entropy_baseline_2
68,0.1273800351194252,E3_low_entropy_baseline_2
69,0.13022048827241406,E3_low_entropy_baseline_2
70,0.13265823366205964,E3_low_entropy_baseline_2
71,0.13232131220153942,E3_low_entropy_baseline_2
72,0.1313736187049308,E3_low_entropy_baseline_2
73,0.13131896188297532,E3_low_entropy_baseline_2
74,0.12981003958170945,E3_low_entropy_baseline_2
75,0.13063302529619492,E3_low_entropy_baseline_2
76,0.13344428282359733,E3_low_entropy_baseline_2
77,0.13531315731758742,E3_low_entropy_baseline_2
78,0.13966908639655884,E3_low_entropy_baseline_2
79,0.13993232674425737,E3_low_entropy_baseline_2
80,0.14118514858474285,E3_low_entropy_baseline_2
81,0.14218216306913511,E3_low_entropy_baseline_2
82,0.14153883404940526,E3_low_entropy_baseline_2
83,0.14051119952124758,E3_low_entropy_baseline_2
84,0.13902002207031128,E3_low_entropy_baseline_2
85,0.13725264414516758,E3_low_entropy_baseline_2
86,0.13487827354687365,E3_low_entropy_baseline_2
87,0.13448723580442756,E3_low_entropy_baseline_2
88,0.13126632226871227,E3_low_entropy_baseline_2
89,0.13331549303885915,E3_low_entropy_baseline_2
90,0.13239055585546922,E3_low_entropy_baseline_2
91,0.1313497644928301,E3_low_entropy_baseline_2
92,0.13216991354543683,E3_low_entropy_baseline_2
93,0.13266577253302447,E3_low_entropy_baseline_2
94,0.13359952427841204,E3_low_entropy_baseline_2
95,0.13624431768042733,E3_low_entropy_baseline_2
96,0.13858394618598435,E3_low_entropy_baseline_2
97,0.14404923192859442,E3_low_entropy_baseline_2
98,0.14784727277391507,E3_low_entropy_baseline_2
99,0.1541923778057095,E3_low_entropy_baseline_2
100,0.16238693030007312,E3_low_entropy_baseline_2
101,0.1708605523146387,E3_low_entropy_baseline_2
102,0.17979271893552795,E3_low_entropy_baseline_2
103,0.18929478186698123,E3_low_entropy_baseline_2
104,0.20024133194719607,E3_low_entropy_baseline_2
105,0.21130943149655135,E3_low_entropy_baseline_2
106,0.22426348173094546,E3_low_entropy_baseline_2
107,0.23620394505293163,E3_low_entropy_baseline_2
108,0.250103100192014,E3_low_entropy_baseline_2
109,0.2647267303534875,E3_low_entropy_baseline_2
110,0.27765132901331846,E3_low_entropy_baseline_2
111,0.29261499909274136,E3_low_entropy_baseline_2
112,0.30800299900747063,E3_low_entropy_baseline_2
113,0.3222841259738054,E3_low_entropy_baseline_2
114,0.3387657279630192,E3_low_entropy_baseline_2
115,0.3556542750341283,E3_low_entropy_baseline_2
116,0.37211581366288726,E3_low_entropy_baseline_2
117,0.3908242138228655,E3_low_entropy_baseline_2
118,0.4092345700737132,E3_low_entropy_baseline_2
119,0.4281635572162523,E3_low_entropy_baseline_2
120,0.4481951577450758,E3_low_entropy_baseline_2
121,0.47009781238328063,E3_low_entropy_baseline_2
122,0.49337086913979356,E3_low_entropy_baseline_2
123,0.5157285641551228,E3_low_entropy_baseline_2
124,0.5400800898821849,E3_low_entropy_baseline_2
125,0.5662447352002458,E3_low_entropy_baseline_2
126,0.5924697863447763,E3_low_entropy_baseline_2
127,0.6209432695814057,E3_low_entropy_baseline_2
128,0.6501538277721117,E3_low_entropy_baseline_2
129,0.6790549724356341,E3_low_entropy_baseline_2
130,0.7087420585769433,E3_low_entropy_baseline_2
131,0.7399762942307824,E3_low_entropy_baseline_2
132,0.7721896925377081,E3_low_entropy_baseline_2
133,0.8055733277559156,E3_low_entropy_baseline_2
134,0.8397752030215608,E3_low_entropy_baseline_2
135,0.8758063144746302,E3_low_entropy_baseline_2
136,0.912723501259741,E3_low_entropy_baseline_2
137,0.9501736768884275,E3_low_entropy_baseline_2
138,0.989847593320901,E3_low_entropy_baseline_2
139,1.0309293754899027,E3_low_entropy_baseline_2
140,1.0711173968343433,E3_low_entropy_baseline_2
141,1.1129664337196932,E3_low_entropy_baseline_2
142,1.1552123092574584,E3_low_entropy_baseline_2
143,1.1974952763479703,E3_low_entropy_baseline_2
144,1.2398966168260044,E3_low_entropy_baseline_2
145,1.2806178630543128,E3_low_entropy_baseline_2
146,1.3222338818339434,E3_low_entropy_baseline_2
147,1.3630993424625855,E3_low_entropy_baseline_2
148,1.4002437956885299,E3_low_entropy_baseline_2
149,1.434051924204729,E3_low_entropy_baseline_2
150,1.464845814676469,E3_low_entropy_baseline_2
151,1.4911915643316895,E3_low_entropy_baseline_2
152,1.5088069706094709,E3_low_entropy_baseline_2
153,1.5206187311795265,E3_low_entropy_baseline_2
154,1.5276432691545434,E3_low_entropy_baseline_2
155,1.526844888945714,E3_low_entropy_baseline_2
156,1.5165067641901722,E3_low_entropy_baseline_2
157,1.5024221600299805,E3_low_entropy_baseline_2
158,1.482233322321342,E3_low_entropy_baseline_2
159,1.4527146327499292,E3_low_entropy_baseline_2
160,1.420543805469598,E3_low_entropy_baseline_2
161,1.3817980092076612,E3_low_entropy_baseline_2
162,1.3429242998265192,E3_low_entropy_baseline_2
163,1.3032074215580964,E3_low_entropy_baseline_2
164,1.2624861385467536,E3_low_entropy_baseline_2
165,1.2217476602292114,E3_low_entropy_baseline_2
166,1.1799368368062852,E3_low_entropy_baseline_2
167,1.137919042937929,E3_low_entropy_baseline_2
168,1.0969159487692695,E3_low_entropy_baseline_2
169,1.0567989737613548,E3_low_entropy_baseline_2
170,1.016446697608397,E3_low_entropy_baseline_2
171,0.9767903381076639,E3_low_entropy_baseline_2
172,0.9382139882109151,E3_low_entropy_baseline_2
173,0.9000234115355568,E3_low_entropy_baseline_2
174,0.8637400669663489,E3_low_entropy_baseline_2
175,0.8277361229586768,E3_low_entropy_baseline_2
176,0.7930713874530344,E3_low_entropy_baseline_2
177,0.759566483373991,E3_low_entropy_baseline_2
178,0.7273352885160325,E3_low_entropy_baseline_2
179,0.6956134615763752,E3_low_entropy_baseline_2
180,0.6654333740456426,E3_low_entropy_baseline_2
181,0.6370906336254683,E3_low_entropy_baseline_2
182,0.6090889857696391,E3_low_entropy_baseline_2
183,0.5827857154200347,E3_low_entropy_baseline_2
184,0.557768091689339,E3_low_entropy_baseline_2
185,0.5335032941656852,E3_low_entropy_baseline_2
186,0.5101322446808974,E3_low_entropy_baseline_2
187,0.4877129880365114,E3_low_entropy_baseline_2
188,0.4655560101311691,E3_low_entropy_baseline_2
189,0.4446557642545228,E3_low_entropy_baseline_2
190,0.4237810913559015,E3_low_entropy_baseline_2
191,0.40443118887491103,E3_low_entropy_baseline_2
192,0.3850550554367853,E3_low_entropy_baseline_2
193,0.36595997073048636,E3_low_entropy_baseline_2
194,0.34776400529265317,E3_low_entropy_baseline_2
195,0.32882856015571704,E3_low_entropy_baseline_2
196,0.312349245591502,E3_low_entropy_baseline_2
197,0.29666016448139754,E3_low_entropy_baseline_2
198,0.2814479453645786,E3_low_entropy_baseline_2
199,0.26656826812350154,E3_low_entropy_baseline_2
200,0.25181714990423565,E3_low_entropy_baseline_2
201,0.23756889291450545,E3_low_entropy_baseline_2
202,0.22511136349555727,E3_low_entropy_baseline_2
203,0.2129452504139282,E3_low_entropy_baseline_2
204,0.200923568729106,E3_low_entropy_baseline_2
205,0.1887676015801132,E3_low_entropy_baseline_2
206,0.17860164848324622,E3_low_entropy_baseline_2
207,0.16848848058873678,E3_low_entropy_baseline_2
208,0.1588833124847051,E3_low_entropy_baseline_2
209,0.14936902362376525,E3_low_entropy_baseline_2
210,0.14128646432625658,E3_low_entropy_baseline_2
211,0.1317576088082033,E3_low_entropy_baseline_2
212,0.12297838911181991,E3_low_entropy_baseline_2
213,0.11592999342542498,E3_low_entropy_baseline_2
214,0.10790616458362479,E3_low_entropy_baseline_2
215,0.10049623832713639,E3_low_entropy_baseline_2
216,0.09320114301979654,E3_low_entropy_baseline_2
217,0.08743555737774233,E3_low_entropy_baseline_2
218,0.08152115892829315,E3_low_entropy_baseline_2
219,0.07608193881242808,E3_low_entropy_baseline_2
220,0.06990680358988755,E3_low_entropy_baseline_2
221,0.06431840624733098,E3_low_entropy_baseline_2
222,0.06012134033275629,E3_low_entropy_baseline_2
223,0.0567508070310252,E3_low_entropy_baseline_2
224,0.053183716604342735,E3_low_entropy_baseline_2
225,0.05088552023639625,E3_low_entropy_baseline_2
226,0.04807014759509265,E3_low_entropy_baseline_2
227,0.04605414290920962,E3_low_entropy_baseline_2
228,0.04444052115420405,E3_low_entropy_baseline_2
229,0.04336164380850871,E3_low_entropy_baseline_2
230,0.0425684440759726,E3_low_entropy_baseline_2
231,0.042031930724879984,E3_low_entropy_baseline_2
232,0.04207884613895185,E3_low_entropy_baseline_2
233,0.04293333583879644,E3_low_entropy_baseline_2
234,0.04362141105527506,E3_low_entropy_baseline_2
235,0.04465838116239951,E3_low_entropy_baseline_2
236,0.04615713258677623,E3_low_entropy_baseline_2
237,0.04798278966928926,E3_low_entropy_baseline_2
238,0.050605521758149585,E3_low_entropy_baseline_2
239,0.05400178082972129,E3_low_entropy_baseline_2
240,0.056908136097594486,E3_low_entropy_baseline_2
241,0.060888874711361396,E3_low_entropy_baseline_2
242,0.06463865344342956,E3_low_entropy_baseline_2
243,0.06943451925413324,E3_low_entropy_baseline_2
244,0.07412416891630347,E3_low_entropy_baseline_2
245,0.0785252564583967,E3_low_entropy_baseline_2
246,0.08435216125035971,E3_low_entropy_baseline_2
247,0.0904548715413771,E3_low_entropy_baseline_2
248,0.09759205755529443,E3_low_entropy_baseline_2
249,0.10341198103365734,E3_low_entropy_baseline_2
250,0.11135827996362746,E3_low_entropy_baseline_2
251,0.1179210649570841,E3_low_entropy_baseline_2
252,0.12550245649315794,E3_low_entropy_baseline_2
253,0.13400931769857216,E3_low_entropy_baseline_2
254,0.14221598123231427,E3_low_entropy_baseline_2
255,0.15142283456950167,E3_low_entropy_baseline_2
256,0.16077594201061984,E3_low_entropy_baseline_2
257,0.17097050618481902,E3_low_entropy_baseline_2
258,0.1816738864606906,E3_low_entropy_baseline_2
259,0.1925041877021325,E3_low_entropy_baseline_2
260,0.20397651966537556,E3_low_entropy_baseline_2
261,0.21643420964403237,E3_low_entropy_baseline_2
262,0.22937969858161278,E3_low_entropy_baseline_2
263,0.2424797326215833,E3_low_entropy_baseline_2
264,0.2571595002325733,E3_low_entropy_baseline_2
265,0.2718771384313685,E3_low_entropy_baseline_2
266,0.2865859720792079,E3_low_entropy_baseline_2
267,0.30294908060996395,E3_low_entropy_baseline_2
268,0.3198609575181166,E3_low_entropy_baseline_2
269,0.33672011226456267,E3_low_entropy_baseline_2
270,0.35489729599780695,E3_low_entropy_baseline_2
271,0.3737607431091785,E3_low_entropy_baseline_2
272,0.392831939932635,E3_low_entropy_baseline_2
273,0.41335311722578894,E3_low_entropy_baseline_2
274,0.4342039387997554,E3_low_entropy_baseline_2
275,0.45465768335437406,E3_low_entropy_baseline_2
276,0.4780697955237976,E3_low_entropy_baseline_2
277,0.5005075743248195,E3_low_entropy_baseline_2
278,0.5247569455285994,E3_low_entropy_baseline_2
279,0.5490329743140361,E3_low_entropy_baseline_2
280,0.5751919572353046,E3_low_entropy_baseline_2
281,0.6019662523232805,E3_low_entropy_baseline_2
282,0.6303535640971409,E3_low_entropy_baseline_2
283,0.6609379009288041,E3_low_entropy_baseline_2
284,0.6904439305543324,E3_low_entropy_baseline_2
285,0.7206983053731522,E3_low_entropy_baseline_2
286,0.7523984344686268,E3_low_entropy_baseline_2
287,0.784442467048259,E3_low_entropy_baseline_2
288,0.8188259703023526,E3_low_entropy_baseline_2
289,0.8537192380288214,E3_low_entropy_baseline_2
290,0.889804654105026,E3_low_entropy_baseline_2
291,0.9273890503704711,E3_low_entropy_baseline_2
292,0.9680922550383206,E3_low_entropy_baseline_2
293,1.0099597025971345,E3_low_entropy_baseline_2
294,1.0494427489506375,E3_low_entropy_baseline_2
295,1.0904931450459134,E3_low_entropy_baseline_2
296,1.133590290288752,E3_low_entropy_baseline_2
297,1.17972269441921,E3_low_entropy_baseline_2
298,1.2247488389825243,E3_low_entropy_baseline_2
299,1.2690617369740833,E3_low_entropy_baseline_2
300,1.3145364979677154,E3_low_entropy_baseline_2
301,1.3576831710069364,E3_low_entropy_baseline_2
302,1.3983035213227737,E3_low_entropy_baseline_2
303,1.4356354040308679,E3_low_entropy_baseline_2
304,1.4673323270649679,E3_low_entropy_baseline_2
305,1.4939080256499535,E3_low_entropy_baseline_2
306,1.5157509705882424,E3_low_entropy_baseline_2
307,1.5296359134041095,E3_low_entropy_baseline_2
308,1.5399716317722998,E3_low_entropy_baseline_2
309,1.5462548186513567,E3_low_entropy_baseline_2
310,1.5453093240311766,E3_low_entropy_baseline_2
311,1.5408468359911467,E3_low_entropy_baseline_2
312,1.5275210766051117,E3_low_entropy_baseline_2
313,1.5054033542836738,E3_low_entropy_baseline_2
314,1.4800787997991058,E3_low_entropy_baseline_2
315,1.4429115829485495,E3_low_entropy_baseline_2
316,1.4037379869313495,E3_low_entropy_baseline_2
317,1.3626070009858413,E3_low_entropy_baseline_2
318,1.3204986583369154,E3_low_entropy_baseline_2
319,1.2731025593200744,E3_low_entropy_baseline_2
320,1.2257326587060184,E3_low_entropy_baseline_2
321,1.1785548067413352,E3_low_entropy_baseline_2
322,1.1345870987623883,E3_low_entropy_baseline_2
323,1.0908933834236905,E3_low_entropy_baseline_2
324,1.0491585110817248,E3_low_entropy_baseline_2
325,1.0077877620955098,E3_low_entropy_baseline_2
326,0.9684509366249889,E3_low_entropy_baseline_2
327,0.9319274890089941,E3_low_entropy_baseline_2
328,0.8935954432214936,E3_low_entropy_baseline_2
329,0.8567999725706992,E3_low_entropy_baseline_2
330,0.8237181974411101,E3_low_entropy_baseline_2
331,0.7891970767901295,E3_low_entropy_baseline_2
332,0.7568163212469692,E3_low_entropy_baseline_2
333,0.7249492484319253,E3_low_entropy_baseline_2
334,0.693971103658674,E3_low_entropy_baseline_2
335,0.6648714294084899,E3_low_entropy_baseline_2
336,0.6358610804167757,E3_low_entropy_baseline_2
337,0.6074500833982288,E3_low_entropy_baseline_2
338,0.5793397026470224,E3_low_entropy_baseline_2
339,0.5530177224372848,E3_low_entropy_baseline_2
340,0.5278860518392268,E3_low_entropy_baseline_2
341,0.5032383030082999,E3_low_entropy_baseline_2
342,0.4792951829972658,E3_low_entropy_baseline_2
343,0.45755195068457866,E3_low_entropy_baseline_2
344,0.4364098061484736,E3_low_entropy_baseline_2
345,0.4157684065283167,E3_low_entropy_baseline_2
346,0.39620484589401794,E3_low_entropy_baseline_2
347,0.3763712881091452,E3_low_entropy_baseline_2
348,0.35746663078273766,E3_low_entropy_baseline_2
349,0.338591181944361,E3_low_entropy_baseline_2
350,0.3218989750702512,E3_low_entropy_baseline_2
351,0.3042699318533062,E3_low_entropy_baseline_2
352,0.28739590381227753,E3_low_entropy_baseline_2
353,0.27262835536045316,E3_low_entropy_baseline_2
354,0.2580806396557156,E3_low_entropy_baseline_2
355,0.2437349638858537,E3_low_entropy_baseline_2
356,0.2310140757032828,E3_low_entropy_baseline_2
357,0.21810445494617703,E3_low_entropy_baseline_2
358,0.2064386996948011,E3_low_entropy_baseline_2
359,0.19451665108926264,E3_low_entropy_baseline_2
360,0.18311535412475255,E3_low_entropy_baseline_2
361,0.17163077990118225,E3_low_entropy_baseline_2
362,0.16050871814228707,E3_low_entropy_baseline_2
363,0.15005967206399173,E3_low_entropy_baseline_2
364,0.13950984991141535,E3_low_entropy_baseline_2
365,0.12942076230975808,E3_low_entropy_baseline_2
366,0.12041067917654225,E3_low_entropy_baseline_2
367,0.11216162787901318,E3_low_entropy_baseline_2
368,0.1047443830727115,E3_low_entropy_baseline_2
369,0.09749203504982518,E3_low_entropy_baseline_2
370,0.0915161973882821,E3_low_entropy_baseline_2
371,0.08518087173949507,E3_low_entropy_baseline_2
372,0.07948591739583133,E3_low_entropy_baseline_2
373,0.07387720842261647,E3_low_entropy_baseline_2
374,0.06883155142481812,E3_low_entropy_baseline_2
375,0.06415069023205255,E3_low_entropy_baseline_2
376,0.05999746537490047,E3_low_entropy_baseline_2
377,0.05653460723741066,E3_low_entropy_baseline_2
378,0.05270835440815791,E3_low_entropy_baseline_2
379,0.05010156251867404,E3_low_entropy_baseline_2
380,0.0474297954943399,E3_low_entropy_baseline_2
381,0.04469641467211538,E3_low_entropy_baseline_2
382,0.04294829374373066,E3_low_entropy_baseline_2
383,0.041401041786199855,E3_low_entropy_baseline_2
384,0.040414749593533195,E3_low_entropy_baseline_2
385,0.040457335056133914,E3_low_entropy_baseline_2
386,0.04034461107549614,E3_low_entropy_baseline_2
387,0.040786385197697506,E3_low_entropy_baseline_2
388,0.042448317494423904,E3_low_entropy_baseline_2
389,0.04330454359989844,E3_low_entropy_baseline_2
390,0.04370196722444675,E3_low_entropy_baseline_2
391,0.045760924756193866,E3_low_entropy_baseline_2
392,0.04763920183517012,E3_low_entropy_baseline_2
393,0.050147332735482664,E3_low_entropy_baseline_2
394,0.053096423161585804,E3_low_entropy_baseline_2
395,0.057167245065474326,E3_low_entropy_baseline_2
396,0.060974684545461955,E3_low_entropy_baseline_2
397,0.065298402232294,E3_low_entropy_baseline_2
398,0.0693562794093312,E3_low_entropy_baseline_2
399,0.07434870296355633,E3_low_entropy_baseline_2
400,0.07962319857821587,E3_low_entropy_baseline_2
401,0.08542740580559194,E3_low_entropy_baseline_2
402,0.0911006050437102,E3_low_entropy_baseline_2
403,0.09802087339703114,E3_low_entropy_baseline_2
404,0.10517371754901994,E3_low_entropy_baseline_2
405,0.11211413661959035,E3_low_entropy_baseline_2
406,0.12035507521207034,E3_low_entropy_baseline_2
407,0.1286856028059855,E3_low_entropy_baseline_2
408,0.13822668462752397,E3_low_entropy_baseline_2
409,0.14706805371498,E3_low_entropy_baseline_2
410,0.15669102204232477,E3_low_entropy_baseline_2
411,0.16640781243262737,E3_low_entropy_baseline_2
412,0.1773773249339854,E3_low_entropy_baseline_2
413,0.18918611780005712,E3_low_entropy_baseline_2
414,0.20007533892245633,E3_low_entropy_baseline_2
415,0.2123002461285033,E3_low_entropy_baseline_2
416,0.22548352217595102,E3_low_entropy_baseline_2
417,0.23796495246499205,E3_low_entropy_baseline_2
418,0.2508925715420238,E3_low_entropy_baseline_2
419,0.26548129645030194,E3_low_entropy_baseline_2
420,0.2792174505959233,E3_low_entropy_baseline_2
421,0.29496361353325096,E3_low_entropy_baseline_2
422,0.3108081841934913,E3_low_entropy_baseline_2
423,0.32731850086879355,E3_low_entropy_baseline_2
424,0.34400933248020404,E3_low_entropy_baseline_2
425,0.36144985829979426,E3_low_entropy_baseline_2
426,0.37922944929553104,E3_low_entropy_baseline_2
427,0.39747842817887147,E3_low_entropy_baseline_2
428,0.4167968864833407,E3_low_entropy_baseline_2
429,0.4368993051896197,E3_low_entropy_baseline_2
430,0.4574625166852897,E3_low_entropy_baseline_2
431,0.4795695229914658,E3_low_entropy_baseline_2
432,0.5018473146665228,E3_low_entropy_baseline_2
433,0.525999730080267,E3_low_entropy_baseline_2
434,0.5508875918488583,E3_low_entropy_baseline_2
435,0.5776763753510954,E3_low_entropy_baseline_2
436,0.6025488547040974,E3_low_entropy_baseline_2
437,0.6294242149861162,E3_low_entropy_baseline_2
438,0.6583333197146137,E3_low_entropy_baseline_2
439,0.6873752432327613,E3_low_entropy_baseline_2
440,0.7167558142040082,E3_low_entropy_baseline_2
441,0.7480464031237428,E3_low_entropy_baseline_2
442,0.7803392860385019,E3_low_entropy_baseline_2
443,0.8138565059284408,E3_low_entropy_baseline_2
444,0.8476989694992332,E3_low_entropy_baseline_2
445,0.8834250648783426,E3_low_entropy_baseline_2
446,0.919709987686395,E3_low_entropy_baseline_2
447,0.9580819183281077,E3_low_entropy_baseline_2
448,0.9969349319690277,E3_low_entropy_baseline_2
449,1.0364954838518718,E3_low_entropy_baseline_2
450,1.077272870530682,E3_low_entropy_baseline_2
451,1.1175526050606006,E3_low_entropy_baseline_2
452,1.1605357306642041,E3_low_entropy_baseline_2
453,1.203150874014682,E3_low_entropy_baseline_2
454,1.2466466180689348,E3_low_entropy_baseline_2
455,1.2890261141463162,E3_low_entropy_baseline_2
456,1.3294808652910017,E3_low_entropy_baseline_2
457,1.3684133485683114,E3_low_entropy_baseline_2
458,1.401493064275753,E3_low_entropy_baseline_2
459,1.4298593533238337,E3_low_entropy_baseline_2
460,1.4558911458650865,E3_low_entropy_baseline_2
461,1.4778782510997646,E3_low_entropy_baseline_2
462,1.4972464325718793,E3_low_entropy_baseline_2
463,1.5075974072480909,E3_low_entropy_baseline_2
464,1.5104264261325113,E3_low_entropy_baseline_2
465,1.5038787756182872,E3_low_entropy_baseline_2
466,1.491387434259913,E3_low_entropy_baseline_2
467,1.474096338985838,E3_low_entropy_baseline_2
468,1.4486493875205326,E3_low_entropy_baseline_2
469,1.4184170877789306,E3_low_entropy_baseline_2
470,1.3855390317206435,E3_low_entropy_baseline_2
471,1.3489223592076227,E3_low_entropy_baseline_2
472,1.3095754999567726,E3_low_entropy_baseline_2
473,1.2702191388759525,E3_low_entropy_baseline_2
474,1.227669466684798,E3_low_entropy_baseline_2
475,1.18669278631417,E3_low_entropy_baseline_2
476,1.1451705906562175,E3_low_entropy_baseline_2
477,1.1035435375185143,E3_low_entropy_baseline_2
478,1.0618791057950316,E3_low_entropy_baseline_2
479,1.0238046426547491,E3_low_entropy_baseline_2
480,0.9854714198533658,E3_low_entropy_baseline_2
481,0.9499972751663499,E3_low_entropy_baseline_2
482,0.9130308025469374,E3_low_entropy_baseline_2
483,0.8784823292679871,E3_low_entropy_baseline_2
484,0.8431479383361484,E3_low_entropy_baseline_2
485,0.8100383866708771,E3_low_entropy_baseline_2
486,0.7775742516291562,E3_low_entropy_baseline_2
487,0.7464001722431908,E3_low_entropy_baseline_2
488,0.7159744681444833,E3_low_entropy_baseline_2
489,0.6868879768376273,E3_low_entropy_baseline_2
490,0.6587511356447786,E3_low_entropy_baseline_2
491,0.6313077689401982,E3_low_entropy_baseline_2
492,0.6051295631117073,E3_low_entropy_baseline_2
493,0.5777709563859474,E3_low_entropy_baseline_2
494,0.5517041732060628,E3_low_entropy_baseline_2
495,0.5278390610119015,E3_low_entropy_baseline_2
496,0.5039440199804099,E3_low_entropy_baseline_2
497,0.4817160202780828,E3_low_entropy_baseline_2
498,0.45863870819600283,E3_low_entropy_baseline_2
499,0.43791095404207425,E3_low_entropy_baseline_2
500,0.41854133672539806,E3_low_entropy_baseline_2
501,0.3989770192275701,E3_low_entropy_baseline_2
502,0.37969170107171024,E3_low_entropy_baseline_2
503,0.3609911838432076,E3_low_entropy_baseline_2
504,0.34344458766652863,E3_low_entropy_baseline_2
505,0.32639440445727175,E3_low_entropy_baseline_2
506,0.30889976427331955,E3_low_entropy_baseline_2
507,0.29275359158049596,E3_low_entropy_baseline_2
508,0.27667514737482435,E3_low_entropy_baseline_2
509,0.26333813281195617,E3_low_entropy_baseline_2
510,0.2477829881453335,E3_low_entropy_baseline_2
511,0.23414157734472418,E3_low_entropy_baseline_2
512,0.22063258476585723,E3_low_entropy_baseline_2
513,0.2081516089855997,E3_low_entropy_baseline_2
514,0.1962280108398744,E3_low_entropy_baseline_2
515,0.1841880320637035,E3_low_entropy_baseline_2
516,0.17338813977345247,E3_low_entropy_baseline_2
517,0.16275705839965937,E3_low_entropy_baseline_2
518,0.15280897758772394,E3_low_entropy_baseline_2
519,0.1441653947358228,E3_low_entropy_baseline_2
520,0.1350504110320161,E3_low_entropy_baseline_2
521,0.12633687929802306,E3_low_entropy_baseline_2
522,0.11833657238450623,E3_low_entropy_baseline_2
523,0.11211141228138466,E3_low_entropy_baseline_2
524,0.10375431683675451,E3_low_entropy_baseline_2
525,0.09755350323176604,E3_low_entropy_baseline_2
526,0.09136737103311177,E3_low_entropy_baseline_2
527,0.08567508313213779,E3_low_entropy_baseline_2
528,0.08084454522040918,E3_low_entropy_baseline_2
529,0.07642654874154342,E3_low_entropy_baseline_2
530,0.07156254907082804,E3_low_entropy_baseline_2
531,0.06716091675385805,E3_low_entropy_baseline_2
532,0.06314673968662543,E3_low_entropy_baseline_2
533,0.06044203828999262,E3_low_entropy_baseline_2
534,0.056509962065252495,E3_low_entropy_baseline_2
535,0.05416475740465021,E3_low_entropy_baseline_2
536,0.05257936786028061,E3_low_entropy_baseline_2
537,0.05046039419970949,E3_low_entropy_baseline_2
538,0.04915548124365898,E3_low_entropy_baseline_2
539,0.04750053879663341,E3_low_entropy_baseline_2
540,0.047182648682456474,E3_low_entropy_baseline_2
541,0.047223991717352476,E3_low_entropy_baseline_2
542,0.04685878454821424,E3_low_entropy_baseline_2
543,0.047288331347583146,E3_low_entropy_baseline_2
544,0.04832660636186148,E3_low_entropy_baseline_2
545,0.04927112898297459,E3_low_entropy_baseline_2
546,0.05118593468634902,E3_low_entropy_baseline_2
547,0.05314680538067229,E3_low_entropy_baseline_2
548,0.05558575259040488,E3_low_entropy_baseline_2
549,0.05821270846484161,E3_low_entropy_baseline_2
550,0.06082213876127973,E3_low_entropy_baseline_2
551,0.0642839175017782,E3_low_entropy_baseline_2
552,0.06846868109417414,E3_low_entropy_baseline_2
553,0.07232214072708132,E3_low_entropy_baseline_2
554,0.07584715162643718,E3_low_entropy_baseline_2
555,0.08147757836818847,E3_low_entropy_baseline_2
556,0.0873713400193008,E3_low_entropy_baseline_2
557,0.09417755630391866,E3_low_entropy_baseline_2
558,0.10125605718527453,E3_low_entropy_baseline_2
559,0.10816242420703404,E3_low_entropy_baseline_2
560,0.11632589418395867,E3_low_entropy_baseline_2
561,0.12492690683538665,E3_low_entropy_baseline_2
562,0.1332789977849842,E3_low_entropy_baseline_2
563,0.14254198234568438,E3_low_entropy_baseline_2
564,0.15171058764081113,E3_low_entropy_baseline_2
565,0.16239160834902755,E3_low_entropy_baseline_2
566,0.17332738692699934,E3_low_entropy_baseline_2
567,0.18464766911675845,E3_low_entropy_baseline_2
568,0.1956536409697387,E3_low_entropy_baseline_2
569,0.20683671943789328,E3_low_entropy_baseline_2
570,0.22030942027696288,E3_low_entropy_baseline_2
571,0.23316501942735623,E3_low_entropy_baseline_2
572,0.24710829676748425,E3_low_entropy_baseline_2
573,0.2606360026253105,E3_low_entropy_baseline_2
574,0.27439391139717006,E3_low_entropy_baseline_2
575,0.28850257831319226,E3_low_entropy_baseline_2
576,0.30357982429991015,E3_low_entropy_baseline_2
577,0.320617564152335,E3_low_entropy_baseline_2
578,0.335309958444693,E3_low_entropy_baseline_2
579,0.3533652001569525,E3_low_entropy_baseline_2
580,0.3720124763829693,E3_low_entropy_baseline_2
581,0.3895965563106074,E3_low_entropy_baseline_2
582,0.40945710142450586,E3_low_entropy_baseline_2
583,0.42898644059579727,E3_low_entropy_baseline_2
584,0.4491415949380837,E3_low_entropy_baseline_2
585,0.470421023665482,E3_low_entropy_baseline_2
586,0.4920965093982552,E3_low_entropy_baseline_2
587,0.5141324523976571,E3_low_entropy_baseline_2
588,0.5379706360207326,E3_low_entropy_baseline_2
589,0.5622507357416966,E3_low_entropy_baseline_2
590,0.5863616662506335,E3_low_entropy_baseline_2
591,0.6114474452798513,E3_low_entropy_baseline_2
592,0.6399451416459128,E3_low_entropy_baseline_2
593,0.666997621826992,E3_low_entropy_baseline_2
594,0.6963709448759499,E3_low_entropy_baseline_2
595,0.7257737792314494,E3_low_entropy_baseline_2
596,0.7578118908590143,E3_low_entropy_baseline_2
597,0.7909948197770325,E3_low_entropy_baseline_2
598,0.8252075824090888,E3_low_entropy_baseline_2
599,0.8610085835452912,E3_low_entropy_baseline_2
600,0.8983451514712124,E3_low_entropy_baseline_2
601,0.9371542206763888,E3_low_entropy_baseline_2
602,0.9773926811110956,E3_low_entropy_baseline_2
603,1.0198486706029586,E3_low_entropy_baseline_2
604,1.060722247467778,E3_low_entropy_baseline_2
605,1.100490295013266,E3_low_entropy_baseline_2
606,1.1418068128013221,E3_low_entropy_baseline_2
607,1.1858064891928262,E3_low_entropy_baseline_2
608,1.2304850999207808,E3_low_entropy_baseline_2
609,1.2734263323818267,E3_low_entropy_baseline_2
610,1.317311654111709,E3_low_entropy_baseline_2
611,1.3631232658135852,E3_low_entropy_baseline_2
612,1.4046852578813365,E3_low_entropy_baseline_2
613,1.4411419556534115,E3_low_entropy_baseline_2
614,1.4749014311636781,E3_low_entropy_baseline_2
615,1.504282664587942,E3_low_entropy_baseline_2
616,1.5375837260132457,E3_low_entropy_baseline_2
617,1.5568974948845424,E3_low_entropy_baseline_2
618,1.56758218636753,E3_low_entropy_baseline_2
619,1.569765295879911,E3_low_entropy_baseline_2
620,1.5615587089398195,E3_low_entropy_baseline_2
621,1.5524861829135261,E3_low_entropy_baseline_2
622,1.5317844448780304,E3_low_entropy_baseline_2
623,1.5109316087933058,E3_low_entropy_baseline_2
624,1.4815113626477316,E3_low_entropy_baseline_2
625,1.447028053784921,E3_low_entropy_baseline_2
626,1.4090993791210664,E3_low_entropy_baseline_2
627,1.3700514501657315,E3_low_entropy_baseline_2
628,1.3305197883755273,E3_low_entropy_baseline_2
629,1.2898019956847806,E3_low_entropy_baseline_2
630,1.2436164627002233,E3_low_entropy_baseline_2
631,1.1998934580793863,E3_low_entropy_baseline_2
632,1.1524079702478254,E3_low_entropy_baseline_2
633,1.105530072999123,E3_low_entropy_baseline_2
634,1.0597304114623824,E3_low_entropy_baseline_2
635,1.0166322466214082,E3_low_entropy_baseline_2
636,0.9741530340412945,E3_low_entropy_baseline_2
637,0.9332152416513573,E3_low_entropy_baseline_2
638,0.8944583233682621,E3_low_entropy_baseline_2
639,0.8576392666613533,E3_low_entropy_baseline_2
640,0.8215588152980562,E3_low_entropy_baseline_2
641,0.788845563358513,E3_low_entropy_baseline_2
642,0.755360727116769,E3_low_entropy_baseline_2
643,0.7230818836440287,E3_low_entropy_baseline_2
644,0.6899540037520957,E3_low_entropy_baseline_2
645,0.6587282081231374,E3_low_entropy_baseline_2
646,0.6297502369985688,E3_low_entropy_baseline_2
647,0.6023571419634104,E3_low_entropy_baseline_2
648,0.5753444456922683,E3_low_entropy_baseline_2
649,0.5508656689710563,E3_low_entropy_baseline_2
650,0.5265557099686138,E3_low_entropy_baseline_2
651,0.5025159595803812,E3_low_entropy_baseline_2
652,0.48051414890713673,E3_low_entropy_baseline_2
653,0.4580952799686173,E3_low_entropy_baseline_2
654,0.43670323733313143,E3_low_entropy_baseline_2
655,0.4164204102893301,E3_low_entropy_baseline_2
656,0.39759309231894324,E3_low_entropy_baseline_2
657,0.3787824111323017,E3_low_entropy_baseline_2
658,0.3603084056018462,E3_low_entropy_baseline_2
659,0.3430527897965501,E3_low_entropy_baseline_2
660,0.32603165657764954,E3_low_entropy_baseline_2
661,0.3107728911105436,E3_low_entropy_baseline_2
662,0.29446063434376946,E3_low_entropy_baseline_2
663,0.279000916084847,E3_low_entropy_baseline_2
664,0.2633049690663327,E3_low_entropy_baseline_2
665,0.24888695246714754,E3_low_entropy_baseline_2
666,0.23533692851107446,E3_low_entropy_baseline_2
667,0.22145197711249587,E3_low_entropy_baseline_2
668,0.20863882627562003,E3_low_entropy_baseline_2
669,0.19744413993765964,E3_low_entropy_baseline_2
670,0.18656248951047694,E3_low_entropy_baseline_2
671,0.17665398041034486,E3_low_entropy_baseline_2
672,0.16543639701601265,E3_low_entropy_baseline_2
673,0.15623837154034437,E3_low_entropy_baseline_2
674,0.1471373985587583,E3_low_entropy_baseline_2
675,0.13759543155264176,E3_low_entropy_baseline_2
676,0.12896333585378716,E3_low_entropy_baseline_2
677,0.12130947882764254,E3_low_entropy_baseline_2
678,0.11383970525730014,E3_low_entropy_baseline_2
679,0.1067394001717723,E3_low_entropy_baseline_2
680,0.10055033457643692,E3_low_entropy_baseline_2
681,0.09451751700474365,E3_low_entropy_baseline_2
682,0.08900666647009636,E3_low_entropy_baseline_2
683,0.08393700591582132,E3_low_entropy_baseline_2
684,0.07869615262375618,E3_low_entropy_baseline_2
685,0.07435327784420309,E3_low_entropy_baseline_2
686,0.06978243685917729,E3_low_entropy_baseline_2
687,0.06579824950377144,E3_low_entropy_baseline_2
688,0.06225717675860487,E3_low_entropy_baseline_2
689,0.05957119972397962,E3_low_entropy_baseline_2
690,0.05720434323648327,E3_low_entropy_baseline_2
691,0.055102859747862,E3_low_entropy_baseline_2
692,0.053489728092471545,E3_low_entropy_baseline_2
693,0.05223550713935854,E3_low_entropy_baseline_2
694,0.05185261471650371,E3_low_entropy_baseline_2
695,0.05162850305829192,E3_low_entropy_baseline_2
696,0.05195683469887147,E3_low_entropy_baseline_2
697,0.052926891876238,E3_low_entropy_baseline_2
698,0.05367495803407518,E3_low_entropy_baseline_2
699,0.054969506479522146,E3_low_entropy_baseline_2
700,0.05708703319095498,E3_low_entropy_baseline_2
701,0.058691519703440775,E3_low_entropy_baseline_2
702,0.0608442825725497,E3_low_entropy_baseline_2
703,0.06308888236402055,E3_low_entropy_baseline_2
704,0.0655740731015646,E3_low_entropy_baseline_2
705,0.06918451231189415,E3_low_entropy_baseline_2
706,0.07400779857330342,E3_low_entropy_baseline_2
707,0.07658846841027689,E3_low_entropy_baseline_2
708,0.08090530800076046,E3_low_entropy_baseline_2
709,0.08501807608425516,E3_low_entropy_baseline_2
710,0.0894122418104617,E3_low_entropy_baseline_2
711,0.09508424751860556,E3_low_entropy_baseline_2
712,0.10057563445050732,E3_low_entropy_baseline_2
713,0.10640419924524291,E3_low_entropy_baseline_2
714,0.11332320563443332,E3_low_entropy_baseline_2
715,0.12024541667552135,E3_low_entropy_baseline_2
716,0.12789536033924875,E3_low_entropy_baseline_2
717,0.1357748562573624,E3_low_entropy_baseline_2
718,0.1445130737594189,E3_low_entropy_baseline_2
719,0.15393246688170592,E3_low_entropy_baseline_2
720,0.163094361273739,E3_low_entropy_baseline_2
721,0.1721621563773592,E3_low_entropy_baseline_2
722,0.18233593436983497,E3_low_entropy_baseline_2
723,0.19270740128434305,E3_low_entropy_baseline_2
724,0.2044909782807185,E3_low_entropy_baseline_2
725,0.21564570483238477,E3_low_entropy_baseline_2
726,0.22821104373271694,E3_low_entropy_baseline_2
727,0.24154410436535834,E3_low_entropy_baseline_2
728,0.25500425197625276,E3_low_entropy_baseline_2
729,0.2695357673588932,E3_low_entropy_baseline_2
730,0.2841437841023362,E3_low_entropy_baseline_2
731,0.29953880392807797,E3_low_entropy_baseline_2
732,0.3155480111062854,E3_low_entropy_baseline_2
733,0.33334680116650883,E3_low_entropy_baseline_2
734,0.35049849258025034,E3_low_entropy_baseline_2
735,0.3690913747868052,E3_low_entropy_baseline_2
736,0.3889004147751658,E3_low_entropy_baseline_2
737,0.40956992414884397,E3_low_entropy_baseline_2
738,0.42942669910125186,E3_low_entropy_baseline_2
739,0.45003480676089147,E3_low_entropy_baseline_2
740,0.4722523696284693,E3_low_entropy_baseline_2
741,0.49497616105059095,E3_low_entropy_baseline_2
742,0.5167311591218979,E3_low_entropy_baseline_2
743,0.5390160596532709,E3_low_entropy_baseline_2
744,0.563592692957215,E3_low_entropy_baseline_2
745,0.5876340682020809,E3_low_entropy_baseline_2
746,0.614111484305675,E3_low_entropy_baseline_2
747,0.6414234001730934,E3_low_entropy_baseline_2
748,0.6701954303987758,E3_low_entropy_baseline_2
749,0.7008213045017069,E3_low_entropy_baseline_2
750,0.7318082974860323,E3_low_entropy_baseline_2
751,0.763804443270816,E3_low_entropy_baseline_2
752,0.7966792647768326,E3_low_entropy_baseline_2
753,0.8311474786197612,E3_low_entropy_baseline_2
754,0.8657476716172452,E3_low_entropy_baseline_2
755,0.9034323627892231,E3_low_entropy_baseline_2
756,0.9415012434801842,E3_low_entropy_baseline_2
757,0.9800674337153676,E3_low_entropy_baseline_2
758,1.0163579602003194,E3_low_entropy_baseline_2
759,1.0539392794437603,E3_low_entropy_baseline_2
760,1.094009902817894,E3_low_entropy_baseline_2
761,1.135239609289136,E3_low_entropy_baseline_2
762,1.175482897505331,E3_low_entropy_baseline_2
763,1.2125754915981162,E3_low_entropy_baseline_2
764,1.2516035426225,E3_low_entropy_baseline_2
765,1.2897672568706717,E3_low_entropy_baseline_2
766,1.3275018703146602,E3_low_entropy_baseline_2
767,1.3638849275528298,E3_low_entropy_baseline_2
768,1.3996196081735457,E3_low_entropy_baseline_2
769,1.4323636003770153,E3_low_entropy_baseline_2
770,1.459008486756824,E3_low_entropy_baseline_2
771,1.4822413674359147,E3_low_entropy_baseline_2
772,1.4981934026043175,E3_low_entropy_baseline_2
773,1.5077280279057188,E3_low_entropy_baseline_2
774,1.5137725403337612,E3_low_entropy_baseline_2
775,1.5065738468321843,E3_low_entropy_baseline_2
776,1.4921087316330848,E3_low_entropy_baseline_2
777,1.4743161029800964,E3_low_entropy_baseline_2
778,1.4472829128282036,E3_low_entropy_baseline_2
779,1.4147750443703861,E3_low_entropy_baseline_2
780,1.3783414425626308,E3_low_entropy_baseline_2
781,1.339751299720561,E3_low_entropy_baseline_2
782,1.3003362339950488,E3_low_entropy_baseline_2
783,1.2578446080270584,E3_low_entropy_baseline_2
784,1.2175674592141537,E3_low_entropy_baseline_2
785,1.1777083754558948,E3_low_entropy_baseline_2
786,1.1377969184875516,E3_low_entropy_baseline_2
787,1.0983613963938659,E3_low_entropy_baseline_2
788,1.0571207245940277,E3_low_entropy_baseline_2
789,1.0173051439158538,E3_low_entropy_baseline_2
790,0.9788071215055707,E3_low_entropy_baseline_2
791,0.940946342668104,E3_low_entropy_baseline_2
792,0.9042842290281348,E3_low_entropy_baseline_2
793,0.8685421889972771,E3_low_entropy_baseline_2
794,0.8339194539261259,E3_low_entropy_baseline_2
795,0.7996874019584608,E3_low_entropy_baseline_2
796,0.76614686136271,E3_low_entropy_baseline_2
797,0.735493676210643,E3_low_entropy_baseline_2
798,0.7043911276652404,E3_low_entropy_baseline_2
799,0.6737979342402687,E3_low_entropy_baseline_2
800,0.6455954302563764,E3_low_entropy_baseline_2
801,0.6183583884057144,E3_low_entropy_baseline_2
802,0.5915999415345343,E3_low_entropy_baseline_2
803,0.5650148764354208,E3_low_entropy_baseline_2
804,0.5408717950969475,E3_low_entropy_baseline_2
805,0.5165447739964,E3_low_entropy_baseline_2
806,0.49393085593428143,E3_low_entropy_baseline_2
807,0.4733762467311191,E3_low_entropy_baseline_2
808,0.4527377889010724,E3_low_entropy_baseline_2
809,0.4318980878215104,E3_low_entropy_baseline_2
810,0.41240279816496805,E3_low_entropy_baseline_2
811,0.3939209278939302,E3_low_entropy_baseline_2
812,0.3769215766830447,E3_low_entropy_baseline_2
813,0.3600107737116849,E3_low_entropy_baseline_2
814,0.3442914658942948,E3_low_entropy_baseline_2
815,0.328893075680627,E3_low_entropy_baseline_2
816,0.31331408705909425,E3_low_entropy_baseline_2
817,0.29697723293824296,E3_low_entropy_baseline_2
818,0.2827558152301908,E3_low_entropy_baseline_2
819,0.26843884520170747,E3_low_entropy_baseline_2
820,0.25385273983479806,E3_low_entropy_baseline_2
821,0.24050008968164605,E3_low_entropy_baseline_2
822,0.2274896026913087,E3_low_entropy_baseline_2
823,0.21471344983228757,E3_low_entropy_baseline_2
824,0.20176608257628992,E3_low_entropy_baseline_2
825,0.18992449431457548,E3_low_entropy_baseline_2
826,0.17927370541780885,E3_low_entropy_baseline_2
827,0.1684857382412268,E3_low_entropy_baseline_2
828,0.1586357065982238,E3_low_entropy_baseline_2
829,0.14890319021979082,E3_low_entropy_baseline_2
830,0.13866648582986585,E3_low_entropy_baseline_2
831,0.13078165212810955,E3_low_entropy_baseline_2
832,0.12449373267553732,E3_low_entropy_baseline_2
833,0.11586332997289084,E3_low_entropy_baseline_2
834,0.10906146843758435,E3_low_entropy_baseline_2
835,0.10195745939955181,E3_low_entropy_baseline_2
836,0.09502248164846883,E3_low_entropy_baseline_2
837,0.08900764093683478,E3_low_entropy_baseline_2
838,0.08395267693806474,E3_low_entropy_baseline_2
839,0.08015270799949104,E3_low_entropy_baseline_2
840,0.07514571246514468,E3_low_entropy_baseline_2
841,0.07089605435072777,E3_low_entropy_baseline_2
842,0.06632079312718364,E3_low_entropy_baseline_2
843,0.06370940685877624,E3_low_entropy_baseline_2
844,0.06274039038759138,E3_low_entropy_baseline_2
845,0.06022273834771674,E3_low_entropy_baseline_2
846,0.05820851218078893,E3_low_entropy_baseline_2
847,0.05756433607712097,E3_low_entropy_baseline_2
848,0.057770636928506036,E3_low_entropy_baseline_2
849,0.0571951132341173,E3_low_entropy_baseline_2
850,0.05705765089909676,E3_low_entropy_baseline_2
851,0.05641527830320747,E3_low_entropy_baseline_2
852,0.055472935860835015,E3_low_entropy_baseline_2
853,0.054583772453577595,E3_low_entropy_baseline_2
854,0.05516207056069433,E3_low_entropy_baseline_2
855,0.05686021681522657,E3_low_entropy_baseline_2
856,0.05842635079238079,E3_low_entropy_baseline_2
857,0.05983496238491082,E3_low_entropy_baseline_2
858,0.06172931049353991,E3_low_entropy_baseline_2
859,0.06295711907426949,E3_low_entropy_baseline_2
860,0.06591739568695676,E3_low_entropy_baseline_2
861,0.06850317111127513,E3_low_entropy_baseline_2
862,0.07141418882217998,E3_low_entropy_baseline_2
863,0.0756930933953992,E3_low_entropy_baseline_2
864,0.07976629017948511,E3_low_entropy_baseline_2
865,0.08475487013595373,E3_low_entropy_baseline_2
866,0.0902606895246123,E3_low_entropy_baseline_2
867,0.09532250272264875,E3_low_entropy_baseline_2
868,0.10197242128889705,E3_low_entropy_baseline_2
869,0.10854288601823825,E3_low_entropy_baseline_2
870,0.11559414862047213,E3_low_entropy_baseline_2
871,0.12403108758978743,E3_low_entropy_baseline_2
872,0.13224563160902925,E3_low_entropy_baseline_2
873,0.14222720253750865,E3_low_entropy_baseline_2
874,0.15083553063629918,E3_low_entropy_baseline_2
875,0.1605510827106187,E3_low_entropy_baseline_2
876,0.17142284975316713,E3_low_entropy_baseline_2
877,0.18149793322677255,E3_low_entropy_baseline_2
878,0.19284377109476125,E3_low_entropy_baseline_2
879,0.20496959942680615,E3_low_entropy_baseline_2
880,0.21678695232821887,E3_low_entropy_baseline_2
881,0.23038463809440568,E3_low_entropy_baseline_2
882,0.2428944415483283,E3_low_entropy_baseline_2
883,0.2565401766553812,E3_low_entropy_baseline_2
884,0.2723253292134862,E3_low_entropy_baseline_2
885,0.2875035278443354,E3_low_entropy_baseline_2
886,0.3024585881195172,E3_low_entropy_baseline_2
887,0.31945096619547986,E3_low_entropy_baseline_2
888,0.3365858273309259,E3_low_entropy_baseline_2
889,0.3550362709150985,E3_low_entropy_baseline_2
890,0.37344840595841244,E3_low_entropy_baseline_2
891,0.39297433193667075,E3_low_entropy_baseline_2
892,0.4118973953138383,E3_low_entropy_baseline_2
893,0.4326324791161049,E3_low_entropy_baseline_2
894,0.4556623667788564,E3_low_entropy_baseline_2
895,0.47740904354753244,E3_low_entropy_baseline_2
896,0.5006796412514136,E3_low_entropy_baseline_2
897,0.5249197794345521,E3_low_entropy_baseline_2
898,0.5494302812613183,E3_low_entropy_baseline_2
899,0.5745897079430069,E3_low_entropy_baseline_2
900,0.60273213708005,E3_low_entropy_baseline_2
901,0.6286093831610966,E3_low_entropy_baseline_2
902,0.6558119234565698,E3_low_entropy_baseline_2
903,0.6850054457439771,E3_low_entropy_baseline_2
904,0.7152720189292552,E3_low_entropy_baseline_2
905,0.7464257698493837,E3_low_entropy_baseline_2
906,0.7788438405673306,E3_low_entropy_baseline_2
907,0.8127816870676519,E3_low_entropy_baseline_2
908,0.8457027789634122,E3_low_entropy_baseline_2
909,0.8809001410823818,E3_low_entropy_baseline_2
910,0.9178017100442073,E3_low_entropy_baseline_2
911,0.9543624585817847,E3_low_entropy_baseline_2
912,0.9939820817148162,E3_low_entropy_baseline_2
913,1.0350260649217908,E3_low_entropy_baseline_2
914,1.0746537626289676,E3_low_entropy_baseline_2
915,1.1155955718341541,E3_low_entropy_baseline_2
916,1.1595762026340433,E3_low_entropy_baseline_2
917,1.2049747315182078,E3_low_entropy_baseline_2
918,1.248105058458087,E3_low_entropy_baseline_2
919,1.2941132955768024,E3_low_entropy_baseline_2
920,1.3415819926133707,E3_low_entropy_baseline_2
921,1.3868012607463207,E3_low_entropy_baseline_2
922,1.4292295066959158,E3_low_entropy_baseline_2
923,1.4707191969988118,E3_low_entropy_baseline_2
924,1.5057069870768567,E3_low_entropy_baseline_2
925,1.5374619217258454,E3_low_entropy_baseline_2
926,1.5544177339700855,E3_low_entropy_baseline_2
927,1.556725275969156,E3_low_entropy_baseline_2
928,1.5559581984878275,E3_low_entropy_baseline_2
929,1.5581374794812923,E3_low_entropy_baseline_2
930,1.5458125850380942,E3_low_entropy_baseline_2
931,1.5277569215886153,E3_low_entropy_baseline_2
932,1.5052716980708114,E3_low_entropy_baseline_2
933,1.4759099458899119,E3_low_entropy_baseline_2
934,1.4431855249824235,E3_low_entropy_baseline_2
935,1.4094935247828406,E3_low_entropy_baseline_2
936,1.3695095166403624,E3_low_entropy_baseline_2
937,1.328960976947931,E3_low_entropy_baseline_2
938,1.2870371065325648,E3_low_entropy_baseline_2
939,1.2453388428702956,E3_low_entropy_baseline_2
940,1.2042137795660803,E3_low_entropy_baseline_2
941,1.162541919015208,E3_low_entropy_baseline_2
942,1.1195995283992328,E3_low_entropy_baseline_2
943,1.0754161841241494,E3_low_entropy_baseline_2
944,1.033727966438044,E3_low_entropy_baseline_2
945,0.9947649223029789,E3_low_entropy_baseline_2
946,0.9583718419785932,E3_low_entropy_baseline_2
947,0.9244112339569073,E3_low_entropy_baseline_2
948,0.886440540310109,E3_low_entropy_baseline_2
949,0.8515714351165187,E3_low_entropy_baseline_2
950,0.8159980907344764,E3_low_entropy_baseline_2
951,0.7808569484903902,E3_low_entropy_baseline_2
952,0.7464035692554329,E3_low_entropy_baseline_2
953,0.7137451283463081,E3_low_entropy_baseline_2
954,0.6830173425783741,E3_low_entropy_baseline_2
955,0.6551230170063551,E3_low_entropy_baseline_2
956,0.6254691969541648,E3_low_entropy_baseline_2
957,0.5951586181741835,E3_low_entropy_baseline_2
958,0.5668965521746747,E3_low_entropy_baseline_2
959,0.5412953428939309,E3_low_entropy_baseline_2
960,0.5173200705450176,E3_low_entropy_baseline_2
961,0.49280488459265026,E3_low_entropy_baseline_2
962,0.4691582851571292,E3_low_entropy_baseline_2
963,0.446552556623538,E3_low_entropy_baseline_2
964,0.42650356102736886,E3_low_entropy_baseline_2
965,0.4066780962622021,E3_low_entropy_baseline_2
966,0.38771354979564965,E3_low_entropy_baseline_2
967,0.368235712970014,E3_low_entropy_baseline_2
968,0.34968114325074406,E3_low_entropy_baseline_2
969,0.3314313752216549,E3_low_entropy_baseline_2
970,0.3148662743480388,E3_low_entropy_baseline_2
971,0.29893649880257467,E3_low_entropy_baseline_2
972,0.28353229605070673,E3_low_entropy_baseline_2
973,0.2690445774497414,E3_low_entropy_baseline_2
974,0.2550273530425091,E3_low_entropy_baseline_2
975,0.24246321802767223,E3_low_entropy_baseline_2
976,0.2288669477506069,E3_low_entropy_baseline_2
977,0.21571376106180384,E3_low_entropy_baseline_2
978,0.20346159007770837,E3_low_entropy_baseline_2
979,0.19196430037754464,E3_low_entropy_baseline_2
980,0.1811410892243206,E3_low_entropy_baseline_2
981,0.16983681132978568,E3_low_entropy_baseline_2
982,0.1599760936101582,E3_low_entropy_baseline_2
983,0.15020983714098435,E3_low_entropy_baseline_2
984,0.14076797142828124,E3_low_entropy_baseline_2
985,0.13155412625690044,E3_low_entropy_baseline_2
986,0.12192847927758166,E3_low_entropy_baseline_2
987,0.11456635376234114,E3_low_entropy_baseline_2
988,0.10718539613738542,E3_low_entropy_baseline_2
989,0.10056793534299402,E3_low_entropy_baseline_2
990,0.09475073803872203,E3_low_entropy_baseline_2
991,0.08808258200776109,E3_low_entropy_baseline_2
992,0.08285543117395733,E3_low_entropy_baseline_2
993,0.07761544125977604,E3_low_entropy_baseline_2
994,0.07257506631948907,E3_low_entropy_baseline_2
995,0.06827007423214226,E3_low_entropy_baseline_2
996,0.06504954722526612,E3_low_entropy_baseline_2
997,0.06178180052329285,E3_low_entropy_baseline_2
998,0.05890228364625649,E3_low_entropy_baseline_2
999,0.056654659653753825,E3_low_entropy_baseline_2
1000,0.05475597716351821,E3_low_entropy_baseline_2
