dt,two_grid_error_inf_median
0.005,3.263842429775121e-06
0.01,1.3055061559352765e-05
0.02,5.221778095976237e-05
0.04,0.00020885140161771426
