{
  "dt": 0.005,
  "figure": "/mnt/ironwolf/git/Void_Unity_Proofs/Derivation/code/outputs/figures/rd_conservation/20251006_072251_fixed_dt_deltaS_compare.png",
  "summaries": {
    "dg_rd": {
      "D": 1.0,
      "N": 128,
      "dt": 0.005,
      "dx": 1.0,
      "max_abs_delta_S": 0.0005859276600053143,
      "mean_abs_delta_S": 0.00047002940414341,
      "median_abs_delta_S": 0.0004683264360603734,
      "r": 0.2,
      "u": 0.25
    },
    "euler": {
      "D": 1.0,
      "N": 128,
      "dt": 0.005,
      "dx": 1.0,
      "max_abs_delta_S": 0.0005832648193782042,
      "mean_abs_delta_S": 0.00046697510786874454,
      "median_abs_delta_S": 0.00046532346804267766,
      "r": 0.2,
      "u": 0.25
    },
    "strang": {
      "D": 1.0,
      "N": 128,
      "dt": 0.005,
      "dx": 1.0,
      "max_abs_delta_S": 0.0005859321766673586,
      "mean_abs_delta_S": 0.0004700348740142163,
      "median_abs_delta_S": 0.00046833186757810896,
      "r": 0.2,
      "u": 0.25
    }
  }
}