{
  "dt": [
    0.005,
    0.01,
    0.02,
    0.04
  ],
  "fit": {
    "R2": 0.997001114574403,
    "slope": 0.18033646326437686
  },
  "max_abs_residual": [
    4.54003423139677,
    5.227531584321184,
    5.917393603107241,
    6.608001696003015
  ],
  "scheme": "euler"
}