{
  "R2": 0.9998410200843351,
  "dt": [
    0.05,
    0.025,
    0.0125,
    0.00625
  ],
  "expected_slope": 4.0,
  "failed": false,
  "figure": "/mnt/ironwolf/git/Void_Unity_Proofs/Derivation/code/outputs/figures/rd_conservation/20251006_072249_reaction_two_grid_convergence.png",
  "metric": "global_two_grid_reaction_rk4",
  "slope": 3.916091275720303,
  "two_grid_error": [
    3.790634472977672e-12,
    2.3658852654762086e-13,
    1.532107773982716e-14,
    1.1102230246251565e-15
  ]
}