{
  "dt": [
    0.005,
    0.01,
    0.02,
    0.04
  ],
  "expected_slope": 3.0,
  "failed": false,
  "fit": {
    "R2": 0.9999678471211297,
    "slope": 2.9421954773488714
  },
  "scheme": "dg_rd",
  "two_grid_error_inf_med": [
    1.382591568316327e-08,
    1.0866197223263763e-07,
    8.392670755238973e-07,
    6.26686023491585e-06
  ]
}