dt,max_abs_residual
0.005,4.54003423139677
0.01,5.227531584321184
0.02,5.917393603107241
0.04,6.608001696003015
