{
  "expected_slope": 2.0,
  "fit": {
    "R2": 0.9999999998665895,
    "slope": 1.999921670815621
  },
  "gate": "objAB_residual_vs_dt",
  "passes": {
    "slope_close_and_R2": true
  }
}