dt,two_grid_error_inf_median
0.005,1.382591568316327e-08
0.01,1.0866197223263763e-07
0.02,8.392670755238973e-07
0.04,6.26686023491585e-06
