{
  "dt": [
    0.005,
    0.01,
    0.02,
    0.04
  ],
  "expected_slope": 2.0,
  "failed": false,
  "fit": {
    "R2": 0.9999999998665895,
    "slope": 1.999921670815621
  },
  "scheme": "euler",
  "two_grid_error_inf_med": [
    3.263842429775121e-06,
    1.3055061559352765e-05,
    5.221778095976237e-05,
    0.00020885140161771426
  ]
}