dt,max_abs_Q_drift,domain_violations
0.02,7.571165916431255e-13,0
0.01,2.7144952952085077e-14,0
0.005,3.991251773527438e-14,0
