dt,two_grid_error
0.05,3.790634472977672e-12
0.025,2.3658852654762086e-13
0.0125,1.532107773982716e-14
0.00625,1.1102230246251565e-15
