{
  "R2": 0.9999678471211297,
  "dt": [
    0.005,
    0.01,
    0.02,
    0.04
  ],
  "expected_slope": 3.0,
  "figure": "/mnt/ironwolf/git/Void_Unity_Proofs/derivation/code/outputs/figures/rd_conservation/20251006_072250_residual_vs_dt.png",
  "metric": "two_grid_error_inf_median",
  "order_p": 1,
  "slope": 2.9421954773488714,
  "two_grid_error_inf_med": [
    1.382591568316327e-08,
    1.0866197223263763e-07,
    8.392670755238973e-07,
    6.26686023491585e-06
  ]
}