{
  "cas": {
    "coeffs": {
      "a0": -0.11981195843466279,
      "a1": -0.41852671100629474,
      "a2": 0.49382068748536756,
      "b1": -0.2848893698816234,
      "b2": 0.23227074265713948,
      "b4": -0.6568941805464064
    },
    "cond_est": 62.62344511911084,
    "singular_values": [
      60.564206385890714,
      12.145527911417696,
      5.615190420161988,
      1.4674060578930874,
      1.0436345774891693,
      0.9671171279493899
    ],
    "sv_max": 60.564206385890714,
    "sv_min": 0.9671171279493899
  },
  "relative_sigma": 0.01596846034417275
}