{
  "theory": "Fisher-KPP front speed c=2*sqrt(D*r)",
  "params": {
    "N": 512,
    "L": 200.0,
    "D": 1.0,
    "r": 0.25,
    "T": 60.0,
    "cfl": 0.2,
    "seed": 42,
    "level": 0.5,
    "x0": -60.0,
    "fit_start": 0.15,
    "fit_end": 0.6,
    "noise_amp": 0.0
  },
  "metrics": {
    "c_meas": 0.8306816935095341,
    "c_abs": 0.8306816935095341,
    "c_sign": 1.0,
    "c_th": 1.0,
    "rel_err": 0.16931830649029653,
    "r2": 0.999006554874524,
    "dx": 0.390625,
    "dt": 0.015255530129672006,
    "steps": 3933,
    "elapsed_sec": 0.05892157554626465,
    "acceptance_rel_err": 0.05,
    "passed": false,
    "c_meas_grad": 0.8434193894617171,
    "c_abs_grad": 0.8434193894617171,
    "rel_err_grad": 0.15658061053812627,
    "r2_grad": 0.9993217442454754
  },
  "outputs": {
    "figure": "C:\\git\\Prometheus_VDM\\Prometheus_FUVDM\\derivation\\code\\outputs\\figures\\rd_front_speed_experiment_20250820T105502Z.png"
  },
  "timestamp": "2025-08-20T10:55:03Z"
}