tick,kT,phi_mean,phi_var,mean_degree,max_degree,n_active,n_warm,n_walkers_emitted,n_condensed_bonds,bonds_total,n_computed,active_fraction,warm_fraction,walker_fraction,condensed_fraction_directed
0,0.0004625283000233869,0.8218695645577302,0.04173187378064048,20.952,26,0,0,0,0,10476,488,0.0,0.0,0.0,0.0
1,0.0013535257944326084,0.8506203903707257,0.04013725938326742,20.952,26,657,263,881,0,10476,920,0.657,0.263,0.881,0.0
2,0.002599066192643105,0.8882078062355606,0.050139509859031664,20.952,26,667,253,1118,0,10476,920,0.667,0.253,1.118,0.0
3,0.001574371309850648,0.9100994581258226,0.0679457900623086,20.952,26,629,271,911,0,10476,900,0.629,0.271,0.911,0.0
4,0.00028457235129593437,0.8982088316432418,0.0881831658334645,20.952,26,384,363,454,0,10476,797,0.384,0.363,0.454,0.0
5,0.0002208624973572382,0.8955677748884957,0.0921870398739514,20.952,26,140,190,920,0,10476,334,0.14,0.19,0.92,0.0
6,4.496713218823619e-06,0.8952663271823141,0.09189224572686008,20.952,26,128,184,403,0,10476,312,0.128,0.184,0.403,0.0
7,6.746887263222936e-06,0.8956409581070061,0.09106267873442052,20.952,26,51,193,265,0,10476,389,0.051,0.193,0.265,0.0
8,8.662446506967296e-06,0.8960028357794779,0.09027716393945116,20.952,26,84,244,464,0,10476,378,0.084,0.244,0.464,0.0
9,6.808790057666032e-06,0.8965111223630949,0.08948117646751853,20.952,26,100,228,793,0,10476,378,0.1,0.228,0.793,0.0
10,3.01078653542758e-06,0.8967831424029501,0.08907238957747947,20.952,26,94,257,536,0,10476,402,0.094,0.257,0.536,0.0
11,1.6792987977944567e-06,0.8967540362123688,0.08918670672091668,20.952,26,95,280,844,0,10476,428,0.095,0.28,0.844,0.0
12,2.9383623960940046e-06,0.8964894024983564,0.08951025305608047,20.952,26,99,277,529,43,10476,449,0.099,0.277,0.529,0.0020523100420007634
13,4.399730547708429e-06,0.8963167372650813,0.08947537935080371,20.952,26,117,313,697,157,10476,465,0.117,0.313,0.697,0.00749331806032837
14,3.713556705493059e-06,0.8963385487920696,0.08897027657257689,20.952,26,93,299,873,241,10476,449,0.093,0.299,0.873,0.011502481863306605
15,2.4412699096907764e-06,0.8964812153326077,0.08860681128451652,20.952,26,108,343,580,499,10476,499,0.108,0.343,0.58,0.02381634211531119
16,3.7946821381458837e-06,0.8964803501838929,0.08844789587455805,20.952,26,120,390,523,1040,10476,538,0.12,0.39,0.523,0.049637266132111495
17,4.8023931548791155e-06,0.8966246285759168,0.08806907134838157,20.952,26,100,333,1330,1298,10476,522,0.1,0.333,1.33,0.061951126384116074
18,4.49076201578115e-06,0.8966033361906589,0.08780689252647272,20.952,26,88,246,2273,1469,10476,460,0.088,0.246,2.273,0.07011263841160749
19,3.436048087152987e-06,0.8966343963623153,0.08754593533927645,20.952,26,79,219,1124,1567,10476,454,0.079,0.219,1.124,0.07478999618174875
20,3.1429214285271897e-06,0.8965751724449982,0.08744464693756114,20.952,26,67,204,661,1657,10476,429,0.067,0.204,0.661,0.07908552882779687
21,5.958955234356832e-06,0.8964239356391625,0.08758936796138335,20.952,26,78,241,527,1954,10476,445,0.078,0.241,0.527,0.09326078655975563
22,8.30238534490404e-06,0.8964765134788042,0.08737680380713891,20.952,26,81,249,587,2303,10476,456,0.081,0.249,0.587,0.10991790759831997
23,6.8164207569831045e-06,0.8964769004760428,0.08715707308614358,20.95,26,82,220,1204,2556,10475,441,0.082,0.22,1.204,0.12200477326968974
24,5.938600715894475e-06,0.8965286059368834,0.08709340981192924,20.942,26,102,239,801,2985,10471,473,0.102,0.239,0.801,0.1425365294623245
25,6.85901539686408e-06,0.8964466669292271,0.08717626711784474,20.926,26,90,209,719,3333,10463,455,0.09,0.209,0.719,0.15927554238746058
26,5.123095477729933e-06,0.8963942147998887,0.08727842733215635,20.916,26,88,236,996,3770,10458,458,0.088,0.236,0.996,0.18024478867852362
27,4.756436552964412e-06,0.8964492072040058,0.087331967943895,20.89,26,97,234,1418,3959,10445,458,0.097,0.234,1.418,0.18951651507898515
28,4.868440935715038e-06,0.8965038328884734,0.08729005878502691,20.858,26,86,241,866,4222,10429,457,0.086,0.241,0.866,0.2024163390545594
29,4.0663493699837705e-06,0.8964461581118885,0.08731573737219293,20.854,26,97,239,862,4337,10427,470,0.097,0.239,0.862,0.20796969406348903
30,3.790437460118902e-06,0.8964756618309824,0.08726950635910939,20.812,26,95,234,2569,4503,10406,462,0.095,0.234,2.569,0.21636555833173168
31,4.032846385938683e-06,0.8964180538745157,0.08732186289219813,20.774,26,85,227,1474,4646,10387,448,0.085,0.227,1.474,0.22364494079137384
32,3.740307674240117e-06,0.8964175408649798,0.08734868300814032,20.742,26,101,242,934,4724,10371,468,0.101,0.242,0.934,0.22775045800790666
33,3.927488630804846e-06,0.8963868161130868,0.08734428763528203,20.726,26,94,248,763,4751,10363,470,0.094,0.248,0.763,0.22922898774486153
34,3.5530213968162406e-06,0.8964118991155651,0.08733177156329697,20.716,26,107,255,1363,4778,10358,492,0.107,0.255,1.363,0.23064298127051555
35,4.288159493982855e-06,0.896382463587959,0.08734906877145812,20.672,26,103,235,631,4927,10336,475,0.103,0.235,0.631,0.23834171826625386
36,5.109035335411074e-06,0.8964200350300837,0.08733418894789073,20.672,26,98,218,656,5144,10336,458,0.098,0.218,0.656,0.24883900928792568
37,4.366517810043156e-06,0.8964777108883386,0.08723061205609954,20.672,26,92,233,654,5224,10336,454,0.092,0.233,0.654,0.25270897832817335
38,4.146652949716804e-06,0.8964687814163604,0.08725354533725913,20.672,26,87,223,677,5239,10336,443,0.087,0.223,0.677,0.25343459752321984
39,5.135054398665338e-06,0.8965335294900992,0.0872493914623838,20.668,26,95,221,588,5246,10334,449,0.095,0.221,0.588,0.25382233404296495
40,4.963174447688786e-06,0.8965082627838143,0.08724193990410495,20.658,26,99,222,660,5251,10329,456,0.099,0.222,0.66,0.254187239810243
41,4.260379571421355e-06,0.8964422313983682,0.08726275922251728,20.658,26,98,207,872,5251,10329,443,0.098,0.207,0.872,0.254187239810243
42,3.743158394597422e-06,0.8964148002964653,0.08726909222049356,20.654,26,97,228,742,5276,10327,454,0.097,0.228,0.742,0.25544688680158806
43,3.623839104469023e-06,0.8963794765056664,0.08734237760874408,20.65,26,96,242,725,5302,10325,467,0.096,0.242,0.725,0.2567554479418886
44,3.879567421321318e-06,0.8964582901217686,0.08730894187985029,20.648,26,101,233,866,5309,10324,466,0.101,0.233,0.866,0.25711933359163114
45,3.4426468687059012e-06,0.8964648456921038,0.08730418330592817,20.642,26,102,227,620,5308,10321,462,0.102,0.227,0.62,0.257145625423893
46,3.113939163404447e-06,0.8964421473896919,0.08731471635921918,20.634,26,99,237,650,5308,10317,469,0.099,0.237,0.65,0.2572453232528836
47,3.2464141760549662e-06,0.896418293121914,0.08731602665964565,20.634,26,94,232,712,5308,10317,455,0.094,0.232,0.712,0.2572453232528836
48,3.7131355236402894e-06,0.8964182781877916,0.08735902180211347,20.634,26,95,231,968,5308,10317,455,0.095,0.231,0.968,0.2572453232528836
49,3.897067857952538e-06,0.8964577999679711,0.08729061568608296,20.634,26,94,238,698,5308,10317,466,0.094,0.238,0.698,0.2572453232528836
50,3.2903803087626346e-06,0.896449825901626,0.0872707194615887,20.634,26,96,218,760,5308,10317,456,0.096,0.218,0.76,0.2572453232528836
51,3.599569927427689e-06,0.8964231553373584,0.08731634699333066,20.634,26,87,214,1388,5308,10317,454,0.087,0.214,1.388,0.2572453232528836
52,3.930853260052275e-06,0.896424665683867,0.0873202117263919,20.634,26,88,229,750,5308,10317,450,0.088,0.229,0.75,0.2572453232528836
53,4.974796628716078e-06,0.8964106624654774,0.08739876551766622,20.634,26,92,229,679,5308,10317,450,0.092,0.229,0.679,0.2572453232528836
54,5.207733328394519e-06,0.8965300670238948,0.08721710358719556,20.634,26,92,228,763,5308,10317,453,0.092,0.228,0.763,0.2572453232528836
55,4.121365510215108e-06,0.896510251813686,0.08717910149539478,20.634,26,93,224,745,5308,10317,456,0.093,0.224,0.745,0.2572453232528836
56,3.9303709706445345e-06,0.8964531444430451,0.08723828728612018,20.634,26,96,214,841,5308,10317,447,0.096,0.214,0.841,0.2572453232528836
57,4.599675021143508e-06,0.8963951097931342,0.08732785622923014,20.634,26,86,228,890,5308,10317,444,0.086,0.228,0.89,0.2572453232528836
58,4.627222318232085e-06,0.89638043592533,0.08740812441685679,20.634,26,91,209,667,5308,10317,429,0.091,0.209,0.667,0.2572453232528836
59,4.336002187986952e-06,0.8965033343655369,0.08722789201920743,20.634,26,92,211,753,5308,10317,436,0.092,0.211,0.753,0.2572453232528836
60,3.313131674408615e-06,0.8965732273780029,0.08717072281773568,20.634,26,93,212,649,5308,10317,440,0.093,0.212,0.649,0.2572453232528836
61,2.962602283338064e-06,0.8965373589246938,0.08723529248284226,20.634,26,97,224,751,5314,10317,458,0.097,0.224,0.751,0.2575361054570127
62,3.2732859477547576e-06,0.8964181728514448,0.08734401816671246,20.634,26,93,234,724,5394,10317,456,0.093,0.234,0.724,0.2614132015120675
63,3.846434964933541e-06,0.8963445244704706,0.08744442852580954,20.634,26,92,228,776,5409,10317,449,0.092,0.228,0.776,0.26214015702239024
64,4.595623436558224e-06,0.8964179982739543,0.08733525830648992,20.634,26,95,230,840,5428,10317,457,0.095,0.23,0.84,0.26306096733546575
65,3.906464494904706e-06,0.8964790141509316,0.08721733621525973,20.634,26,96,223,1193,5483,10317,454,0.096,0.223,1.193,0.2657264708733159
66,3.0812518712747792e-06,0.8965154840661869,0.08718583501248961,20.634,26,93,238,1137,5483,10317,464,0.093,0.238,1.137,0.2657264708733159
67,3.340024128933746e-06,0.8964504094906603,0.0872802627801338,20.634,26,94,240,890,5488,10317,464,0.094,0.24,0.89,0.26596878937675683
68,4.449834084543327e-06,0.8963888387842603,0.08741293169253697,20.634,26,98,228,744,5523,10317,455,0.098,0.228,0.744,0.26766501890084327
69,4.4004229680671635e-06,0.8964971333423032,0.0872443987175144,20.634,26,89,215,1007,5538,10317,437,0.089,0.215,1.007,0.268391974411166
70,3.0886900007822336e-06,0.8965138899791926,0.08723559427874682,20.634,26,95,212,771,5547,10317,442,0.095,0.212,0.771,0.2688281477173597
71,3.0581786058497244e-06,0.8964909578575805,0.08725752449803252,20.634,26,92,226,661,5567,10317,459,0.092,0.226,0.661,0.26979742173112337
72,3.679838657505608e-06,0.8963768616537704,0.0873797579954276,20.634,26,92,229,796,5622,10317,452,0.092,0.229,0.796,0.27246292526897353
73,4.472253053136657e-06,0.8963329367167117,0.08746320463814566,20.634,26,95,226,660,5683,10317,450,0.095,0.226,0.66,0.2754192110109528
74,4.606341980055476e-06,0.8964691839508128,0.0872303147936203,20.634,26,88,218,908,5815,10317,439,0.088,0.218,0.908,0.28181641950179315
75,3.5746334462660675e-06,0.8965430240559521,0.08717377156684154,20.634,26,92,217,1066,5931,10317,444,0.092,0.217,1.066,0.2874382087816226
76,3.4202450593686406e-06,0.8965370939742059,0.08717310695910363,20.634,26,87,211,971,5974,10317,440,0.087,0.211,0.971,0.2895221479112145
77,3.7159213494282384e-06,0.8964207832629062,0.08734078580969089,20.634,26,94,227,742,5988,10317,455,0.094,0.227,0.742,0.2902006397208491
78,4.785452855192894e-06,0.8963580898429876,0.08743836747859143,20.634,26,92,219,1118,5996,10317,440,0.092,0.219,1.118,0.2905883493263546
79,4.198721598139357e-06,0.8964716704380739,0.08722958561305907,20.634,26,86,226,1127,6020,10317,446,0.086,0.226,1.127,0.291751478142871
80,2.967616668564909e-06,0.896514372958842,0.08721897737948901,20.634,26,96,221,703,6041,10317,451,0.096,0.221,0.703,0.29276921585732285
81,3.4197724900916932e-06,0.896500365143617,0.08723722391927066,20.634,26,94,228,698,6060,10317,464,0.094,0.228,0.698,0.29369002617039836
82,3.641372292672488e-06,0.8964196342111987,0.08734278145432961,20.634,26,94,240,1032,6087,10317,463,0.094,0.24,1.032,0.29499854608897935
83,3.9473862236776215e-06,0.8963853290063557,0.08739356308022647,20.634,26,93,222,761,6124,10317,444,0.093,0.222,0.761,0.2967917030144422
84,3.6543281152414733e-06,0.8964765015946972,0.08720963819719225,20.634,26,86,227,806,6149,10317,446,0.086,0.227,0.806,0.2980032955316468
85,3.254845796805454e-06,0.8965237518149102,0.08723170191961202,20.634,26,95,224,656,6176,10317,458,0.095,0.224,0.656,0.2993118154502278
86,3.767085651341242e-06,0.8964712897573681,0.08727085238540096,20.634,26,94,208,759,6194,10317,452,0.094,0.208,0.759,0.3001841620626151
87,3.5209262648643916e-06,0.8963801990591617,0.0873408911326961,20.634,26,90,236,969,6203,10317,459,0.09,0.236,0.969,0.3006203353688088
88,3.944771533813296e-06,0.8963739105743996,0.08740978477188395,20.634,26,95,225,821,6209,10317,449,0.095,0.225,0.821,0.30091111757293787
89,4.600908895641352e-06,0.8964949892915531,0.08722920782255068,20.634,26,85,220,823,6221,10317,439,0.085,0.22,0.823,0.3014926819811961
90,4.118874512269622e-06,0.8965235575243911,0.08724143454053619,20.634,26,95,223,739,6230,10317,453,0.095,0.223,0.739,0.3019288552873897
91,4.383070994629979e-06,0.8964803224906873,0.08724425662602213,20.634,26,99,204,838,6255,10317,445,0.099,0.204,0.838,0.30314044780459437
92,4.13147549674952e-06,0.896415620261742,0.08727712643629254,20.634,26,90,234,747,6273,10317,458,0.09,0.234,0.747,0.3040127944169817
93,4.370106898558256e-06,0.8963930559268949,0.08735341406659022,20.634,26,95,212,1093,6291,10317,436,0.095,0.212,1.093,0.304885141029369
94,4.353906612540833e-06,0.8964631900814645,0.08722238244362661,20.634,26,81,211,776,6294,10317,427,0.081,0.211,0.776,0.30503053213143355
95,3.268883618453469e-06,0.8964957133883791,0.08726595658164873,20.634,26,89,219,726,6327,10317,442,0.089,0.219,0.726,0.30662983425414364
96,3.909379749119505e-06,0.89651809725606,0.08727936055528517,20.634,26,93,215,1113,6345,10317,451,0.093,0.215,1.113,0.30750218086653097
97,4.447481825547298e-06,0.896425184901295,0.08731578903933948,20.634,26,85,228,894,6351,10317,447,0.085,0.228,0.894,0.30779296307066006
98,4.505974873639765e-06,0.8963892548243759,0.08735585762774403,20.634,26,93,207,897,6369,10317,429,0.093,0.207,0.897,0.3086653096830474
99,4.323948477038929e-06,0.896503217686009,0.08716835191058857,20.634,26,87,216,941,6369,10317,437,0.087,0.216,0.941,0.3086653096830474
100,3.543080807794195e-06,0.8965168135092505,0.08719440453017048,20.634,26,93,220,959,6378,10317,448,0.093,0.22,0.959,0.30910148298924106
101,3.7891364054543227e-06,0.8964909299670354,0.08724576599448167,20.634,26,96,208,1004,6378,10317,442,0.096,0.208,1.004,0.30910148298924106
102,3.7448451151667257e-06,0.8964345909562285,0.08729272825600398,20.634,26,89,226,954,6387,10317,449,0.089,0.226,0.954,0.3095376562954347
103,3.8342794667578655e-06,0.8964068181142161,0.08738487277490317,20.634,26,92,213,695,6396,10317,434,0.092,0.213,0.695,0.3099738296016284
104,3.70973535822531e-06,0.896491474205954,0.08723323406517128,20.634,26,92,225,804,6396,10317,451,0.092,0.225,0.804,0.3099738296016284
105,3.192768838102045e-06,0.8964817308252627,0.08726793224627977,20.634,26,100,231,736,6408,10317,465,0.1,0.231,0.736,0.3105553940098866
106,3.6936962569470687e-06,0.8964480415317375,0.08729241685935776,20.634,26,106,232,836,6433,10317,471,0.106,0.232,0.836,0.3117669865270912
107,3.834398786147184e-06,0.8964092924634436,0.08728587656901671,20.634,26,91,227,990,6452,10317,453,0.091,0.227,0.99,0.31268779684016673
108,3.7071511202730406e-06,0.8964280839816733,0.08733550562822723,20.626,26,94,217,757,6467,10313,440,0.094,0.217,0.757,0.3135363133908659
109,3.629730965655098e-06,0.8965111544106401,0.08720126703004494,20.626,26,89,222,715,6495,10313,445,0.089,0.222,0.715,0.31489382332977794
110,3.2834209513578816e-06,0.8965049879505695,0.08726819050046554,20.626,26,92,223,692,6495,10313,449,0.092,0.223,0.692,0.31489382332977794
111,3.925065910316635e-06,0.8964511301078906,0.08731055169249075,20.626,26,90,214,875,6495,10313,446,0.09,0.214,0.875,0.31489382332977794
112,3.9635534414195e-06,0.896411428739676,0.08730077214520199,20.626,26,85,229,806,6495,10313,449,0.085,0.229,0.806,0.31489382332977794
113,4.082875225136888e-06,0.8964112648021483,0.0873598221249367,20.626,26,92,219,726,6507,10313,440,0.092,0.219,0.726,0.3154756133035974
114,4.130927940196758e-06,0.8965127186924098,0.08718858469011428,20.626,26,93,221,660,6513,10313,448,0.093,0.221,0.66,0.3157665082905071
115,3.31988912673639e-06,0.8964968411481995,0.0872348106206934,20.626,26,97,228,688,6513,10313,459,0.097,0.228,0.688,0.3157665082905071
116,3.6985301873736205e-06,0.8964505698368448,0.08728419397101597,20.626,26,100,223,885,6513,10313,460,0.1,0.223,0.885,0.3157665082905071
117,3.7898659604150314e-06,0.8964192857081931,0.08728808283218188,20.626,26,91,224,968,6513,10313,449,0.091,0.224,0.968,0.3157665082905071
118,3.7983213095125725e-06,0.8963995215494357,0.08736393981507229,20.626,26,95,222,669,6513,10313,446,0.095,0.222,0.669,0.3157665082905071
119,3.8452630684524745e-06,0.896504610901795,0.08718900380677862,20.626,26,91,226,809,6516,10313,451,0.091,0.226,0.809,0.315911955783962
120,3.292134915124476e-06,0.8965084755213129,0.08723515039350574,20.626,26,96,221,725,6534,10313,451,0.096,0.221,0.725,0.31678464074469115
121,3.596573795763402e-06,0.8964547340879448,0.0872826131055149,20.626,26,97,236,885,6543,10313,466,0.097,0.236,0.885,0.31722098322505576
122,3.847262606003111e-06,0.8964177202755661,0.08730326710873179,20.626,26,89,229,990,6549,10313,453,0.089,0.229,0.99,0.31751187821196547
123,3.943408365245611e-06,0.8964155863911027,0.08735149664231642,20.626,26,93,214,681,6552,10313,436,0.093,0.214,0.681,0.3176573257054203
124,3.8060385566458666e-06,0.8965153190432821,0.08718334230919533,20.626,26,90,220,790,6558,10313,444,0.09,0.22,0.79,0.3179482206923301
125,3.2070553990471504e-06,0.8965143648009957,0.08723707663558969,20.626,26,97,225,724,6559,10313,456,0.097,0.225,0.724,0.31799670319014833
126,3.825532574793644e-06,0.8964568985025378,0.08728797439919253,20.626,26,101,220,887,6559,10313,458,0.101,0.22,0.887,0.31799670319014833
127,4.0266621993297556e-06,0.8964098340471708,0.08730700554687129,20.626,26,93,225,1041,6568,10313,453,0.093,0.225,1.041,0.31843304567051295
128,3.978800482027694e-06,0.8963922370078323,0.08734865597570178,20.626,26,93,214,1600,6568,10313,436,0.093,0.214,1.6,0.31843304567051295
129,3.905210512771325e-06,0.8964936532370171,0.08719015344491567,20.626,26,90,215,729,6568,10313,439,0.09,0.215,0.729,0.31843304567051295
130,3.3184753529136644e-06,0.8965210975517701,0.08721665917111183,20.626,26,90,216,951,6568,10313,440,0.09,0.216,0.951,0.31843304567051295
131,3.7407307606886816e-06,0.896473803249051,0.08728872942957469,20.626,26,92,207,982,6577,10313,437,0.092,0.207,0.982,0.3188693881508775
132,3.902430786895812e-06,0.8964176647821125,0.08732303461459799,20.626,26,87,226,957,6578,10313,447,0.087,0.226,0.957,0.3189178706486958
133,4.079011119562108e-06,0.8963982029441772,0.08737761604137197,20.626,26,92,215,766,6579,10313,436,0.092,0.215,0.766,0.3189663531465141
134,3.886190240339035e-06,0.8965049050326886,0.0871813156784411,20.626,26,91,219,915,6580,10313,444,0.091,0.219,0.915,0.3190148356443324
135,3.060031827112539e-06,0.8965182546264002,0.08720584798055453,20.626,26,94,228,768,6582,10313,456,0.094,0.228,0.768,0.31911180063996897
136,3.5090651079707546e-06,0.8964651968062413,0.08728306136075033,20.626,26,100,211,934,6591,10313,456,0.1,0.211,0.934,0.3195481431203336
137,3.891448875199952e-06,0.8964018677614545,0.08733408127751571,20.626,26,87,224,989,6596,10313,445,0.087,0.224,0.989,0.319790555609425
138,4.034405300619671e-06,0.8964132755241669,0.0873679084684742,20.626,26,90,212,794,6596,10313,432,0.09,0.212,0.794,0.319790555609425
139,4.092068482132896e-06,0.8965280097451537,0.08717566541894005,20.626,26,86,213,997,6596,10313,433,0.086,0.213,0.997,0.319790555609425
140,3.7844324178937577e-06,0.8965421118302334,0.08720221133331772,20.626,26,93,219,782,6596,10313,446,0.093,0.219,0.782,0.319790555609425
141,4.460667299178259e-06,0.8965019861100549,0.0872490136663754,20.626,26,99,214,913,6605,10313,450,0.099,0.214,0.913,0.3202268980897896
142,3.955749120253473e-06,0.896408976283946,0.08726132515613455,20.626,26,92,237,1064,6617,10313,463,0.092,0.237,1.064,0.320808688063609
143,3.683249916006014e-06,0.8963559337250552,0.08737049241205028,20.626,26,97,226,1017,6635,10313,452,0.097,0.226,1.017,0.3216813730243382
144,3.946466134406077e-06,0.8964835289259001,0.08721441314900143,20.626,26,91,227,999,6643,10313,452,0.091,0.227,0.999,0.3220692330068845
145,3.4196079600348485e-06,0.8965021371612676,0.0872571386985079,20.626,26,99,231,826,6676,10313,464,0.099,0.231,0.826,0.323669155434888
146,3.656663951377884e-06,0.8964845686119675,0.08728869629470215,20.626,26,104,234,902,6683,10313,471,0.104,0.234,0.902,0.324008532919616
147,3.7024943762344876e-06,0.8964161903237376,0.08728786346955428,20.626,26,90,227,1042,6691,10313,451,0.09,0.227,1.042,0.3243963929021623
148,3.6292910364274897e-06,0.8963734796073816,0.08738430124040356,20.626,26,96,219,676,6721,10313,444,0.096,0.219,0.676,0.32585086783671097
149,3.8062610057251934e-06,0.8964842466638622,0.08721056653714447,20.626,26,88,222,813,6733,10313,445,0.088,0.222,0.813,0.3264326578105304
150,3.5305845708430378e-06,0.8965019522900198,0.0872582235204548,20.626,26,93,218,735,6734,10313,445,0.093,0.218,0.735,0.3264811403083487
151,4.072668585926598e-06,0.89647488904423,0.08727499988503765,20.626,26,95,209,803,6737,10313,442,0.095,0.209,0.803,0.32662658780180354
152,3.6586304933591432e-06,0.8964461771051626,0.08725179329751058,20.626,26,84,228,909,6753,10313,447,0.084,0.228,0.909,0.32740230776689616
153,3.55252984351946e-06,0.8964199803394706,0.0873499839950209,20.626,26,90,220,686,6753,10313,440,0.09,0.22,0.686,0.32740230776689616
154,3.936423928613527e-06,0.8964909251053514,0.08722878668456042,20.626,26,87,219,835,6754,10313,448,0.087,0.219,0.835,0.32745079026471446
155,3.980605958397067e-06,0.8964694587664376,0.08730831969793189,20.626,26,99,229,707,6754,10313,462,0.099,0.229,0.707,0.32745079026471446
156,4.759236973277927e-06,0.8964975057138825,0.08725797703812421,20.626,26,102,225,1066,6777,10313,460,0.102,0.225,1.066,0.32856588771453504
157,4.074370844235074e-06,0.896460062761496,0.0871906235963009,20.626,26,94,238,1406,6780,10313,466,0.094,0.238,1.406,0.3287113352079899
158,3.5397860195525007e-06,0.8963871539480434,0.08729839299308156,20.626,26,100,225,1008,6786,10313,454,0.1,0.225,1.008,0.32900223019489966
159,3.924827004570746e-06,0.8964737157384297,0.08721397541188161,20.626,26,91,232,906,6835,10313,456,0.091,0.232,0.906,0.3313778725879957
160,3.6995263474671906e-06,0.8964847840986124,0.08729883324812346,20.626,26,94,221,961,6857,10313,449,0.094,0.221,0.961,0.33244448753999806
161,3.956744238037058e-06,0.896475175761009,0.08730237587262021,20.626,26,96,211,957,6890,10313,444,0.096,0.211,0.957,0.33404440996800155
162,3.682622998666212e-06,0.8964286289880331,0.08727714166941904,20.626,26,87,227,901,6913,10313,448,0.087,0.227,0.901,0.3351595074178222
163,3.784746779340324e-06,0.8963899600852563,0.08736458345782463,20.626,26,95,218,627,6952,10313,442,0.095,0.218,0.627,0.3370503248327354
164,3.967241443557736e-06,0.8964767700409091,0.08721316978083485,20.626,26,91,229,832,7001,10313,454,0.091,0.229,0.832,0.33942596722583146
165,3.3919716244810625e-06,0.8964927157619023,0.08724895147504187,20.626,26,98,232,856,7014,10313,464,0.098,0.232,0.856,0.34005623969746923
166,3.767612111467079e-06,0.8964774447414624,0.08726207407826184,20.626,26,102,230,883,7017,10313,465,0.102,0.23,0.883,0.3402016871909241
167,3.5775864057946634e-06,0.8964609370735904,0.0872441242535628,20.626,26,87,228,1056,7022,10313,449,0.087,0.228,1.056,0.3404440996800155
168,3.6629234674179678e-06,0.8964292451026413,0.0873570740927939,20.626,26,92,211,668,7023,10313,432,0.092,0.211,0.668,0.3404925821778338
169,3.987801745313634e-06,0.896508100100955,0.08721260085749041,20.626,26,86,218,828,7025,10313,443,0.086,0.218,0.828,0.3405895471734704
170,3.623483584914339e-06,0.8964862451209377,0.08728964092845112,20.626,26,93,222,782,7031,10313,449,0.093,0.222,0.782,0.3408804421603801
171,4.199650289537136e-06,0.8964594406786833,0.0872781852562523,20.626,26,92,208,1271,7034,10313,438,0.092,0.208,1.271,0.34102588965383496
172,3.6231606335679717e-06,0.8964435555456374,0.08723265745835519,20.626,26,82,237,1876,7037,10313,453,0.082,0.237,1.876,0.3411713371472898
173,3.7340976700911172e-06,0.8964092021967461,0.08735953045740728,20.626,26,92,218,757,7054,10313,440,0.092,0.218,0.757,0.34199553961020074
174,4.290492519185984e-06,0.8965036168954832,0.0872144786810796,20.626,26,88,221,976,7060,10313,448,0.088,0.221,0.976,0.34228643459711044
175,3.7132878795640116e-06,0.896505164157106,0.08725642264643205,20.626,26,95,226,1097,7067,10313,455,0.095,0.226,1.097,0.34262581208183845
176,3.972285085113468e-06,0.89650772644948,0.0872333338846208,20.626,26,102,238,1209,7070,10313,473,0.102,0.238,1.209,0.3427712595752933
177,3.8137258376914157e-06,0.8964440287904345,0.08722815712592277,20.626,26,87,243,2085,7072,10313,459,0.087,0.243,2.085,0.3428682245709299
178,3.755366136571805e-06,0.8963792763302829,0.08736539207990822,20.626,26,98,215,738,7072,10313,442,0.098,0.215,0.738,0.3428682245709299
179,3.928802001149021e-06,0.8964969166872536,0.08718746719750627,20.626,26,89,224,1031,7074,10313,447,0.089,0.224,1.031,0.34296518956656646
180,3.2482903259584384e-06,0.8964868986652962,0.08727344023625476,20.626,26,91,222,825,7090,10313,447,0.091,0.222,0.825,0.3437409095316591
181,3.834299480805528e-06,0.8964722447010067,0.0873084026868241,20.626,26,99,216,843,7091,10313,453,0.099,0.216,0.843,0.34378939202947734
182,3.7892226420304113e-06,0.8964463108058595,0.08727640348757319,20.626,26,84,235,1081,7103,10313,453,0.084,0.235,1.081,0.3443711820032968
183,3.662902794573903e-06,0.8963971659081981,0.08737176817235599,20.626,26,97,222,694,7105,10313,448,0.097,0.222,0.694,0.3444681469989334
184,4.054548295178448e-06,0.8965016926157371,0.08718336118564148,20.626,26,92,230,862,7108,10313,456,0.092,0.23,0.862,0.34461359449238826
185,3.452914911608613e-06,0.8964922629827334,0.08723740220372951,20.626,26,98,230,760,7110,10313,462,0.098,0.23,0.76,0.3447105594880248
186,3.795258741497773e-06,0.8964839058967016,0.08726875339298593,20.626,26,100,236,962,7111,10313,469,0.1,0.236,0.962,0.3447590419858431
187,3.831311350449966e-06,0.8964450181466311,0.08725565666702172,20.626,26,85,234,1114,7112,10313,453,0.085,0.234,1.114,0.3448075244836614
188,3.717983937473506e-06,0.8963948412212135,0.08737549381570872,20.626,26,97,220,685,7114,10313,446,0.097,0.22,0.685,0.34490448947929797
189,3.971638198026332e-06,0.8965095928816366,0.08718147118513236,20.626,26,89,224,864,7120,10313,447,0.089,0.224,0.864,0.3451953844662077
190,3.250676778249497e-06,0.8964899914716036,0.08724705936820207,20.626,26,90,219,850,7129,10313,443,0.09,0.219,0.85,0.3456317269465723
191,3.7584592264266215e-06,0.8964531150263686,0.08731575134184513,20.626,26,98,221,843,7136,10313,457,0.098,0.221,0.843,0.3459711044313003
192,3.987908439886293e-06,0.8964372405492584,0.08729361260804273,20.626,26,85,236,1021,7136,10313,455,0.085,0.236,1.021,0.3459711044313003
193,4.196013212364398e-06,0.8963655441908093,0.08741141299961393,20.626,26,97,216,733,7136,10313,442,0.097,0.216,0.733,0.3459711044313003
194,4.331070235493505e-06,0.8965099720840833,0.0871636500509139,20.626,26,91,219,876,7140,10313,445,0.091,0.219,0.876,0.34616503442257346
195,3.348493547963392e-06,0.8965345151605927,0.08717432639746092,20.626,26,91,221,1190,7142,10313,446,0.091,0.221,1.19,0.34626199941821
196,3.808498181641099e-06,0.8964799466626707,0.08727533083144855,20.626,26,97,206,1093,7155,10313,440,0.097,0.206,1.093,0.3468922718898478
197,3.967234974592909e-06,0.8964412496085302,0.08728194635139527,20.626,26,82,230,915,7199,10313,447,0.082,0.23,0.915,0.34902550179385244
198,4.0240527273337355e-06,0.8963686225679497,0.08741992927373099,20.626,26,95,212,877,7205,10313,436,0.095,0.212,0.877,0.34931639678076215
199,4.17400762210763e-06,0.896520520124095,0.0871647443511629,20.626,26,90,217,1017,7219,10313,441,0.09,0.217,1.017,0.34999515175021817
200,3.2519259019995243e-06,0.8965374701371017,0.0871888892255505,20.626,26,91,223,848,7228,10313,449,0.091,0.223,0.848,0.3504314942305828
201,3.756392201239145e-06,0.8964524212713243,0.08729973999668508,20.626,26,103,218,1054,7240,10313,458,0.103,0.218,1.054,0.3510132842044022
202,4.1669934394980584e-06,0.8964173299987159,0.08728832285526925,20.626,26,85,230,984,7254,10313,449,0.085,0.23,0.984,0.3516920391738582
203,4.128450829802041e-06,0.896374406810178,0.08739090118211604,20.626,26,93,207,1465,7271,10313,429,0.093,0.207,1.465,0.35251624163676915
204,4.2543925965485454e-06,0.896542075276064,0.08714066458624015,20.626,26,85,212,975,7272,10313,431,0.085,0.212,0.975,0.3525647241345874
205,3.2956515389533057e-06,0.8965708686892685,0.08716196922245788,20.626,26,87,222,1199,7284,10313,444,0.087,0.222,1.199,0.35314651410840686
206,3.7067688435963103e-06,0.8964883576757281,0.08727242244349685,20.626,26,96,213,1034,7291,10313,446,0.096,0.213,1.034,0.35348589159313487
207,3.871651925347653e-06,0.8964327752247786,0.08728776842846021,20.626,26,84,229,1081,7294,10313,447,0.084,0.229,1.081,0.3536313390865897
208,3.99160081158941e-06,0.896366573337613,0.08742056712980824,20.626,26,93,210,741,7308,10313,432,0.093,0.21,0.741,0.35431009405604574
209,4.043114911244785e-06,0.8965082930088066,0.08718564922582993,20.626,26,91,217,958,7312,10313,442,0.091,0.217,0.958,0.3545040240473189
210,3.1105180014051093e-06,0.8965208236758754,0.08721055316753533,20.626,26,93,229,786,7315,10313,456,0.093,0.229,0.786,0.35464947154077375
211,3.717558857584695e-06,0.8964470274732164,0.0873122780271588,20.626,26,104,219,921,7327,10313,460,0.104,0.219,0.921,0.3552312615145932
212,4.132455538859081e-06,0.8964178438935296,0.087290074623721,20.626,26,82,233,1012,7328,10313,449,0.082,0.233,1.012,0.3552797440124115
213,4.165255192422886e-06,0.8963832364315789,0.08738842724006915,20.626,26,93,207,1351,7329,10313,429,0.093,0.207,1.351,0.3553282265102298
214,4.390998018522504e-06,0.8965505369987993,0.08713805700154069,20.626,26,83,209,938,7330,10313,427,0.083,0.209,0.938,0.3553767090080481
215,3.42496664257135e-06,0.8965753630827807,0.08716052936787386,20.626,26,92,220,1150,7338,10313,446,0.092,0.22,1.15,0.3557645689905944
216,3.7960744237221985e-06,0.8964817612650574,0.08725842749087197,20.626,26,99,206,1064,7342,10313,442,0.099,0.206,1.064,0.35595849898186754
217,3.791665310971665e-06,0.8964067761976949,0.08729891972944483,20.626,26,87,228,1041,7343,10313,449,0.087,0.228,1.041,0.35600698147968585
218,3.880622874526346e-06,0.8963424937435757,0.08744229382968192,20.626,26,95,214,770,7344,10313,438,0.095,0.214,0.77,0.3560554639775041
219,3.995847327563529e-06,0.896499643386919,0.08720272627496242,20.626,26,88,223,989,7358,10313,445,0.088,0.223,0.989,0.35673421894696017
220,3.336330711954255e-06,0.8965151734724293,0.08723301217166522,20.626,26,93,229,784,7360,10313,457,0.093,0.229,0.784,0.3568311839425967
221,4.056299129176052e-06,0.8964752799522573,0.08729027624246907,20.626,26,107,235,872,7369,10313,475,0.107,0.235,0.872,0.35726752642296133
222,4.3139385421960735e-06,0.896415812831904,0.08726591644221879,20.626,26,87,230,1045,7373,10313,451,0.087,0.23,1.045,0.35746145641423444
223,3.879958487838704e-06,0.8963794475055438,0.08734873701430701,20.626,26,95,211,1243,7373,10313,435,0.095,0.211,1.243,0.35746145641423444
224,4.1007130822003176e-06,0.8965233828423336,0.08716072565522677,20.626,26,87,217,799,7377,10313,438,0.087,0.217,0.799,0.3576553864055076
225,3.508265949306728e-06,0.8965346587446132,0.08720997699778565,20.626,26,87,216,1146,7377,10313,438,0.087,0.216,1.146,0.3576553864055076
226,3.694664126137275e-06,0.896477523829883,0.08729356773241688,20.626,26,95,208,843,7389,10313,440,0.095,0.208,0.843,0.35823717637932706
227,3.634239417951732e-06,0.8964074864474711,0.08732276238000444,20.626,26,84,233,1028,7389,10313,451,0.084,0.233,1.028,0.35823717637932706
228,3.793027629691089e-06,0.8963551365495798,0.08743327487898231,20.626,26,93,218,668,7392,10313,440,0.093,0.218,0.668,0.3583826238727819
229,4.057064035097423e-06,0.8964771799486204,0.08721849090398755,20.626,26,91,227,882,7394,10313,452,0.091,0.227,0.882,0.3584795888684185
230,3.639636058285366e-06,0.8965010254649619,0.08722872953026478,20.626,26,95,233,817,7394,10313,462,0.095,0.233,0.817,0.3584795888684185
231,4.370672541261639e-06,0.8964846622508399,0.08727508923893561,20.626,26,101,241,890,7403,10313,475,0.101,0.241,0.89,0.3589159313487831
232,4.712436141080391e-06,0.8964234032554624,0.08726386219574482,20.626,26,89,236,1071,7403,10313,459,0.089,0.236,1.071,0.3589159313487831
233,4.4463565367592755e-06,0.896387399298509,0.08733041263379676,20.626,26,97,205,1269,7414,10313,431,0.097,0.205,1.269,0.35944923882478425
234,4.312680438775933e-06,0.8965180828403495,0.0871396215769147,20.626,26,86,214,1083,7422,10313,435,0.086,0.214,1.083,0.35983709880733056
235,3.5506344945826857e-06,0.8965456641962836,0.08720173365802135,20.626,26,91,223,1024,7425,10313,448,0.091,0.223,1.024,0.3599825463007854
236,3.888696154332386e-06,0.8964782994283549,0.08730503939798555,20.626,26,100,224,870,7427,10313,457,0.1,0.224,0.87,0.360079511296422
237,4.022800722424305e-06,0.8964129481995503,0.08732041425354448,20.626,26,91,228,1227,7432,10313,453,0.091,0.228,1.227,0.3603219237855134
238,3.8063272714666777e-06,0.896354272199012,0.08740546310576491,20.626,26,98,215,737,7437,10313,442,0.098,0.215,0.737,0.3605643362746049
239,3.76679332886906e-06,0.8964735267749122,0.08721584383067253,20.626,26,96,226,838,7444,10313,456,0.096,0.226,0.838,0.3609037137593329
240,3.225615535371565e-06,0.8964978228817259,0.08722772924972431,20.626,26,95,229,791,7447,10313,459,0.095,0.229,0.791,0.36104916125278774
241,3.7976112295391075e-06,0.8964412504342569,0.08731674240420881,20.626,26,101,231,790,7450,10313,465,0.101,0.231,0.79,0.3611946087462426
242,3.954256342303221e-06,0.8964464053376316,0.08726994028792416,20.626,26,87,231,995,7454,10313,453,0.087,0.231,0.995,0.36138853873751575
243,3.85584901859631e-06,0.8964098507486556,0.08735365299128746,20.626,26,93,212,699,7455,10313,434,0.093,0.212,0.699,0.36143702123533406
244,3.934644432199516e-06,0.8965181484068222,0.08718335480348864,20.626,26,90,218,821,7456,10313,442,0.09,0.218,0.821,0.36148550373315236
245,3.3580151826651065e-06,0.8965143570371663,0.08722992101744148,20.626,26,89,220,770,7457,10313,444,0.089,0.22,0.77,0.3615339862309706
246,3.7634816088429873e-06,0.896435630264488,0.08732826201316557,20.626,26,100,214,848,7458,10313,451,0.1,0.214,0.848,0.3615824687287889
247,3.8478232171151e-06,0.8964266517212685,0.08727987212011522,20.626,26,88,235,962,7465,10313,457,0.088,0.235,0.962,0.3619218462135169
248,3.8057384684337436e-06,0.8964073795071791,0.08735320329349486,20.626,26,91,215,736,7472,10313,436,0.091,0.215,0.736,0.3622612236982449
249,3.956092346353157e-06,0.8965140526601421,0.08718924198306363,20.626,26,94,224,761,7489,10313,452,0.094,0.224,0.761,0.3630854261611558
250,3.4630650798998103e-06,0.8965257644346327,0.08720865225979377,20.626,26,96,231,809,7489,10313,461,0.096,0.231,0.809,0.3630854261611558
251,3.7415179564400146e-06,0.8964621221157264,0.08729313848593011,20.626,26,100,232,1027,7498,10313,465,0.1,0.232,1.027,0.3635217686415204
252,3.827696127640193e-06,0.8964199801175946,0.08727649386033877,20.626,26,85,230,1224,7507,10313,449,0.085,0.23,1.224,0.363958111121885
253,3.8016899579918094e-06,0.8963848102621977,0.08738580059881175,20.626,26,97,218,684,7507,10313,444,0.097,0.218,0.684,0.363958111121885
254,3.907293955100636e-06,0.8965084543831274,0.08717998164867286,20.626,26,91,222,1020,7508,10313,447,0.091,0.222,1.02,0.3640065936197033
255,3.0227543532841334e-06,0.8965028722648659,0.08722706646627768,20.626,26,89,224,830,7509,10313,447,0.089,0.224,0.83,0.3640550761175216
256,3.4858475698260975e-06,0.8964538942920339,0.08732197729706738,20.626,26,100,215,880,7511,10313,453,0.1,0.215,0.88,0.36415204111315813
257,4.021871338851679e-06,0.8964187199709001,0.08731790687617566,20.626,26,82,231,987,7513,10313,447,0.082,0.231,0.987,0.36424900610879474
258,4.201650258470371e-06,0.8964269639378729,0.08737852667947638,20.626,26,97,216,638,7514,10313,442,0.097,0.216,0.638,0.36429748860661304
259,4.476828825899593e-06,0.8965145021516552,0.08716787637499443,20.626,26,89,217,860,7516,10313,441,0.089,0.217,0.86,0.3643944536022496
260,3.4300473531981264e-06,0.8965278182474816,0.08717214014973498,20.626,26,95,223,1082,7520,10313,452,0.095,0.223,1.082,0.36458838359352275
261,3.847195379487081e-06,0.8964751608509394,0.08725609204388818,20.626,26,98,209,927,7531,10313,444,0.098,0.209,0.927,0.3651216910695239
262,3.882159858209842e-06,0.8964151962929463,0.08729617549597242,20.626,26,84,227,833,7539,10313,445,0.084,0.227,0.833,0.3655095510520702
263,3.910002462265166e-06,0.8963870458512335,0.08740469432326962,20.626,26,93,218,669,7540,10313,440,0.093,0.218,0.669,0.3655580335498885
264,4.277348611606029e-06,0.8965053619248564,0.08720956092777188,20.626,26,88,221,867,7548,10313,443,0.088,0.221,0.867,0.3659458935324348
265,3.4908570828860416e-06,0.8965286033519374,0.08719885560957875,20.626,26,95,225,868,7552,10313,455,0.095,0.225,0.868,0.36613982352370794
266,3.6610752336938515e-06,0.8964750020520522,0.08725606580985262,20.626,26,106,217,998,7560,10313,460,0.106,0.217,0.998,0.36652768350625425
267,3.776525750690933e-06,0.8964162691335452,0.08726773326235465,20.626,26,90,229,1119,7571,10313,453,0.09,0.229,1.119,0.3670609909822554
268,3.7062514646957034e-06,0.8963662172783232,0.08739787513610331,20.626,26,97,220,702,7589,10313,446,0.097,0.22,0.702,0.3679336759429846
269,3.7570741168481325e-06,0.8965063863497202,0.08720036387860228,20.626,26,89,231,1061,7589,10313,454,0.089,0.231,1.061,0.3679336759429846
270,3.4002029781936072e-06,0.8964979159967634,0.08726731254512111,20.626,26,94,233,904,7598,10313,462,0.094,0.233,0.904,0.36837001842334915
271,4.242649196411992e-06,0.8964572028332471,0.08730975820099669,20.626,26,97,225,881,7610,10313,455,0.097,0.225,0.881,0.3689518083971686
272,4.089677839968198e-06,0.8964396500794909,0.08725242919654956,20.626,26,84,232,1605,7614,10313,451,0.084,0.232,1.605,0.3691457383884418
273,3.886752074375708e-06,0.8964023444061209,0.08734667121942985,20.626,26,94,208,1090,7614,10313,431,0.094,0.208,1.09,0.3691457383884418
274,4.1424615710542e-06,0.8965076279426769,0.08718157358937471,20.626,26,87,218,741,7617,10313,439,0.087,0.218,0.741,0.36929118588189663
275,3.503554463135829e-06,0.8964991140605568,0.08724671652197503,20.626,26,95,218,976,7627,10313,447,0.095,0.218,0.976,0.3697760108600795
276,3.760517519766487e-06,0.8964576361887857,0.0872936389011173,20.626,26,101,218,869,7632,10313,456,0.101,0.218,0.869,0.37001842334917096
277,3.971552523886894e-06,0.8963956587061789,0.08732044382985402,20.626,26,88,231,983,7643,10313,453,0.088,0.231,0.983,0.3705517308251721
278,4.4246235621058085e-06,0.8963833121712551,0.08740064903814669,20.626,26,101,214,635,7646,10313,444,0.101,0.214,0.635,0.370697178318627
279,4.248958707959036e-06,0.8965011406677741,0.08715835531961025,20.626,26,91,221,860,7651,10313,447,0.091,0.221,0.86,0.37093959080771843
280,3.1203074029549796e-06,0.8964980746173724,0.08721094302931647,20.626,26,98,234,861,7659,10313,466,0.098,0.234,0.861,0.3713274507902647
281,3.812770152995446e-06,0.8964740466509538,0.08727228547687135,20.626,26,98,218,990,7671,10313,453,0.098,0.218,0.99,0.37190924076408416
282,3.886557455596752e-06,0.8964259769044283,0.08729730844523445,20.626,26,83,228,978,7679,10313,445,0.083,0.228,0.978,0.37229710074663047
283,4.007721510865159e-06,0.8963721223255573,0.08743469954696417,20.626,26,97,214,753,7685,10313,440,0.097,0.214,0.753,0.3725879957335402
284,4.183025127223737e-06,0.8965048297779511,0.08719949341684344,20.626,26,89,218,811,7694,10313,441,0.089,0.218,0.811,0.3730243382139048
285,3.102909550319821e-06,0.8965078480248784,0.08721585717804452,20.626,26,95,225,719,7704,10313,455,0.095,0.225,0.719,0.37350916319208766
286,3.5003068582244826e-06,0.8964566072254311,0.08728495368372395,20.626,26,102,217,851,7709,10313,456,0.102,0.217,0.851,0.3737515756811791
287,3.6758092126541563e-06,0.8964202989948892,0.08729296719670632,20.626,26,85,218,986,7714,10313,445,0.085,0.218,0.986,0.3739939881702705
288,4.042044434600075e-06,0.8963654347586003,0.08744759079205218,20.626,26,92,211,664,7722,10313,432,0.092,0.211,0.664,0.37438184815281683
289,4.775843140545479e-06,0.8965249041053439,0.08719680007805589,20.626,26,89,217,838,7726,10313,440,0.089,0.217,0.838,0.37457577814409
290,3.760799052294448e-06,0.8965653939101532,0.08715131663977159,20.626,26,90,219,907,7727,10313,444,0.09,0.219,0.907,0.3746242606419083
291,3.6870792183121948e-06,0.8964988636371272,0.08721060295364325,20.626,26,95,207,1154,7731,10313,440,0.095,0.207,1.154,0.37481819063318145
292,3.6823974061161598e-06,0.8964395189187169,0.08725261297967102,20.626,26,83,234,780,7735,10313,451,0.083,0.234,0.78,0.37501212062445455
293,3.988125511728003e-06,0.8963749798927799,0.08742393935809747,20.626,26,95,221,646,7742,10313,445,0.095,0.221,0.646,0.37535149810918256
294,4.255437287291043e-06,0.8964994873965629,0.0872216588115974,20.626,26,91,219,1002,7742,10313,443,0.091,0.219,1.002,0.37535149810918256
295,3.1356854220856877e-06,0.8965147439482073,0.08721649663564383,20.626,26,92,220,792,7752,10313,446,0.092,0.22,0.792,0.3758363230873655
296,3.3748847655814714e-06,0.8964599215734922,0.08729498799363143,20.626,26,104,216,793,7758,10313,458,0.104,0.216,0.793,0.3761272180742752
297,3.674153096021775e-06,0.8964151349023047,0.08729997001668585,20.626,26,88,241,826,7768,10313,461,0.088,0.241,0.826,0.37661204305245805
298,3.913808909424122e-06,0.8963481217332405,0.08743392687111572,20.626,26,96,229,717,7775,10313,454,0.096,0.229,0.717,0.37695142053718605
299,4.280422252897131e-06,0.8965031963603992,0.08718501059740541,20.626,26,93,224,843,7789,10313,450,0.093,0.224,0.843,0.37763017550664213
300,3.4601766183634386e-06,0.8965316543334377,0.08717972766783647,20.626,26,92,209,815,7796,10313,440,0.092,0.209,0.815,0.37796955299137014
301,3.712409351609602e-06,0.896482663684894,0.08725297180599303,20.626,26,96,204,848,7801,10313,438,0.096,0.204,0.848,0.37821196548046154
302,3.7308816750686434e-06,0.8964245737952804,0.08727711437570561,20.626,26,85,230,928,7808,10313,449,0.085,0.23,0.928,0.37855134296518955
303,3.83476125784134e-06,0.8963646898421567,0.0874220295219711,20.626,26,95,220,748,7813,10313,444,0.095,0.22,0.748,0.378793755454281
304,4.130650399764486e-06,0.8965135672946449,0.08719494367305043,20.626,26,91,216,1034,7814,10313,440,0.091,0.216,1.034,0.3788422379520993
305,3.1199410125719455e-06,0.8965101445579678,0.08721588868156253,20.626,26,94,224,692,7821,10313,452,0.094,0.224,0.692,0.3791816154368273
306,3.367454647442514e-06,0.8964579187106134,0.08728689173542095,20.626,26,106,232,892,7823,10313,471,0.106,0.232,0.892,0.3792785804324639
307,3.5831932325044444e-06,0.8964110720508586,0.08729123782327668,20.626,26,87,240,1045,7827,10313,459,0.087,0.24,1.045,0.37947251042373703
308,3.875700252726546e-06,0.8963648654543395,0.0874327015020967,20.626,26,96,223,722,7834,10313,448,0.096,0.223,0.722,0.37981188790846504
309,4.458809421714907e-06,0.8965105167297763,0.08719143525877592,20.626,26,94,222,846,7836,10313,449,0.094,0.222,0.846,0.37990885290410165
310,3.6242539891407816e-06,0.8965452042892393,0.08717588235585066,20.626,26,96,222,759,7843,10313,452,0.096,0.222,0.759,0.38024823038882966
311,3.7435279035264406e-06,0.8964783871761511,0.08724032497994542,20.626,26,101,214,1089,7843,10313,453,0.101,0.214,1.089,0.38024823038882966
312,3.7123843844797878e-06,0.8964112769078914,0.08726592370142285,20.626,26,86,236,842,7855,10313,456,0.086,0.236,0.842,0.38083002036264907
313,3.778483702272194e-06,0.8963683947502943,0.08740815731467938,20.626,26,95,223,789,7860,10313,447,0.095,0.223,0.789,0.38107243285174053
314,3.969751892911756e-06,0.8965063645378526,0.08721177149235981,20.626,26,90,225,1024,7861,10313,449,0.09,0.225,1.024,0.38112091534955883
315,3.183278243604672e-06,0.8964961420357542,0.08725907676878496,20.626,26,96,233,733,7862,10313,463,0.096,0.233,0.733,0.3811693978473771
316,3.4962737280169096e-06,0.8964550841107702,0.08729847796211385,20.626,26,106,238,885,7866,10313,477,0.106,0.238,0.885,0.38136332783865023
317,3.6863267717067643e-06,0.8964198306152832,0.08727582604545332,20.626,26,84,235,1128,7871,10313,453,0.084,0.235,1.128,0.3816057403277417
318,3.81663038626387e-06,0.8963794454793357,0.08739560673590983,20.626,26,95,216,719,7885,10313,440,0.095,0.216,0.719,0.3822844952971977
319,4.012111656574631e-06,0.8965274283228979,0.08716654108096214,20.626,26,90,226,892,7892,10313,450,0.09,0.226,0.892,0.3826238727819257
320,3.6455936465396217e-06,0.8964950237552112,0.08724848732769352,20.626,26,94,231,775,7892,10313,459,0.094,0.231,0.775,0.3826238727819257
321,4.5473646741577085e-06,0.8965024637404371,0.0872599196356757,20.626,26,100,209,867,7893,10313,447,0.1,0.209,0.867,0.382672355279744
322,4.047980410222282e-06,0.896434009419552,0.08722977758086654,20.626,26,85,235,1149,7896,10313,454,0.085,0.235,1.149,0.3828178027731989
323,3.722780671948121e-06,0.896364438013504,0.0873748922664481,20.626,26,96,219,847,7900,10313,444,0.096,0.219,0.847,0.38301173276447203
324,4.352794398518389e-06,0.8965022178441053,0.08718449074337829,20.626,26,89,224,818,7907,10313,447,0.089,0.224,0.818,0.38335111024920004
325,3.6195002698634737e-06,0.8965006317893357,0.08722965411601621,20.626,26,92,217,1106,7920,10313,443,0.092,0.217,1.106,0.38398138272083776
326,3.541131698526265e-06,0.8964943537234967,0.08727798854502765,20.626,26,103,235,1038,7928,10313,471,0.103,0.235,1.038,0.3843692427033841
327,3.7836656725566797e-06,0.8964195404509036,0.08729245481448089,20.626,26,84,233,1146,7932,10313,451,0.084,0.233,1.146,0.38456317269465723
328,3.979645694522866e-06,0.8963453020679442,0.08743243429975564,20.626,26,99,216,674,7936,10313,444,0.099,0.216,0.674,0.3847571026859304
329,4.137747453046416e-06,0.8964986082490123,0.08717067009470819,20.626,26,91,219,978,7942,10313,444,0.091,0.219,0.978,0.3850479976728401
330,3.131843641943892e-06,0.8965313028314698,0.08718816562515096,20.626,26,89,223,836,7943,10313,446,0.089,0.223,0.836,0.3850964801706584
331,3.6357587917993265e-06,0.8964735810597203,0.08729045289050845,20.626,26,99,218,983,7954,10313,455,0.099,0.218,0.983,0.38562978764665956
332,3.986795071664252e-06,0.8964265577807384,0.08730122279684115,20.626,26,85,230,980,7959,10313,449,0.085,0.23,0.98,0.385872200135751
333,4.127169511266874e-06,0.8963808410877694,0.08741080867179363,20.626,26,94,211,852,7960,10313,434,0.094,0.211,0.852,0.38592068263356927
334,4.404266189643856e-06,0.896527547853748,0.08715188306935083,20.626,26,85,209,952,7960,10313,429,0.085,0.209,0.952,0.38592068263356927
335,3.2396267513288656e-06,0.8965488265816793,0.08716125999131245,20.626,26,90,222,1151,7974,10313,446,0.09,0.222,1.151,0.3865994376030253
336,3.631044315919173e-06,0.8964890855537062,0.08725331408462135,20.626,26,94,213,1060,7975,10313,444,0.094,0.213,1.06,0.3866479201008436
337,3.95605398932214e-06,0.8964202357206613,0.08730653106162622,20.626,26,82,224,874,7980,10313,441,0.082,0.224,0.874,0.38689033258993505
338,4.02412397950358e-06,0.8963644034814735,0.08744255584503964,20.626,26,91,214,1147,7981,10313,434,0.091,0.214,1.147,0.3869388150877533
339,4.171443323644385e-06,0.8965356464968854,0.08717308788751606,20.626,26,87,223,1030,7987,10313,444,0.087,0.223,1.03,0.38722971007466306
340,3.4341182502796833e-06,0.8965301727887605,0.08719861949475818,20.626,26,91,223,864,7993,10313,449,0.091,0.223,0.864,0.38752060506157276
341,3.927983147335152e-06,0.8964970352961772,0.08725530555000074,20.626,26,106,219,1089,7997,10313,462,0.106,0.219,1.089,0.3877145350528459
342,4.013722505896031e-06,0.8964200336523229,0.08726334480078453,20.626,26,87,230,933,8009,10313,451,0.087,0.23,0.933,0.3882963250266654
343,3.7951006020726332e-06,0.8963456533944947,0.08740462460540624,20.626,26,97,216,874,8015,10313,442,0.097,0.216,0.874,0.3885872200135751
344,4.028898790163931e-06,0.8965035176607355,0.08718608304995745,20.626,26,88,227,981,8016,10313,449,0.088,0.227,0.981,0.3886357025113934
345,3.479101008089364e-06,0.8964998352388822,0.08724203262632582,20.626,26,91,221,738,8025,10313,447,0.091,0.221,0.738,0.38907204499175796
346,3.7772220516014574e-06,0.89648758936713,0.08726706912960615,20.626,26,98,224,836,8025,10313,455,0.098,0.224,0.836,0.38907204499175796
347,3.6328566818242027e-06,0.8964264228359122,0.08726945998700536,20.626,26,84,237,1312,8028,10313,455,0.084,0.237,1.312,0.3892174924852128
348,3.89301762136819e-06,0.8963635254916603,0.08742123814077289,20.626,26,96,219,670,8030,10313,444,0.096,0.219,0.67,0.3893144574808494
349,4.198959989474821e-06,0.8965141190671915,0.08717226141066144,20.626,26,88,222,889,8032,10313,444,0.088,0.222,0.889,0.38941142247648597
350,3.4711746719155084e-06,0.8965069294944956,0.08723213270081258,20.626,26,91,221,803,8033,10313,446,0.091,0.221,0.803,0.38945990497430427
351,4.0196467691902565e-06,0.8964978948295285,0.08724934152643235,20.626,26,102,214,985,8036,10313,454,0.102,0.214,0.985,0.3896053524677591
352,3.8956366988975216e-06,0.8964533528311888,0.08723854871614042,20.626,26,83,228,1618,8037,10313,445,0.083,0.228,1.618,0.38965383496557743
353,3.862064485551751e-06,0.8963801069900575,0.08739187789435682,20.626,26,95,212,1169,8039,10313,436,0.095,0.212,1.169,0.389750799961214
354,4.2727746122331295e-06,0.8965289115666081,0.08716221620681147,20.626,26,88,220,933,8039,10313,442,0.088,0.22,0.933,0.389750799961214
355,3.409134897704979e-06,0.8965099658376933,0.08722462651500595,20.626,26,92,223,830,8040,10313,449,0.092,0.223,0.83,0.3897992824590323
356,3.8099477345093013e-06,0.8964685243065837,0.08726466131149832,20.626,26,95,221,1117,8040,10313,449,0.095,0.221,1.117,0.3897992824590323
357,3.766585979822022e-06,0.8964335975307013,0.08726318162775362,20.626,26,83,232,1287,8041,10313,449,0.083,0.232,1.287,0.3898477649568506
358,3.851673137412497e-06,0.8963794029301382,0.0874103579754408,20.626,26,96,215,780,8044,10313,440,0.096,0.215,0.78,0.38999321245030544
359,4.148825194202375e-06,0.8965273796016855,0.08716324774079869,20.626,26,90,223,993,8048,10313,447,0.09,0.223,0.993,0.3901871424415786
360,3.3931239966456187e-06,0.8965109153074713,0.08721997960513889,20.626,26,92,225,819,8050,10313,451,0.092,0.225,0.819,0.39028410743721514
361,3.800223771785254e-06,0.8964805769514272,0.08726235782659703,20.626,26,102,214,1049,8050,10313,454,0.102,0.214,1.049,0.39028410743721514
362,3.8094666917184988e-06,0.8964353801780403,0.0872608993709846,20.626,26,85,230,978,8052,10313,449,0.085,0.23,0.978,0.39038107243285175
363,3.8804182850584574e-06,0.8963723856065903,0.08740920449828048,20.626,26,97,218,873,8061,10313,444,0.097,0.218,0.873,0.3908174149132163
364,4.216961735341085e-06,0.8965193826526715,0.08716377661269518,20.626,26,87,221,967,8069,10313,442,0.087,0.221,0.967,0.3912052748957626
365,3.5176635301536897e-06,0.8965041726915656,0.0872324111369136,20.626,26,91,221,793,8072,10313,446,0.091,0.221,0.793,0.3913507223892175
366,3.983229946854329e-06,0.8964877506841182,0.08724989833030947,20.626,26,96,220,1205,8073,10313,449,0.096,0.22,1.205,0.3913992048870358
367,3.7691434689881835e-06,0.8964438985219672,0.08723855357718112,20.626,26,81,236,1681,8075,10313,451,0.081,0.236,1.681,0.39149616988267233
368,3.750732051922079e-06,0.8963898583260596,0.08738224785281089,20.626,26,96,219,800,8087,10313,444,0.096,0.219,0.8,0.3920779598564918
369,4.089041903297029e-06,0.89652330165732,0.08717490471737065,20.626,26,90,230,1000,8091,10313,454,0.09,0.23,1.0,0.39227188984776495
370,3.4137690831132496e-06,0.8964851004179564,0.0872554888628129,20.626,26,96,224,805,8096,10313,454,0.096,0.224,0.805,0.3925143023368564
371,3.847244194073174e-06,0.8964736991164471,0.08725968800144761,20.626,26,99,217,1022,8097,10313,454,0.099,0.217,1.022,0.39256278483467466
372,3.7187674406445823e-06,0.8964404616169995,0.08725616163834694,20.626,26,81,234,1613,8098,10313,449,0.081,0.234,1.613,0.39261126733249296
373,3.958189589061471e-06,0.8963792045082153,0.08740953773344869,20.626,26,96,213,721,8098,10313,438,0.096,0.213,0.721,0.39261126733249296
374,4.25294538965482e-06,0.8965218719787784,0.08716801923875422,20.626,26,88,217,895,8109,10313,439,0.088,0.217,0.895,0.39314457480849413
375,3.285380312014419e-06,0.8965218320371712,0.08721065948704963,20.626,26,92,220,824,8111,10313,446,0.092,0.22,0.824,0.39324153980413074
376,3.7260488417782416e-06,0.8964685983621264,0.08727535865060589,20.626,26,97,209,1422,8114,10313,444,0.097,0.209,1.422,0.3933869872975856
377,3.75406242159682e-06,0.8964273182923413,0.08728442465745162,20.626,26,83,224,1113,8115,10313,445,0.083,0.224,1.113,0.39343546979540384
378,3.916439273108387e-06,0.8963717838471305,0.08742555947037382,20.626,26,94,215,759,8115,10313,438,0.094,0.215,0.759,0.39343546979540384
379,4.194829570583986e-06,0.8965225419012338,0.08716672848220003,20.626,26,89,221,954,8116,10313,444,0.089,0.221,0.954,0.39348395229322214
380,3.599398679872242e-06,0.8965135665979149,0.08721948842724084,20.626,26,92,220,811,8128,10313,446,0.092,0.22,0.811,0.3940657422670416
381,4.134412696980933e-06,0.8964974514040958,0.08725070538402184,20.626,26,101,221,1015,8131,10313,460,0.101,0.221,1.015,0.39421118976049646
382,3.970424025319168e-06,0.8964375768677444,0.08724304275266494,20.626,26,86,237,1217,8135,10313,457,0.086,0.237,1.217,0.3944051197517696
383,3.755797853727371e-06,0.8963622383792829,0.08738283804705191,20.626,26,97,216,958,8143,10313,442,0.097,0.216,0.958,0.39479297973431593
384,4.0201592615612936e-06,0.896492254588444,0.08719976657626188,20.626,26,88,224,1094,8143,10313,447,0.088,0.224,1.094,0.39479297973431593
385,3.5067574074240596e-06,0.8964696114620792,0.08728219606588396,20.626,26,91,221,751,8147,10313,446,0.091,0.221,0.751,0.3949869097255891
386,3.867052906951527e-06,0.8964848195517057,0.08727587700473502,20.626,26,98,233,980,8149,10313,464,0.098,0.233,0.98,0.39508387472122564
387,4.11806781262909e-06,0.8964276764625052,0.08727575174274269,20.626,26,84,233,1836,8151,10313,451,0.084,0.233,1.836,0.3951808397168622
388,4.290991658317628e-06,0.8963807732511357,0.08737686075081126,20.626,26,97,207,887,8152,10313,433,0.097,0.207,0.887,0.3952293222146805
389,4.279820414308585e-06,0.8965115515206812,0.08715556399018753,20.626,26,85,217,931,8155,10313,437,0.085,0.217,0.931,0.39537476970813534
390,3.3704045639251473e-06,0.8965287913992575,0.08720136289567611,20.626,26,92,220,1214,8157,10313,446,0.092,0.22,1.214,0.39547173470377195
391,4.048111246465337e-06,0.8964849433198631,0.0872737470143015,20.626,26,96,205,1038,8159,10313,438,0.096,0.205,1.038,0.3955686996994085
392,3.94743669797392e-06,0.8964301822311975,0.08728607983758184,20.626,26,82,223,983,8159,10313,439,0.082,0.223,0.983,0.3955686996994085
393,3.762822086741949e-06,0.8963748572367468,0.08740658451722913,20.626,26,93,212,860,8162,10313,434,0.093,0.212,0.86,0.39571414719286335
394,3.845862759411067e-06,0.8965073939488675,0.087197229762781,20.626,26,92,228,922,8165,10313,454,0.092,0.228,0.922,0.39585959468631826
395,3.164226638032537e-06,0.8965057063830859,0.08723110135547693,20.626,26,95,229,819,8167,10313,459,0.095,0.229,0.819,0.3959565596819548
396,3.606344403531522e-06,0.8964398853556068,0.08731541626983139,20.626,26,103,230,904,8175,10313,467,0.103,0.23,0.904,0.3963444196645011
397,3.93826902909434e-06,0.8964026771757261,0.0873045772218092,20.626,26,88,232,1017,8176,10313,455,0.088,0.232,1.017,0.3963929021623194
398,4.1802570856728835e-06,0.8963775043356041,0.08738454919826409,20.626,26,94,213,682,8181,10313,436,0.094,0.213,0.682,0.39663531465141083
399,4.452514833305022e-06,0.8965583423620725,0.08714829358244659,20.626,26,90,215,830,8183,10313,439,0.09,0.215,0.83,0.39673227964704744
400,3.5107436613508584e-06,0.8965335733200339,0.08719768848367997,20.626,26,97,223,699,8187,10313,455,0.097,0.223,0.699,0.3969262096383206
401,3.823131807465707e-06,0.8964479120540163,0.08728632873078612,20.626,26,101,211,840,8189,10313,449,0.101,0.211,0.84,0.39702317463395714
402,3.909773362478994e-06,0.896413522625487,0.0872802219768563,20.626,26,86,229,836,8191,10313,449,0.086,0.229,0.836,0.3971201396295937
403,3.974116476464638e-06,0.8963811284916122,0.087396522951249,20.626,26,95,212,690,8194,10313,436,0.095,0.212,0.69,0.3972655871230486
404,3.962549759888403e-06,0.8965192939544209,0.08718920101185273,20.626,26,94,222,790,8196,10313,450,0.094,0.222,0.79,0.39736255211868515
405,3.119818840327129e-06,0.8965000971959292,0.08722615051177232,20.626,26,98,228,740,8199,10313,460,0.098,0.228,0.74,0.39750799961214
406,3.4508915634495723e-06,0.8964365211480159,0.08730064453312676,20.626,26,106,221,930,8203,10313,464,0.106,0.221,0.93,0.39770192960341316
407,3.6997433863520764e-06,0.8964062045297037,0.08730186735858411,20.626,26,87,232,1020,8204,10313,451,0.087,0.232,1.02,0.39775041210123147
408,3.6531785590151385e-06,0.8963789958269873,0.08740470448534955,20.626,26,93,218,706,8207,10313,444,0.093,0.218,0.706,0.3978958595946863
409,3.8132884391030467e-06,0.8965200506233123,0.08718416990450822,20.626,26,87,219,852,8208,10313,443,0.087,0.219,0.852,0.3979443420925046
410,3.292246400960921e-06,0.896518017580622,0.08723338332952385,20.626,26,91,217,749,8209,10313,446,0.091,0.217,0.749,0.39799282459032287
411,3.933305404737192e-06,0.8964514415317545,0.08730416435365977,20.626,26,95,231,858,8212,10313,459,0.095,0.231,0.858,0.3981382720837778
412,4.579647441930986e-06,0.8964421320047943,0.0872902636997499,20.626,26,84,232,993,8215,10313,451,0.084,0.232,0.993,0.39828371957723263
413,4.899792303310134e-06,0.896398837306294,0.08736507689671828,20.626,26,96,216,894,8219,10313,441,0.096,0.216,0.894,0.3984776495685058
414,4.972251195901779e-06,0.8965058902770089,0.08715626656595953,20.626,26,91,214,916,8222,10313,439,0.091,0.214,0.916,0.39862309706196064
415,3.6501284406487945e-06,0.8965147976366395,0.08716614357686638,20.626,26,90,221,884,8222,10313,449,0.09,0.221,0.884,0.39862309706196064
416,3.889285675388461e-06,0.8964851276432377,0.08725939508097895,20.626,26,93,207,927,8223,10313,437,0.093,0.207,0.927,0.39867157955977894
417,4.038672079511448e-06,0.8964476098956745,0.0873043365503882,20.626,26,83,227,944,8224,10313,444,0.083,0.227,0.944,0.3987200620575972
418,4.18787728061377e-06,0.8963873522983724,0.08741007863202495,20.626,26,96,218,657,8224,10313,443,0.096,0.218,0.657,0.3987200620575972
419,3.976671046220928e-06,0.8965074377107148,0.08718911233018688,20.626,26,92,224,1049,8228,10313,449,0.092,0.224,1.049,0.39891399204887035
420,3.1066911047968045e-06,0.8965084533785523,0.08720867185629559,20.626,26,94,230,788,8231,10313,459,0.094,0.23,0.788,0.3990594395423252
421,3.3863762452070813e-06,0.8964375691940382,0.08730625162343177,20.626,26,103,218,865,8231,10313,458,0.103,0.218,0.865,0.3990594395423252
422,3.6550068418899384e-06,0.8964057945392969,0.08731999293739144,20.626,26,92,234,807,8233,10313,458,0.092,0.234,0.807,0.3991564045379618
423,3.657584966745849e-06,0.8963657192766895,0.08741098795729069,20.626,26,95,220,892,8234,10313,444,0.095,0.22,0.892,0.3992048870357801
424,3.634544848657333e-06,0.8965080351874831,0.08720159996731207,20.626,26,86,224,838,8235,10313,447,0.086,0.224,0.838,0.39925336953359836
425,3.3053831370189916e-06,0.89650572575074,0.08725130193424993,20.626,26,90,203,734,8236,10313,437,0.09,0.203,0.734,0.39930185203141666
426,3.8062477086263863e-06,0.8964686110873351,0.0873077868400089,20.626,26,96,233,730,8238,10313,462,0.096,0.233,0.73,0.3993988170270532
427,4.271391223252288e-06,0.8964344504419877,0.08730688448192124,20.626,26,85,232,1319,8238,10313,452,0.085,0.232,1.319,0.3993988170270532
428,4.673076701210409e-06,0.8963932269769166,0.08738021081502327,20.626,26,96,216,891,8239,10313,441,0.096,0.216,0.891,0.3994472995248715
429,4.988832640316286e-06,0.8965109547805171,0.08716617470755317,20.626,26,90,211,810,8239,10313,435,0.09,0.211,0.81,0.3994472995248715
430,3.614424416791342e-06,0.8965173896251722,0.08716673441523014,20.626,26,91,220,881,8242,10313,449,0.091,0.22,0.881,0.39959274701832637
431,3.987695097864983e-06,0.8964836861955476,0.08725807527415227,20.626,26,96,206,891,8247,10313,439,0.096,0.206,0.891,0.3998351595074178
432,4.1726277515429854e-06,0.8964378396472077,0.08729224686030931,20.626,26,83,221,878,8248,10313,438,0.083,0.221,0.878,0.39988364200523613
433,4.089474931558873e-06,0.8963753248015814,0.08742430655666539,20.626,26,93,202,631,8251,10313,424,0.093,0.202,0.631,0.400029089498691
434,3.933982346693472e-06,0.8965062624839643,0.08721541106488745,20.626,26,86,214,1059,8254,10313,438,0.086,0.214,1.059,0.40017453699214584
435,3.1183111216349226e-06,0.8964898172477807,0.08724259582048734,20.626,26,89,221,773,8256,10313,446,0.089,0.221,0.773,0.4002715019877824
436,3.753800465016829e-06,0.8964297143603167,0.08734544155332741,20.626,26,99,219,862,8258,10313,455,0.099,0.219,0.862,0.400368466983419
437,4.2468524997591055e-06,0.8964647966912467,0.08728570560092007,20.626,26,87,233,769,8259,10313,454,0.087,0.233,0.769,0.4004169494812373
438,4.055382747386072e-06,0.8964122554170137,0.0873497257596561,20.626,26,92,208,1090,8259,10313,429,0.092,0.208,1.09,0.4004169494812373
439,3.8841531251530395e-06,0.8965248057170955,0.08714820535143138,20.626,26,89,220,794,8260,10313,443,0.089,0.22,0.794,0.40046543197905554
440,3.625466728057777e-06,0.8965264871884622,0.08720239965395331,20.626,26,86,203,1148,8263,10313,429,0.086,0.203,1.148,0.40061087947251045
441,3.95058079852015e-06,0.8964602350977334,0.08731393734888451,20.626,26,97,206,747,8263,10313,440,0.097,0.206,0.747,0.40061087947251045
442,3.764323113677154e-06,0.8964158238925677,0.08730396042297059,20.626,26,87,237,946,8266,10313,458,0.087,0.237,0.946,0.4007563269659653
443,3.7785429992341514e-06,0.8963810476458567,0.08739103172671427,20.626,26,96,219,778,8270,10313,444,0.096,0.219,0.778,0.40095025695723846
444,3.808178421777788e-06,0.8964978876697864,0.087185801785438,20.626,26,93,223,879,8274,10313,450,0.093,0.223,0.879,0.40114418694851156
445,2.918310707028794e-06,0.89649355377326,0.08722824337190088,20.626,26,95,229,796,8275,10313,458,0.095,0.229,0.796,0.40119266944632986
446,3.5074927085293423e-06,0.8964465319787207,0.08731910097139639,20.626,26,102,229,898,8279,10313,464,0.102,0.229,0.898,0.401386599437603
447,3.803147061485713e-06,0.896429764567001,0.08729369221829743,20.626,26,84,230,1070,8280,10313,450,0.084,0.23,1.07,0.4014350819354213
448,3.6619269112737313e-06,0.8964054036922294,0.08737635391677265,20.626,26,92,212,721,8284,10313,434,0.092,0.212,0.721,0.4016290119266945
449,3.9395238141245955e-06,0.8965112562052746,0.08719383407366553,20.626,26,90,219,771,8288,10313,443,0.09,0.219,0.771,0.40182294191796764
450,3.7784594618453204e-06,0.896502099886994,0.08724065387951976,20.626,26,89,221,701,8289,10313,444,0.089,0.221,0.701,0.4018714244157859
451,4.57083277787881e-06,0.8964783039316543,0.08730639678168077,20.626,26,97,212,895,8292,10313,447,0.097,0.212,0.895,0.4020168719092408
452,4.375585157663301e-06,0.8964305095286168,0.08725298077394496,20.626,26,89,237,1014,8293,10313,460,0.089,0.237,1.014,0.40206535440705904
453,4.02960644973657e-06,0.8963827151128151,0.08733567836087752,20.626,26,97,216,1301,8293,10313,442,0.097,0.216,1.301,0.40206535440705904
454,4.2668714905882105e-06,0.8965107611918522,0.08715273671795998,20.626,26,88,215,969,8295,10313,437,0.088,0.215,0.969,0.40216231940269564
455,3.4698821933959783e-06,0.8965229840611669,0.08721229795774951,20.626,26,91,220,1117,8297,10313,445,0.091,0.22,1.117,0.4022592843983322
456,3.631265546566381e-06,0.8964691626904044,0.0873132416919257,20.626,26,102,216,846,8303,10313,455,0.102,0.216,0.846,0.4025501793852419
457,3.878847898659767e-06,0.896423432629801,0.0873232551816805,20.626,26,89,227,1078,8307,10313,450,0.089,0.227,1.078,0.40274410937651506
458,3.86026328579565e-06,0.8963642449504655,0.0874130889157062,20.626,26,99,214,642,8307,10313,442,0.099,0.214,0.642,0.40274410937651506
459,3.835018065704623e-06,0.8964980374165714,0.08717967531595332,20.626,26,94,219,862,8308,10313,447,0.094,0.219,0.862,0.40279259187433336
460,3.095993432974395e-06,0.8965102053930004,0.08720893062078038,20.626,26,91,223,812,8313,10313,452,0.091,0.223,0.812,0.4030350043634248
461,3.794658063088925e-06,0.8964429373396092,0.08731977498585619,20.626,26,96,229,851,8314,10313,458,0.096,0.229,0.851,0.40308348686124307
462,4.076076408597809e-06,0.8964243766604497,0.08729964960741914,20.626,26,82,230,997,8321,10313,448,0.082,0.23,0.997,0.4034228643459711
463,3.8665661335566305e-06,0.8964144279537336,0.0873581782257403,20.626,26,90,209,1302,8321,10313,429,0.09,0.209,1.302,0.4034228643459711
464,4.183588188382097e-06,0.8965258076326015,0.08718270541097226,20.626,26,88,214,835,8321,10313,436,0.088,0.214,0.835,0.4034228643459711
465,3.96588402177429e-06,0.8965282397459647,0.08721961496232547,20.626,26,95,223,1120,8321,10313,452,0.095,0.223,1.12,0.4034228643459711
466,4.308507550230981e-06,0.8964769973427246,0.08727480996528195,20.626,26,107,226,918,8325,10313,470,0.107,0.226,0.918,0.40361679433724423
467,3.960972243968348e-06,0.896422097489106,0.08724414183975558,20.626,26,93,251,1145,8332,10313,473,0.093,0.251,1.145,0.40395617182197224
468,3.679962138295613e-06,0.8963605621461457,0.08735891624836102,20.626,26,100,232,698,8333,10313,461,0.1,0.232,0.698,0.40400465431979055
469,3.8716108916498176e-06,0.8964852482757106,0.08719207926920211,20.626,26,96,230,985,8335,10313,459,0.096,0.23,0.985,0.40410161931542715
470,3.1609548788389873e-06,0.8964915713163323,0.0872569498172086,20.626,26,95,232,896,8337,10313,461,0.095,0.232,0.896,0.4041985843110637
471,3.6136171356181558e-06,0.8964389099529231,0.08735082199461665,20.626,26,103,233,869,8345,10313,469,0.103,0.233,0.869,0.40458644429361
472,3.9208489750891825e-06,0.8964087745505349,0.08730773706535376,20.626,26,88,233,1021,8352,10313,455,0.088,0.233,1.021,0.404925821778338
473,3.7026260810956986e-06,0.8963837562825391,0.08736573348412967,20.626,26,97,214,695,8353,10313,440,0.097,0.214,0.695,0.4049743042761563
474,3.882681971071205e-06,0.8965079365172964,0.08717421429194638,20.626,26,92,219,756,8356,10313,445,0.092,0.219,0.756,0.4051197517696112
475,3.2238756869030035e-06,0.8965140194516279,0.0872084052068995,20.626,26,91,224,761,8359,10313,449,0.091,0.224,0.761,0.40526519926306603
476,3.6638951712563106e-06,0.8964570515030382,0.08731978360999829,20.626,26,101,221,821,8360,10313,459,0.101,0.221,0.821,0.40531368176088434
477,3.947864018457435e-06,0.8964437902713821,0.08728217296231675,20.626,26,83,231,892,8361,10313,448,0.083,0.231,0.892,0.4053621642587026
478,3.8741907759087285e-06,0.8964080063913762,0.08737353569520553,20.626,26,94,213,714,8361,10313,436,0.094,0.213,0.714,0.4053621642587026
479,3.8676538001461695e-06,0.8965246939885674,0.08716267742026791,20.626,26,92,219,813,8363,10313,445,0.092,0.219,0.813,0.4054591292543392
480,3.1215303376428145e-06,0.8965144007635076,0.08721712270298555,20.626,26,96,230,724,8366,10313,460,0.096,0.23,0.724,0.40560457674779404
481,3.517763662069159e-06,0.8964286727013754,0.0873168928595212,20.626,26,104,228,934,8369,10313,465,0.104,0.228,0.934,0.4057500242412489
482,3.651723314035368e-06,0.8964068649075866,0.08730169431777857,20.626,26,89,228,1037,8370,10313,452,0.089,0.228,1.037,0.4057985067390672
483,3.605453943528328e-06,0.8963949478820654,0.08738700408347364,20.626,26,93,216,635,8370,10313,438,0.093,0.216,0.635,0.4057985067390672
484,3.96548274572536e-06,0.8965116432293637,0.08720266912417762,20.626,26,88,221,834,8372,10313,443,0.088,0.221,0.834,0.40589547173470375
485,3.5968811293566143e-06,0.8965029729764707,0.08724923165211843,20.626,26,93,219,702,8374,10313,446,0.093,0.219,0.702,0.40599243673034036
486,4.1131234750997e-06,0.8964747678989365,0.0872838544794579,20.626,26,100,219,940,8374,10313,457,0.1,0.219,0.94,0.40599243673034036
487,3.935633202726001e-06,0.8964409373868224,0.08723497052805337,20.626,26,83,237,1008,8380,10313,454,0.083,0.237,1.008,0.40628333171725006
488,3.6646982286066206e-06,0.8963945022388655,0.08734501206854833,20.626,26,95,216,904,8380,10313,440,0.095,0.216,0.904,0.40628333171725006
489,3.896045740252704e-06,0.8965101652702179,0.08718272409790012,20.626,26,91,225,756,8384,10313,450,0.091,0.225,0.756,0.4064772617085232
490,3.1811055676000935e-06,0.8964815499943757,0.08726504093262537,20.626,26,93,228,824,8385,10313,455,0.093,0.228,0.824,0.4065257442063415
491,3.3985951405121704e-06,0.8964649025688674,0.08731816260385236,20.626,26,102,236,879,8390,10313,471,0.102,0.236,0.879,0.4067681566954329
492,3.7008287322024924e-06,0.8964139745453572,0.08731596843367306,20.626,26,84,234,1086,8390,10313,450,0.084,0.234,1.086,0.4067681566954329
493,3.6969438437204714e-06,0.896371562333531,0.08740733662823177,20.626,26,96,221,630,8390,10313,446,0.096,0.221,0.63,0.4067681566954329
494,4.0771189526915215e-06,0.8964894811120225,0.08719834100518824,20.626,26,87,219,842,8390,10313,443,0.087,0.219,0.842,0.4067681566954329
495,3.943803964741461e-06,0.8964789189955663,0.087263583168822,20.626,26,94,223,728,8390,10313,451,0.094,0.223,0.728,0.4067681566954329
496,4.251798693026869e-06,0.8964957858744045,0.08724016589533806,20.626,26,98,223,1122,8397,10313,459,0.098,0.223,1.122,0.40710753418016093
497,3.961719664730197e-06,0.8964900280944125,0.08720735657763704,20.626,26,85,228,1336,8399,10313,447,0.085,0.228,1.336,0.40720449917579754
498,3.7347085606640744e-06,0.896406744834613,0.08734517794174793,20.626,26,99,227,721,8399,10313,455,0.099,0.227,0.721,0.40720449917579754
499,3.931267922750959e-06,0.8965056087684303,0.08718166771805594,20.626,26,94,234,811,8402,10313,461,0.094,0.234,0.811,0.4073499466692524
500,3.249402912636986e-06,0.8964714847121612,0.08727602059560917,20.626,26,95,234,932,8404,10313,463,0.095,0.234,0.932,0.407446911664889
501,3.69284146754327e-06,0.8964454501271832,0.08730961150627098,20.626,26,102,234,985,8405,10313,469,0.102,0.234,0.985,0.40749539416270725
502,3.80558056978532e-06,0.8964239497671744,0.08728302577491133,20.626,26,84,229,1625,8405,10313,447,0.084,0.229,1.625,0.40749539416270725
503,3.6808333023462432e-06,0.896395718608894,0.0873740957392311,20.626,26,95,218,723,8405,10313,442,0.095,0.218,0.723,0.40749539416270725
504,4.048848005506431e-06,0.896510535963643,0.08718141858475277,20.626,26,89,228,843,8406,10313,451,0.089,0.228,0.843,0.40754387666052555
505,3.7863514010435096e-06,0.8964870468332706,0.08725387171734972,20.626,26,93,222,777,8406,10313,449,0.093,0.222,0.777,0.40754387666052555
506,4.11135716474291e-06,0.8964928600690486,0.08725969846729839,20.626,26,99,222,1066,8406,10313,459,0.099,0.222,1.066,0.40754387666052555
507,3.888101498192274e-06,0.8964586675065889,0.08723058835868687,20.626,26,84,236,1306,8416,10313,454,0.084,0.236,1.306,0.4080287016387084
508,3.7826975708633795e-06,0.8963895033629642,0.08736219918140262,20.626,26,96,215,688,8416,10313,440,0.096,0.215,0.688,0.4080287016387084
509,4.021174443434379e-06,0.8965037468946059,0.08718415078691376,20.626,26,90,227,802,8416,10313,452,0.09,0.227,0.802,0.4080287016387084
510,3.4088994466346127e-06,0.896463843352078,0.08728355798461528,20.626,26,94,233,907,8416,10313,461,0.094,0.233,0.907,0.4080287016387084
511,3.747469043173961e-06,0.8964720282139681,0.0872872217693845,20.626,26,99,231,1024,8416,10313,463,0.099,0.231,1.024,0.4080287016387084
512,3.83962820874362e-06,0.8964439390423203,0.08727193250312267,20.626,26,85,231,1457,8416,10313,450,0.085,0.231,1.457,0.4080287016387084
513,3.802096332427773e-06,0.8963882232010433,0.08737382942504995,20.626,26,97,216,919,8416,10313,442,0.097,0.216,0.919,0.4080287016387084
514,4.090998723897303e-06,0.8964954764743571,0.08718959368396224,20.626,26,92,227,829,8418,10313,453,0.092,0.227,0.829,0.408125666634345
515,3.4122842793188983e-06,0.8964968105986361,0.08722565885307038,20.626,26,95,224,749,8419,10313,453,0.095,0.224,0.749,0.40817414913216327
516,3.6924480714988702e-06,0.8964694730881374,0.08728073879174665,20.626,26,98,224,847,8420,10313,459,0.098,0.224,0.847,0.40822263162998157
517,3.7606306441188017e-06,0.8964406636621095,0.08727784889807597,20.626,26,86,234,1007,8421,10313,454,0.086,0.234,1.007,0.4082711141277999
518,3.7302177076164344e-06,0.8963878911531687,0.08739026828953227,20.626,26,99,220,700,8426,10313,448,0.099,0.22,0.7,0.4085135266168913
519,3.773511155791362e-06,0.8965026148177961,0.08718274547819811,20.626,26,94,230,857,8427,10313,458,0.094,0.23,0.857,0.4085620091147096
520,3.07558357498445e-06,0.8965014016456974,0.08722844688695837,20.626,26,95,228,769,8429,10313,457,0.095,0.228,0.769,0.4086589741103462
521,3.4327440085545077e-06,0.8964525653396176,0.08730707954334761,20.626,26,103,229,907,8430,10313,465,0.103,0.229,0.907,0.40870745660816443
522,3.6390441785605293e-06,0.8964127269828767,0.087306062259907,20.626,26,85,230,1017,8430,10313,450,0.085,0.23,1.017,0.40870745660816443
523,3.546373443275418e-06,0.896386027113819,0.08739870747806651,20.626,26,92,219,681,8430,10313,444,0.092,0.219,0.681,0.40870745660816443
524,3.7100233712091966e-06,0.8965159825858973,0.08719494547259304,20.626,26,85,211,862,8431,10313,441,0.085,0.211,0.862,0.40875593910598274
525,3.4360211147580042e-06,0.8964880594943367,0.08726745118004556,20.626,26,90,217,738,8431,10313,445,0.09,0.217,0.738,0.40875593910598274
526,4.673956057518174e-06,0.8964580979302498,0.08732449480105413,20.626,26,97,219,817,8440,10313,454,0.097,0.219,0.817,0.40919228158634735
527,5.0784269248943865e-06,0.896448887477273,0.0872534249013701,20.626,26,87,230,902,8440,10313,452,0.087,0.23,0.902,0.40919228158634735
528,4.318496421401015e-06,0.8964187701211399,0.08728640177677648,20.626,26,94,209,1298,8440,10313,432,0.094,0.209,1.298,0.40919228158634735
529,4.14051361586827e-06,0.8965092370443827,0.08715612612422435,20.626,26,87,219,796,8440,10313,441,0.087,0.219,0.796,0.40919228158634735
530,3.66648642413261e-06,0.8965264777365265,0.08721867985597831,20.626,26,90,234,1038,8442,10313,459,0.09,0.234,1.038,0.4092892465819839
531,3.902673065184299e-06,0.8964782921898128,0.08730503898333764,20.626,26,101,224,1083,8446,10313,458,0.101,0.224,1.083,0.40948317657325706
532,3.7999562904661947e-06,0.8963988913449612,0.08733239704308045,20.626,26,92,241,898,8446,10313,462,0.092,0.241,0.898,0.40948317657325706
533,3.8778402344691084e-06,0.8963560035934129,0.08741135533643196,20.626,26,98,217,657,8446,10313,444,0.098,0.217,0.657,0.40948317657325706
534,3.82237126460067e-06,0.8964463821654853,0.0872441780834165,20.626,26,96,223,856,8448,10313,453,0.096,0.223,0.856,0.4095801415688936
535,3.185631298166675e-06,0.896485254483782,0.08725058778164727,20.626,26,97,230,770,8449,10313,462,0.097,0.23,0.77,0.4096286240667119
536,3.627886935540357e-06,0.8964416768967308,0.08730892201877646,20.626,26,105,230,893,8450,10313,468,0.105,0.23,0.893,0.4096771065645302
537,3.642298427358595e-06,0.8964373477402057,0.08726932321236672,20.626,26,86,229,1031,8450,10313,450,0.086,0.229,1.031,0.4096771065645302
538,3.702079539215638e-06,0.8964318791785475,0.08735163243585255,20.626,26,91,212,628,8450,10313,432,0.091,0.212,0.628,0.4096771065645302
539,3.875773274496696e-06,0.8965135791359278,0.08721288344763356,20.626,26,87,220,804,8450,10313,441,0.087,0.22,0.804,0.4096771065645302
540,3.156652773698904e-06,0.8964924893140235,0.08726096076462407,20.626,26,90,217,846,8450,10313,442,0.09,0.217,0.846,0.4096771065645302
541,3.7302080171306977e-06,0.8964501773837076,0.08732499287266035,20.626,26,95,212,924,8450,10313,445,0.095,0.212,0.924,0.4096771065645302
542,4.266332979485332e-06,0.8964103767158302,0.08730912137394375,20.626,26,86,231,1001,8451,10313,452,0.086,0.231,1.001,0.4097255890623485
543,4.472439528226491e-06,0.8964443765861906,0.08733082844865613,20.626,26,92,210,683,8451,10313,431,0.092,0.21,0.683,0.4097255890623485
544,4.187939148070916e-06,0.89651419040005,0.08716212580882934,20.626,26,87,211,801,8451,10313,433,0.087,0.211,0.801,0.4097255890623485
545,3.2919360215786437e-06,0.8965159094404871,0.08719627665697774,20.626,26,93,224,891,8452,10313,451,0.093,0.224,0.891,0.40977407156016676
546,3.83114483539931e-06,0.8964648671311782,0.08728630585407969,20.626,26,95,218,1024,8452,10313,450,0.095,0.218,1.024,0.40977407156016676
547,3.975299986824112e-06,0.8964064072854251,0.08732403476605219,20.626,26,84,226,841,8452,10313,444,0.084,0.226,0.841,0.40977407156016676
548,3.997588326474381e-06,0.8963962367198398,0.08738042131769656,20.626,26,92,211,671,8452,10313,432,0.092,0.211,0.671,0.40977407156016676
549,3.900392780939929e-06,0.8965292094171008,0.0871782719676809,20.626,26,89,221,807,8452,10313,444,0.089,0.221,0.807,0.40977407156016676
550,3.1629483188077725e-06,0.8965073987940376,0.08723103741739974,20.626,26,93,227,758,8454,10313,455,0.093,0.227,0.758,0.40987103655580337
551,3.481086797902903e-06,0.8964617598226624,0.08729116403287313,20.626,26,99,225,916,8456,10313,461,0.099,0.225,0.916,0.4099680015514399
552,3.86380206545893e-06,0.8964136267031777,0.08731326437640541,20.626,26,88,226,1018,8456,10313,446,0.088,0.226,1.018,0.4099680015514399
553,4.093850877854297e-06,0.8964069798488974,0.08737958587175511,20.626,26,94,213,762,8456,10313,436,0.094,0.213,0.762,0.4099680015514399
554,4.102985098440391e-06,0.8965370812639515,0.08715730054072503,20.626,26,86,212,984,8457,10313,432,0.086,0.212,0.984,0.4100164840492582
555,3.1048892597443495e-06,0.8965248725199806,0.08720630551326934,20.626,26,87,225,919,8458,10313,447,0.087,0.225,0.919,0.4100649665470765
556,3.6203493773664944e-06,0.8964790190328743,0.08727655834742021,20.626,26,97,228,908,8458,10313,462,0.097,0.228,0.908,0.4100649665470765
557,3.7278039333260563e-06,0.8964172889554074,0.08729789733573846,20.626,26,87,244,1395,8458,10313,460,0.087,0.244,1.395,0.4100649665470765
558,3.795555369188506e-06,0.8963799478333697,0.08739260879613012,20.626,26,93,210,790,8458,10313,432,0.093,0.21,0.79,0.4100649665470765
559,3.879806566536001e-06,0.8965256291368052,0.08717262504148832,20.626,26,88,228,821,8458,10313,450,0.088,0.228,0.821,0.4100649665470765
560,3.716575416017564e-06,0.8964923790131115,0.08725662639517241,20.626,26,95,227,739,8458,10313,457,0.095,0.227,0.739,0.4100649665470765
561,4.337152466995739e-06,0.8965013972779696,0.08726526317107793,20.626,26,104,237,862,8462,10313,474,0.104,0.237,0.862,0.4102588965383497
562,4.138130870581322e-06,0.8964239546611138,0.08724663572214533,20.626,26,90,244,1293,8462,10313,468,0.09,0.244,1.293,0.4102588965383497
563,3.8717404705163184e-06,0.896372475574302,0.08734594131349223,20.626,26,97,211,1376,8462,10313,437,0.097,0.211,1.376,0.4102588965383497
564,4.125043190201665e-06,0.8964946840406187,0.08718652926419283,20.626,26,87,221,790,8463,10313,442,0.087,0.221,0.79,0.41030737903616793
565,3.670775444104622e-06,0.8964881331706411,0.08727230512202949,20.626,26,91,212,959,8463,10313,437,0.091,0.212,0.959,0.41030737903616793
566,4.10970972202876e-06,0.8964932201472984,0.08726808357533244,20.626,26,100,212,945,8463,10313,449,0.1,0.212,0.945,0.41030737903616793
567,3.7958639852031723e-06,0.8964336591693338,0.08725525509028494,20.626,26,89,235,1475,8463,10313,458,0.089,0.235,1.475,0.41030737903616793
568,3.6906898143471118e-06,0.8963888645300803,0.08736467406936722,20.626,26,100,215,918,8464,10313,444,0.1,0.215,0.918,0.41035586153398623
569,3.801809948080706e-06,0.8964912359215748,0.08718837349930555,20.626,26,93,227,829,8466,10313,454,0.093,0.227,0.829,0.4104528265296228
570,3.013317138907322e-06,0.8964839033020662,0.0872507609286801,20.626,26,97,229,825,8469,10313,460,0.097,0.229,0.825,0.4105982740230777
571,3.3802420070879096e-06,0.896438034965639,0.0873329443096023,20.626,26,103,232,812,8469,10313,468,0.103,0.232,0.812,0.4105982740230777
572,3.55749708043432e-06,0.8964126430246856,0.08731883806820592,20.626,26,84,236,1040,8469,10313,456,0.084,0.236,1.04,0.4105982740230777
573,3.717134916132025e-06,0.8963878415448291,0.08740918658855645,20.626,26,93,222,694,8470,10313,444,0.093,0.222,0.694,0.41064675652089594
574,4.3143751787227166e-06,0.896514752623142,0.08719368617758833,20.626,26,88,220,794,8473,10313,445,0.088,0.22,0.794,0.4107922040143508
575,4.140873693102786e-06,0.8965205892498479,0.08722953049243673,20.626,26,95,226,759,8479,10313,455,0.095,0.226,0.759,0.41108309900126055
576,4.586764686773283e-06,0.896471330008748,0.08725854220629074,20.626,26,98,211,1056,8479,10313,447,0.098,0.211,1.056,0.41108309900126055
577,4.137828134813695e-06,0.896445973231996,0.08721866283083046,20.626,26,85,232,995,8479,10313,451,0.085,0.232,0.995,0.41108309900126055
578,3.878591742897689e-06,0.8963890246425035,0.08735219258634067,20.626,26,95,227,860,8479,10313,451,0.095,0.227,0.86,0.41108309900126055
579,4.194426160800915e-06,0.8965069285618196,0.08719310451859798,20.626,26,91,231,925,8481,10313,455,0.091,0.231,0.925,0.4111800639968971
580,3.5158644606934298e-06,0.896499619200493,0.0872536971307647,20.626,26,91,214,1003,8481,10313,439,0.091,0.214,1.003,0.4111800639968971
581,3.5126307220369665e-06,0.896478613111024,0.08729650955102172,20.626,26,103,232,871,8481,10313,468,0.103,0.232,0.871,0.4111800639968971
582,3.7451799393219537e-06,0.8964201300972221,0.08730043684245675,20.626,26,85,226,1022,8481,10313,445,0.085,0.226,1.022,0.4111800639968971
583,3.927861233243027e-06,0.896359964751678,0.08741805824726577,20.626,26,97,214,631,8481,10313,440,0.097,0.214,0.631,0.4111800639968971
584,4.045008462104487e-06,0.8965032732288184,0.08717487387856158,20.626,26,90,220,910,8481,10313,444,0.09,0.22,0.91,0.4111800639968971
585,3.245952852457842e-06,0.8964969072180348,0.08722772919345244,20.626,26,91,228,824,8483,10313,453,0.091,0.228,0.824,0.4112770289925337
586,3.842390113102592e-06,0.8964788175092251,0.08726727307109085,20.626,26,96,213,821,8484,10313,447,0.096,0.213,0.821,0.41132551149035196
587,3.7465653455448296e-06,0.8964492203256845,0.08726194072017483,20.626,26,83,231,1285,8484,10313,448,0.083,0.231,1.285,0.41132551149035196
588,3.832076349288389e-06,0.8963954883859067,0.08739413613911341,20.626,26,95,210,686,8484,10313,434,0.095,0.21,0.686,0.41132551149035196
589,4.085379084805671e-06,0.8965223968861241,0.08717289989568104,20.626,26,88,220,838,8486,10313,442,0.088,0.22,0.838,0.41142247648598856
590,3.3174576803073715e-06,0.8964938019452293,0.08723626046875516,20.626,26,93,222,729,8486,10313,449,0.093,0.222,0.729,0.41142247648598856
591,3.6080321510591228e-06,0.8964674792922693,0.08727664403571771,20.626,26,101,230,933,8490,10313,464,0.101,0.23,0.933,0.4116164064772617
592,3.7527823837567465e-06,0.8964394003929103,0.08726804919689604,20.626,26,85,226,1441,8490,10313,446,0.085,0.226,1.441,0.4116164064772617
593,3.9362618011733035e-06,0.8963833953062916,0.08740937520473425,20.626,26,95,216,729,8502,10313,440,0.095,0.216,0.729,0.41219819645108113
594,4.215854899504309e-06,0.8965285823353581,0.08716096105583908,20.626,26,89,221,920,8502,10313,444,0.089,0.221,0.92,0.41219819645108113
595,3.4234012134264914e-06,0.8965113359163578,0.0872177073895498,20.626,26,90,219,811,8505,10313,443,0.09,0.219,0.811,0.41234364394453604
596,3.8522730787498295e-06,0.8964792291186268,0.08726144747530017,20.626,26,93,206,1053,8506,10313,437,0.093,0.206,1.053,0.4123921264423543
597,3.7662096744372094e-06,0.8964412072803613,0.08726284068981312,20.626,26,81,233,936,8506,10313,448,0.081,0.233,0.936,0.4123921264423543
598,3.893792706706013e-06,0.8963792627727829,0.08741079341048917,20.626,26,96,217,759,8507,10313,442,0.096,0.217,0.759,0.4124406089401726
599,4.220633661229827e-06,0.8965205237539405,0.08716420428767113,20.626,26,87,218,958,8507,10313,439,0.087,0.218,0.958,0.4124406089401726
600,3.348768542194267e-06,0.8965099876150395,0.08722113450268142,20.626,26,90,219,796,8507,10313,443,0.09,0.219,0.796,0.4124406089401726
601,3.746116716766661e-06,0.8964904717317032,0.0872648365717356,20.626,26,99,214,1087,8507,10313,451,0.099,0.214,1.087,0.4124406089401726
602,3.798714923798036e-06,0.8964516801049417,0.08726350017030363,20.626,26,84,230,1326,8507,10313,448,0.084,0.23,1.326,0.4124406089401726
603,3.89154156342769e-06,0.8963769834128718,0.08740899425843565,20.626,26,97,216,885,8510,10313,442,0.097,0.216,0.885,0.41258605643362745
604,4.132910269606673e-06,0.896513233344393,0.08716175985058029,20.626,26,90,220,953,8513,10313,444,0.09,0.22,0.953,0.4127315039270823
605,3.15806968495118e-06,0.8965130198298078,0.08720476064022384,20.626,26,89,220,789,8513,10313,443,0.089,0.22,0.789,0.4127315039270823
606,3.599420911622595e-06,0.8964847677821424,0.08727193397442708,20.626,26,95,212,1038,8513,10313,445,0.095,0.212,1.038,0.4127315039270823
607,3.7393886208749896e-06,0.8964386508736257,0.08728149251366886,20.626,26,83,229,986,8514,10313,446,0.083,0.229,0.986,0.4127799864249006
608,3.837268264040377e-06,0.896372379961045,0.08742553303486174,20.626,26,97,216,755,8514,10313,442,0.097,0.216,0.755,0.4127799864249006
609,4.180668543167622e-06,0.8965179099612374,0.08716848660005357,20.626,26,87,217,998,8514,10313,438,0.087,0.217,0.998,0.4127799864249006
610,3.2665477683409477e-06,0.8965064264460325,0.08721610718000183,20.626,26,93,224,794,8514,10313,451,0.093,0.224,0.794,0.4127799864249006
611,3.594384915416916e-06,0.8964851799432461,0.08725511430495282,20.626,26,102,229,1039,8514,10313,464,0.102,0.229,1.039,0.4127799864249006
612,3.828950947038833e-06,0.8964569155746017,0.08725781373084475,20.626,26,86,230,1053,8515,10313,450,0.086,0.23,1.053,0.4128284689227189
613,3.9680550631949644e-06,0.8963783958788795,0.08740765715875412,20.626,26,97,214,879,8515,10313,440,0.097,0.214,0.879,0.4128284689227189
614,4.122739720782173e-06,0.8965102416296172,0.0871640422625619,20.626,26,91,219,950,8517,10313,444,0.091,0.219,0.95,0.41292543391835546
615,3.165079926939371e-06,0.8965108143114194,0.08720723790069977,20.626,26,89,220,787,8517,10313,443,0.089,0.22,0.787,0.41292543391835546
616,3.625479524258996e-06,0.8964824115196477,0.08727385212901169,20.626,26,94,209,1028,8520,10313,441,0.094,0.209,1.028,0.4130708814118103
617,3.7249697368579976e-06,0.8964444222079904,0.08728322719177908,20.626,26,84,232,1307,8521,10313,450,0.084,0.232,1.307,0.4131193639096286
618,3.88071890882151e-06,0.8963737958312127,0.08742484220498122,20.626,26,96,219,771,8521,10313,444,0.096,0.219,0.771,0.4131193639096286
619,4.2429282306502034e-06,0.8965186964972738,0.08716705330804365,20.626,26,90,214,949,8522,10313,438,0.09,0.214,0.949,0.4131678464074469
620,3.2745316796132383e-06,0.8965086308310067,0.08720023238588005,20.626,26,91,221,803,8522,10313,446,0.091,0.221,0.803,0.4131678464074469
621,3.4513980172760464e-06,0.8964769929346057,0.08726622258582423,20.626,26,102,231,1031,8522,10313,466,0.102,0.231,1.031,0.4131678464074469
622,3.7789523648698183e-06,0.8964391116618897,0.08727938585619556,20.626,26,84,229,910,8522,10313,446,0.084,0.229,0.91,0.4131678464074469
623,3.924358899150704e-06,0.8963751200600211,0.08742628582504793,20.626,26,94,217,853,8523,10313,440,0.094,0.217,0.853,0.4132163289052652
624,4.080761471993726e-06,0.8965197925348692,0.08717047376130509,20.626,26,89,228,954,8524,10313,450,0.089,0.228,0.954,0.41326481140308347
625,3.5764270338305813e-06,0.8965073243784736,0.08722275280119184,20.626,26,90,219,816,8524,10313,443,0.09,0.219,0.816,0.41326481140308347
626,4.082786909452222e-06,0.8964872516332416,0.0872588642852516,20.626,26,94,209,1118,8524,10313,441,0.094,0.209,1.118,0.41326481140308347
627,3.846934821358563e-06,0.896443588377118,0.08725477123398027,20.626,26,84,236,1069,8525,10313,454,0.084,0.236,1.069,0.41331329390090177
628,3.7986247137673273e-06,0.8963763036023661,0.08739147525090885,20.626,26,98,223,770,8525,10313,450,0.098,0.223,0.77,0.41331329390090177
629,4.1425983298266035e-06,0.896512860248252,0.0871753702022421,20.626,26,91,223,1024,8527,10313,447,0.091,0.223,1.024,0.4134102588965384
630,3.1379796915051865e-06,0.8964968352005593,0.08722634373095708,20.626,26,95,227,718,8527,10313,456,0.095,0.227,0.718,0.4134102588965384
631,3.3295844671567637e-06,0.8964723405667678,0.08727891020874619,20.626,26,105,236,895,8528,10313,474,0.105,0.236,0.895,0.4134587413943566
632,3.57991428629636e-06,0.8964243322491148,0.08729501506130553,20.626,26,87,235,1079,8529,10313,454,0.087,0.235,1.079,0.4135072238921749
633,3.89179412571603e-06,0.8963605307390503,0.08743984850621532,20.626,26,96,217,672,8529,10313,442,0.096,0.217,0.672,0.4135072238921749
634,4.110632983440269e-06,0.8965225394075924,0.08717782724832959,20.626,26,89,224,848,8529,10313,446,0.089,0.224,0.848,0.4135072238921749
635,3.571272854353915e-06,0.8965093268158562,0.08722960652372425,20.626,26,90,219,821,8529,10313,443,0.09,0.219,0.821,0.4135072238921749
636,4.137205826274568e-06,0.8964927488209875,0.08724424423212068,20.626,26,95,204,1135,8530,10313,437,0.095,0.204,1.135,0.4135557063899932
637,3.882496125042593e-06,0.8964551958882185,0.08723314250625731,20.626,26,80,232,1408,8531,10313,446,0.08,0.232,1.408,0.4136041888878115
638,3.8642953978089534e-06,0.8963871173984655,0.08738789431081859,20.626,26,94,213,917,8531,10313,436,0.094,0.213,0.917,0.4136041888878115
639,4.197021568651629e-06,0.8965146629210664,0.08718546481458876,20.626,26,85,218,920,8531,10313,438,0.085,0.218,0.92,0.4136041888878115
640,3.4625777735250857e-06,0.8964880011032627,0.08726350019713351,20.626,26,93,221,729,8531,10313,448,0.093,0.221,0.729,0.4136041888878115
641,3.873947405337224e-06,0.896468697926811,0.08726677181374728,20.626,26,104,227,1000,8535,10313,464,0.104,0.227,1.0,0.41379811887908463
642,3.860070664420431e-06,0.8964410602939579,0.08724441583894478,20.626,26,87,231,1825,8535,10313,452,0.087,0.231,1.825,0.41379811887908463
643,3.7329974994881214e-06,0.8963938186309676,0.08735949122122724,20.626,26,97,216,749,8535,10313,442,0.097,0.216,0.749,0.41379811887908463
644,3.7941402232917505e-06,0.8965190611618414,0.08717259006950125,20.626,26,92,230,857,8536,10313,456,0.092,0.23,0.857,0.41384660137690293
645,3.300457535735421e-06,0.8964953023288488,0.08725948114830359,20.626,26,93,228,782,8537,10313,455,0.093,0.228,0.782,0.41389508387472124
646,3.837932643736943e-06,0.8964590210824283,0.08729736517439937,20.626,26,93,215,1003,8537,10313,445,0.093,0.215,1.003,0.41389508387472124
647,3.64912748169424e-06,0.8964333753757717,0.08727467863130284,20.626,26,83,234,1178,8537,10313,452,0.083,0.234,1.178,0.41389508387472124
648,3.6419924178257817e-06,0.8964040316412868,0.08736985134098614,20.626,26,92,216,697,8538,10313,438,0.092,0.216,0.697,0.41394356637253954
649,4.037079134353073e-06,0.8965035619253456,0.08720047351251262,20.626,26,87,220,833,8539,10313,445,0.087,0.22,0.833,0.4139920488703578
650,4.061387682612889e-06,0.8964731795779535,0.08728965991920688,20.626,26,96,222,716,8542,10313,452,0.096,0.222,0.716,0.41413749636381264
651,4.754392950812977e-06,0.8964914873201311,0.08725426595449466,20.626,26,100,209,919,8543,10313,447,0.1,0.209,0.919,0.41418597886163094
652,3.9294676174255485e-06,0.8964564323382594,0.08719923468354242,20.626,26,90,246,1600,8545,10313,470,0.09,0.246,1.6,0.41428294385726755
653,3.591350721430821e-06,0.8963903991316431,0.08732214995450724,20.626,26,102,229,1192,8548,10313,460,0.102,0.229,1.192,0.4144283913507224
654,3.974532172106739e-06,0.896495576137073,0.08718116699013365,20.626,26,92,231,927,8549,10313,457,0.092,0.231,0.927,0.41447687384854065
655,3.4531881173081995e-06,0.8964603359690272,0.0873028552900615,20.626,26,95,229,858,8549,10313,458,0.095,0.229,0.858,0.41447687384854065
656,3.822534929276928e-06,0.8964724192833093,0.08730833143966074,20.626,26,104,233,1018,8552,10313,470,0.104,0.233,1.018,0.41462232134199556
657,3.852123750461904e-06,0.8964247914121731,0.08727779404426635,20.626,26,86,227,1424,8553,10313,447,0.086,0.227,1.424,0.4146708038398138
658,3.7648635166796613e-06,0.896373997590435,0.08737049585605691,20.626,26,98,213,835,8553,10313,440,0.098,0.213,0.835,0.4146708038398138
659,4.02286178024843e-06,0.896498504907371,0.08718138774536242,20.626,26,90,227,833,8553,10313,451,0.09,0.227,0.833,0.4146708038398138
660,3.403321687133493e-06,0.8964937246145285,0.08723623124139794,20.626,26,93,221,841,8553,10313,448,0.093,0.221,0.841,0.4146708038398138
661,3.809039531137527e-06,0.8964762739594027,0.0872720209692917,20.626,26,95,210,899,8555,10313,442,0.095,0.21,0.899,0.4147677688354504
662,3.629582157847656e-06,0.8964594345238865,0.0872632713374977,20.626,26,83,231,928,8556,10313,448,0.083,0.231,0.928,0.4148162513332687
663,3.7175381747452863e-06,0.8964157618346981,0.08738087190678465,20.626,26,94,213,667,8556,10313,436,0.094,0.213,0.667,0.4148162513332687
664,4.0085758208029915e-06,0.8965133169475625,0.08719398231220718,20.626,26,90,225,838,8557,10313,450,0.09,0.225,0.838,0.41486473383108696
665,3.415411047687223e-06,0.8964771644329437,0.08726256358410682,20.626,26,95,232,817,8557,10313,461,0.095,0.232,0.817,0.41486473383108696
666,3.843623871900496e-06,0.8964726105309166,0.08726422574936421,20.626,26,100,231,932,8559,10313,464,0.1,0.231,0.932,0.41496169882672357
667,3.834284056628166e-06,0.8964569324854288,0.08723666790626024,20.626,26,86,232,2009,8560,10313,452,0.086,0.232,2.009,0.4150101813245418
668,3.827703194598103e-06,0.8964058979181796,0.0873555310305719,20.626,26,97,214,972,8560,10313,440,0.097,0.214,0.972,0.4150101813245418
669,4.151364481364518e-06,0.896500625340497,0.08718751952490168,20.626,26,87,218,834,8560,10313,440,0.087,0.218,0.834,0.4150101813245418
670,3.5101397887293034e-06,0.8964825442957506,0.087266043213925,20.626,26,91,220,797,8560,10313,445,0.091,0.22,0.797,0.4150101813245418
671,4.060312961423927e-06,0.8964737941606571,0.08726999912321841,20.626,26,97,205,993,8561,10313,440,0.097,0.205,0.993,0.4150586638223601
672,3.82216196709194e-06,0.8964576262370005,0.08724069767783867,20.626,26,84,234,1748,8562,10313,452,0.084,0.234,1.748,0.4151071463201784
673,3.7538409559568804e-06,0.8964030282976705,0.08735575813680717,20.626,26,99,218,756,8562,10313,446,0.099,0.218,0.756,0.4151071463201784
674,3.8951278497394275e-06,0.8965108966433939,0.08716950755926282,20.626,26,93,229,863,8562,10313,456,0.093,0.229,0.863,0.4151071463201784
675,3.181140429146812e-06,0.8964737965059837,0.08725786824969531,20.626,26,95,226,760,8562,10313,455,0.095,0.226,0.76,0.4151071463201784
676,3.5153757757753796e-06,0.8964699842384164,0.0872939215214441,20.626,26,98,237,970,8563,10313,468,0.098,0.237,0.97,0.4151556288179967
677,3.7093113008534637e-06,0.8964405075388997,0.08729133157431551,20.626,26,83,231,1181,8565,10313,448,0.083,0.231,1.181,0.4152525938136333
678,3.7439025517821073e-06,0.8963918631286332,0.08739661050873256,20.626,26,95,214,665,8565,10313,438,0.095,0.214,0.665,0.4152525938136333
679,4.097189246439775e-06,0.8964952161020565,0.087199707289251,20.626,26,91,220,837,8565,10313,445,0.091,0.22,0.837,0.4152525938136333
680,3.662325029734254e-06,0.8964915725465477,0.08723117460994811,20.626,26,92,218,730,8565,10313,444,0.092,0.218,0.73,0.4152525938136333
681,4.100312251891951e-06,0.8964897771276075,0.08727520699609098,20.626,26,98,213,804,8566,10313,449,0.098,0.213,0.804,0.4153010763114516
682,3.90595580726509e-06,0.8964403166641496,0.08726434145741026,20.626,26,87,233,923,8567,10313,454,0.087,0.233,0.923,0.4153495588092699
683,3.728553341018199e-06,0.8963800721508078,0.08737960906379913,20.626,26,97,220,668,8568,10313,446,0.097,0.22,0.668,0.41539804130708813
684,3.8403201701403775e-06,0.8965028767297811,0.08718133333610456,20.626,26,93,234,956,8569,10313,461,0.093,0.234,0.956,0.41544652380490643
685,3.196250054314191e-06,0.8965053080788898,0.08723361649373401,20.626,26,97,230,912,8570,10313,461,0.097,0.23,0.912,0.41549500630272473
686,3.815381506804815e-06,0.8964281535993324,0.08734328941901867,20.626,26,107,236,902,8571,10313,476,0.107,0.236,0.902,0.415543488800543
687,4.241020263003644e-06,0.8963995704661807,0.08730208813469167,20.626,26,88,235,1025,8571,10313,458,0.088,0.235,1.025,0.415543488800543
688,3.948978620526436e-06,0.8963991618341832,0.08734589720744802,20.626,26,96,214,1251,8571,10313,439,0.096,0.214,1.251,0.415543488800543
689,4.137092526499045e-06,0.8965190094391007,0.08716513465548928,20.626,26,90,213,1041,8571,10313,437,0.09,0.213,1.041,0.415543488800543
690,3.4949142093906067e-06,0.8965361324436982,0.08719373338710225,20.626,26,93,214,1222,8573,10313,441,0.093,0.214,1.222,0.4156404537961796
691,3.7176068523245446e-06,0.8964706681331721,0.08727975388105379,20.626,26,99,208,822,8574,10313,444,0.099,0.208,0.822,0.4156889362939979
692,3.6568228888866215e-06,0.8964251860587097,0.08730073059097831,20.626,26,90,232,991,8576,10313,456,0.09,0.232,0.991,0.41578590128963444
693,3.783041882938466e-06,0.8963779063747251,0.08740854310616092,20.626,26,96,215,690,8576,10313,440,0.096,0.215,0.69,0.41578590128963444
694,3.895115406943746e-06,0.8964797543820402,0.08721964609707776,20.626,26,94,226,838,8576,10313,454,0.094,0.226,0.838,0.41578590128963444
695,3.259980029420195e-06,0.8964817561396867,0.08724907597003922,20.626,26,95,229,841,8576,10313,458,0.095,0.229,0.841,0.41578590128963444
696,3.480300137544881e-06,0.8964669570515493,0.08728462121283428,20.626,26,100,237,881,8576,10313,470,0.1,0.237,0.881,0.41578590128963444
697,3.764392151376572e-06,0.8964366203940753,0.08728311031999343,20.626,26,86,234,1102,8576,10313,452,0.086,0.234,1.102,0.41578590128963444
698,3.944801509480756e-06,0.89640892244505,0.08737302665295349,20.626,26,93,215,906,8576,10313,438,0.093,0.215,0.906,0.41578590128963444
699,4.204889594342054e-06,0.8965096340413811,0.08718881749451418,20.626,26,87,214,806,8576,10313,435,0.087,0.214,0.806,0.41578590128963444
700,3.4268574035790825e-06,0.8965205557308606,0.08720753880593551,20.626,26,91,218,800,8577,10313,443,0.091,0.218,0.8,0.41583438378745274
701,3.85306739976748e-06,0.896489185577499,0.08725721480846027,20.626,26,97,205,964,8578,10313,440,0.097,0.205,0.964,0.415882866285271
702,3.8062946691759587e-06,0.8964359174003769,0.08727415074312907,20.626,26,86,228,1389,8578,10313,448,0.086,0.228,1.389,0.415882866285271
703,3.9006491755700216e-06,0.8963950977098768,0.08737812769658528,20.626,26,96,213,648,8578,10313,438,0.096,0.213,0.648,0.415882866285271
704,3.962028732176021e-06,0.8965138240431184,0.08717225005595852,20.626,26,89,217,963,8578,10313,440,0.089,0.217,0.963,0.415882866285271
705,3.037080069916485e-06,0.8965017251903048,0.08723628235472979,20.626,26,92,223,841,8578,10313,449,0.092,0.223,0.841,0.415882866285271
706,3.58033343181684e-06,0.8964777730239981,0.08730088198448925,20.626,26,102,219,894,8579,10313,459,0.102,0.219,0.894,0.4159313487830893
707,3.762384802014725e-06,0.8964281404708262,0.08729082348648172,20.626,26,86,230,1082,8579,10313,450,0.086,0.23,1.082,0.4159313487830893
708,3.670348497694013e-06,0.8963788453975479,0.08739354005249526,20.626,26,96,213,692,8579,10313,438,0.096,0.213,0.692,0.4159313487830893
709,4.049350462305428e-06,0.8964964153982243,0.08719832881688747,20.626,26,88,223,846,8579,10313,445,0.088,0.223,0.846,0.4159313487830893
710,3.6982266960446842e-06,0.8964894147854079,0.08725171491560323,20.626,26,92,221,741,8579,10313,447,0.092,0.221,0.741,0.4159313487830893
711,4.043398863134017e-06,0.8964956399781381,0.08725441290474907,20.626,26,96,223,927,8579,10313,452,0.096,0.223,0.927,0.4159313487830893
712,3.865060898231042e-06,0.8964568661255271,0.08722905612789472,20.626,26,82,234,1081,8579,10313,450,0.082,0.234,1.081,0.4159313487830893
713,3.7777381800462788e-06,0.896397872464068,0.08735507733286942,20.626,26,95,216,682,8579,10313,440,0.095,0.216,0.682,0.4159313487830893
714,4.004508385601163e-06,0.8965114273663817,0.0871775270428599,20.626,26,91,227,812,8579,10313,452,0.091,0.227,0.812,0.4159313487830893
715,3.355352622065106e-06,0.8964722838852595,0.0872686296578872,20.626,26,96,226,917,8579,10313,456,0.096,0.226,0.917,0.4159313487830893
716,3.697051983978314e-06,0.8964614652356386,0.08730120129135822,20.626,26,102,220,947,8583,10313,459,0.102,0.22,0.947,0.41612527877436245
717,3.7109620577730853e-06,0.8964243283432454,0.08729062821354854,20.626,26,85,235,1078,8584,10313,454,0.085,0.235,1.078,0.41617376127218075
718,3.883852042250843e-06,0.8963723660167655,0.08740428152187417,20.626,26,98,215,671,8584,10313,442,0.098,0.215,0.671,0.41617376127218075
719,4.014569589448537e-06,0.8965106460618736,0.08716882297269532,20.626,26,91,221,790,8584,10313,446,0.091,0.221,0.79,0.41617376127218075
720,3.1273605947303142e-06,0.8965197494347735,0.0872035272743203,20.626,26,92,222,753,8584,10313,448,0.092,0.222,0.753,0.41617376127218075
721,3.479348594606869e-06,0.8964632548049367,0.08729306796873587,20.626,26,101,224,830,8584,10313,458,0.101,0.224,0.83,0.41617376127218075
722,3.646175195782036e-06,0.896408145680065,0.0873060637702595,20.626,26,85,229,1007,8584,10313,448,0.085,0.229,1.007,0.41617376127218075
723,3.814235605004514e-06,0.8963672603919901,0.08742974031430625,20.626,26,95,218,693,8584,10313,442,0.095,0.218,0.693,0.41617376127218075
724,3.992344220239732e-06,0.8965164904433616,0.0871853775867188,20.626,26,91,225,930,8584,10313,450,0.091,0.225,0.93,0.41617376127218075
725,3.3217842982221396e-06,0.8965035425733304,0.08722359444265837,20.626,26,94,225,743,8584,10313,453,0.094,0.225,0.743,0.41617376127218075
726,4.041021209992126e-06,0.8964820842624147,0.08728578567492239,20.626,26,103,221,866,8587,10313,462,0.103,0.221,0.866,0.4163192087656356
727,4.2883102880293956e-06,0.8964202952645905,0.08726945427956716,20.626,26,86,233,920,8588,10313,453,0.086,0.233,0.92,0.4163676912634539
728,3.9276121656999485e-06,0.8963805919813067,0.0873566387962517,20.626,26,96,213,1196,8588,10313,438,0.096,0.213,1.196,0.4163676912634539
729,4.142793363973917e-06,0.896514814575186,0.08716372993235047,20.626,26,87,214,809,8588,10313,435,0.087,0.214,0.809,0.4163676912634539
730,3.472039746807701e-06,0.8965198809486233,0.08721931824544986,20.626,26,88,215,1139,8588,10313,437,0.088,0.215,1.139,0.4163676912634539
731,3.809178036795051e-06,0.8964919998064302,0.08727785456833151,20.626,26,96,210,851,8590,10313,443,0.096,0.21,0.851,0.41646465625909046
732,3.774542156717775e-06,0.8964245712604576,0.0872975480771066,20.626,26,87,233,1049,8592,10313,454,0.087,0.233,1.049,0.41656162125472707
733,3.784321604427736e-06,0.8963561307042853,0.0874142045058542,20.626,26,98,217,664,8592,10313,444,0.098,0.217,0.664,0.41656162125472707
734,4.0308796979119235e-06,0.8964682149970197,0.08721442957662842,20.626,26,93,227,883,8592,10313,454,0.093,0.227,0.883,0.41656162125472707
735,3.7783122063528476e-06,0.8964755800090526,0.0872489627820706,20.626,26,95,227,815,8592,10313,456,0.095,0.227,0.815,0.41656162125472707
736,4.099970284821204e-06,0.8965036331813555,0.08726215326915747,20.626,26,104,237,857,8592,10313,474,0.104,0.237,0.857,0.41656162125472707
737,3.834649824523981e-06,0.896448015761886,0.08723464556446936,20.626,26,89,237,1445,8592,10313,460,0.089,0.237,1.445,0.41656162125472707
738,3.6369723696774304e-06,0.8963909773016789,0.08735726415245368,20.626,26,100,225,709,8592,10313,454,0.1,0.225,0.709,0.41656162125472707
739,4.017735638681482e-06,0.8965030493783966,0.08717513649690717,20.626,26,87,217,1013,8592,10313,443,0.087,0.217,1.013,0.41656162125472707
740,3.3809666424688368e-06,0.8964829030285244,0.08726465609095141,20.626,26,90,222,863,8592,10313,446,0.09,0.222,0.863,0.41656162125472707
741,4.067007996902429e-06,0.8964539673428985,0.08732364544111079,20.626,26,97,215,834,8592,10313,450,0.097,0.215,0.834,0.41656162125472707
742,4.085164767710722e-06,0.8964463102304255,0.08726989167554217,20.626,26,83,233,1236,8592,10313,450,0.083,0.233,1.236,0.41656162125472707
743,3.906790104029313e-06,0.8964090277079088,0.08735344790588179,20.626,26,96,208,758,8592,10313,433,0.096,0.208,0.758,0.41656162125472707
744,4.130222705153988e-06,0.8965195843929732,0.08715744772350634,20.626,26,90,219,749,8592,10313,443,0.09,0.219,0.749,0.41656162125472707
745,3.318514625241956e-06,0.8965098675390141,0.08720584561869575,20.626,26,91,221,1017,8592,10313,446,0.091,0.221,1.017,0.41656162125472707
746,3.468621883413557e-06,0.8964567720378049,0.08730366440343004,20.626,26,97,217,892,8593,10313,451,0.097,0.217,0.892,0.4166101037525453
747,3.7156911792800487e-06,0.8964272272875132,0.08731303601557822,20.626,26,86,234,1019,8593,10313,452,0.086,0.234,1.019,0.4166101037525453
748,3.994279512850888e-06,0.8963756671226167,0.08742665702825858,20.626,26,96,217,659,8593,10313,442,0.096,0.217,0.659,0.4166101037525453
749,4.310064579660141e-06,0.8964917294567099,0.0871916936960042,20.626,26,93,221,870,8593,10313,448,0.093,0.221,0.87,0.4166101037525453
750,3.5461019027551084e-06,0.8965384843564653,0.08718498892919045,20.626,26,94,233,802,8593,10313,461,0.094,0.233,0.802,0.4166101037525453
751,4.075660050642372e-06,0.8964586696125117,0.08728058965727607,20.626,26,99,216,953,8597,10313,453,0.099,0.216,0.953,0.41680403374381847
752,4.14084567708519e-06,0.8964116602219937,0.08726689725739331,20.626,26,87,233,942,8597,10313,454,0.087,0.233,0.942,0.41680403374381847
753,3.982015808714781e-06,0.8963872721777191,0.08735689124946898,20.626,26,94,218,1311,8598,10313,441,0.094,0.218,1.311,0.4168525162416368
754,4.139650557094355e-06,0.8965284562477952,0.08716826574228217,20.626,26,89,216,977,8598,10313,439,0.089,0.216,0.977,0.4168525162416368
755,3.2956744723594746e-06,0.8965298809446728,0.08721166151205964,20.626,26,91,223,1129,8598,10313,448,0.091,0.223,1.129,0.4168525162416368
756,3.5991426876708153e-06,0.8964617215378956,0.0873100519455302,20.626,26,101,225,892,8601,10313,463,0.101,0.225,0.892,0.4169979637350916
757,4.048354580894263e-06,0.8964165755126078,0.08730873781228397,20.626,26,87,231,1158,8601,10313,452,0.087,0.231,1.158,0.4169979637350916
758,4.310361212634138e-06,0.8963805807415149,0.08740441723038325,20.626,26,97,210,698,8601,10313,436,0.097,0.21,0.698,0.4169979637350916
759,4.150116905477372e-06,0.8965141048490037,0.08715132206164544,20.626,26,89,215,991,8601,10313,439,0.089,0.215,0.991,0.4169979637350916
760,2.9531302549248075e-06,0.8965210425988753,0.08718425747190871,20.626,26,92,229,845,8601,10313,455,0.092,0.229,0.845,0.4169979637350916
761,3.817961520049616e-06,0.896469756921016,0.0872977642240806,20.626,26,95,211,1037,8603,10313,443,0.095,0.211,1.037,0.41709492873072823
762,4.172162101007306e-06,0.896420523915672,0.08731557449223687,20.626,26,82,226,956,8603,10313,442,0.082,0.226,0.956,0.41709492873072823
763,3.884737288364663e-06,0.8963913844305413,0.08739943178270784,20.626,26,92,206,949,8603,10313,427,0.092,0.206,0.949,0.41709492873072823
764,3.986836727974837e-06,0.8965333189239385,0.08718346761081691,20.626,26,85,215,831,8603,10313,434,0.085,0.215,0.831,0.41709492873072823
765,3.215851611532631e-06,0.8965301920460577,0.08719983095066677,20.626,26,88,220,1182,8603,10313,443,0.088,0.22,1.182,0.41709492873072823
766,3.3869092592098244e-06,0.8964719721821796,0.08727756840372214,20.626,26,101,230,890,8605,10313,464,0.101,0.23,0.89,0.4171918937263648
767,4.048015931867541e-06,0.8964111059060359,0.08731368538263959,20.626,26,86,225,938,8605,10313,444,0.086,0.225,0.938,0.4171918937263648
768,4.420462859058629e-06,0.8963895414884208,0.08741915462903646,20.626,26,97,222,689,8605,10313,448,0.097,0.222,0.689,0.4171918937263648
769,4.611794509078282e-06,0.8965030053737386,0.08718040844353897,20.626,26,90,230,847,8605,10313,453,0.09,0.23,0.847,0.4171918937263648
770,3.645420315105793e-06,0.8965187096271656,0.08718118592245608,20.626,26,93,221,856,8605,10313,449,0.093,0.221,0.856,0.4171918937263648
771,3.866443701600014e-06,0.8964760441305913,0.08723763474411285,20.626,26,100,212,981,8607,10313,449,0.1,0.212,0.981,0.41728885872200133
772,3.7507773631411473e-06,0.8964312601844127,0.08726039766579557,20.626,26,86,238,926,8607,10313,458,0.086,0.238,0.926,0.41728885872200133
773,3.795002459909405e-06,0.896389441897652,0.08740274104917597,20.626,26,101,224,789,8608,10313,454,0.101,0.224,0.789,0.41733734121981964
774,4.11797416986762e-06,0.8965024870782479,0.08720643317920054,20.626,26,93,225,1026,8611,10313,451,0.093,0.225,1.026,0.4174827887132745
775,3.282322729287156e-06,0.896479441419429,0.08725666358261296,20.626,26,98,230,703,8612,10313,462,0.098,0.23,0.703,0.4175312712110928
776,3.469242748312621e-06,0.8964402887029933,0.08730384892153065,20.626,26,105,232,884,8613,10313,470,0.105,0.232,0.884,0.4175797537089111
777,3.5311022651570653e-06,0.8964221841781793,0.08728432130373853,20.626,26,87,239,986,8613,10313,458,0.087,0.239,0.986,0.4175797537089111
778,3.7666596289121185e-06,0.8963948891191644,0.08740125817178146,20.626,26,97,223,695,8613,10313,449,0.097,0.223,0.695,0.4175797537089111
779,3.9579231462909395e-06,0.8965364052671889,0.08716565011364956,20.626,26,90,224,917,8613,10313,452,0.09,0.224,0.917,0.4175797537089111
780,3.30122097704001e-06,0.8964978377520345,0.08723785852046885,20.626,26,93,233,744,8613,10313,460,0.093,0.233,0.744,0.4175797537089111
781,3.984170213839642e-06,0.8964806187829876,0.08726004363614379,20.626,26,93,212,1056,8613,10313,443,0.093,0.212,1.056,0.4175797537089111
782,3.7480862166295718e-06,0.8964506592888914,0.08724820532025164,20.626,26,78,236,1951,8614,10313,448,0.078,0.236,1.951,0.4176282362067294
783,3.894471841019778e-06,0.8963943967968139,0.08739647809284452,20.626,26,96,215,729,8614,10313,440,0.096,0.215,0.729,0.4176282362067294
784,4.423685582366843e-06,0.8965355816036615,0.08716223779530499,20.626,26,86,219,930,8614,10313,439,0.086,0.219,0.93,0.4176282362067294
785,3.5899009900899656e-06,0.8965054633281972,0.08723322169207669,20.626,26,95,216,1060,8614,10313,445,0.095,0.216,1.06,0.4176282362067294
786,3.86325041299836e-06,0.8964750773552052,0.0872408267660116,20.626,26,101,214,1273,8614,10313,453,0.101,0.214,1.273,0.4176282362067294
787,3.6791794348376737e-06,0.8964300140225382,0.08725045086484445,20.626,26,84,230,1625,8614,10313,448,0.084,0.23,1.625,0.4176282362067294
788,3.8016358637300555e-06,0.8963829322414355,0.08740098208630814,20.626,26,95,212,911,8614,10313,436,0.095,0.212,0.911,0.4176282362067294
789,3.964622951741623e-06,0.896522897965165,0.0871872713516395,20.626,26,91,229,951,8614,10313,454,0.091,0.229,0.951,0.4176282362067294
790,3.1841232685826116e-06,0.8965046466310385,0.08724738806428166,20.626,26,94,232,758,8615,10313,460,0.094,0.232,0.758,0.41767671870454764
791,3.6755957976324777e-06,0.8964719745242473,0.08727908055146645,20.626,26,100,234,988,8625,10313,467,0.1,0.234,0.988,0.4181615436827305
792,3.7501950942392367e-06,0.8964327388275768,0.08726255099808888,20.626,26,86,228,1172,8625,10313,448,0.086,0.228,1.172,0.4181615436827305
793,3.695639939514564e-06,0.8963939275529533,0.0873776762289761,20.626,26,95,212,686,8625,10313,436,0.095,0.212,0.686,0.4181615436827305
794,3.911923461759216e-06,0.8965165891982274,0.08717918078315265,20.626,26,87,219,855,8625,10313,441,0.087,0.219,0.855,0.4181615436827305
795,3.3247712695879745e-06,0.8964787692688017,0.08727003255258495,20.626,26,91,220,726,8625,10313,445,0.091,0.22,0.726,0.4181615436827305
796,3.8310575420220914e-06,0.8964810807668093,0.08728402381841689,20.626,26,96,217,884,8625,10313,451,0.096,0.217,0.884,0.4181615436827305
797,3.7943582092528656e-06,0.8964579964633196,0.08725261357743799,20.626,26,81,233,1355,8625,10313,448,0.081,0.233,1.355,0.4181615436827305
798,3.876677795483286e-06,0.8964007134579969,0.08737774344568978,20.626,26,95,214,1214,8625,10313,438,0.095,0.214,1.214,0.4181615436827305
799,4.43278367834018e-06,0.8965119718096926,0.08718093365270886,20.626,26,90,223,828,8632,10313,447,0.09,0.223,0.828,0.4185009211674586
800,3.9099656850864175e-06,0.8965168206909968,0.08722561709073808,20.626,26,95,222,783,8632,10313,451,0.095,0.222,0.783,0.4185009211674586
801,3.95368359856104e-06,0.8964681391175602,0.08725030808757896,20.626,26,101,226,1102,8636,10313,460,0.101,0.226,1.102,0.4186948511587317
802,3.730619553403283e-06,0.8964285949929357,0.08724550277381829,20.626,26,85,237,1158,8636,10313,456,0.085,0.237,1.158,0.4186948511587317
803,3.661607206741525e-06,0.8963847803796019,0.08737619756587328,20.626,26,98,239,737,8637,10313,466,0.098,0.239,0.737,0.41874333365655
804,3.9977664206847506e-06,0.8965138864696717,0.08718981837361518,20.626,26,93,230,1038,8637,10313,456,0.093,0.23,1.038,0.41874333365655
805,3.3601837476611935e-06,0.8964800068376034,0.08726934692619645,20.626,26,98,225,747,8637,10313,457,0.098,0.225,0.747,0.41874333365655
806,3.7385436044157162e-06,0.8964450158274538,0.08729748875308374,20.626,26,102,219,929,8637,10313,459,0.102,0.219,0.929,0.41874333365655
807,3.692957499330652e-06,0.8964253377443853,0.08726896253583445,20.626,26,85,234,1296,8640,10313,453,0.085,0.234,1.296,0.41888878115000483
808,3.871257318708504e-06,0.8963882884121991,0.08738741805060783,20.626,26,95,216,742,8640,10313,440,0.095,0.216,0.742,0.41888878115000483
809,4.051086421531503e-06,0.8965289218952095,0.08716109252353137,20.626,26,91,222,886,8640,10313,447,0.091,0.222,0.886,0.41888878115000483
810,3.099124174034518e-06,0.8965160696827635,0.08721566475261502,20.626,26,92,230,749,8642,10313,456,0.092,0.23,0.749,0.41898574614564144
811,3.503110316180905e-06,0.8964756496468621,0.08728501100902487,20.626,26,98,225,915,8642,10313,456,0.098,0.225,0.915,0.41898574614564144
812,3.7495887869335275e-06,0.8964329444696076,0.08729006723378771,20.626,26,83,226,985,8644,10313,444,0.083,0.226,0.985,0.419082711141278
813,3.948381247517965e-06,0.896371197413404,0.08742550757053798,20.626,26,95,216,685,8645,10313,440,0.095,0.216,0.685,0.4191311936390963
814,4.492934179048122e-06,0.8965149843562734,0.08717988488307694,20.626,26,89,212,923,8645,10313,435,0.089,0.212,0.923,0.4191311936390963
815,3.4658256847885092e-06,0.8965212374448888,0.0871885671093883,20.626,26,93,218,826,8645,10313,445,0.093,0.218,0.826,0.4191311936390963
816,3.6156913606969764e-06,0.8964841234336451,0.08724075799207093,20.626,26,100,215,1111,8645,10313,453,0.1,0.215,1.111,0.4191311936390963
817,3.7550991518016835e-06,0.8964426337471546,0.08725972201439236,20.626,26,83,229,925,8645,10313,446,0.083,0.229,0.925,0.4191311936390963
818,3.888537522767847e-06,0.896386738945386,0.08741088971001729,20.626,26,94,215,853,8645,10313,438,0.094,0.215,0.853,0.4191311936390963
819,4.119819170960012e-06,0.8965016251052554,0.08720146072589217,20.626,26,89,217,921,8645,10313,440,0.089,0.217,0.921,0.4191311936390963
820,3.3896006493682267e-06,0.8965101034174352,0.08722384126540049,20.626,26,89,220,703,8645,10313,443,0.089,0.22,0.703,0.4191311936390963
821,3.791379423425358e-06,0.8964814449554193,0.08726869480192201,20.626,26,94,205,963,8645,10313,437,0.094,0.205,0.963,0.4191311936390963
822,3.7603252513584606e-06,0.8964459105906706,0.0872667084318918,20.626,26,84,230,1530,8645,10313,448,0.084,0.23,1.53,0.4191311936390963
823,4.01495024098547e-06,0.8963717068120307,0.0874142010539978,20.626,26,96,219,693,8645,10313,444,0.096,0.219,0.693,0.4191311936390963
824,4.366013424239353e-06,0.8965062262075082,0.08717867437947993,20.626,26,90,217,935,8645,10313,441,0.09,0.217,0.935,0.4191311936390963
825,3.369758062056385e-06,0.8965166686497255,0.08719168973571166,20.626,26,92,219,777,8645,10313,445,0.092,0.219,0.777,0.4191311936390963
826,3.612589843890349e-06,0.8964872790170078,0.08724605406604881,20.626,26,99,216,994,8645,10313,453,0.099,0.216,0.994,0.4191311936390963
827,3.731237425332437e-06,0.8964494698621716,0.08726341732588272,20.626,26,85,231,1363,8645,10313,450,0.085,0.231,1.363,0.4191311936390963
828,3.916380507371749e-06,0.8963759311165331,0.08742012055692343,20.626,26,96,219,886,8645,10313,444,0.096,0.219,0.886,0.4191311936390963
829,4.226265978867336e-06,0.8965066063920356,0.08718648418688218,20.626,26,92,220,949,8645,10313,446,0.092,0.22,0.949,0.4191311936390963
830,3.3360640821240904e-06,0.8965165369297924,0.08719793014843691,20.626,26,91,220,788,8645,10313,445,0.091,0.22,0.788,0.4191311936390963
831,3.7094408691686154e-06,0.8964829788659504,0.08724657807781808,20.626,26,95,204,1028,8645,10313,437,0.095,0.204,1.028,0.4191311936390963
832,3.6907515515355976e-06,0.8964479024694224,0.08726057432701968,20.626,26,84,230,1273,8645,10313,448,0.084,0.23,1.273,0.4191311936390963
833,3.925661572221187e-06,0.8963832700077928,0.08741903033367099,20.626,26,94,215,765,8645,10313,438,0.094,0.215,0.765,0.4191311936390963
834,4.306891449077815e-06,0.896515283368903,0.08718622789084497,20.626,26,88,217,951,8645,10313,439,0.088,0.217,0.951,0.4191311936390963
835,3.33632482040262e-06,0.8965214120684738,0.087198303520174,20.626,26,91,220,809,8645,10313,445,0.091,0.22,0.809,0.4191311936390963
836,3.6336438831200757e-06,0.8964889056941163,0.0872482448684849,20.626,26,99,216,1057,8645,10313,453,0.099,0.216,1.057,0.4191311936390963
837,3.731313015119885e-06,0.8964412520615672,0.08726022764834822,20.626,26,85,231,1349,8645,10313,450,0.085,0.231,1.349,0.4191311936390963
838,3.867722009545752e-06,0.896371452931569,0.08741764555421297,20.626,26,96,219,887,8645,10313,444,0.096,0.219,0.887,0.4191311936390963
839,4.141352639119924e-06,0.8965177061252586,0.08717432452543598,20.626,26,91,222,980,8646,10313,447,0.091,0.222,0.98,0.4191796761369146
840,3.169625702820555e-06,0.8965123563608156,0.08721070016677464,20.626,26,90,222,797,8656,10313,446,0.09,0.222,0.797,0.41966450111509745
841,3.491870728160136e-06,0.8964799205221864,0.08727013161364348,20.626,26,99,226,1030,8656,10313,458,0.099,0.226,1.03,0.41966450111509745
842,3.748143008937817e-06,0.8964359859681417,0.0872760313990692,20.626,26,85,231,1388,8656,10313,450,0.085,0.231,1.388,0.41966450111509745
843,3.855099509130302e-06,0.8963720111102271,0.08742075673390579,20.626,26,97,218,778,8656,10313,444,0.097,0.218,0.778,0.41966450111509745
844,4.203439262129669e-06,0.8965194634675158,0.08716676876765209,20.626,26,88,216,998,8656,10313,438,0.088,0.216,0.998,0.41966450111509745
845,3.4313452232220386e-06,0.8965030043629342,0.08721799023969454,20.626,26,90,219,803,8656,10313,443,0.09,0.219,0.803,0.41966450111509745
846,3.7000806407414156e-06,0.8964873034021503,0.0872617353838153,20.626,26,99,216,1028,8656,10313,453,0.099,0.216,1.028,0.41966450111509745
847,3.747872754381648e-06,0.8964438370267453,0.08726079928958728,20.626,26,82,230,890,8656,10313,446,0.082,0.23,0.89,0.41966450111509745
848,3.911672666902683e-06,0.8963821261590734,0.08741011295711922,20.626,26,94,211,856,8656,10313,434,0.094,0.211,0.856,0.41966450111509745
849,4.147960910630958e-06,0.8965250294649536,0.08716490185541312,20.626,26,88,222,944,8656,10313,444,0.088,0.222,0.944,0.41966450111509745
850,3.370161350808713e-06,0.8965112953146622,0.08722217954655138,20.626,26,90,221,799,8656,10313,445,0.09,0.221,0.799,0.41966450111509745
851,3.825936413265972e-06,0.8964768773130989,0.08726317099402697,20.626,26,94,205,1111,8656,10313,437,0.094,0.205,1.111,0.41966450111509745
852,3.7303737671241167e-06,0.8964444587115031,0.08726289444306494,20.626,26,84,230,1110,8659,10313,448,0.084,0.23,1.11,0.4198099486085523
853,3.9181465880449764e-06,0.8963839956862089,0.08741038282026649,20.626,26,95,214,764,8659,10313,438,0.095,0.214,0.764,0.4198099486085523
854,4.234189691444931e-06,0.8965251914971055,0.08716358177013524,20.626,26,86,219,952,8659,10313,439,0.086,0.219,0.952,0.4198099486085523
855,3.4282170569470558e-06,0.8964997096502624,0.08723132081751236,20.626,26,90,219,801,8659,10313,443,0.09,0.219,0.801,0.4198099486085523
856,3.869654805668331e-06,0.8964939773097299,0.08725139543296785,20.626,26,99,216,1033,8662,10313,453,0.099,0.216,1.033,0.41995539610200716
857,3.845953021639006e-06,0.8964575586009296,0.08724128795240443,20.626,26,82,234,1715,8664,10313,450,0.082,0.234,1.715,0.42005236109764377
858,3.868204838703742e-06,0.8963846814304182,0.08739378476058138,20.626,26,98,217,1154,8667,10313,444,0.098,0.217,1.154,0.4201978085910986
859,4.139292304723763e-06,0.896520612269815,0.08716016416638438,20.626,26,89,226,981,8668,10313,449,0.089,0.226,0.981,0.4202462910889169
860,3.343677647942205e-06,0.89650054343789,0.08723456062330712,20.626,26,91,223,804,8668,10313,448,0.091,0.223,0.804,0.4202462910889169
861,3.916001113122366e-06,0.8964858248748596,0.08725381493003792,20.626,26,95,218,1148,8668,10313,446,0.095,0.218,1.148,0.4202462910889169
862,3.818208654440514e-06,0.8964577153747091,0.08724369656428621,20.626,26,83,233,1774,8668,10313,450,0.083,0.233,1.774,0.4202462910889169
863,3.87732541868282e-06,0.8963883298319695,0.08739451460102803,20.626,26,98,217,810,8668,10313,444,0.098,0.217,0.81,0.4202462910889169
864,4.1960528060235895e-06,0.8965202457758955,0.08715852242414084,20.626,26,88,222,977,8668,10313,444,0.088,0.222,0.977,0.4202462910889169
865,3.311475528755434e-06,0.8965039505877473,0.08722174346959241,20.626,26,91,220,812,8668,10313,445,0.091,0.22,0.812,0.4202462910889169
866,3.6913506317913927e-06,0.8964793762961135,0.08726673104948464,20.626,26,98,217,1140,8668,10313,453,0.098,0.217,1.14,0.4202462910889169
867,3.75345627526033e-06,0.8964481026277447,0.08726636868562432,20.626,26,83,231,1215,8668,10313,448,0.083,0.231,1.215,0.4202462910889169
868,3.893977486583087e-06,0.896385505640047,0.08741172479710724,20.626,26,95,214,885,8668,10313,438,0.095,0.214,0.885,0.4202462910889169
869,4.156066422041006e-06,0.8965268183228962,0.08716313993159586,20.626,26,88,222,948,8668,10313,444,0.088,0.222,0.948,0.4202462910889169
870,3.4246785041928583e-06,0.8965011600647678,0.0872310331340233,20.626,26,89,220,792,8668,10313,443,0.089,0.22,0.792,0.4202462910889169
871,3.997330839283731e-06,0.8964910118340624,0.0872503944166981,20.626,26,95,204,1024,8668,10313,437,0.095,0.204,1.024,0.4202462910889169
872,3.833624513451147e-06,0.8964576997521849,0.08724124105677006,20.626,26,81,235,1473,8669,10313,450,0.081,0.235,1.473,0.42029477358673517
873,3.882256533196219e-06,0.8963869738840946,0.08739439492949945,20.626,26,98,217,1037,8669,10313,444,0.098,0.217,1.037,0.42029477358673517
874,4.21746210194916e-06,0.8965211504670251,0.08716050723623289,20.626,26,88,222,971,8669,10313,444,0.088,0.222,0.971,0.42029477358673517
875,3.288308994248662e-06,0.896505092481822,0.08722377389652149,20.626,26,92,222,819,8669,10313,448,0.092,0.222,0.819,0.42029477358673517
876,3.5804906065132324e-06,0.8964777694268565,0.08726715486835072,20.626,26,102,231,1151,8669,10313,466,0.102,0.231,1.151,0.42029477358673517
877,3.7681433312818986e-06,0.896447182365752,0.08726561230695114,20.626,26,87,229,1302,8670,10313,450,0.087,0.229,1.302,0.4203432560845535
878,3.9240750524150436e-06,0.8963796079487035,0.087409545936597,20.626,26,96,215,886,8670,10313,440,0.096,0.215,0.886,0.4203432560845535
879,4.132874177506636e-06,0.8965219316256481,0.08716150105039353,20.626,26,89,223,944,8670,10313,446,0.089,0.223,0.944,0.4203432560845535
880,3.404283960957222e-06,0.8964985206929235,0.08723064743303288,20.626,26,89,220,799,8670,10313,443,0.089,0.22,0.799,0.4203432560845535
881,3.999123206600232e-06,0.8964927135577119,0.08725101901380086,20.626,26,93,206,1034,8670,10313,437,0.093,0.206,1.034,0.4203432560845535
882,3.849941668014053e-06,0.8964620096393555,0.08724220836926753,20.626,26,82,236,1481,8672,10313,452,0.082,0.236,1.481,0.42044022108019
883,3.884533934205385e-06,0.8963834604003271,0.08739378365904714,20.626,26,99,216,1061,8672,10313,444,0.099,0.216,1.061,0.42044022108019
884,4.21385910303953e-06,0.8965219086194995,0.08716053365104905,20.626,26,89,223,916,8672,10313,446,0.089,0.223,0.916,0.42044022108019
885,3.333205453330942e-06,0.8965036587103282,0.08722239436503383,20.626,26,92,222,827,8672,10313,448,0.092,0.222,0.827,0.42044022108019
886,3.661847593340764e-06,0.8964773596271896,0.0872663059777184,20.626,26,102,227,1070,8672,10313,462,0.102,0.227,1.07,0.42044022108019
887,3.7850653919045748e-06,0.8964426574802393,0.08726474636349967,20.626,26,86,230,1091,8672,10313,450,0.086,0.23,1.091,0.42044022108019
888,3.825085981210644e-06,0.8963772891682583,0.08740965046703833,20.626,26,97,220,872,8672,10313,446,0.097,0.22,0.872,0.42044022108019
889,4.052387196409364e-06,0.8965194580788939,0.0871616472594865,20.626,26,91,226,985,8672,10313,451,0.091,0.226,0.985,0.42044022108019
890,3.1547093578649477e-06,0.8965202329765729,0.08720413858183212,20.626,26,91,230,808,8673,10313,455,0.091,0.23,0.808,0.4204887035780083
891,3.660849454749749e-06,0.8964821202646142,0.08727006309730583,20.626,26,96,213,1085,8673,10313,447,0.096,0.213,1.085,0.4204887035780083
892,3.7526735468672127e-06,0.896431259255696,0.08728002022920099,20.626,26,83,231,973,8691,10313,448,0.083,0.231,0.973,0.4213613885387375
893,3.8650983915969865e-06,0.8963678814675388,0.08742558565025658,20.626,26,97,216,751,8691,10313,442,0.097,0.216,0.751,0.4213613885387375
894,4.201383968479451e-06,0.8965163312933264,0.08716923452623294,20.626,26,87,217,996,8691,10313,438,0.087,0.217,0.996,0.4213613885387375
895,3.345948890446464e-06,0.8965103398454662,0.08721399517778841,20.626,26,90,219,792,8691,10313,443,0.09,0.219,0.792,0.4213613885387375
896,3.6585720239961216e-06,0.8964956528575287,0.0872554626368621,20.626,26,100,229,1013,8691,10313,462,0.1,0.229,1.013,0.4213613885387375
897,3.8541513648061116e-06,0.8964562652834941,0.0872578099265147,20.626,26,86,228,1061,8691,10313,448,0.086,0.228,1.061,0.4213613885387375
898,3.9508612430226495e-06,0.8963723734960158,0.08740786846966196,20.626,26,96,213,864,8691,10313,438,0.096,0.213,0.864,0.4213613885387375
899,4.151855018993828e-06,0.8965124963576139,0.0871656943010486,20.626,26,91,219,908,8692,10313,444,0.091,0.219,0.908,0.4214098710365558
900,3.2020730577165558e-06,0.8965105763872864,0.08720769001610537,20.626,26,89,220,783,8692,10313,443,0.089,0.22,0.783,0.4214098710365558
901,3.602142716873771e-06,0.8964787583905236,0.08727275093422063,20.626,26,94,212,1035,8692,10313,443,0.094,0.212,1.035,0.4214098710365558
902,3.7398091069853856e-06,0.8964482539191247,0.0872830514895631,20.626,26,83,233,1299,8693,10313,450,0.083,0.233,1.299,0.4214583535343741
903,3.896087841687979e-06,0.8963752695625115,0.08742437348700192,20.626,26,97,218,763,8693,10313,444,0.097,0.218,0.763,0.4214583535343741
904,4.191013861963565e-06,0.8965147168617977,0.08716611999330541,20.626,26,90,215,936,8693,10313,439,0.09,0.215,0.936,0.4214583535343741
905,3.2728290029823564e-06,0.8965089032344394,0.08720036182571601,20.626,26,89,220,797,8693,10313,443,0.089,0.22,0.797,0.4214583535343741
906,3.5409422692132085e-06,0.8964798545953199,0.08726691822135361,20.626,26,101,216,1029,8693,10313,455,0.101,0.216,1.029,0.4214583535343741
907,3.7221781625864584e-06,0.8964371638732656,0.0872792653711462,20.626,26,83,224,1005,8695,10313,442,0.083,0.224,1.005,0.42155531853001066
908,3.8681521376069465e-06,0.8963796208191754,0.08742728905620478,20.626,26,93,216,855,8695,10313,438,0.093,0.216,0.855,0.42155531853001066
909,4.1338970675508645e-06,0.896527329631538,0.08717174922399146,20.626,26,89,224,984,8696,10313,447,0.089,0.224,0.984,0.42160380102782896
910,3.5028359455463502e-06,0.896503388513282,0.08722181961762665,20.626,26,90,222,794,8696,10313,446,0.09,0.222,0.794,0.42160380102782896
911,3.9639348405523125e-06,0.8964902594287718,0.08725922026452346,20.626,26,95,224,1066,8696,10313,452,0.095,0.224,1.066,0.42160380102782896
912,3.872739885059769e-06,0.8964414777502345,0.08725424581031413,20.626,26,83,237,1105,8696,10313,454,0.083,0.237,1.105,0.42160380102782896
913,3.831983219572078e-06,0.8963778092990955,0.08739185236777104,20.626,26,96,215,755,8697,10313,440,0.096,0.215,0.755,0.42165228352564726
914,4.1271513477339344e-06,0.8965139454041843,0.08717573649741206,20.626,26,89,219,961,8697,10313,442,0.089,0.219,0.961,0.42165228352564726
915,3.2026698681338225e-06,0.8965029933647752,0.08722744020626319,20.626,26,93,223,705,8697,10313,450,0.093,0.223,0.705,0.42165228352564726
916,3.50170957713499e-06,0.89646338052241,0.08728608858023816,20.626,26,106,222,890,8697,10313,465,0.106,0.222,0.89,0.42165228352564726
917,3.709500851775023e-06,0.896422650059632,0.08728253566530766,20.626,26,87,231,1022,8697,10313,452,0.087,0.231,1.022,0.42165228352564726
918,3.831926641587713e-06,0.8963665401143248,0.08742198514000785,20.626,26,97,222,690,8698,10313,448,0.097,0.222,0.69,0.4217007660234655
919,4.075318669600584e-06,0.8965214715813744,0.08716506171778246,20.626,26,90,223,933,8698,10313,447,0.09,0.223,0.933,0.4217007660234655
920,3.4604822618429783e-06,0.8965032608706861,0.08722758755939881,20.626,26,90,222,811,8698,10313,446,0.09,0.222,0.811,0.4217007660234655
921,3.930977546825241e-06,0.8964966464608994,0.08724793926191403,20.626,26,94,221,1070,8698,10313,448,0.094,0.221,1.07,0.4217007660234655
922,3.847668870466873e-06,0.8964615604597601,0.08724056451866771,20.626,26,80,233,1771,8699,10313,448,0.08,0.233,1.771,0.4217492485212838
923,3.892363894004328e-06,0.8963874130377455,0.0873941502498253,20.626,26,96,215,965,8699,10313,440,0.096,0.215,0.965,0.4217492485212838
924,4.294474367617235e-06,0.8965259786430142,0.08716234697951217,20.626,26,86,221,914,8699,10313,441,0.086,0.221,0.914,0.4217492485212838
925,3.4528403908022753e-06,0.8964967193333193,0.08723429741115692,20.626,26,91,220,867,8699,10313,445,0.091,0.22,0.867,0.4217492485212838
926,3.860594566543505e-06,0.8964814378680217,0.08725313209797105,20.626,26,102,216,1139,8699,10313,455,0.102,0.216,1.139,0.4217492485212838
927,3.7971239205178814e-06,0.896448743987761,0.08724206340606301,20.626,26,84,232,1842,8699,10313,450,0.084,0.232,1.842,0.4217492485212838
928,3.829328614394746e-06,0.8963866091348027,0.08739424822829601,20.626,26,97,216,924,8699,10313,442,0.097,0.216,0.924,0.4217492485212838
929,4.122677212489449e-06,0.8965294132379108,0.08716005654764215,20.626,26,90,225,984,8699,10313,449,0.09,0.225,0.984,0.4217492485212838
930,3.300925083131888e-06,0.8965086023819813,0.08722231003509556,20.626,26,90,224,819,8699,10313,448,0.09,0.224,0.819,0.4217492485212838
931,3.7801011821182004e-06,0.8964784989309181,0.08726610850648689,20.626,26,94,221,1290,8699,10313,448,0.094,0.221,1.29,0.4217492485212838
932,3.7828958684196325e-06,0.8964403041883767,0.08726460309907293,20.626,26,83,233,1197,8699,10313,450,0.083,0.233,1.197,0.4217492485212838
933,3.884498887445721e-06,0.8963793543728432,0.0874107718921168,20.626,26,96,219,767,8701,10313,444,0.096,0.219,0.767,0.42184621351692037
934,4.219804283796542e-06,0.8965225790074911,0.08716271015461258,20.626,26,87,221,965,8701,10313,442,0.087,0.221,0.965,0.42184621351692037
935,3.473296193847096e-06,0.8964965367399249,0.08723034198178135,20.626,26,90,219,811,8701,10313,443,0.09,0.219,0.811,0.42184621351692037
936,3.907558497263195e-06,0.8964931330233779,0.08725076877014129,20.626,26,102,213,1014,8701,10313,453,0.102,0.213,1.014,0.42184621351692037
937,3.864940636127736e-06,0.89645361665692,0.08724028663583813,20.626,26,84,234,1551,8701,10313,452,0.084,0.234,1.551,0.42184621351692037
938,3.8928861819695285e-06,0.8963790907107562,0.08739301925703126,20.626,26,97,212,1127,8701,10313,438,0.097,0.212,1.127,0.42184621351692037
939,4.156376264611196e-06,0.8965221377026794,0.087160885796323,20.626,26,88,224,904,8701,10313,446,0.088,0.224,0.904,0.42184621351692037
940,3.391244236679012e-06,0.8965047664713304,0.08723553358349118,20.626,26,90,221,798,8701,10313,445,0.09,0.221,0.798,0.42184621351692037
941,3.999534632142004e-06,0.8964898303957991,0.08725456222580985,20.626,26,93,207,1150,8701,10313,437,0.093,0.207,1.15,0.42184621351692037
942,3.810478621474125e-06,0.8964588289475637,0.08724377935456283,20.626,26,81,235,1734,8701,10313,450,0.081,0.235,1.734,0.42184621351692037
943,3.851970046330968e-06,0.8963877131369187,0.08739425801028769,20.626,26,98,217,806,8701,10313,444,0.098,0.217,0.806,0.42184621351692037
944,4.188060212751051e-06,0.8965207867585616,0.08715852659668835,20.626,26,88,222,994,8701,10313,444,0.088,0.222,0.994,0.42184621351692037
945,3.2654738280838675e-06,0.896503427213349,0.0872215978410855,20.626,26,93,226,810,8701,10313,453,0.093,0.226,0.81,0.42184621351692037
946,3.580978337924979e-06,0.896473789998485,0.08726570961219172,20.626,26,103,230,1159,8701,10313,466,0.103,0.23,1.159,0.42184621351692037
947,3.746445781207152e-06,0.8964462145782579,0.08726610476148766,20.626,26,86,228,1287,8701,10313,448,0.086,0.228,1.287,0.42184621351692037
948,3.896682726328172e-06,0.896387757305493,0.08741224227681749,20.626,26,95,214,882,8701,10313,438,0.095,0.214,0.882,0.42184621351692037
949,4.1533151643047405e-06,0.8965287469503287,0.08716354230771085,20.626,26,88,222,954,8701,10313,444,0.088,0.222,0.954,0.42184621351692037
950,3.4203215738940423e-06,0.8965025037493476,0.08723125487010229,20.626,26,89,220,795,8701,10313,443,0.089,0.22,0.795,0.42184621351692037
951,3.994329274982576e-06,0.8964918412408217,0.08725049150344358,20.626,26,93,206,1023,8702,10313,437,0.093,0.206,1.023,0.42189469601473867
952,3.832982869054973e-06,0.8964577213004727,0.08724120720624999,20.626,26,81,235,1473,8702,10313,450,0.081,0.235,1.473,0.42189469601473867
953,3.882408057146124e-06,0.8963865449558872,0.08739429508580071,20.626,26,97,218,1032,8702,10313,444,0.097,0.218,1.032,0.42189469601473867
954,4.215133837374674e-06,0.8965206691625474,0.08716043103385283,20.626,26,88,222,968,8702,10313,444,0.088,0.222,0.968,0.42189469601473867
955,3.2905045799165403e-06,0.8965049636477627,0.08722377310194405,20.626,26,92,222,823,8702,10313,448,0.092,0.222,0.823,0.42189469601473867
956,3.582229805329913e-06,0.8964775733405631,0.08726712608115597,20.626,26,102,231,1151,8702,10313,466,0.102,0.231,1.151,0.42189469601473867
957,3.7680490058633455e-06,0.8964469576796807,0.0872655645714394,20.626,26,87,229,1302,8702,10313,450,0.087,0.229,1.302,0.42189469601473867
958,3.92440116880747e-06,0.8963794711527822,0.08740951249773463,20.626,26,96,215,886,8702,10313,440,0.096,0.215,0.886,0.42189469601473867
959,4.133478464262964e-06,0.8965218702453573,0.08716148039962378,20.626,26,89,223,944,8702,10313,446,0.089,0.223,0.944,0.42189469601473867
960,3.4042126592796693e-06,0.8964984046506081,0.08723062130372423,20.626,26,89,220,799,8702,10313,443,0.089,0.22,0.799,0.42189469601473867
961,3.999181606736871e-06,0.8964926365591834,0.08725100667482207,20.626,26,93,206,1034,8702,10313,437,0.093,0.206,1.034,0.42189469601473867
962,3.849949973239097e-06,0.8964620401941368,0.08724221902199876,20.626,26,82,236,1481,8702,10313,452,0.082,0.236,1.481,0.42189469601473867
963,3.884455421304925e-06,0.8963835541222536,0.08739380546343944,20.626,26,99,216,1061,8703,10313,444,0.099,0.216,1.061,0.42194317851255697
964,4.213891715987752e-06,0.8965219798764327,0.08716054857069012,20.626,26,89,223,916,8703,10313,446,0.089,0.223,0.916,0.42194317851255697
965,3.333213249563927e-06,0.8965036950789179,0.0872224001054177,20.626,26,92,222,827,8703,10313,448,0.092,0.222,0.827,0.42194317851255697
966,3.661842401684922e-06,0.8964773772814786,0.08726630752116905,20.626,26,102,227,1070,8708,10313,462,0.102,0.227,1.07,0.42218559100164843
967,3.785080082252846e-06,0.8964426324562773,0.08726474035839529,20.626,26,86,230,1091,8708,10313,450,0.086,0.23,1.091,0.42218559100164843
968,3.825099042908653e-06,0.896377241803412,0.08740964071711314,20.626,26,97,220,872,8708,10313,446,0.097,0.22,0.872,0.42218559100164843
969,4.052377904417737e-06,0.8965194235466194,0.08716164099362003,20.626,26,91,226,985,8708,10313,451,0.091,0.226,0.985,0.42218559100164843
970,3.1547092056674025e-06,0.8965202026068348,0.08720413343696798,20.626,26,91,230,808,8708,10313,455,0.091,0.23,0.808,0.42218559100164843
971,3.6608494567561e-06,0.8964820957302259,0.08727005861148246,20.626,26,96,213,1085,8711,10313,447,0.096,0.213,1.085,0.4223310384951033
972,3.7526734143125073e-06,0.8964312344414862,0.0872800149836317,20.626,26,83,231,973,8713,10313,448,0.083,0.231,0.973,0.42242800349073983
973,3.8651049795111946e-06,0.8963678504269249,0.08742557880183124,20.626,26,97,216,751,8713,10313,442,0.097,0.216,0.751,0.42242800349073983
974,4.201386596161373e-06,0.8965162959566387,0.08716922674890548,20.626,26,87,217,996,8713,10313,438,0.087,0.217,0.996,0.42242800349073983
975,3.3459497567609766e-06,0.8965103017331433,0.08721398707970576,20.626,26,90,219,792,8713,10313,443,0.09,0.219,0.792,0.42242800349073983
976,3.6585719715268855e-06,0.8964956164983179,0.08725545522680901,20.626,26,100,229,1013,8713,10313,462,0.1,0.229,1.013,0.42242800349073983
977,3.854151138039396e-06,0.8964562302122281,0.08725780294043667,20.626,26,86,228,1061,8713,10313,448,0.086,0.228,1.061,0.42242800349073983
978,3.95086001507026e-06,0.8963723399183144,0.08740786174952046,20.626,26,96,213,864,8713,10313,438,0.096,0.213,0.864,0.42242800349073983
979,4.151854761859825e-06,0.8965124635417407,0.08716568761613269,20.626,26,91,219,908,8713,10313,444,0.091,0.219,0.908,0.42242800349073983
980,3.2020729296431303e-06,0.8965105439510652,0.08720768326699342,20.626,26,89,220,783,8713,10313,443,0.089,0.22,0.783,0.42242800349073983
981,3.6021426328568364e-06,0.8964787260011507,0.08727274413233681,20.626,26,94,212,1035,8713,10313,443,0.094,0.212,1.035,0.42242800349073983
982,3.739809155305204e-06,0.8964482217221855,0.08728304476097065,20.626,26,83,233,1299,8715,10313,450,0.083,0.233,1.299,0.42252496848637644
983,3.896087848954752e-06,0.8963752372453887,0.08742436679900442,20.626,26,97,218,763,8715,10313,444,0.097,0.218,0.763,0.42252496848637644
984,4.19101399194453e-06,0.8965146842370206,0.08716611331171147,20.626,26,90,215,936,8715,10313,439,0.09,0.215,0.936,0.42252496848637644
985,3.2728291706658687e-06,0.8965088701239231,0.0872003550593114,20.626,26,89,220,797,8715,10313,443,0.089,0.22,0.797,0.42252496848637644
986,3.540942283541685e-06,0.8964798211947194,0.08726691136957881,20.626,26,101,216,1029,8716,10313,455,0.101,0.216,1.029,0.4225734509841947
987,3.7221782238095484e-06,0.896437130306319,0.08727925844709952,20.626,26,83,224,1005,8716,10313,442,0.083,0.224,1.005,0.4225734509841947
988,3.868152055920528e-06,0.8963795873779504,0.08742728213196932,20.626,26,93,216,855,8716,10313,438,0.093,0.216,0.855,0.4225734509841947
989,4.1338968898657875e-06,0.8965272965023761,0.08717174237322295,20.626,26,89,224,984,8716,10313,447,0.089,0.224,0.984,0.4225734509841947
990,3.5028357574002702e-06,0.8965033558631496,0.08722181287754481,20.626,26,90,222,794,8716,10313,446,0.09,0.222,0.794,0.4225734509841947
991,3.963933991164297e-06,0.8964902468546009,0.08725921768876722,20.626,26,95,224,1066,8716,10313,452,0.095,0.224,1.066,0.4225734509841947
992,3.872737000090944e-06,0.8964414847335131,0.08725424728316605,20.626,26,83,237,1105,8716,10313,454,0.083,0.237,1.105,0.4225734509841947
993,3.831977994443067e-06,0.8963778220628329,0.08739185502327393,20.626,26,96,215,755,8716,10313,440,0.096,0.215,0.755,0.4225734509841947
994,4.1271515521671015e-06,0.8965139584418824,0.08717573918374688,20.626,26,89,219,961,8716,10313,442,0.089,0.219,0.961,0.4225734509841947
995,3.2026702783150626e-06,0.8965030063569154,0.08722744286460253,20.626,26,93,223,705,8716,10313,450,0.093,0.223,0.705,0.4225734509841947
996,3.501709637845792e-06,0.896463381900868,0.08728608883283329,20.626,26,106,222,890,8716,10313,465,0.106,0.222,0.89,0.4225734509841947
997,3.7095029190167606e-06,0.8964226402151808,0.08728253360288508,20.626,26,87,231,1022,8717,10313,452,0.087,0.231,1.022,0.422621933482013
998,3.831929871155257e-06,0.8963665269443903,0.08742198240865394,20.626,26,97,222,690,8717,10313,448,0.097,0.222,0.69,0.422621933482013
999,4.075318703133092e-06,0.8965214581424825,0.08716505895285027,20.626,26,90,223,933,8717,10313,447,0.09,0.223,0.933,0.422621933482013
