{
  "control": "reaction_only_Q_invariant_rk4",
  "metrics": {
    "domain_violations": [
      0,
      0,
      0
    ],
    "dt": [
      0.02,
      0.01,
      0.005
    ],
    "figure": "/mnt/ironwolf/git/Void_Unity_Proofs/derivation/code/outputs/figures/rd_conservation/20251006_060410_q_invariant_convergence.png",
    "fit": {
      "intercept": -20.223783052083764,
      "slope": 2.1228011450818567
    },
    "max_abs_Q_drift": [
      7.571165916431255e-13,
      2.7144952952085077e-14,
      3.991251773527438e-14
    ]
  },
  "passes": {
    "slope_ge_3.9": false
  },
  "spec": {
    "T": 10.0,
    "dt_list": [
      0.02,
      0.01,
      0.005
    ],
    "r": 0.2,
    "u": 0.25
  }
}