{
  "domain_violations": [
    0,
    0,
    0
  ],
  "dt": [
    0.02,
    0.01,
    0.005
  ],
  "expected_slope": 4.0,
  "failed": true,
  "figure": "/mnt/ironwolf/git/Void_Unity_Proofs/derivation/code/outputs/figures/rd_conservation/failed_runs/20251006_061549_q_invariant_convergence.png",
  "max_abs_Q_drift": [
    7.571165916431255e-13,
    2.7144952952085077e-14,
    3.991251773527438e-14
  ],
  "order_p": 4,
  "slope": 2.1228011450818567
}