dt,median_abs_deltaS
0.04,0.0038744028750603565
0.02,0.0018930164165023577
0.01,0.0009359353708119911
0.005,0.00046532346804267766
