{
  "expected_slope": 2.0,
  "fit": {
    "R2": 0.997001114574403,
    "slope": 0.18033646326437686
  },
  "gate": "objAB_residual_vs_dt",
  "passes": {
    "slope_close_and_R2": false
  }
}