{
  "dt": [
    0.04,
    0.02,
    0.01,
    0.005
  ],
  "expected_slope": 2.0,
  "failed": true,
  "figure": "/mnt/ironwolf/git/Void_Unity_Proofs/Derivation/code/outputs/figures/rd_conservation/failed_runs/20251006_072251_euler_deltaS_vs_dt.png",
  "fit": {
    "R2": 0.9999688414135686,
    "slope": 1.0189210478335744
  },
  "median_abs_deltaS": [
    0.0038744028750603565,
    0.0018930164165023577,
    0.0009359353708119911,
    0.00046532346804267766
  ]
}