{
  "R2": 0.997001114574403,
  "dt": [
    0.005,
    0.01,
    0.02,
    0.04
  ],
  "expected_slope": 2.0,
  "figure": "/mnt/ironwolf/git/Void_Unity_Proofs/derivation/code/outputs/figures/rd_conservation/failed_runs/20251006_061245_residual_vs_dt.png",
  "max_abs_residual": [
    4.54003423139677,
    5.227531584321184,
    5.917393603107241,
    6.608001696003015
  ],
  "order_p": 1,
  "slope": 0.18033646326437686
}