tick,phi_mean,phi_var,phi_order_abs,phi_low_fraction,phi_high_fraction,phi_mid_fraction,phi_entropy_bits,phi_bimodality_coefficient,positive_fraction,positive_slab_thickness_z,observed_fraction,psi_mean,psi_std,psi_fraction_gt_0_8,psi_fraction_gt_0_95,psi_fraction_lt_0_2,interface_edges_directed,interface_edges_undirected,interface_fraction_directed,same_phase_psi_mean,cross_phase_psi_mean,interface_nodes,interface_box_dimension_proxy,active_proxy_count,active_proxy_fraction,share_active_on_interface,share_interface_active,debt_mean,debt_max,debt_gini,z_occupancy_std,x_occupancy_std,y_occupancy_std,z_axis_anisotropy_ratio,same_sign_component_count,positive_component_count,negative_component_count,largest_positive_component,largest_negative_component,condensed_component_count,condensed_nontrivial_components,condensed_components_ge_10,largest_condensed_component,largest_condensed_component_fraction,persistent_new_edges_directed,removed_edges_directed,persistent_new_edges_undirected,removed_edges_undirected,dominant_kx_mode,dominant_ky_mode,dominant_kz_mode,total_power,low_k_fraction,condensed_fraction,trapped_walker_proxy,local_curvature_proxy,galaxy_candidate_score,interface_box_count_scale_1,interface_box_count_scale_2,interface_box_count_scale_5,interface_box_count_scale_10,interface_box_count_scale_25,interface_box_count_scale_50
0,0.7777192459907383,0.0482541491899475,0.6292956550605595,0.0,0.421875,0.140625,1.9604031794659984,0.555761147735844,0.84375,8,0.578125,0.5000745919433841,0.0001560458695315252,0.0,0.0,0.0,1264,632,0.12470402525651145,0.5000519253736794,0.5002336883092229,256,2.1198952500555155,224,0.4375,0.5714285714285714,0.5,0.014822722504216856,0.03532433554484743,0.4952300764612989,0.16237976320958225,0.16237976320958225,0.16237976320958225,1.0,2,1,1,432,80,512,0,0,1,0.001953125,0,0,0,0,0.0,0.0,0.0,171206.6067888472,0.9594105996430129,0.0,0.0,0.29006249688928504,0.0,256,32,8,1,1,1
50,0.8444439685354155,0.1232180045509102,0.9833344313483394,0.15625,0.84375,0.0,1.1667228253415391,0.9980442887802029,0.84375,8,0.978515625,0.7020796751320925,0.236178765013922,0.37874221418525217,0.37412095639943743,0.00010046212577858148,1264,632,0.12698412698412698,0.6614205695371496,0.9816110260973249,256,2.1198952500555155,47,0.091796875,1.0,0.18359375,0.006857638131717201,0.07714634713635588,0.8738519050008571,0.16237976320958225,0.16237976320958225,0.16237976320958225,1.0,11,1,10,432,11,73,1,1,440,0.859375,0,182,0,91,0.0,0.0,0.0,219231.9763046078,0.9020815490867021,0.37412095639943743,0.37412095639943743,0.30457671152654925,0.04263053325336143,256,32,8,1,1,1
100,0.844402489332424,0.12325164648424095,0.9833480974921258,0.15625,0.84375,0.0,1.1597304333167269,0.9980513485185378,0.84375,8,0.978515625,0.7332022163708709,0.24351167791119221,0.4515804308435675,0.4432252868934971,0.0,1264,632,0.12723978256492852,0.6969866759447766,0.9816110260973249,256,2.1198952500555155,47,0.091796875,1.0,0.18359375,0.006748656345809972,0.07714634713635588,0.8800103838164809,0.16237976320958225,0.16237976320958225,0.16237976320958225,1.0,11,1,10,432,11,53,1,1,460,0.8984375,0,202,0,101,0.0,0.0,0.0,219222.43162276768,0.902047143329676,0.4432252868934971,0.4432252868934971,0.30340713202562325,0.05960392298618974,256,32,8,1,1,1
150,0.8443939025764848,0.12325724570035144,0.9833475404848286,0.15625,0.84375,0.0,1.1819182158267625,0.9980493457149769,0.84375,8,0.978515625,0.7431472061831562,0.24229222330854705,0.46637809542983694,0.45762029394000403,0.0,1264,632,0.12723978256492852,0.7083815466247353,0.9816110260973249,256,2.1198952500555155,49,0.095703125,1.0,0.19140625,0.006792474051678885,0.07714634713635588,0.8779057655255439,0.16237976320958225,0.16237976320958225,0.16237976320958225,1.0,11,1,10,432,11,52,1,1,461,0.900390625,0,202,0,101,0.0,0.0,0.0,219220.09799948952,0.9020385556180303,0.45762029394000403,0.45762029394000403,0.30340713202562325,0.06353840912402413,256,32,8,1,1,1
200,0.8443964299567597,0.12328668653421315,0.983411590790638,0.15625,0.84375,0.0,1.1483753053358006,0.9980478467447325,0.84375,8,0.978515625,0.7582422241400564,0.24370085430892025,0.5004026575397624,0.4938594725186229,0.0,1264,632,0.12723978256492852,0.7256772684683162,0.9816110260973249,256,2.1198952500555155,46,0.08984375,1.0,0.1796875,0.006803228890343732,0.07714634713635588,0.876952575440432,0.16237976320958225,0.16237976320958225,0.16237976320958225,1.0,11,1,10,432,11,45,1,1,468,0.9140625,0,202,0,101,0.0,0.0,0.0,219228.9346244927,0.9020137718386508,0.4938594725186229,0.4938594725186229,0.30340713202562325,0.07400014346706658,256,32,8,1,1,1
250,0.8443213764439861,0.12348685035931214,0.9837224059083383,0.15625,0.84375,0.0,1.1626100302164084,0.9980493855045307,0.84375,8,0.978515625,0.7664171044666186,0.24362693423248435,0.5165089591302597,0.5109724179585263,0.0,1264,632,0.12723978256492852,0.7350439652577129,0.9816110260973249,256,2.1198952500555155,50,0.09765625,1.0,0.1953125,0.006727239735346221,0.07714634713635588,0.8792837640247718,0.16237976320958225,0.16237976320958225,0.16237976320958225,1.0,11,1,10,432,11,42,1,1,471,0.919921875,0,202,0,101,0.0,0.0,0.0,219248.1811377893,0.9018498253396696,0.5109724179585263,0.5109724179585263,0.30340713202562325,0.07921742125544841,256,32,8,1,1,1
300,0.8443259747873526,0.12348705395226248,0.9837294123717584,0.15625,0.84375,0.0,1.1638016234327448,0.9980510560501936,0.84375,8,0.978515625,0.7734783403237917,0.24319922525255383,0.5310046305617072,0.526172740084558,0.0,1264,632,0.12723978256492852,0.7431346592606145,0.9816110260973249,256,2.1198952500555155,50,0.09765625,1.0,0.1953125,0.006707534776908725,0.07714634713635588,0.8805076376405878,0.16237976320958225,0.16237976320958225,0.16237976320958225,1.0,11,1,10,432,11,42,1,1,471,0.919921875,0,202,0,101,0.0,0.0,0.0,219250.27005146744,0.9018490265332193,0.526172740084558,0.526172740084558,0.30340713202562325,0.08400061663719925,256,32,8,1,1,1
350,0.8443042281796806,0.1235154456387722,0.9837586251524044,0.15625,0.84375,0.0,1.1648304978193196,0.9980540374277731,0.84375,8,0.978515625,0.7790990314998208,0.24297827677867026,0.5421783772901148,0.5397624320515402,0.0,1264,632,0.12723978256492852,0.7495747914570013,0.9816110260973249,256,2.1198952500555155,52,0.1015625,1.0,0.203125,0.006703446970457468,0.07714634713635588,0.8807276825078565,0.16237976320958225,0.16237976320958225,0.16237976320958225,1.0,11,1,10,432,11,41,1,1,472,0.921875,0,202,0,101,0.0,0.0,0.0,219248.0863153969,0.9018270909001326,0.5397624320515402,0.5397624320515402,0.30340713202562325,0.08839569062782862,256,32,8,1,1,1
400,0.8443032192953979,0.12351047603881388,0.9837467159231892,0.15625,0.84375,0.0,1.1707789670121609,0.9980524215812515,0.84375,8,0.978515625,0.7821092957974632,0.24266663931449284,0.5481175760016106,0.546204952687739,0.0,1264,632,0.12723978256492852,0.7530239224296402,0.9816110260973249,256,2.1198952500555155,50,0.09765625,1.0,0.1953125,0.006706445121467758,0.07714634713635588,0.880438728302342,0.16237976320958225,0.16237976320958225,0.16237976320958225,1.0,11,1,10,432,11,40,1,1,473,0.923828125,0,202,0,101,0.0,0.0,0.0,219246.33697357314,0.9018279150717675,0.546204952687739,0.546204952687739,0.30340713202562325,0.09051843836079974,256,32,8,1,1,1
450,0.844289033790119,0.12351074830606411,0.9837275126483291,0.15625,0.84375,0.0,1.1648304978193196,0.9980507442432558,0.84375,8,0.978515625,0.7845364687774943,0.24221458209232302,0.5525468089389974,0.5502315280853634,0.0,1264,632,0.12723978256492852,0.7558049531543956,0.9816110260973249,256,2.1198952500555155,52,0.1015625,1.0,0.203125,0.00671702194781215,0.07714634713635588,0.8801685372157345,0.16237976320958225,0.16237976320958225,0.16237976320958225,1.0,11,1,10,432,11,40,1,1,473,0.923828125,0,202,0,101,0.0,0.0,0.0,219240.12907149835,0.9018295156153168,0.5502315280853634,0.5502315280853634,0.30340713202562325,0.09185794570156734,256,32,8,1,1,1
500,0.8442741397047939,0.12350643060833325,0.98369750665006,0.15625,0.84375,0.0,1.1786952178050947,0.9980468901511779,0.84375,8,0.978515625,0.7866236142272653,0.24220770601341057,0.557781356955909,0.5551640829474532,0.0,1264,632,0.12723978256492852,0.7581963837078011,0.9816110260973249,256,2.1198952500555155,51,0.099609375,1.0,0.19921875,0.0067235513009015315,0.07714634713635588,0.8795737006096109,0.16237976320958225,0.16237976320958225,0.16237976320958225,1.0,11,1,10,432,11,39,1,1,474,0.92578125,0,202,0,101,0.0,0.0,0.0,219232.40439515794,0.9018278295988298,0.5551640829474532,0.5551640829474532,0.30340713202562325,0.09351225018040385,256,32,8,1,1,1
550,0.8443180581198249,0.12348587465090749,0.9837159584058099,0.15625,0.84375,0.0,1.1567318179281647,0.9980502014860688,0.84375,8,0.978515625,0.7878652607708215,0.24221541646476982,0.5612039460438897,0.5581840144956715,0.0,1264,632,0.12723978256492852,0.7596190500011906,0.9816110260973249,256,2.1198952500555155,51,0.099609375,1.0,0.19921875,0.006709357248284241,0.07714634713635588,0.8805769723441677,0.16237976320958225,0.16237976320958225,0.16237976320958225,1.0,11,1,10,432,11,39,1,1,474,0.92578125,0,202,0,101,0.0,0.0,0.0,219246.45645009275,0.9018499029070466,0.5581840144956715,0.5581840144956715,0.30340713202562325,0.0945323762721838,256,32,8,1,1,1
600,0.8442815845846781,0.12349911242943042,0.9836924008995993,0.15625,0.84375,0.0,1.1718078413987358,0.9980454967361984,0.84375,8,0.978515625,0.7890613339533863,0.24206235396913436,0.5638212200523455,0.5610026172740085,0.0,1264,632,0.12723978256492852,0.7609894987896102,0.9816110260973249,256,2.1198952500555155,51,0.099609375,1.0,0.19921875,0.006735677389684679,0.07714634713635588,0.8791655128178005,0.16237976320958225,0.16237976320958225,0.16237976320958225,1.0,11,1,10,432,11,39,1,1,474,0.92578125,0,202,0,101,0.0,0.0,0.0,219233.781415476,0.9018301886229952,0.5610026172740085,0.5610026172740085,0.30340713202562325,0.09548948698006646,256,32,8,1,1,1
650,0.8443253007535532,0.12348684419343849,0.9837280637948425,0.15625,0.84375,0.0,1.1638016234327448,0.9980511298050755,0.84375,8,0.978515625,0.7900800221770827,0.24183680676274502,0.565230521441514,0.5623112542782364,0.0,1264,632,0.12723978256492852,0.7621567016516865,0.9816110260973249,256,2.1198952500555155,50,0.09765625,1.0,0.1953125,0.006707664283950448,0.07714634713635588,0.8804859324688037,0.16237976320958225,0.16237976320958225,0.16237976320958225,1.0,11,1,10,432,11,38,1,1,475,0.927734375,0,202,0,101,0.0,0.0,0.0,219249.9166900431,0.9018489939742093,0.5623112542782364,0.5623112542782364,0.30340713202562325,0.0959354985284578,256,32,8,1,1,1
700,0.844303681045858,0.12351527574672919,0.9837575312776607,0.15625,0.84375,0.0,1.1648304978193196,0.9980540972284601,0.84375,8,0.978515625,0.7911809524984361,0.2419060489167022,0.5684517817596134,0.5656331789812764,0.0,1264,632,0.12723978256492852,0.7634181366934771,0.9816110260973249,256,2.1198952500555155,52,0.1015625,1.0,0.203125,0.006703554614613975,0.07714634713635588,0.8807097510518673,0.16237976320958225,0.16237976320958225,0.16237976320958225,1.0,11,1,10,432,11,38,1,1,475,0.927734375,0,202,0,101,0.0,0.0,0.0,219247.7995858172,0.901827057511636,0.5656331789812764,0.5656331789812764,0.30340713202562325,0.09707234881274655,256,32,8,1,1,1
750,0.8443029467089218,0.12351039141664025,0.9837461709830677,0.15625,0.84375,0.0,1.1707789670121609,0.9980524513736383,0.84375,8,0.978515625,0.7917718787068017,0.24201842574340607,0.5694584256090195,0.5674451379102073,0.0,1264,632,0.12723978256492852,0.7640952140814705,0.9816110260973249,256,2.1198952500555155,50,0.09765625,1.0,0.1953125,0.006706487906114325,0.07714634713635588,0.8804321940132924,0.16237976320958225,0.16237976320958225,0.16237976320958225,1.0,11,1,10,432,11,37,1,1,476,0.9296875,0,202,0,101,0.0,0.0,0.0,219246.1941278006,0.9018278948929602,0.5674451379102073,0.5674451379102073,0.30340713202562325,0.09769527137815749,256,32,8,1,1,1
800,0.8442888702993514,0.12351069756066277,0.9837271858414169,0.15625,0.84375,0.0,1.1648304978193196,0.9980507622177136,0.84375,8,0.978515625,0.7919658614352169,0.24202383295871097,0.5697604187638413,0.568552446144554,0.0,1264,632,0.12723978256492852,0.7643174775675231,0.9816110260973249,256,2.1198952500555155,52,0.1015625,1.0,0.203125,0.0067170497296796024,0.07714634713635588,0.8801646203845014,0.16237976320958225,0.16237976320958225,0.16237976320958225,1.0,11,1,10,432,11,37,1,1,476,0.9296875,0,202,0,101,0.0,0.0,0.0,219240.04339961504,0.9018295059717989,0.568552446144554,0.568552446144554,0.30340713202562325,0.09807692705146402,256,32,8,1,1,1
850,0.8442740725258773,0.1235064097286529,0.9836973723213305,0.15625,0.84375,0.0,1.1786952178050947,0.9980468976428267,0.84375,8,0.978515625,0.7921275652184533,0.24199434796310593,0.5699617475337225,0.5689551036843165,0.0,1264,632,0.12723978256492852,0.7645027561583734,0.9816110260973249,256,2.1198952500555155,51,0.099609375,1.0,0.19921875,0.006723553703076762,0.07714634713635588,0.8795733460114942,0.16237976320958225,0.16237976320958225,0.16237976320958225,1.0,11,1,10,432,11,37,1,1,476,0.9296875,0,202,0,101,0.0,0.0,0.0,219232.3691854124,0.9018278242432765,0.5689551036843165,0.5689551036843165,0.30340713202562325,0.09821589540393073,256,32,8,1,1,1
900,0.8443180447320628,0.12348587048790391,0.9837159316302859,0.15625,0.84375,0.0,1.1567318179281647,0.9980502029745032,0.84375,8,0.978515625,0.7922467840061068,0.24193511555242728,0.5701630763036037,0.5689551036843165,0.0,1264,632,0.12723978256492852,0.7646393558627044,0.9816110260973249,256,2.1198952500555155,51,0.099609375,1.0,0.19921875,0.006709355053561068,0.07714634713635588,0.8805774999087269,0.16237976320958225,0.16237976320958225,0.16237976320958225,1.0,11,1,10,432,11,37,1,1,476,0.9296875,0,202,0,101,0.0,0.0,0.0,219246.44943248158,0.9018499028925328,0.5689551036843165,0.5689551036843165,0.30340713202562325,0.09821589540393073,256,32,8,1,1,1
950,0.8442815791131579,0.12349911071697703,0.983692389956559,0.15625,0.84375,0.0,1.1718078413987358,0.9980454974908732,0.84375,8,0.978515625,0.792428238370996,0.2418836382193556,0.5705657338433662,0.5691564324541977,0.0,1264,632,0.12723978256492852,0.764847264474101,0.9816110260973249,256,2.1198952500555155,51,0.099609375,1.0,0.19921875,0.006735679259284522,0.07714634713635588,0.8791651640150687,0.16237976320958225,0.16237976320958225,0.16237976320958225,1.0,11,1,10,432,11,37,1,1,476,0.9296875,0,202,0,101,0.0,0.0,0.0,219233.77854461627,0.9018301887881336,0.5691564324541977,0.5691564324541977,0.30340713202562325,0.09828541647441696,256,32,8,1,1,1
1000,0.8443252832839789,0.12348683876803554,0.9837280288847978,0.15625,0.84375,0.0,1.1638016234327448,0.9980511318419719,0.84375,8,0.978515625,0.7926517128164389,0.2418400766111296,0.5709683913831286,0.5696597543789007,0.0,1264,632,0.12723978256492852,0.7651033192769879,0.9816110260973249,256,2.1198952500555155,50,0.09765625,1.0,0.1953125,0.006707667017012281,0.07714634713635588,0.8804853749288243,0.16237976320958225,0.16237976320958225,0.16237976320958225,1.0,11,1,10,432,11,37,1,1,476,0.9296875,0,202,0,101,0.0,0.0,0.0,219249.90753455646,0.9018489938313342,0.5696597543789007,0.5696597543789007,0.30340713202562325,0.09845932675887004,256,32,8,1,1,1
1050,0.8443036475109693,0.12351526533107827,0.9837574642369873,0.15625,0.84375,0.0,1.1648304978193196,0.9980541009661803,0.84375,8,0.978515625,0.7928274933879516,0.24182065221143745,0.5714717133078316,0.5699617475337225,0.0,1264,632,0.12723978256492852,0.7653047269122136,0.9816110260973249,256,2.1198952500555155,52,0.1015625,1.0,0.203125,0.006703557878492721,0.07714634713635588,0.8807090796106225,0.16237976320958225,0.16237976320958225,0.16237976320958225,1.0,11,1,10,432,11,37,1,1,476,0.9296875,0,202,0,101,0.0,0.0,0.0,219247.78201092075,0.9018270565298055,0.5699617475337225,0.5699617475337225,0.30340713202562325,0.09856374671804763,256,32,8,1,1,1
1100,0.8443028901310754,0.12351037382913227,0.9837460578273749,0.15625,0.84375,0.0,1.1707789670121609,0.9980524575617771,0.84375,8,0.978515625,0.793065399831513,0.24183965538013347,0.5719750352325347,0.5707670626132474,0.0,1264,632,0.12723978256492852,0.7655773177553901,0.9816110260973249,256,2.1198952500555155,50,0.09765625,1.0,0.1953125,0.006706492501462002,0.07714634713635588,0.8804312535431189,0.16237976320958225,0.16237976320958225,0.16237976320958225,1.0,11,1,10,432,11,37,1,1,476,0.9296875,0,202,0,101,0.0,0.0,0.0,219246.16447271078,0.9018278927842468,0.5707670626132474,0.5707670626132474,0.30340713202562325,0.09884247050037553,256,32,8,1,1,1
1150,0.8442888047429733,0.12351067721316002,0.9837270547868684,0.15625,0.84375,0.0,1.1648304978193196,0.9980507693484059,0.84375,8,0.978515625,0.7931472383888045,0.24179923985822027,0.5719750352325347,0.5709683913831286,0.0,1264,632,0.12723978256492852,0.7656710875625566,0.9816110260973249,256,2.1198952500555155,52,0.1015625,1.0,0.203125,0.006717051377733923,0.07714634713635588,0.8801643483496686,0.16237976320958225,0.16237976320958225,0.16237976320958225,1.0,11,1,10,432,11,37,1,1,476,0.9296875,0,202,0,101,0.0,0.0,0.0,219240.0090470754,0.9018295033411784,0.5709683913831286,0.5709683913831286,0.30340713202562325,0.09891221293637896,256,32,8,1,1,1
1200,0.8442740085993137,0.1235063898870317,0.9836972445264109,0.15625,0.84375,0.0,1.1786952178050947,0.9980469046087361,0.84375,8,0.978515625,0.7932966594451722,0.24172377062088252,0.5721763640024159,0.5710690557680692,0.0,1264,632,0.12723978256492852,0.7658422927267962,0.9816110260973249,256,2.1198952500555155,51,0.099609375,1.0,0.19921875,0.006723554535372637,0.07714634713635588,0.8795732229504332,0.16237976320958225,0.16237976320958225,0.16237976320958225,1.0,11,1,10,432,11,37,1,1,476,0.9296875,0,202,0,101,0.0,0.0,0.0,219232.33568742062,0.9018278215939071,0.5710690557680692,0.5710690557680692,0.30340713202562325,0.09894709337794388,256,32,8,1,1,1
1250,0.8443179820860678,0.12348585105199686,0.9837158063965035,0.15625,0.84375,0.0,1.1567318179281647,0.998050209722363,0.84375,8,0.978515625,0.7934659029999704,0.24167386272742888,0.5723776927722971,0.5712703845379504,0.0,1264,632,0.12723978256492852,0.7660362103131129,0.9816110260973249,256,2.1198952500555155,51,0.099609375,1.0,0.19921875,0.006709356470737378,0.07714634713635588,0.8805772966458508,0.16237976320958225,0.16237976320958225,0.16237976320958225,1.0,11,1,10,432,11,37,1,1,476,0.9296875,0,202,0,101,0.0,0.0,0.0,219246.41660623555,0.9018499002468041,0.5712703845379504,0.5712703845379504,0.30340713202562325,0.09901687270820018,256,32,8,1,1,1
1300,0.8442815224043443,0.12349909312412782,0.9836922765971394,0.15625,0.84375,0.0,1.1718078413987358,0.998045503606384,0.84375,8,0.978515625,0.7936598377698668,0.24163850244737808,0.5729816790819409,0.571371048922891,0.0,1264,632,0.12723978256492852,0.7662584188487703,0.9816110260973249,256,2.1198952500555155,51,0.099609375,1.0,0.19921875,0.006735680558097963,0.07714634713635588,0.8791649757590156,0.16237976320958225,0.16237976320958225,0.16237976320958225,1.0,11,1,10,432,11,37,1,1,476,0.9296875,0,202,0,101,0.0,0.0,0.0,219233.74883078807,0.9018301863098545,0.571371048922891,0.571371048922891,0.30340713202562325,0.09905177159689155,256,32,8,1,1,1
1350,0.844325235546421,0.1234868239540042,0.9837279334387858,0.15625,0.84375,0.0,1.1638016234327448,0.9980511369323807,0.84375,8,0.978515625,0.7938877705395377,0.24169487336021,0.5738876585464063,0.5719750352325347,0.0,1264,632,0.12723978256492852,0.7665195819553344,0.9816110260973249,256,2.1198952500555155,50,0.09765625,1.0,0.1953125,0.006707667118633278,0.07714634713635588,0.8804854470754158,0.16237976320958225,0.16237976320958225,0.16237976320958225,1.0,11,1,10,432,11,37,1,1,476,0.9296875,0,202,0,101,0.0,0.0,0.0,219249.88251918138,0.9018489916535756,0.5719750352325347,0.5719750352325347,0.30340713202562325,0.09926129405892477,256,32,8,1,1,1
1400,0.8443036149074032,0.12351525521493437,0.983757399058959,0.15625,0.84375,0.0,1.1648304978193196,0.9980541044636493,0.84375,8,0.978515625,0.7939917975948542,0.24173740303480748,0.5738876585464063,0.5728810146970001,0.0,1264,632,0.12723978256492852,0.7666387751234444,0.9816110260973249,256,2.1198952500555155,52,0.1015625,1.0,0.203125,0.006703556784491879,0.07714634713635588,0.8807094015581147,0.16237976320958225,0.16237976320958225,0.16237976320958225,1.0,11,1,10,432,11,37,1,1,476,0.9296875,0,202,0,101,0.0,0.0,0.0,219247.7649267964,0.9018270550472252,0.5728810146970001,0.5728810146970001,0.30340713202562325,0.09957599281231934,256,32,8,1,1,1
1450,0.844302880926989,0.12351037098349996,0.983746039448306,0.15625,0.84375,0.0,1.1707789670121609,0.9980524585489197,0.84375,8,0.978515625,0.794011424413168,0.2417158699230918,0.5738876585464063,0.5728810146970001,0.0,1264,632,0.12723978256492852,0.7666612633371848,0.9816110260973249,256,2.1198952500555155,50,0.09765625,1.0,0.1953125,0.00670648974019787,0.07714634713635588,0.8804319056837925,0.16237976320958225,0.16237976320958225,0.16237976320958225,1.0,11,1,10,432,11,37,1,1,476,0.9296875,0,202,0,101,0.0,0.0,0.0,219246.15965248406,0.9018278923587073,0.5728810146970001,0.5728810146970001,0.30340713202562325,0.09957599281231934,256,32,8,1,1,1
1500,0.844288804277312,0.12351067706795088,0.9837270538555458,0.15625,0.84375,0.0,1.1648304978193196,0.9980507694054915,0.84375,8,0.978515625,0.7940453137397671,0.24168127628039007,0.5738876585464063,0.5728810146970001,0.0,1264,632,0.12723978256492852,0.7667000933914448,0.9816110260973249,256,2.1198952500555155,52,0.1015625,1.0,0.203125,0.006717051289713574,0.07714634713635588,0.880164396926725,0.16237976320958225,0.16237976320958225,0.16237976320958225,1.0,11,1,10,432,11,37,1,1,476,0.9296875,0,202,0,101,0.0,0.0,0.0,219240.0088028844,0.9018295033235045,0.5728810146970001,0.5728810146970001,0.30340713202562325,0.09957599281231934,256,32,8,1,1,1
1550,0.8442740082500677,0.12350638977803764,0.983697243827919,0.15625,0.84375,0.0,1.1786952178050947,0.9980469046527627,0.84375,8,0.978515625,0.7941005483752697,0.24163206765895393,0.5738876585464063,0.5728810146970001,0.0,1264,632,0.12723978256492852,0.766763380688917,0.9816110260973249,256,2.1198952500555155,51,0.099609375,1.0,0.19921875,0.006723554690086687,0.07714634713635588,0.8795731954540711,0.16237976320958225,0.16237976320958225,0.16237976320958225,1.0,11,1,10,432,11,37,1,1,476,0.9296875,0,202,0,101,0.0,0.0,0.0,219232.33550425738,0.9018278216339962,0.5728810146970001,0.5728810146970001,0.30340713202562325,0.09957599281231934,256,32,8,1,1,1
1600,0.8443179810383299,0.12348585072567843,0.9837158043010277,0.15625,0.84375,0.0,1.1567318179281647,0.9980502098457757,0.84375,8,0.978515625,0.7941837976678219,0.24157509791158163,0.5739883229313469,0.5728810146970001,0.0,1264,632,0.12723978256492852,0.7668587669025518,0.9816110260973249,256,2.1198952500555155,51,0.099609375,1.0,0.19921875,0.006709356565924156,0.07714634713635588,0.8805772796285081,0.16237976320958225,0.16237976320958225,0.16237976320958225,1.0,11,1,10,432,11,37,1,1,476,0.9296875,0,202,0,101,0.0,0.0,0.0,219246.4160568954,0.901849900275065,0.5728810146970001,0.5728810146970001,0.30340713202562325,0.09957599281231934,256,32,8,1,1,1
1650,0.8442815205416991,0.12349909254413582,0.9836922728718491,0.15625,0.84375,0.0,1.1718078413987358,0.9980455038234671,0.84375,8,0.978515625,0.7943145416321494,0.24149795117799977,0.5740889873162875,0.5729816790819409,0.0,1264,632,0.12723978256492852,0.7670085720399947,0.9816110260973249,256,2.1198952500555155,51,0.099609375,1.0,0.19921875,0.0067356805982838365,0.07714634713635588,0.8791649666515653,0.16237976320958225,0.16237976320958225,0.16237976320958225,1.0,11,1,10,432,11,37,1,1,476,0.9296875,0,202,0,101,0.0,0.0,0.0,219233.74785425287,0.9018301863265717,0.5729816790819409,0.5729816790819409,0.30340713202562325,0.09961099008568505,256,32,8,1,1,1
1700,0.8443252328688686,0.12348682312060286,0.983727928083681,0.15625,0.84375,0.0,1.1638016234327448,0.998051137240566,0.84375,8,0.978515625,0.794462507642777,0.2414256901614598,0.5742903160861688,0.5730823434668815,0.0,1264,632,0.12723978256492852,0.7671781100272582,0.9816110260973249,256,2.1198952500555155,50,0.09765625,1.0,0.1953125,0.00670766723838302,0.07714634713635588,0.8804854190641289,0.16237976320958225,0.16237976320958225,0.16237976320958225,1.0,11,1,10,432,11,37,1,1,476,0.9296875,0,202,0,101,0.0,0.0,0.0,219249.88111543912,0.9018489917093413,0.5730823434668815,0.5730823434668815,0.30340713202562325,0.09964599350809288,256,32,8,1,1,1
1750,0.844303611182113,0.12351525405520167,0.9837573916083784,0.15625,0.84375,0.0,1.1648304978193196,0.9980541048935304,0.84375,8,0.978515625,0.7947021829594735,0.24135793023525176,0.57449164485605,0.5732836722367627,0.0,1264,632,0.12723978256492852,0.7674527276277268,0.9816110260973249,256,2.1198952500555155,52,0.1015625,1.0,0.203125,0.006703556933098373,0.07714634713635588,0.8807093666165253,0.16237976320958225,0.16237976320958225,0.16237976320958225,1.0,11,1,10,432,11,37,1,1,476,0.9296875,0,202,0,101,0.0,0.0,0.0,219247.76297374896,0.901827055207098,0.5732836722367627,0.5732836722367627,0.30340713202562325,0.09971601880003494,256,32,8,1,1,1
1800,0.8443028765032068,0.12351036960619576,0.9837460306007415,0.15625,0.84375,0.0,1.1707789670121609,0.9980524590613989,0.84375,8,0.978515625,0.7949713844995708,0.2413637965052698,0.5762029394000403,0.5734850010066439,0.0,1264,632,0.12723978256492852,0.7677611760820897,0.9816110260973249,256,2.1198952500555155,50,0.09765625,1.0,0.1953125,0.006706489973568307,0.07714634713635588,0.880431850869942,0.16237976320958225,0.16237976320958225,0.16237976320958225,1.0,11,1,10,432,11,37,1,1,476,0.9296875,0,202,0,101,0.0,0.0,0.0,219246.15733321002,0.9018278926305072,0.5734850010066439,0.5734850010066439,0.30340713202562325,0.0997860686881456,256,32,8,1,1,1
1850,0.8442887985729612,0.12351067529167212,0.9837270424468443,0.15625,0.84375,0.0,1.1648304978193196,0.9980507700700513,0.84375,8,0.978515625,0.7952502378520769,0.24147328918558958,0.5765049325548621,0.5751962955506342,0.0,1264,632,0.12723978256492852,0.7680806834873719,0.9816110260973249,256,2.1198952500555155,52,0.1015625,1.0,0.203125,0.0067170515794216816,0.07714634713635588,0.8801643288212702,0.16237976320958225,0.16237976320958225,0.16237976320958225,1.0,11,1,10,432,11,37,1,1,476,0.9296875,0,202,0,101,0.0,0.0,0.0,219240.00581220997,0.9018295037411911,0.5751962955506342,0.5751962955506342,0.30340713202562325,0.1003824858073925,256,32,8,1,1,1
1900,0.8442740028949629,0.12350638811019687,0.9836972331177094,0.15625,0.84375,0.0,1.1786952178050947,0.9980469052811701,0.84375,8,0.978515625,0.795323751547314,0.24148921056449146,0.5766055969398027,0.575498288705456,0.0,1264,632,0.12723978256492852,0.7681649147501729,0.9816110260973249,256,2.1198952500555155,51,0.099609375,1.0,0.19921875,0.006723554952046167,0.07714634713635588,0.8795731344522911,0.16237976320958225,0.16237976320958225,0.16237976320958225,1.0,11,1,10,432,11,37,1,1,476,0.9296875,0,202,0,101,0.0,0.0,0.0,219232.33269664473,0.9018278220734965,0.575498288705456,0.575498288705456,0.30340713202562325,0.10048792035852391,256,32,8,1,1,1
1950,0.8443179755668098,0.12348584902205578,0.9837157933579874,0.15625,0.84375,0.0,1.1567318179281647,0.9980502104836151,0.84375,8,0.978515625,0.7953556030598689,0.24148977211671444,0.5766055969398027,0.5755989530903967,0.0,1264,632,0.12723978256492852,0.7682014098973148,0.9816110260973249,256,2.1198952500555155,51,0.099609375,1.0,0.19921875,0.0067093568045736435,0.07714634713635588,0.8805772238033569,0.16237976320958225,0.16237976320958225,0.16237976320958225,1.0,11,1,10,432,11,37,1,1,476,0.9296875,0,202,0,101,0.0,0.0,0.0,219246.41318824617,0.9018499007268499,0.5755989530903967,0.5755989530903967,0.30340713202562325,0.10052307750698534,256,32,8,1,1,1
2000,0.8442815157686709,0.12349909105754277,0.9836922633257927,0.15625,0.84375,0.0,1.1718078413987358,0.9980455043847296,0.84375,8,0.978515625,0.7953808239066963,0.24147765759468934,0.5767062613247433,0.5755989530903967,0.0,1264,632,0.12723978256492852,0.7682303076934375,0.9816110260973249,256,2.1198952500555155,51,0.099609375,1.0,0.19921875,0.006735680856510576,0.07714634713635588,0.8791649074199982,0.16237976320958225,0.16237976320958225,0.16237976320958225,1.0,11,1,10,432,11,37,1,1,476,0.9296875,0,202,0,101,0.0,0.0,0.0,219233.74535178646,0.9018301867246606,0.5755989530903967,0.5755989530903967,0.30340713202562325,0.10052307750698534,256,32,8,1,1,1
2050,0.844325229027163,0.12348682192432965,0.9837279204002698,0.15625,0.84375,0.0,1.1638016234327448,0.9980511376899237,0.84375,8,0.978515625,0.7954072491705526,0.24147346828484842,0.5767062613247433,0.5756996174753373,0.0,1264,632,0.12723978256492852,0.7682605854986448,0.9816110260973249,256,2.1198952500555155,50,0.09765625,1.0,0.1953125,0.006707667469869825,0.07714634713635588,0.8804853662130766,0.16237976320958225,0.16237976320958225,0.16237976320958225,1.0,11,1,10,432,11,37,1,1,476,0.9296875,0,202,0,101,0.0,0.0,0.0,219249.87910123708,0.9018489920788973,0.5756996174753373,0.5756996174753373,0.30340713202562325,0.10055824080448893,256,32,8,1,1,1
2100,0.8443036081553146,0.12351525311247843,0.9837573855547816,0.15625,0.84375,0.0,1.1648304978193196,0.9980541052488482,0.84375,8,0.978515625,0.7954333739571584,0.24145181584892772,0.5767062613247433,0.5756996174753373,0.0,1264,632,0.12723978256492852,0.7682905190199991,0.9816110260973249,256,2.1198952500555155,52,0.1015625,1.0,0.203125,0.006703557125019801,0.07714634713635588,0.8807093218345922,0.16237976320958225,0.16237976320958225,0.16237976320958225,1.0,11,1,10,432,11,37,1,1,476,0.9296875,0,202,0,101,0.0,0.0,0.0,219247.76138678243,0.9018270555591137,0.5756996174753373,0.5756996174753373,0.30340713202562325,0.10055824080448893,256,32,8,1,1,1
2150,0.8443028746405616,0.1235103690260001,0.9837460268754512,0.15625,0.84375,0.0,1.1707789670121609,0.9980524592809935,0.84375,8,0.978515625,0.7954669551324239,0.24143429734089256,0.576806925709684,0.5756996174753373,0.0,1264,632,0.12723978256492852,0.768328995997518,0.9816110260973249,256,2.1198952500555155,50,0.09765625,1.0,0.1953125,0.006706490190023287,0.07714634713635588,0.8804318034620364,0.16237976320958225,0.16237976320958225,0.16237976320958225,1.0,11,1,10,432,11,37,1,1,476,0.9296875,0,202,0,101,0.0,0.0,0.0,219246.15635660072,0.9018278928599038,0.5756996174753373,0.5756996174753373,0.30340713202562325,0.10055824080448893,256,32,8,1,1,1
2200,0.8442887975252233,0.12351067496526073,0.9837270403513685,0.15625,0.84375,0.0,1.1648304978193196,0.9980507701942536,0.84375,8,0.978515625,0.7955124012620391,0.2414153913608784,0.576806925709684,0.5758002818602779,0.0,1264,632,0.12723978256492852,0.768381067722039,0.9816110260973249,256,2.1198952500555155,52,0.1015625,1.0,0.203125,0.006717051775579238,0.07714634713635588,0.8801642841303312,0.16237976320958225,0.16237976320958225,0.16237976320958225,1.0,11,1,10,432,11,37,1,1,476,0.9296875,0,202,0,101,0.0,0.0,0.0,219240.00526286144,0.9018295038717884,0.5758002818602779,0.5758002818602779,0.30340713202562325,0.10059341025103465,256,32,8,1,1,1
2250,0.844274001847225,0.1235063877838509,0.9836972310222336,0.15625,0.84375,0.0,1.1786952178050947,0.9980469054045215,0.84375,8,0.978515625,0.7955613090331006,0.24138596223977524,0.5769075900946246,0.5758002818602779,0.0,1264,632,0.12723978256492852,0.7684371057609923,0.9816110260973249,256,2.1198952500555155,51,0.099609375,1.0,0.19921875,0.00672355541168699,0.07714634713635588,0.8795730339342552,0.16237976320958225,0.16237976320958225,0.16237976320958225,1.0,11,1,10,432,11,37,1,1,476,0.9296875,0,202,0,101,0.0,0.0,0.0,219232.3321473215,0.9018278221486326,0.5758002818602779,0.5758002818602779,0.30340713202562325,0.10059341025103465,256,32,8,1,1,1
2300,0.8443179740534106,0.1234858485508472,0.983715790331189,0.15625,0.84375,0.0,1.1567318179281647,0.9980502106599534,0.84375,8,0.978515625,0.7956212091810727,0.24136591663693416,0.5771089188645058,0.5758002818602779,0.0,1264,632,0.12723978256492852,0.7685057387563734,0.9816110260973249,256,2.1198952500555155,51,0.099609375,1.0,0.19921875,0.006709357417399662,0.07714634713635588,0.8805770876255236,0.16237976320958225,0.16237976320958225,0.16237976320958225,1.0,11,1,10,432,11,37,1,1,476,0.9296875,0,202,0,101,0.0,0.0,0.0,219246.41239479164,0.901849900880975,0.5758002818602779,0.5758002818602779,0.30340713202562325,0.10059341025103465,256,32,8,1,1,1
2350,0.8442815136731951,0.12349909040497983,0.9836922591348412,0.15625,0.84375,0.0,1.1718078413987358,0.9980455046299352,0.84375,8,0.978515625,0.7957100697943256,0.24134513232740593,0.5771089188645058,0.5761022750150997,0.0,1264,632,0.12723978256492852,0.7686075543656069,0.9816110260973249,256,2.1198952500555155,51,0.099609375,1.0,0.19921875,0.006735681759015308,0.07714634713635588,0.8791647107097266,0.16237976320958225,0.16237976320958225,0.16237976320958225,1.0,11,1,10,432,11,37,1,1,476,0.9296875,0,202,0,101,0.0,0.0,0.0,219233.74425316567,0.9018301868783875,0.5761022750150997,0.5761022750150997,0.30340713202562325,0.10069895548492469,256,32,8,1,1,1
2400,0.8443252266988566,0.12348682119947918,0.9837279157436569,0.15625,0.84375,0.0,1.1638016234327448,0.9980511379600182,0.84375,8,0.978515625,0.795754562225624,0.24131829980688613,0.5771089188645058,0.5761022750150997,0.0,1264,632,0.12723978256492852,0.7686585333520566,0.9816110260973249,256,2.1198952500555155,50,0.09765625,1.0,0.1953125,0.006707668420022749,0.07714634713635588,0.8804851576756028,0.16237976320958225,0.16237976320958225,0.16237976320958225,1.0,11,1,10,432,11,37,1,1,476,0.9296875,0,202,0,101,0.0,0.0,0.0,219249.87788055153,0.9018489922535557,0.5761022750150997,0.5761022750150997,0.30340713202562325,0.10069895548492469,256,32,8,1,1,1
2450,0.8443036041971936,0.12351525188005065,0.9837573776385398,0.15625,0.84375,0.0,1.1648304978193196,0.9980541057085004,0.84375,8,0.978515625,0.7958609065360075,0.24128449578194314,0.5775115764042682,0.5761022750150997,0.0,1264,632,0.12723978256492852,0.7687803816080369,0.9816110260973249,256,2.1198952500555155,52,0.1015625,1.0,0.203125,0.00670355791736325,0.07714634713635588,0.8807091432544438,0.16237976320958225,0.16237976320958225,0.16237976320958225,1.0,11,1,10,432,11,37,1,1,476,0.9296875,0,202,0,101,0.0,0.0,0.0,219247.759311614,0.901827055957286,0.5761022750150997,0.5761022750150997,0.30340713202562325,0.10069895548492469,256,32,8,1,1,1
2500,0.8443028712645173,0.12351036797483478,0.9837460201233625,0.15625,0.84375,0.0,1.1707789670121609,0.9980524596729852,0.84375,8,0.978515625,0.7959659810346547,0.24128614258199854,0.5777129051741494,0.5763036037849809,0.0,1264,632,0.12723978256492852,0.7689007749263254,0.9816110260973249,256,2.1198952500555155,50,0.09765625,1.0,0.1953125,0.006706491385051531,0.07714634713635588,0.8804315409916178,0.16237976320958225,0.16237976320958225,0.16237976320958225,1.0,11,1,10,432,11,37,1,1,476,0.9296875,0,202,0,101,0.0,0.0,0.0,219246.15458661146,0.9018278931214214,0.5763036037849809,0.5763036037849809,0.30340713202562325,0.10076934971939544,256,32,8,1,1,1
2550,0.8442887929850258,0.12351067355143386,0.9837270312709734,0.15625,0.84375,0.0,1.1648304978193196,0.9980507707239297,0.84375,8,0.978515625,0.796076789393328,0.2413031885998966,0.5781155627139118,0.5767062613247433,0.0,1264,632,0.12723978256492852,0.7690277380445562,0.9816110260973249,256,2.1198952500555155,52,0.1015625,1.0,0.203125,0.006717052680407181,0.07714634713635588,0.8801640844455905,0.16237976320958225,0.16237976320958225,0.16237976320958225,1.0,11,1,10,432,11,37,1,1,476,0.9296875,0,202,0,101,0.0,0.0,0.0,219240.0028825147,0.9018295042666715,0.5767062613247433,0.5767062613247433,0.30340713202562325,0.10091021197684266,256,32,8,1,1,1
2600,0.8442739983547654,0.12350638669617983,0.9836972240373143,0.15625,0.84375,0.0,1.1786952178050947,0.9980469058136516,0.84375,8,0.978515625,0.7961637208657124,0.24132277155032777,0.5782162270988525,0.5771089188645058,0.0,1264,632,0.12723978256492852,0.7691273432633181,0.9816110260973249,256,2.1198952500555155,51,0.099609375,1.0,0.19921875,0.006723556566229893,0.07714634713635588,0.8795727819050744,0.16237976320958225,0.16237976320958225,0.16237976320958225,1.0,11,1,10,432,11,37,1,1,476,0.9296875,0,202,0,101,0.0,0.0,0.0,219232.3303162832,0.9018278224305712,0.5771089188645058,0.5771089188645058,0.30340713202562325,0.1010511726189642,256,32,8,1,1,1
2650,0.8443179707937816,0.12348584753594045,0.983715783811931,0.15625,0.84375,0.0,1.1567318179281647,0.9980502110397047,0.84375,8,0.978515625,0.796207847701056,0.24131930240590654,0.5782162270988525,0.5772095832494464,0.0,1264,632,0.12723978256492852,0.7691779033535492,0.9816110260973249,256,2.1198952500555155,51,0.099609375,1.0,0.19921875,0.006709358071602688,0.07714634713635588,0.8805769448887802,0.16237976320958225,0.16237976320958225,0.16237976320958225,1.0,11,1,10,432,11,37,1,1,476,0.9296875,0,202,0,101,0.0,0.0,0.0,219246.41068581384,0.9018499012120775,0.5772095832494464,0.5772095832494464,0.30340713202562325,0.10108642815209995,256,32,8,1,1,1
2700,0.8442815113448887,0.12349908967992718,0.9836922544782283,0.15625,0.84375,0.0,1.1718078413987358,0.9980455049021485,0.84375,8,0.978515625,0.796258256508355,0.24133421806183464,0.5785182202536743,0.577310247634387,0.0,1264,632,0.12723978256492852,0.7692356612649344,0.9816110260973249,256,2.1198952500555155,51,0.099609375,1.0,0.19921875,0.006735682466794443,0.07714634713635588,0.879164557211526,0.16237976320958225,0.16237976320958225,0.16237976320958225,1.0,11,1,10,432,11,37,1,1,476,0.9296875,0,202,0,101,0.0,0.0,0.0,219233.74303248036,0.901830187060263,0.577310247634387,0.577310247634387,0.30340713202562325,0.10112168983427784,256,32,8,1,1,1
2750,0.8443252246033808,0.12348682054706846,0.9837279115527053,0.15625,0.84375,0.0,1.1638016234327448,0.9980511382037243,0.84375,8,0.978515625,0.7962730037378838,0.24134492449088665,0.5785182202536743,0.5775115764042682,0.0,1264,632,0.12723978256492852,0.7692525584942467,0.9816110260973249,256,2.1198952500555155,50,0.09765625,1.0,0.1953125,0.00670766903491387,0.07714634713635588,0.8804850229462717,0.16237976320958225,0.16237976320958225,0.16237976320958225,1.0,11,1,10,432,11,37,1,1,476,0.9296875,0,202,0,101,0.0,0.0,0.0,219249.87678192253,0.9018489924326852,0.5775115764042682,0.5775115764042682,0.30340713202562325,0.10119223164576005,256,32,8,1,1,1
2800,0.8443036022181332,0.12351525126383597,0.9837573736804188,0.15625,0.84375,0.0,1.1648304978193196,0.9980541059383381,0.84375,8,0.978515625,0.7962732044340548,0.24134467958761285,0.5785182202536743,0.5775115764042682,0.0,1264,632,0.12723978256492852,0.7692527884499287,0.9816110260973249,256,2.1198952500555155,52,0.1015625,1.0,0.203125,0.0067035580687144465,0.07714634713635588,0.8807091102479032,0.16237976320958225,0.16237976320958225,0.16237976320958225,1.0,11,1,10,432,11,37,1,1,476,0.9296875,0,202,0,101,0.0,0.0,0.0,219247.75827402953,0.901827056146676,0.5775115764042682,0.5775115764042682,0.30340713202562325,0.10119223164576005,256,32,8,1,1,1
2850,0.8443028703331947,0.1235103676848334,0.9837460182607174,0.15625,0.84375,0.0,1.1707789670121609,0.9980524597814594,0.84375,8,0.978515625,0.7962734192123782,0.24134441826223635,0.5785182202536743,0.5775115764042682,0.0,1264,632,0.12723978256492852,0.7692530345408012,0.9816110260973249,256,2.1198952500555155,50,0.09765625,1.0,0.1953125,0.006706491625852585,0.07714634713635588,0.8804314882143862,0.16237976320958225,0.16237976320958225,0.16237976320958225,1.0,11,1,10,432,11,37,1,1,476,0.9296875,0,202,0,101,0.0,0.0,0.0,219246.1540983321,0.9018278931953276,0.5775115764042682,0.5775115764042682,0.30340713202562325,0.10119223164576005,256,32,8,1,1,1
2900,0.8442887927521951,0.12351067347892727,0.9837270308053121,0.15625,0.84375,0.0,1.1648304978193196,0.998050770751129,0.84375,8,0.978515625,0.7962737949784431,0.2413439629544003,0.5785182202536743,0.5775115764042682,0.0,1264,632,0.12723978256492852,0.769253465089831,0.9816110260973249,256,2.1198952500555155,52,0.1015625,1.0,0.203125,0.006717052674804151,0.07714634713635588,0.8801640857855968,0.16237976320958225,0.16237976320958225,0.16237976320958225,1.0,11,1,10,432,11,37,1,1,476,0.9296875,0,202,0,101,0.0,0.0,0.0,219240.00276044488,0.9018295043184194,0.5775115764042682,0.5775115764042682,0.30340713202562325,0.10119223164576005,256,32,8,1,1,1
2950,0.8442739983547654,0.12350638669617983,0.9836972240373143,0.15625,0.84375,0.0,1.1786952178050947,0.9980469058136516,0.84375,8,0.978515625,0.7962743605505611,0.24134328220844875,0.5785182202536743,0.5775115764042682,0.0,1264,632,0.12723978256492852,0.7692541131167538,0.9816110260973249,256,2.1198952500555155,51,0.099609375,1.0,0.19921875,0.006723556567658105,0.07714634713635588,0.8795727815835558,0.16237976320958225,0.16237976320958225,0.16237976320958225,1.0,11,1,10,432,11,37,1,1,476,0.9296875,0,202,0,101,0.0,0.0,0.0,219232.3303162832,0.9018278224305712,0.5775115764042682,0.5775115764042682,0.30340713202562325,0.10119223164576005,256,32,8,1,1,1
3000,0.8443179709101969,0.12348584757218686,0.9837157840447617,0.15625,0.84375,0.0,1.1567318179281647,0.9980502110261457,0.84375,8,0.978515625,0.7962750447259622,0.241342466007249,0.5785182202536743,0.5775115764042682,0.0,1264,632,0.12723978256492852,0.7692548970381419,0.9816110260973249,256,2.1198952500555155,51,0.099609375,1.0,0.19921875,0.0067093580637852136,0.07714634713635588,0.8805769465553305,0.16237976320958225,0.16237976320958225,0.16237976320958225,1.0,11,1,10,432,11,37,1,1,476,0.9296875,0,202,0,101,0.0,0.0,0.0,219246.41074684853,0.9018499011890935,0.5775115764042682,0.5775115764042682,0.30340713202562325,0.10119223164576005,256,32,8,1,1,1
3050,0.8442815113448887,0.12349908967992718,0.9836922544782283,0.15625,0.84375,0.0,1.1718078413987358,0.9980455049021485,0.84375,8,0.978515625,0.7962764929616286,0.24134076467208765,0.5785182202536743,0.5775115764042682,0.0,1264,632,0.12723978256492852,0.7692565564122029,0.9816110260973249,256,2.1198952500555155,51,0.099609375,1.0,0.19921875,0.006735682467456245,0.07714634713635588,0.8791645570485673,0.16237976320958225,0.16237976320958225,0.16237976320958225,1.0,11,1,10,432,11,37,1,1,476,0.9296875,0,202,0,101,0.0,0.0,0.0,219233.74303248036,0.901830187060263,0.5775115764042682,0.5775115764042682,0.30340713202562325,0.10119223164576005,256,32,8,1,1,1
3100,0.8443252246033808,0.12348682054706846,0.9837279115527053,0.15625,0.84375,0.0,1.1638016234327448,0.9980511382037243,0.84375,8,0.978515625,0.7962776889125658,0.24133938670899113,0.5785182202536743,0.5775115764042682,0.0,1264,632,0.12723978256492852,0.7692579267209239,0.9816110260973249,256,2.1198952500555155,50,0.09765625,1.0,0.1953125,0.006707669035036433,0.07714634713635588,0.8804850229180713,0.16237976320958225,0.16237976320958225,0.16237976320958225,1.0,11,1,10,432,11,37,1,1,476,0.9296875,0,202,0,101,0.0,0.0,0.0,219249.87678192253,0.9018489924326852,0.5775115764042682,0.5775115764042682,0.30340713202562325,0.10119223164576005,256,32,8,1,1,1
3150,0.8443036022181332,0.12351525126383597,0.9837573736804188,0.15625,0.84375,0.0,1.1648304978193196,0.9980541059383381,0.84375,8,0.978515625,0.7962807510036901,0.2413359698807477,0.5785182202536743,0.5775115764042682,0.0,1264,632,0.12723978256492852,0.7692614352345604,0.9816110260973249,256,2.1198952500555155,52,0.1015625,1.0,0.203125,0.006703558068875925,0.07714634713635588,0.8807091102127406,0.16237976320958225,0.16237976320958225,0.16237976320958225,1.0,11,1,10,432,11,37,1,1,476,0.9296875,0,202,0,101,0.0,0.0,0.0,219247.75827402953,0.901827056146676,0.5775115764042682,0.5775115764042682,0.30340713202562325,0.10119223164576005,256,32,8,1,1,1
3200,0.8443028703331947,0.1235103676848334,0.9837460182607174,0.15625,0.84375,0.0,1.1707789670121609,0.9980524597814594,0.84375,8,0.978515625,0.7962840231030861,0.24133249552417582,0.5785182202536743,0.5775115764042682,0.0,1264,632,0.12723978256492852,0.7692651843735916,0.9816110260973249,256,2.1198952500555155,50,0.09765625,1.0,0.1953125,0.0067064916260801645,0.07714634713635588,0.8804314881647479,0.16237976320958225,0.16237976320958225,0.16237976320958225,1.0,11,1,10,432,11,37,1,1,476,0.9296875,0,202,0,101,0.0,0.0,0.0,219246.1540983321,0.9018278931953276,0.5775115764042682,0.5775115764042682,0.30340713202562325,0.10119223164576005,256,32,8,1,1,1
3250,0.8442887927521951,0.12351067347892727,0.9837270308053121,0.15625,0.84375,0.0,1.1648304978193196,0.998050770751129,0.84375,8,0.978515625,0.7962897292608128,0.24132687316441404,0.5785182202536743,0.5775115764042682,0.0,1264,632,0.12723978256492852,0.7692717224325138,0.9816110260973249,256,2.1198952500555155,52,0.1015625,1.0,0.203125,0.006717052675145472,0.07714634713635588,0.8801640857115725,0.16237976320958225,0.16237976320958225,0.16237976320958225,1.0,11,1,10,432,11,37,1,1,476,0.9296875,0,202,0,101,0.0,0.0,0.0,219240.00276044488,0.9018295043184194,0.5775115764042682,0.5775115764042682,0.30340713202562325,0.10119223164576005,256,32,8,1,1,1
3300,0.8442739983547654,0.12350638669617983,0.9836972240373143,0.15625,0.84375,0.0,1.1786952178050947,0.9980469058136516,0.84375,8,0.978515625,0.7962982537210264,0.2413195046844286,0.5785182202536743,0.5775115764042682,0.0,1264,632,0.12723978256492852,0.7692814896744703,0.9816110260973249,256,2.1198952500555155,51,0.099609375,1.0,0.19921875,0.006723556568176977,0.07714634713635588,0.8795727814714756,0.16237976320958225,0.16237976320958225,0.16237976320958225,1.0,11,1,10,432,11,37,1,1,476,0.9296875,0,202,0,101,0.0,0.0,0.0,219232.3303162832,0.9018278224305712,0.5775115764042682,0.5775115764042682,0.30340713202562325,0.10119223164576005,256,32,8,1,1,1
3350,0.8443179709101969,0.12348584757218686,0.9837157840447617,0.15625,0.84375,0.0,1.1567318179281647,0.9980502110261457,0.84375,8,0.978515625,0.7963084171349695,0.24131232439544875,0.5785182202536743,0.5775115764042682,0.0,1264,632,0.12723978256492852,0.7692931348133527,0.9816110260973249,256,2.1198952500555155,51,0.099609375,1.0,0.19921875,0.006709358065112924,0.07714634713635588,0.8805769462688839,0.16237976320958225,0.16237976320958225,0.16237976320958225,1.0,11,1,10,432,11,37,1,1,476,0.9296875,0,202,0,101,0.0,0.0,0.0,219246.41074684853,0.9018499011890935,0.5775115764042682,0.5775115764042682,0.30340713202562325,0.10119223164576005,256,32,8,1,1,1
3400,0.8442815113448887,0.12349908967992718,0.9836922544782283,0.15625,0.84375,0.0,1.1718078413987358,0.9980455049021485,0.84375,8,0.978515625,0.7963291449711936,0.24130301396464257,0.5785182202536743,0.5775115764042682,0.0,1264,632,0.12723978256492852,0.7693168845624935,0.9816110260973249,256,2.1198952500555155,51,0.099609375,1.0,0.19921875,0.006735682468644438,0.07714634713635588,0.8791645567949677,0.16237976320958225,0.16237976320958225,0.16237976320958225,1.0,11,1,10,432,11,37,1,1,476,0.9296875,0,202,0,101,0.0,0.0,0.0,219233.74303248036,0.901830187060263,0.5775115764042682,0.5775115764042682,0.30340713202562325,0.10119223164576005,256,32,8,1,1,1
3450,0.8443252246033808,0.12348682054706846,0.9837279115527053,0.15625,0.84375,0.0,1.1638016234327448,0.9980511382037243,0.84375,8,0.978515625,0.7963451872787318,0.24130059452402372,0.5786188846386149,0.5775115764042682,0.0,1264,632,0.12723978256492852,0.769335265679343,0.9816110260973249,256,2.1198952500555155,50,0.09765625,1.0,0.1953125,0.006707669036505742,0.07714634713635588,0.8804850225970302,0.16237976320958225,0.16237976320958225,0.16237976320958225,1.0,11,1,10,432,11,37,1,1,476,0.9296875,0,202,0,101,0.0,0.0,0.0,219249.87678192253,0.9018489924326852,0.5775115764042682,0.5775115764042682,0.30340713202562325,0.10119223164576005,256,32,8,1,1,1
3500,0.8443036022181332,0.12351525126383597,0.9837573736804188,0.15625,0.84375,0.0,1.1648304978193196,0.9980541059383381,0.84375,8,0.978515625,0.7963786681689126,0.24130734410437366,0.5787195490235555,0.5776122407892088,0.0,1264,632,0.12723978256492852,0.7693736277512063,0.9816110260973249,256,2.1198952500555155,52,0.1015625,1.0,0.203125,0.006703558070690497,0.07714634713635588,0.88070910981836,0.16237976320958225,0.16237976320958225,0.16237976320958225,1.0,11,1,10,432,11,37,1,1,476,0.9296875,0,202,0,101,0.0,0.0,0.0,219247.75827402953,0.901827056146676,0.5776122407892088,0.5776122407892088,0.30340713202562325,0.10122751177506438,256,32,8,1,1,1
3550,0.8443028703331947,0.1235103676848334,0.9837460182607174,0.15625,0.84375,0.0,1.1707789670121609,0.9980524597814594,0.84375,8,0.978515625,0.796392509622643,0.2413100243491652,0.5787195490235555,0.5777129051741494,0.0,1264,632,0.12723978256492852,0.7693894871515936,0.9816110260973249,256,2.1198952500555155,50,0.09765625,1.0,0.1953125,0.00670649162864734,0.07714634713635588,0.880431487604718,0.16237976320958225,0.16237976320958225,0.16237976320958225,1.0,11,1,10,432,11,37,1,1,476,0.9296875,0,202,0,101,0.0,0.0,0.0,219246.1540983321,0.9018278931953276,0.5777129051741494,0.5777129051741494,0.30340713202562325,0.10126279805341086,256,32,8,1,1,1
3600,0.8442887927521951,0.12351067347892727,0.9837270308053121,0.15625,0.84375,0.0,1.1648304978193196,0.998050770751129,0.84375,8,0.978515625,0.7964015026459254,0.2413077399783779,0.5787195490235555,0.5777129051741494,0.0,1264,632,0.12723978256492852,0.7693997912684664,0.9816110260973249,256,2.1198952500555155,52,0.1015625,1.0,0.203125,0.006717052677186011,0.07714634713635588,0.8801640852694188,0.16237976320958225,0.16237976320958225,0.16237976320958225,1.0,11,1,10,432,11,37,1,1,476,0.9296875,0,202,0,101,0.0,0.0,0.0,219240.00276044488,0.9018295043184194,0.5777129051741494,0.5777129051741494,0.30340713202562325,0.10126279805341086,256,32,8,1,1,1
3650,0.8442739983547654,0.12350638669617983,0.9836972240373143,0.15625,0.84375,0.0,1.1786952178050947,0.9980469058136516,0.84375,8,0.978515625,0.7964135462582075,0.24130989518019272,0.5788202134084961,0.5777129051741494,0.0,1264,632,0.12723978256492852,0.7694135907199556,0.9816110260973249,256,2.1198952500555155,51,0.099609375,1.0,0.19921875,0.006723556570498172,0.07714634713635588,0.8795727809702589,0.16237976320958225,0.16237976320958225,0.16237976320958225,1.0,11,1,10,432,11,37,1,1,476,0.9296875,0,202,0,101,0.0,0.0,0.0,219232.3303162832,0.9018278224305712,0.5777129051741494,0.5777129051741494,0.30340713202562325,0.10126279805341086,256,32,8,1,1,1
3700,0.8443179709101969,0.12348584757218686,0.9837157840447617,0.15625,0.84375,0.0,1.1567318179281647,0.9980502110261457,0.84375,8,0.978515625,0.7964236720577438,0.24131632727504976,0.5788202134084961,0.57781356955909,0.0,1264,632,0.12723978256492852,0.7694251927606237,0.9816110260973249,256,2.1198952500555155,51,0.099609375,1.0,0.19921875,0.0067093580716171795,0.07714634713635588,0.8805769448640448,0.16237976320958225,0.16237976320958225,0.16237976320958225,1.0,11,1,10,432,11,37,1,1,476,0.9296875,0,202,0,101,0.0,0.0,0.0,219246.41074684853,0.9018499011890935,0.57781356955909,0.57781356955909,0.30340713202562325,0.10129809048079946,256,32,8,1,1,1
3750,0.8442815113448887,0.12349908967992718,0.9836922544782283,0.15625,0.84375,0.0,1.1718078413987358,0.9980455049021485,0.84375,8,0.978515625,0.7964236720577438,0.24131632727504976,0.5788202134084961,0.57781356955909,0.0,1264,632,0.12723978256492852,0.7694251927606237,0.9816110260973249,256,2.1198952500555155,51,0.099609375,1.0,0.19921875,0.006735682470338214,0.07714634713635588,0.8791645564326583,0.16237976320958225,0.16237976320958225,0.16237976320958225,1.0,11,1,10,432,11,37,1,1,476,0.9296875,0,202,0,101,0.0,0.0,0.0,219233.74303248036,0.901830187060263,0.57781356955909,0.57781356955909,0.30340713202562325,0.10129809048079946,256,32,8,1,1,1
3800,0.8443252246033808,0.12348682054706846,0.9837279115527053,0.15625,0.84375,0.0,1.1638016234327448,0.9980511382037243,0.84375,8,0.978515625,0.7964236720577438,0.24131632727504976,0.5788202134084961,0.57781356955909,0.0,1264,632,0.12723978256492852,0.7694251927606237,0.9816110260973249,256,2.1198952500555155,50,0.09765625,1.0,0.1953125,0.0067076690377610056,0.07714634713635588,0.8804850223226717,0.16237976320958225,0.16237976320958225,0.16237976320958225,1.0,11,1,10,432,11,37,1,1,476,0.9296875,0,202,0,101,0.0,0.0,0.0,219249.87678192253,0.9018489924326852,0.57781356955909,0.57781356955909,0.30340713202562325,0.10129809048079946,256,32,8,1,1,1
3850,0.8443036022181332,0.12351525126383597,0.9837573736804188,0.15625,0.84375,0.0,1.1648304978193196,0.9980541059383381,0.84375,8,0.978515625,0.7964236720577438,0.24131632727504976,0.5788202134084961,0.57781356955909,0.0,1264,632,0.12723978256492852,0.7694251927606237,0.9816110260973249,256,2.1198952500555155,52,0.1015625,1.0,0.203125,0.0067035580689899016,0.07714634713635588,0.880709110193664,0.16237976320958225,0.16237976320958225,0.16237976320958225,1.0,11,1,10,432,11,37,1,1,476,0.9296875,0,202,0,101,0.0,0.0,0.0,219247.75827402953,0.901827056146676,0.57781356955909,0.57781356955909,0.30340713202562325,0.10129809048079946,256,32,8,1,1,1
3900,0.8443028703331947,0.1235103676848334,0.9837460182607174,0.15625,0.84375,0.0,1.1707789670121609,0.9980524597814594,0.84375,8,0.978515625,0.7964236720577438,0.24131632727504976,0.5788202134084961,0.57781356955909,0.0,1264,632,0.12723978256492852,0.7694251927606237,0.9816110260973249,256,2.1198952500555155,50,0.09765625,1.0,0.1953125,0.006706491628681428,0.07714634713635588,0.8804314875974406,0.16237976320958225,0.16237976320958225,0.16237976320958225,1.0,11,1,10,432,11,37,1,1,476,0.9296875,0,202,0,101,0.0,0.0,0.0,219246.1540983321,0.9018278931953276,0.57781356955909,0.57781356955909,0.30340713202562325,0.10129809048079946,256,32,8,1,1,1
3950,0.8442887927521951,0.12351067347892727,0.9837270308053121,0.15625,0.84375,0.0,1.1648304978193196,0.998050770751129,0.84375,8,0.978515625,0.7964236720577438,0.24131632727504976,0.5788202134084961,0.57781356955909,0.0,1264,632,0.12723978256492852,0.7694251927606237,0.9816110260973249,256,2.1198952500555155,52,0.1015625,1.0,0.203125,0.0067170526778344685,0.07714634713635588,0.8801640851281995,0.16237976320958225,0.16237976320958225,0.16237976320958225,1.0,11,1,10,432,11,37,1,1,476,0.9296875,0,202,0,101,0.0,0.0,0.0,219240.00276044488,0.9018295043184194,0.57781356955909,0.57781356955909,0.30340713202562325,0.10129809048079946,256,32,8,1,1,1
4000,0.8442739983547654,0.12350638669617983,0.9836972240373143,0.15625,0.84375,0.0,1.1786952178050947,0.9980469058136516,0.84375,8,0.978515625,0.7964236720577438,0.24131632727504976,0.5788202134084961,0.57781356955909,0.0,1264,632,0.12723978256492852,0.7694251927606237,0.9816110260973249,256,2.1198952500555155,51,0.099609375,1.0,0.19921875,0.006723556570491001,0.07714634713635588,0.8795727809721832,0.16237976320958225,0.16237976320958225,0.16237976320958225,1.0,11,1,10,432,11,37,1,1,476,0.9296875,0,202,0,101,0.0,0.0,0.0,219232.3303162832,0.9018278224305712,0.57781356955909,0.57781356955909,0.30340713202562325,0.10129809048079946,256,32,8,1,1,1
4050,0.8443179709101969,0.12348584757218686,0.9837157840447617,0.15625,0.84375,0.0,1.1567318179281647,0.9980502110261457,0.84375,8,0.978515625,0.7964236720577438,0.24131632727504976,0.5788202134084961,0.57781356955909,0.0,1264,632,0.12723978256492852,0.7694251927606237,0.9816110260973249,256,2.1198952500555155,51,0.099609375,1.0,0.19921875,0.00670935807165184,0.07714634713635588,0.8805769448565925,0.16237976320958225,0.16237976320958225,0.16237976320958225,1.0,11,1,10,432,11,37,1,1,476,0.9296875,0,202,0,101,0.0,0.0,0.0,219246.41074684853,0.9018499011890935,0.57781356955909,0.57781356955909,0.30340713202562325,0.10129809048079946,256,32,8,1,1,1
4100,0.8442815113448887,0.12349908967992718,0.9836922544782283,0.15625,0.84375,0.0,1.1718078413987358,0.9980455049021485,0.84375,8,0.978515625,0.7964236720577438,0.24131632727504976,0.5788202134084961,0.57781356955909,0.0,1264,632,0.12723978256492852,0.7694251927606237,0.9816110260973249,256,2.1198952500555155,51,0.099609375,1.0,0.19921875,0.006735682470335516,0.07714634713635588,0.8791645564332464,0.16237976320958225,0.16237976320958225,0.16237976320958225,1.0,11,1,10,432,11,37,1,1,476,0.9296875,0,202,0,101,0.0,0.0,0.0,219233.74303248036,0.901830187060263,0.57781356955909,0.57781356955909,0.30340713202562325,0.10129809048079946,256,32,8,1,1,1
4150,0.8443252246033808,0.12348682054706846,0.9837279115527053,0.15625,0.84375,0.0,1.1638016234327448,0.9980511382037243,0.84375,8,0.978515625,0.7964236720577438,0.24131632727504976,0.5788202134084961,0.57781356955909,0.0,1264,632,0.12723978256492852,0.7694251927606237,0.9816110260973249,256,2.1198952500555155,50,0.09765625,1.0,0.1953125,0.006707669037760634,0.07714634713635588,0.8804850223227525,0.16237976320958225,0.16237976320958225,0.16237976320958225,1.0,11,1,10,432,11,37,1,1,476,0.9296875,0,202,0,101,0.0,0.0,0.0,219249.87678192253,0.9018489924326852,0.57781356955909,0.57781356955909,0.30340713202562325,0.10129809048079946,256,32,8,1,1,1
4200,0.8443036022181332,0.12351525126383597,0.9837573736804188,0.15625,0.84375,0.0,1.1648304978193196,0.9980541059383381,0.84375,8,0.978515625,0.7964236720577438,0.24131632727504976,0.5788202134084961,0.57781356955909,0.0,1264,632,0.12723978256492852,0.7694251927606237,0.9816110260973249,256,2.1198952500555155,52,0.1015625,1.0,0.203125,0.00670355806898989,0.07714634713635588,0.8807091101936665,0.16237976320958225,0.16237976320958225,0.16237976320958225,1.0,11,1,10,432,11,37,1,1,476,0.9296875,0,202,0,101,0.0,0.0,0.0,219247.75827402953,0.901827056146676,0.57781356955909,0.57781356955909,0.30340713202562325,0.10129809048079946,256,32,8,1,1,1
4250,0.8443028703331947,0.1235103676848334,0.9837460182607174,0.15625,0.84375,0.0,1.1707789670121609,0.9980524597814594,0.84375,8,0.978515625,0.7964236720577438,0.24131632727504976,0.5788202134084961,0.57781356955909,0.0,1264,632,0.12723978256492852,0.7694251927606237,0.9816110260973249,256,2.1198952500555155,50,0.09765625,1.0,0.1953125,0.006706491628681427,0.07714634713635588,0.8804314875974407,0.16237976320958225,0.16237976320958225,0.16237976320958225,1.0,11,1,10,432,11,37,1,1,476,0.9296875,0,202,0,101,0.0,0.0,0.0,219246.1540983321,0.9018278931953276,0.57781356955909,0.57781356955909,0.30340713202562325,0.10129809048079946,256,32,8,1,1,1
4300,0.8442887927521951,0.12351067347892727,0.9837270308053121,0.15625,0.84375,0.0,1.1648304978193196,0.998050770751129,0.84375,8,0.978515625,0.7964236720577438,0.24131632727504976,0.5788202134084961,0.57781356955909,0.0,1264,632,0.12723978256492852,0.7694251927606237,0.9816110260973249,256,2.1198952500555155,52,0.1015625,1.0,0.203125,0.006717052677834468,0.07714634713635588,0.8801640851281999,0.16237976320958225,0.16237976320958225,0.16237976320958225,1.0,11,1,10,432,11,37,1,1,476,0.9296875,0,202,0,101,0.0,0.0,0.0,219240.00276044488,0.9018295043184194,0.57781356955909,0.57781356955909,0.30340713202562325,0.10129809048079946,256,32,8,1,1,1
4350,0.8442739983547654,0.12350638669617983,0.9836972240373143,0.15625,0.84375,0.0,1.1786952178050947,0.9980469058136516,0.84375,8,0.978515625,0.7964236720577438,0.24131632727504976,0.5788202134084961,0.57781356955909,0.0,1264,632,0.12723978256492852,0.7694251927606237,0.9816110260973249,256,2.1198952500555155,51,0.099609375,1.0,0.19921875,0.006723556570491001,0.07714634713635588,0.8795727809721833,0.16237976320958225,0.16237976320958225,0.16237976320958225,1.0,11,1,10,432,11,37,1,1,476,0.9296875,0,202,0,101,0.0,0.0,0.0,219232.3303162832,0.9018278224305712,0.57781356955909,0.57781356955909,0.30340713202562325,0.10129809048079946,256,32,8,1,1,1
4400,0.8443179709101969,0.12348584757218686,0.9837157840447617,0.15625,0.84375,0.0,1.1567318179281647,0.9980502110261457,0.84375,8,0.978515625,0.7964236720577438,0.24131632727504976,0.5788202134084961,0.57781356955909,0.0,1264,632,0.12723978256492852,0.7694251927606237,0.9816110260973249,256,2.1198952500555155,51,0.099609375,1.0,0.19921875,0.00670935807165184,0.07714634713635588,0.8805769448565927,0.16237976320958225,0.16237976320958225,0.16237976320958225,1.0,11,1,10,432,11,37,1,1,476,0.9296875,0,202,0,101,0.0,0.0,0.0,219246.41074684853,0.9018499011890935,0.57781356955909,0.57781356955909,0.30340713202562325,0.10129809048079946,256,32,8,1,1,1
4450,0.8442815113448887,0.12349908967992718,0.9836922544782283,0.15625,0.84375,0.0,1.1718078413987358,0.9980455049021485,0.84375,8,0.978515625,0.7964236720577438,0.24131632727504976,0.5788202134084961,0.57781356955909,0.0,1264,632,0.12723978256492852,0.7694251927606237,0.9816110260973249,256,2.1198952500555155,51,0.099609375,1.0,0.19921875,0.006735682470335516,0.07714634713635588,0.8791645564332464,0.16237976320958225,0.16237976320958225,0.16237976320958225,1.0,11,1,10,432,11,37,1,1,476,0.9296875,0,202,0,101,0.0,0.0,0.0,219233.74303248036,0.901830187060263,0.57781356955909,0.57781356955909,0.30340713202562325,0.10129809048079946,256,32,8,1,1,1
4500,0.8443252246033808,0.12348682054706846,0.9837279115527053,0.15625,0.84375,0.0,1.1638016234327448,0.9980511382037243,0.84375,8,0.978515625,0.7964236720577438,0.24131632727504976,0.5788202134084961,0.57781356955909,0.0,1264,632,0.12723978256492852,0.7694251927606237,0.9816110260973249,256,2.1198952500555155,50,0.09765625,1.0,0.1953125,0.006707669037760634,0.07714634713635588,0.8804850223227525,0.16237976320958225,0.16237976320958225,0.16237976320958225,1.0,11,1,10,432,11,37,1,1,476,0.9296875,0,202,0,101,0.0,0.0,0.0,219249.87678192253,0.9018489924326852,0.57781356955909,0.57781356955909,0.30340713202562325,0.10129809048079946,256,32,8,1,1,1
4550,0.8443036022181332,0.12351525126383597,0.9837573736804188,0.15625,0.84375,0.0,1.1648304978193196,0.9980541059383381,0.84375,8,0.978515625,0.7964236720577438,0.24131632727504976,0.5788202134084961,0.57781356955909,0.0,1264,632,0.12723978256492852,0.7694251927606237,0.9816110260973249,256,2.1198952500555155,52,0.1015625,1.0,0.203125,0.00670355806898989,0.07714634713635588,0.8807091101936664,0.16237976320958225,0.16237976320958225,0.16237976320958225,1.0,11,1,10,432,11,37,1,1,476,0.9296875,0,202,0,101,0.0,0.0,0.0,219247.75827402953,0.901827056146676,0.57781356955909,0.57781356955909,0.30340713202562325,0.10129809048079946,256,32,8,1,1,1
4600,0.8443028703331947,0.1235103676848334,0.9837460182607174,0.15625,0.84375,0.0,1.1707789670121609,0.9980524597814594,0.84375,8,0.978515625,0.7964236720577438,0.24131632727504976,0.5788202134084961,0.57781356955909,0.0,1264,632,0.12723978256492852,0.7694251927606237,0.9816110260973249,256,2.1198952500555155,50,0.09765625,1.0,0.1953125,0.006706491628681427,0.07714634713635588,0.8804314875974407,0.16237976320958225,0.16237976320958225,0.16237976320958225,1.0,11,1,10,432,11,37,1,1,476,0.9296875,0,202,0,101,0.0,0.0,0.0,219246.1540983321,0.9018278931953276,0.57781356955909,0.57781356955909,0.30340713202562325,0.10129809048079946,256,32,8,1,1,1
4650,0.8442887927521951,0.12351067347892727,0.9837270308053121,0.15625,0.84375,0.0,1.1648304978193196,0.998050770751129,0.84375,8,0.978515625,0.7964236720577438,0.24131632727504976,0.5788202134084961,0.57781356955909,0.0,1264,632,0.12723978256492852,0.7694251927606237,0.9816110260973249,256,2.1198952500555155,52,0.1015625,1.0,0.203125,0.006717052677834467,0.07714634713635588,0.8801640851281999,0.16237976320958225,0.16237976320958225,0.16237976320958225,1.0,11,1,10,432,11,37,1,1,476,0.9296875,0,202,0,101,0.0,0.0,0.0,219240.00276044488,0.9018295043184194,0.57781356955909,0.57781356955909,0.30340713202562325,0.10129809048079946,256,32,8,1,1,1
4700,0.8442739983547654,0.12350638669617983,0.9836972240373143,0.15625,0.84375,0.0,1.1786952178050947,0.9980469058136516,0.84375,8,0.978515625,0.7964236720577438,0.24131632727504976,0.5788202134084961,0.57781356955909,0.0,1264,632,0.12723978256492852,0.7694251927606237,0.9816110260973249,256,2.1198952500555155,51,0.099609375,1.0,0.19921875,0.006723556570491002,0.07714634713635588,0.8795727809721832,0.16237976320958225,0.16237976320958225,0.16237976320958225,1.0,11,1,10,432,11,37,1,1,476,0.9296875,0,202,0,101,0.0,0.0,0.0,219232.3303162832,0.9018278224305712,0.57781356955909,0.57781356955909,0.30340713202562325,0.10129809048079946,256,32,8,1,1,1
4750,0.8443179709101969,0.12348584757218686,0.9837157840447617,0.15625,0.84375,0.0,1.1567318179281647,0.9980502110261457,0.84375,8,0.978515625,0.7964236720577438,0.24131632727504976,0.5788202134084961,0.57781356955909,0.0,1264,632,0.12723978256492852,0.7694251927606237,0.9816110260973249,256,2.1198952500555155,51,0.099609375,1.0,0.19921875,0.006709358071651841,0.07714634713635588,0.8805769448565924,0.16237976320958225,0.16237976320958225,0.16237976320958225,1.0,11,1,10,432,11,37,1,1,476,0.9296875,0,202,0,101,0.0,0.0,0.0,219246.41074684853,0.9018499011890935,0.57781356955909,0.57781356955909,0.30340713202562325,0.10129809048079946,256,32,8,1,1,1
4800,0.8442815113448887,0.12349908967992718,0.9836922544782283,0.15625,0.84375,0.0,1.1718078413987358,0.9980455049021485,0.84375,8,0.978515625,0.7964236720577438,0.24131632727504976,0.5788202134084961,0.57781356955909,0.0,1264,632,0.12723978256492852,0.7694251927606237,0.9816110260973249,256,2.1198952500555155,51,0.099609375,1.0,0.19921875,0.006735682470335516,0.07714634713635588,0.8791645564332464,0.16237976320958225,0.16237976320958225,0.16237976320958225,1.0,11,1,10,432,11,37,1,1,476,0.9296875,0,202,0,101,0.0,0.0,0.0,219233.74303248036,0.901830187060263,0.57781356955909,0.57781356955909,0.30340713202562325,0.10129809048079946,256,32,8,1,1,1
4850,0.8443252246033808,0.12348682054706846,0.9837279115527053,0.15625,0.84375,0.0,1.1638016234327448,0.9980511382037243,0.84375,8,0.978515625,0.7964236720577438,0.24131632727504976,0.5788202134084961,0.57781356955909,0.0,1264,632,0.12723978256492852,0.7694251927606237,0.9816110260973249,256,2.1198952500555155,50,0.09765625,1.0,0.1953125,0.006707669037760636,0.07714634713635588,0.8804850223227525,0.16237976320958225,0.16237976320958225,0.16237976320958225,1.0,11,1,10,432,11,37,1,1,476,0.9296875,0,202,0,101,0.0,0.0,0.0,219249.87678192253,0.9018489924326852,0.57781356955909,0.57781356955909,0.30340713202562325,0.10129809048079946,256,32,8,1,1,1
4900,0.8443036022181332,0.12351525126383597,0.9837573736804188,0.15625,0.84375,0.0,1.1648304978193196,0.9980541059383381,0.84375,8,0.978515625,0.7964236720577438,0.24131632727504976,0.5788202134084961,0.57781356955909,0.0,1264,632,0.12723978256492852,0.7694251927606237,0.9816110260973249,256,2.1198952500555155,52,0.1015625,1.0,0.203125,0.00670355806898989,0.07714634713635588,0.8807091101936665,0.16237976320958225,0.16237976320958225,0.16237976320958225,1.0,11,1,10,432,11,37,1,1,476,0.9296875,0,202,0,101,0.0,0.0,0.0,219247.75827402953,0.901827056146676,0.57781356955909,0.57781356955909,0.30340713202562325,0.10129809048079946,256,32,8,1,1,1
4950,0.8443028703331947,0.1235103676848334,0.9837460182607174,0.15625,0.84375,0.0,1.1707789670121609,0.9980524597814594,0.84375,8,0.978515625,0.7964236720577438,0.24131632727504976,0.5788202134084961,0.57781356955909,0.0,1264,632,0.12723978256492852,0.7694251927606237,0.9816110260973249,256,2.1198952500555155,50,0.09765625,1.0,0.1953125,0.0067064916286814266,0.07714634713635588,0.880431487597441,0.16237976320958225,0.16237976320958225,0.16237976320958225,1.0,11,1,10,432,11,37,1,1,476,0.9296875,0,202,0,101,0.0,0.0,0.0,219246.1540983321,0.9018278931953276,0.57781356955909,0.57781356955909,0.30340713202562325,0.10129809048079946,256,32,8,1,1,1
5000,0.8442887927521951,0.12351067347892727,0.9837270308053121,0.15625,0.84375,0.0,1.1648304978193196,0.998050770751129,0.84375,8,0.978515625,0.7964236720577438,0.24131632727504976,0.5788202134084961,0.57781356955909,0.0,1264,632,0.12723978256492852,0.7694251927606237,0.9816110260973249,256,2.1198952500555155,52,0.1015625,1.0,0.203125,0.0067170526778344685,0.07714634713635588,0.8801640851281997,0.16237976320958225,0.16237976320958225,0.16237976320958225,1.0,11,1,10,432,11,37,1,1,476,0.9296875,0,202,0,101,0.0,0.0,0.0,219240.00276044488,0.9018295043184194,0.57781356955909,0.57781356955909,0.30340713202562325,0.10129809048079946,256,32,8,1,1,1
5050,0.8442739983547654,0.12350638669617983,0.9836972240373143,0.15625,0.84375,0.0,1.1786952178050947,0.9980469058136516,0.84375,8,0.978515625,0.7964236720577438,0.24131632727504976,0.5788202134084961,0.57781356955909,0.0,1264,632,0.12723978256492852,0.7694251927606237,0.9816110260973249,256,2.1198952500555155,51,0.099609375,1.0,0.19921875,0.006723556570491001,0.07714634713635588,0.8795727809721832,0.16237976320958225,0.16237976320958225,0.16237976320958225,1.0,11,1,10,432,11,37,1,1,476,0.9296875,0,202,0,101,0.0,0.0,0.0,219232.3303162832,0.9018278224305712,0.57781356955909,0.57781356955909,0.30340713202562325,0.10129809048079946,256,32,8,1,1,1
5100,0.8443179709101969,0.12348584757218686,0.9837157840447617,0.15625,0.84375,0.0,1.1567318179281647,0.9980502110261457,0.84375,8,0.978515625,0.7964236720577438,0.24131632727504976,0.5788202134084961,0.57781356955909,0.0,1264,632,0.12723978256492852,0.7694251927606237,0.9816110260973249,256,2.1198952500555155,51,0.099609375,1.0,0.19921875,0.00670935807165184,0.07714634713635588,0.8805769448565925,0.16237976320958225,0.16237976320958225,0.16237976320958225,1.0,11,1,10,432,11,37,1,1,476,0.9296875,0,202,0,101,0.0,0.0,0.0,219246.41074684853,0.9018499011890935,0.57781356955909,0.57781356955909,0.30340713202562325,0.10129809048079946,256,32,8,1,1,1
5150,0.8442815113448887,0.12349908967992718,0.9836922544782283,0.15625,0.84375,0.0,1.1718078413987358,0.9980455049021485,0.84375,8,0.978515625,0.7964236720577438,0.24131632727504976,0.5788202134084961,0.57781356955909,0.0,1264,632,0.12723978256492852,0.7694251927606237,0.9816110260973249,256,2.1198952500555155,51,0.099609375,1.0,0.19921875,0.006735682470335516,0.07714634713635588,0.8791645564332464,0.16237976320958225,0.16237976320958225,0.16237976320958225,1.0,11,1,10,432,11,37,1,1,476,0.9296875,0,202,0,101,0.0,0.0,0.0,219233.74303248036,0.901830187060263,0.57781356955909,0.57781356955909,0.30340713202562325,0.10129809048079946,256,32,8,1,1,1
5200,0.8443252246033808,0.12348682054706846,0.9837279115527053,0.15625,0.84375,0.0,1.1638016234327448,0.9980511382037243,0.84375,8,0.978515625,0.7964236720577438,0.24131632727504976,0.5788202134084961,0.57781356955909,0.0,1264,632,0.12723978256492852,0.7694251927606237,0.9816110260973249,256,2.1198952500555155,50,0.09765625,1.0,0.1953125,0.006707669037760634,0.07714634713635588,0.8804850223227525,0.16237976320958225,0.16237976320958225,0.16237976320958225,1.0,11,1,10,432,11,37,1,1,476,0.9296875,0,202,0,101,0.0,0.0,0.0,219249.87678192253,0.9018489924326852,0.57781356955909,0.57781356955909,0.30340713202562325,0.10129809048079946,256,32,8,1,1,1
5250,0.8443036022181332,0.12351525126383597,0.9837573736804188,0.15625,0.84375,0.0,1.1648304978193196,0.9980541059383381,0.84375,8,0.978515625,0.7964236720577438,0.24131632727504976,0.5788202134084961,0.57781356955909,0.0,1264,632,0.12723978256492852,0.7694251927606237,0.9816110260973249,256,2.1198952500555155,52,0.1015625,1.0,0.203125,0.00670355806898989,0.07714634713635588,0.8807091101936665,0.16237976320958225,0.16237976320958225,0.16237976320958225,1.0,11,1,10,432,11,37,1,1,476,0.9296875,0,202,0,101,0.0,0.0,0.0,219247.75827402953,0.901827056146676,0.57781356955909,0.57781356955909,0.30340713202562325,0.10129809048079946,256,32,8,1,1,1
5300,0.8443028703331947,0.1235103676848334,0.9837460182607174,0.15625,0.84375,0.0,1.1707789670121609,0.9980524597814594,0.84375,8,0.978515625,0.7964236720577438,0.24131632727504976,0.5788202134084961,0.57781356955909,0.0,1264,632,0.12723978256492852,0.7694251927606237,0.9816110260973249,256,2.1198952500555155,50,0.09765625,1.0,0.1953125,0.006706491628681427,0.07714634713635588,0.8804314875974407,0.16237976320958225,0.16237976320958225,0.16237976320958225,1.0,11,1,10,432,11,37,1,1,476,0.9296875,0,202,0,101,0.0,0.0,0.0,219246.1540983321,0.9018278931953276,0.57781356955909,0.57781356955909,0.30340713202562325,0.10129809048079946,256,32,8,1,1,1
5350,0.8442887927521951,0.12351067347892727,0.9837270308053121,0.15625,0.84375,0.0,1.1648304978193196,0.998050770751129,0.84375,8,0.978515625,0.7964236720577438,0.24131632727504976,0.5788202134084961,0.57781356955909,0.0,1264,632,0.12723978256492852,0.7694251927606237,0.9816110260973249,256,2.1198952500555155,52,0.1015625,1.0,0.203125,0.006717052677834468,0.07714634713635588,0.8801640851281999,0.16237976320958225,0.16237976320958225,0.16237976320958225,1.0,11,1,10,432,11,37,1,1,476,0.9296875,0,202,0,101,0.0,0.0,0.0,219240.00276044488,0.9018295043184194,0.57781356955909,0.57781356955909,0.30340713202562325,0.10129809048079946,256,32,8,1,1,1
5400,0.8442739983547654,0.12350638669617983,0.9836972240373143,0.15625,0.84375,0.0,1.1786952178050947,0.9980469058136516,0.84375,8,0.978515625,0.7964236720577438,0.24131632727504976,0.5788202134084961,0.57781356955909,0.0,1264,632,0.12723978256492852,0.7694251927606237,0.9816110260973249,256,2.1198952500555155,51,0.099609375,1.0,0.19921875,0.006723556570491001,0.07714634713635588,0.8795727809721833,0.16237976320958225,0.16237976320958225,0.16237976320958225,1.0,11,1,10,432,11,37,1,1,476,0.9296875,0,202,0,101,0.0,0.0,0.0,219232.3303162832,0.9018278224305712,0.57781356955909,0.57781356955909,0.30340713202562325,0.10129809048079946,256,32,8,1,1,1
5450,0.8443179709101969,0.12348584757218686,0.9837157840447617,0.15625,0.84375,0.0,1.1567318179281647,0.9980502110261457,0.84375,8,0.978515625,0.7964236720577438,0.24131632727504976,0.5788202134084961,0.57781356955909,0.0,1264,632,0.12723978256492852,0.7694251927606237,0.9816110260973249,256,2.1198952500555155,51,0.099609375,1.0,0.19921875,0.00670935807165184,0.07714634713635588,0.8805769448565927,0.16237976320958225,0.16237976320958225,0.16237976320958225,1.0,11,1,10,432,11,37,1,1,476,0.9296875,0,202,0,101,0.0,0.0,0.0,219246.41074684853,0.9018499011890935,0.57781356955909,0.57781356955909,0.30340713202562325,0.10129809048079946,256,32,8,1,1,1
5500,0.8442815113448887,0.12349908967992718,0.9836922544782283,0.15625,0.84375,0.0,1.1718078413987358,0.9980455049021485,0.84375,8,0.978515625,0.7964236720577438,0.24131632727504976,0.5788202134084961,0.57781356955909,0.0,1264,632,0.12723978256492852,0.7694251927606237,0.9816110260973249,256,2.1198952500555155,51,0.099609375,1.0,0.19921875,0.006735682470335516,0.07714634713635588,0.8791645564332464,0.16237976320958225,0.16237976320958225,0.16237976320958225,1.0,11,1,10,432,11,37,1,1,476,0.9296875,0,202,0,101,0.0,0.0,0.0,219233.74303248036,0.901830187060263,0.57781356955909,0.57781356955909,0.30340713202562325,0.10129809048079946,256,32,8,1,1,1
5550,0.8443252246033808,0.12348682054706846,0.9837279115527053,0.15625,0.84375,0.0,1.1638016234327448,0.9980511382037243,0.84375,8,0.978515625,0.7964236720577438,0.24131632727504976,0.5788202134084961,0.57781356955909,0.0,1264,632,0.12723978256492852,0.7694251927606237,0.9816110260973249,256,2.1198952500555155,50,0.09765625,1.0,0.1953125,0.006707669037760634,0.07714634713635588,0.8804850223227525,0.16237976320958225,0.16237976320958225,0.16237976320958225,1.0,11,1,10,432,11,37,1,1,476,0.9296875,0,202,0,101,0.0,0.0,0.0,219249.87678192253,0.9018489924326852,0.57781356955909,0.57781356955909,0.30340713202562325,0.10129809048079946,256,32,8,1,1,1
5600,0.8443036022181332,0.12351525126383597,0.9837573736804188,0.15625,0.84375,0.0,1.1648304978193196,0.9980541059383381,0.84375,8,0.978515625,0.7964236720577438,0.24131632727504976,0.5788202134084961,0.57781356955909,0.0,1264,632,0.12723978256492852,0.7694251927606237,0.9816110260973249,256,2.1198952500555155,52,0.1015625,1.0,0.203125,0.00670355806898989,0.07714634713635588,0.8807091101936664,0.16237976320958225,0.16237976320958225,0.16237976320958225,1.0,11,1,10,432,11,37,1,1,476,0.9296875,0,202,0,101,0.0,0.0,0.0,219247.75827402953,0.901827056146676,0.57781356955909,0.57781356955909,0.30340713202562325,0.10129809048079946,256,32,8,1,1,1
5650,0.8443028703331947,0.1235103676848334,0.9837460182607174,0.15625,0.84375,0.0,1.1707789670121609,0.9980524597814594,0.84375,8,0.978515625,0.7964236720577438,0.24131632727504976,0.5788202134084961,0.57781356955909,0.0,1264,632,0.12723978256492852,0.7694251927606237,0.9816110260973249,256,2.1198952500555155,50,0.09765625,1.0,0.1953125,0.006706491628681427,0.07714634713635588,0.8804314875974407,0.16237976320958225,0.16237976320958225,0.16237976320958225,1.0,11,1,10,432,11,37,1,1,476,0.9296875,0,202,0,101,0.0,0.0,0.0,219246.1540983321,0.9018278931953276,0.57781356955909,0.57781356955909,0.30340713202562325,0.10129809048079946,256,32,8,1,1,1
5700,0.8442887927521951,0.12351067347892727,0.9837270308053121,0.15625,0.84375,0.0,1.1648304978193196,0.998050770751129,0.84375,8,0.978515625,0.7964236720577438,0.24131632727504976,0.5788202134084961,0.57781356955909,0.0,1264,632,0.12723978256492852,0.7694251927606237,0.9816110260973249,256,2.1198952500555155,52,0.1015625,1.0,0.203125,0.006717052677834467,0.07714634713635588,0.8801640851281999,0.16237976320958225,0.16237976320958225,0.16237976320958225,1.0,11,1,10,432,11,37,1,1,476,0.9296875,0,202,0,101,0.0,0.0,0.0,219240.00276044488,0.9018295043184194,0.57781356955909,0.57781356955909,0.30340713202562325,0.10129809048079946,256,32,8,1,1,1
5750,0.8442739983547654,0.12350638669617983,0.9836972240373143,0.15625,0.84375,0.0,1.1786952178050947,0.9980469058136516,0.84375,8,0.978515625,0.7964236720577438,0.24131632727504976,0.5788202134084961,0.57781356955909,0.0,1264,632,0.12723978256492852,0.7694251927606237,0.9816110260973249,256,2.1198952500555155,51,0.099609375,1.0,0.19921875,0.006723556570491002,0.07714634713635588,0.8795727809721832,0.16237976320958225,0.16237976320958225,0.16237976320958225,1.0,11,1,10,432,11,37,1,1,476,0.9296875,0,202,0,101,0.0,0.0,0.0,219232.3303162832,0.9018278224305712,0.57781356955909,0.57781356955909,0.30340713202562325,0.10129809048079946,256,32,8,1,1,1
5800,0.8443179709101969,0.12348584757218686,0.9837157840447617,0.15625,0.84375,0.0,1.1567318179281647,0.9980502110261457,0.84375,8,0.978515625,0.7964236720577438,0.24131632727504976,0.5788202134084961,0.57781356955909,0.0,1264,632,0.12723978256492852,0.7694251927606237,0.9816110260973249,256,2.1198952500555155,51,0.099609375,1.0,0.19921875,0.006709358071651841,0.07714634713635588,0.8805769448565924,0.16237976320958225,0.16237976320958225,0.16237976320958225,1.0,11,1,10,432,11,37,1,1,476,0.9296875,0,202,0,101,0.0,0.0,0.0,219246.41074684853,0.9018499011890935,0.57781356955909,0.57781356955909,0.30340713202562325,0.10129809048079946,256,32,8,1,1,1
5850,0.8442815113448887,0.12349908967992718,0.9836922544782283,0.15625,0.84375,0.0,1.1718078413987358,0.9980455049021485,0.84375,8,0.978515625,0.7964236720577438,0.24131632727504976,0.5788202134084961,0.57781356955909,0.0,1264,632,0.12723978256492852,0.7694251927606237,0.9816110260973249,256,2.1198952500555155,51,0.099609375,1.0,0.19921875,0.006735682470335516,0.07714634713635588,0.8791645564332464,0.16237976320958225,0.16237976320958225,0.16237976320958225,1.0,11,1,10,432,11,37,1,1,476,0.9296875,0,202,0,101,0.0,0.0,0.0,219233.74303248036,0.901830187060263,0.57781356955909,0.57781356955909,0.30340713202562325,0.10129809048079946,256,32,8,1,1,1
5900,0.8443252246033808,0.12348682054706846,0.9837279115527053,0.15625,0.84375,0.0,1.1638016234327448,0.9980511382037243,0.84375,8,0.978515625,0.7964236720577438,0.24131632727504976,0.5788202134084961,0.57781356955909,0.0,1264,632,0.12723978256492852,0.7694251927606237,0.9816110260973249,256,2.1198952500555155,50,0.09765625,1.0,0.1953125,0.006707669037760636,0.07714634713635588,0.8804850223227525,0.16237976320958225,0.16237976320958225,0.16237976320958225,1.0,11,1,10,432,11,37,1,1,476,0.9296875,0,202,0,101,0.0,0.0,0.0,219249.87678192253,0.9018489924326852,0.57781356955909,0.57781356955909,0.30340713202562325,0.10129809048079946,256,32,8,1,1,1
5950,0.8443036022181332,0.12351525126383597,0.9837573736804188,0.15625,0.84375,0.0,1.1648304978193196,0.9980541059383381,0.84375,8,0.978515625,0.7964236720577438,0.24131632727504976,0.5788202134084961,0.57781356955909,0.0,1264,632,0.12723978256492852,0.7694251927606237,0.9816110260973249,256,2.1198952500555155,52,0.1015625,1.0,0.203125,0.00670355806898989,0.07714634713635588,0.8807091101936665,0.16237976320958225,0.16237976320958225,0.16237976320958225,1.0,11,1,10,432,11,37,1,1,476,0.9296875,0,202,0,101,0.0,0.0,0.0,219247.75827402953,0.901827056146676,0.57781356955909,0.57781356955909,0.30340713202562325,0.10129809048079946,256,32,8,1,1,1
6000,0.8443028703331947,0.1235103676848334,0.9837460182607174,0.15625,0.84375,0.0,1.1707789670121609,0.9980524597814594,0.84375,8,0.978515625,0.7964236720577438,0.24131632727504976,0.5788202134084961,0.57781356955909,0.0,1264,632,0.12723978256492852,0.7694251927606237,0.9816110260973249,256,2.1198952500555155,50,0.09765625,1.0,0.1953125,0.0067064916286814266,0.07714634713635588,0.880431487597441,0.16237976320958225,0.16237976320958225,0.16237976320958225,1.0,11,1,10,432,11,37,1,1,476,0.9296875,0,202,0,101,0.0,0.0,0.0,219246.1540983321,0.9018278931953276,0.57781356955909,0.57781356955909,0.30340713202562325,0.10129809048079946,256,32,8,1,1,1
6050,0.8442887927521951,0.12351067347892727,0.9837270308053121,0.15625,0.84375,0.0,1.1648304978193196,0.998050770751129,0.84375,8,0.978515625,0.7964236720577438,0.24131632727504976,0.5788202134084961,0.57781356955909,0.0,1264,632,0.12723978256492852,0.7694251927606237,0.9816110260973249,256,2.1198952500555155,52,0.1015625,1.0,0.203125,0.0067170526778344685,0.07714634713635588,0.8801640851281997,0.16237976320958225,0.16237976320958225,0.16237976320958225,1.0,11,1,10,432,11,37,1,1,476,0.9296875,0,202,0,101,0.0,0.0,0.0,219240.00276044488,0.9018295043184194,0.57781356955909,0.57781356955909,0.30340713202562325,0.10129809048079946,256,32,8,1,1,1
6100,0.8442739983547654,0.12350638669617983,0.9836972240373143,0.15625,0.84375,0.0,1.1786952178050947,0.9980469058136516,0.84375,8,0.978515625,0.7964236720577438,0.24131632727504976,0.5788202134084961,0.57781356955909,0.0,1264,632,0.12723978256492852,0.7694251927606237,0.9816110260973249,256,2.1198952500555155,51,0.099609375,1.0,0.19921875,0.006723556570491001,0.07714634713635588,0.8795727809721832,0.16237976320958225,0.16237976320958225,0.16237976320958225,1.0,11,1,10,432,11,37,1,1,476,0.9296875,0,202,0,101,0.0,0.0,0.0,219232.3303162832,0.9018278224305712,0.57781356955909,0.57781356955909,0.30340713202562325,0.10129809048079946,256,32,8,1,1,1
6150,0.8443179709101969,0.12348584757218686,0.9837157840447617,0.15625,0.84375,0.0,1.1567318179281647,0.9980502110261457,0.84375,8,0.978515625,0.7964236720577438,0.24131632727504976,0.5788202134084961,0.57781356955909,0.0,1264,632,0.12723978256492852,0.7694251927606237,0.9816110260973249,256,2.1198952500555155,51,0.099609375,1.0,0.19921875,0.00670935807165184,0.07714634713635588,0.8805769448565925,0.16237976320958225,0.16237976320958225,0.16237976320958225,1.0,11,1,10,432,11,37,1,1,476,0.9296875,0,202,0,101,0.0,0.0,0.0,219246.41074684853,0.9018499011890935,0.57781356955909,0.57781356955909,0.30340713202562325,0.10129809048079946,256,32,8,1,1,1
6200,0.8442815113448887,0.12349908967992718,0.9836922544782283,0.15625,0.84375,0.0,1.1718078413987358,0.9980455049021485,0.84375,8,0.978515625,0.7964236720577438,0.24131632727504976,0.5788202134084961,0.57781356955909,0.0,1264,632,0.12723978256492852,0.7694251927606237,0.9816110260973249,256,2.1198952500555155,51,0.099609375,1.0,0.19921875,0.006735682470335516,0.07714634713635588,0.8791645564332464,0.16237976320958225,0.16237976320958225,0.16237976320958225,1.0,11,1,10,432,11,37,1,1,476,0.9296875,0,202,0,101,0.0,0.0,0.0,219233.74303248036,0.901830187060263,0.57781356955909,0.57781356955909,0.30340713202562325,0.10129809048079946,256,32,8,1,1,1
6250,0.8443252246033808,0.12348682054706846,0.9837279115527053,0.15625,0.84375,0.0,1.1638016234327448,0.9980511382037243,0.84375,8,0.978515625,0.7964236720577438,0.24131632727504976,0.5788202134084961,0.57781356955909,0.0,1264,632,0.12723978256492852,0.7694251927606237,0.9816110260973249,256,2.1198952500555155,50,0.09765625,1.0,0.1953125,0.006707669037760634,0.07714634713635588,0.8804850223227525,0.16237976320958225,0.16237976320958225,0.16237976320958225,1.0,11,1,10,432,11,37,1,1,476,0.9296875,0,202,0,101,0.0,0.0,0.0,219249.87678192253,0.9018489924326852,0.57781356955909,0.57781356955909,0.30340713202562325,0.10129809048079946,256,32,8,1,1,1
6300,0.8443036022181332,0.12351525126383597,0.9837573736804188,0.15625,0.84375,0.0,1.1648304978193196,0.9980541059383381,0.84375,8,0.978515625,0.7964236720577438,0.24131632727504976,0.5788202134084961,0.57781356955909,0.0,1264,632,0.12723978256492852,0.7694251927606237,0.9816110260973249,256,2.1198952500555155,52,0.1015625,1.0,0.203125,0.00670355806898989,0.07714634713635588,0.8807091101936665,0.16237976320958225,0.16237976320958225,0.16237976320958225,1.0,11,1,10,432,11,37,1,1,476,0.9296875,0,202,0,101,0.0,0.0,0.0,219247.75827402953,0.901827056146676,0.57781356955909,0.57781356955909,0.30340713202562325,0.10129809048079946,256,32,8,1,1,1
6350,0.8443028703331947,0.1235103676848334,0.9837460182607174,0.15625,0.84375,0.0,1.1707789670121609,0.9980524597814594,0.84375,8,0.978515625,0.7964236720577438,0.24131632727504976,0.5788202134084961,0.57781356955909,0.0,1264,632,0.12723978256492852,0.7694251927606237,0.9816110260973249,256,2.1198952500555155,50,0.09765625,1.0,0.1953125,0.006706491628681427,0.07714634713635588,0.8804314875974407,0.16237976320958225,0.16237976320958225,0.16237976320958225,1.0,11,1,10,432,11,37,1,1,476,0.9296875,0,202,0,101,0.0,0.0,0.0,219246.1540983321,0.9018278931953276,0.57781356955909,0.57781356955909,0.30340713202562325,0.10129809048079946,256,32,8,1,1,1
6400,0.8442887927521951,0.12351067347892727,0.9837270308053121,0.15625,0.84375,0.0,1.1648304978193196,0.998050770751129,0.84375,8,0.978515625,0.7964236720577438,0.24131632727504976,0.5788202134084961,0.57781356955909,0.0,1264,632,0.12723978256492852,0.7694251927606237,0.9816110260973249,256,2.1198952500555155,52,0.1015625,1.0,0.203125,0.006717052677834468,0.07714634713635588,0.8801640851281999,0.16237976320958225,0.16237976320958225,0.16237976320958225,1.0,11,1,10,432,11,37,1,1,476,0.9296875,0,202,0,101,0.0,0.0,0.0,219240.00276044488,0.9018295043184194,0.57781356955909,0.57781356955909,0.30340713202562325,0.10129809048079946,256,32,8,1,1,1
6450,0.8442739983547654,0.12350638669617983,0.9836972240373143,0.15625,0.84375,0.0,1.1786952178050947,0.9980469058136516,0.84375,8,0.978515625,0.7964236720577438,0.24131632727504976,0.5788202134084961,0.57781356955909,0.0,1264,632,0.12723978256492852,0.7694251927606237,0.9816110260973249,256,2.1198952500555155,51,0.099609375,1.0,0.19921875,0.006723556570491001,0.07714634713635588,0.8795727809721833,0.16237976320958225,0.16237976320958225,0.16237976320958225,1.0,11,1,10,432,11,37,1,1,476,0.9296875,0,202,0,101,0.0,0.0,0.0,219232.3303162832,0.9018278224305712,0.57781356955909,0.57781356955909,0.30340713202562325,0.10129809048079946,256,32,8,1,1,1
6500,0.8443179709101969,0.12348584757218686,0.9837157840447617,0.15625,0.84375,0.0,1.1567318179281647,0.9980502110261457,0.84375,8,0.978515625,0.7964236720577438,0.24131632727504976,0.5788202134084961,0.57781356955909,0.0,1264,632,0.12723978256492852,0.7694251927606237,0.9816110260973249,256,2.1198952500555155,51,0.099609375,1.0,0.19921875,0.00670935807165184,0.07714634713635588,0.8805769448565927,0.16237976320958225,0.16237976320958225,0.16237976320958225,1.0,11,1,10,432,11,37,1,1,476,0.9296875,0,202,0,101,0.0,0.0,0.0,219246.41074684853,0.9018499011890935,0.57781356955909,0.57781356955909,0.30340713202562325,0.10129809048079946,256,32,8,1,1,1
6550,0.8442815113448887,0.12349908967992718,0.9836922544782283,0.15625,0.84375,0.0,1.1718078413987358,0.9980455049021485,0.84375,8,0.978515625,0.7964236720577438,0.24131632727504976,0.5788202134084961,0.57781356955909,0.0,1264,632,0.12723978256492852,0.7694251927606237,0.9816110260973249,256,2.1198952500555155,51,0.099609375,1.0,0.19921875,0.006735682470335516,0.07714634713635588,0.8791645564332464,0.16237976320958225,0.16237976320958225,0.16237976320958225,1.0,11,1,10,432,11,37,1,1,476,0.9296875,0,202,0,101,0.0,0.0,0.0,219233.74303248036,0.901830187060263,0.57781356955909,0.57781356955909,0.30340713202562325,0.10129809048079946,256,32,8,1,1,1
6600,0.8443252246033808,0.12348682054706846,0.9837279115527053,0.15625,0.84375,0.0,1.1638016234327448,0.9980511382037243,0.84375,8,0.978515625,0.7964236720577438,0.24131632727504976,0.5788202134084961,0.57781356955909,0.0,1264,632,0.12723978256492852,0.7694251927606237,0.9816110260973249,256,2.1198952500555155,50,0.09765625,1.0,0.1953125,0.006707669037760634,0.07714634713635588,0.8804850223227525,0.16237976320958225,0.16237976320958225,0.16237976320958225,1.0,11,1,10,432,11,37,1,1,476,0.9296875,0,202,0,101,0.0,0.0,0.0,219249.87678192253,0.9018489924326852,0.57781356955909,0.57781356955909,0.30340713202562325,0.10129809048079946,256,32,8,1,1,1
6650,0.8443036022181332,0.12351525126383597,0.9837573736804188,0.15625,0.84375,0.0,1.1648304978193196,0.9980541059383381,0.84375,8,0.978515625,0.7964236720577438,0.24131632727504976,0.5788202134084961,0.57781356955909,0.0,1264,632,0.12723978256492852,0.7694251927606237,0.9816110260973249,256,2.1198952500555155,52,0.1015625,1.0,0.203125,0.00670355806898989,0.07714634713635588,0.8807091101936664,0.16237976320958225,0.16237976320958225,0.16237976320958225,1.0,11,1,10,432,11,37,1,1,476,0.9296875,0,202,0,101,0.0,0.0,0.0,219247.75827402953,0.901827056146676,0.57781356955909,0.57781356955909,0.30340713202562325,0.10129809048079946,256,32,8,1,1,1
6700,0.8443028703331947,0.1235103676848334,0.9837460182607174,0.15625,0.84375,0.0,1.1707789670121609,0.9980524597814594,0.84375,8,0.978515625,0.7964236720577438,0.24131632727504976,0.5788202134084961,0.57781356955909,0.0,1264,632,0.12723978256492852,0.7694251927606237,0.9816110260973249,256,2.1198952500555155,50,0.09765625,1.0,0.1953125,0.006706491628681427,0.07714634713635588,0.8804314875974407,0.16237976320958225,0.16237976320958225,0.16237976320958225,1.0,11,1,10,432,11,37,1,1,476,0.9296875,0,202,0,101,0.0,0.0,0.0,219246.1540983321,0.9018278931953276,0.57781356955909,0.57781356955909,0.30340713202562325,0.10129809048079946,256,32,8,1,1,1
6750,0.8442887927521951,0.12351067347892727,0.9837270308053121,0.15625,0.84375,0.0,1.1648304978193196,0.998050770751129,0.84375,8,0.978515625,0.7964236720577438,0.24131632727504976,0.5788202134084961,0.57781356955909,0.0,1264,632,0.12723978256492852,0.7694251927606237,0.9816110260973249,256,2.1198952500555155,52,0.1015625,1.0,0.203125,0.006717052677834467,0.07714634713635588,0.8801640851281999,0.16237976320958225,0.16237976320958225,0.16237976320958225,1.0,11,1,10,432,11,37,1,1,476,0.9296875,0,202,0,101,0.0,0.0,0.0,219240.00276044488,0.9018295043184194,0.57781356955909,0.57781356955909,0.30340713202562325,0.10129809048079946,256,32,8,1,1,1
6800,0.8442739983547654,0.12350638669617983,0.9836972240373143,0.15625,0.84375,0.0,1.1786952178050947,0.9980469058136516,0.84375,8,0.978515625,0.7964236720577438,0.24131632727504976,0.5788202134084961,0.57781356955909,0.0,1264,632,0.12723978256492852,0.7694251927606237,0.9816110260973249,256,2.1198952500555155,51,0.099609375,1.0,0.19921875,0.006723556570491002,0.07714634713635588,0.8795727809721832,0.16237976320958225,0.16237976320958225,0.16237976320958225,1.0,11,1,10,432,11,37,1,1,476,0.9296875,0,202,0,101,0.0,0.0,0.0,219232.3303162832,0.9018278224305712,0.57781356955909,0.57781356955909,0.30340713202562325,0.10129809048079946,256,32,8,1,1,1
6850,0.8443179709101969,0.12348584757218686,0.9837157840447617,0.15625,0.84375,0.0,1.1567318179281647,0.9980502110261457,0.84375,8,0.978515625,0.7964236720577438,0.24131632727504976,0.5788202134084961,0.57781356955909,0.0,1264,632,0.12723978256492852,0.7694251927606237,0.9816110260973249,256,2.1198952500555155,51,0.099609375,1.0,0.19921875,0.006709358071651841,0.07714634713635588,0.8805769448565924,0.16237976320958225,0.16237976320958225,0.16237976320958225,1.0,11,1,10,432,11,37,1,1,476,0.9296875,0,202,0,101,0.0,0.0,0.0,219246.41074684853,0.9018499011890935,0.57781356955909,0.57781356955909,0.30340713202562325,0.10129809048079946,256,32,8,1,1,1
6900,0.8442815113448887,0.12349908967992718,0.9836922544782283,0.15625,0.84375,0.0,1.1718078413987358,0.9980455049021485,0.84375,8,0.978515625,0.7964236720577438,0.24131632727504976,0.5788202134084961,0.57781356955909,0.0,1264,632,0.12723978256492852,0.7694251927606237,0.9816110260973249,256,2.1198952500555155,51,0.099609375,1.0,0.19921875,0.006735682470335516,0.07714634713635588,0.8791645564332464,0.16237976320958225,0.16237976320958225,0.16237976320958225,1.0,11,1,10,432,11,37,1,1,476,0.9296875,0,202,0,101,0.0,0.0,0.0,219233.74303248036,0.901830187060263,0.57781356955909,0.57781356955909,0.30340713202562325,0.10129809048079946,256,32,8,1,1,1
6950,0.8443252246033808,0.12348682054706846,0.9837279115527053,0.15625,0.84375,0.0,1.1638016234327448,0.9980511382037243,0.84375,8,0.978515625,0.7964236720577438,0.24131632727504976,0.5788202134084961,0.57781356955909,0.0,1264,632,0.12723978256492852,0.7694251927606237,0.9816110260973249,256,2.1198952500555155,50,0.09765625,1.0,0.1953125,0.006707669037760636,0.07714634713635588,0.8804850223227525,0.16237976320958225,0.16237976320958225,0.16237976320958225,1.0,11,1,10,432,11,37,1,1,476,0.9296875,0,202,0,101,0.0,0.0,0.0,219249.87678192253,0.9018489924326852,0.57781356955909,0.57781356955909,0.30340713202562325,0.10129809048079946,256,32,8,1,1,1
7000,0.8443036022181332,0.12351525126383597,0.9837573736804188,0.15625,0.84375,0.0,1.1648304978193196,0.9980541059383381,0.84375,8,0.978515625,0.7964236720577438,0.24131632727504976,0.5788202134084961,0.57781356955909,0.0,1264,632,0.12723978256492852,0.7694251927606237,0.9816110260973249,256,2.1198952500555155,52,0.1015625,1.0,0.203125,0.00670355806898989,0.07714634713635588,0.8807091101936665,0.16237976320958225,0.16237976320958225,0.16237976320958225,1.0,11,1,10,432,11,37,1,1,476,0.9296875,0,202,0,101,0.0,0.0,0.0,219247.75827402953,0.901827056146676,0.57781356955909,0.57781356955909,0.30340713202562325,0.10129809048079946,256,32,8,1,1,1
7050,0.8443028703331947,0.1235103676848334,0.9837460182607174,0.15625,0.84375,0.0,1.1707789670121609,0.9980524597814594,0.84375,8,0.978515625,0.7964236720577438,0.24131632727504976,0.5788202134084961,0.57781356955909,0.0,1264,632,0.12723978256492852,0.7694251927606237,0.9816110260973249,256,2.1198952500555155,50,0.09765625,1.0,0.1953125,0.0067064916286814266,0.07714634713635588,0.880431487597441,0.16237976320958225,0.16237976320958225,0.16237976320958225,1.0,11,1,10,432,11,37,1,1,476,0.9296875,0,202,0,101,0.0,0.0,0.0,219246.1540983321,0.9018278931953276,0.57781356955909,0.57781356955909,0.30340713202562325,0.10129809048079946,256,32,8,1,1,1
7100,0.8442887927521951,0.12351067347892727,0.9837270308053121,0.15625,0.84375,0.0,1.1648304978193196,0.998050770751129,0.84375,8,0.978515625,0.7964236720577438,0.24131632727504976,0.5788202134084961,0.57781356955909,0.0,1264,632,0.12723978256492852,0.7694251927606237,0.9816110260973249,256,2.1198952500555155,52,0.1015625,1.0,0.203125,0.0067170526778344685,0.07714634713635588,0.8801640851281997,0.16237976320958225,0.16237976320958225,0.16237976320958225,1.0,11,1,10,432,11,37,1,1,476,0.9296875,0,202,0,101,0.0,0.0,0.0,219240.00276044488,0.9018295043184194,0.57781356955909,0.57781356955909,0.30340713202562325,0.10129809048079946,256,32,8,1,1,1
7150,0.8442739983547654,0.12350638669617983,0.9836972240373143,0.15625,0.84375,0.0,1.1786952178050947,0.9980469058136516,0.84375,8,0.978515625,0.7964236720577438,0.24131632727504976,0.5788202134084961,0.57781356955909,0.0,1264,632,0.12723978256492852,0.7694251927606237,0.9816110260973249,256,2.1198952500555155,51,0.099609375,1.0,0.19921875,0.006723556570491001,0.07714634713635588,0.8795727809721832,0.16237976320958225,0.16237976320958225,0.16237976320958225,1.0,11,1,10,432,11,37,1,1,476,0.9296875,0,202,0,101,0.0,0.0,0.0,219232.3303162832,0.9018278224305712,0.57781356955909,0.57781356955909,0.30340713202562325,0.10129809048079946,256,32,8,1,1,1
7200,0.8443179709101969,0.12348584757218686,0.9837157840447617,0.15625,0.84375,0.0,1.1567318179281647,0.9980502110261457,0.84375,8,0.978515625,0.7964236720577438,0.24131632727504976,0.5788202134084961,0.57781356955909,0.0,1264,632,0.12723978256492852,0.7694251927606237,0.9816110260973249,256,2.1198952500555155,51,0.099609375,1.0,0.19921875,0.00670935807165184,0.07714634713635588,0.8805769448565925,0.16237976320958225,0.16237976320958225,0.16237976320958225,1.0,11,1,10,432,11,37,1,1,476,0.9296875,0,202,0,101,0.0,0.0,0.0,219246.41074684853,0.9018499011890935,0.57781356955909,0.57781356955909,0.30340713202562325,0.10129809048079946,256,32,8,1,1,1
7250,0.8442815113448887,0.12349908967992718,0.9836922544782283,0.15625,0.84375,0.0,1.1718078413987358,0.9980455049021485,0.84375,8,0.978515625,0.7964236720577438,0.24131632727504976,0.5788202134084961,0.57781356955909,0.0,1264,632,0.12723978256492852,0.7694251927606237,0.9816110260973249,256,2.1198952500555155,51,0.099609375,1.0,0.19921875,0.006735682470335516,0.07714634713635588,0.8791645564332464,0.16237976320958225,0.16237976320958225,0.16237976320958225,1.0,11,1,10,432,11,37,1,1,476,0.9296875,0,202,0,101,0.0,0.0,0.0,219233.74303248036,0.901830187060263,0.57781356955909,0.57781356955909,0.30340713202562325,0.10129809048079946,256,32,8,1,1,1
7300,0.8443252246033808,0.12348682054706846,0.9837279115527053,0.15625,0.84375,0.0,1.1638016234327448,0.9980511382037243,0.84375,8,0.978515625,0.7964236720577438,0.24131632727504976,0.5788202134084961,0.57781356955909,0.0,1264,632,0.12723978256492852,0.7694251927606237,0.9816110260973249,256,2.1198952500555155,50,0.09765625,1.0,0.1953125,0.006707669037760634,0.07714634713635588,0.8804850223227525,0.16237976320958225,0.16237976320958225,0.16237976320958225,1.0,11,1,10,432,11,37,1,1,476,0.9296875,0,202,0,101,0.0,0.0,0.0,219249.87678192253,0.9018489924326852,0.57781356955909,0.57781356955909,0.30340713202562325,0.10129809048079946,256,32,8,1,1,1
7350,0.8443036022181332,0.12351525126383597,0.9837573736804188,0.15625,0.84375,0.0,1.1648304978193196,0.9980541059383381,0.84375,8,0.978515625,0.7964236720577438,0.24131632727504976,0.5788202134084961,0.57781356955909,0.0,1264,632,0.12723978256492852,0.7694251927606237,0.9816110260973249,256,2.1198952500555155,52,0.1015625,1.0,0.203125,0.00670355806898989,0.07714634713635588,0.8807091101936665,0.16237976320958225,0.16237976320958225,0.16237976320958225,1.0,11,1,10,432,11,37,1,1,476,0.9296875,0,202,0,101,0.0,0.0,0.0,219247.75827402953,0.901827056146676,0.57781356955909,0.57781356955909,0.30340713202562325,0.10129809048079946,256,32,8,1,1,1
7400,0.8443028703331947,0.1235103676848334,0.9837460182607174,0.15625,0.84375,0.0,1.1707789670121609,0.9980524597814594,0.84375,8,0.978515625,0.7964236720577438,0.24131632727504976,0.5788202134084961,0.57781356955909,0.0,1264,632,0.12723978256492852,0.7694251927606237,0.9816110260973249,256,2.1198952500555155,50,0.09765625,1.0,0.1953125,0.006706491628681427,0.07714634713635588,0.8804314875974407,0.16237976320958225,0.16237976320958225,0.16237976320958225,1.0,11,1,10,432,11,37,1,1,476,0.9296875,0,202,0,101,0.0,0.0,0.0,219246.1540983321,0.9018278931953276,0.57781356955909,0.57781356955909,0.30340713202562325,0.10129809048079946,256,32,8,1,1,1
7450,0.8442887927521951,0.12351067347892727,0.9837270308053121,0.15625,0.84375,0.0,1.1648304978193196,0.998050770751129,0.84375,8,0.978515625,0.7964236720577438,0.24131632727504976,0.5788202134084961,0.57781356955909,0.0,1264,632,0.12723978256492852,0.7694251927606237,0.9816110260973249,256,2.1198952500555155,52,0.1015625,1.0,0.203125,0.006717052677834468,0.07714634713635588,0.8801640851281999,0.16237976320958225,0.16237976320958225,0.16237976320958225,1.0,11,1,10,432,11,37,1,1,476,0.9296875,0,202,0,101,0.0,0.0,0.0,219240.00276044488,0.9018295043184194,0.57781356955909,0.57781356955909,0.30340713202562325,0.10129809048079946,256,32,8,1,1,1
7500,0.8442739983547654,0.12350638669617983,0.9836972240373143,0.15625,0.84375,0.0,1.1786952178050947,0.9980469058136516,0.84375,8,0.978515625,0.7964236720577438,0.24131632727504976,0.5788202134084961,0.57781356955909,0.0,1264,632,0.12723978256492852,0.7694251927606237,0.9816110260973249,256,2.1198952500555155,51,0.099609375,1.0,0.19921875,0.006723556570491001,0.07714634713635588,0.8795727809721833,0.16237976320958225,0.16237976320958225,0.16237976320958225,1.0,11,1,10,432,11,37,1,1,476,0.9296875,0,202,0,101,0.0,0.0,0.0,219232.3303162832,0.9018278224305712,0.57781356955909,0.57781356955909,0.30340713202562325,0.10129809048079946,256,32,8,1,1,1
7550,0.8443179709101969,0.12348584757218686,0.9837157840447617,0.15625,0.84375,0.0,1.1567318179281647,0.9980502110261457,0.84375,8,0.978515625,0.7964236720577438,0.24131632727504976,0.5788202134084961,0.57781356955909,0.0,1264,632,0.12723978256492852,0.7694251927606237,0.9816110260973249,256,2.1198952500555155,51,0.099609375,1.0,0.19921875,0.00670935807165184,0.07714634713635588,0.8805769448565927,0.16237976320958225,0.16237976320958225,0.16237976320958225,1.0,11,1,10,432,11,37,1,1,476,0.9296875,0,202,0,101,0.0,0.0,0.0,219246.41074684853,0.9018499011890935,0.57781356955909,0.57781356955909,0.30340713202562325,0.10129809048079946,256,32,8,1,1,1
7600,0.8442815113448887,0.12349908967992718,0.9836922544782283,0.15625,0.84375,0.0,1.1718078413987358,0.9980455049021485,0.84375,8,0.978515625,0.7964236720577438,0.24131632727504976,0.5788202134084961,0.57781356955909,0.0,1264,632,0.12723978256492852,0.7694251927606237,0.9816110260973249,256,2.1198952500555155,51,0.099609375,1.0,0.19921875,0.006735682470335516,0.07714634713635588,0.8791645564332464,0.16237976320958225,0.16237976320958225,0.16237976320958225,1.0,11,1,10,432,11,37,1,1,476,0.9296875,0,202,0,101,0.0,0.0,0.0,219233.74303248036,0.901830187060263,0.57781356955909,0.57781356955909,0.30340713202562325,0.10129809048079946,256,32,8,1,1,1
7650,0.8443252246033808,0.12348682054706846,0.9837279115527053,0.15625,0.84375,0.0,1.1638016234327448,0.9980511382037243,0.84375,8,0.978515625,0.7964236720577438,0.24131632727504976,0.5788202134084961,0.57781356955909,0.0,1264,632,0.12723978256492852,0.7694251927606237,0.9816110260973249,256,2.1198952500555155,50,0.09765625,1.0,0.1953125,0.006707669037760634,0.07714634713635588,0.8804850223227525,0.16237976320958225,0.16237976320958225,0.16237976320958225,1.0,11,1,10,432,11,37,1,1,476,0.9296875,0,202,0,101,0.0,0.0,0.0,219249.87678192253,0.9018489924326852,0.57781356955909,0.57781356955909,0.30340713202562325,0.10129809048079946,256,32,8,1,1,1
7700,0.8443036022181332,0.12351525126383597,0.9837573736804188,0.15625,0.84375,0.0,1.1648304978193196,0.9980541059383381,0.84375,8,0.978515625,0.7964236720577438,0.24131632727504976,0.5788202134084961,0.57781356955909,0.0,1264,632,0.12723978256492852,0.7694251927606237,0.9816110260973249,256,2.1198952500555155,52,0.1015625,1.0,0.203125,0.00670355806898989,0.07714634713635588,0.8807091101936664,0.16237976320958225,0.16237976320958225,0.16237976320958225,1.0,11,1,10,432,11,37,1,1,476,0.9296875,0,202,0,101,0.0,0.0,0.0,219247.75827402953,0.901827056146676,0.57781356955909,0.57781356955909,0.30340713202562325,0.10129809048079946,256,32,8,1,1,1
7750,0.8443028703331947,0.1235103676848334,0.9837460182607174,0.15625,0.84375,0.0,1.1707789670121609,0.9980524597814594,0.84375,8,0.978515625,0.7964236720577438,0.24131632727504976,0.5788202134084961,0.57781356955909,0.0,1264,632,0.12723978256492852,0.7694251927606237,0.9816110260973249,256,2.1198952500555155,50,0.09765625,1.0,0.1953125,0.006706491628681427,0.07714634713635588,0.8804314875974407,0.16237976320958225,0.16237976320958225,0.16237976320958225,1.0,11,1,10,432,11,37,1,1,476,0.9296875,0,202,0,101,0.0,0.0,0.0,219246.1540983321,0.9018278931953276,0.57781356955909,0.57781356955909,0.30340713202562325,0.10129809048079946,256,32,8,1,1,1
7800,0.8442887927521951,0.12351067347892727,0.9837270308053121,0.15625,0.84375,0.0,1.1648304978193196,0.998050770751129,0.84375,8,0.978515625,0.7964236720577438,0.24131632727504976,0.5788202134084961,0.57781356955909,0.0,1264,632,0.12723978256492852,0.7694251927606237,0.9816110260973249,256,2.1198952500555155,52,0.1015625,1.0,0.203125,0.006717052677834467,0.07714634713635588,0.8801640851281999,0.16237976320958225,0.16237976320958225,0.16237976320958225,1.0,11,1,10,432,11,37,1,1,476,0.9296875,0,202,0,101,0.0,0.0,0.0,219240.00276044488,0.9018295043184194,0.57781356955909,0.57781356955909,0.30340713202562325,0.10129809048079946,256,32,8,1,1,1
7850,0.8442739983547654,0.12350638669617983,0.9836972240373143,0.15625,0.84375,0.0,1.1786952178050947,0.9980469058136516,0.84375,8,0.978515625,0.7964236720577438,0.24131632727504976,0.5788202134084961,0.57781356955909,0.0,1264,632,0.12723978256492852,0.7694251927606237,0.9816110260973249,256,2.1198952500555155,51,0.099609375,1.0,0.19921875,0.006723556570491002,0.07714634713635588,0.8795727809721832,0.16237976320958225,0.16237976320958225,0.16237976320958225,1.0,11,1,10,432,11,37,1,1,476,0.9296875,0,202,0,101,0.0,0.0,0.0,219232.3303162832,0.9018278224305712,0.57781356955909,0.57781356955909,0.30340713202562325,0.10129809048079946,256,32,8,1,1,1
7900,0.8443179709101969,0.12348584757218686,0.9837157840447617,0.15625,0.84375,0.0,1.1567318179281647,0.9980502110261457,0.84375,8,0.978515625,0.7964236720577438,0.24131632727504976,0.5788202134084961,0.57781356955909,0.0,1264,632,0.12723978256492852,0.7694251927606237,0.9816110260973249,256,2.1198952500555155,51,0.099609375,1.0,0.19921875,0.006709358071651841,0.07714634713635588,0.8805769448565924,0.16237976320958225,0.16237976320958225,0.16237976320958225,1.0,11,1,10,432,11,37,1,1,476,0.9296875,0,202,0,101,0.0,0.0,0.0,219246.41074684853,0.9018499011890935,0.57781356955909,0.57781356955909,0.30340713202562325,0.10129809048079946,256,32,8,1,1,1
7950,0.8442815113448887,0.12349908967992718,0.9836922544782283,0.15625,0.84375,0.0,1.1718078413987358,0.9980455049021485,0.84375,8,0.978515625,0.7964236720577438,0.24131632727504976,0.5788202134084961,0.57781356955909,0.0,1264,632,0.12723978256492852,0.7694251927606237,0.9816110260973249,256,2.1198952500555155,51,0.099609375,1.0,0.19921875,0.006735682470335516,0.07714634713635588,0.8791645564332464,0.16237976320958225,0.16237976320958225,0.16237976320958225,1.0,11,1,10,432,11,37,1,1,476,0.9296875,0,202,0,101,0.0,0.0,0.0,219233.74303248036,0.901830187060263,0.57781356955909,0.57781356955909,0.30340713202562325,0.10129809048079946,256,32,8,1,1,1
8000,0.8443252246033808,0.12348682054706846,0.9837279115527053,0.15625,0.84375,0.0,1.1638016234327448,0.9980511382037243,0.84375,8,0.978515625,0.7964236720577438,0.24131632727504976,0.5788202134084961,0.57781356955909,0.0,1264,632,0.12723978256492852,0.7694251927606237,0.9816110260973249,256,2.1198952500555155,50,0.09765625,1.0,0.1953125,0.006707669037760636,0.07714634713635588,0.8804850223227525,0.16237976320958225,0.16237976320958225,0.16237976320958225,1.0,11,1,10,432,11,37,1,1,476,0.9296875,0,202,0,101,0.0,0.0,0.0,219249.87678192253,0.9018489924326852,0.57781356955909,0.57781356955909,0.30340713202562325,0.10129809048079946,256,32,8,1,1,1
8050,0.8443036022181332,0.12351525126383597,0.9837573736804188,0.15625,0.84375,0.0,1.1648304978193196,0.9980541059383381,0.84375,8,0.978515625,0.7964236720577438,0.24131632727504976,0.5788202134084961,0.57781356955909,0.0,1264,632,0.12723978256492852,0.7694251927606237,0.9816110260973249,256,2.1198952500555155,52,0.1015625,1.0,0.203125,0.00670355806898989,0.07714634713635588,0.8807091101936665,0.16237976320958225,0.16237976320958225,0.16237976320958225,1.0,11,1,10,432,11,37,1,1,476,0.9296875,0,202,0,101,0.0,0.0,0.0,219247.75827402953,0.901827056146676,0.57781356955909,0.57781356955909,0.30340713202562325,0.10129809048079946,256,32,8,1,1,1
8100,0.8443028703331947,0.1235103676848334,0.9837460182607174,0.15625,0.84375,0.0,1.1707789670121609,0.9980524597814594,0.84375,8,0.978515625,0.7964236720577438,0.24131632727504976,0.5788202134084961,0.57781356955909,0.0,1264,632,0.12723978256492852,0.7694251927606237,0.9816110260973249,256,2.1198952500555155,50,0.09765625,1.0,0.1953125,0.0067064916286814266,0.07714634713635588,0.880431487597441,0.16237976320958225,0.16237976320958225,0.16237976320958225,1.0,11,1,10,432,11,37,1,1,476,0.9296875,0,202,0,101,0.0,0.0,0.0,219246.1540983321,0.9018278931953276,0.57781356955909,0.57781356955909,0.30340713202562325,0.10129809048079946,256,32,8,1,1,1
8150,0.8442887927521951,0.12351067347892727,0.9837270308053121,0.15625,0.84375,0.0,1.1648304978193196,0.998050770751129,0.84375,8,0.978515625,0.7964236720577438,0.24131632727504976,0.5788202134084961,0.57781356955909,0.0,1264,632,0.12723978256492852,0.7694251927606237,0.9816110260973249,256,2.1198952500555155,52,0.1015625,1.0,0.203125,0.0067170526778344685,0.07714634713635588,0.8801640851281997,0.16237976320958225,0.16237976320958225,0.16237976320958225,1.0,11,1,10,432,11,37,1,1,476,0.9296875,0,202,0,101,0.0,0.0,0.0,219240.00276044488,0.9018295043184194,0.57781356955909,0.57781356955909,0.30340713202562325,0.10129809048079946,256,32,8,1,1,1
8200,0.8442739983547654,0.12350638669617983,0.9836972240373143,0.15625,0.84375,0.0,1.1786952178050947,0.9980469058136516,0.84375,8,0.978515625,0.7964236720577438,0.24131632727504976,0.5788202134084961,0.57781356955909,0.0,1264,632,0.12723978256492852,0.7694251927606237,0.9816110260973249,256,2.1198952500555155,51,0.099609375,1.0,0.19921875,0.006723556570491001,0.07714634713635588,0.8795727809721832,0.16237976320958225,0.16237976320958225,0.16237976320958225,1.0,11,1,10,432,11,37,1,1,476,0.9296875,0,202,0,101,0.0,0.0,0.0,219232.3303162832,0.9018278224305712,0.57781356955909,0.57781356955909,0.30340713202562325,0.10129809048079946,256,32,8,1,1,1
8250,0.8443179709101969,0.12348584757218686,0.9837157840447617,0.15625,0.84375,0.0,1.1567318179281647,0.9980502110261457,0.84375,8,0.978515625,0.7964236720577438,0.24131632727504976,0.5788202134084961,0.57781356955909,0.0,1264,632,0.12723978256492852,0.7694251927606237,0.9816110260973249,256,2.1198952500555155,51,0.099609375,1.0,0.19921875,0.00670935807165184,0.07714634713635588,0.8805769448565925,0.16237976320958225,0.16237976320958225,0.16237976320958225,1.0,11,1,10,432,11,37,1,1,476,0.9296875,0,202,0,101,0.0,0.0,0.0,219246.41074684853,0.9018499011890935,0.57781356955909,0.57781356955909,0.30340713202562325,0.10129809048079946,256,32,8,1,1,1
8300,0.8442815113448887,0.12349908967992718,0.9836922544782283,0.15625,0.84375,0.0,1.1718078413987358,0.9980455049021485,0.84375,8,0.978515625,0.7964236720577438,0.24131632727504976,0.5788202134084961,0.57781356955909,0.0,1264,632,0.12723978256492852,0.7694251927606237,0.9816110260973249,256,2.1198952500555155,51,0.099609375,1.0,0.19921875,0.006735682470335516,0.07714634713635588,0.8791645564332464,0.16237976320958225,0.16237976320958225,0.16237976320958225,1.0,11,1,10,432,11,37,1,1,476,0.9296875,0,202,0,101,0.0,0.0,0.0,219233.74303248036,0.901830187060263,0.57781356955909,0.57781356955909,0.30340713202562325,0.10129809048079946,256,32,8,1,1,1
8350,0.8443252246033808,0.12348682054706846,0.9837279115527053,0.15625,0.84375,0.0,1.1638016234327448,0.9980511382037243,0.84375,8,0.978515625,0.7964236720577438,0.24131632727504976,0.5788202134084961,0.57781356955909,0.0,1264,632,0.12723978256492852,0.7694251927606237,0.9816110260973249,256,2.1198952500555155,50,0.09765625,1.0,0.1953125,0.006707669037760634,0.07714634713635588,0.8804850223227525,0.16237976320958225,0.16237976320958225,0.16237976320958225,1.0,11,1,10,432,11,37,1,1,476,0.9296875,0,202,0,101,0.0,0.0,0.0,219249.87678192253,0.9018489924326852,0.57781356955909,0.57781356955909,0.30340713202562325,0.10129809048079946,256,32,8,1,1,1
8400,0.8443036022181332,0.12351525126383597,0.9837573736804188,0.15625,0.84375,0.0,1.1648304978193196,0.9980541059383381,0.84375,8,0.978515625,0.7964236720577438,0.24131632727504976,0.5788202134084961,0.57781356955909,0.0,1264,632,0.12723978256492852,0.7694251927606237,0.9816110260973249,256,2.1198952500555155,52,0.1015625,1.0,0.203125,0.00670355806898989,0.07714634713635588,0.8807091101936665,0.16237976320958225,0.16237976320958225,0.16237976320958225,1.0,11,1,10,432,11,37,1,1,476,0.9296875,0,202,0,101,0.0,0.0,0.0,219247.75827402953,0.901827056146676,0.57781356955909,0.57781356955909,0.30340713202562325,0.10129809048079946,256,32,8,1,1,1
8450,0.8443028703331947,0.1235103676848334,0.9837460182607174,0.15625,0.84375,0.0,1.1707789670121609,0.9980524597814594,0.84375,8,0.978515625,0.7964236720577438,0.24131632727504976,0.5788202134084961,0.57781356955909,0.0,1264,632,0.12723978256492852,0.7694251927606237,0.9816110260973249,256,2.1198952500555155,50,0.09765625,1.0,0.1953125,0.006706491628681427,0.07714634713635588,0.8804314875974407,0.16237976320958225,0.16237976320958225,0.16237976320958225,1.0,11,1,10,432,11,37,1,1,476,0.9296875,0,202,0,101,0.0,0.0,0.0,219246.1540983321,0.9018278931953276,0.57781356955909,0.57781356955909,0.30340713202562325,0.10129809048079946,256,32,8,1,1,1
8500,0.8442887927521951,0.12351067347892727,0.9837270308053121,0.15625,0.84375,0.0,1.1648304978193196,0.998050770751129,0.84375,8,0.978515625,0.7964236720577438,0.24131632727504976,0.5788202134084961,0.57781356955909,0.0,1264,632,0.12723978256492852,0.7694251927606237,0.9816110260973249,256,2.1198952500555155,52,0.1015625,1.0,0.203125,0.006717052677834468,0.07714634713635588,0.8801640851281999,0.16237976320958225,0.16237976320958225,0.16237976320958225,1.0,11,1,10,432,11,37,1,1,476,0.9296875,0,202,0,101,0.0,0.0,0.0,219240.00276044488,0.9018295043184194,0.57781356955909,0.57781356955909,0.30340713202562325,0.10129809048079946,256,32,8,1,1,1
8550,0.8442739983547654,0.12350638669617983,0.9836972240373143,0.15625,0.84375,0.0,1.1786952178050947,0.9980469058136516,0.84375,8,0.978515625,0.7964236720577438,0.24131632727504976,0.5788202134084961,0.57781356955909,0.0,1264,632,0.12723978256492852,0.7694251927606237,0.9816110260973249,256,2.1198952500555155,51,0.099609375,1.0,0.19921875,0.006723556570491001,0.07714634713635588,0.8795727809721833,0.16237976320958225,0.16237976320958225,0.16237976320958225,1.0,11,1,10,432,11,37,1,1,476,0.9296875,0,202,0,101,0.0,0.0,0.0,219232.3303162832,0.9018278224305712,0.57781356955909,0.57781356955909,0.30340713202562325,0.10129809048079946,256,32,8,1,1,1
8600,0.8443179709101969,0.12348584757218686,0.9837157840447617,0.15625,0.84375,0.0,1.1567318179281647,0.9980502110261457,0.84375,8,0.978515625,0.7964236720577438,0.24131632727504976,0.5788202134084961,0.57781356955909,0.0,1264,632,0.12723978256492852,0.7694251927606237,0.9816110260973249,256,2.1198952500555155,51,0.099609375,1.0,0.19921875,0.00670935807165184,0.07714634713635588,0.8805769448565927,0.16237976320958225,0.16237976320958225,0.16237976320958225,1.0,11,1,10,432,11,37,1,1,476,0.9296875,0,202,0,101,0.0,0.0,0.0,219246.41074684853,0.9018499011890935,0.57781356955909,0.57781356955909,0.30340713202562325,0.10129809048079946,256,32,8,1,1,1
8650,0.8442815113448887,0.12349908967992718,0.9836922544782283,0.15625,0.84375,0.0,1.1718078413987358,0.9980455049021485,0.84375,8,0.978515625,0.7964236720577438,0.24131632727504976,0.5788202134084961,0.57781356955909,0.0,1264,632,0.12723978256492852,0.7694251927606237,0.9816110260973249,256,2.1198952500555155,51,0.099609375,1.0,0.19921875,0.006735682470335516,0.07714634713635588,0.8791645564332464,0.16237976320958225,0.16237976320958225,0.16237976320958225,1.0,11,1,10,432,11,37,1,1,476,0.9296875,0,202,0,101,0.0,0.0,0.0,219233.74303248036,0.901830187060263,0.57781356955909,0.57781356955909,0.30340713202562325,0.10129809048079946,256,32,8,1,1,1
8700,0.8443252246033808,0.12348682054706846,0.9837279115527053,0.15625,0.84375,0.0,1.1638016234327448,0.9980511382037243,0.84375,8,0.978515625,0.7964236720577438,0.24131632727504976,0.5788202134084961,0.57781356955909,0.0,1264,632,0.12723978256492852,0.7694251927606237,0.9816110260973249,256,2.1198952500555155,50,0.09765625,1.0,0.1953125,0.006707669037760634,0.07714634713635588,0.8804850223227525,0.16237976320958225,0.16237976320958225,0.16237976320958225,1.0,11,1,10,432,11,37,1,1,476,0.9296875,0,202,0,101,0.0,0.0,0.0,219249.87678192253,0.9018489924326852,0.57781356955909,0.57781356955909,0.30340713202562325,0.10129809048079946,256,32,8,1,1,1
8750,0.8443036022181332,0.12351525126383597,0.9837573736804188,0.15625,0.84375,0.0,1.1648304978193196,0.9980541059383381,0.84375,8,0.978515625,0.7964236720577438,0.24131632727504976,0.5788202134084961,0.57781356955909,0.0,1264,632,0.12723978256492852,0.7694251927606237,0.9816110260973249,256,2.1198952500555155,52,0.1015625,1.0,0.203125,0.00670355806898989,0.07714634713635588,0.8807091101936664,0.16237976320958225,0.16237976320958225,0.16237976320958225,1.0,11,1,10,432,11,37,1,1,476,0.9296875,0,202,0,101,0.0,0.0,0.0,219247.75827402953,0.901827056146676,0.57781356955909,0.57781356955909,0.30340713202562325,0.10129809048079946,256,32,8,1,1,1
8800,0.8443028703331947,0.1235103676848334,0.9837460182607174,0.15625,0.84375,0.0,1.1707789670121609,0.9980524597814594,0.84375,8,0.978515625,0.7964236720577438,0.24131632727504976,0.5788202134084961,0.57781356955909,0.0,1264,632,0.12723978256492852,0.7694251927606237,0.9816110260973249,256,2.1198952500555155,50,0.09765625,1.0,0.1953125,0.006706491628681427,0.07714634713635588,0.8804314875974407,0.16237976320958225,0.16237976320958225,0.16237976320958225,1.0,11,1,10,432,11,37,1,1,476,0.9296875,0,202,0,101,0.0,0.0,0.0,219246.1540983321,0.9018278931953276,0.57781356955909,0.57781356955909,0.30340713202562325,0.10129809048079946,256,32,8,1,1,1
8850,0.8442887927521951,0.12351067347892727,0.9837270308053121,0.15625,0.84375,0.0,1.1648304978193196,0.998050770751129,0.84375,8,0.978515625,0.7964236720577438,0.24131632727504976,0.5788202134084961,0.57781356955909,0.0,1264,632,0.12723978256492852,0.7694251927606237,0.9816110260973249,256,2.1198952500555155,52,0.1015625,1.0,0.203125,0.006717052677834467,0.07714634713635588,0.8801640851281999,0.16237976320958225,0.16237976320958225,0.16237976320958225,1.0,11,1,10,432,11,37,1,1,476,0.9296875,0,202,0,101,0.0,0.0,0.0,219240.00276044488,0.9018295043184194,0.57781356955909,0.57781356955909,0.30340713202562325,0.10129809048079946,256,32,8,1,1,1
8900,0.8442739983547654,0.12350638669617983,0.9836972240373143,0.15625,0.84375,0.0,1.1786952178050947,0.9980469058136516,0.84375,8,0.978515625,0.7964236720577438,0.24131632727504976,0.5788202134084961,0.57781356955909,0.0,1264,632,0.12723978256492852,0.7694251927606237,0.9816110260973249,256,2.1198952500555155,51,0.099609375,1.0,0.19921875,0.006723556570491002,0.07714634713635588,0.8795727809721832,0.16237976320958225,0.16237976320958225,0.16237976320958225,1.0,11,1,10,432,11,37,1,1,476,0.9296875,0,202,0,101,0.0,0.0,0.0,219232.3303162832,0.9018278224305712,0.57781356955909,0.57781356955909,0.30340713202562325,0.10129809048079946,256,32,8,1,1,1
8950,0.8443179709101969,0.12348584757218686,0.9837157840447617,0.15625,0.84375,0.0,1.1567318179281647,0.9980502110261457,0.84375,8,0.978515625,0.7964236720577438,0.24131632727504976,0.5788202134084961,0.57781356955909,0.0,1264,632,0.12723978256492852,0.7694251927606237,0.9816110260973249,256,2.1198952500555155,51,0.099609375,1.0,0.19921875,0.006709358071651841,0.07714634713635588,0.8805769448565924,0.16237976320958225,0.16237976320958225,0.16237976320958225,1.0,11,1,10,432,11,37,1,1,476,0.9296875,0,202,0,101,0.0,0.0,0.0,219246.41074684853,0.9018499011890935,0.57781356955909,0.57781356955909,0.30340713202562325,0.10129809048079946,256,32,8,1,1,1
9000,0.8442815113448887,0.12349908967992718,0.9836922544782283,0.15625,0.84375,0.0,1.1718078413987358,0.9980455049021485,0.84375,8,0.978515625,0.7964236720577438,0.24131632727504976,0.5788202134084961,0.57781356955909,0.0,1264,632,0.12723978256492852,0.7694251927606237,0.9816110260973249,256,2.1198952500555155,51,0.099609375,1.0,0.19921875,0.006735682470335516,0.07714634713635588,0.8791645564332464,0.16237976320958225,0.16237976320958225,0.16237976320958225,1.0,11,1,10,432,11,37,1,1,476,0.9296875,0,202,0,101,0.0,0.0,0.0,219233.74303248036,0.901830187060263,0.57781356955909,0.57781356955909,0.30340713202562325,0.10129809048079946,256,32,8,1,1,1
9050,0.8443252246033808,0.12348682054706846,0.9837279115527053,0.15625,0.84375,0.0,1.1638016234327448,0.9980511382037243,0.84375,8,0.978515625,0.7964236720577438,0.24131632727504976,0.5788202134084961,0.57781356955909,0.0,1264,632,0.12723978256492852,0.7694251927606237,0.9816110260973249,256,2.1198952500555155,50,0.09765625,1.0,0.1953125,0.006707669037760636,0.07714634713635588,0.8804850223227525,0.16237976320958225,0.16237976320958225,0.16237976320958225,1.0,11,1,10,432,11,37,1,1,476,0.9296875,0,202,0,101,0.0,0.0,0.0,219249.87678192253,0.9018489924326852,0.57781356955909,0.57781356955909,0.30340713202562325,0.10129809048079946,256,32,8,1,1,1
9100,0.8443036022181332,0.12351525126383597,0.9837573736804188,0.15625,0.84375,0.0,1.1648304978193196,0.9980541059383381,0.84375,8,0.978515625,0.7964236720577438,0.24131632727504976,0.5788202134084961,0.57781356955909,0.0,1264,632,0.12723978256492852,0.7694251927606237,0.9816110260973249,256,2.1198952500555155,52,0.1015625,1.0,0.203125,0.00670355806898989,0.07714634713635588,0.8807091101936665,0.16237976320958225,0.16237976320958225,0.16237976320958225,1.0,11,1,10,432,11,37,1,1,476,0.9296875,0,202,0,101,0.0,0.0,0.0,219247.75827402953,0.901827056146676,0.57781356955909,0.57781356955909,0.30340713202562325,0.10129809048079946,256,32,8,1,1,1
9150,0.8443028703331947,0.1235103676848334,0.9837460182607174,0.15625,0.84375,0.0,1.1707789670121609,0.9980524597814594,0.84375,8,0.978515625,0.7964236720577438,0.24131632727504976,0.5788202134084961,0.57781356955909,0.0,1264,632,0.12723978256492852,0.7694251927606237,0.9816110260973249,256,2.1198952500555155,50,0.09765625,1.0,0.1953125,0.0067064916286814266,0.07714634713635588,0.880431487597441,0.16237976320958225,0.16237976320958225,0.16237976320958225,1.0,11,1,10,432,11,37,1,1,476,0.9296875,0,202,0,101,0.0,0.0,0.0,219246.1540983321,0.9018278931953276,0.57781356955909,0.57781356955909,0.30340713202562325,0.10129809048079946,256,32,8,1,1,1
9200,0.8442887927521951,0.12351067347892727,0.9837270308053121,0.15625,0.84375,0.0,1.1648304978193196,0.998050770751129,0.84375,8,0.978515625,0.7964236720577438,0.24131632727504976,0.5788202134084961,0.57781356955909,0.0,1264,632,0.12723978256492852,0.7694251927606237,0.9816110260973249,256,2.1198952500555155,52,0.1015625,1.0,0.203125,0.0067170526778344685,0.07714634713635588,0.8801640851281997,0.16237976320958225,0.16237976320958225,0.16237976320958225,1.0,11,1,10,432,11,37,1,1,476,0.9296875,0,202,0,101,0.0,0.0,0.0,219240.00276044488,0.9018295043184194,0.57781356955909,0.57781356955909,0.30340713202562325,0.10129809048079946,256,32,8,1,1,1
9250,0.8442739983547654,0.12350638669617983,0.9836972240373143,0.15625,0.84375,0.0,1.1786952178050947,0.9980469058136516,0.84375,8,0.978515625,0.7964236720577438,0.24131632727504976,0.5788202134084961,0.57781356955909,0.0,1264,632,0.12723978256492852,0.7694251927606237,0.9816110260973249,256,2.1198952500555155,51,0.099609375,1.0,0.19921875,0.006723556570491001,0.07714634713635588,0.8795727809721832,0.16237976320958225,0.16237976320958225,0.16237976320958225,1.0,11,1,10,432,11,37,1,1,476,0.9296875,0,202,0,101,0.0,0.0,0.0,219232.3303162832,0.9018278224305712,0.57781356955909,0.57781356955909,0.30340713202562325,0.10129809048079946,256,32,8,1,1,1
9300,0.8443179709101969,0.12348584757218686,0.9837157840447617,0.15625,0.84375,0.0,1.1567318179281647,0.9980502110261457,0.84375,8,0.978515625,0.7964236720577438,0.24131632727504976,0.5788202134084961,0.57781356955909,0.0,1264,632,0.12723978256492852,0.7694251927606237,0.9816110260973249,256,2.1198952500555155,51,0.099609375,1.0,0.19921875,0.00670935807165184,0.07714634713635588,0.8805769448565925,0.16237976320958225,0.16237976320958225,0.16237976320958225,1.0,11,1,10,432,11,37,1,1,476,0.9296875,0,202,0,101,0.0,0.0,0.0,219246.41074684853,0.9018499011890935,0.57781356955909,0.57781356955909,0.30340713202562325,0.10129809048079946,256,32,8,1,1,1
9350,0.8442815113448887,0.12349908967992718,0.9836922544782283,0.15625,0.84375,0.0,1.1718078413987358,0.9980455049021485,0.84375,8,0.978515625,0.7964236720577438,0.24131632727504976,0.5788202134084961,0.57781356955909,0.0,1264,632,0.12723978256492852,0.7694251927606237,0.9816110260973249,256,2.1198952500555155,51,0.099609375,1.0,0.19921875,0.006735682470335516,0.07714634713635588,0.8791645564332464,0.16237976320958225,0.16237976320958225,0.16237976320958225,1.0,11,1,10,432,11,37,1,1,476,0.9296875,0,202,0,101,0.0,0.0,0.0,219233.74303248036,0.901830187060263,0.57781356955909,0.57781356955909,0.30340713202562325,0.10129809048079946,256,32,8,1,1,1
9400,0.8443252246033808,0.12348682054706846,0.9837279115527053,0.15625,0.84375,0.0,1.1638016234327448,0.9980511382037243,0.84375,8,0.978515625,0.7964236720577438,0.24131632727504976,0.5788202134084961,0.57781356955909,0.0,1264,632,0.12723978256492852,0.7694251927606237,0.9816110260973249,256,2.1198952500555155,50,0.09765625,1.0,0.1953125,0.006707669037760634,0.07714634713635588,0.8804850223227525,0.16237976320958225,0.16237976320958225,0.16237976320958225,1.0,11,1,10,432,11,37,1,1,476,0.9296875,0,202,0,101,0.0,0.0,0.0,219249.87678192253,0.9018489924326852,0.57781356955909,0.57781356955909,0.30340713202562325,0.10129809048079946,256,32,8,1,1,1
9450,0.8443036022181332,0.12351525126383597,0.9837573736804188,0.15625,0.84375,0.0,1.1648304978193196,0.9980541059383381,0.84375,8,0.978515625,0.7964236720577438,0.24131632727504976,0.5788202134084961,0.57781356955909,0.0,1264,632,0.12723978256492852,0.7694251927606237,0.9816110260973249,256,2.1198952500555155,52,0.1015625,1.0,0.203125,0.00670355806898989,0.07714634713635588,0.8807091101936665,0.16237976320958225,0.16237976320958225,0.16237976320958225,1.0,11,1,10,432,11,37,1,1,476,0.9296875,0,202,0,101,0.0,0.0,0.0,219247.75827402953,0.901827056146676,0.57781356955909,0.57781356955909,0.30340713202562325,0.10129809048079946,256,32,8,1,1,1
9500,0.8443028703331947,0.1235103676848334,0.9837460182607174,0.15625,0.84375,0.0,1.1707789670121609,0.9980524597814594,0.84375,8,0.978515625,0.7964236720577438,0.24131632727504976,0.5788202134084961,0.57781356955909,0.0,1264,632,0.12723978256492852,0.7694251927606237,0.9816110260973249,256,2.1198952500555155,50,0.09765625,1.0,0.1953125,0.006706491628681427,0.07714634713635588,0.8804314875974407,0.16237976320958225,0.16237976320958225,0.16237976320958225,1.0,11,1,10,432,11,37,1,1,476,0.9296875,0,202,0,101,0.0,0.0,0.0,219246.1540983321,0.9018278931953276,0.57781356955909,0.57781356955909,0.30340713202562325,0.10129809048079946,256,32,8,1,1,1
9550,0.8442887927521951,0.12351067347892727,0.9837270308053121,0.15625,0.84375,0.0,1.1648304978193196,0.998050770751129,0.84375,8,0.978515625,0.7964236720577438,0.24131632727504976,0.5788202134084961,0.57781356955909,0.0,1264,632,0.12723978256492852,0.7694251927606237,0.9816110260973249,256,2.1198952500555155,52,0.1015625,1.0,0.203125,0.006717052677834468,0.07714634713635588,0.8801640851281999,0.16237976320958225,0.16237976320958225,0.16237976320958225,1.0,11,1,10,432,11,37,1,1,476,0.9296875,0,202,0,101,0.0,0.0,0.0,219240.00276044488,0.9018295043184194,0.57781356955909,0.57781356955909,0.30340713202562325,0.10129809048079946,256,32,8,1,1,1
9600,0.8442739983547654,0.12350638669617983,0.9836972240373143,0.15625,0.84375,0.0,1.1786952178050947,0.9980469058136516,0.84375,8,0.978515625,0.7964236720577438,0.24131632727504976,0.5788202134084961,0.57781356955909,0.0,1264,632,0.12723978256492852,0.7694251927606237,0.9816110260973249,256,2.1198952500555155,51,0.099609375,1.0,0.19921875,0.006723556570491001,0.07714634713635588,0.8795727809721833,0.16237976320958225,0.16237976320958225,0.16237976320958225,1.0,11,1,10,432,11,37,1,1,476,0.9296875,0,202,0,101,0.0,0.0,0.0,219232.3303162832,0.9018278224305712,0.57781356955909,0.57781356955909,0.30340713202562325,0.10129809048079946,256,32,8,1,1,1
9650,0.8443179709101969,0.12348584757218686,0.9837157840447617,0.15625,0.84375,0.0,1.1567318179281647,0.9980502110261457,0.84375,8,0.978515625,0.7964236720577438,0.24131632727504976,0.5788202134084961,0.57781356955909,0.0,1264,632,0.12723978256492852,0.7694251927606237,0.9816110260973249,256,2.1198952500555155,51,0.099609375,1.0,0.19921875,0.00670935807165184,0.07714634713635588,0.8805769448565927,0.16237976320958225,0.16237976320958225,0.16237976320958225,1.0,11,1,10,432,11,37,1,1,476,0.9296875,0,202,0,101,0.0,0.0,0.0,219246.41074684853,0.9018499011890935,0.57781356955909,0.57781356955909,0.30340713202562325,0.10129809048079946,256,32,8,1,1,1
9700,0.8442815113448887,0.12349908967992718,0.9836922544782283,0.15625,0.84375,0.0,1.1718078413987358,0.9980455049021485,0.84375,8,0.978515625,0.7964236720577438,0.24131632727504976,0.5788202134084961,0.57781356955909,0.0,1264,632,0.12723978256492852,0.7694251927606237,0.9816110260973249,256,2.1198952500555155,51,0.099609375,1.0,0.19921875,0.006735682470335516,0.07714634713635588,0.8791645564332464,0.16237976320958225,0.16237976320958225,0.16237976320958225,1.0,11,1,10,432,11,37,1,1,476,0.9296875,0,202,0,101,0.0,0.0,0.0,219233.74303248036,0.901830187060263,0.57781356955909,0.57781356955909,0.30340713202562325,0.10129809048079946,256,32,8,1,1,1
9750,0.8443252246033808,0.12348682054706846,0.9837279115527053,0.15625,0.84375,0.0,1.1638016234327448,0.9980511382037243,0.84375,8,0.978515625,0.7964236720577438,0.24131632727504976,0.5788202134084961,0.57781356955909,0.0,1264,632,0.12723978256492852,0.7694251927606237,0.9816110260973249,256,2.1198952500555155,50,0.09765625,1.0,0.1953125,0.006707669037760634,0.07714634713635588,0.8804850223227525,0.16237976320958225,0.16237976320958225,0.16237976320958225,1.0,11,1,10,432,11,37,1,1,476,0.9296875,0,202,0,101,0.0,0.0,0.0,219249.87678192253,0.9018489924326852,0.57781356955909,0.57781356955909,0.30340713202562325,0.10129809048079946,256,32,8,1,1,1
9800,0.8443036022181332,0.12351525126383597,0.9837573736804188,0.15625,0.84375,0.0,1.1648304978193196,0.9980541059383381,0.84375,8,0.978515625,0.7964236720577438,0.24131632727504976,0.5788202134084961,0.57781356955909,0.0,1264,632,0.12723978256492852,0.7694251927606237,0.9816110260973249,256,2.1198952500555155,52,0.1015625,1.0,0.203125,0.00670355806898989,0.07714634713635588,0.8807091101936664,0.16237976320958225,0.16237976320958225,0.16237976320958225,1.0,11,1,10,432,11,37,1,1,476,0.9296875,0,202,0,101,0.0,0.0,0.0,219247.75827402953,0.901827056146676,0.57781356955909,0.57781356955909,0.30340713202562325,0.10129809048079946,256,32,8,1,1,1
9850,0.8443028703331947,0.1235103676848334,0.9837460182607174,0.15625,0.84375,0.0,1.1707789670121609,0.9980524597814594,0.84375,8,0.978515625,0.7964236720577438,0.24131632727504976,0.5788202134084961,0.57781356955909,0.0,1264,632,0.12723978256492852,0.7694251927606237,0.9816110260973249,256,2.1198952500555155,50,0.09765625,1.0,0.1953125,0.006706491628681427,0.07714634713635588,0.8804314875974407,0.16237976320958225,0.16237976320958225,0.16237976320958225,1.0,11,1,10,432,11,37,1,1,476,0.9296875,0,202,0,101,0.0,0.0,0.0,219246.1540983321,0.9018278931953276,0.57781356955909,0.57781356955909,0.30340713202562325,0.10129809048079946,256,32,8,1,1,1
9900,0.8442887927521951,0.12351067347892727,0.9837270308053121,0.15625,0.84375,0.0,1.1648304978193196,0.998050770751129,0.84375,8,0.978515625,0.7964236720577438,0.24131632727504976,0.5788202134084961,0.57781356955909,0.0,1264,632,0.12723978256492852,0.7694251927606237,0.9816110260973249,256,2.1198952500555155,52,0.1015625,1.0,0.203125,0.006717052677834467,0.07714634713635588,0.8801640851281999,0.16237976320958225,0.16237976320958225,0.16237976320958225,1.0,11,1,10,432,11,37,1,1,476,0.9296875,0,202,0,101,0.0,0.0,0.0,219240.00276044488,0.9018295043184194,0.57781356955909,0.57781356955909,0.30340713202562325,0.10129809048079946,256,32,8,1,1,1
9950,0.8442739983547654,0.12350638669617983,0.9836972240373143,0.15625,0.84375,0.0,1.1786952178050947,0.9980469058136516,0.84375,8,0.978515625,0.7964236720577438,0.24131632727504976,0.5788202134084961,0.57781356955909,0.0,1264,632,0.12723978256492852,0.7694251927606237,0.9816110260973249,256,2.1198952500555155,51,0.099609375,1.0,0.19921875,0.006723556570491002,0.07714634713635588,0.8795727809721832,0.16237976320958225,0.16237976320958225,0.16237976320958225,1.0,11,1,10,432,11,37,1,1,476,0.9296875,0,202,0,101,0.0,0.0,0.0,219232.3303162832,0.9018278224305712,0.57781356955909,0.57781356955909,0.30340713202562325,0.10129809048079946,256,32,8,1,1,1
9999,0.8443667736264615,0.1234158747857005,0.9836376986677351,0.15625,0.84375,0.0,1.1234010556647873,0.9980465103315664,0.84375,8,0.978515625,0.7964236720577438,0.24131632727504976,0.5788202134084961,0.57781356955909,0.0,1264,632,0.12723978256492852,0.7694251927606237,0.9816110260973249,256,2.1198952500555155,52,0.1015625,1.0,0.203125,0.006674390530603404,0.07714634713635588,0.8815561667956042,0.16237976320958225,0.16237976320958225,0.16237976320958225,1.0,11,1,10,432,11,37,1,1,476,0.9296875,0,202,0,101,0.0,0.0,0.0,219249.67171753524,0.9019024188862298,0.57781356955909,0.57781356955909,0.30340713202562325,0.10129809048079946,256,32,8,1,1,1
