tick,kT,phi_mean,phi_var,mean_degree,max_degree,n_active,n_warm,n_walkers_emitted,n_condensed_bonds,bonds_total,n_computed,active_fraction,warm_fraction,walker_fraction,condensed_fraction_directed
0,0.00013488765812453258,0.9518083468799017,0.013552710334694526,24.566679170039286,26,0,0,0,0,622188,7778,0.0,0.0,0.0,0.0
1,0.0010311576094200916,0.964347115518053,0.008402663961873773,24.566679170039286,26,14580,6282,154383,0,622188,20862,0.2878407991629321,0.12402029494797939,3.0478550135233844,0.0
2,0.0020061673337479213,0.9818544671879209,0.004911179781410153,24.566679170039286,26,13349,6552,38990,0,622188,19901,0.26353819122263245,0.12935068011766332,0.7697471028369495,0.0
3,0.000855681141335109,0.9927255683919065,0.00548243924394809,24.566679170039286,26,14440,6422,32158,0,622188,20862,0.2850768957416145,0.12678419836929697,0.6348686158766509,0.0
4,7.902436682587922e-05,0.9918242642548243,0.007681213973370637,24.566679170039286,26,13590,6311,32243,0,622188,19901,0.2682960535407577,0.12459281779953803,0.6365467000967366,0.0
5,0.00021235611386084574,0.9914508440734777,0.008353179517540292,24.566679170039286,26,1044,1407,23056,0,622188,2564,0.020610822656111187,0.027777229384241802,0.4551754091564172,0.0
6,1.697088004572905e-06,0.9914187026846925,0.008351121728145927,24.566679170039286,26,832,1028,2942,0,622188,1860,0.016425483189544548,0.020294947979389178,0.05808145618225969,0.0
7,6.849677488840156e-06,0.991461635290338,0.008221553039021062,24.566679170039286,26,673,1367,2359,0,622188,2406,0.013286478589619568,0.026987542692436774,0.046571772649201426,0.0
8,9.243070957813553e-06,0.9914716571924408,0.008159591830899308,24.566679170039286,26,698,1593,5365,0,622188,2400,0.01378003277199771,0.031449272501135175,0.10591672753834916,0.0
9,6.704430822116475e-06,0.9915228914204361,0.008040376721554814,24.566679170039286,26,704,1607,4680,0,622188,2409,0.013898485775768464,0.03172566284326694,0.09239334294118809,0.0
10,1.4662231988073405e-06,0.9915484041598074,0.0080021238095926,24.566679170039286,26,624,1486,2274,0,622188,2451,0.012319112392158412,0.02933686060055673,0.04489368842911575,0.0
11,1.4940535500538345e-06,0.9915378886392301,0.008043877116444886,24.566679170039286,26,698,1703,2389,0,622188,2477,0.01378003277199771,0.033620910903599,0.0471640376680552,0.0
12,3.2165294661001256e-06,0.9915278784525513,0.008063787130920175,24.566679170039286,26,554,1171,10142,6,622188,2259,0.010937160681499615,0.023118077902592148,0.20022506070716442,4.821693764585624e-06
13,3.2917456017063314e-06,0.9915056478650541,0.008084933988723227,24.566679170039286,26,827,1853,10202,1198,622188,2732,0.01632677235306892,0.03658223599786785,0.20140959074487197,0.0009627315216622628
14,3.829983195529188e-06,0.9915195156706604,0.008018203756644405,24.566679170039286,26,625,1562,6255,1333,622188,2641,0.012338854559453537,0.03083726531498628,0.123487256431011,0.0010712196313654393
15,2.5524007154656687e-06,0.9915358393036557,0.007965974668484394,24.566679170039286,26,554,1409,3150,1574,622188,2599,0.010937160681499615,0.027816713718832053,0.062187826979645824,0.0012648909975762953
16,1.8912460250460036e-06,0.9915415537369765,0.007942310229069877,24.566679170039286,26,502,1394,2291,2837,622188,2561,0.009910567982153081,0.02752058120940517,0.04522930527313288,0.002279857535021569
17,6.614410167246018e-06,0.9915277150387726,0.007976885628196491,24.566679170039286,26,644,1720,3383,5297,622188,2853,0.012713955738060924,0.033956527747616136,0.0667877519594101,0.004256751978501675
18,7.690689873604009e-06,0.9915471911761671,0.007898205655120533,24.566679170039286,26,659,1430,5316,6606,622188,2797,0.01301008824748781,0.028231299232029692,0.104949361340888,0.005308684834808772
19,3.206481357457456e-06,0.9915512480315306,0.00785162653385303,24.566679170039286,26,644,1404,8421,6885,622188,2757,0.012713955738060924,0.027718002882356426,0.1662487907922532,0.005532893594862003
20,3.627735395471477e-06,0.9915398147830267,0.00785887973711007,24.566679170039286,26,627,1496,7323,7128,622188,2684,0.012378338894043788,0.029534282273507986,0.1445718911022052,0.005728172192327721
21,6.136602434965801e-06,0.991545323720031,0.007849371020417977,24.566679170039286,26,369,1014,7380,7917,622188,2382,0.007284859731901368,0.02001855763725742,0.14569719463802736,0.006362224922370731
22,4.265892557989521e-06,0.9915281402948389,0.007854313404016286,24.566679170039286,26,354,914,18773,8278,622188,2303,0.006988727222474483,0.01804434090774485,0.370619706631394,0.006652330163873298
23,8.213503243926253e-06,0.9915057681406702,0.007892711906543708,24.566679170039286,26,595,1368,14119,10417,622188,2532,0.011746589540599766,0.0270072848597319,0.27873966003987916,0.008371263990948074
24,9.11518124016497e-06,0.9915300632426912,0.00782521563021012,24.566481748366336,26,591,1415,4641,12507,622183,2710,0.011667620871419265,0.02793516672260281,0.09162339841667819,0.010050901422893265
25,3.8700340944704595e-06,0.9915343877331717,0.007811923516117751,24.561546206542555,26,650,1515,5835,16900,622058,2770,0.012832408741831678,0.029909383452115374,0.11519554616705822,0.013583942333351553
26,3.5770000070723742e-06,0.9915403704162397,0.007815453574564582,24.56075651985075,26,581,1437,10387,18848,622038,2609,0.011470199198468008,0.028369494403095573,0.20506189169447023,0.015150199827020214
27,5.191367285402573e-06,0.9915341634972874,0.007841782848008006,24.558308491106153,26,407,1317,17379,20585,621976,2583,0.008035062089116142,0.026000434327680493,0.34309912542198884,0.01654806616332463
28,4.976259156235205e-06,0.9915105571895907,0.007892334078167565,24.554754900993032,26,757,1615,4749,22396,621886,2883,0.014944820642410124,0.03188360018162794,0.09375555248455175,0.018006515663642534
29,5.850999102090539e-06,0.9915238298921107,0.007841950217709961,24.552030481906304,26,686,1475,4236,23274,621817,2770,0.013543126764456202,0.029119696760310346,0.0836278206621523,0.018714509252722264
30,3.4482814391406517e-06,0.9915346264955495,0.007818885433879003,24.546937002744162,26,655,1503,3964,23873,621688,2808,0.012931119578307306,0.029672477444573866,0.0782579511578781,0.019200145410559637
31,3.7974195946393472e-06,0.991529248208697,0.007839060769028966,24.541606617574477,26,705,1561,4828,24754,621553,2822,0.013918227943063589,0.030817523147691154,0.09531518370086668,0.019913024311683798
32,4.877576600146533e-06,0.9915313415151551,0.007842318284497688,24.539079620160702,26,548,1631,7516,26095,621489,2863,0.010818707677728861,0.03219947485834995,0.14838212939016446,0.020993935532245944
33,5.286366722989005e-06,0.9915132246042774,0.007877704145742695,24.525773399403786,26,670,1557,14028,27244,621152,2723,0.013227252087734192,0.030738554478510653,0.27694312281602274,0.021930219978362784
34,4.9238152273958385e-06,0.9915270333450995,0.00783242454492343,24.519140031192624,26,701,1585,3727,27739,620984,2787,0.013839259273883088,0.03129133516277417,0.07357905750893333,0.022334713937879235
35,3.0025785019311083e-06,0.9915379972483482,0.007817190331337764,24.51665251811344,26,590,1461,3736,27918,620921,2683,0.01164787870412414,0.028843306418178588,0.07375673701458946,0.022481120786702335
36,2.855550555128609e-06,0.9915313595078027,0.007842878910251398,24.51542850374114,26,564,1467,4842,28090,620890,2589,0.011134582354450872,0.02896175942194934,0.09559157404299844,0.022620754078822337
37,3.827281681663349e-06,0.9915328737393859,0.007850160385113226,24.514599332714745,26,549,1668,12499,28242,620869,2912,0.010838449845023987,0.0329299350482696,0.24675734902177562,0.022743928268282036
38,4.763096949752852e-06,0.9915109154436083,0.007881804083412759,24.514204489368844,26,667,1637,11899,28426,620859,2799,0.013168025585848814,0.032317927862120704,0.23491204864470022,0.02289247639158005
39,4.6531877482117114e-06,0.9915249368492945,0.007833267430161913,24.51053244625195,26,689,1578,3704,28583,620766,2772,0.013602353266341578,0.031153139991708288,0.07312498766114545,0.023022362693833103
40,2.645784379654162e-06,0.9915369089432362,0.007817644439647019,24.51041399324818,26,605,1456,3891,28895,620763,2721,0.011944011213551023,0.028744595581702958,0.07681677294533394,0.023273777593058865
41,3.1589741088319823e-06,0.991530823445646,0.007844466101886821,24.51037450891359,26,593,1445,3793,29583,620762,2626,0.011707105206009516,0.028527431741456576,0.07488204055041163,0.02382797271740216
42,4.3353338152066e-06,0.9915288091366491,0.007849530912631622,24.51037450891359,26,466,1335,11726,29681,620762,2624,0.009199849959528557,0.026355793338992753,0.23149665370264347,0.023906907961505377
43,4.689492622531146e-06,0.9915117241916072,0.007879747216341293,24.510295540244407,26,647,1574,15494,30126,620760,2718,0.012773182239946302,0.031074171322527787,0.30588514007067696,0.02426541658612024
44,4.680104657397416e-06,0.9915296054319828,0.007830829666569578,24.510137602906045,26,661,1565,3655,30303,620756,2732,0.01304957258207806,0.030896491816871655,0.07215762146368428,0.024408141040924293
45,2.7778218692919015e-06,0.9915391622645211,0.007817347739148186,24.510137602906045,26,591,1500,3984,30458,620756,2741,0.011667620871419265,0.029613250942688487,0.07865279450378063,0.024532988807196385
46,3.158988002667999e-06,0.9915309463792547,0.007844255337073579,24.510058634236866,26,689,1562,5147,30785,620754,2827,0.013602353266341578,0.03083726531498628,0.10161293506801176,0.0247964572117135
47,4.292412315966636e-06,0.9915304047221193,0.00784487623273084,24.510058634236866,26,580,1647,15313,31239,620754,2908,0.011450457031172883,0.03251534953507196,0.30231180779025923,0.025162141524661945
48,4.767142443889073e-06,0.9915130994257052,0.007873420723453598,24.509900696898505,26,675,1557,15659,31458,620750,2730,0.01332596292420982,0.030738554478510653,0.3091425976743727,0.025338703181635117
49,4.423931744032101e-06,0.991528999019672,0.00782841021073436,24.509584822221782,26,688,1543,4806,31559,620742,2734,0.013582611099046453,0.03046216413637889,0.09488085602037391,0.025420383992061115
50,2.4587462298772607e-06,0.9915372914956317,0.007819553757793698,24.509308431879653,26,571,1422,4069,31579,620735,2670,0.011272777525516751,0.028073361893668686,0.08033087872386631,0.025436780590751287
51,2.9420344433499754e-06,0.991528945046109,0.007851152857849576,24.505241545416855,26,654,1552,5721,31622,620632,2785,0.01291137741101218,0.030639843642035022,0.1129449390954139,0.025475644182059578
52,4.47840958438634e-06,0.991531104191397,0.007849556802942794,24.505004639409314,26,483,1379,19615,31676,620626,2670,0.009535466803545693,0.027224448699978282,0.3872426114938898,0.025519394933502623
53,4.6273301733559036e-06,0.9915136535431528,0.007875186902288925,24.505004639409314,26,659,1564,13564,31754,620626,2721,0.01301008824748781,0.03087674964957653,0.26778275719108446,0.025582234711404292
54,4.42344538568777e-06,0.9915292817264678,0.007827110271738368,24.49975322290881,26,680,1561,3480,31778,620493,2751,0.013424673760685448,0.030817523147691154,0.0687027421870373,0.025607057613865104
55,2.7618666890732395e-06,0.9915367940505303,0.00781874910707784,24.499042504886187,26,573,1414,4127,31825,620475,2682,0.011312261860107002,0.027915424555307683,0.08147592442698359,0.025645674684717353
56,3.3496486751636194e-06,0.991528313727362,0.007849787296743196,24.49801591218684,26,659,1533,4983,31934,620449,2771,0.01301008824748781,0.030264742463427634,0.09837521963161115,0.025734588983139628
57,4.453293873993633e-06,0.9915303503244007,0.007846255781022608,24.496752413479953,26,562,1654,22939,32036,620417,2883,0.01109509801986062,0.03265354470613784,0.4528655755828875,0.02581811910376408
58,4.7744953611408965e-06,0.9915151667502564,0.007870391853151233,24.49335676070519,26,680,1541,22866,32083,620331,2719,0.013424673760685448,0.03042267980178864,0.4514243973703433,0.025859581417017687
59,4.409710503726644e-06,0.9915298700238134,0.007825084108971534,24.49197480899453,26,700,1567,3736,32144,620296,2770,0.01381951710658796,0.030935976151461906,0.07375673701458946,0.025910210609128546
60,2.543280457959919e-06,0.9915385446835819,0.007816596469938389,24.49197480899453,26,577,1434,4202,32183,620296,2701,0.011391230529287505,0.028310267901210193,0.08295658697411802,0.02594164721358835
61,2.8709898334316543e-06,0.9915285430834355,0.007851113362008387,24.49185635599076,26,670,1582,12074,32254,620293,2831,0.013227252087734192,0.031232108660888793,0.2383669279213472,0.025999003696640138
62,4.134989392475925e-06,0.9915302245394924,0.00784957792405935,24.4916984186524,26,578,1739,19868,32959,620289,2967,0.01141097269658263,0.03433162892622352,0.3922373798195566,0.02656745484765972
63,4.74788171802708e-06,0.9915146269299199,0.007873052344185052,24.491224606637317,26,678,1560,16836,33078,620277,2736,0.013385189426095196,0.03079778098039603,0.3323791285807356,0.026663893712002864
64,4.4878420333011346e-06,0.9915296354314022,0.007826806224209884,24.491145637968135,26,702,1547,3733,33132,620275,2752,0.013859001441178213,0.030541132805559396,0.07369751051270408,0.026707508766273026
65,2.6054019115013363e-06,0.9915374740221123,0.007816498512931718,24.490948216295184,26,581,1441,4275,34029,620270,2693,0.011470199198468008,0.028448463072276074,0.08439776518666219,0.027430796266142164
66,3.0261429673299712e-06,0.9915290903498789,0.00784951912192003,24.490592857283872,26,673,1561,5444,34071,620261,2815,0.013286478589619568,0.030817523147691154,0.10747635875466409,0.027465051002723048
67,4.53128240876125e-06,0.9915302747231888,0.00784836505615487,24.49027698260715,26,498,1368,17900,34105,620253,2667,0.009831599312972578,0.0270072848597319,0.3533847945827493,0.0274928134164607
68,4.489190875168156e-06,0.9915149177434397,0.007872599948462988,24.48996110793043,26,663,1573,13754,34122,620245,2734,0.013089056916668312,0.03105442915523266,0.2715337689771583,0.02750687228433925
69,4.254072377744975e-06,0.9915305666674734,0.007827370598838767,24.489842654926658,26,684,1560,3842,34170,620242,2750,0.01350364242986595,0.03079778098039603,0.07584940674787279,0.02754569990423093
70,2.5153807472150505e-06,0.9915389213533737,0.007818193050062653,24.489842654926658,26,569,1394,4457,34241,620242,2688,0.0112332931909265,0.02752058120940517,0.08799083963437507,0.027602935628351515
71,2.951736444007877e-06,0.9915273267156511,0.007852866308739988,24.489724201922886,26,653,1594,5000,34314,620239,2827,0.012891635243717055,0.0314690146684303,0.0987108364756283,0.027661917422155007
72,4.232144845263165e-06,0.991529794252833,0.00785002041429239,24.489605748919118,26,570,1770,20562,34752,620236,2977,0.011253035358221626,0.03494363611237242,0.40593844392237377,0.02801514262313055
73,4.859298173008143e-06,0.9915150781137638,0.007871032055868267,24.489605748919118,26,673,1571,19218,35059,620236,2742,0.013286478589619568,0.03101494482064241,0.3794049710777249,0.028262629063775725
74,4.462082890578216e-06,0.9915312048263036,0.007823234235722402,24.489408327246164,26,699,1569,4042,35357,620231,2772,0.013799774939292835,0.03097546048605216,0.07979784020689791,0.02850308997776635
75,2.646147806168204e-06,0.9915391214753276,0.007814501391916452,24.488539671885178,26,569,1425,4398,35646,620209,2683,0.0112332931909265,0.028132588395554065,0.08682605176396264,0.028737087014216175
76,3.196316793162978e-06,0.9915287984953177,0.00784987595535703,24.488460703216,26,580,1418,6170,35723,620207,2577,0.011450457031172883,0.027994393224488184,0.12180917221092531,0.028799255732360324
77,4.5359061574321006e-06,0.9915296425841656,0.00784956387469855,24.488460703216,26,485,1322,19598,35826,620207,2621,0.009574951138135945,0.02609914516415612,0.38690699464987266,0.02888229252491507
78,4.5792334603643935e-06,0.9915155284489264,0.007873181939016389,24.488460703216,26,655,1550,14428,35967,620207,2703,0.012931119578307306,0.03060035930744477,0.284839989734073,0.02899596425064535
79,4.3135059224734274e-06,0.9915312445209632,0.007827293716037855,24.488460703216,26,682,1556,3780,36086,620207,2745,0.0134641580952757,0.030718812311215524,0.07462539237557499,0.0290918999624319
80,2.581147974937692e-06,0.9915396960075434,0.00781656463656817,24.488184312873866,26,553,1358,4521,36133,620200,2652,0.01091741851420449,0.026809863186780646,0.0892543383412631,0.029130119316349564
81,3.0863755955428853e-06,0.99152813406314,0.00785236885900751,24.487907922531736,26,664,1585,5102,36403,620193,2824,0.013108799083963438,0.03129133516277417,0.10072453753973111,0.029348122278065054
82,4.459941034869401e-06,0.9915290037893782,0.007850173689868371,24.487789469527964,26,578,1716,19878,36630,620190,2951,0.01141097269658263,0.03387755907843563,0.39243480149250787,0.029531272674502975
83,4.836521545682514e-06,0.9915157217761857,0.007869144226172874,24.487631532189603,26,688,1571,19266,36766,620186,2757,0.013582611099046453,0.03101494482064241,0.38035259510789093,0.02964110766769969
84,4.312830211165836e-06,0.9915306599241843,0.007823059468010672,24.487631532189603,26,697,1543,4349,37141,620186,2744,0.013760290604702585,0.03046216413637889,0.08585868556650149,0.029943436323941527
85,2.491818320300629e-06,0.9915394011856143,0.007815179533754091,24.487631532189603,26,563,1412,4473,37561,620186,2683,0.011114840187155747,0.02787594022071743,0.08830671431109707,0.030282044418932386
86,2.9849901712409125e-06,0.99152851459247,0.007852464094461655,24.48731565751288,26,673,1576,6462,37711,620178,2828,0.013286478589619568,0.031113655657118038,0.127573885061102,0.030403368065297382
87,4.462883408110633e-06,0.9915296502439676,0.007850874777272204,24.48731565751288,26,534,1500,21226,37864,620178,2782,0.010542317335597101,0.029613250942688487,0.4190472430063372,0.03052671974820132
88,4.566936609060657e-06,0.9915151146125644,0.007871897371853087,24.48731565751288,26,680,1575,14854,38071,620178,2753,0.013424673760685448,0.031093913489822912,0.2932501530017965,0.030693607319189006
89,4.082255225686887e-06,0.9915305269109934,0.00782648712651585,24.48731565751288,26,709,1591,3874,38165,620178,2803,0.013997196612244092,0.031409788166544925,0.0764811561013168,0.030769392013260708
90,2.4789776516358374e-06,0.9915377183564738,0.007817897098615844,24.48668390815944,26,554,1383,4586,38238,620162,2671,0.010937160681499615,0.027303417369158787,0.09053757921544626,0.030829041444009792
91,3.1515181494774055e-06,0.9915276728809937,0.00785493817340712,24.48668390815944,26,659,1586,5430,38445,620162,2825,0.01301008824748781,0.0313110773300693,0.10719996841253233,0.030995933320648476
92,4.535128616263864e-06,0.9915301886936474,0.00784938892187392,24.48668390815944,26,569,1669,21072,38552,620162,2902,0.0112332931909265,0.03294967721556472,0.4160069492428879,0.031082201102292626
93,4.604755345323328e-06,0.9915175573847667,0.007866082811696033,24.48668390815944,26,683,1560,19346,38666,620162,2741,0.013483900262570825,0.03079778098039603,0.381931968491501,0.031174112570586394
94,4.115293445031907e-06,0.991531724661506,0.007822958574136419,24.486565455155667,26,692,1565,3808,38722,620159,2760,0.013661579768226956,0.030896491816871655,0.07517817305983851,0.031219413085998914
95,2.53089638753296e-06,0.9915380484960292,0.00781762505380942,24.486565455155667,26,542,1368,4335,38746,620159,2649,0.010700254673958107,0.0270072848597319,0.08558229522436973,0.03123876296240158
96,3.135912185930543e-06,0.9915275148796485,0.007856342873896326,24.486170611809765,26,670,1623,6994,38851,620149,2867,0.013227252087734192,0.03204153751998894,0.13807671806210886,0.03132392376670768
97,4.783627541071539e-06,0.991529585492601,0.007850000739119335,24.485894221467632,26,538,1480,22591,39015,620142,2771,0.010621286004777604,0.029218407596785977,0.44599530136418375,0.031456505123020215
98,4.6519452152622944e-06,0.9915174875612955,0.007865878375075226,24.48553886245632,26,685,1558,17073,39042,620133,2741,0.013523384597161077,0.030758296645805778,0.3370580222296804,0.03147873117540915
99,4.115318794952283e-06,0.9915345109000542,0.007820051730563425,24.48553886245632,26,700,1557,3650,39149,620133,2765,0.01381951710658796,0.030738554478510653,0.07205891062720865,0.031565002991293806
100,2.5049466035701054e-06,0.9915392829006916,0.007815956135733892,24.48553886245632,26,552,1348,4299,39306,620133,2660,0.010897676346909364,0.02661244151382939,0.08487157720174521,0.03169158873983484
101,3.1626404222361823e-06,0.9915262976476218,0.00785782390486755,24.484946597437467,26,681,1604,7036,39379,620118,2844,0.013444415927980574,0.031666436341381554,0.13890588908850413,0.03175121509132133
102,4.470180691296345e-06,0.9915299734027951,0.0078488023128454,24.484472785422383,26,574,1714,21827,39504,620106,2938,0.011332004027402129,0.03383807474384538,0.43091228555070776,0.03185261874582733
103,4.411264887711588e-06,0.9915169688933569,0.007866377089411973,24.484472785422383,26,682,1554,28256,39585,620106,2734,0.0134641580952757,0.030679327976625273,0.5578346790910707,0.03191793016032743
104,4.012631008858141e-06,0.9915324435136894,0.007823150706792481,24.48435433241861,26,684,1554,3827,39861,620103,2746,0.01350364242986595,0.030679327976625273,0.07555327423844589,0.03214062825046807
105,2.5445145867325197e-06,0.9915390401599116,0.007818087264831646,24.48435433241861,26,529,1373,4657,39897,620103,2643,0.010443606499121473,0.02710599569620753,0.09193927309340019,0.03216965568623277
106,3.272423914233996e-06,0.9915272662358093,0.007857946221623903,24.48419639508025,26,668,1572,9080,39986,620099,2821,0.01318776775314394,0.031034686987937536,0.17925887903974097,0.032241625933923455
107,4.850722844407861e-06,0.9915300467223574,0.007847791429792137,24.483841036068938,26,523,1444,27056,40040,620090,2732,0.010325153495350719,0.02850768957416145,0.5341440783369198,0.032285635956070896
108,4.455701530720981e-06,0.9915164879968358,0.007864875641232557,24.483406708388447,26,690,1559,16933,40113,620079,2747,0.013622095433636705,0.030778038813100903,0.3342941188083628,0.032345072160160235
109,4.022944723967609e-06,0.9915325863922019,0.00782101173460611,24.47902394724893,26,692,1590,3648,40183,619968,2785,0.013661579768226956,0.0313900459992498,0.0720194262926184,0.03240731779704759
110,2.561286092837484e-06,0.9915393933927841,0.007816726045053698,24.47902394724893,26,544,1356,4790,40259,619968,2663,0.010739739008548358,0.026770378852190392,0.0945649813436519,0.032468611283163
111,3.19422465685125e-06,0.9915249805861649,0.007859669600614752,24.47902394724893,26,693,1580,6807,40340,619968,2834,0.013681321935522081,0.031192624326298542,0.13438493277792035,0.03253393723547022
112,4.4336486734156976e-06,0.991529738380059,0.007848322353877833,24.47886600991057,26,575,1732,26008,40454,619964,2943,0.011351746194697254,0.03419343375515764,0.5134542870116281,0.03262608796639805
113,4.401575683013375e-06,0.9915172262488015,0.007865556127921962,24.478629103903028,26,690,1580,27883,40535,619958,2768,0.013622095433636705,0.031192624326298542,0.5504708506899888,0.03269173073014624
114,4.026942338765476e-06,0.9915324039429257,0.007822072216935077,24.478629103903028,26,700,1569,3874,40577,619958,2772,0.01381951710658796,0.03097546048605216,0.0764811561013168,0.032725603992528524
115,2.4500503876497664e-06,0.9915386374532884,0.007817223174166702,24.478629103903028,26,541,1414,4647,40610,619958,2679,0.010680512506662982,0.027915424555307683,0.09174185142044894,0.03275221869868604
116,3.092445111593179e-06,0.9915264927770144,0.00785820258251086,24.478273744891712,26,675,1560,10206,40637,619949,2814,0.01332596292420982,0.03079778098039603,0.20148855941405247,0.03277447015802913
117,4.6947139831659445e-06,0.9915296916149018,0.007849520641275521,24.478115807553355,26,519,1423,24738,40657,619945,2722,0.010246184826170218,0.02809310406096381,0.48838173454681855,0.03279081208816911
118,4.368102964580408e-06,0.99151659817451,0.007866279285755355,24.47768147987286,26,671,1571,16310,40732,619934,2740,0.013246994255029317,0.03101494482064241,0.3219947485834995,0.03285188423283769
119,4.036669519106446e-06,0.991532353956458,0.007823209811823861,24.47768147987286,26,691,1576,3801,41008,619934,2771,0.01364183760093183,0.031113655657118038,0.07503997788877263,0.0330744885745902
120,2.6319350598426525e-06,0.9915392471535925,0.007816747562541365,24.47768147987286,26,537,1350,5041,41014,619934,2644,0.010601543837482479,0.02665192584841964,0.09952026533472845,0.033079327799410904
121,3.213767444526107e-06,0.9915262594161853,0.007856946654435414,24.47756302686909,26,670,1591,6487,41047,619931,2816,0.013227252087734192,0.031409788166544925,0.12806743924348016,0.033106103743803746
122,4.4689633903206785e-06,0.9915310098155372,0.007846891453760696,24.47756302686909,26,572,1715,19608,41113,619931,2929,0.011292519692811876,0.0338578169111405,0.38710441632282394,0.03315933547443183
123,4.4658458515155975e-06,0.9915166774734194,0.007865633668394201,24.47756302686909,26,690,1574,24307,41167,619931,2762,0.013622095433636705,0.031074171322527787,0.4798728604426194,0.03320288870858208
124,4.078979023514874e-06,0.9915318364213433,0.007823229309207841,24.47756302686909,26,708,1560,3873,41226,619931,2771,0.013977454444948967,0.03079778098039603,0.07646141393402167,0.0332504746495981
125,2.5493341776957614e-06,0.9915375642587846,0.007818164141388997,24.47756302686909,26,548,1360,4715,41247,619931,2660,0.010818707677728861,0.026849347521370897,0.09308431879651748,0.03326741201843431
126,2.999872103625177e-06,0.991525906170937,0.007857774163599398,24.47756302686909,26,690,1590,8428,41286,619931,2860,0.013622095433636705,0.0313900459992498,0.16638698596331905,0.03329886713198727
127,4.536859490911137e-06,0.9915297117429134,0.007848128678127939,24.47756302686909,26,530,1462,24998,41367,619931,2753,0.0104633486664166,0.028863048585473713,0.49351469804355125,0.03336419698321265
128,4.302603639627559e-06,0.9915175435912799,0.007865172563321868,24.47756302686909,26,679,1570,20393,41460,619931,2747,0.013404931593390323,0.030995202653347285,0.40260201764949755,0.03343920533091586
129,3.935427211904112e-06,0.9915323141271848,0.007823557880018827,24.47756302686909,26,689,1570,3691,41496,619931,2766,0.013602353266341578,0.030995202653347285,0.0728683394863088,0.03346824082034936
130,2.5788496865965672e-06,0.9915383431643429,0.00781904079615678,24.47756302686909,26,526,1303,4685,41505,619931,2611,0.010384379997236097,0.025724043985548735,0.09249205377766372,0.03347549969270774
131,3.1081769404795633e-06,0.991527193363655,0.007857470257548356,24.47756302686909,26,685,1605,7899,41520,619931,2862,0.013523384597161077,0.03168617850867668,0.1559433794641976,0.03348759781330503
132,4.465683920162984e-06,0.9915288518726111,0.00784871098524058,24.477405089530727,26,588,1724,23193,41811,619927,2958,0.011608394369533887,0.03403549641679664,0.4578800860758494,0.03372251894174637
133,4.595342919053341e-06,0.9915169181077664,0.007864227869956969,24.477405089530727,26,696,1581,20815,41877,619927,2775,0.01374054843740746,0.031212366493593668,0.4109332122480406,0.033775751015845415
134,4.0682039201828635e-06,0.9915327317547937,0.007820209515952935,24.477405089530727,26,701,1591,3674,41967,619927,2795,0.013839259273883088,0.031409788166544925,0.07253272264229167,0.03384834020779866
135,2.473647267767726e-06,0.9915391658720375,0.007816548184620655,24.477405089530727,26,550,1364,4679,42016,619927,2656,0.010858192012319112,0.0269283161905514,0.09237360077389296,0.03388786099008432
136,2.996082637198044e-06,0.9915278622106215,0.007856163058658201,24.477405089530727,26,689,1592,9234,42064,619927,2860,0.013602353266341578,0.03142953033384005,0.18229917280319033,0.03392657522579271
137,4.485976927630353e-06,0.9915297512053041,0.007848999660961293,24.477405089530727,26,532,1474,27734,42112,619927,2756,0.01050283300100685,0.02909995459301522,0.547529267763015,0.03396528946150111
138,4.3496882606495415e-06,0.9915166529918882,0.007867456206062934,24.477405089530727,26,669,1567,20271,42162,619927,2734,0.013207509920439066,0.030935976151461906,0.4001934732394922,0.03400561679036403
139,4.068706940509555e-06,0.9915321291646292,0.007824628354221352,24.477405089530727,26,673,1563,3940,42181,619927,2740,0.013286478589619568,0.030857007482281405,0.0777841391427951,0.034020941175331935
140,2.624432197331878e-06,0.9915388606853014,0.00781833516902721,24.477405089530727,26,529,1301,4913,42187,619927,2607,0.010443606499121473,0.02568455965095848,0.09699326792095236,0.034025780454795485
141,3.2496445737256137e-06,0.9915273968140845,0.007856091758516783,24.477405089530727,26,668,1575,11001,42225,619927,2822,0.01318776775314394,0.031093913489822912,0.21718358241367738,0.0340564292247313
142,4.623859441434473e-06,0.9915304315946243,0.007846976129352423,24.477405089530727,26,583,1711,21724,42309,619927,2941,0.011509683533058259,0.03377884824196,0.42887884231930984,0.034124179137220996
143,4.604632027139822e-06,0.9915181169960361,0.00786148923903191,24.477405089530727,26,680,1553,18448,42325,619927,2731,0.013424673760685448,0.030659585809330148,0.36420350226047815,0.03413708388245713
144,3.939045087409464e-06,0.9915328396913032,0.007820359832788375,24.477405089530727,26,696,1573,4096,42349,619927,2772,0.01374054843740746,0.03105442915523266,0.08086391724083469,0.03415644100031133
145,2.4575744785145737e-06,0.9915386493349181,0.007817883275975072,24.477405089530727,26,546,1371,4706,42597,619927,2657,0.01077922334313861,0.02706651136161728,0.09290663929086135,0.034356464551471386
146,2.9850997319972555e-06,0.9915265087369463,0.007858080822226346,24.477405089530727,26,696,1613,7781,42626,619927,2870,0.01374054843740746,0.03184411584703769,0.15361380372337274,0.034379854402211876
147,4.4592634161565665e-06,0.9915279166249114,0.0078512951780806,24.477405089530727,26,541,1472,25609,42737,619927,2759,0.010680512506662982,0.02906047025842497,0.505577162260873,0.034469381072287544
148,4.318400141033573e-06,0.9915158931545197,0.00786743303977886,24.477405089530727,26,665,1526,19868,43168,619927,2689,0.013128541251258563,0.030126547292361756,0.3922373798195566,0.034817002647085864
149,3.93686335107164e-06,0.9915325603889661,0.007824231863730682,24.477405089530727,26,669,1562,3691,43173,619927,2736,0.013207509920439066,0.03083726531498628,0.0728683394863088,0.03482103537997216
150,2.5358153255017242e-06,0.9915397771306109,0.007817979426121986,24.477405089530727,26,520,1282,4612,43205,619927,2596,0.010265926993465343,0.025309458472351096,0.09105087556511954,0.03484684487044443
151,3.2016787782638513e-06,0.9915276645118853,0.007857376341619824,24.477405089530727,26,674,1584,8399,43278,619927,2837,0.013306220756914695,0.03127159299547904,0.1658144631117604,0.03490572277058428
152,4.574650104221188e-06,0.9915297686312438,0.007847966745184835,24.477049730519415,26,576,1705,29378,43443,619918,2929,0.01137148836199238,0.03366039523818925,0.5799853907962016,0.035039311650895764
153,4.580862967915026e-06,0.9915189836784426,0.007861487478087285,24.476891793181057,26,686,1556,28055,43475,619914,2740,0.013543126764456202,0.030718812311215524,0.5538665034647504,0.035065347774046074
154,4.196296062067357e-06,0.9915334801519096,0.007820253357396108,24.476891793181057,26,696,1555,3753,43499,619914,2754,0.01374054843740746,0.0306990701439204,0.0740923538586066,0.035084705297831635
155,2.689913831295241e-06,0.9915395545467637,0.007816322594509137,24.476891793181057,26,555,1373,4799,43514,619914,2658,0.01095690284879474,0.02710599569620753,0.09474266084930803,0.03509680375019761
156,3.2055706908044382e-06,0.9915271914643333,0.007856322351614688,24.476891793181057,26,641,1524,20458,43575,619914,2739,0.012654729236175548,0.030087062957771506,0.40388525852368073,0.035146004123152566
157,4.539222997812925e-06,0.9915286211617805,0.00784965240109635,24.476891793181057,26,534,1444,22537,43724,619914,2737,0.010542317335597101,0.02850768957416145,0.44492922433024695,0.03526618208332123
158,4.30266604074862e-06,0.9915159993524562,0.007867134171423566,24.476891793181057,26,672,1553,18130,43749,619914,2723,0.013266736422324442,0.030659585809330148,0.3579254930606282,0.03528634617059786
159,3.928573141488285e-06,0.9915334159324777,0.0078238969648557,24.476891793181057,26,680,1560,3741,44194,619914,2743,0.013424673760685448,0.03079778098039603,0.07385544785106508,0.03564526692412173
160,2.513580194365653e-06,0.9915398544464518,0.007818787817923377,24.476891793181057,26,529,1314,4616,44313,619914,2625,0.010443606499121473,0.025941207825795117,0.09112984423430004,0.03574124797955845
161,3.2052227225708658e-06,0.9915273929113451,0.007858212284077513,24.476891793181057,26,684,1599,9664,44394,619914,2858,0.01350364242986595,0.03156772550490593,0.19078830474009437,0.03580657962233471
162,4.450737688189829e-06,0.9915295666209448,0.007847407799255298,24.476891793181057,26,595,1725,20454,44543,619914,2967,0.011746589540599766,0.03405523858409176,0.40380628985450023,0.03592675758250338
163,4.4564986709336565e-06,0.9915168594331105,0.007862685865877456,24.476575918504334,26,689,1558,21850,44591,619906,2745,0.013602353266341578,0.030758296645805778,0.43136635539849566,0.03596593677105884
164,4.008683173514698e-06,0.9915339418431826,0.007819925888001511,24.476575918504334,26,693,1566,3930,44705,619906,2762,0.013681321935522081,0.03091623398416678,0.07758671746984384,0.036057886195649015
165,2.482372699267057e-06,0.9915399098605158,0.007816806977783598,24.476575918504334,26,529,1358,4997,44733,619906,2642,0.010443606499121473,0.026809863186780646,0.09865160997374292,0.036080470264846606
166,3.13738292637124e-06,0.9915274719582455,0.007858773170785954,24.476575918504334,26,686,1595,9887,44746,619906,2860,0.013543126764456202,0.031488756835725426,0.1951908080469074,0.036090955725545486
167,4.884802130895075e-06,0.9915296896707898,0.007849180946891384,24.476575918504334,26,540,1448,30461,44789,619906,2748,0.010660770339367855,0.028586658243341955,0.6013661579768227,0.03612563840324178
168,4.4789206823818965e-06,0.9915164991644889,0.007863808213439441,24.476417981165973,26,681,1544,20178,44834,619902,2723,0.013444415927980574,0.030481906303674016,0.3983574516810455,0.0361621675684221
169,3.971643532046118e-06,0.9915335482493222,0.007820295903376328,24.476417981165973,26,693,1555,3998,44851,619902,2751,0.013681321935522081,0.0306990701439204,0.07892918484591238,0.03617587941319757
170,2.591321257084769e-06,0.9915404471870849,0.007816205954055837,24.476417981165973,26,536,1317,4732,44862,619902,2622,0.010581801670187354,0.026000434327680493,0.09341993564053462,0.0361847517833464
171,3.2103113951182233e-06,0.9915270759132894,0.007859445569878212,24.476417981165973,26,706,1619,11907,44880,619902,2884,0.013937970110358714,0.03196256885080844,0.23506998598306122,0.036199270207226304
172,4.435947768557486e-06,0.9915288429500745,0.007848874265825702,24.47606262215466,26,600,1687,26606,44902,619893,2937,0.011845300377075395,0.033305036226876986,0.5252601030541133,0.036217540769132736
173,4.207187007848401e-06,0.9915166960735491,0.007863194441320586,24.47606262215466,26,690,1553,20445,44926,619893,2741,0.013622095433636705,0.030659585809330148,0.4036286103488441,0.03623689894868953
174,3.7360918902477446e-06,0.9915328442805775,0.007822190703438267,24.47606262215466,26,686,1571,3939,44954,619893,2760,0.013543126764456202,0.03101494482064241,0.07776439697549997,0.03625948349150579
175,2.4354506079601973e-06,0.9915400709668684,0.007818887119774923,24.47606262215466,26,516,1282,4890,44965,619893,2602,0.01018695832428484,0.025309458472351096,0.09653919807316447,0.03626835599046932
176,3.128839579484626e-06,0.99152748902914,0.007860892753180505,24.47606262215466,26,698,1617,11112,44975,619893,2895,0.01378003277199771,0.03192308451621819,0.2193749629834363,0.03627642189861799
177,4.912281949988415e-06,0.991527637762512,0.007849534761173315,24.4759046848163,26,548,1465,30510,45001,619889,2770,0.010818707677728861,0.02892227508735909,0.6023335241742839,0.03629762747846792
178,4.513561525710707e-06,0.9915185752504466,0.007859534007665266,24.4759046848163,26,689,1533,20478,45029,619889,2721,0.013602353266341578,0.030264742463427634,0.40428010186958324,0.036320212167016995
179,3.887178035681447e-06,0.9915347961623582,0.007817466786582765,24.4759046848163,26,693,1550,3707,45266,619889,2751,0.013681321935522081,0.03060035930744477,0.07318421416303082,0.03651137542366456
180,2.4659486045130035e-06,0.9915402352412476,0.007816334657399858,24.4759046848163,26,530,1299,4531,45301,619889,2622,0.0104633486664166,0.02564507531636823,0.08945176001421436,0.036539606284350906
181,3.1755697547988274e-06,0.9915276427685515,0.00786078862375561,24.4759046848163,26,709,1635,11979,45362,619889,2905,0.013997196612244092,0.032278443527530454,0.23649142202831028,0.036588808641547114
182,4.439900696931319e-06,0.9915268042416354,0.007850667135016007,24.475746747477938,26,604,1708,24496,45387,619885,2958,0.011924269046255898,0.033719621740074625,0.48360413006139813,0.036609209772780434
183,4.1476149242430614e-06,0.9915156329872817,0.007864049791071605,24.475746747477938,26,694,1561,21305,45423,619885,2753,0.013701064102817207,0.030817523147691154,0.42060687422265214,0.03663824741685958
184,3.7136475090854963e-06,0.9915334338204452,0.007820922299340378,24.475746747477938,26,675,1599,3858,45444,619885,2776,0.01332596292420982,0.03156772550490593,0.07616528142459479,0.03665518604257241
185,2.413012014361649e-06,0.99154068490696,0.007817632487848628,24.475746747477938,26,512,1257,4973,45451,619885,2597,0.010107989655104337,0.02481590428997295,0.0981777979586599,0.03666083225114336
186,3.2594512353245975e-06,0.9915265779638217,0.007862878002145308,24.475746747477938,26,693,1624,8336,45471,619885,2882,0.013681321935522081,0.03206127968728407,0.1645707065721675,0.036676964275631774
187,5.117005377930153e-06,0.9915289654485375,0.007849166676985053,24.475746747477938,26,538,1456,27277,45523,619885,2758,0.010621286004777604,0.028744595581702958,0.5385070973091426,0.03671890753930165
188,4.5064882955755245e-06,0.991518758638736,0.007858614606325752,24.475746747477938,26,684,1531,27166,45558,619885,2714,0.01350364242986595,0.030225258128837383,0.5363157167393836,0.03674713858215637
189,3.8006652876453682e-06,0.9915351513466732,0.00781639087913251,24.475746747477938,26,696,1565,4023,45590,619885,2764,0.01374054843740746,0.030896491816871655,0.07942273902829053,0.03677294982133783
190,2.5660311225001595e-06,0.9915400625435239,0.007816759223595721,24.475746747477938,26,529,1316,4871,45603,619885,2626,0.010443606499121473,0.025980692160385368,0.09616409689455709,0.0367834356372553
191,3.211845611372654e-06,0.991526043963854,0.007861611809754507,24.475746747477938,26,700,1622,12272,45615,619885,2875,0.01381951710658796,0.03202179535269382,0.24227587704578207,0.03679311485194835
192,4.420279954763382e-06,0.9915279661127044,0.007850499765601628,24.475746747477938,26,597,1731,25474,45682,619885,2966,0.011786073875190019,0.034173691587862515,0.502911969676031,0.03684715713398453
193,4.237874616525868e-06,0.9915165555793718,0.00786336818750821,24.475746747477938,26,676,1552,20688,45715,619885,2727,0.013345705091504945,0.030639843642035022,0.40842595700155965,0.036873774974390414
194,3.72830416653534e-06,0.9915339731090409,0.007820247523802944,24.475746747477938,26,678,1578,3684,45731,619885,2763,0.013385189426095196,0.031153139991708288,0.07273014431524293,0.03688668059398114
195,2.4278740945448467e-06,0.9915404828759935,0.00781755086375546,24.475746747477938,26,515,1263,5003,45752,619885,2610,0.010167216156989714,0.024934357293743707,0.09877006297751367,0.03690361921969398
196,3.2939839238512795e-06,0.9915257579752135,0.007862949189519242,24.475746747477938,26,685,1593,7908,45820,619885,2852,0.013523384597161077,0.031449272501135175,0.1561210589698537,0.036958468102954584
197,5.110269064264347e-06,0.9915299604212211,0.007848942327371686,24.475588810139577,26,538,1449,24359,45847,619881,2746,0.010621286004777604,0.02860640041063708,0.4808994531419659,0.03698048496404955
198,4.594930774843454e-06,0.9915182968264604,0.00785960453759839,24.475588810139577,26,684,1540,26861,45892,619881,2723,0.01350364242986595,0.030402937634493515,0.5302943557143703,0.037016782253367984
199,3.950945090700824e-06,0.991533985336244,0.007817236810274197,24.475470357135805,26,697,1555,3801,46006,619878,2756,0.013760290604702585,0.0306990701439204,0.07503997788877263,0.03710891498004446
200,2.549154925431995e-06,0.9915409779212061,0.007814986341693813,24.475470357135805,26,523,1358,4638,46028,619878,2651,0.010325153495350719,0.026809863186780646,0.09156417191479281,0.03712666040737048
201,3.144788816289548e-06,0.9915269802776977,0.00786069880934587,24.475470357135805,26,702,1636,12966,46053,619878,2895,0.013859001441178213,0.03229818569482558,0.2559769411485993,0.03714682566569551
202,4.432028956198923e-06,0.9915285486383605,0.007849396468952566,24.475470357135805,26,607,1734,34555,46081,619878,2973,0.011983495548141276,0.03423291808974789,0.6821905908830671,0.03716941075501953
203,4.2639491903726054e-06,0.991516182716411,0.007863512225978607,24.475154482459086,26,678,1561,35935,46130,619870,2737,0.013385189426095196,0.030817523147691154,0.7094347817503406,0.03720941487731298
204,3.756369348866986e-06,0.991533747226551,0.007820714214372746,24.475154482459086,26,683,1566,3717,46174,619870,2752,0.013483900262570825,0.03091623398416678,0.07338163583598208,0.03724490619000758
205,2.348410863416119e-06,0.9915402952612351,0.007817488200974623,24.475154482459086,26,513,1271,5157,46216,619870,2612,0.010127731822399464,0.025092294632104713,0.10181035674096302,0.03727878426121606
206,3.1394622863984858e-06,0.9915250881117847,0.00786275692102011,24.475154482459086,26,672,1585,14708,46251,619870,2832,0.013266736422324442,0.03129133516277417,0.2903677965767082,0.03730701598722313
207,5.034068658177063e-06,0.9915303333916278,0.007849480193754128,24.475154482459086,26,530,1442,32593,46256,619870,2735,0.0104633486664166,0.0284682052395712,0.6434564586500306,0.03731104909093842
208,4.584796151614843e-06,0.9915190417287014,0.007860438094625841,24.475154482459086,26,676,1549,27339,46282,619870,2724,0.013345705091504945,0.030580617140149646,0.5397311116814404,0.03733202123025796
209,3.9143941025253385e-06,0.9915346522399514,0.00781717676497823,24.475154482459086,26,699,1580,3808,46340,619870,2782,0.013799774939292835,0.031192624326298542,0.07517817305983851,0.03737880523335538
210,2.605169640268069e-06,0.991539782380365,0.007815687833605261,24.475154482459086,26,526,1378,4775,46357,619870,2649,0.010384379997236097,0.027204706532683157,0.09426884883422502,0.037392517785987386
211,3.2667223138495875e-06,0.9915271071829229,0.007859093141933355,24.475154482459086,26,701,1635,11417,46382,619870,2889,0.013839259273883088,0.032278443527530454,0.22539632400844964,0.03741268330456386
212,4.4296001828105054e-06,0.9915278421867026,0.007848867662395908,24.475154482459086,26,595,1695,41545,46436,619870,2935,0.011746589540599766,0.03346297356523799,0.8201883402759955,0.03745624082468905
213,4.202905921473088e-06,0.9915161585392517,0.007863960112542666,24.475154482459086,26,675,1550,24225,46467,619870,2723,0.01332596292420982,0.03060035930744477,0.4782540027244191,0.03748124606772388
214,3.7456945953358265e-06,0.9915333097355672,0.007821661620457724,24.475154482459086,26,673,1591,3776,46496,619870,2767,0.013286478589619568,0.031409788166544925,0.07454642370639449,0.03750463806927259
215,2.3962385413164566e-06,0.9915407693010666,0.007817939311296696,24.475154482459086,26,513,1294,5251,46543,619870,2597,0.010127731822399464,0.025546364479892603,0.10366612046670483,0.037542549244196366
216,3.1673304111648703e-06,0.9915263404472889,0.00786169695761757,24.475154482459086,26,675,1593,21902,46598,619870,2840,0.01332596292420982,0.031449272501135175,0.4323929480978422,0.03758691338506461
217,4.9830062689667965e-06,0.9915305239296595,0.007849169248295838,24.475154482459086,26,530,1428,28577,46692,619870,2717,0.0104633486664166,0.02819181489743944,0.5641719147928059,0.03766273573491216
218,4.544143180598331e-06,0.9915184634314399,0.007861154120237118,24.475154482459086,26,660,1520,16900,46754,619870,2679,0.013029830414782935,0.030008094288591,0.3336426272876236,0.03771274622098182
219,3.973044024163873e-06,0.9915335308291039,0.007819587046846889,24.475154482459086,26,689,1570,3693,46782,619870,2762,0.013602353266341578,0.030995202653347285,0.07290782382089905,0.03773533160178747
220,2.650730285779373e-06,0.9915397064025759,0.007816066620644114,24.475154482459086,26,527,1324,4922,46860,619870,2634,0.010404122164531222,0.026138629498746374,0.09717094742660849,0.03779824801974607
221,3.2743598553416945e-06,0.9915267980081885,0.007859783356835152,24.475154482459086,26,696,1627,9001,46900,619870,2880,0.01374054843740746,0.032120506189169444,0.17769924782342605,0.03783051284946844
222,4.5980825335421935e-06,0.9915301211282971,0.007847438685392635,24.475154482459086,26,593,1682,21628,46951,619870,2924,0.011707105206009516,0.03320632539040136,0.42698359425897775,0.03787165050736445
223,4.313569445418234e-06,0.9915172937572458,0.007861623680841472,24.475154482459086,26,680,1562,31834,46985,619870,2740,0.013424673760685448,0.03083726531498628,0.6284721536730302,0.03789907561262845
224,3.792456108192824e-06,0.9915334056956585,0.00782035215766017,24.475154482459086,26,684,1570,3823,47005,619870,2757,0.01350364242986595,0.030995202653347285,0.07547430556926539,0.037915208027489634
225,2.4513051201347224e-06,0.9915390641511452,0.007818967316481455,24.475154482459086,26,522,1304,5135,47018,619870,2617,0.010305411328055594,0.02574378615284386,0.10137602906047026,0.0379256940971494
226,3.203951567143083e-06,0.9915250031962003,0.00786299701266347,24.475154482459086,26,682,1599,7061,47034,619870,2838,0.0134641580952757,0.03156772550490593,0.13939944327088227,0.037938600029038344
227,4.970631814828015e-06,0.9915304078673896,0.007849174849328285,24.474996545120725,26,545,1471,32494,47075,619866,2771,0.010759481175843483,0.029040728091129845,0.6415019840878131,0.03797191651098786
228,4.489820820620095e-06,0.9915185368514159,0.007859506840787471,24.474996545120725,26,678,1540,22077,47110,619866,2717,0.013385189426095196,0.030402937634493515,0.4358478273744892,0.03800014841917446
229,3.7451377114164552e-06,0.9915339175320574,0.0078177680426495,24.474996545120725,26,701,1577,3640,47144,619866,2781,0.013839259273883088,0.031133397824413163,0.0718614889542574,0.03802757370141289
230,2.5395812853523653e-06,0.9915393315533193,0.007817280322236993,24.474996545120725,26,524,1364,4893,47161,619866,2654,0.010344895662645846,0.0269283161905514,0.09659842457504984,0.038041286342532094
231,3.290275663594789e-06,0.9915263476338724,0.007861833078107571,24.474996545120725,26,713,1638,9507,47181,619866,2904,0.014076165281424595,0.03233767002941583,0.18768878447475965,0.03805741886149587
232,4.462010652857686e-06,0.9915281310062227,0.007849152366220535,24.474996545120725,26,600,1722,33023,47232,619866,2969,0.011845300377075395,0.03399601208220639,0.6519455905869347,0.0380985567848535
233,4.282371550860689e-06,0.9915166899343405,0.007861990880826569,24.474838607782363,26,678,1533,28300,47265,619862,2710,0.013385189426095196,0.030264742463427634,0.5587033344520561,0.03812542146477765
234,3.845643367088234e-06,0.9915343093972022,0.007819551895234944,24.474838607782363,26,678,1564,3682,47287,619862,2747,0.013385189426095196,0.03087674964957653,0.07269065998065267,0.03814316735015213
235,2.4546375419887105e-06,0.9915410267683475,0.007816568910855491,24.474838607782363,26,514,1282,5252,47321,619862,2617,0.010147473989694589,0.025309458472351096,0.10368586263399997,0.03817059280936724
236,3.1967735306491812e-06,0.9915261576992502,0.007862541545940821,24.47475963911318,26,684,1589,10274,47342,619860,2844,0.01350364242986595,0.031370303831954674,0.20283102679012102,0.03818765527699803
237,5.1024065290419865e-06,0.9915300765221156,0.007849324552267532,24.47475963911318,26,544,1435,34237,47372,619860,2738,0.010739739008548358,0.028330010068505322,0.6759125816832172,0.03821185428967831
238,4.507137249784478e-06,0.9915179902634472,0.00786011219765737,24.47460170177482,26,689,1556,22437,47401,619856,2743,0.013602353266341578,0.030718812311215524,0.4429550076007344,0.03823549340491985
239,3.847575786750948e-06,0.9915329112603032,0.007818696797856886,24.47460170177482,26,700,1557,3831,47426,619856,2761,0.01381951710658796,0.030738554478510653,0.07563224290762639,0.03825565937895253
240,2.5489211246556842e-06,0.9915391773008513,0.00781682473685744,24.47460170177482,26,525,1328,4891,47448,619856,2641,0.010364637829940971,0.026217598167926875,0.09655894024045959,0.03827340543610129
241,3.227147247508291e-06,0.9915258797775275,0.007861601464763219,24.47460170177482,26,708,1639,10871,47470,619856,2904,0.013977454444948967,0.032357412196710955,0.21461710066531103,0.03829115149325005
242,4.513266834166554e-06,0.9915282125023165,0.007849441015662236,24.47440428010187,26,600,1728,38607,47526,619851,2966,0.011845300377075395,0.03411446508597714,0.7621858527629163,0.03833663251329755
243,4.324391643639606e-06,0.991517224675735,0.007862002164771228,24.47440428010187,26,686,1552,30289,47564,619851,2737,0.013543126764456202,0.030639843642035022,0.5979705052020611,0.03836728504108245
244,3.814708234248068e-06,0.9915338170997191,0.007820059644720309,24.47440428010187,26,692,1570,3693,47584,619851,2767,0.013661579768226956,0.030995202653347285,0.07290782382089905,0.03838341795044293
245,2.456947878348234e-06,0.9915403470463955,0.00781666718196065,24.47440428010187,26,519,1273,4947,47588,619851,2597,0.010246184826170218,0.025131778966694964,0.09766450160898664,0.03838664453231502
246,3.0700693964173954e-06,0.9915265949068464,0.007860984661841597,24.47440428010187,26,689,1614,11005,47605,619851,2873,0.013602353266341578,0.031863858014332815,0.21726255108285789,0.038400357505271425
247,4.810833506701842e-06,0.9915289098410118,0.007850490250226843,24.47440428010187,26,541,1455,34934,47628,619851,2751,0.010680512506662982,0.028724853414407833,0.6896728722879197,0.03841891035103597
248,4.4845466146125055e-06,0.9915173611319049,0.007862866027139485,24.47440428010187,26,671,1531,20003,47658,619851,2700,0.013246994255029317,0.030225258128837383,0.3949025724043986,0.03844310971507669
249,3.875056381582584e-06,0.991533676935597,0.007819946110550941,24.47440428010187,26,691,1566,3905,47694,619851,2761,0.01364183760093183,0.03091623398416678,0.0770931632874657,0.03847214895192554
250,2.541103921283135e-06,0.9915392109927292,0.007816862331896546,24.47440428010187,26,533,1335,4610,47712,619851,2647,0.010522575168301976,0.026355793338992753,0.09101139123052929,0.03848666857034997
251,3.2618894277074334e-06,0.991526862326658,0.007858962448888052,24.47440428010187,26,687,1621,7867,47751,619851,2862,0.013562868931751328,0.03200205318539869,0.15531163011075355,0.0385181277436029
252,4.580068808768346e-06,0.9915293436000344,0.007850079855077192,24.47440428010187,26,597,1706,21480,47765,619851,2943,0.011786073875190019,0.033680137405484374,0.42406175349929914,0.038529420780155234
253,4.480562405984057e-06,0.9915162437480927,0.007864391836729333,24.4742858270981,26,687,1548,27548,47825,619848,2733,0.013562868931751328,0.03056087497285452,0.5438572246461216,0.03857800622087996
254,3.928243772578181e-06,0.991533082496068,0.0078210335208003,24.4742858270981,26,688,1546,4013,47868,619848,2755,0.013582611099046453,0.03052139063826427,0.07922531735533928,0.03861269214388043
255,2.474370679695599e-06,0.9915396255383911,0.007816358552438134,24.4742858270981,26,524,1323,4950,47877,619848,2629,0.010344895662645846,0.026118887331451245,0.09772372811087202,0.03861995198822937
256,2.9805585347096256e-06,0.9915277695713925,0.007857496412093516,24.4742858270981,26,683,1618,9778,47899,619848,2872,0.013483900262570825,0.031942826683513316,0.19303891181173868,0.03863769827441566
257,4.768495589887117e-06,0.9915285523396409,0.007850508182260109,24.4742858270981,26,525,1398,37941,47926,619848,2700,0.010364637829940971,0.02759954987858567,0.7490375693443626,0.038659477807462476
258,4.498320258742564e-06,0.991517089397542,0.007864981841663713,24.4742858270981,26,672,1536,20152,47987,619848,2715,0.013266736422324442,0.030323968965313013,0.3978441553313723,0.038708683419160825
259,4.077566993859293e-06,0.9915323088589716,0.007822907466944154,24.4742858270981,26,688,1565,3924,48013,619848,2761,0.013582611099046453,0.030896491816871655,0.07746826446607309,0.038729656302835536
260,2.667130261642235e-06,0.991539298092318,0.007816854980552658,24.4742858270981,26,544,1340,4766,48049,619848,2640,0.010739739008548358,0.026454504175468383,0.0940911693285689,0.038758695680231284
261,3.1729923406752747e-06,0.9915270707758942,0.007856475206445378,24.4742858270981,26,688,1622,8225,48088,619848,2868,0.013582611099046453,0.03202179535269382,0.16237932600240854,0.03879015500574334
262,4.463069509723116e-06,0.9915297243497854,0.007848605532775122,24.4742858270981,26,582,1719,21334,48136,619848,2940,0.011489941365763133,0.03393678558032101,0.4211793970742108,0.03882887417560434
263,4.483757590574592e-06,0.9915179181942805,0.007863653452626967,24.4742858270981,26,669,1549,19974,48191,619848,2716,0.013207509920439066,0.030580617140149646,0.3943300495528399,0.03887323989107007
264,4.016726756128539e-06,0.9915328866845645,0.007822841232006408,24.4742858270981,26,690,1553,3872,48222,619848,2748,0.013622095433636705,0.030659585809330148,0.07644167176672655,0.0388982460216053
265,2.515726462913138e-06,0.991538631578082,0.007818152722050624,24.4742858270981,26,538,1348,4769,48261,619848,2643,0.010621286004777604,0.02661244151382939,0.09415039583045427,0.03892970534711736
266,3.071837334033421e-06,0.9915257947124815,0.007859169969063282,24.4742858270981,26,685,1602,8315,48285,619848,2861,0.013523384597161077,0.031626952006791303,0.16415612105896984,0.038949064932047854
267,4.8804265739859045e-06,0.9915287609233308,0.007850774546157341,24.4742858270981,26,529,1383,26367,48306,619848,2690,0.010443606499121473,0.027303417369158787,0.5205417250705783,0.038966004568862046
268,4.529770637830602e-06,0.9915181889005515,0.007863851190970954,24.47412788975974,26,661,1557,20396,48342,619844,2716,0.01304957258207806,0.030738554478510653,0.40266124415138294,0.038995295590503416
269,3.975599764493304e-06,0.9915342750255465,0.007820714498767313,24.47412788975974,26,685,1567,3977,48351,619844,2755,0.013523384597161077,0.030935976151461906,0.07851459933271475,0.039002555481701846
270,2.6103366303285094e-06,0.9915393582183983,0.007817050914538035,24.47412788975974,26,541,1379,4699,48385,619844,2656,0.010680512506662982,0.027224448699978282,0.09276844411979547,0.03902998173734036
271,3.2816542946384374e-06,0.9915271941481708,0.007857186585942155,24.47412788975974,26,688,1592,6934,48394,619844,2835,0.013582611099046453,0.03142953033384005,0.1368921880244013,0.03903724162853879
272,4.430921736783957e-06,0.9915287700076122,0.007848742612880636,24.47412788975974,26,591,1726,21572,48437,619844,2956,0.011667620871419265,0.03407498075138689,0.42587803289045073,0.03907192777537574
273,4.443574402724531e-06,0.9915160341257679,0.007864293198187567,24.47412788975974,26,681,1540,20759,48453,619844,2719,0.013444415927980574,0.030402937634493515,0.40982765087951356,0.039084834248617396
274,3.944267047795718e-06,0.9915332284069537,0.007820865896893153,24.47412788975974,26,688,1554,3756,48461,619844,2745,0.013582611099046453,0.030679327976625273,0.07415158036049198,0.03909128748523822
275,2.43318043004177e-06,0.9915405600109203,0.007816512963362403,24.47412788975974,26,533,1375,4837,48469,619844,2661,0.010522575168301976,0.02714548003079778,0.09549286320652281,0.03909774072185905
276,3.087693508016805e-06,0.9915276529278091,0.007858342490712166,24.47412788975974,26,695,1587,8776,48497,619844,2859,0.013720806270112332,0.03133081949736442,0.17325726018202278,0.03912032705003194
277,4.715949124528764e-06,0.9915293625087055,0.00784919879271,24.47412788975974,26,548,1419,23009,48532,619844,2740,0.010818707677728861,0.02801413539178331,0.4542475272935463,0.03914855996024806
278,4.373370897215714e-06,0.9915168009154349,0.007863561002923278,24.47412788975974,26,673,1535,16852,48560,619844,2706,0.013286478589619568,0.030304226798017888,0.3326950032574576,0.03917114628842096
279,3.8872827898900006e-06,0.991532393081758,0.007822396756274675,24.47412788975974,26,692,1552,3750,48592,619844,2747,0.013661579768226956,0.030639843642035022,0.07403312735672123,0.039196959234904266
280,2.5153393894452487e-06,0.991539441344122,0.007817931207656304,24.47412788975974,26,522,1309,4560,48619,619844,2611,0.010305411328055594,0.025842496989319487,0.090024282865773,0.039218738908499556
281,3.187519870054706e-06,0.9915260876086177,0.00786037108825059,24.47412788975974,26,689,1606,7681,48660,619844,2852,0.013602353266341578,0.031705920675971805,0.15163958699386018,0.039251811746181295
282,4.486899212242086e-06,0.9915301731621732,0.007847844101014283,24.47412788975974,26,598,1699,27979,48722,619844,2942,0.011805816042485144,0.0335419422344185,0.5523660987503208,0.039301824329992706
283,4.421290259520597e-06,0.9915165735959973,0.007862692881257505,24.47412788975974,26,685,1559,25591,48730,619844,2742,0.013523384597161077,0.030778038813100903,0.5052218032495608,0.039308277566613536
284,3.978459183506083e-06,0.9915326208733843,0.007820989863333051,24.47412788975974,26,695,1564,3795,48777,619844,2764,0.013720806270112332,0.03087674964957653,0.07492152488500188,0.03934619033176089
285,2.605850694224674e-06,0.9915390879011998,0.007817234959155615,24.47412788975974,26,529,1312,4740,48804,619844,2617,0.010443606499121473,0.025901723491204863,0.09357787297889562,0.03936797000535619
286,3.1705197209361916e-06,0.9915274662999901,0.007858610465386759,24.47412788975974,26,694,1605,21029,48840,619844,2873,0.013701064102817207,0.03168617850867668,0.4151580360491975,0.03939700957014991
287,4.847139101612358e-06,0.9915301129004587,0.007847377906398284,24.47412788975974,26,550,1397,33693,48861,619844,2725,0.010858192012319112,0.027579807711290545,0.6651728426746688,0.03941394931627958
288,4.364226254755789e-06,0.9915176262938199,0.00786166102404755,24.47412788975974,26,682,1544,19613,48881,619844,2724,0.0134641580952757,0.030481906303674016,0.38720312715929955,0.03943008240783165
289,3.864393672448043e-06,0.9915329488903483,0.00782141264601297,24.47412788975974,26,699,1563,3629,48903,619844,2765,0.013799774939292835,0.030857007482281405,0.07164432511401102,0.03944782880853892
290,2.5797028715164377e-06,0.9915399137829931,0.007817864975367626,24.47412788975974,26,528,1327,4651,48914,619844,2629,0.010423864331826347,0.02619785600063175,0.09182082008962944,0.039456702008892564
291,3.0721784778354275e-06,0.9915266549138889,0.007859933458243346,24.47412788975974,26,713,1638,9642,49000,619844,2904,0.014076165281424595,0.03233767002941583,0.1903539770596016,0.03952607430256645
292,4.323545296320196e-06,0.991527210000308,0.007849833018716347,24.47412788975974,26,603,1724,22518,49030,619844,2962,0.011904526878960773,0.03403549641679664,0.4445541231516396,0.039550273939894555
293,4.291609223774568e-06,0.9915166237102638,0.007863240929661374,24.47412788975974,26,680,1553,20139,49056,619844,2731,0.013424673760685448,0.030659585809330148,0.3975875071565356,0.039571246958912246
294,3.909686562008586e-06,0.9915337675465387,0.007820997795735035,24.47412788975974,26,678,1547,3745,49076,619844,2730,0.013385189426095196,0.030541132805559396,0.0739344165202456,0.03958738005046431
295,2.4781644573896012e-06,0.9915407044417509,0.007816528507659725,24.47412788975974,26,526,1299,4594,49240,619844,2606,0.010384379997236097,0.02564507531636823,0.09069551655380728,0.039719671401191266
296,3.208927746866642e-06,0.9915267489626093,0.007860081806130065,24.47412788975974,26,695,1592,7890,49347,619844,2859,0.013720806270112332,0.03142953033384005,0.15576569995854145,0.039805983440994834
297,4.953882153526121e-06,0.9915292708234905,0.007848412352265228,24.47412788975974,26,536,1383,24069,49371,619844,2701,0.010581801670187354,0.027303417369158787,0.4751742246263795,0.03982534315085731
298,4.382605418358711e-06,0.9915179455743613,0.00786191900130181,24.47412788975974,26,676,1555,20080,49403,619844,2730,0.013345705091504945,0.0306990701439204,0.3964227192861232,0.03985115609734062
299,3.936744028056214e-06,0.9915340373477091,0.007820605991126644,24.47412788975974,26,693,1556,3675,49418,619844,2754,0.013681321935522081,0.030718812311215524,0.0725524648095868,0.039863255916004675
300,2.6501750341858927e-06,0.9915390805826291,0.007817665378890044,24.47412788975974,26,542,1371,4671,49447,619844,2667,0.010700254673958107,0.02706651136161728,0.09221566343553195,0.03988664889875517
301,3.138548888433739e-06,0.9915268233562691,0.007858313210966967,24.47412788975974,26,709,1625,8530,49494,619844,2891,0.013997196612244092,0.03208102185457919,0.16840068702742186,0.03992456166390253
302,4.303721787927409e-06,0.9915274991331015,0.007849369957779963,24.47412788975974,26,613,1740,22890,49515,619844,2986,0.01210194855191203,0.03435137109351865,0.45189820938542635,0.0399415014100322
303,4.2478917008687835e-06,0.9915155870390592,0.007863876944420336,24.47412788975974,26,693,1544,19067,49526,619844,2735,0.013681321935522081,0.030481906303674016,0.3764239038161609,0.039950374610385836
304,3.7994094794127572e-06,0.9915321013155085,0.007822665082866042,24.47412788975974,26,678,1555,3799,49549,619844,2736,0.013385189426095196,0.0306990701439204,0.07500049355418238,0.039968927665670714
305,2.4001170743609495e-06,0.9915399247501921,0.007818487781541547,24.47412788975974,26,520,1267,4881,49569,619844,2604,0.010265926993465343,0.02501332596292421,0.09636151856750834,0.03998506075722279
306,3.2890936985332833e-06,0.9915259657007027,0.007862164225144932,24.47412788975974,26,696,1586,7590,49608,619844,2858,0.01374054843740746,0.0313110773300693,0.14984304977000376,0.04001652028574932
307,5.073887399945131e-06,0.9915300609022436,0.007848321446181413,24.47412788975974,26,539,1424,24629,49637,619844,2732,0.01064102817207273,0.02811284622825894,0.48622983831164984,0.040039913268499816
308,4.486400556203821e-06,0.9915177345066043,0.007860194793737837,24.473969952421378,26,684,1541,24456,49644,619840,2724,0.01350364242986595,0.03042267980178864,0.4828144433695931,0.04004581827568405
309,3.964177423594101e-06,0.991534226903824,0.00781852928579515,24.473969952421378,26,699,1558,3841,49675,619840,2760,0.013799774939292835,0.030758296645805778,0.07582966458057766,0.04007082472896231
310,2.684338791590319e-06,0.9915400999081253,0.007816151994287162,24.473969952421378,26,531,1327,4892,49708,619840,2648,0.010483090833711725,0.02619785600063175,0.09657868240775472,0.04009744450180692
311,3.2511241434412666e-06,0.9915265115579484,0.007860136678716986,24.473969952421378,26,704,1634,10931,49757,619840,2891,0.013898485775768464,0.03225870136023533,0.21580163070301858,0.04013697083118224
312,4.465731531478841e-06,0.9915283482491848,0.007847697036479008,24.473969952421378,26,612,1729,27583,49807,619840,2982,0.012082206384616902,0.034134207253272264,0.544548200501451,0.04017730382034073
313,4.212961028685802e-06,0.9915175494276034,0.007860760537696961,24.473969952421378,26,696,1550,23004,49861,619840,2744,0.01374054843740746,0.03060035930744477,0.45414881645707067,0.040220863448631905
314,3.7793633615329025e-06,0.9915337801567404,0.007820785479656095,24.473969952421378,26,682,1552,3710,49908,619840,2737,0.0134641580952757,0.030639843642035022,0.0732434406649162,0.040258776458440886
315,2.483120426504666e-06,0.9915406538127949,0.007818561036313168,24.473969952421378,26,519,1295,4837,49922,619840,2593,0.010246184826170218,0.02556610664718773,0.09549286320652281,0.04027006969540527
316,3.1431757299721407e-06,0.991526140657463,0.007862756200734393,24.473969952421378,26,705,1609,8803,49963,619840,2885,0.013918227943063589,0.03176514717785719,0.17379029869899118,0.04030314274651523
317,4.840879087531467e-06,0.9915271590852115,0.007850389338425998,24.473969952421378,26,555,1415,24573,50007,619840,2733,0.01095690284879474,0.02793516672260281,0.4851242769431228,0.040338635776974704
318,4.356283893408967e-06,0.9915176671081976,0.007860845179112372,24.473969952421378,26,680,1538,19796,50038,619840,2717,0.013424673760685448,0.030363453299903264,0.39081594377430756,0.04036364223025297
319,3.8963308269269455e-06,0.9915336061604679,0.007820285327016759,24.473969952421378,26,684,1554,3542,50062,619840,2743,0.01350364242986595,0.030679327976625273,0.06992675655933508,0.040383002065049044
320,2.577679824950059e-06,0.9915418748817534,0.00781595719498554,24.473969952421378,26,524,1308,4495,50079,619840,2612,0.010344895662645846,0.02582275482202436,0.08874104199158983,0.04039671528136293
321,3.193108158639247e-06,0.9915271140133637,0.007860524536117176,24.473969952421378,26,702,1633,8522,50088,619840,2892,0.013859001441178213,0.0322389591929402,0.16824274968906086,0.04040397521941146
322,4.44787062308866e-06,0.9915284083002541,0.007848326829380236,24.473969952421378,26,610,1717,27880,50114,619840,2963,0.012042722050026652,0.03389730124573075,0.5504116241881034,0.040424948373773875
323,4.2019743176602415e-06,0.9915172251036349,0.007861142936411648,24.473969952421378,26,682,1564,21530,50132,619840,2744,0.0134641580952757,0.03087674964957653,0.42504886186405544,0.040439468249870936
324,3.793548785696498e-06,0.9915336439910246,0.007821315014261468,24.473969952421378,26,682,1557,3702,50156,619840,2741,0.0134641580952757,0.030738554478510653,0.0730855033265552,0.04045882808466701
325,2.5096902989650747e-06,0.991540359363791,0.007817754250101127,24.473969952421378,26,517,1302,4932,50166,619840,2613,0.010206700491579965,0.02570430181825361,0.09736836909955975,0.04046689468249871
326,3.2294055819172526e-06,0.9915261672282166,0.00786180221848265,24.473969952421378,26,695,1602,10219,50195,619840,2872,0.013720806270112332,0.031626952006791303,0.2017452075888891,0.040490287816210634
327,4.959238622555134e-06,0.9915293377885797,0.007847959098218248,24.473969952421378,26,548,1424,31545,50251,619840,2739,0.010818707677728861,0.02811284622825894,0.622766667324739,0.040535460764068144
328,4.282963950601127e-06,0.9915174037677025,0.007859566692817493,24.473969952421378,26,676,1552,24074,50285,619840,2727,0.013345705091504945,0.030639843642035022,0.4752729354628551,0.04056288719669592
329,3.787772311657082e-06,0.9915332319990723,0.007820653804876058,24.473969952421378,26,679,1561,3688,50304,619840,2743,0.013404931593390323,0.030817523147691154,0.07280911298442343,0.04057821373257615
330,2.677825695081542e-06,0.9915401155194125,0.007818234016579807,24.473969952421378,26,518,1301,4926,50403,619840,2612,0.010226442658875092,0.02568455965095848,0.097249916095789,0.040658073051109966
331,3.385379721395855e-06,0.9915265949736864,0.007861953547234873,24.473969952421378,26,708,1616,18458,50417,619840,2877,0.013977454444948967,0.031903342348923065,0.36440092393342943,0.04066936628807434
332,4.605878496688842e-06,0.9915279769804646,0.00784761082550078,24.473969952421378,26,606,1686,25728,50466,619840,2936,0.011963753380846149,0.03328529405958186,0.507926480168993,0.040708892617449664
333,4.229107108724807e-06,0.9915165334783709,0.007859873732829242,24.473969952421378,26,688,1562,24533,50492,619840,2749,0.013582611099046453,0.03083726531498628,0.4843345902513178,0.040729865771812084
334,3.790936383812124e-06,0.9915340106671452,0.007819600248771829,24.473969952421378,26,684,1553,3706,50535,619840,2740,0.01350364242986595,0.030659585809330148,0.0731644719957357,0.040764552142488385
335,2.609208355649827e-06,0.9915405342546468,0.00781796675730041,24.473969952421378,26,521,1311,5137,50550,619840,2630,0.010285669160760468,0.025881981323909738,0.10141551339506051,0.04077665203923593
336,3.3071988086868414e-06,0.9915272133684591,0.007861972028226388,24.473969952421378,26,720,1640,10896,50571,619840,2914,0.014214360452490474,0.03237715436400608,0.21511065484768918,0.0407935918946825
337,4.86145383496067e-06,0.9915284685724556,0.007847202188419444,24.473969952421378,26,562,1456,41513,50647,619840,2774,0.01109509801986062,0.028744595581702958,0.8195565909225515,0.040854898038203406
338,4.222877123501796e-06,0.9915173282097032,0.007858660498453435,24.473969952421378,26,683,1539,31751,50703,619840,2721,0.013483900262570825,0.03038319546719839,0.6268335537875348,0.04090007098606092
339,3.7786932058758373e-06,0.9915338116573746,0.007819408491323426,24.473969952421378,26,678,1534,3819,50751,619840,2715,0.013385189426095196,0.03028448463072276,0.07539533690008489,0.04093879065565307
340,2.5728110992643284e-06,0.9915397793693298,0.007818995695090725,24.473969952421378,26,520,1306,4831,50879,619840,2617,0.010265926993465343,0.02578327048743411,0.09537441020275206,0.041042043107898815
341,3.325928327921533e-06,0.991526030950814,0.007863270041001815,24.473969952421378,26,713,1610,18449,50977,619840,2880,0.014076165281424595,0.03178488934515231,0.36422324442777326,0.041121095766649456
342,4.557907357714015e-06,0.991528064782462,0.007847667512830078,24.473969952421378,26,594,1701,25565,51027,619840,2941,0.011726847373304641,0.03358142656900875,0.5047085068998874,0.04116142875580795
343,4.183375533904993e-06,0.9915173043556816,0.007859567976075534,24.473969952421378,26,678,1553,22118,51058,619840,2731,0.013385189426095196,0.030659585809330148,0.4366572562335893,0.041186435209086214
344,3.845654570650744e-06,0.9915344073351212,0.007819596942743496,24.473969952421378,26,674,1560,3840,51077,619840,2736,0.013306220756914695,0.03079778098039603,0.07580992241328254,0.041201761744966446
345,2.5702648445244834e-06,0.9915409232796701,0.007817417933818363,24.473969952421378,26,515,1290,5120,51108,619840,2613,0.010167216156989714,0.0254673958107121,0.10107989655104338,0.04122676819824471
346,3.2640768535496274e-06,0.9915266976047098,0.007862405511660831,24.473969952421378,26,713,1627,10837,51158,619840,2910,0.014076165281424595,0.032120506189169444,0.21394586697727677,0.0412671011874032
347,4.984907048267072e-06,0.991528128828695,0.007847796154781723,24.473969952421378,26,552,1456,34993,51179,619840,2760,0.010897676346909364,0.028744595581702958,0.6908376601583321,0.041284041042849766
348,4.253332180389571e-06,0.9915172295828524,0.007858827715122836,24.473969952421378,26,684,1560,24683,51202,619840,2742,0.01350364242986595,0.03079778098039603,0.48729591534558664,0.04130259421786268
349,3.8175380334588e-06,0.991533836348528,0.007819874822958317,24.473969952421378,26,693,1546,4051,51225,619840,2742,0.013681321935522081,0.03052139063826427,0.07997551971255404,0.04132114739287558
350,2.653809294601955e-06,0.9915410114920364,0.007817347313585108,24.473969952421378,26,519,1298,4878,51238,619840,2613,0.010246184826170218,0.025625333149073105,0.09630229206562296,0.04133163397005679
351,3.251293737466759e-06,0.9915258159821096,0.007862896802805545,24.473969952421378,26,714,1634,12089,51247,619840,2901,0.01409590744871972,0.03225870136023533,0.2386630604307741,0.041338893908105315
352,4.523595015545861e-06,0.991527430499137,0.007848218075421605,24.473969952421378,26,615,1702,25717,51259,619840,2956,0.01214143288650228,0.03360116873630387,0.5077093163287466,0.04134857382550335
353,4.16181621349753e-06,0.991516232182351,0.007860087638502562,24.473969952421378,26,687,1564,21880,51294,619840,2750,0.013562868931751328,0.03087674964957653,0.4319586204173494,0.0413768069179143
354,3.7373041686567454e-06,0.9915337992383578,0.007820541723565826,24.473812015083016,26,687,1565,3838,51306,619836,2755,0.013562868931751328,0.030896491816871655,0.07577043807869228,0.041386753915551855
355,2.5412405980825616e-06,0.9915416115854565,0.007816505885720403,24.473812015083016,26,515,1279,5072,51348,619836,2606,0.010167216156989714,0.025250231970465716,0.10013227252087734,0.0414206338450816
356,3.2706892646166683e-06,0.9915258653387877,0.00786322630706644,24.473812015083016,26,716,1614,9394,51387,619836,2897,0.014135391783309971,0.031863858014332815,0.18545791957041044,0.04145209377964494
357,4.965876402612202e-06,0.9915283934876652,0.00784746585943392,24.473812015083016,26,547,1427,32460,51406,619836,2730,0.010798965510433736,0.028172072730144316,0.6408307503997789,0.0414674204144322
358,4.264312562825925e-06,0.9915177330249317,0.007858980786402939,24.473654077744655,26,678,1541,25545,51434,619832,2718,0.013385189426095196,0.03042267980178864,0.504313663553985,0.041490274784135056
359,3.838617374651675e-06,0.9915340117517423,0.007819806443897575,24.473654077744655,26,681,1526,3816,51452,619832,2710,0.013444415927980574,0.030126547292361756,0.07533611039819951,0.04150479484763613
360,2.6744433301902097e-06,0.991540277316701,0.007817348395383958,24.473654077744655,26,512,1281,5174,51468,619832,2601,0.010107989655104337,0.02528971630505597,0.10214597358498016,0.0415177015707482
361,3.395110834751788e-06,0.9915271441256038,0.007862283278696718,24.473654077744655,26,709,1608,16609,51493,619832,2874,0.013997196612244092,0.03174540501056206,0.32789765660474207,0.04153786832561081
362,4.644439605613181e-06,0.9915275852215167,0.007846887737252872,24.473654077744655,26,602,1658,50435,51527,619832,2917,0.011884784711665647,0.032732513375318344,0.9956962075296626,0.041565295112223954
363,4.131616719863527e-06,0.9915165827866705,0.007859034176481835,24.473654077744655,26,684,1561,25313,51565,619832,2744,0.01350364242986595,0.030817523147691154,0.4997334807415158,0.04159594857961512
364,3.73271847370327e-06,0.9915339272369628,0.007819756038351713,24.473654077744655,26,680,1574,3867,51595,619832,2755,0.013424673760685448,0.031074171322527787,0.07634296093025092,0.04162014868545025
365,2.509175889980162e-06,0.9915411592209056,0.007817878699132974,24.473654077744655,26,523,1301,5132,51687,619832,2640,0.010325153495350719,0.02568455965095848,0.10131680255858488,0.04169436234334465
366,3.2228681033104593e-06,0.9915260701395544,0.007863443013007792,24.473654077744655,26,729,1632,10994,51696,619832,2914,0.014392039958146606,0.03221921702564508,0.2170453872426115,0.041701622375095185
367,4.8350194993913275e-06,0.9915276287124465,0.007847535231759845,24.473654077744655,26,557,1459,29520,51717,619832,2769,0.010996387183384993,0.028803822083588337,0.5827887785521094,0.04171856244917978
368,4.143483451655731e-06,0.9915178046756787,0.007858381116699158,24.473654077744655,26,668,1547,25846,51720,619832,2714,0.01318776775314394,0.030541132805559396,0.5102560559098178,0.041720982459763294
369,3.821410898415405e-06,0.9915340501363821,0.007820764273817685,24.473654077744655,26,677,1546,3928,51722,619832,2726,0.01336544725880007,0.03052139063826427,0.0775472331352536,0.0417225958001523
370,2.7399528286178623e-06,0.9915415223840865,0.007817799785995743,24.473654077744655,26,515,1286,4912,51738,619832,2597,0.010167216156989714,0.025388427141531597,0.09697352575365724,0.04173550252326437
371,3.3334954963902777e-06,0.9915258220908231,0.007862194375609033,24.473654077744655,26,699,1598,10436,51750,619832,2851,0.013799774939292835,0.0315479833376108,0.20602925789193138,0.04174518256559842
372,4.57610664040742e-06,0.991527356615559,0.007846969463234908,24.473654077744655,26,600,1633,26356,51765,619832,2892,0.011845300377075395,0.0322389591929402,0.5203245612303319,0.04175728261851599
373,4.183041576317473e-06,0.9915165920715188,0.007859227212941279,24.473654077744655,26,673,1558,23672,51777,619832,2730,0.013286478589619568,0.030758296645805778,0.4673365842102146,0.04176696266085004
374,3.7524625005728225e-06,0.9915341232530194,0.00782040445381844,24.473654077744655,26,673,1579,3902,51791,619832,2753,0.013286478589619568,0.031172882159003417,0.07703393678558032,0.041778256043573096
375,2.515967062987547e-06,0.9915415256393514,0.007817204707729484,24.473654077744655,26,525,1315,5402,51808,619832,2652,0.010364637829940971,0.025960949993090243,0.10664718772826881,0.04179196943687967
376,3.306324694519011e-06,0.9915259649814666,0.00786295912063345,24.473654077744655,26,715,1602,10189,51821,619832,2885,0.014115649616014846,0.031626952006791303,0.20115294257003533,0.041802456149408224
377,4.908128094634232e-06,0.991527758095114,0.007847365800307909,24.473654077744655,26,547,1449,33806,51835,619832,2748,0.010798965510433736,0.02860640041063708,0.667403707579018,0.04181374953213129
378,4.169374490393801e-06,0.9915178958103004,0.00785850762947758,24.473654077744655,26,669,1555,33658,51844,619832,2723,0.013207509920439066,0.0306990701439204,0.6644818668193394,0.04182100956388183
379,3.7226293200891017e-06,0.9915340999859236,0.007820199191732722,24.473654077744655,26,677,1552,3937,51859,619832,2730,0.01336544725880007,0.030639843642035022,0.07772491264090972,0.04183310961679939
380,2.619181239647474e-06,0.9915407124311192,0.007818447395691201,24.473654077744655,26,512,1283,4917,51871,619832,2604,0.010107989655104337,0.02532920063964622,0.09707223659013287,0.04184278965913344
381,3.3252560426438883e-06,0.9915262112266431,0.007863425574372963,24.473654077744655,26,710,1610,8847,51893,619832,2877,0.014016938779539218,0.03178488934515231,0.1746589540599767,0.041860536403412536
382,4.568189202424652e-06,0.9915276497472016,0.00784718572303214,24.473654077744655,26,599,1692,36804,51929,619832,2935,0.01182555820978027,0.03340374706335261,0.7265907251298047,0.041889576530414696
383,4.3070944103220085e-06,0.9915165705416207,0.007859583583214775,24.473654077744655,26,675,1551,22302,51950,619832,2726,0.01332596292420982,0.030620101474739897,0.4402898150158924,0.04190651660449928
384,3.994369658988974e-06,0.9915348044654303,0.007818964663792935,24.473654077744655,26,686,1536,3681,51964,619832,2726,0.013543126764456202,0.030323968965313013,0.07267091781335755,0.041917809987222346
385,2.5950990483400552e-06,0.9915413968304196,0.007816033761876914,24.473654077744655,26,531,1318,4997,51975,619832,2652,0.010483090833711725,0.02602017649497562,0.09865160997374292,0.041926683359361894
386,3.2361253320199047e-06,0.9915261746522248,0.007861591216095688,24.473654077744655,26,711,1603,11536,51987,619832,2884,0.014036680946834343,0.03164669417408643,0.2277456419165696,0.041936363401695945
387,4.915097709428556e-06,0.9915282866611926,0.00784734435895348,24.473654077744655,26,542,1407,25366,52015,619832,2717,0.010700254673958107,0.027777229384241802,0.5007798156081574,0.041958950167142066
388,4.1729951947354785e-06,0.9915180788370729,0.007859587837605053,24.473654077744655,26,665,1567,26790,52023,619832,2730,0.013128541251258563,0.030935976151461906,0.5288926618364164,0.0419654035286981
389,3.8284665264441245e-06,0.9915344093935351,0.007821008520821062,24.473654077744655,26,673,1550,3966,52031,619832,2724,0.013286478589619568,0.03060035930744477,0.07829743549246836,0.041971856890254136
390,2.6578113940082423e-06,0.9915407729487438,0.00781825234575225,24.473654077744655,26,519,1289,4897,52045,619832,2616,0.010246184826170218,0.025447653643416973,0.09667739324423036,0.04198315027297719
391,3.245851421800704e-06,0.991525484748535,0.007862061454989553,24.473654077744655,26,697,1599,8888,52085,619832,2850,0.013760290604702585,0.03156772550490593,0.17546838291907685,0.042015417080757365
392,4.630388639932082e-06,0.9915280555787529,0.00784851254844842,24.473654077744655,26,607,1697,33781,52107,619832,2935,0.011983495548141276,0.033502457899828246,0.6669101533966398,0.04203316382503646
393,4.44045252647014e-06,0.99151680198622,0.007860015399047184,24.473654077744655,26,676,1564,23499,52121,619832,2739,0.013345705091504945,0.03087674964957653,0.46392118926815784,0.042044457207759525
394,3.897205878257675e-06,0.99153394324464,0.007819530893071136,24.473654077744655,26,693,1542,3699,52139,619832,2740,0.013681321935522081,0.030442421969083765,0.0730262768246698,0.0420589772712606
395,2.5739568888771248e-06,0.9915409506035954,0.007815958787201377,24.473654077744655,26,521,1293,4698,52154,619832,2611,0.010285669160760468,0.025526622312597478,0.09274870195250035,0.04207107732417816
396,3.2171834481004754e-06,0.9915269819821922,0.007860655148767963,24.473654077744655,26,701,1594,9479,52169,619832,2848,0.013839259273883088,0.0314690146684303,0.1871360037904961,0.04208317737709573
397,4.884592120727294e-06,0.9915296259847595,0.007847474828818259,24.473654077744655,26,553,1381,27340,52202,619832,2713,0.01091741851420449,0.027263933034568536,0.5397508538487356,0.04210979749351437
398,4.2010907519428945e-06,0.9915170396357789,0.007860400840070579,24.473654077744655,26,677,1570,28043,52221,619832,2745,0.01336544725880007,0.030995202653347285,0.5536295974572089,0.04212512422720995
399,3.747060875302986e-06,0.9915324584328075,0.00782217305956501,24.473654077744655,26,683,1567,3899,52230,619832,2752,0.013483900262570825,0.030935976151461906,0.07697471028369494,0.042132384258960494
400,2.586411393573066e-06,0.991540062669896,0.007818163216644322,24.473654077744655,26,512,1295,5024,52236,619832,2601,0.010107989655104337,0.02556610664718773,0.0991846484907113,0.04213722428012752
401,3.2706497753848735e-06,0.9915260389682238,0.00786171196705374,24.473654077744655,26,695,1615,9870,52401,619832,2864,0.013720806270112332,0.03188360018162794,0.19485519120289024,0.04227032486222073
402,4.636780092149866e-06,0.9915292953034465,0.007847511155930544,24.473654077744655,26,608,1692,31008,52556,619832,2943,0.012003237715436401,0.03340374706335261,0.6121651234872564,0.0423953587423689
403,4.421789128923439e-06,0.9915174198358245,0.007859007785240953,24.473654077744655,26,686,1548,24097,52581,619832,2734,0.013543126764456202,0.03056087497285452,0.475727005310643,0.04241552549723151
404,3.8699164497208605e-06,0.9915335112578659,0.007819301715061506,24.473654077744655,26,695,1552,3699,52589,619832,2750,0.013720806270112332,0.030639843642035022,0.0730262768246698,0.04242197885878754
405,2.5581994328562664e-06,0.9915400567024347,0.007816378396557893,24.473654077744655,26,520,1310,4968,52672,619832,2631,0.010265926993465343,0.025862239156614612,0.09807908712218427,0.0424889324849314
406,3.2445623393537914e-06,0.9915266138188805,0.007861367197642084,24.473654077744655,26,703,1621,10934,52695,619832,2881,0.013878743608473338,0.03200205318539869,0.21586085720490394,0.042507485899405
407,4.9254842897517525e-06,0.9915290563888921,0.007847847596677275,24.473654077744655,26,557,1416,29214,52725,619832,2737,0.010996387183384993,0.027954908889897934,0.576747675359801,0.04253168600524013
408,4.212058107441664e-06,0.9915173228143168,0.007859894103225656,24.473654077744655,26,686,1562,23050,52741,619832,2746,0.013543126764456202,0.03083726531498628,0.45505695615264646,0.0425445927283522
409,3.6849486417431658e-06,0.9915332566503853,0.007820606781755852,24.473654077744655,26,689,1573,3838,52837,619832,2764,0.013602353266341578,0.03105442915523266,0.07577043807869228,0.04262203306702461
410,2.511636534573102e-06,0.9915399292740851,0.007818331816066785,24.473654077744655,26,512,1283,4957,52857,619832,2601,0.010107989655104337,0.02532920063964622,0.0978619232819379,0.0426381664709147
411,3.2332381932896537e-06,0.9915251364878307,0.007863274473528841,24.473654077744655,26,694,1611,9343,52974,619832,2862,0.013701064102817207,0.03180463151244744,0.18445106903835903,0.0427325468836717
412,4.5774023269210075e-06,0.9915290802131506,0.00784834959247777,24.473654077744655,26,601,1704,39508,53006,619832,2948,0.01186504254437052,0.03364065307089412,0.7799735454958245,0.04275836032989584
413,4.351642457939243e-06,0.9915183896085636,0.007858662963597761,24.473654077744655,26,680,1547,24969,53034,619832,2727,0.013424673760685448,0.030541132805559396,0.49294217519199257,0.04278094709534196
414,3.847022903047868e-06,0.9915338560808125,0.00781905783276728,24.473654077744655,26,697,1553,3633,53042,619832,2755,0.013760290604702585,0.030659585809330148,0.07172329378319152,0.042787400456897995
415,2.567935867632362e-06,0.9915401096249173,0.007816392237552395,24.473654077744655,26,518,1309,5059,53067,619832,2609,0.010226442658875092,0.025842496989319487,0.0998756243460407,0.04280756721176061
416,3.2151627589288614e-06,0.9915262548347812,0.007861112646415461,24.473654077744655,26,689,1582,9711,53076,619832,2841,0.013602353266341578,0.031232108660888793,0.19171618660296527,0.04281482724351114
417,4.905463849977993e-06,0.99152948028401,0.007848113840088615,24.473654077744655,26,552,1372,37102,53102,619832,2703,0.010897676346909364,0.027086253528912405,0.7324738909837522,0.04283580066856826
418,4.230459827101433e-06,0.9915167910122366,0.00786116211415668,24.473496140406294,26,678,1567,25383,53124,619828,2743,0.013385189426095196,0.030935976151461906,0.5011154324521746,0.04285382396406745
419,3.824732444287638e-06,0.9915329724104326,0.007821887022497543,24.473496140406294,26,687,1552,3665,53138,619828,2742,0.013562868931751328,0.030639843642035022,0.07235504313663554,0.042865117419671264
420,2.6373197861536875e-06,0.9915403116735487,0.007817364779446825,24.473496140406294,26,518,1291,5004,53157,619828,2625,0.010226442658875092,0.025487137978007227,0.0987898051448088,0.04288044425227644
421,3.3431095477111284e-06,0.9915253406949264,0.007862094849525726,24.473496140406294,26,709,1626,10101,53170,619828,2890,0.013997196612244092,0.03210076402187432,0.19941563184806427,0.04289093103247998
422,4.621320633196138e-06,0.9915290744592314,0.007845797552168332,24.473496140406294,26,612,1704,40637,53209,619828,2948,0.012082206384616902,0.03364065307089412,0.8022624523720214,0.0429223913730906
423,4.244065746062869e-06,0.9915174585147941,0.00785826474266171,24.473496140406294,26,689,1560,30750,53226,619828,2748,0.013602353266341578,0.03079778098039603,0.607071644325114,0.04293610485489523
424,3.8236416038757655e-06,0.9915339760287787,0.007819838088416447,24.473496140406294,26,691,1536,3725,53238,619828,2730,0.01364183760093183,0.030323968965313013,0.07353957317434308,0.042945784959698495
425,2.592806572059067e-06,0.991541103481717,0.007816893432988926,24.473496140406294,26,512,1299,5235,53261,619828,2617,0.010107989655104337,0.02564507531636823,0.10335024578998282,0.04296433849390476
426,3.2347631142260373e-06,0.9915271751899379,0.007861892270883042,24.473496140406294,26,715,1611,10831,53282,619828,2885,0.014115649616014846,0.03180463151244744,0.21382741397350602,0.042981278677310476
427,4.921469213012732e-06,0.9915292194813136,0.007846740629768771,24.473496140406294,26,556,1402,29574,53301,619828,2724,0.010976645016089866,0.027678518547766175,0.5838548555860462,0.04299660550991565
428,4.201470675641954e-06,0.9915176049704794,0.007858762622090981,24.473496140406294,26,685,1558,27898,53323,619828,2741,0.013523384597161077,0.030758296645805778,0.5507669831994156,0.04301435236872164
429,3.7517819681674707e-06,0.991533312188756,0.007820343174710512,24.473496140406294,26,684,1549,3936,53334,619828,2735,0.01350364242986595,0.030580617140149646,0.0777051704736146,0.04302322579812464
430,2.5715608588763824e-06,0.9915400984321318,0.007818244723069096,24.473496140406294,26,511,1276,4971,53343,619828,2588,0.010088247487809211,0.02519100546858034,0.09813831362406965,0.043030485876727094
431,3.2173012401148457e-06,0.991525667579496,0.007862998394479756,24.473496140406294,26,705,1621,10240,53352,619828,2883,0.013918227943063589,0.03200205318539869,0.20215979310208676,0.04303774595532954
432,4.497880673645288e-06,0.9915279580250118,0.007847821404712067,24.473496140406294,26,612,1712,35823,53380,619828,2960,0.012082206384616902,0.033798590409255126,0.7072236590132864,0.04306033286653717
433,4.231230494016826e-06,0.9915174257815541,0.007859129444636789,24.473496140406294,26,680,1542,23399,53389,619828,2722,0.013424673760685448,0.030442421969083765,0.4619469725386453,0.04306759294513962
434,3.871787992449863e-06,0.9915338159588579,0.007820011052778233,24.473496140406294,26,678,1541,3650,53398,619828,2724,0.013385189426095196,0.03042267980178864,0.07205891062720865,0.04307485302374207
435,2.5883771307772937e-06,0.991540972441191,0.00781687420502161,24.473496140406294,26,521,1310,4727,53428,619828,2631,0.010285669160760468,0.025862239156614612,0.093321224804059,0.04309905328575024
436,3.2554490789093396e-06,0.9915263669356452,0.00786212990731429,24.473496140406294,26,715,1630,11859,53462,619828,2919,0.014115649616014846,0.03217973269105483,0.23412236195289518,0.0431264802493595
437,4.939879951325522e-06,0.9915287295349023,0.00784706174872508,24.473496140406294,26,554,1438,39039,53476,619828,2747,0.010937160681499615,0.028389236570390698,0.7707144690344105,0.043137773704963314
438,4.202352253949304e-06,0.9915174174093537,0.007858718711992629,24.473496140406294,26,687,1566,26068,53481,619828,2751,0.013562868931751328,0.03091623398416678,0.5146388170493357,0.043141807081964675
439,3.8065425388052986e-06,0.9915340062189536,0.007820011111295343,24.473496140406294,26,687,1562,3841,53497,619828,2751,0.013562868931751328,0.03083726531498628,0.07582966458057766,0.04315471388836903
440,2.6734594376128898e-06,0.9915412460487127,0.007817180998496211,24.473496140406294,26,515,1276,5181,53522,619828,2605,0.010167216156989714,0.02519100546858034,0.10228416875604604,0.04317488077337584
441,3.2604957383761537e-06,0.9915263155751385,0.007862236610096779,24.473496140406294,26,708,1622,11545,53531,619828,2883,0.013977454444948967,0.03202179535269382,0.22792332142222574,0.04318214085197829
442,4.5286488405322334e-06,0.9915285677492967,0.007846850178016179,24.473496140406294,26,613,1708,45844,53548,619828,2957,0.01210194855191203,0.033719621740074625,0.9050599174777407,0.043195854333782924
443,4.259029376799487e-06,0.9915167152943791,0.007859469514452277,24.473496140406294,26,684,1555,42264,53554,619828,2738,0.01350364242986595,0.0306990701439204,0.8343829585611908,0.043200694386184554
444,3.82168024870509e-06,0.9915339639456325,0.00781984177861499,24.473496140406294,26,686,1538,3725,53565,619828,2727,0.013543126764456202,0.030363453299903264,0.07353957317434308,0.04320956781558755
445,2.5689237554507735e-06,0.9915407491923285,0.00781730345008282,24.473496140406294,26,516,1286,5045,53575,619828,2606,0.01018695832428484,0.025388427141531597,0.09959923400390895,0.043217634569590276
446,3.2327291845450377e-06,0.9915261953602913,0.007862624501020215,24.473496140406294,26,710,1619,11956,53581,619828,2896,0.014016938779539218,0.03196256885080844,0.23603735218052238,0.043222474621991906
447,4.85739163232918e-06,0.9915286902814433,0.007847119960743023,24.473496140406294,26,565,1441,42450,53600,619828,2765,0.011154324521745997,0.028448463072276074,0.8380550016780842,0.04323780145459708
448,4.176764199458471e-06,0.9915174204849234,0.007858708259494179,24.473496140406294,26,684,1559,25367,53605,619828,2741,0.01350364242986595,0.030778038813100903,0.5007995577754526,0.04324183483159844
449,3.721006330386804e-06,0.991533510966226,0.007820378094587204,24.473496140406294,26,687,1581,3881,53612,619828,2771,0.013562868931751328,0.031212366493593668,0.07661935127238269,0.04324748155940035
450,2.6404334464698006e-06,0.9915401764072203,0.007818224630413722,24.473496140406294,26,517,1273,5078,53622,619828,2616,0.010206700491579965,0.025131778966694964,0.1002507255246481,0.04325554831340307
451,3.3770107069888734e-06,0.991525860859564,0.007862986807010298,24.473496140406294,26,709,1606,12144,53633,619828,2872,0.013997196612244092,0.031705920675971805,0.239748879632006,0.04326442174280607
452,4.626427311726486e-06,0.9915289731151733,0.007845991271728055,24.473496140406294,26,604,1705,36708,53647,619828,2953,0.011924269046255898,0.03366039523818925,0.7246954770694727,0.04327571519840988
453,4.250014661822607e-06,0.9915174079922289,0.00785786326285922,24.473496140406294,26,682,1549,31088,53663,619828,2731,0.0134641580952757,0.030580617140149646,0.6137444968708665,0.04328862200481424
454,3.832503608770593e-06,0.9915341460077665,0.007818781354726544,24.473496140406294,26,683,1528,3782,53688,619828,2714,0.013483900262570825,0.030166031626952007,0.07466487671016524,0.043308788889821044
455,2.546929299302573e-06,0.9915408080957527,0.007817090208571034,24.473496140406294,26,514,1283,5190,53699,619828,2623,0.010147473989694589,0.02532920063964622,0.10246184826170217,0.04331766231922404
456,3.23019218371635e-06,0.9915266077229701,0.007863334831075834,24.473496140406294,26,729,1629,13885,53725,619828,2915,0.014392039958146606,0.0321599905237597,0.2741199928928198,0.043338635879631125
457,4.875854489172837e-06,0.9915280292375878,0.007847012773420496,24.473496140406294,26,563,1452,50937,53754,619828,2771,0.011114840187155747,0.028665626912522457,1.0056067755118157,0.04336202946623902
458,4.130188410813692e-06,0.9915173450671073,0.00785814717678068,24.473496140406294,26,683,1559,40347,53772,619828,2740,0.013483900262570825,0.030778038813100903,0.796537223856435,0.04337654962344392
459,3.7529576017110657e-06,0.9915342382931978,0.007819669004965895,24.473496140406294,26,678,1565,4044,53784,619828,2744,0.013385189426095196,0.030896491816871655,0.07983732454148816,0.04338622972824719
460,2.675234279921959e-06,0.9915413713519269,0.007817730167486948,24.473496140406294,26,512,1253,4982,53794,619828,2589,0.010107989655104337,0.02473693562079245,0.09835547746431603,0.04339429648224991
461,3.3309987820120922e-06,0.9915255338956391,0.007863346669646318,24.473496140406294,26,708,1614,13381,53820,619828,2875,0.013977454444948967,0.031863858014332815,0.26416994057607646,0.043415270042656995
462,4.603635211685714e-06,0.9915267565620182,0.007847446392000369,24.473496140406294,26,607,1688,41459,53837,619828,2942,0.011983495548141276,0.03332477839417211,0.8184905138886147,0.043428983524461624
463,4.2355562580224295e-06,0.9915169948231435,0.007858594323720056,24.473496140406294,26,680,1553,26034,53853,619828,2733,0.013424673760685448,0.030659585809330148,0.5139675833613014,0.043441890330865984
464,3.861191353935027e-06,0.9915349899877082,0.007818958241578725,24.473496140406294,26,678,1539,3728,53868,619828,2721,0.013385189426095196,0.03038319546719839,0.07359879967622845,0.04345399046187007
465,2.5645359586344594e-06,0.9915420478375218,0.007815904574115642,24.473496140406294,26,523,1330,4953,53877,619828,2645,0.010325153495350719,0.026257082502517126,0.09778295461275739,0.04346125054047252
466,3.2634953816482083e-06,0.9915275182730588,0.007861580738941524,24.473496140406294,26,724,1611,14641,53908,619828,2889,0.014293329121670978,0.03180463151244744,0.2890450713679348,0.04348625747788096
467,4.877796710613281e-06,0.9915267165357078,0.007848108731069916,24.473496140406294,26,560,1393,46943,53925,619828,2728,0.011055613685270369,0.027500839042110044,0.9267565593350838,0.04349997095968559
468,4.084535548333176e-06,0.9915160452448277,0.007860514446416628,24.473496140406294,26,680,1566,25016,53941,619828,2744,0.013424673760685448,0.03091623398416678,0.4938700570548635,0.04351287776608995
469,3.6941227960520485e-06,0.9915336846808303,0.007821373388495926,24.473496140406294,26,674,1579,4010,53945,619828,2755,0.013306220756914695,0.031172882159003417,0.07916609085345389,0.04351610446769104
470,2.5886758620666985e-06,0.991541044206005,0.0078184279706344,24.473496140406294,26,512,1258,4984,53951,619828,2610,0.010107989655104337,0.02483564645726808,0.09839496179890628,0.04352094452009267
471,3.3403586691209954e-06,0.9915262175866366,0.007863573167586008,24.473496140406294,26,721,1643,12200,53963,619828,2917,0.0142341026197856,0.032436380865891457,0.24085444100053305,0.04353062462489594
472,4.663549980941209e-06,0.9915281163334625,0.007846639137532054,24.473496140406294,26,613,1740,39508,53996,619828,2986,0.01210194855191203,0.03435137109351865,0.7799735454958245,0.04355724491310493
473,4.317828379762385e-06,0.9915174347111084,0.007857460309412466,24.473496140406294,26,686,1548,40752,54007,619828,2734,0.013543126764456202,0.03056087497285452,0.8045328016109609,0.04356611834250792
474,3.8840573888515745e-06,0.9915344216031323,0.007818057723763277,24.473496140406294,26,687,1534,3722,54025,619828,2725,0.013562868931751328,0.03028448463072276,0.0734803466724577,0.043580638499712825
475,2.560827857304584e-06,0.991540837552388,0.007816417657799151,24.473496140406294,26,519,1329,4850,54035,619828,2646,0.010246184826170218,0.026237340335222,0.09574951138135944,0.04358870525371555
476,3.1959024120772655e-06,0.9915269063995538,0.007862081125148197,24.473496140406294,26,722,1641,15109,54048,619828,2920,0.014253844787080725,0.032396896531301206,0.29828440566205355,0.043599192033919085
477,4.881637308068182e-06,0.9915276103816635,0.007848177439465531,24.473496140406294,26,560,1400,39296,54063,619828,2739,0.011055613685270369,0.02763903421317592,0.7757882060292579,0.043611292164923175
478,4.110642829039287e-06,0.9915164511058964,0.007860250168942214,24.473496140406294,26,684,1575,23567,54081,619828,2757,0.01350364242986595,0.031093913489822912,0.4652636566442264,0.043625812322128074
479,3.7728051616218023e-06,0.9915336177813433,0.007821201837807202,24.473496140406294,26,677,1584,4046,54092,619828,2762,0.01336544725880007,0.03127159299547904,0.07987680887607841,0.04363468575153107
480,2.6629448500590986e-06,0.9915407556307623,0.007818046011929728,24.473496140406294,26,517,1256,5009,54097,619828,2597,0.010206700491579965,0.024796162122677826,0.09888851598128442,0.043638719128532434
481,3.3192379642415814e-06,0.9915259301931169,0.007862744169987475,24.473496140406294,26,716,1626,11933,54111,619828,2895,0.014135391783309971,0.03210076402187432,0.23558328233273448,0.04365001258413624
482,4.5848460324586495e-06,0.9915271898162302,0.007847253463431703,24.473496140406294,26,613,1704,44469,54124,619828,2960,0.01210194855191203,0.03364065307089412,0.877914437446943,0.043660499364339786
483,4.255060113639958e-06,0.991516887154278,0.007858761119368318,24.473496140406294,26,685,1547,27161,54131,619828,2732,0.013523384597161077,0.030541132805559396,0.536217005902908,0.04366614609214169
484,3.952215836876821e-06,0.9915344152246828,0.00781970388310413,24.473496140406294,26,686,1532,3684,54139,619828,2722,0.013543126764456202,0.03024500029613251,0.07273014431524293,0.04367259949534387
485,2.666853756087674e-06,0.9915417297601382,0.007815845984343603,24.473496140406294,26,526,1317,4932,54163,619828,2643,0.010384379997236097,0.026000434327680493,0.09736836909955975,0.043691959704950406
486,3.4169941368498662e-06,0.9915278298101188,0.007861056643660456,24.473496140406294,26,676,1546,14897,54186,619828,2778,0.013345705091504945,0.03052139063826427,0.2940990661954869,0.043710513239156666
487,4.856494841527006e-06,0.991527086427581,0.007847448167119013,24.473496140406294,26,556,1421,40440,54199,619828,2743,0.010976645016089866,0.02805361972637356,0.7983732454148816,0.04372100001936021
488,4.0892288544903165e-06,0.9915162826378371,0.007860340249197437,24.473496140406294,26,688,1577,31824,54215,619828,2763,0.013582611099046453,0.031133397824413163,0.628274732000079,0.043733906825764564
489,3.7713934976869556e-06,0.9915342182309457,0.007821013958629783,24.473496140406294,26,679,1577,4043,54217,619828,2757,0.013404931593390323,0.031133397824413163,0.07981758237419304,0.04373552017656511
490,2.6179044450515533e-06,0.9915407241928113,0.007818336175838585,24.473496140406294,26,519,1285,5032,54218,619828,2613,0.010246184826170218,0.02536868497423647,0.09934258582907232,0.043736326851965386
491,3.257907624669504e-06,0.9915260775087521,0.007862797025531977,24.473496140406294,26,719,1643,12767,54221,619828,2915,0.014194618285195349,0.032436380865891457,0.2520482498568693,0.0437387468781662
492,4.540589599604746e-06,0.9915272105849252,0.007847339821146378,24.473496140406294,26,615,1711,24642,54231,619828,2969,0.01214143288650228,0.03377884824196,0.4864864864864865,0.043746813632168924
493,4.197068207863903e-06,0.9915172826236502,0.007858751124681547,24.473496140406294,26,686,1549,23088,54248,619828,2734,0.013543126764456202,0.030580617140149646,0.4558071585098612,0.04376052711397355
494,3.906051576246899e-06,0.9915348187092758,0.00781922676487326,24.473496140406294,26,673,1531,3885,54261,619828,2708,0.013286478589619568,0.030225258128837383,0.07669831994156319,0.04377101389417709
495,2.752573442391588e-06,0.9915407585279425,0.007817946093750474,24.473496140406294,26,517,1257,4519,54269,619828,2579,0.010206700491579965,0.02481590428997295,0.08921485400667285,0.043777467297379274
496,3.4888085074485548e-06,0.9915274129263197,0.007861188025535024,24.473496140406294,26,638,1498,11878,54291,619828,2706,0.01259550273429017,0.029573766608098236,0.23449746313150258,0.043795214156185265
497,4.903683084969662e-06,0.9915286220751166,0.007846990279705549,24.473496140406294,26,530,1364,21452,54300,619828,2677,0.0104633486664166,0.0269283161905514,0.42350897281503563,0.04380247423478772
498,4.1547519495521694e-06,0.9915170948065853,0.0078607006115551,24.473496140406294,26,677,1568,20103,54319,619828,2743,0.01336544725880007,0.030955718318757035,0.3968767891339111,0.043817801067392886
499,3.849046990068148e-06,0.9915340827847048,0.007821398386246983,24.473496140406294,26,673,1578,3833,54328,619828,2753,0.013286478589619568,0.031153139991708288,0.07567172724221664,0.04382506114599534
500,2.6853968284016237e-06,0.9915409664126874,0.00781835560999334,24.473496140406294,26,522,1303,5210,54344,619828,2622,0.010305411328055594,0.025724043985548735,0.10285669160760469,0.0438379679523997
501,3.3758204691249564e-06,0.9915257799441358,0.007862127600654377,24.473496140406294,26,727,1621,11760,54351,619828,2901,0.014352555623556354,0.03200205318539869,0.23216788739067776,0.043843614680201606
502,4.591152787677573e-06,0.9915276351106872,0.007845871589348562,24.473338203067932,26,616,1711,30788,54378,619824,2960,0.012161175053797406,0.03377884824196,0.6078218466823287,0.043865677998915824
503,4.197873482463433e-06,0.9915174561477544,0.007858080865232198,24.473338203067932,26,679,1557,24971,54392,619824,2734,0.013404931593390323,0.030738554478510653,0.49298165952658285,0.043876971527401325
504,3.821455520376243e-06,0.9915346741000024,0.0078192599168026,24.473338203067932,26,670,1531,3898,54401,619824,2703,0.013227252087734192,0.030225258128837383,0.07695496811639982,0.04388423165285629
505,2.5891632465753437e-06,0.9915407100031745,0.007818345320881614,24.473338203067932,26,510,1260,4843,54413,619824,2574,0.010068505320514086,0.02487513079185833,0.09561131621029356,0.04389391182012958
506,3.269422070576787e-06,0.9915268466658275,0.007863418647752769,24.473338203067932,26,711,1614,13309,54447,619824,2879,0.014036680946834343,0.031863858014332815,0.2627485045308274,0.043921338960737244
507,5.089125038020915e-06,0.9915275462066588,0.007848357624884651,24.473338203067932,26,548,1372,22478,54456,619824,2699,0.010818707677728861,0.027086253528912405,0.44376443645983454,0.04392859908619221
508,4.288757386716637e-06,0.9915182766953387,0.007858227883461529,24.473338203067932,26,686,1568,20392,54465,619824,2752,0.013543126764456202,0.030955718318757035,0.40258227548220243,0.04393585921164718
509,3.843926614030192e-06,0.9915341766621038,0.007819272425859043,24.473338203067932,26,690,1531,3799,54470,619824,2725,0.013622095433636705,0.030225258128837383,0.07500049355418238,0.04393989261467771
510,2.602043303806257e-06,0.9915397182473258,0.007817621317875795,24.473338203067932,26,524,1254,4861,54546,619824,2618,0.010344895662645846,0.024756677788087576,0.09596667522160583,0.04400120034074189
511,3.3974606928424626e-06,0.9915251660012212,0.007864265964994207,24.473338203067932,26,712,1619,10754,54554,619824,2888,0.01405642311412947,0.03196256885080844,0.21230726709178133,0.044007653785590746
512,4.672355936080221e-06,0.9915284250301618,0.007846702532893058,24.473338203067932,26,605,1714,26675,54562,619824,2953,0.011944011213551023,0.03383807474384538,0.5266223125974769,0.04401410723043961
513,4.19055238454976e-06,0.9915181271939335,0.00785810018398573,24.473338203067932,26,684,1558,35454,54569,619824,2741,0.01350364242986595,0.030758296645805778,0.6999387992813851,0.04401975399468236
514,3.7844541415904645e-06,0.9915349443829045,0.007818834584710471,24.473338203067932,26,678,1549,3826,54574,619824,2727,0.013385189426095196,0.030580617140149646,0.07553353207115077,0.0440237873977129
515,2.521546228805759e-06,0.9915406348810702,0.007817537866097448,24.473338203067932,26,518,1308,5181,54579,619824,2637,0.010226442658875092,0.02582275482202436,0.10228416875604604,0.04402782080074344
516,3.268244203288579e-06,0.9915252174014687,0.007864437921387806,24.473338203067932,26,726,1620,16482,54585,619824,2903,0.014332813456261228,0.03198231101810357,0.3253904013582611,0.044032660884380084
517,5.016118027250597e-06,0.991528335564611,0.007847025786834124,24.473338203067932,26,550,1396,41863,54601,619824,2717,0.010858192012319112,0.02756006554399542,0.8264663494758454,0.0440455677740778
518,4.197830570722506e-06,0.9915179631346029,0.007857874758692754,24.473338203067932,26,678,1543,23844,54615,619824,2720,0.013385189426095196,0.03046216413637889,0.47073223698497624,0.04405686130256331
519,3.803565492685335e-06,0.9915347980637539,0.007819349259676292,24.473338203067932,26,683,1540,3876,54621,619824,2724,0.013483900262570825,0.030402937634493515,0.07652064043590705,0.044061701386199956
520,2.645444087270907e-06,0.9915406061804938,0.007818204586291871,24.473338203067932,26,514,1258,4913,54628,619824,2592,0.010147473989694589,0.02483564645726808,0.09699326792095236,0.044067348150442706
521,3.2721594662797745e-06,0.9915251892701595,0.007864114485321413,24.473338203067932,26,710,1614,11096,54648,619824,2881,0.014016938779539218,0.031863858014332815,0.2190590883067143,0.04408348176256486
522,4.578554663673367e-06,0.991528035866723,0.007847715763447564,24.473338203067932,26,614,1712,31569,54666,619824,2963,0.012121690719207155,0.033798590409255126,0.623240479339822,0.044098002013474795
523,4.265542630535792e-06,0.9915176615373705,0.007858371212493187,24.473338203067932,26,682,1537,25551,54669,619824,2719,0.0134641580952757,0.03034371113260814,0.5044321165577557,0.04410042205529312
524,3.861747909593087e-06,0.9915338371524052,0.007819483205648198,24.473338203067932,26,679,1533,3700,54675,619824,2716,0.013404931593390323,0.030264742463427634,0.07304601899196493,0.04410526213892976
525,2.615102671632801e-06,0.9915409788084694,0.007817092059666303,24.473338203067932,26,520,1288,4652,54688,619824,2616,0.010265926993465343,0.025427911476121848,0.09184056225692457,0.04411574898680916
526,3.286862648122192e-06,0.9915261185980295,0.007863199397679292,24.473338203067932,26,710,1619,11544,54698,619824,2901,0.014016938779539218,0.03196256885080844,0.2279035792549306,0.04412381579287023
527,4.966837709142461e-06,0.9915278032780246,0.007848156201116693,24.473338203067932,26,558,1425,29677,54703,619824,2738,0.011016129350680118,0.028132588395554065,0.5858882988174442,0.04412784919590077
528,4.2218461431028384e-06,0.9915170346205299,0.007858814873914807,24.473338203067932,26,680,1548,25882,54715,619824,2726,0.013424673760685448,0.03056087497285452,0.5109667739324423,0.04413752936317406
529,3.7429171649771997e-06,0.9915339059657984,0.007819990390632116,24.473338203067932,26,674,1526,3749,54720,619824,2702,0.013306220756914695,0.030126547292361756,0.0740133851894261,0.0441415627662046
530,2.6146335301898677e-06,0.9915409261056373,0.007818007948826113,24.473338203067932,26,509,1230,5119,54725,619824,2578,0.01004876315321896,0.02428286577300456,0.10106015438374825,0.044145596169235135
531,3.4146305921734794e-06,0.9915258250483656,0.007864203286330933,24.473338203067932,26,712,1599,11914,54734,619824,2868,0.01405642311412947,0.03156772550490593,0.2352081811541271,0.0441528562946901
532,4.699051543622309e-06,0.9915282597339644,0.007846843741142943,24.473338203067932,26,611,1683,41328,54738,619824,2932,0.012062464217321777,0.033226067557696484,0.8159042899729533,0.04415608301711454
533,4.206696481431123e-06,0.9915179183867815,0.00785664198678204,24.473338203067932,26,679,1546,38517,54745,619824,2725,0.013404931593390323,0.03052139063826427,0.760409057706355,0.04416172978135729
534,3.751093753371731e-06,0.9915347414727067,0.007818217686116591,24.473338203067932,26,678,1539,3723,54749,619824,2718,0.013385189426095196,0.03038319546719839,0.07350008883975283,0.044164956503781716
535,2.5429213662390006e-06,0.9915406629154534,0.007817801623819084,24.473338203067932,26,508,1289,4992,54759,619824,2606,0.010029020985923835,0.025447653643416973,0.0985528991372673,0.044173023309842796
536,3.2301780972568573e-06,0.9915257867465344,0.007864283605836539,24.473338203067932,26,712,1598,10704,54770,619824,2872,0.01405642311412947,0.0315479833376108,0.21132015872702506,0.044181896796509974
537,4.901900932751592e-06,0.991527837806089,0.007848272353605877,24.473338203067932,26,550,1419,33585,54778,619824,2733,0.010858192012319112,0.02801413539178331,0.6630406886067952,0.04418835024135884
538,4.136347376219165e-06,0.9915179575727483,0.007857826909719411,24.473338203067932,26,673,1552,22061,54781,619824,2725,0.013286478589619568,0.030639843642035022,0.4355319526977672,0.04419077028317716
539,3.7112390877602736e-06,0.991534547864513,0.00781946060184115,24.473338203067932,26,670,1556,3929,54797,619824,2728,0.013227252087734192,0.030718812311215524,0.07756697530254872,0.04420367717287488
540,2.5876123458430225e-06,0.9915407449019098,0.007817920677411983,24.473338203067932,26,512,1267,4963,54807,619824,2596,0.010107989655104337,0.02501332596292421,0.09798037628570865,0.04421174397893596
541,3.3056870236593825e-06,0.9915254337163515,0.007863931155793976,24.473338203067932,26,712,1605,10361,54817,619824,2873,0.01405642311412947,0.03168617850867668,0.20454859534479694,0.04421981078499703
542,4.6085493136539345e-06,0.991527350699132,0.00784783961805892,24.473338203067932,26,606,1658,44878,54823,619824,2915,0.011963753380846149,0.032732513375318344,0.8859889838706493,0.044224650868633676
543,4.174389783934104e-06,0.9915174140017352,0.007858233396781007,24.473338203067932,26,673,1543,25165,54839,619824,2717,0.013286478589619568,0.03046216413637889,0.4968116399818372,0.044237557758331394
544,3.716297246625641e-06,0.9915349755428868,0.007819063213713714,24.473338203067932,26,674,1554,3880,54861,619824,2728,0.013306220756914695,0.030679327976625273,0.07659960910508756,0.044255304731665765
545,2.5248878691267522e-06,0.9915416123814065,0.007817189726066884,24.473338203067932,26,510,1259,5287,54868,619824,2606,0.010068505320514086,0.024855388624563206,0.10437683848932935,0.044260951495908515
546,3.2868415013390695e-06,0.9915263385434817,0.007863875729690994,24.473338203067932,26,715,1609,12623,54880,619824,2884,0.014115649616014846,0.03176514717785719,0.2492053777663712,0.044270631663181806
547,5.005789227018283e-06,0.9915284658640859,0.007847044955322277,24.473338203067932,26,549,1422,30959,54901,619824,2730,0.010838449845023987,0.028073361893668686,0.6111977572897953,0.044287571955910064
548,4.198721974811117e-06,0.9915183800417411,0.007856728966012054,24.473338203067932,26,676,1545,33643,54908,619824,2721,0.013345705091504945,0.03050164847096914,0.6641857343099126,0.044293218720152815
549,3.7211178474512025e-06,0.9915346582062415,0.007818719815663424,24.473338203067932,26,678,1535,3958,54914,619824,2714,0.013385189426095196,0.030304226798017888,0.07813949815410735,0.04429805880378946
550,2.56941178705024e-06,0.991540314513687,0.007818346815922497,24.473338203067932,26,508,1258,4889,54937,619824,2579,0.010029020985923835,0.02483564645726808,0.09651945590586934,0.044316612457729936
551,3.24048571684812e-06,0.9915252032183531,0.007864579686185407,24.473338203067932,26,711,1604,11096,54951,619824,2875,0.014036680946834343,0.031666436341381554,0.2190590883067143,0.04432790598621544
552,4.545505152549666e-06,0.9915273606325995,0.007848361897391647,24.473338203067932,26,614,1675,38515,54961,619824,2940,0.012121690719207155,0.03306813021933548,0.7603695733717648,0.044335972792276516
553,4.135301140489262e-06,0.9915174855056775,0.007858070250550062,24.473338203067932,26,676,1554,25313,54971,619824,2731,0.013345705091504945,0.030679327976625273,0.4997334807415158,0.04434403959833759
554,3.6983269876930275e-06,0.9915347391839422,0.007818910014257961,24.473338203067932,26,673,1561,3852,54973,619824,2736,0.013286478589619568,0.030817523147691154,0.07604682842082404,0.04434565295954981
555,2.5135912187173358e-06,0.9915408528804461,0.007817708619023294,24.473338203067932,26,509,1242,5032,54976,619824,2588,0.01004876315321896,0.024519771780546068,0.09934258582907232,0.04434807300136813
556,3.3039893809206253e-06,0.9915254733527566,0.007864653727348713,24.473338203067932,26,706,1595,12413,54988,619824,2868,0.013937970110358714,0.031488756835725426,0.24505952263439482,0.04435775316864142
557,5.06759669989418e-06,0.9915286492980909,0.007847530274244098,24.473338203067932,26,537,1395,34961,54994,619824,2701,0.010601543837482479,0.027540323376700294,0.6902059108048881,0.044362593252278065
558,4.190681500898526e-06,0.9915183700084069,0.007857055049459175,24.473338203067932,26,678,1557,32496,55014,619824,2735,0.013385189426095196,0.030738554478510653,0.6415414684224034,0.04437872686440022
559,3.7463310391712655e-06,0.9915346738833943,0.007818647192969163,24.473338203067932,26,682,1558,3947,55016,619824,2740,0.0134641580952757,0.030758296645805778,0.07792233431386097,0.04438034022561243
560,2.6123094989727046e-06,0.9915408832475825,0.00781741197341821,24.473338203067932,26,517,1306,5215,55043,619824,2629,0.010206700491579965,0.02578327048743411,0.10295540244408032,0.04440212060197733
561,3.256165174169691e-06,0.9915257424095937,0.007863535744589782,24.473338203067932,26,726,1620,16573,55057,619824,2902,0.014332813456261228,0.03198231101810357,0.32718693858211756,0.04441341413046284
562,4.511707329741034e-06,0.9915269353746695,0.007847833872431736,24.473338203067932,26,625,1699,53769,55080,619824,2964,0.012338854559453537,0.0335419422344185,1.0615165932916115,0.044431967784403316
563,4.139260407735489e-06,0.9915170258792662,0.007858194727384754,24.473338203067932,26,676,1548,23096,55080,619824,2725,0.013345705091504945,0.03056087497285452,0.4559650958482222,0.044431967784403316
564,3.676195140403637e-06,0.9915345646150066,0.007819259574921775,24.473338203067932,26,675,1557,3868,55081,619824,2732,0.01332596292420982,0.030738554478510653,0.07636270309754604,0.04443277446500942
565,2.4930261035494944e-06,0.99154126887844,0.007817740707707977,24.473338203067932,26,507,1237,5018,55087,619824,2581,0.01000927881862871,0.02442106094407044,0.09906619548694055,0.044437614548646066
566,3.2679437021590093e-06,0.9915259910857631,0.007864900739776715,24.473338203067932,26,705,1596,14573,55092,619824,2874,0.013918227943063589,0.03150849900302055,0.2877026039918662,0.044441647951676606
567,4.983900745798308e-06,0.9915280193331449,0.007847926484149802,24.473338203067932,26,549,1404,38911,55109,619824,2722,0.010838449845023987,0.027718002882356426,0.7681874716206345,0.04445536152198043
568,4.156416979244322e-06,0.9915182276407073,0.007857029129493506,24.473338203067932,26,678,1547,31297,55120,619824,2725,0.013385189426095196,0.030541132805559396,0.6178706098355478,0.044464235008647615
569,3.7120995011758802e-06,0.9915345909694203,0.00781883113877774,24.473338203067932,26,676,1553,3866,55131,619824,2731,0.013345705091504945,0.030659585809330148,0.0763232187629558,0.0444731084953148
570,2.620666931449253e-06,0.9915406320002652,0.007817955690673029,24.473338203067932,26,511,1279,4927,55137,619824,2596,0.010088247487809211,0.025250231970465716,0.09726965826308412,0.044477948578951446
571,3.3126473671085327e-06,0.9915258341115464,0.007863883662243781,24.473338203067932,26,712,1603,16056,55156,619824,2875,0.01405642311412947,0.03164669417408643,0.3169802380905376,0.044493275510467487
572,4.525278894781048e-06,0.9915271690475452,0.007847856530284681,24.473338203067932,26,617,1713,44171,55171,619824,2970,0.012180917221092531,0.03381833257655025,0.8720312715929954,0.0445053757195591
573,4.158751682180509e-06,0.9915170499896866,0.007858265705307954,24.473338203067932,26,678,1550,23399,55177,619824,2729,0.013385189426095196,0.03060035930744477,0.4619469725386453,0.044510215803195745
574,3.726461933144318e-06,0.9915345714140497,0.007818849211094655,24.473338203067932,26,673,1556,3896,55188,619824,2729,0.013286478589619568,0.030718812311215524,0.07691548378180957,0.04451908928986293
575,2.4800897257696417e-06,0.9915411189583796,0.007817449866706802,24.473338203067932,26,513,1272,5279,55202,619824,2622,0.010127731822399464,0.02511203679939984,0.10421890115096835,0.04453038281834843
576,3.2748709090268454e-06,0.9915259329646601,0.007864291367276795,24.473338203067932,26,718,1592,11856,55206,619824,2881,0.014174876117900224,0.03142953033384005,0.23406313545100982,0.044533609540772866
577,5.012457496180454e-06,0.9915282007253843,0.007847450749945627,24.473338203067932,26,541,1398,38668,55216,619824,2708,0.010680512506662982,0.02759954987858567,0.763390124967919,0.04454167634683394
578,4.123168405569963e-06,0.991518799489158,0.007856664735871599,24.473338203067932,26,669,1552,35226,55233,619824,2721,0.013207509920439066,0.030639843642035022,0.6954375851380965,0.04455538991713777
579,3.7032989010359433e-06,0.9915351736777603,0.00781908333671831,24.473338203067932,26,674,1552,3959,55318,619824,2726,0.013306220756914695,0.030639843642035022,0.07815924032140248,0.04462395776865691
580,2.6303883885567565e-06,0.9915406201403358,0.007818699574262594,24.473338203067932,26,506,1261,4933,55322,619824,2573,0.009989536651333583,0.024894872959153456,0.09738811126685487,0.04462718449108134
581,3.289078548065128e-06,0.9915249159118767,0.007864723671095492,24.473338203067932,26,703,1597,14989,55326,619824,2857,0.013878743608473338,0.03152824117031568,0.2959153455866385,0.04463041121350577
582,4.5692299747538304e-06,0.9915268715436346,0.007848294089272874,24.473338203067932,26,604,1669,43200,55347,619824,2924,0.011924269046255898,0.03294967721556472,0.8528616271494285,0.04464735150623403
583,4.208691304275458e-06,0.9915169257080452,0.0078584814334094,24.473338203067932,26,673,1547,22887,55350,619824,2721,0.013286478589619568,0.030541132805559396,0.45183898288354096,0.04464977154805235
584,3.8105382568877046e-06,0.9915348973838263,0.007818980291655907,24.473338203067932,26,675,1540,3706,55356,619824,2717,0.01332596292420982,0.030402937634493515,0.0731644719957357,0.044654611631689
585,2.5670216250414688e-06,0.9915416445684896,0.007816586329214495,24.473338203067932,26,514,1250,5177,55365,619824,2603,0.010147473989694589,0.024677709118907074,0.10220520008686554,0.044661871757143964
586,3.3063438714733e-06,0.9915261500558962,0.0078638027151206,24.473338203067932,26,714,1591,11423,55376,619824,2880,0.01409590744871972,0.031409788166544925,0.2255147770122204,0.04467074524381115
587,5.0197005977568366e-06,0.9915280642806423,0.007847464500091186,24.473338203067932,26,547,1421,29452,55396,619824,2727,0.010798965510433736,0.02805361972637356,0.581446311176041,0.044686878855933296
588,4.178339248551385e-06,0.9915181617151171,0.007857200727122631,24.473338203067932,26,679,1564,30808,55405,619824,2742,0.013404931593390323,0.03087674964957653,0.6082166900282313,0.044694138981388264
589,3.694290239644129e-06,0.9915343758829762,0.00781897744205442,24.473338203067932,26,680,1554,3989,55410,619824,2734,0.013424673760685448,0.030679327976625273,0.07875150534025625,0.044698172384418804
590,2.5800516232382513e-06,0.9915402691753296,0.007818524541339675,24.473338203067932,26,509,1290,4917,55412,619824,2595,0.01004876315321896,0.0254673958107121,0.09707223659013287,0.04469978574563102
591,3.2732483455052045e-06,0.9915258654087595,0.00786416776617977,24.473338203067932,26,718,1601,11974,55498,619824,2877,0.014174876117900224,0.03160720983949618,0.23639271119183464,0.044769160277756265
592,4.546388351570281e-06,0.9915272905063196,0.007848347754600905,24.473338203067932,26,624,1664,42069,55507,619824,2939,0.012319112392158412,0.032850966379089096,0.8305332359386414,0.04477642040321123
593,4.1264603158001475e-06,0.9915171619111999,0.00785833275595563,24.473338203067932,26,673,1551,22316,55512,619824,2725,0.013286478589619568,0.030620101474739897,0.4405662053580242,0.04478045380624177
594,3.711996112756227e-06,0.9915345241964735,0.007819221872976297,24.473338203067932,26,671,1552,3759,55514,619824,2725,0.013246994255029317,0.030639843642035022,0.07421080686237735,0.04478206716745399
595,2.520214147644958e-06,0.9915410868113284,0.007817818216116148,24.473338203067932,26,504,1239,4968,55523,619824,2582,0.009950052316743332,0.024460545278660692,0.09807908712218427,0.04478932729290896
596,3.2861413979359522e-06,0.991525577490697,0.007864638363141186,24.473338203067932,26,708,1608,10694,55537,619824,2883,0.013977454444948967,0.03174540501056206,0.2111227370540738,0.04480062082139446
597,5.0128205237747324e-06,0.9915286754381659,0.007847472421694231,24.473338203067932,26,543,1427,28609,55543,619824,2729,0.010719996841253233,0.028172072730144316,0.5648036641462499,0.044805460905031104
598,4.19941581534436e-06,0.9915181163676441,0.007857006099052606,24.473338203067932,26,673,1554,32363,55545,619824,2727,0.013286478589619568,0.030679327976625273,0.6389157601721517,0.04480707426624332
599,3.77161909944226e-06,0.9915348085428188,0.007818619855604185,24.473338203067932,26,680,1542,3903,55546,619824,2723,0.013424673760685448,0.030442421969083765,0.07705367895287545,0.04480788094684943
600,2.640077497442078e-06,0.9915407062806377,0.00781743570200044,24.473338203067932,26,514,1263,5161,55561,619824,2599,0.010147473989694589,0.024934357293743707,0.10188932541014352,0.04481998115594104
601,3.288365528219988e-06,0.9915253591079077,0.007863821120164996,24.473338203067932,26,705,1608,13062,55571,619824,2871,0.013918227943063589,0.03174540501056206,0.25787218920893135,0.04482804796200212
602,4.605078027722355e-06,0.9915277798175374,0.007847575679912745,24.473338203067932,26,610,1664,42115,55653,619824,2925,0.012042722050026652,0.032850966379089096,0.8314413756342172,0.044894195771702936
603,4.199660765310035e-06,0.991517706505105,0.007857719798226998,24.473338203067932,26,674,1540,30090,55655,619824,2715,0.013306220756914695,0.030402937634493515,0.5940418139103311,0.04489580913291515
604,3.689152480397451e-06,0.9915346724126223,0.007818904990360562,24.473338203067932,26,677,1551,3828,55657,619824,2729,0.01336544725880007,0.030620101474739897,0.07557301640574102,0.04489742249412736
605,2.4841799836206932e-06,0.9915409378734444,0.007817660747599564,24.473338203067932,26,511,1263,4995,55661,619824,2592,0.010088247487809211,0.024934357293743707,0.09861212563915267,0.0449006492165518
606,3.2283112520616164e-06,0.9915259171578702,0.007864454695922946,24.473338203067932,26,707,1604,11665,55735,619824,2871,0.013957712277653841,0.031666436341381554,0.2302923814976408,0.04496034358140375
607,4.870141516779451e-06,0.9915277197091744,0.007848579911528146,24.47318026572957,26,544,1432,39300,55743,619820,2735,0.010739739008548358,0.028270783566619943,0.7758671746984384,0.044967087218869994
608,4.110853443834393e-06,0.9915182914088776,0.007858038922129714,24.47318026572957,26,669,1552,27488,55750,619820,2721,0.013207509920439066,0.030639843642035022,0.5426726946084142,0.04497273401955407
609,3.695811101242629e-06,0.9915349237928582,0.007819511997162682,24.47318026572957,26,672,1559,3925,55753,619820,2733,0.013266736422324442,0.030778038813100903,0.07748800663336822,0.04497515407699009
610,2.6041308922341275e-06,0.9915408660453409,0.007818034298213528,24.47318026572957,26,508,1261,4944,55827,619820,2590,0.010029020985923835,0.024894872959153456,0.09760527510710126,0.04503484882707883
611,3.3370915697856485e-06,0.9915255327786678,0.007864125860443221,24.47318026572957,26,705,1610,12717,55834,619820,2869,0.013918227943063589,0.03178488934515231,0.251061141492113,0.0450404956277629
612,4.6291022157363515e-06,0.991527827019219,0.007847313834300058,24.47318026572957,26,609,1688,36965,55844,619820,2941,0.012022979882731526,0.03332477839417211,0.7297692140643199,0.045048562485883
613,4.229334778894517e-06,0.9915178337518463,0.00785749129254537,24.47318026572957,26,676,1552,26337,55851,619820,2729,0.013345705091504945,0.030639843642035022,0.5199494600517245,0.045054209286567067
614,3.824898241639915e-06,0.9915345846568508,0.007818574452446107,24.47318026572957,26,676,1526,3762,55854,619820,2704,0.013345705091504945,0.030126547292361756,0.07427003336426273,0.0450566293440031
615,2.5334575775063247e-06,0.9915404754265463,0.00781711310692216,24.47318026572957,26,515,1305,5185,55863,619820,2616,0.010167216156989714,0.025763528320138986,0.10236313742522654,0.045063889516311184
616,3.2161920377227673e-06,0.9915263865124911,0.00786279536717807,24.47318026572957,26,711,1601,11918,55885,619820,2872,0.014036680946834343,0.03160720983949618,0.2352871498233076,0.045081636604175405
617,4.872676608960842e-06,0.9915279655827093,0.007848319967408675,24.47318026572957,26,549,1426,27784,55898,619820,2730,0.010838449845023987,0.02815233056284919,0.5485163761277713,0.04509212351973153
618,4.096517026852612e-06,0.9915175021876199,0.007858871577857647,24.47318026572957,26,671,1563,20961,55904,619820,2733,0.013246994255029317,0.030857007482281405,0.4138155686731289,0.045096963634603596
619,3.641940042209256e-06,0.9915344344695868,0.0078202550350454,24.47318026572957,26,671,1572,4020,55904,619820,2743,0.013246994255029317,0.031034686987937536,0.07936351252640515,0.045096963634603596
620,2.540106179881766e-06,0.9915406942288673,0.007818634260296919,24.47318026572957,26,508,1235,5215,55912,619820,2582,0.010029020985923835,0.024381576609480187,0.10295540244408032,0.04510341712109967
621,3.3546703497446425e-06,0.9915249394094304,0.007865043800406063,24.47318026572957,26,711,1618,9752,55921,619820,2883,0.014036680946834343,0.031942826683513316,0.19252561546206542,0.045110677293407765
622,4.73329474126009e-06,0.9915282297090887,0.007847197276399154,24.47318026572957,26,607,1671,27757,55928,619820,2922,0.011983495548141276,0.03298916155015497,0.5479833376108029,0.04511632409409183
623,4.236428605837343e-06,0.991517713908434,0.007856850307756935,24.47318026572957,26,679,1545,38157,55931,619820,2725,0.013404931593390323,0.03050164847096914,0.7533018774801098,0.04511874415152786
624,3.8175098294936655e-06,0.9915348902323826,0.00781807383885798,24.47318026572957,26,679,1517,3753,55932,619820,2699,0.013404931593390323,0.029948867786705625,0.0740923538586066,0.04511955083733987
625,2.614826108926412e-06,0.9915409760020523,0.007816909020552711,24.47318026572957,26,508,1266,5128,55945,619820,2597,0.010029020985923835,0.024993583795629083,0.10123783388940438,0.045130037752896
626,3.239278491040191e-06,0.9915263803912838,0.00786353893586912,24.47318026572957,26,716,1629,17960,55957,619820,2903,0.014135391783309971,0.0321599905237597,0.3545693246204568,0.04513971798264012
627,4.8925455139705545e-06,0.9915275335263471,0.00784760356579202,24.47318026572957,26,560,1434,48019,55964,619820,2753,0.011055613685270369,0.028310267901210193,0.947999131344639,0.04514536478332419
628,4.1073296541195806e-06,0.9915174363653908,0.007857593682574741,24.47318026572957,26,681,1558,27327,55967,619820,2738,0.013444415927980574,0.030758296645805778,0.5394942056738988,0.04514778484076022
629,3.6529833663974838e-06,0.9915346115487972,0.007819311302279471,24.47318026572957,26,677,1557,4062,55980,619820,2734,0.01336544725880007,0.030738554478510653,0.08019268355280043,0.04515827175631635
630,2.5510748452523067e-06,0.9915407835596642,0.007818423711367675,24.47318026572957,26,509,1252,5117,55985,619820,2585,0.01004876315321896,0.024717193453497325,0.10102067004915799,0.0451623051853764
631,3.2694648909286904e-06,0.9915253909109676,0.007864671797986814,24.47318026572957,26,712,1609,11288,55991,619820,2881,0.01405642311412947,0.03176514717785719,0.22284958442737843,0.04516714530024846
632,4.556497691286763e-06,0.9915273423055471,0.007847884240977232,24.47318026572957,26,615,1679,29324,56002,619820,2938,0.01214143288650228,0.03314709888851598,0.5789193137622648,0.04517601884418057
633,4.144517578546451e-06,0.9915180651085557,0.007857485974836324,24.47318026572957,26,673,1552,29287,56007,619820,2726,0.013286478589619568,0.030639843642035022,0.5781888535723452,0.045180052273240616
634,3.736935619542546e-06,0.991534873739644,0.007818841600507189,24.47318026572957,26,672,1552,3860,56008,619820,2726,0.013266736422324442,0.030639843642035022,0.07620476575918504,0.045180858959052626
635,2.535450507305795e-06,0.9915410708574218,0.007817447088044946,24.47318026572957,26,511,1302,4977,56019,619820,2597,0.010088247487809211,0.02570430181825361,0.0982567666278404,0.04518973250298474
636,3.232874033983084e-06,0.9915264436217144,0.00786319148563851,24.47318026572957,26,708,1596,13722,56028,619820,2879,0.013977454444948967,0.03150849900302055,0.2709020196237143,0.04519699267529283
637,4.873252363126421e-06,0.9915276055675641,0.00784844734440124,24.47318026572957,26,550,1421,41903,56046,619820,2730,0.010858192012319112,0.02805361972637356,0.8272560361676505,0.04521151301990901
638,4.148698874494355e-06,0.9915177352100548,0.007858722752104723,24.47318026572957,26,666,1548,20448,56047,619820,2714,0.013148283418553688,0.03056087497285452,0.40368783685072945,0.04521231970572102
639,3.7303524943038173e-06,0.9915344091707287,0.007820229911496885,24.47318026572957,26,671,1555,3871,56052,619820,2726,0.013246994255029317,0.0306990701439204,0.07642192959943142,0.04521635313478106
640,2.5707371666527644e-06,0.9915405600399598,0.007818163396728741,24.47318026572957,26,513,1276,4966,56077,619820,2599,0.010127731822399464,0.02519100546858034,0.09803960278759402,0.045236520280081315
641,3.2686900902261713e-06,0.991525201057532,0.007863784015163015,24.47318026572957,26,707,1605,10711,56083,619820,2870,0.013957712277653841,0.03168617850867668,0.21145835389809092,0.04524136039495338
642,4.5685468758527075e-06,0.9915278395723823,0.007847566550912814,24.47318026572957,26,603,1688,30000,56096,619820,2935,0.011904526878960773,0.03332477839417211,0.5922650188537698,0.045251847310509505
643,4.212231628264852e-06,0.9915179831990628,0.007858005390390482,24.47318026572957,26,672,1551,28559,56099,619820,2724,0.013266736422324442,0.030620101474739897,0.5638165557814937,0.045254267367945536
644,3.7701537431037733e-06,0.9915349001674428,0.007818736665490747,24.47318026572957,26,676,1542,3778,56104,619820,2719,0.013345705091504945,0.030442421969083765,0.07458590804098474,0.04525830079700558
645,2.5052360849987643e-06,0.991540498249489,0.00781753598908075,24.47318026572957,26,515,1303,5223,56114,619820,2605,0.010167216156989714,0.025724043985548735,0.10311333978244132,0.045266367655125685
646,3.197644678263487e-06,0.9915257083880797,0.007863486382905464,24.47318026572957,26,707,1607,13536,56131,619820,2885,0.013957712277653841,0.03172566284326694,0.2672299765068209,0.04528008131392985
647,4.909960000887546e-06,0.9915280394985568,0.007848205171121652,24.47318026572957,26,541,1421,39380,56136,619820,2721,0.010680512506662982,0.02805361972637356,0.7774465480820485,0.0452841147429899
648,4.1634345457687875e-06,0.9915180592509338,0.00785828252666289,24.47318026572957,26,663,1540,21946,56141,619820,2703,0.013089056916668312,0.030402937634493515,0.4332616034588277,0.04528814817204995
649,3.658501151464849e-06,0.9915349647132774,0.007819415817507142,24.47318026572957,26,670,1562,4012,56142,619820,2732,0.013227252087734192,0.03083726531498628,0.07920557518804415,0.04528895485786196
650,2.5640329766718273e-06,0.9915403573292881,0.007819085638636461,24.47318026572957,26,509,1264,4908,56146,619820,2594,0.01004876315321896,0.024954099461038833,0.09689455708447674,0.04529218160111
651,3.363957997876209e-06,0.9915250692235258,0.007864823245531753,24.47318026572957,26,709,1603,9701,56165,619820,2870,0.013997196612244092,0.03164669417408643,0.19151876493001402,0.045307508631538186
652,4.632735782984166e-06,0.9915278287350534,0.007847464308649129,24.47318026572957,26,601,1676,40021,56170,619820,2921,0.01186504254437052,0.03308787238663061,0.790101277318224,0.04531154206059824
653,4.217864026184584e-06,0.9915184807216809,0.007857260557279146,24.47318026572957,26,667,1541,22875,56181,619820,2709,0.013168025585848814,0.03042267980178864,0.45160207687599946,0.045320415604530345
654,3.834160218836549e-06,0.9915354430863882,0.007818097512610419,24.47318026572957,26,678,1520,3653,56188,619820,2701,0.013385189426095196,0.030008094288591,0.07211813712909403,0.04532606240521442
655,2.5484716461161944e-06,0.9915407731228401,0.00781722681794609,24.47318026572957,26,516,1307,5109,56192,619820,2617,0.01018695832428484,0.025803012654729236,0.10086273271079699,0.04532928914846246
656,3.187807433332353e-06,0.9915261408699471,0.007863084063228505,24.47318026572957,26,711,1619,12375,56205,619820,2888,0.014036680946834343,0.03196256885080844,0.24430932027718003,0.04533977606401859
657,4.856157761534417e-06,0.9915275211107826,0.007849143441151084,24.47318026572957,26,548,1422,37809,56214,619820,2729,0.010818707677728861,0.028073361893668686,0.746431603261406,0.045347036236326674
658,4.127352704842408e-06,0.9915171899296303,0.007859573871702283,24.47318026572957,26,666,1556,23047,56222,619820,2721,0.013148283418553688,0.030718812311215524,0.4549977296507611,0.04535348972282276
659,3.6913191452791935e-06,0.9915340884985646,0.007820663427174922,24.47318026572957,26,665,1570,4053,56229,619820,2736,0.013128541251258563,0.030995202653347285,0.08001500404714429,0.04535913652350682
660,2.556551108652774e-06,0.9915405414936049,0.007818552140665748,24.47318026572957,26,509,1254,4930,56234,619820,2586,0.01004876315321896,0.024756677788087576,0.0973288847649695,0.045363169952566874
661,3.2704449001656804e-06,0.9915252683298269,0.007863798763751283,24.47318026572957,26,707,1624,12556,56247,619820,2890,0.013957712277653841,0.03206127968728407,0.24788265255759778,0.045373656868123
662,4.622780481540532e-06,0.9915282075437243,0.007847634332284923,24.47318026572957,26,606,1676,35360,56257,619820,2926,0.011963753380846149,0.03308787238663061,0.6980830355556433,0.045381723726243106
663,4.333880711297929e-06,0.9915173107470018,0.007858638359615668,24.47318026572957,26,665,1539,25120,56270,619820,2705,0.013128541251258563,0.03038319546719839,0.49592324245355657,0.045392210641799234
664,3.886198277054501e-06,0.9915348950081535,0.007818684274829004,24.47318026572957,26,675,1523,3798,56271,619820,2702,0.01332596292420982,0.030067320790476377,0.07498075138688726,0.045393017327611244
665,2.5544008800750046e-06,0.9915415516585038,0.007816259493378656,24.47318026572957,26,514,1297,4571,56274,619820,2600,0.010147473989694589,0.02560559098177798,0.09024144670601938,0.04539543738504727
666,3.159908937113856e-06,0.9915271176514734,0.007861840713114037,24.47318026572957,26,703,1615,13217,56286,619820,2882,0.013878743608473338,0.03188360018162794,0.26093222513967584,0.04540511761479139
667,4.7648707939071165e-06,0.991527860277485,0.007848956225251972,24.47318026572957,26,552,1433,36843,56299,619820,2740,0.010897676346909364,0.028290525733915068,0.7273606696543147,0.04541560453034752
668,4.152242614272348e-06,0.9915173947029271,0.007860183920012604,24.47318026572957,26,658,1548,21696,56313,619820,2705,0.012990346080192684,0.03056087497285452,0.4283260616350463,0.04542689813171566
669,3.728999104773133e-06,0.9915343946020733,0.0078215157621975,24.47318026572957,26,668,1561,3868,56314,619820,2729,0.01318776775314394,0.030817523147691154,0.07636270309754604,0.04542770481752767
670,2.5293214917995557e-06,0.991540250893832,0.007818813156896169,24.47318026572957,26,519,1327,4967,56321,619820,2630,0.010246184826170218,0.02619785600063175,0.09805934495488915,0.045433351618211736
671,3.19943358361718e-06,0.9915256125912124,0.00786244557575198,24.47318026572957,26,704,1622,11797,56328,619820,2884,0.013898485775768464,0.03202179535269382,0.2328983475805974,0.04543899841889581
672,4.536095913093763e-06,0.991528015567743,0.007848180532175526,24.47318026572957,26,608,1707,29296,56335,619820,2959,0.012003237715436401,0.0336998795727795,0.5783665330780013,0.04544464521957988
673,4.330608453262009e-06,0.991517663808987,0.007858914976139037,24.47318026572957,26,671,1548,19878,56341,619820,2720,0.013246994255029317,0.03056087497285452,0.39243480149250787,0.045449485334451936
674,3.841321501568552e-06,0.9915346341076994,0.007819060442674606,24.47318026572957,26,678,1543,3808,56343,619820,2723,0.013385189426095196,0.03046216413637889,0.07517817305983851,0.04545109870607596
675,2.474172639966255e-06,0.991540338502572,0.007817234271948945,24.47318026572957,26,523,1356,4944,56348,619820,2646,0.010325153495350719,0.026770378852190392,0.09760527510710126,0.04545513213513601
676,3.1893505734886644e-06,0.9915260197309498,0.007862288521516386,24.47318026572957,26,700,1613,12671,56357,619820,2884,0.01381951710658796,0.03184411584703769,0.2501530017965372,0.045462392307444095
677,4.791237744203814e-06,0.9915279826707182,0.007849150080093376,24.47318026572957,26,550,1439,35999,56370,619820,2748,0.010858192012319112,0.028408978737685824,0.7106982804572286,0.04547287922300022
678,4.139469312499132e-06,0.9915177696182619,0.00785928385771818,24.47318026572957,26,665,1551,20049,56375,619820,2715,0.013128541251258563,0.030620101474739897,0.3958107120999743,0.045476912652060275
679,3.6534516041146417e-06,0.9915345316791567,0.007820713830773204,24.47318026572957,26,672,1562,3915,56376,619820,2734,0.013266736422324442,0.03083726531498628,0.07729058496041695,0.045477719337872285
680,2.5462657983364414e-06,0.9915400979827467,0.007819305419967846,24.47318026572957,26,508,1282,5128,56380,619820,2591,0.010029020985923835,0.025309458472351096,0.10123783388940438,0.04548094608112033
681,3.2389387477481656e-06,0.9915259292421573,0.007862840529087353,24.47318026572957,26,697,1613,10502,56396,619820,2869,0.013760290604702585,0.03184411584703769,0.20733224093340966,0.045493853054112486
682,4.52371906370313e-06,0.9915277425952588,0.007848682167819436,24.47318026572957,26,605,1684,23813,56403,619820,2933,0.011944011213551023,0.03324580972499161,0.47012022979882734,0.04549949985479655
683,4.280690078312777e-06,0.9915181334009084,0.007858518327002234,24.47318026572957,26,668,1532,19949,56406,619820,2701,0.01318776775314394,0.03024500029613251,0.3938364953704618,0.04550191991223258
684,3.852884529359736e-06,0.9915350397101549,0.007818915128895631,24.47318026572957,26,674,1523,3734,56407,619820,2699,0.013306220756914695,0.030067320790476377,0.0737172526799992,0.04550272659804459
685,2.498037095100958e-06,0.9915403547099348,0.007817388756019712,24.47318026572957,26,517,1311,4853,56416,619820,2603,0.010206700491579965,0.025881981323909738,0.09580873788324483,0.04550998677035268
686,3.117107664759085e-06,0.9915265177160452,0.007861781682399453,24.47318026572957,26,687,1602,10019,56420,619820,2863,0.013562868931751328,0.031626952006791303,0.197796774129864,0.04551321351360072
687,4.778934300739651e-06,0.9915278978534965,0.007850255161497061,24.47318026572957,26,548,1439,26296,56421,619820,2742,0.010818707677728861,0.028408978737685824,0.5191400311926243,0.04551402019941273
688,4.1934572588206855e-06,0.9915174924245949,0.007860543148567841,24.47318026572957,26,665,1547,22677,56429,619820,2711,0.013128541251258563,0.030541132805559396,0.44769312775156456,0.045520473685908815
689,3.7228797865971588e-06,0.9915339631178651,0.007821265442725904,24.47318026572957,26,668,1565,3926,56431,619820,2733,0.01318776775314394,0.030896491816871655,0.07750774880066334,0.045522087057532835
690,2.534864926984704e-06,0.9915406034701061,0.007818015924856985,24.47318026572957,26,513,1271,4943,56438,619820,2586,0.010127731822399464,0.025092294632104713,0.09758553293980614,0.0455277338582169
691,3.2401941335380054e-06,0.9915258380256221,0.007862117433497899,24.47318026572957,26,695,1609,11419,56442,619820,2864,0.013720806270112332,0.03176514717785719,0.2254358083430399,0.04553096060146494
692,4.5573184243589144e-06,0.9915284198811504,0.007848366488847186,24.47302232839121,26,599,1694,36810,56448,619816,2938,0.01182555820978027,0.03344323139794286,0.7267091781335755,0.04553609458290848
693,4.358979559562876e-06,0.9915175004162616,0.007859317694778574,24.47302232839121,26,673,1549,22156,56449,619816,2723,0.013286478589619568,0.030580617140149646,0.4374074585908041,0.045536901273926456
694,3.949066526770867e-06,0.9915342567041704,0.007819284905429739,24.47302232839121,26,679,1529,3973,56451,619816,2710,0.013404931593390323,0.030185773794247132,0.07843563066353425,0.04553851465596241
695,2.587070869128148e-06,0.9915403937649034,0.007816491071646467,24.47302232839121,26,514,1287,5198,56455,619816,2586,0.010147473989694589,0.025408169308826722,0.10261978560006317,0.04554174142003433
696,3.1031611551370055e-06,0.9915274769010868,0.007860273013743717,24.47302232839121,26,693,1599,11812,56462,619816,2866,0.013681321935522081,0.03156772550490593,0.23319448009002428,0.04554738825716019
697,4.7529535942806915e-06,0.9915286095616306,0.007848956333275465,24.47302232839121,26,544,1416,22564,56472,619816,2727,0.010739739008548358,0.027954908889897934,0.44546226284721535,0.045555455167339984
698,4.159721973645534e-06,0.9915175143451215,0.007860660634538448,24.47302232839121,26,663,1563,17133,56474,619816,2725,0.013089056916668312,0.030857007482281405,0.3382425522673879,0.04555706854937595
699,3.7502238581115865e-06,0.9915335842082338,0.007822256729944415,24.47302232839121,26,672,1562,4001,56485,619816,2734,0.013266736422324442,0.03083726531498628,0.07898841134779776,0.04556594215057372
700,2.606961956030832e-06,0.9915399301909115,0.007819285586988226,24.47302232839121,26,518,1293,4941,56494,619816,2607,0.010226442658875092,0.025526622312597478,0.09754604860521587,0.045573202369735534
701,3.2430888734611757e-06,0.9915256627441558,0.007861795620652322,24.47302232839121,26,707,1628,8711,56501,619816,2889,0.013957712277653841,0.03214024835646457,0.17197401930783962,0.045578849206861394
702,4.513625076224128e-06,0.9915276123765272,0.007848081552343828,24.47302232839121,26,607,1697,22301,56514,619816,2944,0.011983495548141276,0.033502457899828246,0.4402700728485973,0.04558933619009513
703,4.311632329487037e-06,0.9915178529410428,0.007858682581139642,24.47302232839121,26,667,1547,29552,56520,619816,2715,0.013168025585848814,0.030541132805559396,0.5834205279055534,0.045594176336203
704,3.9585995479015995e-06,0.9915349428041106,0.007819777193428518,24.47302232839121,26,677,1515,3772,56524,619816,2696,0.01336544725880007,0.029909383452115374,0.07446745503721398,0.04559740310027492
705,2.599176544546187e-06,0.9915411362980621,0.00781652638629272,24.47302232839121,26,522,1298,4646,56527,619816,2601,0.010305411328055594,0.025625333149073105,0.09172210925315381,0.045599823173328856
706,3.1785475703075307e-06,0.9915273885547844,0.0078604285481896,24.47302232839121,26,699,1601,10368,56533,619816,2868,0.013799774939292835,0.03160720983949618,0.20468679051586283,0.04560466331943674
707,4.845839751415341e-06,0.9915280509813068,0.007848480125808851,24.47302232839121,26,549,1395,37207,56544,619816,2709,0.010838449845023987,0.027540323376700294,0.7345468185497404,0.04561353692063451
708,4.154324861910724e-06,0.9915173407221614,0.007860217828577057,24.47302232839121,26,668,1565,21690,56552,619816,2732,0.01318776775314394,0.030896491816871655,0.42820760863127555,0.04561999044877835
709,3.799378791851073e-06,0.991533805242843,0.007821804971630755,24.47302232839121,26,671,1545,3878,56555,619816,2716,0.013246994255029317,0.03050164847096914,0.07656012477049731,0.04562241052183229
710,2.6828019052221026e-06,0.9915402772625735,0.007818548379943852,24.47302232839121,26,517,1271,4967,56559,619816,2591,0.010206700491579965,0.025092294632104713,0.09805934495488915,0.04562563728590421
711,3.239256716225718e-06,0.9915269437090067,0.007860196068995202,24.47302232839121,26,695,1599,9569,56565,619816,2854,0.013720806270112332,0.03156772550490593,0.18891279884705742,0.04563047743201208
712,4.4349681031815945e-06,0.9915281582383303,0.007847462719774916,24.47302232839121,26,610,1707,23264,56578,619816,2957,0.012042722050026652,0.0336998795727795,0.4592817799538033,0.045640964415245816
713,4.319965076972938e-06,0.9915182122446783,0.007859145696230845,24.47302232839121,26,663,1539,25135,56584,619816,2703,0.013089056916668312,0.03038319546719839,0.49621937496298346,0.04564580456135369
714,3.926715857710994e-06,0.9915345020146727,0.007820032993435757,24.47302232839121,26,674,1521,3883,56587,619816,2697,0.013306220756914695,0.030027836455886126,0.07665883560697294,0.04564822463440763
715,2.5416190507189453e-06,0.9915400926776503,0.007817529527403562,24.47302232839121,26,522,1320,4864,56590,619816,2617,0.010305411328055594,0.02605966082956587,0.09602590172349121,0.04565064470746157
716,3.140891705171334e-06,0.9915272660968044,0.007859587205261804,24.47302232839121,26,696,1592,12408,56596,619816,2864,0.01374054843740746,0.03142953033384005,0.24496081179791918,0.04565548485356945
717,4.7518489464868155e-06,0.991528339050083,0.007848568788919803,24.47302232839121,26,541,1407,30679,56610,619816,2717,0.010680512506662982,0.027777229384241802,0.6056699504471601,0.04566677852782116
718,4.149042706224545e-06,0.9915172652270351,0.00786094307213755,24.47302232839121,26,661,1554,18314,56614,619816,2714,0.01304957258207806,0.030679327976625273,0.3615580518429313,0.04567000529189308
719,3.753558377079479e-06,0.9915341010584605,0.007821817867038469,24.47302232839121,26,659,1559,3944,56625,619816,2719,0.01301008824748781,0.030778038813100903,0.0778631078119756,0.04567887889309085
720,2.6180982724887287e-06,0.9915398355422235,0.007819947484518237,24.47302232839121,26,516,1297,5031,56631,619816,2598,0.01018695832428484,0.02560559098177798,0.0993228436617772,0.04568371903919873
721,3.4029835965597165e-06,0.9915257387088104,0.007862031710281167,24.47302232839121,26,692,1598,9171,56631,619816,2847,0.013661579768226956,0.0315479833376108,0.18105541626359742,0.04568371903919873
722,4.642191763637292e-06,0.9915287779755907,0.007847078068761205,24.47302232839121,26,603,1651,24194,56632,619816,2909,0.011904526878960773,0.032594318204252466,0.4776419955382702,0.04568452573021671
723,4.264209086105122e-06,0.9915175623237311,0.007858116792408835,24.47302232839121,26,670,1546,27387,56635,619816,2717,0.013227252087734192,0.03052139063826427,0.5406787357116064,0.04568694580327065
724,3.833109336220302e-06,0.9915341601964339,0.00781958535207009,24.47302232839121,26,674,1530,3904,56639,619816,2707,0.013306220756914695,0.030205515961542258,0.07707342112017057,0.04569017256734256
725,2.6039183869648728e-06,0.9915402114004537,0.007818249233142886,24.47302232839121,26,514,1298,5124,56640,619816,2613,0.010147473989694589,0.025625333149073105,0.10115886522022388,0.04569097925836055
726,3.2347704598758156e-06,0.9915267949364357,0.007861715247137788,24.47302232839121,26,700,1610,10980,56652,619816,2870,0.01381951710658796,0.03178488934515231,0.21676899690047974,0.0457006595505763
727,4.8498738453544e-06,0.991528329100628,0.007848089219891686,24.47302232839121,26,555,1434,45619,56659,619816,2744,0.01095690284879474,0.028310267901210193,0.9006179298363375,0.04570630638770216
728,4.2598250667765915e-06,0.991517786475731,0.007858583786019677,24.47294335972203,26,672,1550,33094,56664,619814,2721,0.013266736422324442,0.03060035930744477,0.6533472844648885,0.04571048733975031
729,3.8847432741175134e-06,0.9915347369311198,0.00781979901079242,24.47294335972203,26,677,1522,3911,56666,619814,2701,0.01336544725880007,0.03004757862318125,0.07721161629123645,0.04571210072699229
730,2.6367179029602203e-06,0.9915400625855016,0.007818206240016317,24.47294335972203,26,518,1284,4685,56667,619814,2590,0.010226442658875092,0.025348942806941346,0.09249205377766372,0.04571290742061328
731,3.207971760987165e-06,0.9915262132143147,0.00786111617964135,24.47294335972203,26,699,1585,9615,56675,619814,2842,0.013799774939292835,0.03129133516277417,0.1898209385426332,0.045719360969581194
732,4.48740187718781e-06,0.9915280440134112,0.007848215259123081,24.47294335972203,26,608,1628,23775,56675,619814,2899,0.012003237715436401,0.03214024835646457,0.46937002744161255,0.045719360969581194
733,4.187039636953912e-06,0.9915177049535094,0.00785983559301937,24.47294335972203,26,668,1554,24093,56684,619814,2721,0.01318776775314394,0.030679327976625273,0.4756480366414625,0.0457266212121701
734,3.772645181074223e-06,0.9915341582924276,0.00782088560866724,24.47294335972203,26,668,1560,3906,56768,619814,2730,0.01318776775314394,0.03079778098039603,0.07711290545476082,0.045794383476333224
735,2.5379560319317925e-06,0.991541028852179,0.007817849760533204,24.47294335972203,26,519,1302,4970,56771,619814,2605,0.010246184826170218,0.02570430181825361,0.09811857145677452,0.04579680355719619
736,3.238401484297966e-06,0.9915264723017984,0.007861321127437475,24.47294335972203,26,696,1582,10709,56777,619814,2858,0.01374054843740746,0.031232108660888793,0.21141886956350067,0.045801643718922126
737,4.853856541768588e-06,0.9915290122532556,0.007847857122350735,24.47294335972203,26,543,1440,35214,56779,619814,2739,0.010719996841253233,0.02842872090498095,0.6952006791305549,0.045803257106164105
738,4.237473360051628e-06,0.9915178277650893,0.007859000995086721,24.47294335972203,26,669,1550,20413,56788,619814,2719,0.013207509920439066,0.03060035930744477,0.40299686099540005,0.045810517348753015
739,3.7911654077529896e-06,0.9915340162753573,0.007820389650487931,24.47294335972203,26,672,1526,3798,56791,619814,2700,0.013266736422324442,0.030126547292361756,0.07498075138688726,0.04581293742961598
740,2.597795740223621e-06,0.991540123862215,0.007818614044607234,24.47294335972203,26,517,1281,4875,56793,619814,2599,0.010206700491579965,0.02528971630505597,0.09624306556373759,0.04581455081685796
741,3.3036416031132846e-06,0.9915258084343207,0.007862477242860554,24.47294335972203,26,695,1584,11360,56805,619814,2839,0.013720806270112332,0.03127159299547904,0.22427102047262748,0.04582423114030983
742,4.599792091890979e-06,0.9915284341267694,0.007847973254906711,24.47294335972203,26,603,1656,24893,56810,619814,2918,0.011904526878960773,0.03269302904072809,0.49144177047756304,0.045828264608414784
743,4.296348353491665e-06,0.9915176138075202,0.007858559240282462,24.47294335972203,26,674,1544,29838,56813,619814,2719,0.013306220756914695,0.030481906303674016,0.5890667877519594,0.04583068468927775
744,3.841750997565788e-06,0.9915348631292088,0.007818534991021994,24.47294335972203,26,678,1524,3706,56813,619814,2704,0.013385189426095196,0.030087062957771506,0.0731644719957357,0.04583068468927775
745,2.4941110237091667e-06,0.9915403619406862,0.00781715539907279,24.47294335972203,26,515,1313,5146,56817,619814,2617,0.010167216156989714,0.025921465658499992,0.10159319290071664,0.04583391146376171
746,3.200642772736039e-06,0.9915262993127615,0.007862142331908363,24.47294335972203,26,698,1582,11612,56821,619814,2838,0.01378003277199771,0.031232108660888793,0.22924604663099915,0.045837138238245666
747,4.905390160027797e-06,0.9915287460025732,0.00784861367114082,24.47294335972203,26,542,1395,33144,56828,619814,2707,0.010700254673958107,0.027540323376700294,0.6543343928296448,0.045842785093592596
748,4.202102810115755e-06,0.9915181718755017,0.007858762024569392,24.47294335972203,26,668,1552,23822,56830,619814,2719,0.01318776775314394,0.030639843642035022,0.47029790930448345,0.045844398480834575
749,3.71735371709756e-06,0.991535003625201,0.007819116720221283,24.47294335972203,26,671,1545,3933,56839,619814,2717,0.013246994255029317,0.03050164847096914,0.07764594397172922,0.04585165872342348
750,2.565843949472269e-06,0.9915402471092389,0.00781844758348815,24.47294335972203,26,512,1279,4911,56844,619814,2592,0.010107989655104337,0.025250231970465716,0.09695378358636211,0.04585569219152843
751,3.2805745074249686e-06,0.9915251766342268,0.007863383717649624,24.47294335972203,26,703,1611,9204,56853,619814,2870,0.013878743608473338,0.03180463151244744,0.18170690778433657,0.04586295243411733
752,4.566902304390157e-06,0.9915277425363587,0.007848514651816844,24.47294335972203,26,609,1670,25986,56875,619814,2931,0.012022979882731526,0.03296941938285985,0.5130199593311354,0.0458806996937791
753,4.241372474955326e-06,0.9915180322164764,0.00785815231291966,24.47294335972203,26,675,1543,27115,56879,619814,2719,0.01332596292420982,0.03046216413637889,0.5353088662073322,0.04588392646826306
754,3.7861832460501798e-06,0.9915349865843308,0.007818348552000995,24.47294335972203,26,677,1524,3776,56888,619814,2705,0.01336544725880007,0.030087062957771506,0.07454642370639449,0.04589118671085197
755,2.5011938474840985e-06,0.9915412533431406,0.007817022494657148,24.47294335972203,26,515,1288,4914,56898,619814,2587,0.010167216156989714,0.025427911476121848,0.09701301008824749,0.04589925364706186
756,3.140056051094304e-06,0.9915267856942638,0.007862096562224304,24.47294335972203,26,698,1592,10894,56909,619814,2863,0.01378003277199771,0.03142953033384005,0.21507117051309893,0.045908127276892745
757,4.811976374883775e-06,0.9915279371214849,0.007849768949353355,24.47294335972203,26,550,1423,37491,56916,619814,2727,0.010858192012319112,0.02809310406096381,0.7401535940615561,0.045913774132239675
758,4.2946489618227066e-06,0.9915171774399927,0.00786041454139644,24.47294335972203,26,663,1527,18761,56917,619814,2690,0.013089056916668312,0.03014628945965688,0.3703828006238525,0.04591458082586066
759,3.884611613523474e-06,0.9915345711783959,0.007820163894440773,24.47294335972203,26,674,1524,3770,56928,619814,2700,0.013306220756914695,0.030087062957771506,0.07442797070262373,0.04592345445569155
760,2.587987398204792e-06,0.9915407904382338,0.007816913512641122,24.47294335972203,26,513,1269,4563,56930,619814,2570,0.010127731822399464,0.025052810297514463,0.09008350936765838,0.04592506784293353
761,3.2174063233801874e-06,0.9915265054395077,0.007861249578257325,24.47294335972203,26,689,1583,9179,56937,619814,2832,0.013602353266341578,0.031251850828183915,0.18121335360195842,0.04593071469828045
762,4.565855430441658e-06,0.9915285245151385,0.007848732893416198,24.47278542238367,26,609,1638,22560,56942,619810,2910,0.012022979882731526,0.03233767002941583,0.44538329417803485,0.04593504461044513
763,4.2600976848066885e-06,0.9915171990243599,0.007860023787474002,24.47278542238367,26,671,1554,26100,56945,619810,2724,0.013246994255029317,0.030679327976625273,0.5152705664027797,0.04593746470692631
764,3.8031709404174537e-06,0.9915342076641501,0.007819604164814949,24.47278542238367,26,670,1530,3791,56946,619810,2702,0.013227252087734192,0.030205515961542258,0.07484255621582138,0.04593827140575338
765,2.4804792722275135e-06,0.9915405189046528,0.007817157033648256,24.47278542238367,26,514,1270,4953,56951,619810,2585,0.010147473989694589,0.025072552464809588,0.09778295461275739,0.045942304899888674
766,3.128958722513999e-06,0.9915266082831793,0.007861526900494303,24.47278542238367,26,688,1585,9830,56952,619810,2844,0.013582611099046453,0.03129133516277417,0.19406550451108523,0.04594311159871574
767,4.823269270412449e-06,0.9915290660763374,0.00784871441930722,24.47278542238367,26,537,1409,35783,56962,619810,2712,0.010601543837482479,0.027816713718832053,0.7064339723214814,0.04595117858698634
768,4.2098755966154754e-06,0.9915180252949757,0.007859824851372382,24.47278542238367,26,667,1550,25011,56966,619810,2716,0.013168025585848814,0.03060035930744477,0.49377134621838786,0.045954405382294575
769,3.839876402782529e-06,0.9915334503263337,0.007821345986376094,24.47278542238367,26,676,1540,3815,56967,619810,2717,0.013345705091504945,0.030402937634493515,0.07531636823090439,0.04595521208112163
770,2.7296853303303706e-06,0.9915402937933748,0.007818162678185692,24.47278542238367,26,522,1303,4926,56973,619810,2614,0.010305411328055594,0.025724043985548735,0.097249916095789,0.04596005227408399
771,3.2932246671802718e-06,0.9915263798650534,0.007860440562984761,24.47278542238367,26,690,1604,8069,56975,619810,2852,0.013622095433636705,0.031666436341381554,0.15929954790436895,0.045961665671738115
772,4.514945420268123e-06,0.9915276799686996,0.007848343242118803,24.47278542238367,26,607,1675,32771,56980,619810,2930,0.011983495548141276,0.03306813021933548,0.6469705644285629,0.04596569916587341
773,4.325235870876907e-06,0.9915176695405118,0.007859221508823212,24.47278542238367,26,669,1552,22469,56980,619810,2721,0.013207509920439066,0.030639843642035022,0.44358675695417843,0.04596569916587341
774,3.8505185159234855e-06,0.991534739193896,0.00781980251462299,24.47278542238367,26,676,1544,3895,56984,619810,2722,0.013345705091504945,0.030481906303674016,0.07689574161451444,0.045968925961181656
775,2.5326330694823794e-06,0.9915404998085783,0.00781761937408167,24.47278542238367,26,520,1294,5116,56986,619810,2609,0.010265926993465343,0.025546364479892603,0.10100092788186286,0.04597053935883577
776,3.15879208318524e-06,0.9915271184041768,0.007860935985446675,24.47278542238367,26,700,1609,12817,56990,619810,2884,0.01381951710658796,0.03176514717785719,0.2530353582216256,0.04597376615414401
777,4.809687378686592e-06,0.991527981678857,0.007848866184605188,24.47278542238367,26,551,1404,32138,56992,619810,2725,0.010877934179614237,0.027718002882356426,0.6344737725307484,0.04597537955179813
778,4.170475924702018e-06,0.9915170992421182,0.007860118051128418,24.47278542238367,26,671,1551,20807,56995,619810,2721,0.013246994255029317,0.030620101474739897,0.4107752749096796,0.04597779964827931
779,3.71323868499231e-06,0.991533544860938,0.007821294226008683,24.47278542238367,26,666,1546,3987,56995,619810,2721,0.013148283418553688,0.03052139063826427,0.078712021005666,0.04597779964827931
780,2.5828409128697324e-06,0.9915394780715101,0.007819941653001325,24.47278542238367,26,514,1298,4917,57001,619810,2607,0.010147473989694589,0.025625333149073105,0.09707223659013287,0.04598263984124167
781,3.3447210663725953e-06,0.9915263500558273,0.00786226436253487,24.47278542238367,26,698,1616,9018,57002,619810,2872,0.01378003277199771,0.031903342348923065,0.1780348646674432,0.04598344654006873
782,4.633587883975337e-06,0.9915283473682025,0.007847534243678365,24.47278542238367,26,600,1668,33831,57019,619810,2920,0.011845300377075395,0.0329299350482696,0.6678972617613962,0.045997160420128747
783,4.2886961987001965e-06,0.9915180489752756,0.007857704471168389,24.47278542238367,26,679,1541,23455,57022,619810,2721,0.013404931593390323,0.03042267980178864,0.4630525339071723,0.04599958051660993
784,3.85540683067896e-06,0.9915344412809105,0.007818593532321193,24.47278542238367,26,676,1531,3799,57022,619810,2710,0.013345705091504945,0.030225258128837383,0.07500049355418238,0.04599958051660993
785,2.5362861349308986e-06,0.9915401900402028,0.007817905561106751,24.47278542238367,26,519,1333,5008,57025,619810,2633,0.010246184826170218,0.026316309004402502,0.0988687738139893,0.04600200061309111
786,3.2320795809163723e-06,0.9915271453237495,0.007861767077455742,24.47278542238367,26,718,1613,13028,57029,619810,2889,0.014174876117900224,0.03184411584703769,0.25720095552089706,0.046005227408399345
787,4.780584044465682e-06,0.9915277228063217,0.007848376623290245,24.47278542238367,26,556,1441,45360,57036,619810,2752,0.010976645016089866,0.028448463072276074,0.8955047085068999,0.04601087430018877
788,4.075404581593692e-06,0.9915167766352897,0.007859604647481878,24.47278542238367,26,668,1560,27259,57040,619810,2727,0.01318776775314394,0.03079778098039603,0.5381517382978304,0.04601410109549701
789,3.707896113459632e-06,0.991534073007632,0.00782118533254905,24.47278542238367,26,666,1575,3997,57052,619810,2742,0.013148283418553688,0.031093913489822912,0.07890944267861726,0.04602378148142173
790,2.6111880632447448e-06,0.9915402666574658,0.00781959588177893,24.47278542238367,26,511,1274,4974,57056,619810,2595,0.010088247487809211,0.02515152113399009,0.09819754012595502,0.046027008276729967
791,3.357990679337822e-06,0.9915249985870283,0.007863656541288785,24.47278542238367,26,702,1602,9701,57061,619810,2860,0.013859001441178213,0.031626952006791303,0.19151876493001402,0.04603104177086526
792,4.735319837802531e-06,0.991528390158861,0.007847178797042272,24.47278542238367,26,596,1656,26126,57071,619810,2903,0.011766331707894893,0.03269302904072809,0.5157838627524529,0.04603910875913587
793,4.336860043810253e-06,0.9915182846684517,0.007856949372955106,24.47278542238367,26,672,1546,28035,57073,619810,2719,0.013266736422324442,0.03052139063826427,0.5534716601188479,0.04604072215678998
794,3.8615056879209275e-06,0.991534939801721,0.007818186221398866,24.47278542238367,26,679,1529,3719,57074,619810,2711,0.013404931593390323,0.030185773794247132,0.07342112017057233,0.04604152885561704
795,2.549601764045905e-06,0.991540605783416,0.007816699858654626,24.47278542238367,26,524,1333,4782,57076,619810,2641,0.010344895662645846,0.026316309004402502,0.0944070440052909,0.04604314225327116
796,3.1739993992362697e-06,0.9915266291160876,0.007862115743924338,24.47278542238367,26,712,1600,12833,57077,619810,2870,0.01405642311412947,0.03158746767220105,0.2533512328983476,0.04604394895209822
797,4.7787688063484766e-06,0.9915269629750422,0.007850063684371376,24.47278542238367,26,555,1399,36661,57082,619810,2723,0.01095690284879474,0.027619292045880796,0.7237675952066018,0.046047982446233524
798,4.104847501461281e-06,0.9915162100836988,0.00786123341742317,24.47278542238367,26,665,1555,18502,57082,619810,2719,0.013128541251258563,0.0306990701439204,0.36526957929441495,0.046047982446233524
799,3.6408944626881975e-06,0.9915334813825601,0.007821733271408601,24.47278542238367,26,666,1565,4022,57082,619810,2732,0.013148283418553688,0.030896491816871655,0.0794029968609954,0.046047982446233524
800,2.5215632860506265e-06,0.9915404532473401,0.007818909329419038,24.47278542238367,26,503,1232,5218,57088,619810,2574,0.009930310149448207,0.02432235010759481,0.10301462894596569,0.046052822639195884
801,3.362288528173675e-06,0.9915258453514596,0.007864038270488809,24.47278542238367,26,697,1603,9089,57092,619810,2858,0.013760290604702585,0.03164669417408643,0.1794365585453971,0.04605604943450412
802,4.799372031933717e-06,0.9915289216291401,0.007847810572905876,24.47278542238367,26,604,1684,23216,57095,619810,2928,0.011924269046255898,0.03324580972499161,0.4583341559236373,0.0460584695309853
803,4.406513751001335e-06,0.9915186004892631,0.007856569901471802,24.47278542238367,26,675,1551,28492,57110,619810,2727,0.01332596292420982,0.030620101474739897,0.5624938305727203,0.0460705700133912
804,3.899773297275528e-06,0.99153478503921,0.007817383679493544,24.47278542238367,26,680,1521,3978,57110,619810,2704,0.013424673760685448,0.030027836455886126,0.07853434150000987,0.0460705700133912
805,2.5747158222157784e-06,0.9915403742536767,0.007816250877948178,24.47278542238367,26,516,1345,4758,57114,619810,2631,0.01018695832428484,0.02655321501194401,0.09393323199020788,0.04607379680869944
806,3.2104177969248333e-06,0.9915267117950068,0.007861586145579868,24.47278542238367,26,704,1604,12280,57120,619810,2868,0.013898485775768464,0.031666436341381554,0.2424338143841431,0.0460786370016618
807,4.802826144932791e-06,0.9915273675508193,0.007849657709433779,24.47278542238367,26,560,1404,37571,57121,619810,2729,0.011055613685270369,0.027718002882356426,0.7417329674451661,0.04607944370048886
808,4.112096136890146e-06,0.9915163297108545,0.0078611349331974,24.47278542238367,26,670,1562,17275,57122,619810,2731,0.013227252087734192,0.03083726531498628,0.34104594002329575,0.04608025039931592
809,3.668177231826695e-06,0.9915335377636137,0.007821853244846516,24.47278542238367,26,670,1565,3946,57138,619810,2735,0.013227252087734192,0.030896491816871655,0.07790259214656585,0.046093157580548876
810,2.4986678636607296e-06,0.9915400997081821,0.007818901816507927,24.47278542238367,26,508,1262,4932,57143,619810,2594,0.010029020985923835,0.024914615126448582,0.09736836909955975,0.04609719107468418
811,3.3458065701014357e-06,0.9915250479231277,0.007864116616191795,24.47278542238367,26,700,1596,10114,57150,619810,2854,0.01381951710658796,0.03150849900302055,0.1996722800229009,0.046102837966473596
812,4.74333407762803e-06,0.991528245876492,0.007847779942090826,24.47278542238367,26,596,1652,35877,57153,619810,2899,0.011766331707894893,0.03261406037154759,0.7082897360472232,0.046105258062954776
813,4.282415853857625e-06,0.9915181729176704,0.007857298511167699,24.47278542238367,26,671,1553,28781,57164,619810,2725,0.013246994255029317,0.030659585809330148,0.5681993169210116,0.04611413175005243
814,3.836011275251923e-06,0.9915350012377906,0.007818215864686217,24.47278542238367,26,678,1523,3899,57165,619810,2704,0.013385189426095196,0.030067320790476377,0.07697471028369494,0.0461149384488795
815,2.5740970106410875e-06,0.9915408248271462,0.007816738293658917,24.47278542238367,26,512,1305,5104,57166,619810,2618,0.010107989655104337,0.025763528320138986,0.10076402187432136,0.046115745147706555
816,3.2381215620371365e-06,0.9915262359713286,0.00786290639713485,24.47278542238367,26,715,1612,11128,57169,619810,2885,0.014115649616014846,0.031824373679742564,0.21969083766015834,0.046118165244187735
817,4.888131312954715e-06,0.9915281835120271,0.007848055188913402,24.47278542238367,26,563,1430,51716,57173,619810,2752,0.011114840187155747,0.028231299232029692,1.0209859238347185,0.04612139203949597
818,4.1747037127628675e-06,0.991517374511984,0.007858492698161433,24.47278542238367,26,675,1553,26502,57174,619810,2727,0.01332596292420982,0.030659585809330148,0.5232069176554203,0.04612219873832304
819,3.686760993923578e-06,0.9915340191017465,0.007819996382506597,24.47278542238367,26,676,1554,4050,57174,619810,2730,0.013345705091504945,0.030679327976625273,0.07995577754525891,0.04612219873832304
820,2.545504785759868e-06,0.9915400208098539,0.007818594977697182,24.47278542238367,26,504,1251,4944,57178,619810,2571,0.009950052316743332,0.0246974512862022,0.09760527510710126,0.046125425533631276
821,3.284336027355715e-06,0.9915251890389563,0.007864183973047362,24.47278542238367,26,695,1591,9276,57179,619810,2846,0.013720806270112332,0.031409788166544925,0.18312834382958562,0.046126232232458333
822,4.6360273711572005e-06,0.9915282614327157,0.007848527365582439,24.47278542238367,26,606,1668,30527,57188,619810,2921,0.011963753380846149,0.0329299350482696,0.6026691410183009,0.046133492521901874
823,4.244779126492159e-06,0.9915177936289796,0.00785784482410368,24.47278542238367,26,672,1549,28500,57188,619810,2722,0.013266736422324442,0.030580617140149646,0.5626517679110813,0.046133492521901874
824,3.776325208822092e-06,0.9915344196513414,0.007818800700344413,24.47278542238367,26,677,1525,3743,57189,619810,2706,0.01336544725880007,0.03010680512506663,0.07389493218565533,0.04613429922072893
825,2.549531868321164e-06,0.9915405652821634,0.007817161966534637,24.47278542238367,26,514,1288,4913,57194,619810,2606,0.010147473989694589,0.025427911476121848,0.09699326792095236,0.046138332714864234
826,3.2735916356906827e-06,0.9915257041215296,0.007863282918011432,24.47278542238367,26,710,1605,10873,57196,619810,2873,0.014016938779539218,0.03168617850867668,0.21465658499990128,0.04613994611251835
827,4.916871954304972e-06,0.9915281876315136,0.00784806605303588,24.47278542238367,26,553,1417,39948,57205,619810,2729,0.01091741851420449,0.02797465105719306,0.7886600991056798,0.04614720640196189
828,4.1712320532117024e-06,0.9915177118784781,0.007858547313876158,24.47278542238367,26,674,1553,22538,57206,619810,2727,0.013306220756914695,0.030659585809330148,0.4449489664975421,0.04614801310078895
829,3.7101811726811817e-06,0.9915344151042257,0.007819777930047879,24.47278542238367,26,680,1550,3982,57207,619810,2730,0.013424673760685448,0.03060035930744477,0.07861331016919038,0.04614881979961601
830,2.5670183786550035e-06,0.9915406639258939,0.007817774392725583,24.47278542238367,26,509,1256,5194,57210,619810,2584,0.01004876315321896,0.024796162122677826,0.10254081693088267,0.04615123989609719
831,3.2707172977811912e-06,0.9915258070871057,0.007863583687780496,24.47278542238367,26,709,1613,13800,57213,619810,2880,0.013997196612244092,0.03184411584703769,0.2724419086727341,0.04615365999257837
832,4.602344211522739e-06,0.9915280030512127,0.007847630422364391,24.47278542238367,26,601,1655,28694,57219,619810,2907,0.01186504254437052,0.03267328687343297,0.5664817483663357,0.04615850018554073
833,4.165326600350711e-06,0.9915180440032304,0.007857924125734885,24.47278542238367,26,667,1541,32095,57219,619810,2709,0.013168025585848814,0.03042267980178864,0.633624859337058,0.04615850018554073
834,3.7066519785462457e-06,0.9915350758025365,0.007819107081452522,24.47278542238367,26,672,1556,3932,57220,619810,2728,0.013266736422324442,0.030718812311215524,0.0776262018044341,0.04615930688436779
835,2.5242450063027896e-06,0.9915407146889624,0.007817991514987606,24.47278542238367,26,507,1254,5011,57221,619810,2575,0.01000927881862871,0.024756677788087576,0.09892800031587468,0.04616011358319485
836,3.2631015884166356e-06,0.9915255290220506,0.00786398082516546,24.47278542238367,26,695,1577,10718,57221,619810,2836,0.013720806270112332,0.031133397824413163,0.21159654906915681,0.04616011358319485
837,4.952906683471878e-06,0.9915285068999603,0.007848305622248633,24.47278542238367,26,543,1404,34317,57229,619810,2712,0.010719996841253233,0.027718002882356426,0.6774919550668272,0.04616656717381133
838,4.179895704603383e-06,0.9915179396429985,0.007858044939617838,24.47278542238367,26,669,1552,27483,57233,619810,2721,0.013207509920439066,0.030639843642035022,0.5425739837719384,0.04616979396911957
839,3.711835829774718e-06,0.991534285738504,0.007819696245703375,24.47278542238367,26,671,1558,4002,57233,619810,2731,0.013246994255029317,0.030758296645805778,0.07900815351509288,0.04616979396911957
840,2.5789580861047504e-06,0.9915405176827432,0.007818028515797123,24.47278542238367,26,512,1245,4946,57234,619810,2594,0.010107989655104337,0.024578998282431444,0.09764475944169151,0.04617060066794663
841,3.2934462278746955e-06,0.991524809002607,0.007864163767040218,24.47278542238367,26,704,1601,9684,57240,619810,2864,0.013898485775768464,0.03160720983949618,0.19118314808599687,0.04617544086090899
842,4.658985590690045e-06,0.9915284247013073,0.00784778204629024,24.47278542238367,26,602,1707,29589,57241,619810,2949,0.011884784711665647,0.0336998795727795,0.5841509880954732,0.046176247559736046
843,4.3419197024327885e-06,0.9915183847038079,0.007857245808793788,24.47278542238367,26,676,1544,33885,57242,619810,2721,0.013345705091504945,0.030481906303674016,0.668963338795333,0.04617705425856311
844,3.817737703425372e-06,0.9915347309117215,0.007818004716064869,24.47278542238367,26,679,1518,3940,57242,619810,2699,0.013404931593390323,0.02996860995400075,0.0777841391427951,0.04617705425856311
845,2.5287856123779327e-06,0.9915406148416612,0.00781667601281736,24.47278542238367,26,512,1293,5149,57247,619810,2597,0.010107989655104337,0.025526622312597478,0.10165241940260202,0.046181087752698406
846,3.211242382792422e-06,0.9915264755369882,0.007862454789874301,24.47278542238367,26,700,1594,12359,57258,619810,2854,0.01381951710658796,0.0314690146684303,0.24399344560045802,0.04618996143979607
847,4.8862748867756584e-06,0.9915284425091402,0.007848971708152965,24.47278542238367,26,558,1397,40102,57260,619810,2724,0.011016129350680118,0.027579807711290545,0.7917003928691292,0.046191574837450185
848,4.191621103055456e-06,0.9915171873888023,0.007859231973569504,24.47278542238367,26,674,1551,23650,57268,619810,2724,0.013306220756914695,0.030620101474739897,0.46690225652972184,0.04619802842806667
849,3.6787899259619237e-06,0.9915337100719185,0.007820218456463978,24.47278542238367,26,677,1567,3954,57277,619810,2744,0.01336544725880007,0.030935976151461906,0.07806052948492685,0.04620528871751021
850,2.5311818197282732e-06,0.9915399388637136,0.007818362580859557,24.47278542238367,26,508,1257,4925,57279,619810,2584,0.010029020985923835,0.02481590428997295,0.09723017392849387,0.046206902115164324
851,3.2986940653205294e-06,0.9915250906611945,0.007863922965066173,24.47278542238367,26,702,1610,9572,57282,619810,2868,0.013859001441178213,0.03178488934515231,0.1889720253489428,0.046209322211645504
852,4.59515697416566e-06,0.9915282564804243,0.007848130433381655,24.47278542238367,26,614,1709,28734,57286,619810,2959,0.012121690719207155,0.03373936390736975,0.5672714350581407,0.04621254900695374
853,4.237565682091735e-06,0.9915172547820548,0.007858055822808765,24.47278542238367,26,682,1546,27223,57287,619810,2729,0.0134641580952757,0.03052139063826427,0.5374410202752058,0.046213355705780806
854,3.7942890231193236e-06,0.9915343919282932,0.007818820202459538,24.47278542238367,26,680,1524,3685,57288,619810,2707,0.013424673760685448,0.030087062957771506,0.07274988648253805,0.046214162404607864
855,2.593634081490959e-06,0.9915410028391951,0.007816934202683274,24.47278542238367,26,508,1245,5127,57290,619810,2578,0.010029020985923835,0.024578998282431444,0.10121809172210926,0.04621577580226199
856,3.282033020497925e-06,0.991526452403619,0.007863311818555497,24.47278542238367,26,711,1612,12438,57292,619810,2883,0.014036680946834343,0.031824373679742564,0.24555307681677294,0.0462173891999161
857,5.019205201549169e-06,0.9915288483766155,0.007847278636741825,24.47278542238367,26,551,1399,30598,57293,619810,2719,0.010877934179614237,0.027619292045880796,0.6040708348962549,0.04621819589874316
858,4.225480769971111e-06,0.9915178279490948,0.007857360509912847,24.47278542238367,26,679,1546,32108,57297,619810,2725,0.013404931593390323,0.03052139063826427,0.6338815075118946,0.046221422694051405
859,3.7204919913834968e-06,0.9915338212578336,0.007819284605041056,24.47278542238367,26,683,1523,3926,57298,619810,2708,0.013483900262570825,0.030067320790476377,0.07750774880066334,0.04622222939287846
860,2.5305875104375346e-06,0.9915398239291704,0.007818553984255008,24.47278542238367,26,509,1274,4904,57305,619810,2590,0.01004876315321896,0.02515152113399009,0.09681558841529624,0.04622787628466788
861,3.2205582492235373e-06,0.9915254407238073,0.007864425999670476,24.47278542238367,26,710,1606,10906,57307,619810,2876,0.014016938779539218,0.031705920675971805,0.21530807652064043,0.046229489682322
862,4.504614925663766e-06,0.991527866798813,0.00784805399135773,24.47278542238367,26,606,1702,36672,57314,619810,2948,0.011963753380846149,0.03360116873630387,0.7239847590468481,0.04623513657411142
863,4.134362905548187e-06,0.9915183357051989,0.007857825027587279,24.47278542238367,26,668,1550,29821,57315,619810,2719,0.01318776775314394,0.03060035930744477,0.5887311709079422,0.04623594327293848
864,3.6935429171581483e-06,0.9915350979455102,0.00781885592412073,24.47278542238367,26,672,1568,3826,57315,619810,2742,0.013266736422324442,0.030955718318757035,0.07553353207115077,0.04623594327293848
865,2.4947566851332884e-06,0.9915408177777116,0.007817792509148774,24.47278542238367,26,511,1269,4992,57316,619810,2601,0.010088247487809211,0.025052810297514463,0.0985528991372673,0.046236749971765544
866,3.248896106754739e-06,0.9915250899939485,0.00786444396244353,24.47278542238367,26,703,1599,10744,57326,619810,2873,0.013878743608473338,0.03156772550490593,0.21210984541883007,0.04624481696003614
867,4.984704738147657e-06,0.991528793719019,0.007847839322275606,24.47278542238367,26,540,1424,37683,57327,619810,2726,0.010660770339367855,0.02811284622825894,0.7439440901822202,0.0462456236588632
868,4.1990834193387e-06,0.9915183317831429,0.007857529870027668,24.47278542238367,26,672,1559,24300,57327,619810,2731,0.013266736422324442,0.030778038813100903,0.4797346652715535,0.0462456236588632
869,3.765004471016808e-06,0.9915347524463742,0.007818959651193091,24.47278542238367,26,679,1545,3846,57327,619810,2725,0.013404931593390323,0.03050164847096914,0.07592837541705329,0.0462456236588632
870,2.6249898949007965e-06,0.9915407566383483,0.0078174498103541,24.47278542238367,26,511,1267,5193,57334,619810,2600,0.010088247487809211,0.02501332596292421,0.10252107476358754,0.04625127055065262
871,3.280762924425472e-06,0.9915253124104051,0.007863744662205931,24.47278542238367,26,707,1616,12131,57343,619810,2879,0.013957712277653841,0.031903342348923065,0.23949223145716936,0.04625853084009616
872,4.563230960478476e-06,0.9915279430966008,0.007847489332973025,24.47278542238367,26,612,1699,28714,57344,619810,2951,0.012082206384616902,0.0335419422344185,0.5668765917122381,0.046259337538923216
873,4.208034550771788e-06,0.991517750231047,0.007857667157722858,24.47278542238367,26,676,1546,29487,57348,619810,2723,0.013345705091504945,0.03052139063826427,0.5821372870313704,0.04626256433423146
874,3.7014845424403386e-06,0.9915344350219868,0.007818906146251142,24.47278542238367,26,681,1547,3703,57349,619810,2729,0.013444415927980574,0.030541132805559396,0.07310524549385032,0.04626337103305852
875,2.4721862454021384e-06,0.9915407306401254,0.007817695649759648,24.47278542238367,26,514,1284,4991,57354,619810,2603,0.010147473989694589,0.025348942806941346,0.09853315696997217,0.046267404527193814
876,3.2068821764829315e-06,0.9915258767059236,0.007864224871687673,24.47278542238367,26,705,1590,11775,57359,619810,2868,0.013918227943063589,0.0313900459992498,0.23246401990010462,0.04627143802132912
877,4.867873633260956e-06,0.9915279750217354,0.0078488586047521,24.47278542238367,26,548,1424,40332,57359,619810,2734,0.010818707677728861,0.02811284622825894,0.796241091347008,0.04627143802132912
878,4.15781562280142e-06,0.9915180246796703,0.00785849131108211,24.47278542238367,26,670,1545,23471,57364,619810,2715,0.013227252087734192,0.03050164847096914,0.46336840858389433,0.04627547151546442
879,3.708816313743368e-06,0.9915343485743056,0.007819834038637733,24.47278542238367,26,675,1552,3836,57364,619810,2729,0.01332596292420982,0.030639843642035022,0.07573095374410203,0.04627547151546442
880,2.592837274404862e-06,0.991540431426773,0.007818098614160789,24.47278542238367,26,508,1274,4940,57366,619810,2588,0.010029020985923835,0.02515152113399009,0.09752630643792075,0.046277084913118535
881,3.3290078236689277e-06,0.9915253326900488,0.007863917309500397,24.47278542238367,26,702,1599,10424,57369,619810,2861,0.013859001441178213,0.03156772550490593,0.20579235188438988,0.046279505009599715
882,4.624679262880393e-06,0.9915283896242202,0.007847484087986667,24.47278542238367,26,608,1672,29577,57371,619810,2931,0.012003237715436401,0.0330089037174501,0.5839140820879316,0.04628111840725384
883,4.257985352401133e-06,0.9915180162870263,0.007857806268876034,24.47278542238367,26,677,1549,22562,57373,619810,2727,0.01336544725880007,0.030580617140149646,0.44542277851262513,0.04628273180490795
884,3.8258929140431415e-06,0.9915344326470642,0.007818555080525449,24.47278542238367,26,675,1524,3776,57373,619810,2701,0.01332596292420982,0.030087062957771506,0.07454642370639449,0.04628273180490795
885,2.4914945867391928e-06,0.991539933553387,0.007817437839221899,24.47278542238367,26,517,1323,5164,57374,619810,2628,0.010206700491579965,0.026118887331451245,0.10194855191202891,0.04628353850373502
886,3.2328354766605008e-06,0.9915256740252908,0.007863447406081072,24.47278542238367,26,709,1608,11608,57378,619810,2875,0.013997196612244092,0.03174540501056206,0.22916707796181865,0.046286765299043256
887,4.868864643906876e-06,0.9915280471599177,0.007848752193027615,24.47278542238367,26,550,1434,31579,57384,619810,2739,0.010858192012319112,0.028310267901210193,0.6234379010127732,0.046291605492005616
888,4.107622225281928e-06,0.991517699575928,0.007858907393337625,24.47278542238367,26,670,1560,23307,57385,619810,2729,0.013227252087734192,0.03079778098039603,0.4601306931474937,0.046292412190832674
889,3.6736797325484587e-06,0.9915344930368681,0.007820165303566306,24.47278542238367,26,673,1568,4007,57386,619810,2741,0.013286478589619568,0.030955718318757035,0.07910686435156851,0.04629321888965973
890,2.5871677154152044e-06,0.9915408784490158,0.007818409231054294,24.47278542238367,26,507,1233,4917,57389,619810,2579,0.01000927881862871,0.024342092274889936,0.09707223659013287,0.04629563898614091
891,3.308430258795161e-06,0.9915251466669667,0.007864379229550779,24.47278542238367,26,711,1617,10156,57390,619810,2882,0.014036680946834343,0.03192308451621819,0.2005014510492962,0.04629644568496798
892,4.671913264141145e-06,0.991527425340951,0.007847776208807956,24.47278542238367,26,603,1663,42858,57391,619810,2917,0.011904526878960773,0.03283122421179397,0.8461098059344955,0.046297252383795034
893,4.233308715759706e-06,0.9915176847174423,0.007857253551321058,24.47278542238367,26,672,1548,33599,57392,619810,2721,0.013266736422324442,0.03056087497285452,0.663317078948927,0.04629805908262209
894,3.830792542219471e-06,0.9915355322036453,0.007818103460760666,24.47278542238367,26,678,1518,3733,57392,619810,2699,0.013385189426095196,0.02996860995400075,0.07369751051270408,0.04629805908262209
895,2.569324916358867e-06,0.9915414832608543,0.007816422286021328,24.47278542238367,26,512,1285,5130,57397,619810,2617,0.010107989655104337,0.02536868497423647,0.10127731822399463,0.046302092576757395
896,3.2080127265679528e-06,0.991526278300657,0.007863347490312537,24.47278542238367,26,714,1623,12718,57404,619810,2897,0.01409590744871972,0.03204153751998894,0.2510808836594081,0.04630773946854681
897,4.856400597692131e-06,0.9915273231378031,0.007848492008751321,24.47278542238367,26,565,1446,32154,57407,619810,2770,0.011154324521745997,0.028547173908751704,0.6347896472074704,0.04631015956502799
898,4.120113452618128e-06,0.9915172195544831,0.007858144435207298,24.47278542238367,26,680,1575,24551,57407,619810,2754,0.013424673760685448,0.031093913489822912,0.48468994926263004,0.04631015956502799
899,3.6528573761828657e-06,0.991534417223698,0.007819344195746541,24.47278542238367,26,676,1563,4056,57407,619810,2739,0.013345705091504945,0.030857007482281405,0.08007423054902968,0.04631015956502799
900,2.548015359701e-06,0.9915405657358675,0.007818306374635117,24.47278542238367,26,510,1287,5119,57411,619810,2605,0.010068505320514086,0.025408169308826722,0.10106015438374825,0.04631338636033623
901,3.2968380328596514e-06,0.9915259222803531,0.007864081370006276,24.47278542238367,26,710,1607,13102,57412,619810,2875,0.014016938779539218,0.03172566284326694,0.25866187590073636,0.04631419305916329
902,4.561907995903567e-06,0.9915275308067331,0.007847870725758753,24.47278542238367,26,609,1677,34635,57415,619810,2937,0.012022979882731526,0.03310761455392573,0.6837699642666772,0.04631661315564447
903,4.137388677542885e-06,0.991517464331403,0.007858215068565887,24.47278542238367,26,676,1558,30475,57415,619810,2735,0.013345705091504945,0.030758296645805778,0.6016425483189545,0.04631661315564447
904,3.7531004877205255e-06,0.9915345306305422,0.007819204662389676,24.47278542238367,26,673,1552,3847,57415,619810,2726,0.013286478589619568,0.030639843642035022,0.07594811758434841,0.04631661315564447
905,2.532537223756009e-06,0.9915414529523616,0.007817185987489723,24.47278542238367,26,510,1284,5214,57423,619810,2617,0.010068505320514086,0.025348942806941346,0.10293566027678519,0.04632306674626095
906,3.296563260891048e-06,0.9915265009390724,0.007863443903480354,24.47278542238367,26,721,1593,17838,57424,619810,2889,0.0142341026197856,0.031449272501135175,0.3521607802104515,0.04632387344508801
907,4.937080267888616e-06,0.9915277206268773,0.007847302175081302,24.47278542238367,26,554,1428,43941,57426,619810,2741,0.010937160681499615,0.02819181489743944,0.8674905731151166,0.04632548684274213
908,4.158135605484971e-06,0.9915178984470883,0.007857302867584995,24.47278542238367,26,678,1551,23986,57433,619810,2729,0.013385189426095196,0.030620101474739897,0.47353562474088406,0.04633113373453155
909,3.7306197550592924e-06,0.9915346333303605,0.00781918103448395,24.47278542238367,26,677,1554,3954,57434,619810,2731,0.01336544725880007,0.030679327976625273,0.07806052948492685,0.04633194043335861
910,2.560952383285172e-06,0.9915402750036693,0.007818492363608988,24.47278542238367,26,514,1270,4968,57439,619810,2602,0.010147473989694589,0.025072552464809588,0.09807908712218427,0.04633597392749391
911,3.25759658497955e-06,0.99152507601549,0.00786457705540315,24.47278542238367,26,713,1597,10848,57445,619810,2870,0.014076165281424595,0.03152824117031568,0.21416303081752314,0.04634081412045627
912,4.581655617855409e-06,0.9915276010422752,0.007848174537642126,24.47278542238367,26,611,1672,36272,57458,619810,2934,0.012062464217321777,0.0330089037174501,0.7160878921287979,0.04635130120520805
913,4.174303301103928e-06,0.9915175992264099,0.007857871245477717,24.47278542238367,26,675,1541,27776,57460,619810,2717,0.01332596292420982,0.03042267980178864,0.5483584387894103,0.046352914602862165
914,3.700707026948033e-06,0.9915347666259483,0.007818823013846897,24.47278542238367,26,672,1559,3848,57460,619810,2733,0.013266736422324442,0.030778038813100903,0.07596785975164354,0.046352914602862165
915,2.5338062723653055e-06,0.991540777169603,0.007817726606050093,24.47278542238367,26,508,1242,4986,57464,619810,2587,0.010029020985923835,0.024519771780546068,0.09843444613349654,0.04635614139817041
916,3.302888154569218e-06,0.9915251776752828,0.007864674828412428,24.47278542238367,26,707,1615,12251,57468,619810,2880,0.013957712277653841,0.03188360018162794,0.24186129153258445,0.04635936819347865
917,4.986899959427159e-06,0.9915280693665153,0.007847569292826961,24.47278542238367,26,542,1433,45440,57481,619810,2734,0.010700254673958107,0.028290525733915068,0.8970840818905099,0.046369855278230426
918,4.203027870837304e-06,0.9915185235269767,0.007857081078677946,24.47278542238367,26,676,1549,32168,57484,619810,2725,0.013345705091504945,0.030580617140149646,0.6350660375496022,0.046372275374711606
919,3.7530857563373115e-06,0.9915351460223625,0.00781822453489463,24.47278542238367,26,678,1538,3930,57486,619810,2717,0.013385189426095196,0.030363453299903264,0.07758671746984384,0.04637388877236572
920,2.5944144386938358e-06,0.9915403738300405,0.007818026798976745,24.47278542238367,26,519,1310,5161,57491,619810,2627,0.010246184826170218,0.025862239156614612,0.10188932541014352,0.046377922266501025
921,3.286191446249519e-06,0.991525969368663,0.00786329490840879,24.47278542238367,26,721,1611,13183,57491,619810,2888,0.0142341026197856,0.03180463151244744,0.26026099145164155,0.046377922266501025
922,4.552993391871605e-06,0.9915271250352631,0.007848276946134273,24.47278542238367,26,612,1671,40727,57502,619810,2934,0.012082206384616902,0.03298916155015497,0.8040392474285827,0.04638679595359868
923,4.144219117220636e-06,0.9915170770759838,0.007858830555026551,24.47278542238367,26,674,1542,22336,57502,619810,2717,0.013306220756914695,0.030442421969083765,0.4409610487039267,0.04638679595359868
924,3.679630064938584e-06,0.9915346570591994,0.007819453620787346,24.47278542238367,26,669,1561,3886,57511,619810,2730,0.013207509920439066,0.030817523147691154,0.07671806210885831,0.04639405624304222
925,2.499715152286726e-06,0.9915409238248807,0.007818339419858851,24.47278542238367,26,506,1248,4987,57513,619810,2575,0.009989536651333583,0.024638224784316824,0.09845418830079167,0.046395669640696344
926,3.333799578652898e-06,0.9915255101651791,0.00786524697856978,24.47278542238367,26,709,1595,10514,57514,619810,2877,0.013997196612244092,0.031488756835725426,0.2075691469409512,0.0463964763395234
927,5.069844359732944e-06,0.991528438614934,0.007847766031696846,24.47278542238367,26,547,1418,29202,57520,619810,2724,0.010798965510433736,0.027994393224488184,0.5765107693522595,0.04640131653248576
928,4.2293814074951735e-06,0.9915179884001523,0.007857193944966796,24.47278542238367,26,679,1548,25936,57523,619810,2727,0.013404931593390323,0.03056087497285452,0.5120328509663791,0.04640373662896694
929,3.844758621623606e-06,0.9915346535032687,0.007818253180278819,24.47278542238367,26,677,1524,3783,57523,619810,2704,0.01336544725880007,0.030087062957771506,0.07468461887746036,0.04640373662896694
930,2.6492437468263607e-06,0.991540938491852,0.007816815593140023,24.47278542238367,26,505,1256,5080,57524,619810,2585,0.009969794484038457,0.024796162122677826,0.10029020985923835,0.046404543327794
931,3.3304476979093687e-06,0.991526369606095,0.007863355568214265,24.47278542238367,26,703,1601,12656,57526,619810,2864,0.013878743608473338,0.03160720983949618,0.24985686928711034,0.04640615672544812
932,4.671217554851745e-06,0.9915280122042097,0.007847439335481272,24.47278542238367,26,610,1674,40926,57528,619810,2931,0.012042722050026652,0.033048388052040356,0.8079679387203127,0.04640777012310224
933,4.152310562638159e-06,0.9915170268423291,0.007857786358838218,24.47278542238367,26,681,1576,30315,57530,619810,2756,0.013444415927980574,0.031113655657118038,0.5984838015517343,0.04640938352075636
934,3.676098712110535e-06,0.9915340419792247,0.007819054524315193,24.47278542238367,26,678,1565,4065,57537,619810,2743,0.013385189426095196,0.030896491816871655,0.08025191005468581,0.04641503041254578
935,2.500208152198189e-06,0.9915405025219999,0.007818027632614953,24.47278542238367,26,512,1253,4992,57537,619810,2604,0.010107989655104337,0.02473693562079245,0.0985528991372673,0.04641503041254578
936,3.276588863180057e-06,0.9915257002980453,0.007864711491185948,24.47278542238367,26,716,1606,14742,57537,619810,2880,0.014135391783309971,0.031705920675971805,0.2910390302647425,0.04641503041254578
937,4.982151973420363e-06,0.991528173650885,0.007847511563556583,24.47278542238367,26,537,1421,29907,57557,619810,2717,0.010601543837482479,0.02805361972637356,0.590428997295323,0.046431164389086975
938,4.1462279762274885e-06,0.9915186994415343,0.007857060337487022,24.47278542238367,26,669,1556,30235,57558,619810,2725,0.013207509920439066,0.030718812311215524,0.5969044281681243,0.04643197108791404
939,3.7459179488072113e-06,0.9915353331788739,0.00781867414351998,24.47278542238367,26,677,1556,3973,57571,619810,2734,0.01336544725880007,0.030718812311215524,0.07843563066353425,0.04644245817266582
940,2.6295203187252556e-06,0.9915411252109,0.007817404382155866,24.47278542238367,26,509,1267,5159,57571,619810,2591,0.01004876315321896,0.02501332596292421,0.10184984107555327,0.04644245817266582
941,3.2648418628056326e-06,0.9915259640149926,0.007863542626933272,24.47278542238367,26,716,1616,14815,57573,619810,2888,0.014135391783309971,0.031903342348923065,0.2924802084772866,0.046444071570319934
942,4.575516471395731e-06,0.9915267817576766,0.007847846915620313,24.47278542238367,26,618,1669,38984,57591,619810,2938,0.012200659388387658,0.03294967721556472,0.7696286498331787,0.046458592149207015
943,4.136586410401188e-06,0.9915168858011834,0.007858202859036916,24.47278542238367,26,677,1562,24427,57592,619810,2740,0.01336544725880007,0.03083726531498628,0.4822419205180345,0.04645939884803407
944,3.6919175222275317e-06,0.9915344500843636,0.007819305062667923,24.47278542238367,26,673,1561,3936,57592,619810,2734,0.013286478589619568,0.030817523147691154,0.0777051704736146,0.04645939884803407
945,2.50534357041688e-06,0.9915409855449728,0.007818032520848256,24.47278542238367,26,511,1279,5010,57593,619810,2596,0.010088247487809211,0.025250231970465716,0.09890825814857955,0.04646020554686114
946,3.2916421662639306e-06,0.9915264412906959,0.007864109175575618,24.47278542238367,26,709,1594,13629,57593,619810,2876,0.013997196612244092,0.0314690146684303,0.2690659980652676,0.04646020554686114
947,4.9584291813221145e-06,0.9915278550622292,0.00784798981031943,24.47278542238367,26,548,1423,32787,57612,619810,2730,0.010818707677728861,0.02809310406096381,0.6472864391052849,0.046475532824575276
948,4.164812322855215e-06,0.9915174859254742,0.00785797971138244,24.47278542238367,26,674,1547,28035,57613,619810,2721,0.013306220756914695,0.030541132805559396,0.5534716601188479,0.046476339523402334
949,3.731419320117595e-06,0.9915342398670962,0.007819406338157595,24.47278542238367,26,673,1555,3967,57613,619810,2729,0.013286478589619568,0.0306990701439204,0.0783171776597635,0.046476339523402334
950,2.6002654604893915e-06,0.9915410988261645,0.007817613703182279,24.47278542238367,26,507,1242,5138,57613,619810,2586,0.01000927881862871,0.024519771780546068,0.10143525556235564,0.046476339523402334
951,3.3410247185814123e-06,0.9915260173344504,0.007864025663546036,24.47278542238367,26,715,1604,13217,57613,619810,2879,0.014115649616014846,0.031666436341381554,0.26093222513967584,0.046476339523402334
952,4.707640593124264e-06,0.99152796514706,0.007847061432639715,24.47278542238367,26,606,1653,47116,57634,619810,2910,0.011963753380846149,0.03263380253884272,0.9301719542771405,0.04649328019877059
953,4.170815132828825e-06,0.9915175995408397,0.007857020370590415,24.47278542238367,26,675,1553,38458,57641,619810,2729,0.01332596292420982,0.030659585809330148,0.7592442698359426,0.04649892709056001
954,3.716086354666041e-06,0.9915348717617006,0.007818494951110783,24.47278542238367,26,679,1552,3921,57641,619810,2731,0.013404931593390323,0.030639843642035022,0.0774090379641877,0.04649892709056001
955,2.5395185397395453e-06,0.9915406416797725,0.00781791215669321,24.47278542238367,26,511,1264,5045,57642,619810,2612,0.010088247487809211,0.024954099461038833,0.09959923400390895,0.04649973378938707
956,3.250977859030771e-06,0.9915254680702392,0.00786471331197442,24.47278542238367,26,722,1609,14849,57642,619810,2889,0.014253844787080725,0.03176514717785719,0.2931514421653209,0.04649973378938707
957,4.896294092231694e-06,0.9915275359646282,0.007847700884829556,24.47278542238367,26,557,1446,41841,57648,619810,2762,0.010996387183384993,0.028547173908751704,0.8260320217953527,0.04650457398234943
958,4.1171959472529545e-06,0.9915180285352121,0.007856921796201885,24.47278542238367,26,676,1559,30742,57652,619810,2735,0.013345705091504945,0.030778038813100903,0.606913706986753,0.04650780077765767
959,3.703597676853702e-06,0.9915348329622329,0.00781886595436133,24.47278542238367,26,674,1552,3969,57660,619810,2728,0.013306220756914695,0.030639843642035022,0.07835666199435375,0.046514254368274145
960,2.605870345356012e-06,0.9915410647956823,0.00781784134545998,24.47278542238367,26,510,1272,4908,57666,619810,2588,0.010068505320514086,0.02511203679939984,0.09689455708447674,0.046519094561236506
961,3.2807455630282278e-06,0.9915260440298389,0.007863933327447644,24.47278542238367,26,719,1627,15477,57669,619810,2902,0.014194618285195349,0.032120506189169444,0.30554952322665985,0.046521514657717686
962,4.552207967010184e-06,0.9915265395726225,0.007848011334005072,24.47278542238367,26,612,1672,45075,57684,619810,2935,0.012082206384616902,0.0330089037174501,0.8898781908277891,0.04653361514012359
963,4.129070482288701e-06,0.9915167741810815,0.007858428155087555,24.47278542238367,26,672,1542,26260,57684,619810,2715,0.013266736422324442,0.030442421969083765,0.5184293131699999,0.04653361514012359
964,3.711602180230053e-06,0.9915348699940452,0.007819174869436415,24.47278542238367,26,667,1555,3881,57693,619810,2722,0.013168025585848814,0.0306990701439204,0.07661935127238269,0.04654087542956713
965,2.530014998667926e-06,0.9915418716177539,0.00781719286626372,24.47278542238367,26,505,1236,5291,57775,619810,2578,0.009969794484038457,0.024401318776775316,0.10445580715850986,0.046607024733386036
966,3.3090271406085167e-06,0.9915269432694248,0.007863757940098836,24.47278542238367,26,709,1592,15759,57777,619810,2876,0.013997196612244092,0.03142953033384005,0.3111168144038853,0.04660863813104016
967,5.012421765568541e-06,0.9915279959718103,0.007847047254078022,24.47278542238367,26,543,1414,39503,57784,619810,2716,0.010719996841253233,0.027915424555307683,0.7798748346593489,0.04661428502282958
968,4.162781348732117e-06,0.9915183966267668,0.007856817321337278,24.47278542238367,26,673,1542,31057,57791,619810,2715,0.013286478589619568,0.030442421969083765,0.6131324896847176,0.046619931914618995
969,3.720603707908237e-06,0.9915348192194826,0.007818817320431213,24.47278542238367,26,674,1549,3984,57791,619810,2723,0.013306220756914695,0.030580617140149646,0.07865279450378063,0.046619931914618995
970,2.5493298667177876e-06,0.9915405001632115,0.0078184005303965,24.47278542238367,26,516,1298,4906,57791,619810,2616,0.01018695832428484,0.025625333149073105,0.09685507274988649,0.046619931914618995
971,3.231723895682733e-06,0.9915253742294825,0.007864270446638429,24.47278542238367,26,719,1613,16592,57792,619810,2890,0.014194618285195349,0.03184411584703769,0.32756203976072495,0.04662073861344605
972,4.495426709265744e-06,0.9915264056232899,0.00784859208708971,24.47278542238367,26,614,1693,40860,57792,619810,2951,0.012121690719207155,0.03342348923064774,0.8066649556788344,0.04662073861344605
973,4.103118412625905e-06,0.9915175830302606,0.00785852966074078,24.47278542238367,26,673,1549,22464,57792,619810,2723,0.013286478589619568,0.030580617140149646,0.4434880461177028,0.04662073861344605
974,3.6944135512848223e-06,0.9915348910844581,0.007819269521777172,24.47278542238367,26,669,1565,3847,57810,619810,2736,0.013207509920439066,0.030896491816871655,0.07594811758434841,0.046635259192333134
975,2.5033392789275093e-06,0.991541239404572,0.007817798658552273,24.47278542238367,26,511,1266,5020,57810,619810,2598,0.010088247487809211,0.024993583795629083,0.0991056798215308,0.046635259192333134
976,3.3064879083137975e-06,0.9915258296798661,0.007864385022295159,24.47278542238367,26,712,1606,10655,57810,619810,2890,0.01405642311412947,0.031705920675971805,0.2103527925295639,0.046635259192333134
977,5.041603754870325e-06,0.9915279640652004,0.00784766507764696,24.47278542238367,26,541,1422,34360,57810,619810,2722,0.010680512506662982,0.028073361893668686,0.6783408682605176,0.046635259192333134
978,4.162925262424e-06,0.9915176006830763,0.007857392562526539,24.47278542238367,26,674,1557,27977,57810,619810,2731,0.013306220756914695,0.030738554478510653,0.5523266144157306,0.046635259192333134
979,3.7477141716506958e-06,0.9915346744976744,0.007818926488348314,24.47278542238367,26,676,1556,3864,57815,619810,2732,0.013345705091504945,0.030718812311215524,0.07628373442836554,0.046639292686468437
980,2.637374012316809e-06,0.9915411524377562,0.007817501822349911,24.47278542238367,26,512,1268,5199,57822,619810,2617,0.010107989655104337,0.025033068130219334,0.1026395277673583,0.046644939578257855
981,3.3139819833702173e-06,0.9915256044051801,0.007864006868805465,24.47278542238367,26,713,1607,14825,57822,619810,2878,0.014076165281424595,0.03172566284326694,0.2926776301502379,0.046644939578257855
982,4.61988104378417e-06,0.991527620214457,0.00784720846086353,24.47278542238367,26,612,1688,53529,57831,619810,2944,0.012082206384616902,0.03332477839417211,1.0567784731407814,0.046652199867701395
983,4.208526024032189e-06,0.9915174628424345,0.007857200112239683,24.47278542238367,26,675,1545,35871,57831,619810,2721,0.01332596292420982,0.03050164847096914,0.7081712830434526,0.046652199867701395
984,3.707541670301268e-06,0.9915346867148654,0.007818568023250077,24.47278542238367,26,680,1546,3738,57831,619810,2727,0.013424673760685448,0.03052139063826427,0.07379622134917971,0.046652199867701395
985,2.5190474458922882e-06,0.9915408866290306,0.007817633465508596,24.47278542238367,26,510,1262,4999,57832,619810,2593,0.010068505320514086,0.024914615126448582,0.09869109430833317,0.04665300656652845
986,3.223076928326858e-06,0.99152582257131,0.007864694946719888,24.47278542238367,26,712,1608,11957,57832,619810,2880,0.01405642311412947,0.03174540501056206,0.2360570943478175,0.04665300656652845
987,4.885919864412811e-06,0.9915276624200258,0.007848422215640073,24.47278542238367,26,549,1435,39951,57833,619810,2743,0.010838449845023987,0.028330010068505322,0.7887193256075652,0.04665381326535551
988,4.145795826201881e-06,0.9915182263646627,0.007857709555009619,24.47278542238367,26,671,1554,23224,57833,619810,2725,0.013246994255029317,0.030679327976625273,0.4584920932619983,0.04665381326535551
989,3.693059017007809e-06,0.9915345520168916,0.007819270431733152,24.47278542238367,26,677,1557,3916,57833,619810,2736,0.01336544725880007,0.030738554478510653,0.07731032712771208,0.04665381326535551
990,2.582958238530798e-06,0.9915406776106991,0.007817987492474329,24.47278542238367,26,512,1293,4937,57833,619810,2596,0.010107989655104337,0.025526622312597478,0.09746707993603537,0.04665381326535551
991,3.3082755388568273e-06,0.991526188613777,0.00786350436569305,24.47278542238367,26,709,1607,14047,57834,619810,2874,0.013997196612244092,0.03172566284326694,0.27731822399463013,0.046654619964182575
992,4.493900007595417e-06,0.991527253735147,0.007848005647967397,24.47278542238367,26,613,1714,44932,57834,619810,2971,0.01210194855191203,0.03383807474384538,0.8870550609045861,0.046654619964182575
993,4.15744676661773e-06,0.9915171151994017,0.007858670752242154,24.47278542238367,26,674,1548,26718,57839,619810,2723,0.013306220756914695,0.03056087497285452,0.5274712257911673,0.04665865345831787
994,3.73926829590606e-06,0.9915344521375992,0.00781918910262969,24.47278542238367,26,671,1564,3873,57839,619810,2735,0.013246994255029317,0.03087674964957653,0.07646141393402167,0.04665865345831787
995,2.48964415448417e-06,0.9915408240396363,0.00781756781925785,24.47278542238367,26,515,1284,5284,57843,619810,2620,0.010167216156989714,0.025348942806941346,0.10431761198744398,0.04666188025362611
996,3.3142950457685095e-06,0.9915258586579947,0.007864088790073023,24.47278542238367,26,717,1583,16815,57844,619810,2875,0.014155133950605097,0.031251850828183915,0.331964543067538,0.046662686952453174
997,4.991449305436611e-06,0.9915278118664673,0.007847629277794433,24.47278542238367,26,543,1425,39956,57846,619810,2727,0.010719996841253233,0.028132588395554065,0.7888180364440408,0.04666430035010729
998,4.132082792037029e-06,0.9915179067177099,0.007857492835930955,24.47278542238367,26,671,1548,23373,57847,619810,2719,0.013246994255029317,0.03056087497285452,0.461433676188972,0.046665107048934354
999,3.737310423889987e-06,0.9915352612899594,0.007818779072656837,24.47278542238367,26,673,1553,3870,57847,619810,2726,0.013286478589619568,0.030659585809330148,0.0764021874321363,0.046665107048934354
