seed,R2,B,rho,violations,max_pos_dL,energy_floor_z,flux_total
0,0.4502096638448686,0.0016851073725777117,0.6606767524612953,0,0.0,7.85086442163287,0.005243780904096556
1,0.4502096638448686,0.0016851073725777117,0.6606767524612953,0,0.0,7.85086442163287,0.005243780904096556
2,0.4502096638448686,0.0016851073725777117,0.6606767524612953,0,0.0,7.85086442163287,0.005243780904096556
3,0.4502096638448686,0.0016851073725777117,0.6606767524612953,0,0.0,7.85086442163287,0.005243780904096556
4,0.4502096638448686,0.0016851073725777117,0.6606767524612953,0,0.0,7.85086442163287,0.005243780904096556
5,0.4502096638448686,0.0016851073725777117,0.6606767524612953,0,0.0,7.85086442163287,0.005243780904096556
6,0.4502096638448686,0.0016851073725777117,0.6606767524612953,0,0.0,7.85086442163287,0.005243780904096556
