seed,R2,B,rho,violations,max_pos_dL,energy_floor_z,flux_total
0,0.5266196112017081,0.004316262454213996,0.7393500030874456,0,0.0,5.722419975959334,0.009016633379020509
1,0.5266196112017081,0.004316262454213996,0.7393500030874456,0,0.0,5.722419975959334,0.009016633379020509
2,0.5266196112017081,0.004316262454213996,0.7393500030874456,0,0.0,5.722419975959334,0.009016633379020509
3,0.5266196112017081,0.004316262454213996,0.7393500030874456,0,0.0,5.722419975959334,0.009016633379020509
4,0.5266196112017081,0.004316262454213996,0.7393500030874456,0,0.0,5.722419975959334,0.009016633379020509
5,0.5266196112017081,0.004316262454213996,0.7393500030874456,0,0.0,5.722419975959334,0.009016633379020509
6,0.5266196112017081,0.004316262454213996,0.7393500030874456,0,0.0,5.722419975959334,0.009016633379020509
