seed,R2,B,rho,F_A,F_B,violations,max_pos_dL,energy_floor_z
0,0.7494850541479452,0.0018499522056994542,0.6011748453597929,0.005496152364895458,0.003646200159196004,0,0.0,13.525165190959203
1,0.7494850541479452,0.0018499522056994542,0.6011748453597929,0.005496152364895458,0.003646200159196004,0,0.0,13.525165190959203
2,0.7494850541479452,0.0018499522056994542,0.6011748453597929,0.005496152364895458,0.003646200159196004,0,0.0,13.525165190959203
3,0.7494850541479452,0.0018499522056994542,0.6011748453597929,0.005496152364895458,0.003646200159196004,0,0.0,13.525165190959203
4,0.7494850541479452,0.0018499522056994542,0.6011748453597929,0.005496152364895458,0.003646200159196004,0,0.0,13.525165190959203
