seed,R2,B,rho,violations,max_pos_dL,energy_floor_z,flux_total
0,0.3510036023660652,0.00394680596745031,0.7547416043459392,0,0.0,6.384979749890751,0.007746685072475237
1,0.3510036023660652,0.00394680596745031,0.7547416043459392,0,0.0,6.384979749890751,0.007746685072475237
2,0.3510036023660652,0.00394680596745031,0.7547416043459392,0,0.0,6.384979749890751,0.007746685072475237
3,0.3510036023660652,0.00394680596745031,0.7547416043459392,0,0.0,6.384979749890751,0.007746685072475237
4,0.3510036023660652,0.00394680596745031,0.7547416043459392,0,0.0,6.384979749890751,0.007746685072475237
5,0.3510036023660652,0.00394680596745031,0.7547416043459392,0,0.0,6.384979749890751,0.007746685072475237
6,0.3510036023660652,0.00394680596745031,0.7547416043459392,0,0.0,6.384979749890751,0.007746685072475237
