seed,R2,B,rho,violations,max_pos_dL,energy_floor_z
0,0.729635068378943,0.0,0.0,0,0.0,9.165718571518951
1,0.729635068378943,0.0,0.0,0,0.0,9.165718571518951
2,0.729635068378943,0.0,0.0,0,0.0,9.165718571518951
3,0.729635068378943,0.0,0.0,0,0.0,9.165718571518951
4,0.729635068378943,0.0,0.0,0,0.0,9.165718571518951
