seed,R2,B,rho,F_A,F_B,violations,max_pos_dL,energy_floor_z
0,0.7427703043057989,0.00878768052811285,0.771003154565174,0.012500462253579552,0.003712781725466702,0,0.0,24.263713674707684
1,0.7427703043057989,0.00878768052811285,0.771003154565174,0.012500462253579552,0.003712781725466702,0,0.0,24.263713674707684
2,0.7427703043057989,0.00878768052811285,0.771003154565174,0.012500462253579552,0.003712781725466702,0,0.0,24.263713674707684
3,0.7427703043057989,0.00878768052811285,0.771003154565174,0.012500462253579552,0.003712781725466702,0,0.0,24.263713674707684
4,0.7427703043057989,0.00878768052811285,0.771003154565174,0.012500462253579552,0.003712781725466702,0,0.0,24.263713674707684
