seed,R2,B,rho,F_A,F_B,violations,max_pos_dL,energy_floor_z
0,0.7380135702956024,0.0046665369752755745,0.6015532846520446,0.013821171097741839,0.009154634122466265,0,0.0,31.737762078460314
1,0.7380135702956024,0.0046665369752755745,0.6015532846520446,0.013821171097741839,0.009154634122466265,0,0.0,31.737762078460314
2,0.7380135702956024,0.0046665369752755745,0.6015532846520446,0.013821171097741839,0.009154634122466265,0,0.0,31.737762078460314
3,0.7380135702956024,0.0046665369752755745,0.6015532846520446,0.013821171097741839,0.009154634122466265,0,0.0,31.737762078460314
4,0.7380135702956024,0.0046665369752755745,0.6015532846520446,0.013821171097741839,0.009154634122466265,0,0.0,31.737762078460314
