seed,R2,B,rho,violations,max_pos_dL,energy_floor_z,flux_total
0,0.7457446527923397,0.0005726851250305426,0.6019370787441016,0,0.0,21.583900822419857,0.002809012834613722
1,0.7457446527923397,0.0005726851250305426,0.6019370787441016,0,0.0,21.583900822419857,0.002809012834613722
2,0.7457446527923397,0.0005726851250305426,0.6019370787441016,0,0.0,21.583900822419857,0.002809012834613722
3,0.7457446527923397,0.0005726851250305426,0.6019370787441016,0,0.0,21.583900822419857,0.002809012834613722
4,0.7457446527923397,0.0005726851250305426,0.6019370787441016,0,0.0,21.583900822419857,0.002809012834613722
