dt,two_grid_error_inf_median
0.04,1.5374480016906722e-06
0.02,2.800106314090195e-07
0.01,5.624278273663741e-08
0.005,1.2295203501155871e-08
