dt,strang_defect_median
0.02,6.790299754374975e-06
0.01,9.0641988362717e-07
0.005,1.1717450102820964e-07
0.0025,1.4897933342701564e-08
