{
  "defect_med": [
    6.790299754374975e-06,
    9.0641988362717e-07,
    1.1717450102820964e-07,
    1.4897933342701564e-08,
    1.8781706420147037e-09
  ],
  "dt": [
    0.02,
    0.01,
    0.005,
    0.0025,
    0.00125
  ],
  "figure": "/mnt/ironwolf/git/Void_Unity_Proofs/derivation/code/outputs/figures/metriplectic/20251006_145757_strang_defect_vs_dt__kgRD-v1b.png",
  "fit": {
    "R2": 0.9999694903063632,
    "slope": 2.9566858195528103
  }
}