scheme,seed,abs_delta_S
j_only,0,1.802140970896815e-07
m_only,0,0.002555864385581086
jmj,0,0.002555707610736091
