lambda,median_ceg,mean_ceg,n
0.0,0.0,0.0,12
0.1,0.01307565252473675,0.012719091832100309,12
0.2,0.025067524975949756,0.024717825931769296,12
0.3,0.03631826984419613,0.03609340942067688,12
0.5,0.057786857482436185,0.05683166219278076,12
