{
  "dt": [
    0.04,
    0.02,
    0.01,
    0.005
  ],
  "expected_slope": 2.0,
  "failed": false,
  "figure": "/mnt/ironwolf/git/Void_Unity_Proofs/derivation/code/outputs/figures/metriplectic/20251006_090900_residual_vs_dt_jmj.png",
  "fit": {
    "R2": 0.9999098553697611,
    "slope": 2.741945831971441
  },
  "scheme": "jmj",
  "trivial_exact": false,
  "two_grid_error_inf_med": [
    7.483021107292098e-06,
    1.0957291636179423e-06,
    1.5998243511894383e-07,
    2.5191893009146593e-08
  ]
}