{
  "dt": 0.00125,
  "figure": "/mnt/ironwolf/git/Void_Unity_Proofs/derivation/code/outputs/figures/metriplectic/20251006_100726_fixed_dt_deltaS_compare.png",
  "summaries": {
    "j_only": {
      "dt": 0.00125,
      "max_abs_delta_S": 3.952730476264321e-08,
      "mean_abs_delta_S": 1.6070394448508552e-08,
      "median_abs_delta_S": 1.2989503694882387e-08
    },
    "jmj": {
      "dt": 0.00125,
      "max_abs_delta_S": 0.00016597904851778367,
      "mean_abs_delta_S": 0.0001559570356224893,
      "median_abs_delta_S": 0.0001560227722420815
    },
    "m_only": {
      "dt": 0.00125,
      "max_abs_delta_S": 0.00016598030008441178,
      "mean_abs_delta_S": 0.00015596887590769716,
      "median_abs_delta_S": 0.0001560176423350268
    }
  }
}