lambda,median_ceg,mean_ceg,n
0.0,0.0,0.0,12
0.1,0.012232462179376263,0.011875020117448336,12
0.2,0.023092215095712056,0.022919696628497795,12
0.3,0.03377605625189813,0.033322550069145855,12
0.5,0.05258967641318092,0.051908087882683,12
