{
  "dt": [
    0.04,
    0.02,
    0.01,
    0.005
  ],
  "expected_slope": 2.0,
  "failed": false,
  "figure": "/mnt/ironwolf/git/Void_Unity_Proofs/derivation/code/outputs/figures/metriplectic/20251006_095440_residual_vs_dt_jmj.png",
  "fit": {
    "R2": 0.999355991085979,
    "slope": 2.321463630397098
  },
  "scheme": "jmj",
  "trivial_exact": false,
  "two_grid_error_inf_med": [
    1.5374480016906722e-06,
    2.800106314090195e-07,
    5.624278273663741e-08,
    1.2295203501155871e-08
  ]
}