dt,strang_defect_median
0.04,7.049294641466031e-06
0.02,1.102731803817418e-06
0.01,1.7172175841712045e-07
0.005,3.2150472923687945e-08
