dt,strang_defect_median
0.02,5.236019626517034e-07
0.01,7.54812113546062e-08
0.005,1.1422180686091604e-08
0.0025,1.899570451022875e-09
0.00125,3.599769228361527e-10
