{
  "dt": [
    0.02,
    0.01,
    0.005,
    0.0025,
    0.00125
  ],
  "expected_slope": 2.0,
  "failed": false,
  "figure": "/mnt/ironwolf/git/Void_Unity_Proofs/derivation/code/outputs/figures/metriplectic/20251006_100833_residual_vs_dt_m_only.png",
  "fit": {
    "R2": 0.9999858705584201,
    "slope": 2.98029188652787
  },
  "gate": {
    "R2_min": 0.999,
    "slope_min": 2.9
  },
  "scheme": "m_only",
  "trivial_exact": false,
  "two_grid_error_inf_med": [
    4.900391725008724e-07,
    6.343017700666254e-08,
    8.070345131755419e-09,
    1.0178304657437742e-09,
    1.264022393698827e-10
  ]
}