{
  "dt": 0.02,
  "figure": "/mnt/ironwolf/git/Void_Unity_Proofs/derivation/code/outputs/figures/metriplectic/20251006_132404_fixed_dt_deltaS_compare__tag-smoke.png",
  "summaries": {
    "j_only": {
      "dt": 0.02,
      "max_abs_delta_S": 1.802140970896815e-07,
      "mean_abs_delta_S": 1.802140970896815e-07,
      "median_abs_delta_S": 1.802140970896815e-07
    },
    "jmj": {
      "dt": 0.02,
      "max_abs_delta_S": 0.002555707610736091,
      "mean_abs_delta_S": 0.002555707610736091,
      "median_abs_delta_S": 0.002555707610736091
    },
    "m_only": {
      "dt": 0.02,
      "max_abs_delta_S": 0.002555864385581086,
      "mean_abs_delta_S": 0.002555864385581086,
      "median_abs_delta_S": 0.002555864385581086
    }
  }
}