dt,two_grid_error_inf_median
0.02,4.900391725008724e-07
0.01,6.343017700666254e-08
0.005,8.070345131755419e-09
0.0025,1.0178304657437742e-09
0.00125,1.264022393698827e-10
