{
  "defect_med": [
    7.049294641466031e-06,
    1.102731803817418e-06,
    1.7172175841712045e-07,
    3.2150472923687945e-08
  ],
  "dt": [
    0.04,
    0.02,
    0.01,
    0.005
  ],
  "failed": false,
  "figure": "/mnt/ironwolf/git/Void_Unity_Proofs/derivation/code/outputs/figures/metriplectic/20251006_095439_strang_defect_vs_dt.png",
  "fit": {
    "R2": 0.9993941823124851,
    "slope": 2.6012422612168864
  }
}