{
  "dt": [
    0.04,
    0.02,
    0.01,
    0.005
  ],
  "expected_slope": 2.0,
  "failed": false,
  "figure": "/mnt/ironwolf/git/Void_Unity_Proofs/derivation/code/outputs/figures/metriplectic/20251006_095441_residual_vs_dt_jmj.png",
  "fit": {
    "R2": 0.9999835757739056,
    "slope": 2.88867364734004
  },
  "scheme": "jmj",
  "trivial_exact": false,
  "two_grid_error_inf_med": [
    6.833170694462397e-06,
    9.391191695485093e-07,
    1.2689515849640537e-07,
    1.681858426832994e-08
  ]
}