{
  "dt": 0.00125,
  "figure": "/mnt/ironwolf/git/Void_Unity_Proofs/derivation/code/outputs/figures/metriplectic/20251006_100845_fixed_dt_deltaS_compare.png",
  "summaries": {
    "j_only": {
      "dt": 0.00125,
      "max_abs_delta_S": 8.278233032399385e-08,
      "mean_abs_delta_S": 3.211688788251621e-08,
      "median_abs_delta_S": 2.8458193024327727e-08
    },
    "jmj": {
      "dt": 0.00125,
      "max_abs_delta_S": 0.00032383534935553904,
      "mean_abs_delta_S": 0.00030704081038177564,
      "median_abs_delta_S": 0.000306254426501007
    },
    "m_only": {
      "dt": 0.00125,
      "max_abs_delta_S": 0.0003237958759121362,
      "mean_abs_delta_S": 0.0003070646505551666,
      "median_abs_delta_S": 0.00030631989260387904
    }
  }
}