dt,two_grid_error_inf_median
0.04,6.833170694462397e-06
0.02,9.391191695485093e-07
0.01,1.2689515849640537e-07
0.005,1.681858426832994e-08
