lambda,median_ceg,mean_ceg,n
0.0,0.0,0.0,12
0.1,0.012461511069583767,0.012112800263260677,12
0.2,0.02368762040013713,0.023464593864852033,12
0.3,0.034664398174851105,0.034247232080376756,12
0.5,0.05455216977339582,0.0537847305267082,12
