{
  "defect_med": [
    6.790299754374975e-06,
    9.0641988362717e-07,
    1.1717450102820964e-07,
    1.4897933342701564e-08,
    1.8781706420147037e-09,
    2.3581167660907676e-10
  ],
  "dt": [
    0.02,
    0.01,
    0.005,
    0.0025,
    0.00125,
    0.000625
  ],
  "figure": "/mnt/ironwolf/git/Void_Unity_Proofs/derivation/code/outputs/figures/metriplectic/20251006_150709_strang_defect_vs_dt__kgRD-v1c.png",
  "fit": {
    "R2": 0.9999712771365455,
    "slope": 2.9653531319490827
  }
}