{
  "AH": [
    6.782782628322187e-05,
    1.6957649989938345e-05,
    4.23945246603042e-06,
    1.0601048934773608e-06,
    2.6502663988490355e-07
  ],
  "checkpoints": [
    0,
    64,
    128,
    256,
    512
  ],
  "csv": "/mnt/ironwolf/git/Prometheus_VDM/Derivation/code/outputs/logs/metriplectic/20251013_015542_kg_energy_osc_fit_KG-energy-osc-v1.csv",
  "dt_list": [
    0.2514827607641438,
    0.1257413803820719,
    0.06287069019103594,
    0.03143534509551797,
    0.015717672547758986
  ],
  "e_rev": 2.931682674400804e-16,
  "env_audit": {
    "fft": {
      "plan": "deterministic"
    },
    "numpy": "2.2.6",
    "python": "3.13.5 | packaged by Anaconda, Inc. | (main, Jun 12 2025, 16:09:02) [GCC 11.2.0]",
    "threads": {
      "MKL_NUM_THREADS": null,
      "OMP_NUM_THREADS": null,
      "OPENBLAS_NUM_THREADS": null
    }
  },
  "figure": "/mnt/ironwolf/git/Prometheus_VDM/Derivation/code/outputs/figures/metriplectic/20251013_015542_kg_energy_osc_fit_KG-energy-osc-v1.png",
  "fit": {
    "R2": 0.999999999369685,
    "p": 1.9998849457172685
  },
  "gate": {
    "R2_min": 0.999,
    "p_range": [
      1.95,
      2.05
    ],
    "rel_AH_min_dt": 0.0001
  },
  "grid": {
    "N": 256,
    "dx": 1.0
  },
  "params": {
    "bands": [
      [
        1,
        8
      ],
      [
        9,
        24
      ],
      [
        25,
        48
      ]
    ],
    "c": 1.0,
    "m": 0.5,
    "seed_scale": 0.05,
    "seeds_per_band": 2
  },
  "passed": true,
  "rel_AH": [
    0.0034564617895734553,
    0.0008618594323715735,
    0.0002153241751138127,
    5.383441892737383e-05,
    1.3458067984486366e-05
  ],
  "tag": "KG-energy-osc-v1"
}