lambda,median_ceg,mean_ceg,n
0.0,0.0,0.0,12
0.1,0.012815078709193935,0.012838946534032098,12
0.2,0.025667669717030585,0.025218414249277437,12
0.3,0.037390587311515636,0.03720987273973693,12
0.5,0.059241566425386916,0.059113300101104806,12
