dt,two_grid_error_inf_median
0.02,4.7083639089905843e-07
0.01,6.099227219417622e-08
0.005,7.76259671169191e-09
0.0025,9.792754259406455e-10
0.00125,1.2159363836986015e-10
