{
  "dt": 0.005,
  "figure": "/mnt/ironwolf/git/Void_Unity_Proofs/derivation/code/outputs/figures/metriplectic/20251006_090900_fixed_dt_deltaS_compare.png",
  "summaries": {
    "j_only": {
      "dt": 0.005,
      "max_abs_delta_S": 3.5310756418827083e-07,
      "mean_abs_delta_S": 1.717736097667233e-07,
      "median_abs_delta_S": 1.7534799134910628e-07
    },
    "jmj": {
      "dt": 0.005,
      "max_abs_delta_S": 0.0005451589467578843,
      "mean_abs_delta_S": 0.0004682649203277822,
      "median_abs_delta_S": 0.0004602071034769395
    },
    "m_only": {
      "dt": 0.005,
      "max_abs_delta_S": 0.0005451430310464689,
      "mean_abs_delta_S": 0.00046824873871396944,
      "median_abs_delta_S": 0.00046036651539782536
    }
  }
}