dt,strang_defect_median
0.02,6.790299754374975e-06
0.01,9.0641988362717e-07
0.005,1.1717450102820964e-07
0.0025,1.4897933342701564e-08
0.00125,1.8781706420147037e-09
0.000625,2.3581167660907676e-10
