tick,N,nnz,out_deg_mean,out_deg_median,out_deg_max,gini_out,alpha_kmin13,n_tail_kmin13,W_mean,W_std,W_min,W_max,hellinger_W_prev,adc_territories,adc_mass_sum,hellinger_outdeg_prev,phase_bin,adc_territory_count,hellinger_adc_mass_prev,top20_hubs
60,1000,20952,20.952,11.0,108,0.44446869033982433,1.8086663585837748,251,0.5975479170680046,0.022575743634129532,0.3277796506881714,0.6505712866783142,,3,3904.0,,0-6k,3,,177;397;678;442;633;8;548;963;905;451;563;849;474;560;726;263;588;125;722;212
120,1000,21094,21.094,11.0,109,0.44138835687873323,1.7938647236144964,252,0.5993691403865814,0.018898076469839174,0.5374775528907776,0.647296130657196,0.017894376078789825,3,7744.0,0.42709173957742685,0-6k,3,0.14915554374048878,997;873;601;291;595;679;787;622;78;882;250;29;439;696;967;853;940;724;740;121
180,1000,20978,20.978,11.0,111,0.4422225188292497,1.8092622472170312,255,0.59958803409338,0.016433666638015043,0.5441433191299438,0.655548632144928,0.01497870053870738,3,11584.0,0.42990223709746533,0-6k,3,0.0616417931965714,37;569;292;804;75;395;188;456;300;908;375;677;538;645;570;282;373;789;641;588
240,1000,21136,21.136,11.0,109,0.43753557910673735,1.834955126071291,274,0.6001379752755165,0.011768355839418612,0.5609534978866577,0.6364859342575073,0.011922260771789574,3,15424.0,0.41741434150505313,0-6k,3,0.014691338938367736,314;663;364;972;432;334;309;196;348;688;493;995;841;357;36;281;941;929;3;41
300,1000,21040,21.04,11.0,107,0.43645532319391633,1.865025540100144,282,0.599751364350319,0.012061497973549997,0.5652974247932434,0.6348932385444641,0.009916422404740697,3,19264.0,0.42267578795148913,0-6k,3,0.015081334684048835,406;602;154;911;806;488;781;452;607;805;176;687;970;265;343;168;609;105;98;823
360,1000,21150,21.15,11.0,110,0.4402902127659574,1.8222510142996855,265,0.5995103229284287,0.016900859367165073,0.545810341835022,0.6478785276412964,0.011927346009646084,3,23104.0,0.40902144618424335,0-6k,3,0.019947528054642404,258;977;158;24;699;465;313;350;753;197;887;601;952;985;644;377;955;937;99;266
420,1000,21142,21.142,11.0,105,0.44224368555481974,1.8069295041681346,253,0.598887025296688,0.018112001831474118,0.536685049533844,0.6520825624465942,0.014624273074033245,3,26944.0,0.42990550829323015,0-6k,3,0.017151297654069926,892;501;853;531;349;618;580;574;3;420;443;438;521;578;828;729;382;117;823;784
480,1000,21114,21.114,11.0,110,0.4417777777777778,1.8145484157985798,258,0.599237963795662,0.017829357628466536,0.5396609902381897,0.647386908531189,0.014454782035823639,3,30784.0,0.43169087041192844,0-6k,3,0.019707826725124375,401;67;233;187;997;638;747;35;877;16;236;473;84;906;779;805;657;26;630;215
540,1000,21004,21.004,11.0,105,0.44214340125690343,1.8182712742451659,256,0.5993937218189239,0.015529848803085406,0.5475762486457825,0.6450676321983337,0.0140917087754095,3,34624.0,0.4279820877125564,0-6k,3,0.004479398394941905,230;987;835;924;541;128;563;984;888;973;922;331;809;668;559;348;940;854;250;107
600,1000,21054,21.054,11.0,113,0.43772280801747887,1.87243116124213,284,0.5992050488591194,0.012218932562248676,0.5448747277259827,0.6335422396659851,0.011430429204575161,3,38464.0,0.43225184525986204,0-6k,3,0.003262147356933388,476;565;94;281;762;157;557;844;897;30;473;855;921;818;613;616;667;609;651;439
660,1000,21050,21.05,11.0,110,0.4380050356294537,1.8170510846171157,266,0.5996101468801498,0.012306238930077085,0.5594215989112854,0.6377364993095398,0.010178987348608007,3,42304.0,0.38872556837117045,0-6k,3,0.008745667333282912,900;765;560;320;189;943;723;357;38;169;771;188;214;756;474;417;860;498;159;772
720,1000,20944,20.944,11.0,111,0.4420396294881589,1.8268866254578982,260,0.5991386355161666,0.016831901752757682,0.5490483045578003,0.6500214338302612,0.012372568487759868,3,46144.0,0.42592254144159686,0-6k,3,0.005312726212073914,748;833;505;304;801;674;744;504;708;18;178;734;384;765;457;151;746;387;50;128
780,1000,21276,21.276,11.0,117,0.4400916525662718,1.81363481818385,261,0.5992232379317284,0.019184141641424353,0.5479476451873779,0.6509841680526733,0.015047007850478158,3,49984.0,0.4209805098305886,0-6k,3,0.0072049245571639215,66;298;420;109;37;446;160;938;30;102;64;850;39;714;738;189;883;452;659;573
840,1000,21002,21.002,11.0,110,0.4435951814112941,1.8060409999345457,252,0.5995763334035873,0.018391866454119225,0.5389255881309509,0.6562908291816711,0.015454064022715716,3,53824.0,0.41813087709793634,0-6k,3,0.007563523654125638,353;139;65;397;925;124;135;664;3;441;408;495;990;623;475;558;73;340;157;123
900,1000,21130,21.13,11.0,104,0.4364473260766682,1.813379368419881,267,0.5992685310840606,0.015171594279259258,0.5558575391769409,0.64408940076828,0.013740279483019745,3,57664.0,0.4191659839197887,0-6k,3,0.00430848018509579,905;832;126;657;660;491;599;552;33;402;802;394;305;484;819;718;379;62;493;314
960,1000,21090,21.09,11.0,102,0.43539193930772874,1.8705701833901534,287,0.6001126636266708,0.01162907664844891,0.5613912343978882,0.641121506690979,0.010730371717873787,3,61504.0,0.4060567019035322,0-6k,3,0.007310994827020523,689;116;384;421;123;210;592;225;363;364;743;166;443;876;417;889;568;767;949;277
1020,1000,21140,21.14,11.0,108,0.43734323557237464,1.834790934125149,274,0.6002150873541832,0.01290003518698791,0.5588779449462891,0.6335615515708923,0.010308915545530116,3,65344.0,0.41878071251952176,0-6k,3,0.010331027538989826,336;131;544;247;367;73;599;613;557;265;114;653;858;720;662;92;545;706;244;205
1080,1000,21100,21.1,11.0,113,0.4422581990521327,1.8027802302056466,254,0.6003103096485138,0.016620825019280958,0.5548821687698364,0.6498981714248657,0.01255460520463921,3,69184.0,0.415027073771612,0-6k,3,0.0013252756141188425,945;996;627;882;710;707;189;568;416;116;491;782;861;874;670;665;99;101;343;469
1140,1000,21014,21.014,11.0,104,0.44307928047968015,1.7956458751012652,249,0.5992485927939415,0.019483947810045508,0.5379930138587952,0.6549115777015686,0.015275973794949535,3,73024.0,0.43466402312355706,0-6k,3,0.00480788911683009,565;617;890;481;475;271;927;913;505;838;150;366;773;167;58;518;778;735;485;739
1200,1000,20964,20.964,11.0,112,0.4431649494371303,1.8064462999512636,252,0.599298732161522,0.018120347246579512,0.5284881591796875,0.6530113220214844,0.015506964939604762,3,76864.0,0.4299823900275666,0-6k,3,0.006144434058236409,550;95;591;390;264;41;968;413;158;378;490;292;396;122;331;616;340;410;162;671
1260,1000,14794,14.794,6.0,244,0.541442611869677,1.598785958991653,83,0.6013792557120323,0.014829912983339699,0.5521484017372131,0.6505241394042969,0.01370076756300859,4,80704.0,0.5086277618382404,0-6k,4,0.1371672414653341,957;479;718;152;196;674;533;816;655;55;435;913;526;720;577;221;615;177;938;48
1320,1000,14714,14.714,6.0,243,0.5443716188663857,1.565808295113294,75,0.6024068475961685,0.012510495537539513,0.5658777356147766,0.6494191884994507,0.011161514437520566,4,84544.0,0.3256598365361434,0-6k,4,0.06666501016188879,479;718;674;152;533;177;435;15;196;416;699;128;732;957;913;448;938;694;338;55
1380,1000,14826,14.826,6.0,244,0.5459365978686092,1.620715418864158,84,0.6025663137435913,0.012653202773104371,0.5603107810020447,0.6391618847846985,0.009967288069753341,4,88384.0,0.3349744056142331,0-6k,4,0.04706509410286159,254;533;376;343;196;137;338;181;55;221;615;938;699;435;898;189;582;479;420;854
1440,1000,14980,14.98,6.0,222,0.5441005340453939,1.6579737906009409,96,0.6013370640873908,0.015489944658058108,0.5452700853347778,0.6465015411376953,0.011329488047862988,4,92224.0,0.3197311944947997,0-6k,4,0.03745208775176284,221;674;718;448;420;699;765;152;294;687;913;479;982;460;338;926;437;615;137;959
1500,1000,15298,15.298,7.0,230,0.5374085501372728,1.5798750087481293,82,0.6008366363048554,0.01869157409164467,0.549182116985321,0.6608137488365173,0.01445588975812753,4,96064.0,0.3517772083808005,0-6k,4,0.031410683358690655,210;933;615;606;479;128;889;845;137;655;816;854;732;533;460;420;718;676;776;971
1560,1000,15844,15.844,7.0,215,0.5328865185559203,1.6663653583080698,105,0.6006652799844742,0.018901469870336984,0.5465916991233826,0.6537228226661682,0.015429709467449565,4,99904.0,0.3618441671498281,0-6k,4,0.0271557684691309,338;537;196;913;48;655;732;181;177;505;152;809;676;720;11;460;957;172;481;718
1620,1000,15376,15.376,7.0,213,0.5404534339229968,1.5795093832465374,89,0.6008663921952248,0.01698994579218345,0.5526809096336365,0.6471357345581055,0.014610985157648176,4,103744.0,0.3205239315552455,0-6k,4,0.0239529411103124,913;205;533;121;448;718;889;683;776;772;957;128;172;971;189;152;674;404;11;435
1680,1000,15134,15.134,6.0,226,0.5440713624950443,1.6301090758439583,92,0.6026514958143234,0.013991684079631955,0.5549423098564148,0.6409677267074585,0.013000649090491187,4,107584.0,0.3217247508437748,0-6k,4,0.02143412213246576,533;772;481;55;720;11;816;577;437;338;221;959;655;294;460;676;416;198;3;177
1740,1000,14692,14.692,6.0,256,0.5416888102368637,1.6038108018646262,79,0.6026006383299828,0.011983625823854312,0.5592343807220459,0.6483731865882874,0.010632289423150823,4,111424.0,0.31938494203880835,0-6k,4,0.019390680955802386,367;338;715;128;650;772;577;11;816;55;411;172;933;671;889;533;294;694;910;242
1800,1000,14652,14.652,6.0,240,0.5408033033033033,1.5959177919171297,80,0.6013529766798019,0.01286474481195347,0.558981716632843,0.6415278911590576,0.010028170757256495,5,115264.0,0.36252300968650086,0-6k,5,0.024097952292352474,674;957;152;711;137;913;854;420;898;615;479;181;435;718;189;196;659;376;233;994
1860,1000,15550,15.55,7.0,218,0.5454052733118971,1.6555020072259734,103,0.6007102508544921,0.016618278333996886,0.5464962124824524,0.648944079875946,0.011746914481807699,5,119104.0,0.3310144459531312,0-6k,5,0.016279147001654934,472;699;259;674;655;854;498;505;659;177;437;367;479;416;196;776;242;121;570;181
1920,1000,15756,15.756,7.0,215,0.5331363290175172,1.644007004349285,99,0.5995383492708206,0.018872523685501245,0.544470489025116,0.6579709649085999,0.014833383675670813,4,122880.0,0.3581399408432839,0-6k,4,0.022249822218798912,926;772;27;177;481;776;809;505;643;577;121;765;92;889;11;676;266;570;275;788
1980,1000,16084,16.084,7.0,209,0.535884232777916,1.6550329493154572,109,0.6012542722225189,0.01882856175564264,0.5385817885398865,0.6583588719367981,0.015825399239995465,4,126720.0,0.36666905991947013,0-6k,4,0.013976709714887679,776;435;994;674;196;582;472;982;152;765;181;694;971;870;493;137;913;448;15;404
2040,1000,15488,15.488,6.0,204,0.5465009039256198,1.6704823701687044,106,0.6009927913546562,0.016591160334268665,0.5444383025169373,0.64640873670578,0.01479130088060082,4,130560.0,0.3339759573380571,0-6k,4,0.013037880479321872,910;772;537;11;177;933;655;711;376;926;137;432;676;816;198;971;493;55;957;392
2100,1000,14642,14.642,6.0,248,0.5450352410872831,1.659791979356977,88,0.6016658788919449,0.012983648974995316,0.5499542355537415,0.6386666893959045,0.012103138921583469,4,134400.0,0.32736380000406406,0-6k,4,0.012207785166667116,152;189;643;177;165;913;416;55;699;233;674;711;493;971;254;121;92;472;938;411
2160,1000,15150,15.15,6.0,223,0.5468401320132014,1.6888200331997796,102,0.6027576590180397,0.012000227383319418,0.5685839653015137,0.646220862865448,0.009619039791346463,4,138240.0,0.3307590055380714,0-6k,4,0.011468427524947195,493;196;715;435;198;957;55;331;338;933;816;971;809;926;165;11;266;294;674;404
2220,1000,14820,14.82,6.0,231,0.5442112010796222,1.6267187700257622,86,0.6019641863107681,0.013862195859633943,0.5494062900543213,0.6480982899665833,0.010182583698524355,4,142080.0,0.3378135565105344,0-6k,4,0.010805660414641404,537;715;388;694;338;128;526;55;210;254;533;294;287;765;957;367;343;432;732;865
2280,1000,15908,15.908,7.0,226,0.5423184561227056,1.6930320749681285,113,0.6003359885215759,0.01762956950782935,0.5407333970069885,0.6575698852539062,0.013053153042918823,4,145920.0,0.4122390258835104,0-6k,4,0.010208188058539925,526;128;699;231;420;913;914;622;615;376;181;172;493;533;383;514;435;516;570;460
2340,1000,15346,15.346,7.0,237,0.5285664016681871,1.5827977787434855,82,0.6009491047263146,0.018609483449015567,0.5434086918830872,0.6523858904838562,0.015421501262072075,4,149760.0,0.3797937478080941,0-6k,4,0.009666868315457272,898;144;854;100;615;718;472;233;376;674;435;666;189;196;711;957;383;152;950;137
2400,1000,15202,15.202,7.0,234,0.5380669648730431,1.6416112506542029,91,0.6003124380111694,0.017777291648836742,0.5469233393669128,0.6551439166069031,0.015015315420597412,4,153600.0,0.37745495402363294,0-6k,4,0.009174213497170687,718;982;898;177;460;416;479;933;994;376;732;809;776;152;926;254;435;493;674;765
2460,1000,14514,14.514,6.0,242,0.5387395618023977,1.6126252060881618,80,0.6008792424201965,0.014538595383634691,0.5601957440376282,0.6465293169021606,0.013310174890251863,4,157440.0,0.3670047884831741,0-6k,4,0.008724026010070555,189;196;913;11;718;435;233;674;479;957;950;242;676;472;533;152;711;55;720;104
2520,1000,14752,14.752,6.0,247,0.5456193058568329,1.6251514697054896,84,0.602393853187561,0.01264336335646985,0.5661765933036804,0.6419425010681152,0.011095082520724615,4,161280.0,0.29415997639877783,0-6k,4,0.008311127657883359,479;889;950;210;971;196;411;472;435;189;732;650;913;718;957;128;821;299;582;152
2580,1000,15126,15.126,6.0,225,0.5461874917360835,1.622718313171855,91,0.6025266945362091,0.012668804659788386,0.5622099041938782,0.6458078622817993,0.009708552772246335,4,165120.0,0.32620129972501966,0-6k,4,0.007931155335462747,294;11;718;221;711;55;233;254;533;577;479;674;957;189;416;481;905;938;615;676
2640,1000,15330,15.33,6.0,215,0.5451504240052186,1.6272297386083667,96,0.6021580561995507,0.015376482555995254,0.5432620644569397,0.644729495048523,0.01148567353886639,4,168960.0,0.34310073599351454,0-6k,4,0.007580404638984418,48;913;957;526;570;674;196;615;152;254;376;772;479;55;971;533;493;699;92;11
2700,1000,15906,15.906,7.0,209,0.5261639632842953,1.61820164318036,96,0.6003053098917007,0.018376562638547735,0.5371941924095154,0.6699056625366211,0.014140381998997262,4,172800.0,0.3407547724008846,0-6k,4,0.007255708623065397,388;971;889;348;149;435;715;537;392;109;533;210;732;561;776;493;432;898;671;913
2760,1000,15532,15.532,7.0,222,0.5335197012619108,1.6418149649452307,96,0.6004242215752602,0.01895445680933216,0.5277310609817505,0.6490005254745483,0.015593821206448465,4,176640.0,0.4060648708095918,0-6k,4,0.006954342717910237,959;938;882;460;913;416;926;152;655;687;48;221;294;982;643;172;537;128;55;582
2820,1000,15098,15.098,7.0,239,0.5421017353291827,1.6252039282862603,88,0.601516163945198,0.01749752054227315,0.5508479475975037,0.6491354703903198,0.015170352005072352,4,180480.0,0.35148493825148286,0-6k,4,0.006673949377445271,121;615;926;776;718;254;420;898;971;479;732;210;643;493;854;15;674;152;448;711
2880,1000,14292,14.292,6.0,283,0.5384508816120906,1.5898025694538838,72,0.601316957950592,0.014184881342013084,0.5566674470901489,0.6490890383720398,0.013088772579370129,4,184320.0,0.3590465793505719,0-6k,4,0.006412477790378073,11;294;533;55;772;913;479;957;699;938;674;435;152;718;776;493;655;416;196;15
2940,1000,14844,14.844,6.0,257,0.5445630557801132,1.5972133043262347,80,0.6025939130783081,0.012274488811635153,0.5620574355125427,0.646597683429718,0.01038707780029637,4,188160.0,0.3615529195111352,0-6k,4,0.006168135218404329,674;711;196;479;533;165;448;294;233;950;957;152;913;718;472;435;816;411;198;189
3000,1000,14650,14.65,6.0,251,0.5444526962457337,1.6256604639971877,82,0.6020822563767433,0.014147135358993142,0.5604208707809448,0.6472182869911194,0.01018765100989584,4,192000.0,0.2700112261689412,0-6k,4,0.005939347401102607,933;718;55;128;172;435;772;152;674;694;367;533;294;196;11;479;198;720;889;957
3060,1000,15022,15.022,7.0,236,0.5425911330049262,1.6410577338730943,91,0.6009821038246155,0.0165017547233991,0.5429434180259705,0.6563209891319275,0.012109774454686001,4,195840.0,0.26277711545482146,0-6k,4,0.005724726097394987,718;959;674;15;460;479;338;533;55;694;221;933;177;950;720;416;254;481;242;643
3120,1000,15678,15.678,7.0,221,0.5332115065697155,1.6218288958495082,95,0.6013917229771614,0.019177479714399988,0.5437651872634888,0.6577261090278625,0.014894664488162105,4,199680.0,0.3473315509122071,0-6k,4,0.005523042293150787,854;210;821;699;671;149;137;933;655;376;732;659;60;460;994;720;676;435;971;388
3180,1000,15566,15.566,7.0,222,0.5360666837980214,1.659385436825315,97,0.6002207969427109,0.01865561108422567,0.5499802827835083,0.6566669344902039,0.015452707913390108,4,203520.0,0.3671463182128105,0-6k,4,0.005333203943715204,287;196;655;659;718;448;537;137;643;971;472;898;765;233;744;432;694;181;715;404
3240,1000,14964,14.964,6.0,226,0.5450695001336542,1.6317227805534786,89,0.6001730844378471,0.016732271930776775,0.5558502674102783,0.652393102645874,0.014703847133942368,4,207360.0,0.36340450565173454,0-6k,4,0.005154237373147819,694;3;765;348;914;971;816;411;472;152;435;631;416;221;198;479;938;481;92;755
3300,1000,14466,14.466,6.0,268,0.5397147794829255,1.6172069919557268,76,0.6018120731711387,0.013376057785602588,0.5584107637405396,0.6426573991775513,0.012453869667642276,4,211200.0,0.38383733468691744,0-6k,4,0.004985271642597471,48;331;210;472;570;338;11;765;950;971;537;493;809;55;287;233;254;732;577;92
3360,1000,15140,15.14,6.0,229,0.5462224570673712,1.6943583563398612,100,0.6025315805673599,0.011810537171888992,0.5649672746658325,0.6388730406761169,0.009947051550531525,4,215040.0,0.30219512964217005,0-6k,4,0.00482552534522476,152;533;772;711;718;674;331;435;196;959;913;233;92;172;765;472;526;287;165;11
3420,1000,14884,14.884,6.0,249,0.5465815640956733,1.6509982056468528,92,0.6020716049075127,0.014535115029543948,0.5547334551811218,0.6494382619857788,0.010051011403315966,4,218880.0,0.2983037287606917,0-6k,4,0.004674295396332619,711;898;472;950;889;189;674;367;172;152;982;913;48;809;205;420;55;922;411;959
3480,1000,15366,15.366,7.0,222,0.540382923337238,1.6363002524562753,94,0.6000119712948799,0.018024824180152197,0.5412977933883667,0.6503880023956299,0.0134138455017294,4,222720.0,0.3834710104472045,0-6k,4,0.004530947473423232,367;793;233;533;198;128;172;287;772;210;437;338;933;76;493;315;732;432;720;797
3540,1000,15884,15.884,7.0,200,0.5342122890959456,1.6961252438446242,111,0.6003973751068116,0.018944412245526766,0.5433832406997681,0.6512132287025452,0.015372359857141376,4,226560.0,0.35868622036459763,0-6k,4,0.004394907827991156,448;699;687;242;776;950;92;694;898;959;537;172;181;3;331;411;48;882;254;674
3600,1000,15330,15.33,7.0,223,0.5370245270711024,1.6605440161907263,95,0.6002837609648705,0.018444545103727047,0.5450353622436523,0.6557533144950867,0.015561788172916102,4,230400.0,0.3445887866967816,0-6k,4,0.004265656243538718,671;196;460;177;718;189;938;854;152;655;720;816;699;674;149;221;420;479;294;427
3660,1000,14904,14.904,6.0,227,0.5436658615136876,1.5931717894096715,83,0.6018818752169609,0.015263801568610298,0.5531189441680908,0.6481145620346069,0.014108599497093765,4,234240.0,0.3778546566131193,0-6k,4,0.0041427199559578775,650;376;755;181;898;420;720;711;694;254;933;411;137;388;994;889;950;189;676;15
3720,1000,14746,14.746,6.0,231,0.545399701613997,1.6589233678921427,89,0.602907091140747,0.012937497689100097,0.5653985738754272,0.6517365574836731,0.01164638529905925,4,238080.0,0.3409711406874462,0-6k,4,0.004025668385553925,388;121;699;715;435;971;718;472;437;460;793;643;898;772;982;913;152;732;650;910
3780,1000,15140,15.14,6.0,223,0.5477904887714662,1.681843984767719,100,0.6031891351342201,0.012575513210128998,0.5642902255058289,0.6405754685401917,0.010016174163135053,4,241920.0,0.37602954023921425,0-6k,4,0.0039141085565253765,913;957;655;479;177;720;950;938;266;48;472;435;683;15;711;367;994;196;11;687
3840,1000,15168,15.168,7.0,230,0.5424272151898735,1.639964861162667,94,0.6005646629333496,0.015153552026714522,0.54445481300354,0.649745762348175,0.010906460714840664,4,245760.0,0.3558228175924474,0-6k,4,0.0038076811010719766,744;594;355;788;674;116;27;533;505;655;833;266;957;877;294;416;435;938;699;55
3900,1000,15416,15.416,7.0,234,0.5297642708873898,1.5918303218467649,87,0.6009047023653984,0.018290003595380046,0.5399700999259949,0.6530398726463318,0.013491466900898334,4,249600.0,0.40550136371138656,0-6k,4,0.0037060567625961604,922;411;472;205;711;966;994;444;516;683;594;650;420;383;755;854;137;877;128;189
3960,1000,16130,16.13,7.0,205,0.5346721636701798,1.6864200934864761,114,0.6008213065266609,0.01892002699728774,0.5465808510780334,0.6559369564056396,0.015367504285443612,4,253440.0,0.3807076054374573,0-6k,4,0.0036089333265393857,404;460;137;671;11;938;348;210;776;172;435;870;711;694;650;537;331;92;149;177
4020,1000,15250,15.25,7.0,245,0.5394292459016393,1.5761285862965295,84,0.6004241818785667,0.017716834369914603,0.5357109904289246,0.6549390554428101,0.015515349303239634,4,257280.0,0.3515602664686738,0-6k,4,0.003516032918897937,676;479;718;674;913;92;957;765;435;152;720;994;196;516;694;472;772;128;48;460
4080,1000,14774,14.774,6.0,250,0.5456474888317314,1.642197110424954,89,0.60095388931036,0.01388330855674506,0.5562107563018799,0.6450082659721375,0.012995154394745845,4,261120.0,0.28223647238544813,0-6k,4,0.0034270996219200912,957;674;655;437;196;266;177;152;913;287;435;718;788;479;48;699;570;650;938;676
4140,1000,14782,14.782,6.0,253,0.5458559058314165,1.6072395871341998,83,0.6025332259535789,0.012067988781306918,0.5670285820960999,0.6403322219848633,0.010341566329126747,4,264960.0,0.297975738022465,0-6k,4,0.003341897364290748,957;913;152;411;367;435;718;196;479;254;674;694;776;650;938;416;816;933;165;287
4200,1000,14814,14.814,6.0,248,0.5470017550965304,1.6497761611498722,88,0.602456568300724,0.013429759481023843,0.5548387765884399,0.6506564617156982,0.009867209511189464,4,268800.0,0.26361028912288925,0-6k,4,0.0032602080495706797,913;196;128;957;971;481;448;367;732;537;435;479;674;655;152;889;254;650;411;938
4260,1000,15492,15.492,7.0,217,0.5413751613736122,1.6021846667303583,93,0.6012900664806365,0.016103709736270275,0.550919234752655,0.6477959156036377,0.012192732047068451,4,272640.0,0.26078606524527853,0-6k,4,0.0031818298920439636,674;221;152;957;11;533;435;55;177;416;982;913;772;594;938;718;959;196;294;889
4320,1000,15998,15.998,7.0,199,0.5352436554569322,1.6506735287882814,105,0.6004123166799545,0.01861218643509811,0.5360698699951172,0.6492315530776978,0.01470588725779135,4,276480.0,0.3601540302316753,0-6k,4,0.0031065759336185716,11;577;699;294;772;537;404;181;582;687;816;957;149;343;355;172;435;650;189;882
4380,1000,15536,15.536,7.0,221,0.533634140061792,1.6110818040644075,91,0.6006269132494927,0.01904069282330381,0.5376328825950623,0.6735767126083374,0.015272656925901058,4,280320.0,0.3431139591237744,0-6k,4,0.003034272719192764,971;15;577;938;493;776;821;582;55;537;294;11;772;254;816;338;732;210;655;533
4440,1000,14356,14.356,6.0,261,0.5373728057954862,1.581747907096034,73,0.599947920024395,0.016315353825470936,0.5486863851547241,0.6508428454399109,0.014343168931982321,4,284160.0,0.3658663151907953,0-6k,4,0.0029647591110759457,152;674;957;913;196;435;294;479;355;718;833;594;877;55;772;116;971;615;533;493
4500,1000,14672,14.672,6.0,243,0.5408204743729552,1.5976010287338778,79,0.6024663993716239,0.012895836495264129,0.5491843819618225,0.6381966471672058,0.012136396932752378,4,288000.0,0.3575105529126424,0-6k,4,0.0028978852257234454,781;718;674;152;957;55;11;533;196;498;772;479;294;259;542;913;343;20;435;60
4560,1000,14846,14.846,6.0,239,0.5448755220261351,1.6331847812889229,87,0.602541694700718,0.012090473854307645,0.5661371350288391,0.6401680111885071,0.010271205195786939,4,291840.0,0.41797372932146315,0-6k,4,0.0028335114783165074,772;533;577;338;331;294;287;55;92;437;570;11;809;765;816;720;48;676;526;104
4620,1000,15300,15.3,6.0,211,0.5452529411764706,1.6260283483847,96,0.6019721633195877,0.014872803707602553,0.5553284883499146,0.6448097229003906,0.010731805756518838,4,295680.0,0.35852148144400986,0-6k,4,0.0027715077226448206,479;776;816;165;404;926;493;659;198;699;732;152;181;720;448;287;674;210;913;655
4680,1000,15508,15.508,7.0,213,0.5372815321124581,1.641200877542468,97,0.6005881550312042,0.017964986371841993,0.5396469235420227,0.6520764827728271,0.013497756107353457,4,299520.0,0.3183922169630055,0-6k,4,0.002711752475390249,765;674;957;659;152;435;732;905;772;938;367;233;254;411;210;982;472;27;404;448
4740,1000,15932,15.932,7.0,209,0.5332090133065528,1.6652723449924047,107,0.60039586353302,0.01961433726447368,0.5433517098426819,0.6656052470207214,0.015457681770635221,4,303360.0,0.31121571804411235,0-6k,4,0.0026541322153151568,694;92;577;982;913;959;674;472;516;772;971;404;659;55;950;718;210;889;367;420
4800,1000,15790,15.79,7.0,206,0.5403441418619379,1.7037053339094117,114,0.6016740437150001,0.017544783546330794,0.5463632345199585,0.6544878482818604,0.015135910125825616,4,307200.0,0.3488958898873437,0-6k,4,0.002598540749060779,833;699;643;196;128;448;659;420;116;231;718;435;854;416;842;816;437;472;355;913
4860,1000,15416,15.416,6.0,209,0.545455500778412,1.6325682569329034,97,0.601659331381321,0.014219236920359087,0.5527819991111755,0.646237850189209,0.012971530137383136,4,311040.0,0.3487849828433446,0-6k,4,0.0025448786362965107,435;699;416;570;152;367;411;128;460;210;957;674;55;287;577;196;809;15;889;650
4920,1000,14924,14.924,6.0,240,0.5467059769498794,1.6545795055441603,90,0.6027544965147972,0.012591752905506225,0.5626240968704224,0.6477072834968567,0.010389335374374071,4,314880.0,0.31472783986349556,0-6k,4,0.0024930526678490863,933;11;687;720;882;926;533;242;172;55;294;816;437;198;481;367;128;338;411;577
4980,1000,15062,15.062,6.0,224,0.5441137963085911,1.6286100414678322,92,0.6022975568175316,0.013532628093083544,0.5583739876747131,0.6420280337333679,0.010309214148190332,4,318720.0,0.35053861698127264,0-6k,4,0.0024429753912148426,479;674;718;643;926;294;338;331;435;152;448;481;242;11;687;92;913;816;275;577
5040,1000,15446,15.446,7.0,204,0.5414573352324226,1.6144902187138475,94,0.6016060562729836,0.016550061281568874,0.5475888252258301,0.6585032939910889,0.012228655651433024,4,322560.0,0.38966452741460533,0-6k,4,0.0023945646785194156,479;950;913;416;699;674;772;254;196;537;233;460;189;718;938;776;472;55;533;444
5100,1000,15758,15.758,7.0,219,0.5280238608960528,1.618424062716442,95,0.5990786427259445,0.01891840534397013,0.5381156206130981,0.6629030108451843,0.01526882874239731,4,326400.0,0.3634274185390863,0-6k,4,0.002347743332571392,533;152;196;338;577;913;435;11;816;753;55;294;957;128;718;772;193;153;231;198
5160,1000,16136,16.136,7.0,213,0.5358794000991572,1.6203253092241194,103,0.601114406824112,0.01813451500562192,0.5475510954856873,0.6555079817771912,0.015522596062937252,4,330240.0,0.2959984143408537,0-6k,4,0.002302438727157768,870;772;128;388;55;913;193;816;233;971;650;910;715;435;432;671;15;149;479;481
5220,1000,15344,15.344,6.0,222,0.5468624869655891,1.6439371436654042,100,0.6021938855648041,0.015663798458022633,0.5500949621200562,0.6505908966064453,0.013673339876422184,4,334080.0,0.38753278662933144,0-6k,4,0.0022585824781677505,926;20;121;732;416;788;889;259;310;498;694;11;196;570;152;479;481;913;626;643
5280,1000,15244,15.244,6.0,216,0.5458379690369982,1.614270258035341,91,0.602396887421608,0.01323585931485572,0.5591268539428711,0.6377749443054199,0.012032764417708444,4,337920.0,0.4073857450854108,0-6k,4,0.002216110142515959,910;294;816;149;55;11;505;788;577;193;266;715;432;549;71;533;310;954;27;821
5340,1000,15252,15.252,6.0,212,0.5462442958300551,1.6593137838944672,100,0.6025251204967499,0.012683119915037483,0.5554144382476807,0.6488292217254639,0.010052366837430323,4,341760.0,0.36818637161231954,0-6k,4,0.0021749609421683773,720;181;177;149;128;776;254;479;533;411;699;287;11;711;655;659;772;432;537;526
5400,1000,15218,15.218,6.0,212,0.5460976475226705,1.6829391605589321,102,0.6022181975841522,0.015033203304624314,0.5553306937217712,0.6487962603569031,0.01115671647437825,4,345600.0,0.2794855649441341,0-6k,4,0.0021350775108729806,338;11;776;655;472;121;711;950;493;957;676;189;128;816;411;428;435;643;933;254
5460,1000,16080,16.08,7.0,212,0.5387141791044776,1.6654271638480211,112,0.6010025520920753,0.01778004553683222,0.5547978281974792,0.6548235416412354,0.013497451130583826,4,349440.0,0.3302412579513216,0-6k,4,0.002096405661450637,514;950;472;435;121;233;20;674;275;479;732;711;196;753;231;913;910;498;992;699
5520,1000,16416,16.416,7.0,191,0.5362916666666667,1.6656963348109128,116,0.5998785423636437,0.018988021082266597,0.5447360873222351,0.6599949598312378,0.014679965155452137,4,353280.0,0.3456686266306995,0-6k,4,0.0020588941717341663,776;448;266;816;526;416;898;331;793;938;882;889;221;493;11;404;699;643;254;177
5580,1000,15794,15.794,7.0,206,0.5423688742560466,1.6904453395031158,112,0.600731575846672,0.017729623608535913,0.5496149063110352,0.6563197374343872,0.015270063470565394,4,357120.0,0.3401832284599596,0-6k,4,0.002022494587439809,505;287;788;549;526;411;694;437;643;181;744;254;711;926;27;816;55;699;221;933
5640,1000,15014,15.014,6.0,218,0.543312241907553,1.6279459606733218,91,0.6022578891515732,0.013818837491205806,0.5576736330986023,0.642242968082428,0.013493757796137424,4,360960.0,0.356467764619213,0-6k,4,0.0019871610404363894,526;809;432;938;671;287;149;910;196;48;674;152;957;570;388;221;765;92;331;659
5700,1000,15598,15.598,6.0,210,0.547781254006924,1.6513643618858684,104,0.603631501019001,0.011987352093516453,0.5685626268386841,0.6421167850494385,0.010291237951934073,4,364800.0,0.3547124161134343,0-6k,4,0.001952850081032517,913;177;189;788;711;416;938;674;683;266;966;152;655;196;233;699;922;479;27;505
5760,1000,15480,15.48,6.0,194,0.5469817829457364,1.6253159252852318,99,0.6023307613134384,0.013698824556007938,0.5546345114707947,0.6456626653671265,0.010065803356216168,4,368640.0,0.3725052195842899,0-6k,4,0.001919520523040699,643;537;294;149;655;854;388;493;376;383;926;957;196;152;772;905;435;210;577;144
5820,1000,15816,15.816,7.0,198,0.5433028578654527,1.6403360258806439,104,0.6022551427483559,0.017441527008634865,0.5455796122550964,0.6462651491165161,0.012838796546241775,4,372480.0,0.3210379047274487,0-6k,4,0.0018871333005037038,711;172;348;676;233;420;55;152;376;128;650;404;898;655;906;966;913;181;957;971
5880,1000,15664,15.664,7.0,219,0.517973697650664,1.6306830825561898,99,0.6001793434619903,0.018045073353913102,0.5410322546958923,0.6531620025634766,0.014751605106065243,4,376320.0,0.4065766973509227,0-6k,4,0.0018556513350744875,683;837;444;32;359;598;315;205;76;781;966;259;842;922;161;320;81;554;603;639
5940,1000,16090,16.09,7.0,195,0.5317874456183965,1.6293809252548943,104,0.6007312881946564,0.018555432354441348,0.54860919713974,0.6531252264976501,0.01523341997446379,4,380160.0,0.34271868327842225,0-6k,4,0.0018250394131425333,416;926;15;732;992;882;971;537;275;718;196;210;3;655;720;460;776;121;938;254
6000,1000,15206,15.206,6.0,207,0.5435079573852427,1.6165176903309502,93,0.6012802952528,0.015827366761584655,0.5481221675872803,0.6487265229225159,0.014303521668938864,4,384000.0,0.2839446759515227,0-6k,4,0.001795264071884186,198;221;516;718;938;233;577;338;674;772;950;481;448;533;472;913;294;537;287;92
6060,1000,18306,18.306,9.0,141,0.48215732546705997,1.6979945189383419,161,0.6000898631215096,0.011926167060635536,0.5660965442657471,0.6385577321052551,0.011380053764067902,4,387840.0,0.3548151315713688,6-12k,4,0.0007437845988918289,671;821;910;121;626;100;816;193;416;160;718;674;655;926;957;432;898;128;11;448
6120,1000,21072,21.072,11.0,110,0.4366602126044039,1.837097801117626,273,0.5992936617136002,0.012056317311781884,0.5609909296035767,0.632990300655365,0.009898826917143567,4,391680.0,0.4529328353393833,6-12k,4,0.006849865023804795,833;520;272;537;710;799;235;114;414;79;100;298;774;947;234;433;194;101;124;981
6180,1000,21098,21.098,11.0,115,0.4408983789932695,1.8214470344513654,261,0.5994306920170784,0.01641717423081953,0.5487138628959656,0.6424351334571838,0.01186797727842812,4,395520.0,0.42625510491171276,6-12k,4,0.00662490933807008,788;25;113;219;887;141;22;377;193;464;41;70;434;404;101;66;233;959;906;601
6240,1000,21042,21.042,11.0,105,0.44089136013686914,1.8051336614616256,255,0.5986275129318237,0.02002739540213363,0.5308300256729126,0.6555227637290955,0.015268642633008003,4,399360.0,0.42026290358519586,6-12k,4,0.0066089719845801595,445;782;363;244;743;706;978;667;456;99;851;74;270;191;576;63;559;555;878;124
6300,1000,21024,21.024,11.0,102,0.4423045091324201,1.791498858002228,250,0.599355342745781,0.018263872180982913,0.5396950244903564,0.656426727771759,0.016325501970364982,4,403200.0,0.4248731001524022,6-12k,4,0.006492769605098193,555;366;128;442;50;629;76;672;512;641;573;710;511;251;933;204;154;814;393;453
6360,1000,21002,21.002,11.0,110,0.4401561756023236,1.797549513666829,253,0.5997685577869415,0.01390214397736828,0.5522333979606628,0.6457267999649048,0.013515773452079553,4,407040.0,0.42609599971236906,6-12k,4,0.006526256811265113,500;742;198;66;577;244;952;734;439;883;192;733;489;400;58;73;640;599;659;737
6420,1000,21124,21.124,11.0,109,0.43514362810073853,1.8384335873887028,277,0.5994768425226211,0.011642200541328055,0.5557923913002014,0.6338411569595337,0.010632093090392907,4,410880.0,0.42620039458641096,6-12k,4,0.006320810492177001,375;938;962;931;444;836;389;875;625;338;385;990;113;123;372;204;507;8;42;897
6480,1000,21128,21.128,11.0,105,0.43778218477849307,1.8085783910593292,263,0.5996256064772606,0.012940488916987968,0.5514872074127197,0.635871946811676,0.010089190812921778,4,414720.0,0.4166002207941763,6-12k,4,0.005818573878581467,469;289;282;929;551;525;835;561;326;100;93;542;184;193;509;313;596;176;774;915
6540,1000,20988,20.988,11.0,108,0.4432596721936344,1.8453454822760862,266,0.5998026304841042,0.01770280083387209,0.5355395674705505,0.6459368467330933,0.013149678326422014,4,418560.0,0.4173679062276708,6-12k,4,0.0056341149813331996,478;159;900;370;561;743;630;661;829;270;56;315;360;597;906;423;982;848;950;989
6600,1000,20986,20.986,11.0,103,0.4432890498427523,1.7866264949247974,244,0.5982013682126999,0.019162724843935736,0.5333260297775269,0.6470041275024414,0.015654248124632713,4,422400.0,0.4281601069786188,6-12k,4,0.005480764238943632,777;121;628;961;623;523;210;149;408;599;454;781;251;538;405;0;226;153;659;728
6660,1000,21032,21.032,11.0,108,0.444238969189806,1.7966410073166212,249,0.600042550265789,0.017796801452849415,0.5461195707321167,0.6426388621330261,0.015440988632952237,4,426240.0,0.44285140475782164,6-12k,4,0.005485281822906231,719;655;529;465;153;230;766;125;352;191;205;232;127;557;320;515;357;993;539;241
6720,1000,21138,21.138,11.0,102,0.4373671113634214,1.8624185676169267,282,0.5999689912199974,0.013704505253823426,0.5505074858665466,0.6394227147102356,0.013463428718185176,4,430080.0,0.4072395672970637,6-12k,4,0.005258411184359732,184;964;22;891;346;514;573;616;80;3;198;187;923;427;319;473;755;490;513;122
6780,1000,21058,21.058,11.0,113,0.4357820305822015,1.8669050966657679,286,0.6000833088755607,0.011430624206713282,0.5679284334182739,0.6358364224433899,0.010243392477514874,4,433920.0,0.41455268645088705,6-12k,4,0.005565426437724923,904;468;723;189;76;480;158;537;92;231;19;257;941;111;279;391;545;726;464;124
6840,1000,21046,21.046,11.0,104,0.4412981089043049,1.8249969164920772,262,0.6002269816398621,0.01467177418594158,0.5546703338623047,0.643581211566925,0.011231116757811865,4,437760.0,0.4202866857532099,6-12k,4,0.004901245628562588,607;108;254;840;305;665;5;779;811;947;859;969;240;589;405;226;667;858;241;189
6900,1000,21112,21.112,11.0,108,0.44126032588101555,1.8037689352205177,255,0.5992865600585937,0.018518501536743535,0.5338266491889954,0.6531094908714294,0.014073148468109902,4,441600.0,0.44049071889387464,6-12k,4,0.0049813137270994625,2;963;222;553;959;504;1;319;438;64;20;345;86;936;540;692;911;492;250;665
6960,1000,21070,21.07,11.0,114,0.4434470811580446,1.7729296960421643,242,0.5992599151134491,0.019610012357943313,0.5384200215339661,0.6538231372833252,0.015556681227101923,4,445440.0,0.4410455199703942,6-12k,4,0.005059650516983499,577;442;915;482;502;10;398;878;53;746;298;240;913;108;232;909;678;263;997;572
7020,1000,15000,15.0,7.0,251,0.5268097333333333,1.5995947654098814,79,0.6006974910497666,0.01663354158207896,0.554607629776001,0.6490978002548218,0.015475121578124685,4,449280.0,0.4936831964896204,6-12k,4,0.002796549726005436,479;913;718;55;957;674;152;196;533;435;177;577;11;772;933;816;338;971;367;732
7080,1000,14028,14.028,6.0,282,0.5385959509552324,1.578415235976982,66,0.6017331470251084,0.013167962912868042,0.5587130188941956,0.6469125151634216,0.012156187537404663,4,453120.0,0.3516734954055536,6-12k,4,0.002006520109760595,472;233;189;950;667;196;428;479;435;913;906;957;711;674;367;816;718;152;772;55
7140,1000,13974,13.974,6.0,312,0.5356799771003292,1.5465997844545623,61,0.6018539136052131,0.011279037170203822,0.5684240460395813,0.6392573118209839,0.00966157489966181,4,456960.0,0.2299435610123807,6-12k,4,0.0019774674397455543,950;718;479;196;152;472;233;435;189;711;957;913;720;959;674;198;481;687;676;437
7200,1000,14006,14.006,6.0,298,0.535656432957304,1.562183119943985,66,0.6005213609933853,0.014296117388260142,0.5497071146965027,0.643949568271637,0.010562817117530907,5,460800.0,0.22335223311448357,6-12k,5,0.0019168613252230331,189;472;950;711;435;233;196;913;676;453;957;152;674;718;533;409;931;772;479;338
7260,1000,14802,14.802,7.0,257,0.5356230239156871,1.589788903221403,75,0.6009967042803764,0.0174788315613274,0.5515029430389404,0.6477699279785156,0.013552544894867754,5,464640.0,0.3145683313813413,6-12k,5,0.0019219036394767927,718;959;676;957;913;3;435;854;242;659;772;481;437;152;720;198;674;137;196;294
7320,1000,15106,15.106,7.0,255,0.5236312723421157,1.6372223699736894,85,0.6002511864900589,0.019662209733874243,0.5468665957450867,0.6626331210136414,0.01556808303173083,4,468416.0,0.25129542278997513,6-12k,4,0.0018948792569701397,472;242;720;711;481;198;959;11;233;816;294;577;338;55;189;437;950;676;533;435
7380,1000,14756,14.756,7.0,258,0.5304754676063974,1.5870650100893915,76,0.6007452125549316,0.01700706058763328,0.5405665040016174,0.654595136642456,0.015328606910174764,4,472256.0,0.23709921280343263,6-12k,4,0.001868489837858036,435;718;950;479;196;711;152;957;674;472;428;189;913;906;667;233;294;165;448;11
7440,1000,14172,14.172,6.0,273,0.5412171888230314,1.63562088548924,77,0.6011894667744636,0.014960378684255522,0.5563732981681824,0.6401007175445557,0.01329480285963854,4,476096.0,0.3060812972049926,6-12k,4,0.001842714438867041,718;674;957;121;435;152;196;165;479;889;643;711;189;882;404;448;266;694;15;233
7500,1000,13988,13.988,6.0,312,0.5371058049756935,1.582841249986541,66,0.601390687584877,0.012095331417488427,0.5585376620292664,0.6356766819953918,0.010923279947169738,4,479936.0,0.3011187446664566,6-12k,4,0.0018175330072106792,189;711;950;957;435;472;913;233;437;479;720;196;718;674;152;287;331;676;48;959
7560,1000,13832,13.832,6.0,301,0.5339814921920185,1.5528499721409026,60,0.6018761891722679,0.012289434062237396,0.5544819831848145,0.6487734913825989,0.009767300424827655,5,483776.0,0.29015219902729156,6-12k,5,0.0017038558090986338,196;233;479;435;950;957;472;711;189;718;667;906;913;428;674;152;11;533;577;481
7620,1000,14268,14.268,6.0,283,0.538816372301654,1.5781692192416674,70,0.6007569956183434,0.01565055997089244,0.5536419749259949,0.6571902632713318,0.011144860163734071,5,487616.0,0.29170868754321333,6-12k,5,0.00177006558996638,577;720;242;11;294;533;55;481;676;959;816;198;437;3;772;338;479;196;957;674
7680,1000,14950,14.95,7.0,276,0.5340305016722408,1.597096770593809,77,0.5999864104390145,0.018504803118175043,0.5411592125892639,0.6527925133705139,0.01387584277279329,5,491456.0,0.3300057254527736,6-12k,5,0.0017465274423956712,913;674;882;152;772;411;11;479;435;128;650;172;338;55;577;294;957;816;889;196
7740,1000,14990,14.99,7.0,255,0.5267091394262842,1.577462570552793,76,0.5993993490338325,0.01909020875129767,0.5445643663406372,0.6505096554756165,0.015694866328804437,5,495296.0,0.28841755370056893,6-12k,5,0.0017235118996635661,957;479;233;11;189;196;711;435;472;772;718;913;643;816;404;198;950;121;533;437
7800,1000,14460,14.46,7.0,285,0.5360852005532504,1.591117724843762,73,0.6006276181936264,0.01702656012274254,0.549932599067688,0.6470130085945129,0.01508055751871642,5,499136.0,0.2374116654051287,6-12k,5,0.0017010026864529154,233;957;189;950;718;479;913;711;152;674;435;472;481;196;137;854;437;676;615;242
7860,1000,13816,13.816,6.0,297,0.5341121887666473,1.546118686539989,61,0.6008006197810173,0.013538089752916127,0.5532698631286621,0.6472039222717285,0.012924656736938224,5,502976.0,0.326942172375619,6-12k,5,0.0016789841803440731,233;906;711;667;196;428;472;479;460;950;435;957;189;718;938;699;221;416;3;198
7920,1000,14152,14.152,6.0,305,0.5398754946297343,1.5595462618649791,64,0.6027851386070251,0.011989144812818552,0.5636070966720581,0.6424870491027832,0.010123663817834555,5,506816.0,0.28231962236472197,6-12k,5,0.0016299913819644363,667;479;233;718;189;435;906;472;711;950;196;428;816;152;957;674;338;533;772;55
7980,1000,14014,14.014,6.0,302,0.5366173826173827,1.5410104870945571,61,0.6012075017690659,0.01320010763342278,0.5576185584068298,0.6439192891120911,0.0101439760146104,5,510656.0,0.23089153461086165,6-12k,5,0.0016095994503669163,196;472;957;711;479;950;435;718;233;338;55;189;11;294;772;816;533;152;913;674
8040,1000,14650,14.65,7.0,271,0.5317037542662116,1.5846977588068918,74,0.6009256188869476,0.017102252275312434,0.5468757748603821,0.6495055556297302,0.012692343824403063,5,514496.0,0.15583308067486432,6-12k,5,0.00161640654862273,957;718;189;479;435;152;338;196;533;772;577;816;11;294;950;674;913;55;472;711
8100,1000,14926,14.926,7.0,249,0.527757872169369,1.5988659612671587,79,0.5997272636890412,0.01928187312348413,0.5458123087882996,0.654030978679657,0.015344602367924494,5,518336.0,0.16480678598877754,6-12k,5,0.0015961923586012682,913;55;196;472;950;233;674;711;152;435;718;533;577;957;189;479;816;294;367;906
8160,1000,15118,15.118,7.0,255,0.5325843365524541,1.5928682192789485,81,0.5984806291460991,0.019336319364776953,0.5395973324775696,0.6583211421966553,0.01619266410536493,5,522176.0,0.30017847964467564,6-12k,5,0.0015763999162257672,435;437;889;448;152;674;718;959;655;676;957;11;121;196;533;913;816;650;809;882
8220,1000,14182,14.182,6.0,285,0.5403917642081513,1.5787974646527503,70,0.6005811509490013,0.016086494399928045,0.5484616756439209,0.6485273241996765,0.014573783372378964,5,526016.0,0.2662917395728446,6-12k,5,0.0015570168882890459,481;152;674;128;650;718;367;196;3;889;242;437;411;957;676;479;435;720;913;959
8280,1000,13926,13.926,6.0,301,0.5357623150940687,1.5739273763520458,65,0.6011167941689491,0.013192193916439056,0.5497791171073914,0.646571695804596,0.012152001305291092,5,529856.0,0.384401371011406,6-12k,5,0.0015380314058282764,711;233;472;189;950;435;957;718;674;152;479;667;428;906;913;196;659;854;420;181
8340,1000,14106,14.106,6.0,278,0.5383992627250817,1.5663077062813786,65,0.6021642344594001,0.012218367860710268,0.5647528171539307,0.6387385725975037,0.009958505388338494,5,533696.0,0.41091426750693566,6-12k,5,0.0014942585493351952,196;788;435;674;957;479;71;718;655;177;152;549;460;913;982;448;128;416;266;687
8400,1000,14154,14.154,6.0,273,0.5387260138476756,1.5877596222559602,69,0.6009356443881988,0.014237894874949789,0.549525797367096,0.6500162482261658,0.010696395934733377,5,537536.0,0.4177145014859864,6-12k,5,0.0014517480832412376,189;233;210;667;906;472;959;711;950;479;537;428;3;676;481;435;242;718;957;152
8460,1000,14656,14.656,7.0,266,0.5320903384279476,1.6035161585277833,75,0.5991057787537575,0.017382656652215195,0.5460835099220276,0.6483066082000732,0.013414948807413174,5,541376.0,0.2025923705869732,6-12k,5,0.0014842325529316259,674;479;718;152;913;906;957;667;233;189;950;196;435;472;437;428;650;711;481;676
8520,1000,15038,15.038,7.0,252,0.5306604601675755,1.5802063702421658,76,0.5992600389719009,0.018970707558737178,0.5348632335662842,0.6600474119186401,0.014854020291354766,5,545216.0,0.26667262772202516,6-12k,5,0.0014667096450258932,957;3;718;196;437;242;411;479;448;55;435;926;882;676;121;913;674;338;659;152
8580,1000,14676,14.676,7.0,275,0.5292027800490597,1.5601031614896015,69,0.6009277371168137,0.017823884840092837,0.5388609766960144,0.6476994752883911,0.01468014587256206,5,549056.0,0.32216007085677034,6-12k,5,0.001449531676203246,711;472;950;667;435;957;479;196;189;913;233;906;718;152;11;428;674;816;198;3
8640,1000,14058,14.058,6.0,272,0.5373792858159055,1.579251511428457,69,0.5998280131816864,0.015252423729398957,0.5595489740371704,0.6508645415306091,0.013813273061621258,5,552896.0,0.24854559274992097,6-12k,5,0.0014326891350499328,479;233;189;435;950;711;196;957;674;472;913;718;15;152;650;533;655;481;55;577
8700,1000,13958,13.958,6.0,293,0.5356010889812294,1.5865101858415254,66,0.6017068645358086,0.012530580921664786,0.565154492855072,0.6466250419616699,0.011428185421533748,5,556736.0,0.2756329453316392,6-12k,5,0.0014161728475511693,957;718;435;233;479;667;711;196;472;189;950;428;906;913;676;242;959;481;198;152
8760,1000,13932,13.932,6.0,309,0.5344316681022108,1.5440507503305656,59,0.6018143523335456,0.012604951208484969,0.5682930946350098,0.6449131369590759,0.009988595547849892,5,560576.0,0.1912904652051306,6-12k,5,0.0013999739624555958,479;428;196;906;718;667;711;472;435;913;233;189;950;957;294;11;674;55;676;437
8820,1000,17360,17.36,8.0,159,0.4842240783410139,1.6512086751405075,134,0.6003282706141472,0.015521728050949616,0.5484036803245544,0.6461948752403259,0.011347819228620814,5,564416.0,0.3118622892407344,6-12k,5,0.0008432505206880783,957;472;233;889;416;128;193;411;92;172;428;718;711;577;388;587;905;533;196;776
8880,1000,20984,20.984,11.0,103,0.44214620663362564,1.8031204199031274,252,0.5995828834176063,0.01887295715999627,0.5349791646003723,0.6519759893417358,0.014402167145328677,5,568256.0,0.4680042003775134,6-12k,5,0.004400959471965586,542;247;219;910;777;308;436;163;111;206;77;779;772;186;381;921;92;964;53;393
8940,1000,20984,20.984,11.0,113,0.44275562333206253,1.7914940065946274,247,0.5995101848840714,0.0190244957542596,0.5453851819038391,0.660678505897522,0.016105724940825013,5,572096.0,0.42977579017101175,6-12k,5,0.004306945912729935,602;38;60;716;826;477;208;425;32;356;165;193;846;338;509;329;872;702;933;100
9000,1000,21118,21.118,11.0,109,0.43902007765886925,1.8092587787679189,260,0.599565182864666,0.01517867020594551,0.5559598803520203,0.6437816619873047,0.013943571132416335,5,575936.0,0.42404246357426134,6-12k,5,0.0039994199020104764,453;147;677;872;705;762;704;54;784;658;379;561;463;347;688;889;972;674;247;121
9060,1000,21096,21.096,11.0,112,0.4306703640500568,1.8768065205429867,296,0.5993561213612556,0.011806422004230014,0.5663496851921082,0.6463819742202759,0.011253305742293824,5,579776.0,0.4148024459203036,6-12k,5,0.004020113457319061,614;656;103;462;46;445;559;808;992;207;910;18;1;819;268;274;674;845;459;183
9120,1000,21092,21.092,11.0,106,0.4363403186042101,1.8232099747851929,269,0.6002638298273086,0.013296340454640808,0.5639476776123047,0.6442616581916809,0.010471360030734896,5,583616.0,0.42049111058359334,6-12k,5,0.003939139390931465,788;687;196;471;403;896;648;551;830;59;373;370;439;515;837;712;654;240;195;900
9180,1000,15324,15.324,7.0,233,0.531430174889063,1.5703707014836243,80,0.6000562564730644,0.01687192890936637,0.5509999990463257,0.6496503353118896,0.012889283752406444,5,587456.0,0.4745674880457901,6-12k,5,0.002166729761160723,481;676;816;338;266;376;198;71;48;720;549;121;913;674;570;435;181;3;577;242
9240,1000,15230,15.23,7.0,239,0.5322278397898883,1.6003124266134254,83,0.6002701148986817,0.01896388544821856,0.5352519750595093,0.6597641110420227,0.014851313544433316,5,591296.0,0.2578216045832953,6-12k,5,0.0014148103649013635,472;242;533;711;448;435;481;720;189;338;294;577;816;913;570;411;3;165;121;744
9300,1000,15196,15.196,7.0,248,0.5381409581468808,1.6723632503112342,94,0.6002559487223625,0.01830502353483242,0.5474270582199097,0.6587533950805664,0.015715391548972182,5,595136.0,0.36150698416814564,6-12k,5,0.0013993771081810846,533;338;221;905;718;3;11;938;898;435;650;755;971;655;809;367;420;48;966;577
9360,1000,14446,14.446,6.0,264,0.5433364253080438,1.6552311952499328,86,0.601558122098446,0.01570268127446277,0.5455213785171509,0.6477252840995789,0.013892683044431729,5,598976.0,0.39392520824444005,6-12k,5,0.0013842250907115776,659;577;266;294;687;376;755;959;55;650;411;674;505;889;549;472;338;437;493;128
9420,1000,14352,14.352,6.0,271,0.5445898829431438,1.6216228425370425,76,0.6028086434602737,0.012445230619711726,0.5616088509559631,0.650745689868927,0.011244686526965243,5,602816.0,0.39536306231927226,6-12k,5,0.001278514816232037,643;615;411;48;27;898;144;950;772;254;711;971;331;650;383;404;479;676;694;233
9480,1000,14266,14.266,6.0,270,0.5437857843824477,1.6158895674594573,76,0.6022067108750343,0.012407514514173767,0.5677165389060974,0.636673629283905,0.009361216551645776,5,606656.0,0.3749143470664193,6-12k,5,0.0006118605519222102,367;165;854;128;27;137;121;338;411;718;242;416;472;744;331;189;676;957;816;655
9540,1000,14436,14.436,6.0,260,0.5428679689664727,1.6315988898294904,80,0.6009009509086609,0.015334096470674045,0.5417512655258179,0.6511549949645996,0.0115170018804034,5,610496.0,0.37562554540298587,6-12k,5,0.0012820851857016356,242;266;367;674;788;233;435;92;549;437;172;48;420;294;181;711;744;659;287;137
9600,1000,14972,14.972,7.0,262,0.5376655089500401,1.6479950301059607,86,0.6012997877597809,0.017903369342387176,0.5465468764305115,0.6551098227500916,0.013965550110633483,5,614336.0,0.3990044522176706,6-12k,5,0.001335658943151143,242;55;926;666;376;671;954;577;687;128;715;432;189;221;950;816;144;526;533;957
9660,1000,15222,15.222,7.0,248,0.5323091577979241,1.6005023501680464,82,0.6000218999385833,0.018817193511467625,0.5367639064788818,0.6539367437362671,0.015463524161857528,5,618176.0,0.3738467544950647,6-12k,5,0.001321645485998885,718;577;615;376;210;404;537;460;27;788;809;128;549;448;152;655;55;676;687;694
9720,1000,14968,14.968,7.0,251,0.5407856761090326,1.6769262003172918,93,0.6011800458431243,0.018128951093730753,0.5416407585144043,0.6570099592208862,0.014938276538519367,5,622016.0,0.3666334013616419,6-12k,5,0.0013078775269137434,411;233;55;926;367;472;416;615;882;294;938;505;172;338;687;577;27;933;435;865
9780,1000,14566,14.566,6.0,260,0.545451599615543,1.620095956774239,80,0.6015594460368157,0.01365214616368459,0.5562409162521362,0.6378173828125,0.013319057172862372,5,625856.0,0.38379543897603413,6-12k,5,0.0012728861396860188,666;898;294;957;889;676;615;367;720;537;149;694;128;11;622;526;776;242;338;959
9840,1000,14458,14.458,6.0,264,0.5455880481394384,1.6112272335037248,75,0.6016669216752052,0.012232898910967432,0.5672166347503662,0.6379209756851196,0.010316898446122772,5,629696.0,0.3483466353443667,6-12k,5,0.0012600270328148515,732;287;957;913;48;776;416;650;694;905;950;816;676;254;367;3;720;971;448;687
9900,1000,14304,14.304,6.0,274,0.5428246644295303,1.642801422685372,80,0.6019630524516105,0.013338168427363685,0.5546069145202637,0.6514231562614441,0.009949010521775757,5,633536.0,0.35563544942872305,6-12k,5,0.0011842602100632582,982;448;938;233;287;718;472;676;254;889;196;152;720;221;870;411;27;699;416;957
9960,1000,14764,14.764,7.0,264,0.5430006773232188,1.663501649743794,90,0.6013051987290382,0.016316940588539556,0.5505040884017944,0.6441841721534729,0.011894114558685609,5,637376.0,0.3807590379428521,6-12k,5,0.001235581374335446,537;165;788;854;861;676;71;809;926;172;772;577;615;128;435;505;27;411;816;92
10020,1000,15366,15.366,7.0,231,0.5342918130938435,1.631136845890012,89,0.6000559157133103,0.0185480521716593,0.5447968244552612,0.6511157155036926,0.014555504972657077,5,641216.0,0.34935353775366473,6-12k,5,0.0012439777313369537,55;367;193;744;152;889;699;196;959;776;926;971;676;294;913;788;198;233;772;15
10080,1000,15210,15.21,7.0,227,0.5340157790927021,1.6751215685000598,95,0.6010164064764977,0.019322210467369205,0.5411965847015381,0.6545236110687256,0.015643338797395014,5,645056.0,0.38146483037134754,6-12k,5,0.00123153802176773,92;383;854;479;233;913;982;643;460;788;776;481;659;121;427;165;957;416;294;765
10140,1000,14614,14.614,6.0,249,0.5441398658820309,1.6585727763958598,86,0.6007137618660927,0.016581457637793052,0.5526660680770874,0.6485478281974792,0.015180123818284314,5,648896.0,0.358487646732186,6-12k,5,0.0012193059161567138,687;411;152;266;765;655;331;137;650;913;172;659;15;287;416;882;254;982;55;926
10200,1000,14412,14.412,6.0,294,0.5451222592284207,1.6407643202931865,78,0.6013520473241806,0.01294649480561399,0.5502830743789673,0.6440983414649963,0.012260981203210656,5,652736.0,0.3998916654009056,6-12k,5,0.0011672257163736074,435;537;674;765;481;388;699;720;15;493;715;954;910;938;505;655;3;676;732;666
10260,1000,14500,14.5,6.0,261,0.5450129655172413,1.5906378443420528,74,0.6022845463752746,0.012214238353398693,0.5646324753761292,0.6455856561660767,0.009900999266213078,5,656576.0,0.37631815864731333,6-12k,5,0.0009576068854376026,505;861;266;287;926;242;121;435;732;671;310;938;694;533;294;772;448;427;537;933
10320,1000,14556,14.556,6.0,270,0.5444538334707338,1.6361836306541946,83,0.6018593707084656,0.014516190133598388,0.5540125370025635,0.6481406688690186,0.010698135764018872,5,660416.0,0.34725214353584777,6-12k,5,0.0011668254094030683,694;198;435;71;715;732;172;913;149;772;481;294;526;809;128;926;48;643;537;221
10380,1000,15124,15.124,7.0,252,0.5390240677069558,1.651946522334672,90,0.6006607035398484,0.0182192082363957,0.5363402962684631,0.6494055986404419,0.013689890571041244,5,664256.0,0.36925464331369134,6-12k,5,0.001175203266673343,776;3;882;913;427;165;898;957;198;570;448;254;982;177;479;437;772;55;48;971
10440,1000,15458,15.458,7.0,231,0.533143485573813,1.6164394395716455,90,0.6008332077860832,0.0198034931968771,0.5211188197135925,0.6585745811462402,0.015431735303503176,5,668096.0,0.3777369911670591,6-12k,5,0.0011638933784463563,732;776;687;92;959;367;254;744;809;711;404;718;152;505;242;172;233;411;189;694
10500,1000,15226,15.226,7.0,228,0.5401127019571785,1.6323447209733797,91,0.6006774696707725,0.017753258358692927,0.5404971241950989,0.6506807208061218,0.015813411980754685,5,671936.0,0.37615747900894625,6-12k,5,0.0011527650719258427,913;331;367;570;797;526;481;666;460;104;411;275;776;687;772;383;437;753;71;898
10560,1000,14500,14.5,6.0,262,0.5446416551724137,1.6499501434959571,83,0.6014862142205238,0.014566823564234234,0.5558203458786011,0.6546331644058228,0.013486233205680055,5,675776.0,0.36842255633785237,6-12k,5,0.001141814261192093,210;177;577;479;448;687;152;411;3;221;926;549;92;481;718;71;55;242;643;137
10620,1000,14534,14.534,6.0,271,0.5456107059309206,1.5830614613594376,75,0.6025419917106628,0.012472905932568017,0.5685200691223145,0.6409817337989807,0.010725565340368049,5,679616.0,0.3595496570990469,6-12k,5,0.001112273755704914,959;221;310;905;152;55;100;650;772;744;655;926;11;861;505;210;233;177;181;172
10680,1000,14474,14.474,6.0,263,0.5448578140113307,1.6413788689233562,80,0.6021360325217247,0.01347092363424853,0.5588423609733582,0.6459323763847351,0.010019490224336226,5,683456.0,0.38508173594013406,6-12k,5,0.0010834204909140812,189;643;294;493;448;533;732;266;11;816;27;971;55;577;744;549;121;772;233;910
10740,1000,14608,14.608,6.0,258,0.5432727272727272,1.6238139251194141,82,0.601425175845623,0.015918838345242176,0.5458489060401917,0.6515436172485352,0.011828284328321637,5,687296.0,0.3992383959659518,6-12k,5,0.001092082212232775,933;905;971;505;196;128;266;744;152;331;144;210;177;481;479;699;655;526;854;720
10800,1000,15298,15.298,7.0,234,0.5338402405543209,1.637081425919095,90,0.5994610257744789,0.01892496755027152,0.544661819934845,0.6536731123924255,0.014486903519190172,5,691136.0,0.37653662540470706,6-12k,5,0.001100388627308343,982;367;493;889;699;954;437;505;744;128;659;687;27;254;435;172;189;432;720;193
10860,1000,15184,15.184,7.0,249,0.5348844836670179,1.6601218557910857,92,0.5996858348846436,0.01830350688892245,0.5423623919487,0.6525168418884277,0.015782146004852438,5,694976.0,0.37861005346654164,6-12k,5,0.0010902575295811412,687;861;889;100;128;242;744;788;383;165;481;959;294;655;549;3;221;720;537;448
10920,1000,14462,14.462,6.0,256,0.5424708892269395,1.636936105887663,82,0.600354995906353,0.01642591819857658,0.5543599724769592,0.6512899398803711,0.014218065049330144,5,698816.0,0.38394972833171764,6-12k,5,0.0010802819825661255,137;294;615;526;933;732;816;913;210;254;889;420;910;121;331;437;367;694;404;11
10980,1000,14380,14.38,6.0,263,0.5436940194714882,1.6086484452625358,78,0.6018657858371734,0.013089720993372876,0.5590377449989319,0.6421284079551697,0.012184150208336318,5,702656.0,0.4197073930177858,6-12k,5,0.001070458640274183,971;92;926;198;711;533;210;128;448;950;242;233;699;15;577;913;3;435;416;493
11040,1000,14492,14.492,6.0,261,0.5451715429202317,1.6122813390252322,78,0.6020027269721031,0.012383514480881899,0.5678821802139282,0.6358886361122131,0.009691711424027217,5,706496.0,0.38413828129065114,6-12k,5,0.0009727515063712793,687;437;711;643;137;615;809;479;659;310;982;15;189;152;11;505;889;233;732;913
11100,1000,14466,14.466,6.0,259,0.5440432738835891,1.6367035669395724,82,0.6011014285087586,0.014807361915570031,0.5500780940055847,0.6446630954742432,0.011118762802581094,5,710336.0,0.3752499611627065,6-12k,5,0.0010520442034946834,84;537;674;913;577;11;643;331;493;254;957;772;55;694;959;816;687;845;533;676
11160,1000,15176,15.176,7.0,248,0.5363301265155509,1.6225446825567933,87,0.600918275654316,0.018244833866621193,0.5492125153541565,0.655570924282074,0.013587294568963394,5,714176.0,0.3455435805933076,6-12k,5,0.0010426465329666124,210;472;15;659;165;198;338;172;720;788;481;376;950;882;674;549;196;92;718;404
11220,1000,15444,15.444,7.0,229,0.5334033929033929,1.6559703351669417,95,0.6003658832907677,0.019281720819042013,0.5418584942817688,0.6556066274642944,0.015286895852695182,5,718016.0,0.37189270281476267,6-12k,5,0.0010333888249357771,420;898;882;100;809;643;537;655;971;210;404;938;687;493;889;533;933;861;926;631
11280,1000,14956,14.956,7.0,241,0.5428800481412143,1.678245433861926,92,0.6006637248396873,0.017451545250652793,0.5522390604019165,0.6515610814094543,0.015450156967832066,5,721856.0,0.3762649212724033,6-12k,5,0.0010242681597054635,287;338;666;788;971;744;715;577;11;533;92;493;165;15;526;266;643;718;933;152
11340,1000,14522,14.522,6.0,260,0.5446019831979066,1.627166547005094,81,0.6020974332690239,0.013992524004478462,0.5630688667297363,0.6452053785324097,0.012657224442834108,5,725696.0,0.4062638593240948,6-12k,5,0.0009984332604507445,181;772;242;432;287;144;816;338;882;481;427;55;809;392;622;933;959;526;60;676
11400,1000,14468,14.468,6.0,280,0.5442562897428809,1.6214003762232005,77,0.6019548483490944,0.012166066040907815,0.565763533115387,0.6348922848701477,0.010302985792294684,5,729536.0,0.4198938194688671,6-12k,5,0.0009564528973839238,674;694;505;181;671;172;772;266;913;744;55;11;310;910;437;481;479;128;221;196
11460,1000,14590,14.59,6.0,264,0.5447510623714873,1.641681059142316,84,0.6018105157613755,0.014134617228942556,0.5596789717674255,0.6455406546592712,0.010163095547015843,5,733376.0,0.35656978820395435,6-12k,5,0.000998278183630338,310;404;367;221;889;48;676;933;694;121;181;982;744;71;957;913;172;266;861;437
11520,1000,14910,14.91,7.0,244,0.5416877263581489,1.654841294718929,90,0.6013691343069076,0.016640697326280582,0.55301833152771,0.6553126573562622,0.012999369732246545,5,737216.0,0.37589171748815925,6-12k,5,0.0009896696936766997,92;854;676;505;882;420;776;533;732;310;338;537;699;744;913;655;481;493;788;906
11580,1000,15316,15.316,7.0,230,0.5342862366153043,1.6338399783583015,90,0.6003696419000626,0.01923477156751431,0.5219640135765076,0.6532964706420898,0.014629652230564246,5,741056.0,0.3613085125764329,6-12k,5,0.0009811849414281806,404;266;926;177;570;533;3;913;694;383;699;933;671;210;959;715;144;954;659;121
11640,1000,15164,15.164,7.0,238,0.5376438934318121,1.6493207119809405,91,0.5999081971049309,0.0184501321996309,0.5421394109725952,0.6497993469238281,0.015724158032232042,5,744896.0,0.37147140951995733,6-12k,5,0.0009728214362891019,404;144;694;816;938;128;100;242;198;821;711;671;570;910;882;104;926;971;343;152
11700,1000,14608,14.608,6.0,264,0.5437683461117196,1.6168282018399327,82,0.5998448138833046,0.015400663371875092,0.553493082523346,0.6522001624107361,0.01393311189101073,5,748736.0,0.41260249036373897,6-12k,5,0.0009645767521359273,376;570;294;198;659;27;933;411;615;526;687;92;643;926;11;772;165;367;137;189
11760,1000,14552,14.552,6.0,264,0.5458000274876306,1.6225592728423321,79,0.6021270899772644,0.012897851340568358,0.5632473826408386,0.6429557800292969,0.011666940098384449,5,752576.0,0.32525604574383354,6-12k,5,0.0009564485252770379,242;254;687;448;181;926;933;816;310;420;404;3;92;55;720;643;659;959;27;479
11820,1000,14506,14.506,6.0,262,0.545275058596443,1.6055526967786675,78,0.602571214735508,0.012033214638455542,0.56772780418396,0.6456812620162964,0.009793157659233333,5,756416.0,0.3577170024869939,6-12k,5,0.000901201334121505,957;137;310;854;338;165;615;889;254;177;809;650;643;933;537;437;720;149;404;765
11880,1000,14600,14.6,6.0,246,0.5442593150684931,1.617958431029653,82,0.601722264289856,0.015370187616686591,0.5589857697486877,0.6469278931617737,0.011225768836515434,5,760256.0,0.3962726597497187,6-12k,5,0.0008784402675517705,71;55;957;537;788;435;720;36;687;481;674;816;15;671;676;533;905;889;181;128
11940,1000,15196,15.196,7.0,233,0.5366780731771519,1.6268798850509176,87,0.6004341444969177,0.018357132388888524,0.5415972471237183,0.654045581817627,0.014014081182304242,5,764096.0,0.3910800256843375,6-12k,5,0.0009336433812805827,128;404;577;210;687;732;957;411;650;198;882;420;913;772;11;493;959;898;505;367
12000,1000,15430,15.43,7.0,245,0.5325609850939726,1.639523447048086,93,0.5992031661272049,0.01973610026961403,0.5341295599937439,0.6485838294029236,0.01601637172910926,5,767936.0,0.3480807151880091,6-12k,5,0.0009259460842450153,816;11;177;196;549;505;957;718;420;493;694;416;882;121;526;744;172;699;537;938
12060,1000,14978,14.978,7.0,237,0.5422615836560288,1.6188420917830673,86,0.6005845886468887,0.01756511308724742,0.5484256744384766,0.6533300280570984,0.015602609010931584,5,771776.0,0.3450015818634426,12-18k,5,0.0009183545361963305,950;338;11;643;420;92;275;242;448;198;809;577;732;533;711;854;331;718;71;189
12120,1000,14422,14.422,6.0,253,0.5443145194841216,1.59556893943688,76,0.601836458325386,0.014423003904786754,0.5608682036399841,0.6499325633049011,0.012960239278501507,5,775616.0,0.37494912237320216,12-18k,5,0.0009108667032903927,3;481;27;765;505;526;48;404;92;172;694;231;533;376;177;55;720;898;338;959
12180,1000,14492,14.492,6.0,270,0.5457370963290091,1.626740187394246,79,0.6025109664201737,0.011888611054858373,0.5643349885940552,0.6375706791877747,0.010532522470057306,5,779456.0,0.41200639211197376,12-18k,5,0.0008434763480029337,772;181;570;809;957;816;971;882;48;718;196;287;92;15;11;479;913;420;910;765
12240,1000,14704,14.704,6.0,263,0.5466424102285093,1.598367839331042,80,0.6012156038284302,0.013257751290535379,0.5608422756195068,0.6415016055107117,0.00983485130014118,5,783296.0,0.3513824755613553,12-18k,5,0.0008966769844090722,348;479;55;121;505;92;420;266;718;310;676;437;772;914;587;165;959;549;938;650
12300,1000,14800,14.8,7.0,249,0.5430212162162162,1.631968438866104,84,0.6004201906323433,0.016666329093415297,0.5483907461166382,0.6509212851524353,0.012132260288232834,5,787136.0,0.39233216905547763,12-18k,5,0.000889482119753093,938;854;172;898;772;959;420;982;971;411;776;615;950;687;196;889;460;699;913;537
12360,1000,15360,15.36,7.0,240,0.53473203125,1.6959616249453475,100,0.6009221582412719,0.019243690061750886,0.5422543883323669,0.656592845916748,0.014641286915767805,5,790976.0,0.3559845702125605,12-18k,5,0.0008823834442317028,615;950;655;460;720;971;121;448;367;210;189;643;411;809;505;906;137;420;870;982
12420,1000,15220,15.22,7.0,241,0.5359944809461236,1.6204716433141177,87,0.6007237166166306,0.019409186265276244,0.5417455434799194,0.665497899055481,0.016293991819353787,5,794816.0,0.3637251568530094,12-18k,5,0.0008753791578688391,48;242;233;479;121;404;732;55;437;809;744;854;718;27;687;3;957;533;310;711
12480,1000,14604,14.604,6.0,244,0.5441763900301286,1.6401287203732506,85,0.600537236213684,0.01595639684639162,0.5463941693305969,0.6484494209289551,0.014781407960333701,5,798656.0,0.39161921579470627,12-18k,5,0.0008684675039885296,376;137;549;294;460;671;913;809;233;772;266;71;971;181;172;938;472;926;659;674
12540,1000,14458,14.458,6.0,265,0.5441235302254807,1.6305307311868096,80,0.6013500148653984,0.012574920236350326,0.5660853385925293,0.6368252038955688,0.01168784649488928,5,802496.0,0.36180047559556905,12-18k,5,0.0008616467679415901,367;694;437;744;533;720;577;957;472;711;71;310;938;643;933;732;959;816;435;177
12600,1000,14572,14.572,6.0,250,0.546656601701894,1.621983337482574,81,0.6024937077760696,0.012394374342380159,0.5616012215614319,0.6460570693016052,0.009548556281987608,5,806336.0,0.37023708122083593,12-18k,5,0.0007981285894814127,889;577;437;718;210;650;310;982;137;861;959;971;913;699;720;242;287;172;870;659
12660,1000,14476,14.476,6.0,260,0.5444349267753523,1.6145469576391964,79,0.6011989767551422,0.015246450900042506,0.5436401963233948,0.6446759104728699,0.011051260156037418,5,810176.0,0.37296456294691627,12-18k,5,0.0008487116256047336,172;55;71;367;128;481;493;287;882;294;674;809;137;92;242;254;15;427;687;577
12720,1000,15118,15.118,7.0,244,0.5370441857388544,1.5849610970577201,81,0.6001976619362831,0.018361437848755116,0.5437926054000854,0.6557625532150269,0.013824881785781527,5,814016.0,0.3292989061399223,12-18k,5,0.000842148071882477,650;137;898;420;15;889;432;913;254;416;196;287;959;92;674;666;493;55;210;388
12780,1000,15460,15.46,7.0,237,0.5351389391979301,1.5892628177475716,86,0.6002991392016411,0.01859822440320253,0.5414530038833618,0.6594537496566772,0.01568478257765225,5,817856.0,0.37532697148653965,12-18k,5,0.000835669076473139,666;144;982;416;788;128;420;631;959;720;537;181;287;711;914;643;437;622;404;55
12840,1000,15106,15.106,7.0,238,0.540677346749636,1.5949018997216453,84,0.6005864397883415,0.017368906506075314,0.5474675297737122,0.6506567597389221,0.014985873825014557,5,821696.0,0.3708590559768931,12-18k,5,0.0008292731148692507,100;933;938;674;152;926;570;481;699;957;809;913;181;338;959;732;71;242;776;720
12900,1000,14354,14.354,6.0,262,0.5427199386930472,1.599936926767092,75,0.6011363545656204,0.014121433706632781,0.561311662197113,0.647395133972168,0.013144967963089785,5,825536.0,0.36942087212286406,12-18k,5,0.0008229586978896425,788;448;882;913;650;549;889;772;294;933;687;622;100;816;744;643;957;666;626;310
12960,1000,14580,14.58,6.0,254,0.545918792866941,1.6390352242015636,82,0.6020152133703232,0.01216596443013443,0.5625818371772766,0.6455914378166199,0.010713220523578737,5,829376.0,0.33582979122257,12-18k,5,0.0008167243706795362,622;694;913;92;404;172;294;481;674;338;420;435;549;926;55;959;666;676;650;816
13020,1000,14486,14.486,6.0,261,0.5448797459616181,1.6290746005234524,82,0.6026525353193283,0.013085532812627228,0.5604103207588196,0.6452550292015076,0.009964487645239483,5,833216.0,0.39066810349838216,12-18k,5,0.0007971092563209066,659;92;854;437;448;720;882;744;254;137;570;338;181;210;913;100;177;765;718;537
13080,1000,14992,14.992,7.0,254,0.5427309231590182,1.643394587820521,89,0.6001634049415588,0.01690155527368078,0.5442501306533813,0.6567177176475525,0.012668130074637194,5,837056.0,0.36119074140913715,12-18k,5,0.0008045910124778545,3;210;460;27;416;913;674;181;526;15;765;221;650;92;196;744;676;982;643;694
13140,1000,15350,15.35,7.0,242,0.533217980456026,1.6151088060023515,87,0.6000814011096954,0.019185409841376587,0.5439862608909607,0.656402587890625,0.01544488038514929,5,840896.0,0.35023989291333535,12-18k,5,0.0007985872999975508,128;427;744;437;310;622;472;266;92;905;959;493;655;549;15;809;198;460;121;687
13200,1000,15180,15.18,7.0,239,0.5376129117259552,1.6653054596886379,93,0.5999701490402222,0.01819930918875278,0.5372583270072937,0.6531583666801453,0.015347221275751981,5,844736.0,0.3794957566071234,12-18k,5,0.0007926582041393994,242;294;577;338;674;938;331;954;27;416;481;165;765;933;744;926;913;411;720;367
13260,1000,14440,14.44,6.0,257,0.543216620498615,1.6325597282247073,81,0.601364032804966,0.015602899415617525,0.5538932085037231,0.6436930298805237,0.013826839995674639,5,848576.0,0.3868361949670612,12-18k,5,0.000786802427314297,631;137;587;493;732;788;744;643;121;242;882;711;479;435;233;392;971;950;816;957
13320,1000,14438,14.438,6.0,268,0.5456898462390913,1.5892007033633027,74,0.6018272696137428,0.012811342701599296,0.5659612417221069,0.6484150886535645,0.01150828460859349,5,852416.0,0.38706226339628935,12-18k,5,0.0007810187009307224,266;172;982;71;287;505;666;479;533;643;889;242;144;732;48;196;718;926;181;310
13380,1000,14354,14.354,6.0,270,0.5439632158283405,1.6132254880923176,75,0.6020169076919556,0.012817257462873615,0.5579500794410706,0.6412168741226196,0.009657017651436428,5,856256.0,0.35813454102189574,12-18k,5,0.000723795070366926,11;718;788;732;910;898;971;55;294;577;816;420;687;959;287;48;388;172;121;913
13500,1000,15210,15.21,7.0,247,0.536473241288626,1.624296568000938,87,0.600266235589981,0.01912962236120899,0.5388615131378174,0.6570157408714294,0.013195827117691484,5,863936.0,0.41336263621390273,12-18k,5,0.0015091007185389356,957;505;674;152;367;55;437;631;650;809;643;100;427;210;666;715;821;149;954;71
13560,1000,15284,15.284,7.0,237,0.535137922009945,1.6289576719594114,89,0.6004119341373444,0.01877377730841607,0.5349246263504028,0.65796959400177,0.015700559858154845,5,867776.0,0.394084646919232,12-18k,5,0.0007591276713242746,816;310;383;913;92;854;570;809;720;744;889;367;776;926;427;493;71;196;294;299
13620,1000,14678,14.678,7.0,247,0.5427026842894127,1.6215023072135168,83,0.6006614003181457,0.016921056085252743,0.5540386438369751,0.6577283143997192,0.014787824807446375,5,871616.0,0.351990717956618,12-18k,5,0.0007536795679956357,898;570;198;92;448;177;71;128;732;577;655;48;938;331;137;165;809;411;744;913
13680,1000,14536,14.536,6.0,254,0.5446397908640617,1.6398133789599179,84,0.6019602270126343,0.013723806920378296,0.5580813884735107,0.6446704268455505,0.012344690324060352,5,875456.0,0.34363861960747866,12-18k,5,0.000748296579864991,809;210;460;242;196;3;718;732;149;687;338;435;121;71;294;254;699;971;479;570
13740,1000,14598,14.598,6.0,257,0.5454299219071106,1.5833637298794425,76,0.6024442365765572,0.012317213221863084,0.5614517331123352,0.6416184902191162,0.010189077576963624,5,879296.0,0.3776747276660657,12-18k,5,0.0007429776181576873,460;242;152;905;898;926;338;732;526;776;196;128;121;957;92;376;788;437;711;100
13800,1000,14402,14.402,6.0,280,0.5435525621441466,1.5850652816684727,72,0.6015734738707542,0.014248592324732976,0.5620588660240173,0.6466190218925476,0.010314188104730585,5,883136.0,0.40813911443473583,12-18k,5,0.0007377216174899625,172;338;152;938;570;549;128;655;687;650;242;957;254;420;959;181;615;898;310;971
13860,1000,15118,15.118,7.0,234,0.5414778409842572,1.6829661518156342,95,0.6005789583921433,0.017542633968039168,0.5366352796554565,0.6628453731536865,0.013173169374430362,5,886976.0,0.38991291882600115,12-18k,5,0.0007325275352555767,643;411;172;505;577;514;266;797;128;772;331;674;718;165;549;11;404;933;992;889
13920,1000,15386,15.386,7.0,235,0.5326144546990771,1.6396562608769794,91,0.6011729936599731,0.01881825555867462,0.5468484163284302,0.6585707068443298,0.01503699726565542,5,890816.0,0.3792559997911483,12-18k,5,0.0007273943510308032,692;294;172;11;809;196;242;338;898;772;765;889;493;526;694;744;957;926;254;367
13980,1000,15040,15.04,7.0,255,0.538798005319149,1.6611408384241433,90,0.6006726269721985,0.018535892867123267,0.5486970543861389,0.6546672582626343,0.015461936327421828,5,894656.0,0.37568777731871916,12-18k,5,0.000722321065998023,437;854;718;254;71;121;913;3;959;643;137;971;448;676;720;420;687;221;331;177
14040,1000,14516,14.516,6.0,245,0.5436348856434279,1.6007402168713427,78,0.6015045590400696,0.015194014798184823,0.5534238815307617,0.6533650755882263,0.013839059485067787,5,898496.0,0.3797244126888132,12-18k,5,0.0007173067023869664,687;338;711;582;92;3;15;744;493;533;643;926;788;27;570;48;732;699;310;659
14100,1000,14332,14.332,6.0,281,0.5436335473067262,1.5968508297516422,73,0.6022547018527985,0.012796769623803094,0.5626150369644165,0.6490013599395752,0.011170272513330798,5,902336.0,0.4192699864146513,12-18k,5,0.0006531756913375203,196;210;294;933;3;242;622;533;435;128;266;889;460;388;577;411;11;437;310;715
14160,1000,14456,14.456,6.0,274,0.5443868289983398,1.6211594138991865,79,0.6034148442149162,0.01268627389915454,0.5597389340400696,0.6353025436401367,0.009827150004440614,5,906176.0,0.42013434604945615,12-18k,5,0.0005431260882083775,338;854;420;926;432;287;27;954;959;711;181;367;687;631;165;957;3;715;865;210
14220,1000,14586,14.586,6.0,243,0.5454352118469765,1.6218813789144542,82,0.6012693191170693,0.01571861293779512,0.5476462244987488,0.6481151580810547,0.01178671539405207,5,910016.0,0.3960968456100482,12-18k,5,0.0006690431732074217,926;776;210;659;172;55;221;242;959;128;889;287;577;971;121;643;537;732;420;933
14280,1000,15142,15.142,7.0,237,0.5354498745211993,1.609287110876671,84,0.599917698442936,0.01862898195652772,0.5460555553436279,0.6558395028114319,0.014419675983675242,5,913856.0,0.3381596525236091,12-18k,5,0.0006995688786007547,172;577;861;198;152;622;165;210;699;732;971;938;196;338;676;177;221;666;128;55
14340,1000,15142,15.142,7.0,253,0.5348647470611544,1.6111398625940923,83,0.600429514169693,0.01910962568946777,0.5348356366157532,0.6586339473724365,0.015803365885153,5,917696.0,0.38890984162623893,12-18k,5,0.0006948153352979998,957;392;732;537;338;913;687;27;533;643;809;622;435;898;367;210;922;100;137;570
14400,1000,14832,14.832,6.0,237,0.5444002157497303,1.656128355217708,89,0.6009089233279228,0.017353910178029668,0.5315532088279724,0.653378963470459,0.015252055382683254,5,921536.0,0.3896674684829968,12-18k,5,0.0006901155736889731,913;3;957;472;294;816;435;479;172;577;338;71;55;772;718;744;865;181;196;674
14460,1000,14350,14.35,6.0,267,0.5429590243902439,1.5879778902156665,73,0.6015118089318275,0.013907467850012878,0.5503743290901184,0.644384503364563,0.012384714119948735,5,925376.0,0.3813060902198102,12-18k,5,0.0006854687426552943,765;266;687;854;650;128;694;898;788;816;331;55;933;383;926;720;198;533;100;666
14520,1000,14434,14.434,6.0,263,0.5442735208535403,1.6331918534078576,80,0.6026300712227821,0.012028093918080324,0.56856369972229,0.6370611786842346,0.010058412858749519,5,929216.0,0.3556377366147795,12-18k,5,0.0005110834531065222,411;128;711;694;861;15;732;570;718;100;448;687;889;772;27;331;622;210;933;266
14580,1000,14360,14.36,6.0,259,0.5436413649025069,1.5955908191276338,74,0.6007757934927941,0.013659723383219503,0.5598621964454651,0.63933926820755,0.010165097808950035,5,933056.0,0.43426551286537274,12-18k,5,0.0005873948561932675,479;882;626;533;959;416;367;448;797;676;181;765;854;772;744;460;299;196;776;615
14640,1000,14896,14.896,7.0,258,0.540125268528464,1.6276915510107024,83,0.6003345273137093,0.01768407412195893,0.5503536462783813,0.6472387909889221,0.01281565703594954,5,936896.0,0.41029718695832085,12-18k,5,0.0006623647745186504,666;210;765;533;294;694;198;493;172;570;383;788;404;177;718;643;699;809;411;92
14700,1000,15236,15.236,7.0,242,0.5324394854292466,1.615738787923512,85,0.6009101581573486,0.019689320950309886,0.545438289642334,0.6621274352073669,0.015465106672200779,5,940736.0,0.36125196341774035,12-18k,5,0.000669165696825757,128;694;198;926;577;950;549;676;448;210;3;732;92;427;172;971;882;266;299;416
14760,1000,15058,15.058,7.0,250,0.5380224465400452,1.5956305047014046,81,0.6012266726493836,0.018751471344686473,0.5265724062919617,0.6625709533691406,0.016053325526650248,5,944576.0,0.4005366409202169,12-18k,5,0.0006647518635402809,744;481;193;622;659;48;957;821;889;181;137;666;615;788;687;809;913;242;60;411
14820,1000,14448,14.448,6.0,267,0.5438680786267996,1.6242821750571799,81,0.6000382271409035,0.015079122645970722,0.5483500957489014,0.6438925266265869,0.014196722352548534,5,948416.0,0.3999899917334363,12-18k,5,0.0006603865024691356,687;338;437;460;816;720;416;650;287;643;172;427;310;718;666;882;242;128;409;655
14880,1000,14418,14.418,6.0,261,0.5447949784990983,1.6565280216869671,82,0.6021782916784286,0.012621518551765102,0.5626429319381714,0.6389718651771545,0.01138578876352775,5,952256.0,0.3838886833753841,12-18k,5,0.0006342689718139425,411;3;926;181;233;898;694;121;493;687;165;448;699;655;959;615;254;933;938;479
14940,1000,14490,14.49,6.0,270,0.5455170462387854,1.5828822551078745,74,0.6034228399991989,0.012697228451866311,0.565078854560852,0.6491794586181641,0.009516661837800344,5,956096.0,0.37789385352103855,12-18k,5,0.0005544193919485111,718;772;71;479;720;938;196;310;481;460;643;367;242;55;699;650;788;816;198;655
15000,1000,14440,14.44,6.0,257,0.5434918282548477,1.570037043431649,73,0.6001915069818496,0.015280165191745899,0.5573511123657227,0.645375669002533,0.011361974776207059,5,959936.0,0.381192048548896,12-18k,5,0.0006483449124898055,294;957;121;310;472;882;331;577;3;816;448;196;933;905;48;128;437;674;938;210
15060,1000,15258,15.258,7.0,228,0.5366116135797614,1.6198219519062484,88,0.6006850183606148,0.018183317866412266,0.5449994206428528,0.6579858064651489,0.013985261103706917,5,963776.0,0.36710146941059657,12-18k,5,0.0006441578356881719,718;411;181;622;420;481;577;310;959;957;493;533;427;776;816;287;27;196;666;926
15120,1000,15478,15.478,7.0,233,0.5350994960589224,1.6438764801268764,94,0.6021869236826897,0.018550265048111875,0.5312322974205017,0.657721221446991,0.015364335260494005,5,967616.0,0.3207909630255262,12-18k,5,0.0006400157770417318,152;537;650;643;816;676;404;577;367;233;48;533;898;181;121;472;420;732;481;913
15180,1000,14844,14.844,7.0,248,0.5422537052007544,1.6517763476923393,90,0.6015418638586998,0.016971641315170084,0.5514647364616394,0.654782235622406,0.014345042246948197,5,971456.0,0.35410073706280154,12-18k,5,0.0006359180596233323,181;338;3;674;177;650;957;699;149;152;196;128;526;882;889;254;971;27;577;287
15240,1000,14468,14.468,6.0,265,0.5450659386231684,1.618529728330406,79,0.6012360087633133,0.013544218838625877,0.5593386292457581,0.6405776739120483,0.01259861147481107,5,975296.0,0.384031326222876,12-18k,5,0.0006213659398981669,198;196;427;674;48;816;505;416;177;460;898;128;411;242;882;92;570;137;437;659
15300,1000,14372,14.372,6.0,274,0.5429837183412191,1.6180868052718185,75,0.6022400785684585,0.012205057871811758,0.5618512034416199,0.6402515769004822,0.010214869252219134,5,979136.0,0.33599970607613117,12-18k,5,0.0006070530418658244,788;926;982;699;481;294;479;460;437;11;198;957;287;687;128;959;570;711;48;254
15360,1000,14278,14.278,6.0,276,0.5431615072138954,1.6238524631276325,77,0.601867293894291,0.013790643795387717,0.560120165348053,0.642298698425293,0.0100933136863523,5,982976.0,0.3843726039830289,12-18k,5,0.0005514755184390652,411;765;650;196;338;659;913;71;3;27;643;172;55;177;718;882;982;198;711;210
15420,1000,14932,14.932,7.0,256,0.5418348513260112,1.6207788582303895,84,0.6003968135714531,0.016985400329821255,0.5359135270118713,0.6488298177719116,0.01241546726309705,5,986816.0,0.38558624630613175,12-18k,5,0.0006102976446867634,526;577;310;493;210;152;765;674;36;193;432;776;121;27;383;55;181;910;715;231
15480,1000,15300,15.3,7.0,240,0.5341112418300654,1.6320066717170387,89,0.6002224934697151,0.019737902579916523,0.5367647409439087,0.652625322341919,0.01518102250263836,5,990656.0,0.4092184291570042,12-18k,5,0.0006167811255372347,666;845;71;577;913;221;15;788;898;196;711;376;121;242;92;950;882;331;514;626
15540,1000,15190,15.19,7.0,236,0.5368916392363396,1.6544083341659506,91,0.5997794077396393,0.018753377542919326,0.5501042008399963,0.6554165482521057,0.0157232734240067,5,994496.0,0.38342988304756154,12-18k,5,0.0006129285626606889,577;788;367;715;3;55;889;266;615;913;388;420;149;121;650;294;882;165;437;982
15600,1000,14562,14.562,6.0,268,0.5453704161516275,1.6182452704360042,81,0.6004410161375999,0.015106724455631354,0.5531419515609741,0.6481577754020691,0.014180006308965036,5,998336.0,0.34153590567454395,12-18k,5,0.0006091160595372944,898;404;92;933;196;615;493;650;310;889;587;376;172;655;854;631;913;659;435;437
15660,1000,14250,14.25,6.0,274,0.5431900350877192,1.6113188847610702,74,0.6020242935419082,0.012511327857741504,0.5596767067909241,0.6416691541671753,0.011674056289432374,5,1002176.0,0.376583619132458,12-18k,5,0.000585225308884667,427;744;676;666;411;776;615;659;549;577;383;889;294;926;92;196;933;694;376;479
15720,1000,14528,14.528,6.0,251,0.5455808094713657,1.6406358968128494,83,0.6025536892414093,0.01256251181235878,0.5605782270431519,0.6375946402549744,0.009887538195756357,5,1006016.0,0.4448403984064311,12-18k,5,0.0005717342481551307,816;210;622;720;971;420;959;582;343;481;882;165;982;48;674;367;788;172;448;383
15780,1000,14638,14.638,6.0,254,0.5442261237874026,1.6253475708978047,84,0.601954906821251,0.015469273626709837,0.5567031502723694,0.6468427777290344,0.01072536556605373,5,1009856.0,0.389660039148592,12-18k,5,0.0005982196679045979,526;732;845;765;505;254;606;416;957;172;718;11;479;622;137;177;615;71;338;898
15840,1000,15284,15.284,7.0,240,0.5365471080868883,1.634017157856702,89,0.599422622680664,0.019082160549633253,0.5354218482971191,0.6546779870986938,0.01393670936092749,5,1013696.0,0.36543982223649435,12-18k,5,0.0005945585574433273,310;266;420;622;971;549;92;210;338;720;732;411;776;481;765;533;505;376;149;388
15900,1000,15198,15.198,7.0,233,0.5346577181208054,1.6114447083601746,84,0.6002886444330215,0.0193181596535907,0.543785572052002,0.6575045585632324,0.016141078439681492,5,1017536.0,0.35351840166796555,12-18k,5,0.0005909347451388666,189;650;913;11;959;898;367;338;809;144;776;493;121;577;655;718;971;505;460;376
15960,1000,14710,14.71,6.0,251,0.5445397688647179,1.64807036101721,87,0.6003520101904869,0.01651080680704848,0.5580112934112549,0.6446841359138489,0.01494083696432244,5,1021376.0,0.35941325097159327,12-18k,5,0.0005873476996341389,655;254;687;92;420;11;71;933;720;172;210;549;982;411;367;570;889;48;676;460
16020,1000,14638,14.638,6.0,255,0.5460213143872114,1.6434987531762943,85,0.6008323010802269,0.013363442939591746,0.5522043704986572,0.6451135873794556,0.012303636616555086,5,1025216.0,0.3422376402124705,12-18k,5,0.0005837968992931718,772;809;577;913;152;11;643;128;165;655;694;493;526;177;367;718;671;404;331;533
16080,1000,14600,14.6,6.0,260,0.5456053424657534,1.654439086492921,84,0.6023421249389649,0.012379499145128321,0.5670111775398254,0.6402862071990967,0.009728873463454768,5,1029056.0,0.3632193356723262,12-18k,5,0.0005609953634757163,448;711;889;537;699;152;816;233;720;898;254;809;732;788;950;776;416;310;435;982
16140,1000,14488,14.488,6.0,247,0.5430060739922694,1.6069157988554255,79,0.6012165719270706,0.014469088048865033,0.5499616861343384,0.6459898352622986,0.010644105337403021,5,1032896.0,0.3598823593068464,12-18k,5,0.0005769174270847298,959;933;882;659;776;189;435;809;570;210;404;338;549;479;331;71;615;165;744;460
16200,1000,15092,15.092,7.0,235,0.5384769414259211,1.6336565856208571,88,0.6015749333500862,0.018141920372668395,0.546053946018219,0.6590693593025208,0.013488956365631563,5,1036736.0,0.3669515848889854,12-18k,5,0.000573471176395427,526;957;121;537;128;643;152;718;196;926;587;959;411;348;650;809;776;732;338;971
16260,1000,15550,15.55,7.0,233,0.5347807073954984,1.6334782225017506,93,0.6018650286197662,0.019137566382648755,0.5363112092018127,0.6628995537757874,0.015165645670951786,5,1040576.0,0.365659979065289,12-18k,5,0.0005700591933081462,181;954;481;910;165;982;671;655;526;957;376;687;233;971;48;744;854;221;926;720
16320,1000,15088,15.088,7.0,244,0.5408714209968186,1.632888225048709,90,0.6011489952206611,0.017048897119876772,0.5371623635292053,0.6529324054718018,0.01501446673870115,5,1044416.0,0.3661777541812616,12-18k,5,0.0005666810013639685,650;266;376;505;744;432;411;959;910;11;938;865;152;882;493;582;889;242;149;294
16380,1000,14596,14.596,6.0,252,0.543783228281721,1.6445607273451301,85,0.6007416645884514,0.013860087793039188,0.5591689944267273,0.649185836315155,0.012844926945035544,5,1048256.0,0.40990908816851757,12-18k,5,0.0005633361326116468,15;971;913;549;310;196;694;367;128;776;982;537;435;655;416;570;816;720;55;338
16440,1000,14676,14.676,6.0,258,0.5470066775688199,1.5939264593555464,79,0.6027417937517167,0.012444472448220325,0.5613366961479187,0.6419103741645813,0.01038829710172171,5,1052096.0,0.38261428985026424,12-18k,5,0.0005600241274220031,121;959;809;910;898;982;100;254;659;420;331;615;435;3;294;655;198;15;711;479
16500,1000,14676,14.676,6.0,256,0.5464026982829109,1.5802996223099663,77,0.6021939916610718,0.0133220608397957,0.5609462261199951,0.6411542296409607,0.009868580359985123,5,1055936.0,0.35557257623046046,12-18k,5,0.0005474921598548261,772;137;294;643;411;198;957;152;15;674;172;3;505;420;577;404;254;615;982;549
16560,1000,14864,14.864,7.0,245,0.5423685414424112,1.6214056537962294,84,0.6008492899537087,0.017557118103075354,0.5476611852645874,0.6570298671722412,0.012736345247417671,5,1059776.0,0.3723837004679452,12-18k,5,0.0005535507772282238,121;615;913;100;809;242;570;376;152;788;435;11;367;889;659;310;933;128;982;432
16620,1000,15370,15.37,7.0,235,0.5334104098893949,1.6434376149221883,92,0.6005215818881988,0.01933057426966805,0.5457873940467834,0.6528178453445435,0.015372528824822804,5,1063616.0,0.3321722512606164,12-18k,5,0.0005503341634725387,177;788;854;926;570;671;460;676;776;310;152;420;674;971;376;435;732;388;549;933
16680,1000,15206,15.206,7.0,238,0.5350950940418256,1.5944607816833798,83,0.5996535512208938,0.018926239278632927,0.5427795648574829,0.6511415839195251,0.016047659166876033,5,1067456.0,0.35038076557710607,12-18k,5,0.0005471486615127083,435;913;479;889;816;687;788;165;367;338;694;643;310;152;71;172;505;772;926;27
16740,1000,14584,14.584,6.0,246,0.5435038398244652,1.644762368919578,84,0.5999359744787216,0.01649083735471093,0.5403088927268982,0.645378828048706,0.01480017104335859,5,1071296.0,0.3493636496828954,12-18k,5,0.0005439938505873406,472;338;460;152;287;650;720;898;172;959;411;711;718;526;938;71;816;772;676;367
16800,1000,14466,14.466,6.0,262,0.544058620212913,1.6054720119461554,77,0.6020425975322723,0.013079767486919627,0.5547991991043091,0.6439415216445923,0.012273614355120682,5,1075136.0,0.3794153859496715,12-18k,5,0.0005408693172425893,331;505;687;666;437;427;152;655;92;526;198;11;549;432;172;287;15;537;420;659
16860,1000,14358,14.358,6.0,262,0.5435847611087895,1.6053878034944535,77,0.6024335059523582,0.012439518389374953,0.5622800588607788,0.6404457092285156,0.00972779415172771,5,1078976.0,0.407548957034321,12-18k,5,0.0005288369435084865,181;152;472;816;435;671;854;416;910;570;938;149;71;448;198;367;121;870;3;411
16920,1000,14476,14.476,6.0,246,0.543178916827853,1.637991762341032,84,0.6014087826609612,0.015719004812882634,0.5536206364631653,0.6482741832733154,0.011072322346418783,5,1082816.0,0.40590800486962236,12-18k,5,0.0005169840525093972,266;435;861;549;577;100;196;493;816;338;694;376;889;720;411;674;666;437;11;765
16980,1000,15244,15.244,7.0,241,0.5381136184728418,1.626731714197844,89,0.6005528395175934,0.018216258373449347,0.5467936992645264,0.6676996350288391,0.014024241088295761,5,1086656.0,0.360707891936909,12-18k,5,0.0005318244754088481,55;310;15;121;718;221;549;460;128;959;898;676;479;198;435;926;765;720;27;152
17040,1000,15390,15.39,7.0,219,0.5347684210526316,1.6718770219292445,98,0.6007694763541221,0.019651708723911386,0.5432749390602112,0.6483539938926697,0.01577370641402991,5,1090496.0,0.3637561038752563,12-18k,5,0.0005288156330239378,938;231;338;526;982;149;275;367;732;55;671;694;816;558;570;954;152;437;481;128
17100,1000,14986,14.986,7.0,237,0.5416013612705192,1.6124216032450707,85,0.5999537265896797,0.017292768261523987,0.5454243421554565,0.6479544043540955,0.015625102613726023,5,1094336.0,0.39906682510791514,12-18k,5,0.0005258351240768365,420;643;674;898;650;310;210;889;472;493;165;615;189;718;11;479;172;882;15;933
17160,1000,14522,14.522,6.0,261,0.5440790524721112,1.6263345156295392,80,0.6013155727982521,0.013985455377684348,0.552471399307251,0.6427520513534546,0.012886456147605224,5,1098176.0,0.33380140368796923,12-18k,5,0.0005228825755182745,172;294;481;493;711;765;189;898;889;404;643;198;479;687;437;913;427;957;48;15
17220,1000,14504,14.504,6.0,268,0.5453321842250414,1.648486614470389,82,0.6025830968022347,0.012233729519883265,0.5690604448318481,0.6425288319587708,0.010518714903912837,5,1102016.0,0.3939039254613192,12-18k,5,0.0005113154809986074,198;71;55;854;404;659;165;481;926;776;933;152;744;11;128;181;493;254;533;196
17280,1000,14560,14.56,6.0,259,0.5443741758241758,1.650401311390965,84,0.6022578262090683,0.013542743264403601,0.5610853433609009,0.6453762054443359,0.010119406643865155,5,1105856.0,0.34959391657164324,12-18k,5,0.000517107972906636,128;310;100;331;650;861;27;788;11;957;674;720;533;242;152;913;448;165;889;549
17340,1000,15094,15.094,7.0,242,0.5423441102424804,1.6433602821715254,91,0.5992690424323082,0.017635887443276425,0.5535181760787964,0.6555248498916626,0.012717665178372264,5,1109696.0,0.38852163233621057,12-18k,5,0.0005142366845369808,655;172;437;694;416;772;898;959;982;765;971;699;460;152;687;266;732;210;331;537
17400,1000,15346,15.346,7.0,228,0.5345269125505017,1.65981537542327,94,0.6009306161999702,0.01958525413870569,0.541409432888031,0.659911572933197,0.01505784562755323,5,1113536.0,0.38729850869868643,12-18k,5,0.000511391931905465,889;526;404;11;242;198;152;643;854;310;631;137;221;460;650;659;505;435;772;331
17460,1000,15226,15.226,7.0,240,0.538476421909891,1.635841266044366,90,0.6012268427014351,0.01861780578117323,0.5446416735649109,0.6577790379524231,0.0156741487918134,5,1117376.0,0.36435811947238883,12-18k,5,0.0005085733721320952,905;549;411;711;676;437;481;92;577;198;266;744;435;694;889;992;570;367;383;11
17520,1000,14558,14.558,6.0,255,0.5437914548701744,1.6491812003187496,84,0.6007009865045547,0.015543329506524144,0.5484826564788818,0.6481346487998962,0.013990537259335911,5,1121216.0,0.3271362560243143,12-18k,5,0.0005057806680259832,650;816;287;27;152;549;420;55;198;435;181;720;577;128;711;479;533;11;718;809
17580,1000,14494,14.494,6.0,251,0.5448742928108182,1.595271102419018,76,0.6024186809062958,0.012624493638683409,0.5667028427124023,0.650499165058136,0.011343672609938208,5,1125056.0,0.38247129569281846,12-18k,5,0.0005030134879701741,718;631;420;367;720;242;3;933;48;674;310;144;128;348;957;549;100;732;788;776
17640,1000,14360,14.36,6.0,277,0.5431987465181058,1.6171292359282605,76,0.6014624224305153,0.012973932492994519,0.5522188544273376,0.6418938636779785,0.010019612973396477,5,1128896.0,0.388397824821425,12-18k,5,0.0004919559815310562,957;854;128;889;448;674;152;331;720;479;650;242;959;411;165;196;287;809;437;221
17700,1000,14484,14.484,6.0,252,0.5435267881800607,1.648069911157592,84,0.6016510180234909,0.015729981005506093,0.5554319024085999,0.643704354763031,0.011826704536658279,5,1132736.0,0.36719689413736584,12-18k,5,0.0004975994836856587,376;11;287;221;720;181;493;367;650;383;718;788;144;533;128;505;772;711;744;172
17760,1000,15382,15.382,7.0,244,0.5361253413080224,1.641080618905741,92,0.6007539470195771,0.019079286963315484,0.5461478233337402,0.6762591600418091,0.014181634477685692,5,1136576.0,0.3752623156346804,12-18k,5,0.0004949065333448905,933;926;172;479;526;938;121;671;882;411;221;905;913;622;181;765;460;149;505;472
17820,1000,15272,15.272,7.0,241,0.5345944211629126,1.5953335039380447,82,0.599781591296196,0.01840668112465251,0.5402864813804626,0.6519269347190857,0.015822221347367972,5,1140416.0,0.3576128356989224,12-18k,5,0.0004922378392473548,221;479;715;861;437;913;699;905;416;198;128;435;144;526;11;765;310;427;533;676
17880,1000,14776,14.776,6.0,259,0.5443581483486735,1.616411351379031,83,0.6011859495639801,0.017045697599740627,0.5512751936912537,0.6521136164665222,0.014936133435257357,5,1144256.0,0.3598135377542547,12-18k,5,0.0004895930959273848,982;367;854;71;898;687;957;3;549;11;420;765;55;744;128;889;27;533;448;242
17940,1000,14386,14.386,6.0,260,0.5448832197970248,1.6106654047356603,76,0.602634178340435,0.01329807873042344,0.5636694431304932,0.6436842083930969,0.01266702651335379,5,1148096.0,0.3514229544340338,12-18k,5,0.00047078158463166744,479;448;882;615;149;720;411;121;854;772;898;788;137;181;687;957;655;526;404;744
18000,1000,14370,14.37,6.0,269,0.5449958246346555,1.6474847259092393,81,0.6021735310554505,0.01213961226216564,0.5582981109619141,0.6398898363113403,0.009748565429384065,5,1151936.0,0.4201750587426895,12-18k,5,0.0004038965406136104,526;383;152;448;3;367;982;55;933;214;165;242;172;60;343;816;15;809;196;720
18060,1000,14604,14.604,6.0,261,0.5451926869350863,1.6472476505752445,85,0.6013078474402428,0.014376020927702977,0.5610716938972473,0.6416775584220886,0.01104782877663031,5,1155776.0,0.43701608948474846,18-24k,5,0.00045825796326251256,266;198;950;294;435;718;913;233;128;11;933;376;676;720;889;55;615;338;732;137
18120,1000,15058,15.058,7.0,242,0.5386832248638598,1.5925257843054172,81,0.6006633271574974,0.01693811808721165,0.548285961151123,0.6593307256698608,0.01314844044133009,5,1159616.0,0.3668681639539035,18-24k,5,0.00047988354645039216,711;189;152;233;437;587;128;913;331;165;676;914;674;950;957;882;109;48;92;718
18180,1000,15438,15.438,7.0,225,0.5346627801528696,1.6685218765351881,98,0.601428997695446,0.01964566278549282,0.5469087362289429,0.6541193127632141,0.015537958881072981,5,1163456.0,0.31437488327730834,18-24k,5,0.00047734854680923786,643;882;437;687;109;233;92;577;165;172;392;493;711;294;906;411;776;950;11;905
18240,1000,15080,15.08,7.0,258,0.5424570291777189,1.6457515752454812,88,0.6004731578826904,0.017693404343659576,0.5516084432601929,0.6594023704528809,0.015505372442379437,5,1167296.0,0.41641712959665617,18-24k,5,0.000474835834443426,699;266;533;165;982;275;718;753;687;950;615;889;189;310;514;55;631;479;938;121
18300,1000,14506,14.506,6.0,263,0.5444877981524886,1.6262983917904947,82,0.6011659411191941,0.014289284192448804,0.5570577383041382,0.6459360122680664,0.013178237726430503,5,1171136.0,0.3841643394286166,18-24k,5,0.0004723451354044589,882;854;577;198;376;615;448;674;687;15;11;533;172;493;435;210;643;242;694;121
18360,1000,14334,14.334,6.0,286,0.5446504813729593,1.5853144672957886,72,0.601995069205761,0.012469543204446931,0.5520590543746948,0.63679438829422,0.01080493564661054,5,1174976.0,0.3711754127135152,18-24k,5,0.0003917340260672794,15;448;526;367;570;882;577;210;643;196;957;294;48;479;128;242;821;938;650;55
18420,1000,14526,14.526,6.0,253,0.5446734131901418,1.6382784506749437,83,0.6020394460558891,0.013316267915072618,0.5644561052322388,0.6529768109321594,0.010016395378636718,5,1178816.0,0.38367397962251665,18-24k,5,0.0004522798951962895,294;198;310;650;816;957;549;926;622;788;266;479;383;367;193;694;533;577;254;933
18480,1000,14878,14.878,7.0,244,0.5435769592687189,1.644919716148005,89,0.6003300839066505,0.016861855704920825,0.5533551573753357,0.6499919295310974,0.0126130885525988,5,1182656.0,0.39057854848918633,18-24k,5,0.0004654860101397064,55;404;435;898;15;437;196;687;3;655;210;615;137;172;481;427;448;181;882;718
18540,1000,15322,15.322,7.0,230,0.5348900926771962,1.6407061956136304,90,0.5995333414673806,0.019702980132573208,0.5301411747932434,0.6626726984977722,0.015438043345380244,5,1186496.0,0.3663159406291226,18-24k,5,0.000463076538547064,549;196;411;905;48;809;676;788;533;92;711;287;699;172;926;15;772;577;11;933
18600,1000,15384,15.384,7.0,230,0.5358283931357255,1.6545196886200708,95,0.6014228214025498,0.019024170921358063,0.5431609749794006,0.6587716341018677,0.016098990300847195,5,1190336.0,0.3656131074781171,18-24k,5,0.00046068782406772556,416;718;643;687;448;816;376;720;3;577;694;100;650;233;776;196;882;558;514;957
18660,1000,14624,14.624,6.0,251,0.5446099562363238,1.625439911061438,84,0.5999888058900833,0.015587245676601491,0.5546717047691345,0.644740641117096,0.01458437227677923,5,1194176.0,0.34958395499765477,18-24k,5,0.000458319616703406,650;797;659;196;165;643;420;732;294;254;109;753;181;153;992;348;411;718;615;493
18720,1000,14456,14.456,6.0,254,0.5432441892639734,1.602246675097389,76,0.6016982425451278,0.013155354157073909,0.554462194442749,0.6403816938400269,0.011953630638064592,5,1198016.0,0.359313279226787,18-24k,5,0.0004559716703219202,128;437;889;198;448;933;11;196;404;718;788;181;137;189;338;816;765;152;950;294
18780,1000,14532,14.532,6.0,262,0.5452313515001377,1.6080503990206672,79,0.6026200476884842,0.012321069681143867,0.5651884078979492,0.6431472897529602,0.009858128312126646,5,1201856.0,0.3208127554304617,18-24k,5,0.00042347285392498876,615;71;11;744;913;765;287;448;198;3;772;27;481;898;570;242;420;889;254;933
18840,1000,14522,14.522,6.0,261,0.5432394986916402,1.624588504530328,81,0.6018722484111786,0.014996579032213415,0.5535367131233215,0.6530923843383789,0.011156339216183956,5,1205696.0,0.3027857494112825,18-24k,5,0.0004514888607377804,287;650;411;889;479;137;481;615;404;189;659;694;27;674;3;957;505;435;718;687
18900,1000,15250,15.25,7.0,231,0.5372625573770492,1.6197197383803432,88,0.6002090381383896,0.018417177460135083,0.5437740683555603,0.6490774154663086,0.013548645433296402,5,1209536.0,0.3789927897576738,18-24k,5,0.0004491989623198873,71;479;367;631;383;788;3;720;676;294;11;861;189;744;765;889;505;926;437;533
18960,1000,15378,15.378,7.0,241,0.5327850175575497,1.6309241245843475,90,0.6002422786951065,0.0191725694789683,0.5464125275611877,0.6555854082107544,0.015790174754034256,5,1213376.0,0.36660688719396844,18-24k,5,0.000446928392895814,100;938;242;732;367;671;27;383;898;650;643;109;481;416;971;505;392;933;144;854
19020,1000,14932,14.932,7.0,238,0.5419138762389499,1.6229942923486553,84,0.6013064693212509,0.017346690319539226,0.5464011430740356,0.6592540740966797,0.015199778403427452,5,1217216.0,0.37955743830946187,18-24k,5,0.00044467692436805283,338;266;121;92;71;913;310;744;549;479;420;196;181;577;331;674;666;788;809;718
19080,1000,14410,14.41,6.0,259,0.5442340041637751,1.6460201497556983,82,0.6019359138011933,0.013955674727999351,0.557649552822113,0.6431977152824402,0.012958823251584022,5,1221056.0,0.3668856278223925,18-24k,5,0.00044244433209526,416;926;676;404;287;198;331;420;643;128;655;242;196;577;3;732;720;615;15;435
19140,1000,14544,14.544,6.0,268,0.5456919691969196,1.6509746171115625,83,0.6026175864338875,0.012071309554083993,0.5610970854759216,0.638104259967804,0.010525504305278918,5,1224896.0,0.4075038676507596,18-24k,5,0.0004182711712579291,650;36;310;294;383;659;788;776;481;128;144;558;71;437;11;676;720;905;181;816
19200,1000,14544,14.544,6.0,254,0.5443176567656766,1.5988473305049338,77,0.6023569205403327,0.014527372600234286,0.5558328032493591,0.6417157649993896,0.010605400388157212,5,1228736.0,0.37235760831701054,18-24k,5,0.0004381442351024355,55;549;744;650;448;404;15;481;776;210;310;198;294;71;926;933;376;411;659;889
19260,1000,15200,15.2,7.0,242,0.5403372368421053,1.6437650733593816,93,0.6011312076449394,0.018331013429961126,0.5487401485443115,0.652173638343811,0.013734430846419593,5,1232576.0,0.35898598015104916,18-24k,5,0.00043596605128293496,435;718;650;699;926;938;933;959;479;570;694;577;655;416;711;27;957;48;189;121
19320,1000,15490,15.49,7.0,245,0.53567295029051,1.6238421603533655,90,0.6007395209670067,0.01911845453275001,0.5472114086151123,0.6607950329780579,0.01532719959174037,5,1236416.0,0.3666268392185472,18-24k,5,0.00043380588895275803,193;479;233;144;816;448;472;331;189;92;772;577;432;667;905;338;27;694;744;11
19380,1000,15180,15.18,7.0,233,0.5407548089591567,1.6412133330799974,93,0.6002288804650306,0.018352331080053245,0.5487331748008728,0.6548759937286377,0.015400546381009059,5,1240256.0,0.34777739554974335,18-24k,5,0.00043166353966318864,189;674;699;121;694;549;676;854;816;427;772;615;933;233;310;294;526;718;959;533
19440,1000,14590,14.59,6.0,250,0.5458372858122003,1.6039935852158802,79,0.6018016763925552,0.014045370579277268,0.5538840889930725,0.6512252688407898,0.013602729186722989,5,1244096.0,0.3359272930355771,18-24k,5,0.0004295387980612745,898;674;718;816;11;196;404;533;275;172;753;655;687;971;615;137;233;882;643;479
19500,1000,14472,14.472,6.0,265,0.5457739082365948,1.6168914434014678,79,0.6021922708153725,0.012208662698647043,0.5564217567443848,0.6417276263237,0.010331126591343972,5,1247936.0,0.3973529892078205,18-24k,5,0.00042743146183354,505;744;152;493;659;420;889;137;242;959;650;15;165;437;514;861;11;294;694;181
19560,1000,14480,14.48,6.0,273,0.5438372928176796,1.662377333701646,86,0.6015928993821145,0.013315753258093102,0.5561505556106567,0.6458497643470764,0.009754968563952124,5,1251776.0,0.3750937260649199,18-24k,5,0.00040412364287905586,687;889;435;666;331;622;765;650;11;427;659;149;933;221;137;959;3;448;570;100
19620,1000,14750,14.75,6.0,236,0.544264813559322,1.652960839305257,89,0.6010833733677864,0.017327354025312696,0.5548070669174194,0.6576783657073975,0.012717303039269472,5,1255616.0,0.4086460822489339,18-24k,5,0.0004233714661623456,437;231;460;196;753;957;3;938;165;982;797;27;577;505;343;294;448;338;310;913
19680,1000,15266,15.266,7.0,244,0.5378108214332503,1.6155699374511467,87,0.6011601446866989,0.018974427110269518,0.5412545204162598,0.6516343355178833,0.015180875345356013,5,1259456.0,0.38110367173683735,18-24k,5,0.0004213143255003856,181;11;533;460;15;144;242;718;448;744;933;128;809;420;676;655;526;367;549;383
19740,1000,15408,15.408,7.0,231,0.5368768172377986,1.6302252909282506,92,0.600432513475418,0.01848066449273952,0.5335502028465271,0.6569928526878357,0.015346422826341157,5,1263296.0,0.34087490948537247,18-24k,5,0.00041927381974125416,435;427;460;121;720;905;655;772;198;404;172;982;674;744;481;931;383;331;165;11
19800,1000,14672,14.672,6.0,249,0.5451337241003271,1.6145552013492668,84,0.6006863816976548,0.01580188722979433,0.5475577116012573,0.6606464982032776,0.013940926654595138,5,1267136.0,0.3665758775854008,18-24k,5,0.0004172497608306136,172;294;144;71;776;720;388;198;479;427;437;331;816;432;615;744;676;957;898;435
19860,1000,14530,14.53,6.0,266,0.5451242945629731,1.6111600308192493,79,0.6012938335537911,0.012748673113163803,0.5630362033843994,0.6394621133804321,0.011394858143900594,5,1270976.0,0.35557298288045663,18-24k,5,0.00041524196344381713,196;479;650;92;570;128;882;181;950;971;674;933;266;816;152;788;732;310;533;294
19920,1000,14538,14.538,6.0,271,0.5462323565827487,1.5810741513977555,74,0.6030621027350426,0.012146056532733665,0.5685591101646423,0.6397389769554138,0.009507715396231483,5,1274816.0,0.4159273500433946,18-24k,5,0.00039263479038764324,479;287;294;435;659;432;254;577;172;537;416;699;137;448;121;809;481;533;367;177
19980,1000,14326,14.326,6.0,257,0.543410163339383,1.5862585308303903,74,0.6011264927387238,0.014787151099808191,0.5561403632164001,0.644114077091217,0.010946496616910927,5,1278656.0,0.4104486009056004,18-24k,5,0.00041137284143375055,27;711;177;882;427;92;128;460;331;144;3;816;926;659;55;121;671;367;338;655
20040,1000,15258,15.258,7.0,233,0.5364949534670336,1.6249049074308946,88,0.6003047527074814,0.01786489816913498,0.5454662442207336,0.6576225757598877,0.01326256923426812,5,1282496.0,0.3628650004042382,18-24k,5,0.0004094119613472289,694;537;254;809;55;674;882;287;655;460;699;331;718;165;765;971;938;957;152;121
20100,1000,15394,15.394,7.0,224,0.5330422242432117,1.674204220134535,99,0.6011226274371148,0.019383683813192686,0.5318997502326965,0.6535775065422058,0.01506518522707135,5,1286336.0,0.3629367052068416,18-24k,5,0.0004074666365125729,233;177;254;411;718;577;898;189;676;889;533;615;957;287;55;294;913;570;165;109
20160,1000,14842,14.842,7.0,240,0.5416655437272605,1.6075458379998908,82,0.6008339892625809,0.017171310995624828,0.5470897555351257,0.6419791579246521,0.015222990254226826,5,1290176.0,0.3600746792913717,18-24k,5,0.0004055366944231843,165;882;549;505;27;411;128;242;676;376;420;331;55;460;577;221;643;121;172;816
20220,1000,14544,14.544,6.0,264,0.544904290429043,1.6256635780216158,80,0.6013806424736977,0.013332129945447328,0.5574043989181519,0.6448226571083069,0.012575176451996734,5,1294016.0,0.40545018047367243,18-24k,5,0.0004036219650286799,177;100;650;152;776;383;732;905;448;861;659;294;427;889;933;821;181;694;865;479
20280,1000,14556,14.556,6.0,268,0.546347760373729,1.6304072680191135,81,0.6022617124915123,0.012213043777065334,0.5673129558563232,0.6407586932182312,0.010152877855623806,5,1297856.0,0.445011347427609,18-24k,5,0.00039504239554460625,659;570;55;48;954;287;533;152;926;711;549;92;481;765;435;809;655;889;11;165
20340,1000,14458,14.458,6.0,263,0.5439768986028496,1.631637978822332,81,0.6020435706973076,0.013795198195545477,0.5583654046058655,0.6462928056716919,0.010243417475855065,5,1301696.0,0.3951669434667778,18-24k,5,0.0003998687685115263,48;196;505;294;177;254;152;898;711;92;233;870;913;905;957;699;926;479;776;765
20400,1000,14840,14.84,7.0,251,0.5416512129380054,1.6481646684200864,87,0.6013423702120781,0.016522606487639285,0.5529781579971313,0.6501202583312988,0.01213467892204262,5,1305536.0,0.4135637549503084,18-24k,5,0.0003979984368678049,15;913;481;404;287;718;694;367;950;472;526;435;854;816;674;732;221;933;870;233
20460,1000,15292,15.292,7.0,247,0.5344901909495161,1.648014296828011,90,0.6003841288685798,0.018894762006874267,0.5311649441719055,0.6591648459434509,0.014787923959933716,5,1309376.0,0.4199185164686597,18-24k,5,0.00039614266409748234,367;821;772;60;266;650;959;420;338;481;448;383;692;242;128;181;776;294;938;310
20520,1000,15118,15.118,7.0,245,0.5398989284296866,1.6595662816081609,93,0.5998665354847909,0.018123955751163826,0.5474861264228821,0.6592607498168945,0.015063282643647756,5,1313216.0,0.3485458605385862,18-24k,5,0.00039430129177086474,938;889;71;913;481;92;460;310;437;448;435;55;549;416;898;128;659;121;676;210
20580,1000,14472,14.472,6.0,267,0.5445138197899392,1.6190119485276302,80,0.6008831452727318,0.01538891582018232,0.5502945780754089,0.6460591554641724,0.013399007564920143,5,1317056.0,0.37286893799017556,18-24k,5,0.00039247416367185935,233;172;718;809;577;788;687;816;266;153;505;882;732;383;913;48;198;109;92;765
20640,1000,14414,14.414,6.0,291,0.5450235881781601,1.6167101661897298,76,0.6018384653329849,0.01308266907604339,0.5568114519119263,0.639299213886261,0.011070204271734132,5,1320896.0,0.37461246343183985,18-24k,5,0.00037117091379996824,310;982;481;913;242;15;938;577;926;526;404;460;570;809;694;254;48;55;957;198
20700,1000,14326,14.326,6.0,270,0.5439750104704733,1.6049047098314406,75,0.6021515311002731,0.012633569088281067,0.5541442036628723,0.6383365988731384,0.01036742265185344,5,1324736.0,0.3949283279710245,18-24k,5,0.0003501370843344618,718;287;711;655;152;376;537;181;128;479;666;55;196;809;331;367;11;198;549;772
20760,1000,14462,14.462,6.0,248,0.5437990596044807,1.6636303036702265,87,0.6008161872029304,0.015696819643492142,0.5489431023597717,0.6530992388725281,0.011477108557399496,5,1328576.0,0.43542060784520115,18-24k,5,0.00038090248361265125,460;221;233;149;472;144;181;910;622;165;404;671;432;287;720;898;121;744;137;411
20820,1000,15262,15.262,7.0,239,0.5360234569519067,1.615332012144175,86,0.6010742844343185,0.018091359881704804,0.5443768501281738,0.6512613892555237,0.014041763398675373,5,1332416.0,0.388749440605974,18-24k,5,0.0003855993819376602,650;411;950;971;549;765;720;367;861;196;420;331;55;776;266;404;744;128;11;210
20880,1000,15314,15.314,7.0,247,0.5353139610813634,1.6260423973778928,89,0.6003776352405548,0.01875612463506161,0.5464562773704529,0.6600346565246582,0.015244443469180365,5,1336256.0,0.3465662321852343,18-24k,5,0.0003838389674619679,100;210;233;493;882;310;331;537;432;570;448;181;772;671;959;659;905;338;809;3
20940,1000,14622,14.622,6.0,245,0.5437164546573656,1.6131491320867304,81,0.6013350830674171,0.016995481412141168,0.5473276376724243,0.6580199003219604,0.014745848605981486,5,1340096.0,0.3386909635915742,18-24k,5,0.00038209192815094774,196;310;715;938;570;694;3;959;198;772;882;404;448;137;15;60;435;533;957;172
21000,1000,14476,14.476,6.0,258,0.5445154738878143,1.6213655487926522,78,0.6013042815327644,0.013338984057632878,0.5636784434318542,0.6380574703216553,0.01237501809517884,5,1343936.0,0.37793089912709665,18-24k,5,0.0003677073130486469,294;659;776;671;149;448;957;15;816;882;615;55;210;533;152;587;854;699;420;732
21060,1000,14366,14.366,6.0,270,0.5448799944312962,1.609911662645071,75,0.6014804649353027,0.012045501087813503,0.5623023509979248,0.6379936337471008,0.009931408732937743,5,1347776.0,0.41550593335392116,18-24k,5,0.00029678947314582525,816;674;537;493;666;615;48;711;266;144;294;11;732;809;933;479;189;718;128;926
21120,1000,14450,14.45,6.0,257,0.5441116955017301,1.6582340214923752,84,0.6015796927213669,0.014340604586625694,0.5595663189888,0.6416941285133362,0.010355851681605592,5,1351616.0,0.3841067699122709,18-24k,5,0.00033969647225433493,711;196;448;221;338;570;128;549;198;411;266;776;294;655;720;435;615;493;687;310
21180,1000,15032,15.032,7.0,260,0.5404555614688663,1.6346814678298833,87,0.6005094744563103,0.01796188123181089,0.544895350933075,0.6611626148223877,0.013718102718548363,5,1355456.0,0.3734856534121513,18-24k,5,0.0003758264895497062,889;718;266;338;254;392;898;460;287;982;570;11;938;189;294;854;210;950;533;48
21240,1000,15234,15.234,7.0,248,0.5324264145989235,1.632134679074806,88,0.600161360681057,0.019276908831862498,0.546217143535614,0.6510673761367798,0.015485088698206109,5,1359296.0,0.3977250194810857,18-24k,5,0.0003741398092070088,711;338;718;533;437;622;861;772;165;938;631;493;427;172;3;189;294;109;898;100
21300,1000,14970,14.97,7.0,243,0.5409273213092851,1.6026841256760498,81,0.6019361283779144,0.017969436019555234,0.5374625325202942,0.6526459455490112,0.015258909259580539,5,1363136.0,0.3627312518812419,18-24k,5,0.00037246572631459575,71;718;331;367;479;165;537;959;933;310;854;816;711;404;55;294;11;435;266;687
21360,1000,14346,14.346,6.0,272,0.5431739857800084,1.6595618027081653,82,0.6009688816070556,0.014903377708494118,0.5484801530838013,0.6501761078834534,0.01363935582849074,5,1366976.0,0.349315697439393,18-24k,5,0.00037080410934181373,913;809;526;55;137;196;198;331;957;959;60;982;3;882;165;765;310;816;643;181
21420,1000,14360,14.36,6.0,269,0.5442435933147634,1.6124628054820427,76,0.6022989077568054,0.01266895550369807,0.5662388801574707,0.6415517330169678,0.010917591184611969,5,1370816.0,0.3900684682313652,18-24k,5,0.0003384546213809241,266;165;676;172;448;687;971;926;437;411;481;196;287;338;674;809;331;655;198;55
21480,1000,14450,14.45,6.0,261,0.5440737716262976,1.6188902023736307,78,0.6024956330060959,0.013066826943126292,0.5627689957618713,0.6447321176528931,0.009813021823385983,5,1374656.0,0.3955667589150676,18-24k,5,0.00031872742978893815,720;479;659;687;505;435;128;650;982;460;913;676;404;816;48;137;376;15;526;367
21540,1000,14610,14.61,6.0,247,0.5435860369609856,1.5827001636097477,76,0.6009236619472503,0.015895833700770724,0.5435620546340942,0.6558278203010559,0.01157979596133603,5,1378496.0,0.3322487775270948,18-24k,5,0.0003662438273112796,694;137;933;331;493;221;383;448;982;926;128;420;687;48;674;650;437;254;537;570
21600,1000,15188,15.188,7.0,234,0.5352987885172504,1.6355737992510135,88,0.6003966361284256,0.01896546548216171,0.5394552946090698,0.6534715294837952,0.014476277820059705,5,1382336.0,0.41171237777693714,18-24k,5,0.00036462821332285263,788;526;71;55;643;493;196;479;420;435;718;854;776;181;152;587;615;765;898;437
21660,1000,15244,15.244,7.0,248,0.5353311466806613,1.6940254188594777,97,0.6009800867438316,0.018542904913433245,0.5410701632499695,0.66230309009552,0.015646042486236664,5,1386176.0,0.35024312990360557,18-24k,5,0.0003630244599898335,854;659;898;765;655;242;938;982;109;71;699;788;287;570;416;172;221;153;861;254
21720,1000,14620,14.62,6.0,241,0.5434800273597812,1.6186993184741991,82,0.6005936822295189,0.015664596655820484,0.5558666586875916,0.6470304727554321,0.014115589341944046,5,1390016.0,0.40060827653472303,18-24k,5,0.0003614324455888973,437;854;481;533;516;128;420;460;643;198;776;3;27;338;674;711;720;926;165;549
21780,1000,14394,14.394,6.0,264,0.5440391829929138,1.6331033132222483,79,0.6022021018862724,0.013366061901452704,0.5635383129119873,0.6414769291877747,0.01171006790148299,5,1393856.0,0.36032653562882305,18-24k,5,0.0003418968042435543,650;435;674;198;3;549;643;772;898;699;448;165;254;816;765;196;11;367;221;788
21840,1000,14368,14.368,6.0,262,0.543695434298441,1.5807639201937587,71,0.6023097440600396,0.012307616650922315,0.5641091465950012,0.6355918049812317,0.009945081478113196,5,1397696.0,0.37829776462953296,18-24k,5,0.00032259549651313747,505;788;109;198;11;870;854;765;933;889;744;694;914;526;266;643;242;732;631;913
21900,1000,14488,14.488,6.0,267,0.5439733572611817,1.6309219341503054,79,0.6010406803488731,0.014852442684563278,0.5469384789466858,0.6411777138710022,0.01075363970007853,5,1401536.0,0.41821940345213987,18-24k,5,0.00032133253616470245,982;287;913;48;505;676;27;198;310;121;172;55;718;448;331;294;971;809;674;165
21960,1000,15072,15.072,7.0,253,0.5394754511677282,1.6505825308043058,90,0.6004450345039367,0.018218421588752507,0.5478864312171936,0.6555102467536926,0.014018362966474492,5,1405376.0,0.37449314363091535,18-24k,5,0.0003555649093895618,659;950;776;181;165;331;655;416;448;294;233;889;172;479;376;643;121;720;55;537
22020,1000,15406,15.406,7.0,234,0.5354277554199662,1.6107248103835978,87,0.5993133816719055,0.01910313742104702,0.528270959854126,0.6576740145683289,0.015214661274585787,5,1409216.0,0.34513505288901025,18-24k,5,0.00035402704117815315,694;882;854;3;427;448;165;420;772;537;460;699;121;655;481;196;898;809;388;376
22080,1000,15148,15.148,7.0,235,0.5388986004753104,1.6072292062221178,85,0.5997135930657387,0.01764317071426258,0.539096474647522,0.6558038592338562,0.015432642595661912,5,1413056.0,0.39388425894385437,18-24k,5,0.000352500242336015,11;479;674;404;718;549;198;631;933;331;92;348;435;720;676;55;172;914;950;587
22140,1000,14638,14.638,6.0,253,0.5453702691624539,1.6277051177129136,83,0.6014789438843727,0.014111869782570213,0.5633699893951416,0.6430432796478271,0.01297399352628706,5,1416896.0,0.37667480118258184,18-24k,5,0.0003509844014799151,788;437;481;71;189;493;15;957;577;210;165;889;959;674;310;687;294;11;938;460
22200,1000,14510,14.51,6.0,255,0.5451944865609923,1.6074659106523281,78,0.6026196497678756,0.012312037993983385,0.5695116519927979,0.6393159031867981,0.010427935722225171,5,1420736.0,0.34322690427176594,18-24k,5,0.0003436670262213418,816;493;577;448;957;772;479;437;27;254;310;331;655;420;416;165;242;898;121;643
22260,1000,14382,14.382,6.0,265,0.5441788346544292,1.5963224280629769,75,0.6022168821692466,0.013274543223165281,0.5585256814956665,0.6481193900108337,0.010004924317476583,5,1424576.0,0.39912599410735544,18-24k,5,0.00030169460483928703,437;55;718;383;48;570;242;926;643;181;913;294;388;152;15;128;671;331;788;254
22320,1000,14756,14.756,7.0,248,0.5432294659799404,1.6567200214307674,90,0.600711431145668,0.016691652347972298,0.5339243412017822,0.6471253633499146,0.01240355710253061,5,1428416.0,0.4408945189443443,18-24k,5,0.0003467234039416311,460;744;671;910;957;889;687;448;650;732;367;674;898;266;631;537;655;27;392;854
22380,1000,15358,15.358,7.0,241,0.5345987758822764,1.6234796037908041,90,0.6000683441162109,0.018394048827669332,0.5472272634506226,0.6546006798744202,0.014214510083626805,5,1432256.0,0.39125543522837125,18-24k,5,0.00034524873733511325,152;913;404;137;294;435;55;479;233;196;931;674;448;659;687;898;409;718;854;711
22440,1000,15400,15.4,7.0,225,0.5326096103896104,1.6168236971832473,89,0.5998299248218536,0.019802121303676107,0.5420931577682495,0.6559426784515381,0.015710186170381335,5,1436096.0,0.31117996398858483,18-24k,5,0.00034378450851145644,189;950;913;957;526;55;435;221;233;505;287;472;674;152;479;3;196;788;242;27
22500,1000,16980,16.98,8.0,165,0.5011312131919906,1.6620053655395783,126,0.5987618895769119,0.015551577508575025,0.5510205626487732,0.6522019505500793,0.014632661087397907,5,1439936.0,0.3520299563037471,18-24k,5,0.00024416520807902007,193;561;526;39;950;659;631;15;655;926;448;711;587;392;404;153;137;348;533;889
22560,1000,20930,20.93,11.0,109,0.43575203057811757,1.8748675556099266,286,0.5994657582640648,0.012528681770274703,0.560544490814209,0.6376581788063049,0.011852366638650275,5,1443776.0,0.4719670114858754,18-24k,5,0.002652551155021599,556;792;426;446;569;821;719;781;797;94;855;936;274;759;589;687;626;676;171;256
22620,1000,21078,21.078,11.0,101,0.4364010816965557,1.8427224682321683,273,0.599294212281704,0.011984485203218374,0.5604721903800964,0.6385806798934937,0.009909368778619598,5,1447616.0,0.39826861605676506,18-24k,5,0.002896477876602351,12;387;910;354;707;186;286;810;114;640;80;786;594;985;525;434;111;818;460;883
22680,1000,21152,21.152,11.0,107,0.44110344175491684,1.8180552241775576,260,0.5998302835226059,0.01659627804111605,0.5479418039321899,0.6441651582717896,0.012498070045320267,5,1451456.0,0.42371997266655886,18-24k,5,0.0025990918305363424,593;56;791;400;228;237;365;520;710;808;601;577;763;893;902;741;89;450;135;158
22740,1000,21038,21.038,11.0,106,0.44549862154197173,1.8072379916731716,247,0.5989954117536544,0.01920404836273613,0.5364722609519958,0.653863251209259,0.015045518429638825,5,1455296.0,0.4323461584293177,18-24k,5,0.002670206611957617,397;542;156;11;673;388;892;664;355;132;130;549;170;463;599;141;317;529;752;167
22800,1000,20994,20.994,11.0,103,0.4428934933790607,1.8252621189007188,258,0.5988446145057679,0.01832664077777884,0.5380221605300903,0.6519719958305359,0.01556147600767824,5,1459136.0,0.4352081089167041,18-24k,5,0.0026312654863994357,819;229;343;946;350;192;749;436;494;159;911;325;937;15;218;401;485;691;87;46
22860,1000,20968,20.968,11.0,104,0.4398082792827165,1.8453412615112248,269,0.6001888926625252,0.014157842495832977,0.5502080917358398,0.6432216763496399,0.013667743255868947,5,1462976.0,0.42413394597720155,18-24k,5,0.002476070196406411,534;179;444;605;918;543;757;695;97;7;357;688;603;242;2;566;824;177;914;905
22920,1000,21098,21.098,11.0,105,0.43738487060384873,1.8353368154982324,273,0.6001887367367744,0.011539397913123773,0.5634053349494934,0.6312668323516846,0.01084409376672578,5,1466816.0,0.42139821015170476,18-24k,5,0.0027098463989123616,827;509;191;314;523;679;454;672;377;627;635;283;770;317;312;845;15;30;297;211
22980,1000,14428,14.428,6.0,280,0.5439582755752703,1.583339879785367,73,0.6011733563542366,0.01386036065700937,0.5504433512687683,0.6505979895591736,0.010647862884808092,5,1470656.0,0.5063488162527747,18-24k,5,0.00024041480996663935,460;687;655;137;55;242;294;479;699;221;152;376;816;938;448;210;310;254;577;181
23040,1000,14794,14.794,7.0,248,0.5400892253616331,1.6332192833225718,84,0.6010436339378357,0.017550883503484795,0.5452247262001038,0.646932065486908,0.013011589092826853,5,1474496.0,0.3765077828764715,18-24k,5,0.00036018397144207747,189;971;570;55;411;367;152;889;732;694;210;27;549;720;577;294;48;776;809;816
23100,1000,15334,15.334,7.0,239,0.5332682926829269,1.6208031872156121,87,0.600362095296383,0.018761620805249193,0.5346004366874695,0.6542415022850037,0.015352865880413541,5,1478336.0,0.38358882944591877,18-24k,5,0.0003586912329437176,650;816;982;177;910;254;861;971;427;376;121;933;926;144;331;715;809;671;420;905
23160,1000,14952,14.952,7.0,246,0.5407740770465489,1.6128822441966655,83,0.6019295989871025,0.01768929878178264,0.5492336750030518,0.6573388576507568,0.01559883678080383,5,1482176.0,0.35923657005801013,18-24k,5,0.00035720879495028954,718;411;926;210;933;48;711;92;744;650;765;674;404;549;3;310;481;27;479;861
23220,1000,14360,14.36,6.0,251,0.5434452646239554,1.6045257924169005,77,0.601263502240181,0.01426455050669498,0.5614820718765259,0.6444721221923828,0.013344529202135656,5,1486016.0,0.4040770217850574,18-24k,5,0.0003557365580492517,172;854;577;959;493;910;420;367;537;71;650;11;437;526;338;149;411;516;3;533
23280,1000,14340,14.34,6.0,265,0.5437933054393306,1.635243187143471,78,0.601708555996418,0.012754678465052361,0.5620428919792175,0.6416634321212769,0.010886010772971657,5,1489856.0,0.40573417126429673,18-24k,5,0.0003189124923938772,189;549;92;416;331;460;577;694;11;55;676;954;910;221;481;404;479;957;889;950
23340,1000,14408,14.408,6.0,261,0.5450855080510828,1.6171287936721055,76,0.6015777621269226,0.013532458746928001,0.5576416254043579,0.6371634602546692,0.010246686952060012,5,1493696.0,0.41119101025487587,18-24k,5,0.0003236083986412679,954;404;15;671;388;172;676;776;149;959;854;479;198;971;674;982;659;720;687;432
23400,1000,14514,14.514,6.0,244,0.5435022736668045,1.6235273185436987,82,0.6009284647107125,0.016371259311464353,0.5511969923973083,0.6519711017608643,0.012647207712250549,5,1497536.0,0.37307947207639663,18-24k,5,0.0003457947977795846,144;181;718;479;15;570;666;172;331;537;388;549;149;861;505;913;404;650;889;732
23460,1000,15278,15.278,7.0,247,0.5343445477156696,1.6192475651657925,87,0.6000131620168686,0.01871399369615782,0.5381038188934326,0.6544895768165588,0.014592431339699691,5,1501376.0,0.41255017301821234,18-24k,5,0.00035023337557504077,472;36;537;854;448;181;152;650;177;376;460;198;196;48;870;11;732;694;582;558
23520,1000,15244,15.244,7.0,232,0.5354350564156389,1.6104929984568235,86,0.6014534109830856,0.019484749998919616,0.5296827554702759,0.6590678095817566,0.016275523522723934,5,1505216.0,0.4094594950393315,18-24k,5,0.00034880875842639334,404;788;92;181;144;622;744;165;367;121;432;666;577;152;870;816;479;128;631;533
23580,1000,14498,14.498,6.0,256,0.5435861498137674,1.6508698863160913,87,0.6009516077041626,0.01605795551650248,0.5447559356689453,0.6471931338310242,0.014554406797339986,5,1509056.0,0.34812444304452417,18-24k,5,0.00034739378950185776,905;861;435;193;432;55;427;643;910;671;165;128;933;889;121;687;493;144;816;776
23640,1000,14360,14.36,6.0,276,0.5450853760445682,1.6128906491055321,76,0.6017743725180625,0.013243843568505805,0.5644596815109253,0.6402995586395264,0.012170923147038491,5,1512896.0,0.3483279860704193,18-24k,5,0.0003459883774118463,144;152;294;427;435;505;193;149;643;100;210;376;27;388;48;809;165;11;348;137
23700,1000,14360,14.36,6.0,273,0.5438557103064068,1.6221563780948287,78,0.6021285696029663,0.01295579238763733,0.5645315647125244,0.6393660306930542,0.01004171498716417,5,1516736.0,0.4166002891117752,18-24k,5,0.0003273958191849786,854;957;913;533;193;744;687;732;181;210;172;809;889;92;411;233;189;671;3;711
23760,1000,14398,14.398,6.0,249,0.5438670648701209,1.6377051564888294,82,0.6011484792232513,0.014336814153525454,0.5484567880630493,0.6477430462837219,0.010954842044739425,5,1520576.0,0.39892854952889767,18-24k,5,0.00033756503688843454,181;11;954;404;196;338;674;957;388;577;149;816;671;137;479;420;165;659;898;533
23820,1000,15132,15.132,7.0,233,0.5391250330425588,1.641172229234673,89,0.6008990477919579,0.0182649498089705,0.5469716191291809,0.6540884971618652,0.01333843881331999,5,1524416.0,0.3951273202179798,18-24k,5,0.00034192011617589763,699;71;505;153;11;221;137;196;744;165;310;15;392;493;889;181;765;587;898;481
23880,1000,15306,15.306,7.0,236,0.5338056971122436,1.6083287095729903,86,0.601478013753891,0.019432510284752458,0.534361720085144,0.6516554355621338,0.015749848895137395,5,1528256.0,0.39577278652882514,18-24k,5,0.00034055142872440355,526;711;338;772;181;718;577;816;533;104;570;411;367;889;48;100;650;913;479;242
23940,1000,14986,14.986,7.0,235,0.5447082610436408,1.6309123262200456,88,0.600010161459446,0.017025253050150353,0.5423203110694885,0.6529541015625,0.01502253753240475,5,1532096.0,0.3795512206480604,18-24k,5,0.0003391918632124184,711;479;152;310;870;435;404;472;694;196;549;121;933;165;570;772;788;744;189;526
24000,1000,14428,14.428,6.0,273,0.5444507901303023,1.6010994774200875,77,0.6010052903890609,0.01423325996108194,0.5565180778503418,0.6501525640487671,0.012896219394378407,5,1535936.0,0.40416686117240314,18-24k,5,0.0003322216640205672,788;266;411;100;655;938;198;310;416;92;435;533;432;959;776;549;694;383;615;718
24060,1000,14332,14.332,6.0,275,0.5442405805191182,1.6184189694554,75,0.6027175724506378,0.012268015471025535,0.5662106871604919,0.6414828300476074,0.010658355415595613,5,1539776.0,0.390586095449066,24-30k,5,0.0002917296422764041,971;772;55;92;165;933;233;411;210;128;533;854;11;137;404;898;732;254;938;338
24120,1000,14440,14.44,6.0,285,0.5444206371191135,1.5976799271654947,75,0.6017694430947303,0.013900914080731873,0.5405496954917908,0.6448105573654175,0.010331355980455204,5,1543616.0,0.4363958061326216,24-30k,5,0.00026839941721191053,388;570;671;11;196;479;27;294;121;310;699;674;666;149;577;505;437;416;744;926
24180,1000,14706,14.706,7.0,235,0.5426205630354957,1.6107494908892446,81,0.6013170744180679,0.017051665604873874,0.550785481929779,0.6549732089042664,0.012850532177279324,5,1547456.0,0.37828595633609446,24-30k,5,0.00033430551191666386,971;809;549;331;411;816;11;493;776;938;643;121;676;437;481;152;898;287;505;172
24240,1000,15334,15.334,7.0,232,0.5346329724794574,1.6476800330678265,91,0.6013632118701935,0.019887155390922697,0.5438606142997742,0.655738115310669,0.015451727684316905,5,1551296.0,0.3879411876647005,24-30k,5,0.0003329872625810831,3;343;950;854;181;479;165;676;493;711;537;472;71;765;809;772;732;788;196;404
24300,1000,15202,15.202,7.0,247,0.5366404420470989,1.6966772497048905,99,0.6000565543174744,0.01808272722861229,0.5439325571060181,0.6551020741462708,0.015916468530097334,5,1555136.0,0.38072637550166366,24-30k,5,0.00033167766791175195,816;615;809;898;982;11;177;694;687;570;526;516;254;933;650;294;152;676;221;957
24360,1000,14440,14.44,6.0,261,0.5447720221606649,1.6171368205148424,80,0.6014640795588493,0.015774559138971814,0.5422766208648682,0.6471925973892212,0.01433651328939636,5,1558976.0,0.38693460852491185,24-30k,5,0.00033037664844062754,420;481;718;189;889;971;144;233;71;643;776;331;472;570;367;448;3;11;242;622
24420,1000,14262,14.262,6.0,295,0.5438942644790352,1.6083407457995165,74,0.6013984734416008,0.01288952272610589,0.5642229914665222,0.6433337926864624,0.011617377268350838,5,1562816.0,0.3435258161978687,24-30k,5,0.00030170961017445013,526;570;210;971;331;493;376;15;233;950;732;92;420;11;310;144;674;338;48;128
24480,1000,14416,14.416,6.0,275,0.5455778301886792,1.6095226407229704,77,0.6022005142569542,0.012565263907761134,0.5647087693214417,0.6411437392234802,0.009836686263941867,5,1566656.0,0.32897312353225483,24-30k,5,0.0003006300201311306,666;898;11;416;411;172;144;27;732;460;92;699;189;577;938;570;650;493;3;950
24540,1000,14538,14.538,6.0,252,0.5445251066171413,1.6352656993769519,84,0.6020321243405342,0.014952616898994516,0.5607998967170715,0.6417582035064697,0.011186488651742928,5,1570496.0,0.45808327509223357,24-30k,5,0.0003158655897151421,128;889;214;411;388;975;453;687;931;152;149;432;736;913;957;196;715;910;367;671
24600,1000,15180,15.18,7.0,253,0.5355143610013176,1.6504980108061158,90,0.5999757400751113,0.01855786380333081,0.5324896574020386,0.6521588563919067,0.01389424720419217,5,1574336.0,0.4486679835291257,24-30k,5,0.0003255096069436969,27;505;3;959;55;472;650;437;481;699;416;659;310;198;338;266;460;294;549;577
24660,1000,15358,15.358,7.0,229,0.5354668576637582,1.6525836280723871,93,0.5997053698897362,0.01934237366918556,0.5342286229133606,0.658534586429596,0.01627432030979356,5,1578176.0,0.34436857524106407,24-30k,5,0.0003242486713989784,655;416;933;938;481;533;694;957;121;950;294;959;460;882;367;982;711;104;376;170
24720,1000,14750,14.75,7.0,257,0.543342779661017,1.644699734782377,86,0.6005348244309425,0.01628381488594141,0.5527307987213135,0.647817850112915,0.015021170281332447,5,1582016.0,0.33252153728740125,24-30k,5,0.0003229958682006866,448;376;788;121;854;971;196;950;137;338;48;128;411;615;435;533;933;189;655;198
24780,1000,14406,14.406,6.0,271,0.5448249340552548,1.6285334997602599,79,0.6016662575006485,0.013380485870070166,0.5616520047187805,0.6384092569351196,0.01239949633245644,5,1585856.0,0.38352916886520116,24-30k,5,0.00030569300714428733,128;189;152;711;404;959;933;913;55;71;718;889;193;666;882;816;957;338;254;577
24840,1000,14248,14.248,6.0,293,0.5437153284671533,1.5981393717579522,72,0.6021095138192177,0.011934127199299205,0.5653174519538879,0.6428064703941345,0.010014259547525217,5,1589696.0,0.38524198753500066,24-30k,5,0.000256559404585561,674;957;420;659;533;404;331;100;189;816;48;233;718;3;788;671;643;772;71;493
24900,1000,14388,14.388,6.0,277,0.5441574923547401,1.6539965777932082,83,0.6019537529349327,0.014016151489544932,0.5567329525947571,0.6482128500938416,0.01028006739334999,5,1593536.0,0.3831087987739634,24-30k,5,0.0002717313518200463,338;533;181;55;210;420;128;772;718;650;933;479;732;615;694;15;905;659;809;287
24960,1000,14768,14.768,7.0,244,0.5419507042253522,1.6462195509649857,86,0.6011794323921203,0.01736182935977266,0.5533058047294617,0.6574950814247131,0.012881099392857658,5,1597376.0,0.4100180984348729,24-30k,5,0.00031325277624517787,448;411;479;674;809;427;432;505;954;913;788;938;100;926;198;776;437;933;655;338
25020,1000,15372,15.372,7.0,242,0.5338908404892011,1.6625134432596618,94,0.6005487868189812,0.019410239809162507,0.5437707304954529,0.6606335043907166,0.015276142649290048,5,1601216.0,0.36923691072329223,24-30k,5,0.0003173558696200674,666;144;15;189;48;493;55;479;861;982;294;898;196;718;687;254;92;242;776;809
25080,1000,15132,15.132,7.0,237,0.5391612476870209,1.6630996811692496,92,0.6006447685956955,0.018069748478165684,0.5388805866241455,0.6610948443412781,0.016152094316970674,5,1605056.0,0.3958628935179511,24-30k,5,0.00031614714745332876,411;493;15;287;720;889;715;48;165;27;435;537;882;772;938;732;481;957;152;294
25140,1000,14338,14.338,6.0,259,0.5434530617938347,1.5768240506679705,72,0.6017661529779434,0.015091795022815303,0.5583794116973877,0.6465573310852051,0.013552787105979245,5,1608896.0,0.40666958909000017,24-30k,5,0.00031494609000633065,854;420;3;165;926;957;181;472;913;189;172;898;720;376;137;310;437;435;128;383
25200,1000,14368,14.368,6.0,276,0.5451884743875278,1.642912072891051,80,0.6017072746753692,0.012455163181751357,0.5628148913383484,0.6390954256057739,0.01104973533320312,5,1612736.0,0.39938125933949215,24-30k,5,0.00026676552187633894,666;383;15;622;338;674;48;898;432;11;676;100;149;718;287;659;460;181;643;650
25260,1000,14402,14.402,6.0,255,0.5449945840855437,1.6047352179237477,76,0.6024413123726845,0.012753205224276625,0.5669103860855103,0.6524609327316284,0.009830987168629943,5,1616576.0,0.40383317241620603,24-30k,5,0.00027111321240279405,537;435;718;676;882;294;938;242;11;367;55;172;933;177;650;889;854;254;744;196
25320,1000,15138,15.138,7.0,224,0.5433555291319858,1.64018221460956,94,0.6014542786478996,0.01596219249619676,0.5547773838043213,0.6452444195747375,0.011849414418218948,5,1620416.0,0.31670211554470334,24-30k,5,0.00029616323088434203,165;938;957;435;971;659;854;55;655;210;11;331;643;505;982;15;479;720;338;577
25380,1000,15834,15.834,7.0,212,0.5347151698875837,1.6691467688998682,106,0.6000101416707039,0.0193012630667421,0.5417738556861877,0.6632251143455505,0.014857596321182087,5,1624256.0,0.3333173618428263,24-30k,5,0.00031060669843811333,472;854;210;655;650;233;128;570;809;882;772;776;460;481;48;411;833;744;152;331
25440,1000,15842,15.842,7.0,236,0.5327698522913773,1.6294020589982647,99,0.5998188942670822,0.019078205974796432,0.5351924300193787,0.6577350497245789,0.016156652417234168,5,1628096.0,0.35137477760903335,24-30k,5,0.00030944052330692445,674;643;259;92;957;889;542;20;913;152;411;331;718;196;781;420;537;479;435;498
25500,1000,20718,20.718,10.0,119,0.4383925089294333,1.8635051083243022,273,0.5995079461932182,0.01601897218786101,0.5531259179115295,0.6494967341423035,0.014781912033833486,5,1631936.0,0.4433046267801808,24-30k,5,0.0015503000552851615,503;39;472;121;622;264;954;111;327;488;498;905;537;177;731;753;82;994;249;671
25560,1000,21094,21.094,11.0,108,0.4390841945576941,1.8289769770818496,269,0.6001906574368477,0.01198544423073702,0.558509349822998,0.6376648545265198,0.011712790167329696,5,1635776.0,0.42218855803636957,24-30k,5,0.0023287324186321875,729;166;17;312;857;927;949;170;190;674;689;175;331;996;953;634;204;636;350;185
25620,1000,21066,21.066,11.0,104,0.4378276844203931,1.8449292559161066,274,0.6002569627165795,0.012339729572201029,0.5650508999824524,0.6393238306045532,0.010089193975911678,5,1639616.0,0.41601612375545766,24-30k,5,0.002606835610221214,271;439;641;231;29;597;326;22;604;141;269;165;376;417;531;515;758;250;408;93
25680,1000,21066,21.066,11.0,109,0.4420550650337036,1.8068060744537657,255,0.599955151617527,0.01696583670713923,0.5487265586853027,0.6469098329544067,0.012209446081841114,5,1643456.0,0.41359567466703967,24-30k,5,0.002244594360659508,755;57;554;729;8;806;150;316;484;866;920;216;354;270;674;691;482;434;974;774
25740,1000,21044,21.044,11.0,103,0.4439607489070519,1.7628562656809357,239,0.5997115979790688,0.019520237171711932,0.5434742569923401,0.6619999408721924,0.015194415722084522,5,1647296.0,0.42774119643485625,24-30k,5,0.002256075576953482,801;585;817;811;128;109;807;2;894;287;835;495;490;442;17;191;922;611;134;770
25800,1000,21072,21.072,11.0,105,0.44183570615034173,1.8146306024387167,256,0.5991745281219483,0.0176052157308091,0.5415821671485901,0.6603207588195801,0.015261424196885217,5,1651136.0,0.4312228310364338,24-30k,5,0.002228633111213609,976;428;323;332;795;777;435;939;218;113;60;279;875;932;832;353;96;363;391;38
25860,1000,21034,21.034,11.0,101,0.43691404392887706,1.84867249723655,276,0.5994926372170448,0.013232053556876707,0.5585027933120728,0.6444560885429382,0.012864391386895388,5,1654976.0,0.41502522436593964,24-30k,5,0.002192576908123402,398;133;51;685;463;367;549;465;32;907;238;980;526;571;848;841;673;574;446;812
25920,1000,21168,21.168,11.0,111,0.4354009826152683,1.8499584751338602,281,0.599447740316391,0.011016314679979227,0.5642386674880981,0.6359261274337769,0.009949888448588897,5,1658816.0,0.4206157181464789,24-30k,5,0.002221386213009203,262;815;591;895;959;947;147;194;276;821;464;167;790;705;192;365;259;426;704;476
25980,1000,21072,21.072,11.0,117,0.4416623006833713,1.8029221961083755,254,0.6003626239299774,0.015422648076235052,0.5554900765419006,0.6532402038574219,0.011174323639287147,5,1662656.0,0.41443868037880605,24-30k,5,0.002112133929127534,355;36;265;834;583;53;882;586;976;407;578;288;349;448;773;0;651;435;385;794
26040,1000,21112,21.112,11.0,115,0.4409118037135279,1.7919687135078128,252,0.5996443862318993,0.01948768125753829,0.539579451084137,0.6538249850273132,0.014382345196669052,5,1666496.0,0.40222899913594934,24-30k,5,0.0021328989821481365,678;551;408;712;995;869;353;579;681;429;497;600;492;954;529;513;516;809;425;997
26100,1000,21020,21.02,11.0,106,0.44285280685061845,1.7940825000792922,247,0.6002564835548401,0.01830016941760403,0.5471481084823608,0.6555708050727844,0.01586771183964325,5,1670336.0,0.4132435021565669,24-30k,5,0.002136130698347375,398;482;799;458;111;148;209;517;530;415;412;128;338;153;854;509;871;212;774;553
26160,1000,21044,21.044,11.0,102,0.43875584489640757,1.834104613998995,269,0.599596443772316,0.015005996881285608,0.5538885593414307,0.6423596739768982,0.014191911836741391,5,1674176.0,0.4214836130313454,24-30k,5,0.0020498098864790656,423;538;847;122;922;334;917;100;40;114;432;170;374;73;231;903;159;700;984;168
26220,1000,21106,21.106,11.0,121,0.4368944376006823,1.8397573890418601,275,0.5994751520752907,0.011203835919544585,0.5643560290336609,0.6368197798728943,0.010967539672594154,5,1678016.0,0.41925667309906867,24-30k,5,0.0020778821250661064,185;699;599;648;178;579;866;314;282;343;246;913;955;513;495;905;331;417;119;483
26280,1000,21072,21.072,11.0,111,0.4393680713743356,1.8508741481698832,275,0.6001762237548828,0.013367913619483926,0.5471136569976807,0.6413653492927551,0.010264974133589844,5,1681856.0,0.4208335272799011,24-30k,5,0.0020541167105514848,58;446;834;37;151;1;186;216;776;430;222;388;701;775;93;457;571;562;666;431
26340,1000,21046,21.046,11.0,114,0.4435293167347714,1.7847885192556803,246,0.6001011908650399,0.01777407150242782,0.5398057103157043,0.6504852771759033,0.012857542569312413,5,1685696.0,0.4276776279723287,24-30k,5,0.002002353159727032,234;395;283;638;63;657;138;145;140;674;475;728;227;502;170;651;0;703;219;329
26400,1000,20940,20.94,11.0,110,0.4421600764087871,1.8252621984057702,256,0.6003862231373787,0.019154032009096246,0.5471588969230652,0.6495980024337769,0.01545967717051964,5,1689536.0,0.4327352618705143,24-30k,5,0.0020281046898872604,941;679;961;519;718;415;180;509;674;141;230;763;210;493;659;58;736;707;276;54
26460,1000,20920,20.92,11.0,107,0.44116644359464624,1.8385269238771396,265,0.5987513317465782,0.016146893303888177,0.5493956208229065,0.6520296931266785,0.01452433492507173,5,1693376.0,0.4216693438674488,24-30k,5,0.0020065452789894194,367;780;240;567;785;924;493;14;302;179;31;370;566;145;273;656;754;344;68;963
26520,1000,21136,21.136,11.0,108,0.4354805071915216,1.855518141739712,281,0.5998254529833794,0.013385882125226008,0.5524691939353943,0.6377627849578857,0.012337334844848872,5,1697216.0,0.41200533994173605,24-30k,5,0.0020066461154826312,746;567;788;313;250;726;925;138;782;123;691;635;359;856;480;769;658;399;291;29
26580,1000,21076,21.076,11.0,106,0.43792769026380723,1.8206078035816367,266,0.599580801308155,0.011861865968866288,0.5589168071746826,0.6354874968528748,0.010074855305643119,5,1701056.0,0.4181803430659447,24-30k,5,0.001983907345058601,434;965;925;484;103;188;546;203;674;707;843;599;68;309;474;259;683;26;729;871
26640,1000,21092,21.092,11.0,101,0.4395274985776598,1.8225197054102327,265,0.6002921804785728,0.015733462000417888,0.5583248138427734,0.6542356610298157,0.011430404085807819,5,1704896.0,0.4314377019549221,24-30k,5,0.0019344058132162187,805;393;772;157;379;405;896;268;737;487;573;938;939;511;728;904;965;712;773;890
26700,1000,21090,21.09,11.0,108,0.4428636320531058,1.7980111079612817,250,0.5995524178743362,0.019190932097625405,0.542269766330719,0.6498326659202576,0.014732890776883797,5,1708736.0,0.4243926143271141,24-30k,5,0.0018740725682934764,841;42;822;570;249;264;540;149;533;234;220;54;391;703;562;857;365;970;164;339
26760,1000,20998,20.998,11.0,102,0.4441547766453948,1.783910094575381,245,0.5998438984751702,0.01843853644751783,0.5532643795013428,0.6474290490150452,0.01562851519590279,5,1712576.0,0.4329409208900703,24-30k,5,0.0019454876656703683,714;482;143;881;585;971;33;235;343;179;766;356;579;137;643;334;465;109;384;305
26820,1000,21100,21.1,11.0,110,0.438462654028436,1.8023187999113817,260,0.5992552868723869,0.01516323087246757,0.5519679188728333,0.6419274806976318,0.013916405559595764,5,1716416.0,0.43488590144637096,24-30k,5,0.0018707635889809642,263;811;929;199;711;633;829;906;587;5;402;507;607;804;345;890;828;766;571;539
26880,1000,21124,21.124,11.0,105,0.43323963264533233,1.8893771600389688,295,0.5999738212823867,0.011726412060882693,0.5631113052368164,0.6329317688941956,0.011178304346363367,5,1720256.0,0.4096182256839109,24-30k,5,0.0018666247615071005,462;684;611;529;840;512;762;328;817;41;384;267;902;171;146;932;208;763;920;678
26940,1000,21048,21.048,11.0,108,0.44024325351577354,1.819209525527351,260,0.5999810039401055,0.013026073982937064,0.5615333914756775,0.6368818283081055,0.010199171538113276,5,1724096.0,0.4188936519079527,24-30k,5,0.001984894230424573,737;166;426;630;440;579;355;608;447;109;521;720;470;460;296;314;714;26;463;634
27000,1000,21048,21.048,11.0,107,0.4435697453439757,1.8054950254012707,251,0.5999704005718232,0.017627849559884903,0.5451791286468506,0.6568107604980469,0.01289636615112098,5,1727936.0,0.4185807441505926,24-30k,5,0.0018031928809789147,612;445;890;833;991;340;250;116;686;48;798;454;428;797;830;935;206;975;123;232
27060,1000,20996,20.996,11.0,111,0.44230339112211847,1.7675314818577688,241,0.5990885313153267,0.019706750618157156,0.5350143313407898,0.6567951440811157,0.01600350263315458,5,1731776.0,0.4192012049526137,24-30k,5,0.0018941749877712155,483;277;591;900;297;184;541;107;668;812;893;479;322;819;474;97;165;12;583;426
27120,1000,21138,21.138,11.0,104,0.4392042766581512,1.8223235234762214,266,0.5980257773399353,0.018167088552764464,0.5408450365066528,0.6498808264732361,0.01593918881314142,5,1735616.0,0.40947575334029235,24-30k,5,0.0018759045611974419,10;956;814;383;307;870;244;52;570;219;186;920;604;160;596;535;996;319;128;785
27180,1000,21078,21.078,11.0,108,0.4372133029699213,1.8625916651657934,279,0.5993677018284798,0.012561973201557358,0.5633444786071777,0.6375359296798706,0.013138008934709176,5,1739456.0,0.41682019728170455,24-30k,5,0.0017341067706554381,385;983;416;359;934;894;502;303;915;62;630;46;816;90;492;982;182;787;393;851
27240,1000,21116,21.116,11.0,101,0.4339072741049441,1.8664088805237675,288,0.6000159067511559,0.0119351845539063,0.5641804337501526,0.6445098519325256,0.009756336339854116,5,1743296.0,0.41534370567766044,24-30k,5,0.002002736463831621,685;633;815;744;977;646;298;306;160;927;496;146;939;240;72;911;157;189;336;892
27300,1000,21122,21.122,11.0,106,0.44076110216835523,1.7949201391458596,255,0.6000607997775078,0.015287448318778417,0.5548276901245117,0.6499163508415222,0.011339989102802494,5,1747136.0,0.40842919095729324,24-30k,5,0.0017074585706905307,241;586;738;640;789;589;378;575;542;373;434;863;141;415;144;166;303;599;123;632
27360,1000,21108,21.108,11.0,112,0.44245840439643735,1.8148801266675432,258,0.6003244945406914,0.019210060570204815,0.5417245626449585,0.6530027389526367,0.014749858316753623,5,1750976.0,0.4155103797735853,24-30k,5,0.0017522996471616402,499;38;55;7;364;737;664;422;12;985;231;888;200;728;716;462;312;749;813;726
27420,1000,21100,21.1,11.0,109,0.4409095734597156,1.7757288854227888,247,0.5999120359420776,0.01894664198852915,0.5372121930122375,0.6518117785453796,0.015743898410948278,5,1754816.0,0.4222720926221921,24-30k,5,0.0017134510702445356,616;505;567;309;901;804;969;368;478;886;740;966;485;331;604;425;67;640;699;77
27480,1000,21124,21.124,11.0,105,0.43831726945654237,1.823086013984426,267,0.599642031788826,0.015605079542592454,0.5492269992828369,0.6500867605209351,0.014569630254363858,5,1758656.0,0.424859913615987,24-30k,5,0.0016686893844860705,30;648;236;177;798;631;69;979;321;116;725;440;982;422;121;477;698;692;636;547
27540,1000,21048,21.048,11.0,107,0.43688131889015586,1.8669259678652526,284,0.5992673006057739,0.011695208715726373,0.5646368861198425,0.637599527835846,0.011289611115904595,5,1762496.0,0.4127840378481247,24-30k,5,0.0018741602763251493,145;757;214;634;931;583;657;28;573;500;341;494;823;869;383;130;465;700;270;990
27600,1000,21102,21.102,11.0,109,0.44155833570277697,1.8648489753843869,275,0.5992763990163803,0.012636314995371054,0.5622851848602295,0.6417195200920105,0.009615989824507499,5,1766336.0,0.4233447996605558,24-30k,5,0.0017705837712401942,102;19;414;534;497;344;418;305;334;154;88;296;111;281;398;518;451;997;293;686
27660,1000,20998,20.998,11.0,106,0.4411004857605486,1.8110626832236236,257,0.5992240958213806,0.01624915516454537,0.5474175214767456,0.6526294946670532,0.012099794659217223,5,1770176.0,0.4299165338594992,24-30k,5,0.0016297754452242678,647;942;311;459;107;592;858;791;657;987;359;103;938;573;813;530;860;604;854;866
27720,1000,20952,20.952,11.0,108,0.44450305460099276,1.752878341147671,233,0.5994097527265548,0.018942515460338226,0.5439447164535522,0.6603990197181702,0.01459656824233107,5,1774016.0,0.4176701967433399,24-30k,5,0.0017295503979120228,425;868;397;676;938;75;305;819;162;245;555;965;280;478;118;398;906;897;252;865
27780,1000,20976,20.976,11.0,110,0.44286584668192225,1.81920578817597,258,0.5996922809481621,0.017865222745724402,0.5528003573417664,0.6624442338943481,0.014943753604233865,5,1777856.0,0.43642710549668373,24-30k,5,0.0016551387075028753,674;834;702;844;15;936;836;494;662;585;408;90;257;301;673;468;957;904;153;990
27840,1000,21130,21.13,11.0,106,0.43585328916232846,1.837462983127908,278,0.5998749970197678,0.014040406683427776,0.5576756596565247,0.6410414576530457,0.01345736186385227,5,1781696.0,0.4186965411365073,24-30k,5,0.001582404238735406,731;618;887;960;237;689;491;673;486;279;190;283;903;609;603;774;256;69;348;588
27900,1000,21116,21.116,11.0,107,0.4383552756203826,1.8445145337839564,272,0.6002718346118927,0.011187861427911236,0.5566752552986145,0.6350900530815125,0.01061140111011787,5,1785536.0,0.4174049957497007,24-30k,5,0.0017860849495086035,599;38;873;781;77;818;487;672;219;418;2;631;955;968;689;220;60;251;344;213
27960,1000,21194,21.194,11.0,106,0.43927838067377556,1.8316972373651998,267,0.5996853115558625,0.015286416506830332,0.5457480549812317,0.6547470688819885,0.011547886288340426,5,1789376.0,0.418211001054365,24-30k,5,0.0018573903894969995,115;349;534;48;297;474;187;214;455;935;559;717;964;1;425;307;334;325;106;608
28020,1000,20834,20.834,10.0,110,0.4465401747144091,1.8185666006170838,249,0.5996399672031403,0.019505965185369258,0.539765477180481,0.658966600894928,0.014735205802737615,5,1793216.0,0.4227451106762143,24-30k,5,0.0015855115374891389,931;193;45;811;514;177;411;681;488;372;911;697;501;493;648;36;726;350;796;335
28080,1000,20938,20.938,11.0,109,0.4433607794440729,1.7906985963604103,247,0.6000618664622307,0.018636168000961795,0.5390213131904602,0.6516520977020264,0.015529164303327275,5,1797056.0,0.4269200757740206,24-30k,5,0.001572915298033802,483;77;968;799;0;823;573;137;439;940;365;326;503;609;889;984;832;373;198;162
28140,1000,21128,21.128,11.0,111,0.4380316168118137,1.8348791501774593,271,0.5990018495321274,0.015654722293737655,0.5436474680900574,0.6466225981712341,0.013935678728016272,5,1800896.0,0.4231243180305972,24-30k,5,0.0015243562091613045,756;246;421;916;609;724;884;750;868;255;485;59;171;455;136;892;828;81;593;43
28200,1000,21136,21.136,11.0,112,0.4359993376230128,1.8311046964525335,273,0.5992968688607216,0.011337070809202638,0.5669646859169006,0.6347070336341858,0.011108041913914303,5,1804736.0,0.4246721281342118,24-30k,5,0.001673191583299477,296;189;451;741;751;848;70;217;284;928;726;355;784;153;765;947;332;79;968;675
28260,1000,20992,20.992,11.0,108,0.43830830792682923,1.8343195693484393,269,0.5996078315377236,0.012553546531177446,0.5627670288085938,0.6377789974212646,0.009667509955439671,5,1808576.0,0.4118124900255547,24-30k,5,0.0016563106986500953,648;888;590;280;409;328;408;860;975;453;489;610;2;932;927;919;557;596;257;704
28320,1000,21060,21.06,11.0,103,0.4410759734093067,1.799285291329158,253,0.5985513139367103,0.016994337055389826,0.547334611415863,0.6564827561378479,0.012663341057955827,5,1812416.0,0.4132483759891152,24-30k,5,0.0014989842979657992,22;852;350;141;888;494;528;376;953;904;669;483;989;817;709;291;698;221;806;223
28380,1000,20976,20.976,11.0,112,0.4433729023646072,1.8035654785598518,254,0.5990823755264282,0.01911794556623584,0.5331629514694214,0.648362398147583,0.015127181812390565,5,1816256.0,0.4308887870658612,24-30k,5,0.0015173342600486267,934;575;958;35;613;972;22;654;998;275;655;329;469;751;48;644;52;36;405;854
28440,1000,21102,21.102,11.0,103,0.44195772912520137,1.7984438136411547,251,0.5990651204586029,0.01749015358214014,0.5410159826278687,0.6526988744735718,0.015106597729004393,5,1820096.0,0.43480640492350126,24-30k,5,0.001505846698239969,363;418;741;860;8;674;489;33;698;186;101;486;96;591;695;577;967;135;945;350
28500,1000,21110,21.11,11.0,103,0.4358696352439603,1.8580503594659525,282,0.5994320144057274,0.013925955658106868,0.5594019889831543,0.6396049857139587,0.012934683986408376,5,1823936.0,0.4127436219707639,24-30k,5,0.0014588593736405873,710;679;53;306;557;407;539;583;664;696;137;618;491;638;141;683;487;542;896;735
28560,1000,21060,21.06,11.0,109,0.43842374169040843,1.8750135812589663,283,0.6003450807929039,0.011333289185471846,0.5638328194618225,0.6345923542976379,0.01017363188453297,5,1827776.0,0.4243467394964529,24-30k,5,0.0016381946890281875,352;501;668;456;46;532;568;594;700;975;990;821;208;20;528;346;997;734;83;592
28620,1000,21050,21.05,11.0,113,0.4375071733966746,1.8574946964322487,280,0.5995408902168274,0.014679082163508364,0.5518556833267212,0.64798903465271,0.010839997538813572,5,1831616.0,0.419023671981992,24-30k,5,0.0014580915869869763,516;8;642;343;377;815;564;341;603;126;71;577;511;701;806;183;380;400;993;52
28680,1000,21078,21.078,11.0,104,0.4433353259322516,1.780879777547491,248,0.5993702085018158,0.018263493445738237,0.5446518659591675,0.6491337418556213,0.013974426756479601,5,1835456.0,0.40939463718299063,24-30k,5,0.0014648800431270007,284;596;119;974;263;553;114;403;165;504;493;196;812;864;145;312;43;825;94;206
28740,1000,21092,21.092,11.0,103,0.4409743978759719,1.7704005564944112,245,0.5991075022220611,0.018736071982393708,0.5270137190818787,0.6594617962837219,0.014843160660431598,5,1839296.0,0.43195937517676997,24-30k,5,0.001500725577011074,81;639;259;347;89;463;537;552;77;64;960;370;318;769;932;441;733;58;133;917
28800,1000,21168,21.168,11.0,103,0.44019765684051404,1.8240652611888342,264,0.6010899156332016,0.016137757490626247,0.5537697672843933,0.6492005586624146,0.014618808250552576,5,1843136.0,0.42776065040414574,24-30k,5,0.0014084555673897021,755;812;569;304;591;526;644;281;349;554;620;531;151;336;906;862;165;197;821;14
28860,1000,21018,21.018,11.0,103,0.4363562660576648,1.8593119608277493,281,0.6002194756269454,0.012074823218942408,0.5560813546180725,0.6347619891166687,0.01216117758553306,5,1846976.0,0.4103708665433393,24-30k,5,0.001457787287051269,343;688;584;61;800;382;833;689;56;24;291;703;440;650;125;605;118;175;402;547
28920,1000,21192,21.192,11.0,108,0.43589033597583987,1.8572843924248275,282,0.5988425240516663,0.012344738626192977,0.5555670857429504,0.6351837515830994,0.009934902361860985,5,1850816.0,0.4208211926034743,24-30k,5,0.0016518796688407998,0;135;632;195;118;22;680;541;113;620;305;179;169;391;868;522;275;692;725;357
28980,1000,21028,21.028,11.0,106,0.4422215141715808,1.8001991376521491,254,0.5998334590792656,0.01665645729484118,0.5543113350868225,0.6546232104301453,0.012584013836603965,5,1854656.0,0.4213413787062481,24-30k,5,0.001387857743924657,85;958;770;607;900;825;904;64;903;67;82;101;474;68;77;694;198;563;970;804
29040,1000,21038,21.038,11.0,111,0.4443872041068543,1.7870721696976808,247,0.5998895205259324,0.019098186400697426,0.5453559756278992,0.6528690457344055,0.015296785539957966,5,1858496.0,0.42579586181458523,24-30k,5,0.001390257063954056,471;214;417;586;30;569;208;918;910;711;429;774;5;762;629;177;860;994;510;39
29100,1000,21132,21.132,11.0,108,0.442707931099754,1.803905141075596,254,0.5990514459013939,0.01712459938644559,0.5439151525497437,0.6547752618789673,0.015144160664286737,5,1862336.0,0.42957493281759934,24-30k,5,0.0014175063854920279,656;537;85;227;389;237;147;59;299;925;996;557;691;271;330;895;624;126;295;80
29160,1000,21044,21.044,11.0,103,0.4385202432997529,1.8275516879040337,266,0.6011191644072532,0.013040093522593138,0.5586993098258972,0.6378350853919983,0.01238578981477643,5,1866176.0,0.4256471323848518,24-30k,5,0.0013504199586376006,988;610;76;127;78;607;583;456;236;426;974;754;21;791;832;979;85;390;483;549
