{
  "void_banner": {
    "loaded": true,
    "source": "sys.path:derivation/code"
  },
  "params": {
    "nx": 64,
    "ny": 64,
    "tau": 0.9,
    "U_lid": 0.02,
    "steps": 1200,
    "sample_every": 200,
    "void_enabled": true,
    "void_gain": 1.0,
    "void_domain": "standard_model"
  },
  "metrics": {
    "div_max": NaN,
    "elapsed_sec": 0.953516960144043,
    "void": {
      "dW_max": 0.042635031660581094,
      "omega_min": 1.0656759818835837,
      "omega_max": 1.1111016725012326,
      "W_mean_last": 0.5686852364666243
    }
  }
}