{
  "void_banner": {
    "loaded": true,
    "source": "sys.path:derivation/code"
  },
  "params": {
    "nx": 64,
    "ny": 64,
    "tau": 0.9,
    "U_lid": 0.02,
    "steps": 1200,
    "sample_every": 200,
    "void_enabled": true,
    "void_gain": 1.0,
    "void_domain": "standard_model"
  },
  "metrics": {
    "div_max": 0.0023482892000683225,
    "elapsed_sec": 0.9048976898193359,
    "void": {
      "dW_max": 0.04642177495138857,
      "omega_min": 1.0618195623487743,
      "omega_max": 1.1111018224618587,
      "W_mean_last": 0.6052023372168414
    }
  }
}