{
  "theory": "LBM\u2192NS; incompressible cavity with no-slip walls (bounce-back) + FUVDM \u03c9_eff (optional)",
  "params": {
    "nx": 128,
    "ny": 128,
    "tau": 1.8,
    "U_lid": 5e-05,
    "steps": 20000,
    "sample_every": 500,
    "void_enabled": true,
    "void_domain": "standard_model",
    "void_gain": 5.0
  },
  "metrics": {
    "div_max": 1.489605517412733e-06,
    "elapsed_sec": 35.943028688430786,
    "u_max": 5.000000000000002e-05,
    "u_mean": 5.000000000000001e-05,
    "flow_gate": true,
    "Re": 0.014653846153846121,
    "Ma": 8.660254037844385e-05,
    "nu": 0.43333333333333335,
    "passed": false,
    "void": {
      "dW_max": 0.04352440991989433,
      "omega_min": 0.45626272597338535,
      "omega_max": 0.5555546418098699,
      "W_mean_last": 0.5978546973447629
    }
  },
  "outputs": {
    "figure": "C:\\git\\Prometheus_VDM\\Prometheus_FUVDM\\derivation\\code\\outputs\\figures\\fluid_dynamics\\failed_runs\\lid_cavity_benchmark_20250821T052246Z.png"
  },
  "timestamp": "2025-08-21T05:23:23Z"
}