{
  "theory": "LBM\u2192NS; incompressible cavity with no-slip walls (bounce-back) + FUVDM \u03c9_eff (optional)",
  "params": {
    "nx": 128,
    "ny": 128,
    "tau": 1.8,
    "U_lid": 0.0001,
    "steps": 20000,
    "sample_every": 500,
    "void_enabled": true,
    "void_domain": "standard_model",
    "void_gain": 5.0
  },
  "metrics": {
    "div_max": 2.943905328336032e-06,
    "elapsed_sec": 35.97623634338379,
    "u_max": 0.00010000000000000003,
    "u_mean": 0.00010000000000000002,
    "flow_gate": true,
    "Re": 0.029307692307692243,
    "Ma": 0.0001732050807568877,
    "nu": 0.43333333333333335,
    "passed": false,
    "void": {
      "dW_max": 0.04420673876212551,
      "omega_min": 0.45498789949175455,
      "omega_max": 0.5555529609640232,
      "W_mean_last": 0.608248112507179
    }
  },
  "outputs": {
    "figure": "C:\\git\\Prometheus_VDM\\Prometheus_FUVDM\\derivation\\code\\outputs\\figures\\fluid_dynamics\\failed_runs\\lid_cavity_benchmark_20250821T052031Z.png"
  },
  "timestamp": "2025-08-21T05:21:08Z"
}