{
  "theory": "LBM\u2192NS; incompressible cavity with no-slip walls (bounce-back) + FUVDM \u03c9_eff (optional)",
  "params": {
    "nx": 64,
    "ny": 64,
    "tau": 0.9,
    "U_lid": 0.02,
    "steps": 8000,
    "sample_every": 250,
    "void_enabled": true,
    "void_domain": "standard_model",
    "void_gain": 0.6
  },
  "metrics": {
    "div_max": 0.0021883390551528355,
    "elapsed_sec": 4.815357446670532,
    "u_max": 0.10000000000000003,
    "u_mean": 0.015670928696184038,
    "flow_gate": true,
    "passed": false,
    "void": {
      "dW_max": 0.04235341728469018,
      "omega_min": 1.0835752424689238,
      "omega_max": 1.111109700319436,
      "W_mean_last": 0.5742186385129091
    }
  },
  "outputs": {
    "figure": "C:\\git\\Prometheus_VDM\\Prometheus_FUVDM\\derivation\\code\\outputs\\figures\\fluid_dynamics\\failed_runs\\lid_cavity_benchmark_20250821T012025Z.png"
  },
  "timestamp": "2025-08-21T01:20:30Z"
}