{
  "theory": "LBM\u2192NS; incompressible cavity with no-slip walls (bounce-back) + FUVDM \u03c9_eff (optional)",
  "params": {
    "nx": 64,
    "ny": 64,
    "tau": 1.2,
    "U_lid": 0.0001,
    "steps": 8000,
    "sample_every": 200,
    "void_enabled": true,
    "void_domain": "standard_model",
    "void_gain": 0.6
  },
  "metrics": {
    "div_max": 4.585646143684143e-05,
    "elapsed_sec": 4.538935422897339,
    "u_max": 0.0010000000000000002,
    "u_mean": 0.0009985429992386639,
    "flow_gate": true,
    "Re": 0.02699999999999989,
    "Ma": 0.0001732050807568877,
    "nu": 0.2333333333333333,
    "passed": false,
    "void": {
      "dW_max": 0.04247909861198376,
      "omega_min": 0.8126216716585618,
      "omega_max": 0.8333296215640025,
      "W_mean_last": 0.6357311310960494
    }
  },
  "outputs": {
    "figure": "C:\\git\\Prometheus_VDM\\Prometheus_FUVDM\\derivation\\code\\outputs\\figures\\fluid_dynamics\\failed_runs\\lid_cavity_benchmark_20250821T040334Z.png"
  },
  "timestamp": "2025-08-21T04:03:39Z"
}