tick,jaccard_prev
32,0.016666666666666666
33,0.05084745762711865
34,0.07142857142857142
35,0.08196721311475409
36,0.047619047619047616
37,0.045454545454545456
38,0.06557377049180328
39,0.05263157894736842
40,0.07042253521126761
41,0.06493506493506493
42,0.06382978723404255
43,0.1532258064516129
44,0.18248175182481752
45,0.18181818181818182
46,0.11347517730496454
47,0.14184397163120568
48,0.1452991452991453
49,0.16666666666666666
50,0.1415929203539823
51,0.11538461538461539
52,0.21568627450980393
53,0.17391304347826086
54,0.15447154471544716
55,0.175
56,0.1565217391304348
57,0.10619469026548672
58,0.10483870967741936
59,0.08661417322834646
60,0.15
61,0.18095238095238095
62,0.14285714285714285
63,0.12403100775193798
64,0.15833333333333333
65,0.11450381679389313
66,0.15037593984962405
67,0.18333333333333332
68,0.17094017094017094
69,0.21929824561403508
70,0.13559322033898305
71,0.16964285714285715
72,0.10569105691056911
73,0.13333333333333333
74,0.15151515151515152
75,0.13076923076923078
76,0.13934426229508196
77,0.10077519379844961
78,0.13513513513513514
79,0.1619718309859155
80,0.14285714285714285
81,0.17543859649122806
82,0.17094017094017094
83,0.15079365079365079
84,0.12096774193548387
85,0.09375
86,0.13392857142857142
87,0.15151515151515152
88,0.10687022900763359
89,0.11486486486486487
90,0.11971830985915492
91,0.16101694915254236
92,0.12598425196850394
93,0.1527777777777778
94,0.11678832116788321
95,0.10909090909090909
96,0.14285714285714285
97,0.14678899082568808
98,0.13385826771653545
99,0.16296296296296298
100,0.1440677966101695
101,0.13709677419354838
102,0.22413793103448276
103,0.1282051282051282
104,0.14166666666666666
105,0.0967741935483871
106,0.11818181818181818
107,0.1565217391304348
108,0.15
109,0.11607142857142858
110,0.1308411214953271
111,0.11428571428571428
112,0.14678899082568808
113,0.14782608695652175
114,0.18811881188118812
115,0.11009174311926606
116,0.1782178217821782
117,0.16666666666666666
118,0.12844036697247707
119,0.15517241379310345
120,0.17543859649122806
121,0.1415929203539823
122,0.10091743119266056
123,0.07575757575757576
124,0.13636363636363635
125,0.10317460317460317
126,0.0962962962962963
127,0.17073170731707318
128,0.2079207920792079
129,0.12173913043478261
130,0.10655737704918032
131,0.07407407407407407
132,0.07692307692307693
133,0.14516129032258066
134,0.144
135,0.1349206349206349
136,0.13793103448275862
137,0.19811320754716982
138,0.18181818181818182
139,0.13533834586466165
140,0.12037037037037036
141,0.16304347826086957
142,0.09917355371900827
143,0.13675213675213677
144,0.1651376146788991
145,0.1623931623931624
146,0.16793893129770993
147,0.11377245508982035
148,0.14084507042253522
149,0.10317460317460317
150,0.10077519379844961
151,0.1322314049586777
152,0.15254237288135594
153,0.10317460317460317
154,0.088
155,0.14678899082568808
156,0.1782178217821782
157,0.15254237288135594
158,0.18110236220472442
159,0.14285714285714285
160,0.11904761904761904
161,0.15827338129496402
162,0.16551724137931034
163,0.13286713286713286
164,0.1791044776119403
165,0.11538461538461539
166,0.1322314049586777
167,0.1574074074074074
168,0.1746031746031746
169,0.14084507042253522
170,0.16535433070866143
171,0.2047244094488189
172,0.16101694915254236
173,0.125
174,0.12931034482758622
175,0.16964285714285715
176,0.17
177,0.14414414414414414
178,0.19130434782608696
179,0.17543859649122806
180,0.15
181,0.13178294573643412
182,0.12195121951219512
183,0.1322314049586777
184,0.1652892561983471
185,0.13559322033898305
186,0.1592920353982301
187,0.12727272727272726
188,0.16666666666666666
189,0.15873015873015872
190,0.18382352941176472
191,0.12612612612612611
192,0.17582417582417584
193,0.11864406779661017
194,0.1037037037037037
195,0.096
196,0.13445378151260504
197,0.14388489208633093
198,0.15789473684210525
199,0.1326530612244898
200,0.1349206349206349
201,0.15748031496062992
202,0.10852713178294573
203,0.10569105691056911
204,0.11538461538461539
205,0.12121212121212122
206,0.16806722689075632
207,0.13178294573643412
208,0.10091743119266056
209,0.1262135922330097
210,0.0948905109489051
211,0.08695652173913043
212,0.125
213,0.16260162601626016
214,0.10273972602739725
215,0.13533834586466165
216,0.17592592592592593
217,0.16806722689075632
218,0.09448818897637795
219,0.11818181818181818
220,0.08771929824561403
221,0.12280701754385964
222,0.11570247933884298
223,0.11009174311926606
224,0.11702127659574468
225,0.12173913043478261
226,0.13157894736842105
227,0.14754098360655737
228,0.11851851851851852
229,0.23893805309734514
230,0.1885245901639344
231,0.10526315789473684
232,0.15384615384615385
233,0.20168067226890757
234,0.15748031496062992
235,0.14754098360655737
236,0.13793103448275862
237,0.1623931623931624
238,0.14444444444444443
239,0.13043478260869565
240,0.16363636363636364
241,0.1
242,0.1328125
243,0.1349206349206349
244,0.10185185185185185
245,0.1414141414141414
246,0.14655172413793102
247,0.16535433070866143
248,0.14393939393939395
249,0.1271186440677966
250,0.14655172413793102
251,0.14173228346456693
252,0.11475409836065574
253,0.14150943396226415
254,0.14150943396226415
255,0.16666666666666666
256,0.20754716981132076
257,0.16071428571428573
258,0.1565217391304348
259,0.13709677419354838
260,0.1386861313868613
261,0.16923076923076924
262,0.10483870967741936
263,0.104
264,0.11940298507462686
265,0.15789473684210525
266,0.16806722689075632
267,0.14166666666666666
268,0.15748031496062992
269,0.1693548387096774
270,0.19130434782608696
271,0.15873015873015872
272,0.2
273,0.17796610169491525
274,0.12403100775193798
275,0.14285714285714285
276,0.1565217391304348
277,0.09923664122137404
278,0.19696969696969696
279,0.12295081967213115
280,0.08181818181818182
281,0.10483870967741936
282,0.13114754098360656
283,0.1092436974789916
284,0.13533834586466165
285,0.1297709923664122
286,0.144
287,0.11764705882352941
288,0.14049586776859505
289,0.11363636363636363
290,0.1810344827586207
291,0.17117117117117117
292,0.09917355371900827
293,0.10810810810810811
294,0.15315315315315314
295,0.19626168224299065
296,0.12686567164179105
297,0.11023622047244094
298,0.07368421052631578
299,0.16161616161616163
300,0.08208955223880597
301,0.1111111111111111
302,0.07142857142857142
303,0.10236220472440945
304,0.13709677419354838
305,0.09166666666666666
306,0.08547008547008547
307,0.10317460317460317
308,0.11764705882352941
309,0.1391304347826087
310,0.14516129032258066
311,0.1
312,0.12213740458015267
313,0.13445378151260504
314,0.18333333333333332
315,0.14049586776859505
316,0.09302325581395349
317,0.1037037037037037
318,0.1896551724137931
319,0.12096774193548387
320,0.10743801652892562
321,0.125
322,0.07894736842105263
323,0.09565217391304348
324,0.11290322580645161
325,0.11347517730496454
326,0.1386861313868613
327,0.12030075187969924
328,0.10236220472440945
329,0.09649122807017543
330,0.13008130081300814
331,0.11428571428571428
332,0.1597222222222222
333,0.16058394160583941
334,0.09929078014184398
335,0.128
336,0.10236220472440945
337,0.19117647058823528
338,0.16101694915254236
339,0.16666666666666666
340,0.1297709923664122
341,0.14285714285714285
342,0.14960629921259844
343,0.11278195488721804
344,0.16216216216216217
345,0.23275862068965517
346,0.11363636363636363
347,0.10619469026548672
348,0.11304347826086956
349,0.1223021582733813
350,0.1953125
351,0.125
352,0.11851851851851852
353,0.11627906976744186
354,0.1111111111111111
355,0.12403100775193798
356,0.17592592592592593
357,0.13793103448275862
358,0.1984126984126984
359,0.15833333333333333
360,0.19230769230769232
361,0.24324324324324326
362,0.1323529411764706
363,0.12878787878787878
364,0.18867924528301888
365,0.20833333333333334
366,0.09655172413793103
367,0.12389380530973451
368,0.096
369,0.18699186991869918
370,0.21495327102803738
371,0.1592920353982301
372,0.13043478260869565
373,0.13761467889908258
374,0.18691588785046728
375,0.13953488372093023
376,0.16666666666666666
377,0.136
378,0.16153846153846155
379,0.16
380,0.144
381,0.18493150684931506
382,0.1643835616438356
383,0.183206106870229
384,0.11347517730496454
385,0.13392857142857142
386,0.08928571428571429
387,0.1
388,0.19469026548672566
389,0.13114754098360656
390,0.12698412698412698
391,0.1323529411764706
392,0.11029411764705882
393,0.07194244604316546
394,0.13432835820895522
395,0.11016949152542373
396,0.10434782608695652
397,0.1328125
398,0.13970588235294118
399,0.10852713178294573
400,0.08571428571428572
401,0.15841584158415842
402,0.09174311926605505
403,0.15178571428571427
404,0.12403100775193798
405,0.06923076923076923
406,0.15966386554621848
407,0.16176470588235295
408,0.14184397163120568
409,0.1323529411764706
410,0.184
411,0.17757009345794392
412,0.1565217391304348
413,0.16666666666666666
414,0.12605042016806722
415,0.13793103448275862
416,0.16153846153846155
417,0.13970588235294118
418,0.17796610169491525
419,0.1532258064516129
420,0.12295081967213115
421,0.13761467889908258
422,0.09482758620689655
423,0.14049586776859505
424,0.14166666666666666
425,0.2037037037037037
426,0.2032520325203252
427,0.13385826771653545
428,0.13533834586466165
429,0.14285714285714285
430,0.09821428571428571
431,0.08695652173913043
432,0.11347517730496454
433,0.15384615384615385
434,0.1565217391304348
435,0.12727272727272726
436,0.1282051282051282
437,0.18840579710144928
438,0.17424242424242425
439,0.10317460317460317
440,0.11450381679389313
441,0.20155038759689922
442,0.152
443,0.16393442622950818
444,0.1323529411764706
445,0.1774193548387097
446,0.13953488372093023
447,0.14074074074074075
448,0.13675213675213677
449,0.15454545454545454
450,0.203125
451,0.1349206349206349
452,0.17272727272727273
453,0.21238938053097345
454,0.22608695652173913
455,0.175
456,0.1724137931034483
457,0.16101694915254236
458,0.22429906542056074
459,0.13333333333333333
460,0.14173228346456693
461,0.1450381679389313
462,0.16535433070866143
463,0.17796610169491525
464,0.15942028985507245
465,0.16176470588235295
466,0.18518518518518517
467,0.18518518518518517
468,0.14166666666666666
469,0.15447154471544716
470,0.18181818181818182
471,0.18803418803418803
472,0.1951219512195122
473,0.23423423423423423
474,0.18333333333333332
475,0.16129032258064516
476,0.13008130081300814
477,0.1826086956521739
478,0.19327731092436976
479,0.19083969465648856
480,0.13821138211382114
481,0.13740458015267176
482,0.17266187050359713
483,0.12213740458015267
484,0.12844036697247707
485,0.2
486,0.18110236220472442
487,0.17293233082706766
488,0.15966386554621848
489,0.20300751879699247
490,0.12738853503184713
491,0.18248175182481752
492,0.171875
493,0.20168067226890757
494,0.1732283464566929
495,0.20610687022900764
496,0.16083916083916083
497,0.12698412698412698
498,0.13157894736842105
499,0.1724137931034483
500,0.12949640287769784
501,0.1323529411764706
502,0.11965811965811966
503,0.13043478260869565
504,0.15037593984962405
505,0.04081632653061224
506,0.03896103896103896
507,0.03409090909090909
508,0.09482758620689655
509,0.12195121951219512
510,0.13592233009708737
511,0.11304347826086956
512,0.11570247933884298
513,0.11864406779661017
514,0.11811023622047244
515,0.125
516,0.11016949152542373
517,0.15873015873015872
518,0.1118421052631579
519,0.15671641791044777
520,0.10833333333333334
521,0.16521739130434782
522,0.13740458015267176
523,0.14388489208633093
524,0.1652892561983471
525,0.1891891891891892
526,0.13178294573643412
527,0.13846153846153847
528,0.19166666666666668
529,0.11711711711711711
530,0.17307692307692307
531,0.17391304347826086
532,0.15517241379310345
533,0.1724137931034483
534,0.15079365079365079
535,0.13636363636363635
536,0.183206106870229
537,0.12403100775193798
538,0.13513513513513514
539,0.09448818897637795
540,0.10067114093959731
541,0.13008130081300814
542,0.1262135922330097
543,0.1271186440677966
544,0.16806722689075632
545,0.1320754716981132
546,0.1875
547,0.15942028985507245
548,0.14615384615384616
549,0.12307692307692308
550,0.1487603305785124
551,0.1415929203539823
552,0.21008403361344538
553,0.10869565217391304
554,0.12878787878787878
555,0.14285714285714285
556,0.1864406779661017
557,0.10869565217391304
558,0.09090909090909091
559,0.06837606837606838
560,0.16153846153846155
561,0.18803418803418803
562,0.1016949152542373
563,0.14728682170542637
564,0.192
565,0.13953488372093023
566,0.125
567,0.09734513274336283
568,0.07017543859649122
569,0.1282051282051282
570,0.11965811965811966
571,0.1574074074074074
572,0.1111111111111111
573,0.192
574,0.1111111111111111
575,0.16379310344827586
576,0.12903225806451613
577,0.1
578,0.12962962962962962
579,0.1
580,0.08783783783783784
581,0.08527131782945736
582,0.13392857142857142
583,0.17592592592592593
584,0.13445378151260504
585,0.20869565217391303
586,0.1349206349206349
587,0.1484375
588,0.14634146341463414
589,0.15966386554621848
590,0.18045112781954886
591,0.16058394160583941
592,0.1417910447761194
593,0.17424242424242425
594,0.17054263565891473
595,0.11363636363636363
596,0.16260162601626016
597,0.12686567164179105
598,0.15384615384615385
599,0.16666666666666666
600,0.16666666666666666
601,0.16083916083916083
602,0.1328125
603,0.15151515151515152
604,0.1476510067114094
605,0.13636363636363635
606,0.1623931623931624
607,0.1724137931034483
608,0.10526315789473684
609,0.12781954887218044
610,0.1282051282051282
611,0.1328125
612,0.11194029850746269
613,0.17266187050359713
614,0.07746478873239436
615,0.11267605633802817
616,0.1232876712328767
617,0.09523809523809523
618,0.13385826771653545
619,0.21138211382113822
620,0.15151515151515152
621,0.11627906976744186
622,0.11711711711711711
623,0.14150943396226415
624,0.23684210526315788
625,0.19166666666666668
626,0.128
627,0.17829457364341086
628,0.16379310344827586
629,0.11538461538461539
630,0.1111111111111111
631,0.125
632,0.1349206349206349
633,0.1559633027522936
634,0.1349206349206349
635,0.13178294573643412
636,0.16806722689075632
637,0.10344827586206896
638,0.0661764705882353
639,0.09395973154362416
640,0.11711711711711711
641,0.1326530612244898
642,0.10077519379844961
643,0.1076923076923077
644,0.13793103448275862
645,0.11504424778761062
646,0.14912280701754385
647,0.13793103448275862
648,0.17475728155339806
649,0.18446601941747573
650,0.1746031746031746
651,0.12195121951219512
652,0.08333333333333333
653,0.16666666666666666
654,0.1810344827586207
655,0.2222222222222222
656,0.15328467153284672
657,0.145985401459854
658,0.11538461538461539
659,0.14049586776859505
660,0.11382113821138211
661,0.12878787878787878
662,0.1417910447761194
663,0.13821138211382114
664,0.14414414414414414
665,0.16666666666666666
666,0.18095238095238095
667,0.23809523809523808
668,0.21551724137931033
669,0.1732283464566929
670,0.13636363636363635
671,0.10416666666666667
672,0.11818181818181818
673,0.16666666666666666
674,0.13709677419354838
675,0.1509433962264151
676,0.15702479338842976
677,0.09859154929577464
678,0.11764705882352941
679,0.14285714285714285
680,0.10483870967741936
681,0.15625
682,0.19130434782608696
683,0.12307692307692308
684,0.13380281690140844
685,0.11403508771929824
686,0.12727272727272726
687,0.09375
688,0.10619469026548672
689,0.10077519379844961
690,0.1532258064516129
691,0.10687022900763359
692,0.0896551724137931
693,0.16666666666666666
694,0.13385826771653545
695,0.1111111111111111
696,0.1282051282051282
697,0.11304347826086956
698,0.1111111111111111
699,0.15053763440860216
700,0.15833333333333333
701,0.10655737704918032
702,0.08928571428571429
703,0.10810810810810811
704,0.11538461538461539
705,0.0990990990990991
706,0.096
707,0.15267175572519084
708,0.10638297872340426
709,0.16806722689075632
710,0.1487603305785124
711,0.20161290322580644
712,0.14393939393939395
713,0.15625
714,0.11214953271028037
715,0.08771929824561403
716,0.17094017094017094
717,0.10655737704918032
718,0.1111111111111111
719,0.15384615384615385
720,0.10869565217391304
721,0.13740458015267176
722,0.10869565217391304
723,0.08130081300813008
724,0.15517241379310345
725,0.11538461538461539
726,0.1016949152542373
727,0.125
728,0.20512820512820512
729,0.17857142857142858
730,0.15384615384615385
731,0.13178294573643412
732,0.1282051282051282
733,0.11320754716981132
734,0.25
735,0.18446601941747573
736,0.19
737,0.23853211009174313
738,0.168141592920354
739,0.23711340206185566
740,0.16822429906542055
741,0.1574074074074074
742,0.14285714285714285
743,0.18181818181818182
744,0.21487603305785125
745,0.15079365079365079
746,0.14728682170542637
747,0.09523809523809523
748,0.1
749,0.10526315789473684
750,0.14093959731543623
751,0.11594202898550725
752,0.09774436090225563
753,0.11278195488721804
754,0.09701492537313433
755,0.16260162601626016
756,0.0958904109589041
757,0.13953488372093023
758,0.140625
759,0.11643835616438356
760,0.1095890410958904
761,0.10738255033557047
762,0.16546762589928057
763,0.14285714285714285
764,0.16037735849056603
765,0.1391304347826087
766,0.14678899082568808
767,0.13385826771653545
768,0.1956521739130435
769,0.14285714285714285
770,0.1590909090909091
771,0.21621621621621623
772,0.19626168224299065
773,0.15
774,0.09917355371900827
775,0.23076923076923078
776,0.09917355371900827
777,0.07874015748031496
778,0.12213740458015267
779,0.17073170731707318
780,0.11666666666666667
781,0.1523809523809524
782,0.09734513274336283
783,0.11627906976744186
784,0.11347517730496454
785,0.12857142857142856
786,0.12781954887218044
787,0.20512820512820512
788,0.19658119658119658
789,0.16
790,0.16129032258064516
791,0.11627906976744186
792,0.10483870967741936
793,0.09900990099009901
794,0.25301204819277107
795,0.18181818181818182
796,0.1810344827586207
797,0.1717171717171717
798,0.1650485436893204
799,0.10606060606060606
800,0.15384615384615385
801,0.1308411214953271
802,0.09016393442622951
803,0.16822429906542055
804,0.11607142857142858
805,0.14960629921259844
806,0.16260162601626016
807,0.14912280701754385
808,0.10909090909090909
809,0.14912280701754385
810,0.14925373134328357
811,0.18382352941176472
812,0.16417910447761194
813,0.21428571428571427
814,0.18421052631578946
815,0.15328467153284672
816,0.1232876712328767
817,0.16153846153846155
818,0.1721311475409836
819,0.13740458015267176
820,0.14814814814814814
821,0.18548387096774194
822,0.16521739130434782
823,0.12698412698412698
824,0.18803418803418803
825,0.096
826,0.125
827,0.11594202898550725
828,0.0967741935483871
829,0.16993464052287582
830,0.19863013698630136
831,0.12413793103448276
832,0.12403100775193798
833,0.14728682170542637
834,0.11278195488721804
835,0.1484375
836,0.11538461538461539
837,0.1111111111111111
838,0.12295081967213115
839,0.13559322033898305
840,0.13953488372093023
841,0.184
842,0.20869565217391303
843,0.20689655172413793
844,0.15037593984962405
845,0.17037037037037037
846,0.0873015873015873
847,0.1588785046728972
848,0.15441176470588236
849,0.14285714285714285
850,0.1651376146788991
851,0.13953488372093023
852,0.1565217391304348
853,0.1588785046728972
854,0.21428571428571427
855,0.15517241379310345
856,0.17796610169491525
857,0.22330097087378642
858,0.14953271028037382
859,0.11009174311926606
860,0.10256410256410256
861,0.205607476635514
862,0.11214953271028037
863,0.22115384615384615
864,0.16
865,0.08823529411764706
866,0.20869565217391303
867,0.18421052631578946
868,0.11206896551724138
869,0.18487394957983194
870,0.14049586776859505
871,0.09090909090909091
872,0.152
873,0.10218978102189781
874,0.16535433070866143
875,0.16153846153846155
876,0.192
877,0.125
878,0.1568627450980392
879,0.14285714285714285
880,0.13986013986013987
881,0.1171875
882,0.1076923076923077
883,0.16911764705882354
884,0.174496644295302
885,0.11875
886,0.13076923076923078
887,0.12408759124087591
888,0.18461538461538463
889,0.15254237288135594
890,0.21008403361344538
891,0.15384615384615385
892,0.1322314049586777
893,0.20909090909090908
894,0.3020833333333333
895,0.24528301886792453
896,0.15841584158415842
897,0.12264150943396226
898,0.1721311475409836
899,0.13740458015267176
900,0.136
901,0.1885245901639344
902,0.1796875
903,0.17272727272727273
904,0.10810810810810811
905,0.12903225806451613
906,0.11290322580645161
907,0.10256410256410256
908,0.13274336283185842
909,0.1415929203539823
910,0.1
911,0.168
912,0.20689655172413793
913,0.144
914,0.17391304347826086
915,0.18867924528301888
916,0.13445378151260504
917,0.16101694915254236
918,0.15
919,0.1349206349206349
920,0.1951219512195122
921,0.1506849315068493
922,0.11888111888111888
923,0.19672131147540983
924,0.1968503937007874
925,0.1693548387096774
926,0.12403100775193798
927,0.15789473684210525
928,0.16216216216216217
929,0.13432835820895522
930,0.1732283464566929
931,0.18584070796460178
932,0.14285714285714285
933,0.102803738317757
934,0.20588235294117646
935,0.2
936,0.18446601941747573
937,0.16
938,0.1391304347826087
939,0.14678899082568808
940,0.20754716981132076
941,0.21951219512195122
942,0.14516129032258066
943,0.16129032258064516
944,0.16176470588235295
945,0.17692307692307693
946,0.19491525423728814
947,0.12727272727272726
948,0.12280701754385964
949,0.18333333333333332
950,0.19672131147540983
951,0.1328125
952,0.144
953,0.14516129032258066
954,0.14754098360655737
955,0.1452991452991453
956,0.1774193548387097
957,0.19008264462809918
958,0.2564102564102564
959,0.19230769230769232
960,0.15873015873015872
961,0.1391304347826087
962,0.13392857142857142
963,0.16379310344827586
964,0.15966386554621848
965,0.16279069767441862
966,0.06521739130434782
967,0.09523809523809523
968,0.1111111111111111
969,0.06741573033707865
970,0.17006802721088435
971,0.11875
972,0.11678832116788321
973,0.1111111111111111
974,0.16030534351145037
975,0.1320754716981132
976,0.12962962962962962
977,0.13445378151260504
978,0.13675213675213677
979,0.17094017094017094
980,0.13592233009708737
981,0.11570247933884298
982,0.12030075187969924
983,0.19607843137254902
984,0.16161616161616163
985,0.17475728155339806
986,0.1810344827586207
987,0.14754098360655737
988,0.11904761904761904
989,0.09302325581395349
990,0.11904761904761904
991,0.125
992,0.20535714285714285
993,0.22772277227722773
994,0.1574074074074074
995,0.13392857142857142
996,0.15841584158415842
997,0.16216216216216217
998,0.1796875
999,0.11538461538461539
1000,0.10588235294117647
1001,0.06756756756756757
1002,0.0963855421686747
1003,0.04878048780487805
1004,0.13636363636363635
1005,0.19148936170212766
1006,0.1276595744680851
1007,0.11
1008,0.19047619047619047
1009,0.15037593984962405
1010,0.12987012987012986
1011,0.10526315789473684
1012,0.1
1013,0.12
1014,0.12686567164179105
1015,0.13138686131386862
1016,0.14285714285714285
1017,0.15789473684210525
1018,0.1111111111111111
1019,0.125
1020,0.25
1021,0.11475409836065574
1022,0.1415929203539823
1023,0.15384615384615385
1024,0.1271186440677966
1025,0.10317460317460317
1026,0.08823529411764706
1027,0.10185185185185185
1028,0.13636363636363635
1029,0.15384615384615385
1030,0.19791666666666666
1031,0.13761467889908258
1032,0.13636363636363635
1033,0.15267175572519084
1034,0.11504424778761062
1035,0.14049586776859505
1036,0.1588785046728972
1037,0.11827956989247312
1038,0.15384615384615385
1039,0.16101694915254236
1040,0.10317460317460317
1041,0.10714285714285714
1042,0.1271186440677966
1043,0.136
1044,0.13385826771653545
1045,0.14912280701754385
1046,0.2127659574468085
1047,0.18584070796460178
1048,0.19672131147540983
1049,0.1891891891891892
1050,0.18269230769230768
1051,0.13861386138613863
1052,0.19387755102040816
1053,0.08333333333333333
1054,0.12987012987012986
1055,0.17346938775510204
1056,0.07758620689655173
1057,0.09090909090909091
1058,0.1271186440677966
1059,0.16379310344827586
1060,0.10526315789473684
1061,0.10909090909090909
1062,0.1523809523809524
1063,0.17647058823529413
1064,0.2
1065,0.19444444444444445
1066,0.1693548387096774
1067,0.1487603305785124
1068,0.1810344827586207
1069,0.1623931623931624
1070,0.14782608695652175
1071,0.18333333333333332
1072,0.14285714285714285
1073,0.13385826771653545
1074,0.13194444444444445
1075,0.17391304347826086
1076,0.1388888888888889
1077,0.16071428571428573
1078,0.1391304347826087
1079,0.12295081967213115
1080,0.17692307692307693
1081,0.16
1082,0.17592592592592593
1083,0.18421052631578946
1084,0.13333333333333333
1085,0.16129032258064516
1086,0.21818181818181817
1087,0.1981981981981982
1088,0.17307692307692307
1089,0.16666666666666666
1090,0.2196969696969697
1091,0.2028985507246377
1092,0.15827338129496402
1093,0.10526315789473684
1094,0.10909090909090909
1095,0.128
1096,0.16666666666666666
1097,0.17699115044247787
1098,0.23076923076923078
1099,0.21904761904761905
1100,0.17346938775510204
1101,0.10227272727272728
1102,0.13402061855670103
1103,0.12408759124087591
1104,0.18791946308724833
1105,0.2196969696969697
1106,0.21311475409836064
1107,0.16101694915254236
1108,0.07920792079207921
1109,0.08620689655172414
1110,0.1557377049180328
1111,0.26605504587155965
1112,0.20175438596491227
1113,0.14545454545454545
1114,0.125
1115,0.15463917525773196
1116,0.14285714285714285
1117,0.2
1118,0.17647058823529413
1119,0.13675213675213677
1120,0.16793893129770993
1121,0.11409395973154363
1122,0.08333333333333333
1123,0.11475409836065574
1124,0.1346153846153846
1125,0.11940298507462686
1126,0.136986301369863
1127,0.1044776119402985
1128,0.0958904109589041
1129,0.14492753623188406
1130,0.11403508771929824
1131,0.14
1132,0.12903225806451613
1133,0.14685314685314685
1134,0.14814814814814814
1135,0.14166666666666666
1136,0.17857142857142858
1137,0.19230769230769232
1138,0.23478260869565218
1139,0.12318840579710146
1140,0.140625
1141,0.16393442622950818
1142,0.1487603305785124
1143,0.11278195488721804
1144,0.14173228346456693
1145,0.1794871794871795
1146,0.11678832116788321
1147,0.15328467153284672
1148,0.15966386554621848
1149,0.1388888888888889
1150,0.14912280701754385
1151,0.2072072072072072
1152,0.16279069767441862
1153,0.16129032258064516
1154,0.15254237288135594
1155,0.11811023622047244
1156,0.14285714285714285
1157,0.10852713178294573
1158,0.15384615384615385
1159,0.2
1160,0.21008403361344538
1161,0.15748031496062992
1162,0.152
1163,0.11382113821138211
1164,0.11818181818181818
1165,0.0847457627118644
1166,0.09090909090909091
1167,0.11851851851851852
1168,0.16541353383458646
1169,0.1865671641791045
1170,0.17543859649122806
1171,0.15789473684210525
1172,0.10526315789473684
1173,0.11278195488721804
1174,0.13138686131386862
1175,0.15217391304347827
1176,0.14634146341463414
1177,0.20930232558139536
1178,0.2
1179,0.1724137931034483
1180,0.14285714285714285
1181,0.12173913043478261
1182,0.18803418803418803
1183,0.1487603305785124
1184,0.15833333333333333
1185,0.14166666666666666
1186,0.25925925925925924
1187,0.30392156862745096
1188,0.20212765957446807
1189,0.25555555555555554
1190,0.17391304347826086
1191,0.19298245614035087
1192,0.17857142857142858
1193,0.23008849557522124
1194,0.15702479338842976
1195,0.14754098360655737
1196,0.24528301886792453
1197,0.18888888888888888
1198,0.1782178217821782
1199,0.18333333333333332
1200,0.14285714285714285
1201,0.13513513513513514
1202,0.1282051282051282
1203,0.14516129032258066
1204,0.1452991452991453
1205,0.08870967741935484
1206,0.13333333333333333
1207,0.11510791366906475
1208,0.1366906474820144
1209,0.15267175572519084
1210,0.09836065573770492
1211,0.06481481481481481
1212,0.2169811320754717
1213,0.14388489208633093
1214,0.14965986394557823
1215,0.13286713286713286
1216,0.09917355371900827
1217,0.13861386138613863
1218,0.17796610169491525
1219,0.11594202898550725
1220,0.14545454545454545
1221,0.13333333333333333
1222,0.23622047244094488
1223,0.16806722689075632
1224,0.2018348623853211
1225,0.17647058823529413
1226,0.14615384615384616
1227,0.16393442622950818
1228,0.12030075187969924
1229,0.184
1230,0.1640625
1231,0.16176470588235295
1232,0.22900763358778625
1233,0.16058394160583941
1234,0.13740458015267176
1235,0.17293233082706766
1236,0.1796875
1237,0.09734513274336283
1238,0.14583333333333334
1239,0.1827956989247312
1240,0.15
1241,0.10526315789473684
1242,0.11764705882352941
1243,0.17391304347826086
1244,0.12213740458015267
1245,0.1366906474820144
1246,0.1826086956521739
1247,0.1346153846153846
1248,0.17346938775510204
1249,0.14912280701754385
1250,0.171875
1251,0.1111111111111111
1252,0.13432835820895522
1253,0.1388888888888889
1254,0.1440677966101695
1255,0.14782608695652175
1256,0.10526315789473684
1257,0.13541666666666666
1258,0.18095238095238095
1259,0.16666666666666666
1260,0.18095238095238095
1261,0.15306122448979592
1262,0.13636363636363635
1263,0.2169811320754717
1264,0.19298245614035087
1265,0.1504424778761062
1266,0.10526315789473684
1267,0.175
1268,0.2631578947368421
1269,0.19736842105263158
1270,0.16483516483516483
1271,0.17045454545454544
1272,0.07291666666666667
1273,0.1791044776119403
1274,0.13924050632911392
1275,0.15254237288135594
1276,0.17142857142857143
1277,0.1774193548387097
1278,0.1476510067114094
1279,0.15873015873015872
1280,0.13541666666666666
1281,0.2376237623762376
1282,0.21052631578947367
1283,0.17117117117117117
1284,0.19230769230769232
1285,0.1346153846153846
1286,0.16494845360824742
1287,0.12403100775193798
1288,0.13138686131386862
1289,0.13709677419354838
1290,0.16
1291,0.226890756302521
1292,0.1504424778761062
1293,0.1652892561983471
1294,0.2
1295,0.1721311475409836
1296,0.12213740458015267
1297,0.1623931623931624
1298,0.19469026548672566
1299,0.16153846153846155
1300,0.1968503937007874
1301,0.125
1302,0.11904761904761904
1303,0.13636363636363635
1304,0.13636363636363635
1305,0.12931034482758622
1306,0.11475409836065574
1307,0.18333333333333332
1308,0.12605042016806722
1309,0.14634146341463414
1310,0.14960629921259844
1311,0.14782608695652175
1312,0.0990990990990991
1313,0.059322033898305086
1314,0.09090909090909091
1315,0.07920792079207921
1316,0.13953488372093023
1317,0.13178294573643412
1318,0.19672131147540983
1319,0.17647058823529413
1320,0.1504424778761062
1321,0.0784313725490196
1322,0.16037735849056603
1323,0.17142857142857143
1324,0.14285714285714285
1325,0.07462686567164178
1326,0.09302325581395349
1327,0.17757009345794392
1328,0.205607476635514
1329,0.2
1330,0.21052631578947367
1331,0.13559322033898305
1332,0.1889763779527559
1333,0.15037593984962405
1334,0.1487603305785124
1335,0.14634146341463414
1336,0.1885245901639344
1337,0.2288135593220339
1338,0.16393442622950818
1339,0.21238938053097345
1340,0.16363636363636364
1341,0.1557377049180328
1342,0.1349206349206349
1343,0.1320754716981132
1344,0.1504424778761062
1345,0.12878787878787878
1346,0.12403100775193798
1347,0.11382113821138211
1348,0.11594202898550725
1349,0.15625
1350,0.1271186440677966
1351,0.16521739130434782
1352,0.14893617021276595
1353,0.11392405063291139
1354,0.14130434782608695
1355,0.2037037037037037
1356,0.1619047619047619
1357,0.1568627450980392
1358,0.1484375
1359,0.15384615384615385
1360,0.16923076923076924
1361,0.17391304347826086
1362,0.18421052631578946
1363,0.17355371900826447
1364,0.13043478260869565
1365,0.13178294573643412
1366,0.10526315789473684
1367,0.16666666666666666
1368,0.17164179104477612
1369,0.13008130081300814
1370,0.096
1371,0.08333333333333333
1372,0.1092436974789916
1373,0.14035087719298245
1374,0.16666666666666666
1375,0.1875
1376,0.175
1377,0.16993464052287582
1378,0.1310344827586207
1379,0.1262135922330097
1380,0.14606741573033707
1381,0.16346153846153846
1382,0.2222222222222222
1383,0.13592233009708737
1384,0.17543859649122806
1385,0.09734513274336283
1386,0.09836065573770492
1387,0.21875
1388,0.11475409836065574
1389,0.1262135922330097
1390,0.10576923076923077
1391,0.102803738317757
1392,0.16071428571428573
1393,0.17857142857142858
1394,0.16176470588235295
1395,0.13768115942028986
1396,0.10429447852760736
1397,0.1557377049180328
1398,0.15053763440860216
1399,0.12
1400,0.21568627450980393
1401,0.1810344827586207
1402,0.16037735849056603
1403,0.12389380530973451
1404,0.13445378151260504
1405,0.11711711711711711
1406,0.13445378151260504
1407,0.14925373134328357
1408,0.11382113821138211
1409,0.14655172413793102
1410,0.12698412698412698
1411,0.1732283464566929
1412,0.13970588235294118
1413,0.0967741935483871
1414,0.028225806451612902
1758,0.00851063829787234
1759,0.08333333333333333
1760,0.0
1761,0.0
1762,0.0
1763,0.030303030303030304
1764,0.11724137931034483
1765,0.06802721088435375
1766,0.0979020979020979
1767,0.10273972602739725
1768,0.11965811965811966
1769,0.017857142857142856
1770,0.08695652173913043
1771,0.0
1772,0.0
1773,0.0
1774,0.03260869565217391
1775,0.11194029850746269
1776,0.06521739130434782
1777,0.08163265306122448
1778,0.10135135135135136
1779,0.1357142857142857
1780,0.12857142857142856
1781,0.10869565217391304
1782,0.08108108108108109
1783,0.1079136690647482
1784,0.1694915254237288
1785,0.1557377049180328
1786,0.16923076923076924
1787,0.11188811188811189
1788,0.13740458015267176
1789,0.09090909090909091
1790,0.08527131782945736
1791,0.2072072072072072
1792,0.19444444444444445
1793,0.16101694915254236
1794,0.15384615384615385
1795,0.21008403361344538
1796,0.1794871794871795
1797,0.1388888888888889
1798,0.14130434782608695
1799,0.1956521739130435
1800,0.21904761904761905
1801,0.21153846153846154
1802,0.19090909090909092
1803,0.23076923076923078
1804,0.18181818181818182
1805,0.20512820512820512
1806,0.15
1807,0.1504424778761062
1808,0.18518518518518517
1809,0.26262626262626265
1810,0.23958333333333334
1811,0.12931034482758622
1812,0.1487603305785124
1813,0.13008130081300814
1814,0.16666666666666666
1815,0.04411764705882353
1816,0.050505050505050504
1817,0.1984732824427481
1818,0.12056737588652482
1819,0.14925373134328357
1820,0.18181818181818182
1821,0.1743119266055046
1822,0.16964285714285715
1823,0.16161616161616163
1824,0.23404255319148937
1825,0.2127659574468085
1826,0.1693548387096774
1827,0.16666666666666666
1828,0.16216216216216217
1829,0.16666666666666666
1830,0.28125
1831,0.09923664122137404
1832,0.06818181818181818
1833,0.14035087719298245
1834,0.14173228346456693
1835,0.09230769230769231
1836,0.1651376146788991
1837,0.2
1838,0.14285714285714285
1839,0.12857142857142856
1840,0.12056737588652482
1841,0.14173228346456693
1842,0.1452991452991453
1843,0.16129032258064516
1844,0.1308411214953271
1845,0.19753086419753085
1846,0.20202020202020202
1847,0.1702127659574468
1848,0.20930232558139536
1849,0.18947368421052632
1850,0.16842105263157894
1851,0.19148936170212766
1852,0.205607476635514
1853,0.2727272727272727
1854,0.175
1855,0.16793893129770993
1856,0.13768115942028986
1857,0.11428571428571428
1858,0.13846153846153847
1859,0.1891891891891892
1860,0.1391304347826087
1861,0.11538461538461539
1862,0.12941176470588237
1863,0.1348314606741573
1864,0.20454545454545456
1865,0.18181818181818182
1866,0.14423076923076922
1867,0.15966386554621848
1868,0.13043478260869565
1869,0.19130434782608696
1870,0.12121212121212122
1871,0.1693548387096774
1872,0.144
1873,0.15384615384615385
1874,0.2076923076923077
1875,0.22549019607843138
1876,0.24285714285714285
1877,0.0967741935483871
1878,0.09876543209876543
1879,0.16981132075471697
1880,0.17699115044247787
1881,0.12686567164179105
1882,0.12781954887218044
1883,0.14754098360655737
1884,0.125
1885,0.12686567164179105
1886,0.20155038759689922
1887,0.08
1888,0.22535211267605634
1889,0.16842105263157894
1890,0.11
1891,0.18181818181818182
1892,0.16049382716049382
1893,0.09782608695652174
1894,0.08695652173913043
1895,0.1826086956521739
1896,0.112
1897,0.07857142857142857
1898,0.08333333333333333
1899,0.16666666666666666
1900,0.15503875968992248
1901,0.1310344827586207
1902,0.13043478260869565
1903,0.13725490196078433
1904,0.13861386138613863
1905,0.13970588235294118
1906,0.15942028985507245
1907,0.09900990099009901
1908,0.09259259259259259
1909,0.07446808510638298
1910,0.08391608391608392
1911,0.1232876712328767
1912,0.11188811188811189
1913,0.14285714285714285
1914,0.09701492537313433
1915,0.11188811188811189
1916,0.14965986394557823
1917,0.13286713286713286
1918,0.14173228346456693
1919,0.12698412698412698
1920,0.16153846153846155
1921,0.1259259259259259
1922,0.12949640287769784
1923,0.16666666666666666
1924,0.13138686131386862
1925,0.07913669064748201
1926,0.1037037037037037
1927,0.15217391304347827
1928,0.144
1929,0.1206896551724138
1930,0.11382113821138211
1931,0.1320754716981132
1932,0.1111111111111111
1933,0.14782608695652175
1934,0.11570247933884298
1935,0.20754716981132076
1936,0.08547008547008547
1937,0.08088235294117647
1938,0.09230769230769231
1939,0.18627450980392157
1940,0.16831683168316833
1941,0.125
1942,0.1
1943,0.1111111111111111
1944,0.14074074074074075
1945,0.06716417910447761
1946,0.07462686567164178
1947,0.125
1948,0.1079136690647482
1949,0.17647058823529413
1950,0.125
1951,0.11940298507462686
1952,0.14516129032258066
1953,0.05747126436781609
1954,0.10638297872340426
1955,0.06153846153846154
1956,0.10714285714285714
1957,0.1417910447761194
1958,0.13559322033898305
1959,0.18
1960,0.11965811965811966
1961,0.14516129032258066
1962,0.09230769230769231
1963,0.12030075187969924
1964,0.1297709923664122
1965,0.13076923076923078
1966,0.12871287128712872
1967,0.13978494623655913
1968,0.18699186991869918
1969,0.21782178217821782
1970,0.17582417582417584
1971,0.09558823529411764
1972,0.1259259259259259
1973,0.13709677419354838
1974,0.13559322033898305
1975,0.10714285714285714
1976,0.13008130081300814
1977,0.13385826771653545
1978,0.1926605504587156
1979,0.13821138211382114
1980,0.14960629921259844
1981,0.10569105691056911
1982,0.08333333333333333
1983,0.09278350515463918
1984,0.14615384615384616
1985,0.13333333333333333
1986,0.1206896551724138
1987,0.14
1988,0.14414414414414414
1989,0.15
1990,0.125
1991,0.18269230769230768
1992,0.11764705882352941
1993,0.12
1994,0.17518248175182483
1995,0.15328467153284672
1996,0.23529411764705882
1997,0.175
1998,0.16101694915254236
1999,0.1326530612244898
2000,0.14035087719298245
2001,0.2
2002,0.17073170731707318
2003,0.16666666666666666
2004,0.11864406779661017
2005,0.10317460317460317
2006,0.09395973154362416
2007,0.14814814814814814
2008,0.14655172413793102
2009,0.14173228346456693
2010,0.1951219512195122
2011,0.15079365079365079
2012,0.12598425196850394
2013,0.09523809523809523
2014,0.07627118644067797
2015,0.08547008547008547
2016,0.09701492537313433
2017,0.08148148148148149
2018,0.07518796992481203
2019,0.07042253521126761
2020,0.10273972602739725
2021,0.061224489795918366
2022,0.024390243902439025
2023,0.07086614173228346
2024,0.09322033898305085
2025,0.16666666666666666
2026,0.07692307692307693
2027,0.15492957746478872
2028,0.11333333333333333
2029,0.17482517482517482
2030,0.10596026490066225
2031,0.17006802721088435
2032,0.15671641791044777
2033,0.140625
2034,0.2076923076923077
2035,0.10144927536231885
2036,0.1223021582733813
2037,0.11678832116788321
2038,0.13178294573643412
2039,0.17886178861788618
2040,0.128
2041,0.1
2042,0.0425531914893617
2043,0.038461538461538464
2044,0.041666666666666664
2045,0.15267175572519084
2046,0.09868421052631579
2047,0.11724137931034483
2048,0.11940298507462686
2049,0.16793893129770993
2050,0.1111111111111111
2051,0.18811881188118812
2052,0.16091954022988506
2053,0.12631578947368421
2054,0.18691588785046728
2055,0.13008130081300814
2056,0.15833333333333333
2057,0.17592592592592593
2058,0.15
2059,0.10687022900763359
2060,0.1076923076923077
2061,0.11851851851851852
2062,0.15037593984962405
2063,0.09523809523809523
2064,0.14782608695652175
2065,0.1111111111111111
2066,0.14173228346456693
2067,0.12781954887218044
2068,0.0962962962962963
2069,0.09022556390977443
2070,0.09448818897637795
2071,0.11475409836065574
2072,0.13385826771653545
2073,0.1981981981981982
2074,0.14563106796116504
2075,0.17094017094017094
2076,0.11450381679389313
2077,0.06382978723404255
2078,0.10884353741496598
2079,0.09322033898305085
2080,0.22826086956521738
2081,0.19318181818181818
2082,0.1875
2083,0.21296296296296297
2084,0.17
2085,0.15384615384615385
2086,0.1414141414141414
2087,0.11304347826086956
2088,0.15
2089,0.17708333333333334
2090,0.12371134020618557
2091,0.12612612612612611
2092,0.14074074074074075
2093,0.11904761904761904
2094,0.14018691588785046
2095,0.14814814814814814
2096,0.1592920353982301
2097,0.16296296296296298
2098,0.1276595744680851
2099,0.08208955223880597
2100,0.07462686567164178
2101,0.15267175572519084
2102,0.12612612612612611
2103,0.1262135922330097
2104,0.16521739130434782
2105,0.15079365079365079
2106,0.11029411764705882
2107,0.08849557522123894
2108,0.08571428571428572
2109,0.04395604395604396
2110,0.10377358490566038
2111,0.125
2112,0.12037037037037036
2113,0.14960629921259844
2114,0.2
2115,0.1792452830188679
2116,0.2037037037037037
2117,0.17142857142857143
2118,0.10185185185185185
2119,0.18181818181818182
2120,0.1559633027522936
2121,0.16831683168316833
2122,0.08888888888888889
2123,0.11347517730496454
2124,0.10810810810810811
2125,0.19230769230769232
2126,0.08490566037735849
2127,0.13821138211382114
2128,0.14074074074074075
2129,0.11805555555555555
2130,0.19444444444444445
2131,0.1889763779527559
2132,0.14782608695652175
2133,0.20155038759689922
2134,0.12
2135,0.0547945205479452
2136,0.03614457831325301
2137,0.1592920353982301
2138,0.15789473684210525
2139,0.11538461538461539
2140,0.1111111111111111
2141,0.12598425196850394
2142,0.1796875
2143,0.1388888888888889
2144,0.16083916083916083
2145,0.07692307692307693
2146,0.1323529411764706
2147,0.0958904109589041
2148,0.09722222222222222
2149,0.1640625
2150,0.07462686567164178
2151,0.1297709923664122
2152,0.18699186991869918
2153,0.12878787878787878
2154,0.11538461538461539
2155,0.11904761904761904
2156,0.10869565217391304
2157,0.0975609756097561
2158,0.12871287128712872
2159,0.17647058823529413
2160,0.104
2161,0.1323529411764706
2162,0.14285714285714285
2163,0.18584070796460178
2164,0.11764705882352941
2165,0.09322033898305085
2166,0.11904761904761904
2167,0.11851851851851852
2168,0.16923076923076924
2169,0.13043478260869565
2170,0.125
2171,0.11403508771929824
2172,0.17142857142857143
2173,0.1271186440677966
2174,0.14074074074074075
2175,0.14184397163120568
2176,0.12318840579710146
2177,0.1267605633802817
2178,0.19230769230769232
2179,0.1282051282051282
2180,0.16216216216216217
2181,0.061224489795918366
2182,0.041666666666666664
2183,0.03225806451612903
2184,0.12
2185,0.20388349514563106
2186,0.19791666666666666
2187,0.13793103448275862
2188,0.12686567164179105
2189,0.18181818181818182
2190,0.23076923076923078
2191,0.10714285714285714
2192,0.17037037037037037
2193,0.18439716312056736
2194,0.18571428571428572
2195,0.22302158273381295
2196,0.17857142857142858
2197,0.15441176470588236
2198,0.18045112781954886
2199,0.18045112781954886
2200,0.1702127659574468
2201,0.16417910447761194
2202,0.23770491803278687
2203,0.15328467153284672
2204,0.20437956204379562
2205,0.15333333333333332
2206,0.15
2207,0.16312056737588654
2208,0.14285714285714285
2209,0.1554054054054054
2210,0.125
2211,0.0880503144654088
2212,0.20915032679738563
2213,0.16312056737588654
2214,0.2698412698412698
2215,0.17985611510791366
2216,0.1968503937007874
2217,0.18110236220472442
2218,0.1640625
2219,0.16279069767441862
2220,0.1984126984126984
2221,0.2845528455284553
2222,0.16666666666666666
2223,0.19658119658119658
2224,0.16666666666666666
2225,0.19696969696969696
2226,0.12056737588652482
2227,0.1532258064516129
2228,0.05405405405405406
2229,0.08
2230,0.09900990099009901
2231,0.14814814814814814
2232,0.14925373134328357
2233,0.16541353383458646
2234,0.08759124087591241
2235,0.10606060606060606
2236,0.13740458015267176
2237,0.12403100775193798
2238,0.12318840579710146
2239,0.1386861313868613
2240,0.13333333333333333
2241,0.1111111111111111
2242,0.11594202898550725
2243,0.14583333333333334
2244,0.15151515151515152
2245,0.125
2246,0.152
2247,0.21138211382113822
2248,0.16058394160583941
2249,0.14516129032258066
2250,0.1650485436893204
2251,0.13333333333333333
2252,0.22033898305084745
2253,0.12605042016806722
2254,0.13934426229508196
2255,0.12396694214876033
2256,0.1652892561983471
2257,0.19491525423728814
2258,0.22935779816513763
2259,0.21238938053097345
2260,0.19444444444444445
2261,0.20952380952380953
2262,0.1693548387096774
2263,0.1984732824427481
2264,0.14388489208633093
2265,0.10204081632653061
2266,0.14492753623188406
2267,0.11724137931034483
2268,0.0967741935483871
2269,0.1267605633802817
2270,0.0896551724137931
2271,0.10135135135135136
2272,0.08108108108108109
2273,0.06293706293706294
2274,0.08333333333333333
2275,0.171875
2276,0.20155038759689922
2277,0.18699186991869918
2278,0.045454545454545456
2279,0.025
2280,0.04878048780487805
2281,0.12096774193548387
2282,0.11428571428571428
2283,0.14492753623188406
2284,0.20634920634920634
2285,0.13636363636363635
2286,0.14960629921259844
2287,0.0851063829787234
2288,0.11724137931034483
2289,0.11971830985915492
2290,0.1532258064516129
2291,0.12096774193548387
2292,0.109375
2293,0.15447154471544716
2294,0.10869565217391304
2295,0.13970588235294118
2296,0.11678832116788321
2297,0.11029411764705882
2298,0.14615384615384616
2299,0.09774436090225563
2300,0.1328125
2301,0.20634920634920634
2302,0.1328125
2303,0.15447154471544716
2304,0.15625
2305,0.1746031746031746
2306,0.16129032258064516
2307,0.12686567164179105
2308,0.15827338129496402
2309,0.17094017094017094
2310,0.17391304347826086
2311,0.24175824175824176
2312,0.10077519379844961
2313,0.12949640287769784
2314,0.2
2315,0.12121212121212122
2316,0.07407407407407407
2317,0.17647058823529413
2318,0.21153846153846154
2319,0.19642857142857142
2320,0.18803418803418803
2321,0.12
2322,0.10569105691056911
2323,0.1171875
2324,0.11764705882352941
2325,0.12878787878787878
2326,0.1076923076923077
2327,0.11627906976744186
2328,0.17355371900826447
2329,0.14960629921259844
2330,0.1349206349206349
2331,0.08490566037735849
2332,0.05263157894736842
2333,0.08571428571428572
2334,0.05714285714285714
2335,0.12605042016806722
2336,0.15217391304347827
2337,0.125
2338,0.1095890410958904
2339,0.17482517482517482
2340,0.0821917808219178
2341,0.09090909090909091
2342,0.07518796992481203
2343,0.10948905109489052
2344,0.15555555555555556
2345,0.10714285714285714
2346,0.08571428571428572
2347,0.10948905109489052
2348,0.11428571428571428
2349,0.15328467153284672
2350,0.0962962962962963
2351,0.13076923076923078
2352,0.11971830985915492
2353,0.10144927536231885
2354,0.16666666666666666
2355,0.1015625
2356,0.09420289855072464
2357,0.125
2358,0.18248175182481752
2359,0.18181818181818182
2360,0.1323529411764706
2361,0.15671641791044777
2362,0.15037593984962405
2363,0.12080536912751678
2364,0.12244897959183673
2365,0.11428571428571428
2366,0.1232876712328767
2367,0.1258741258741259
2368,0.15671641791044777
2369,0.16521739130434782
2370,0.19090909090909092
2371,0.125
2372,0.10738255033557047
2373,0.1527777777777778
2374,0.17557251908396945
2375,0.13432835820895522
2376,0.1450381679389313
2377,0.16153846153846155
2378,0.19083969465648856
2379,0.1889763779527559
2380,0.14925373134328357
2381,0.16279069767441862
2382,0.1885245901639344
2383,0.27102803738317754
2384,0.11851851851851852
2385,0.16176470588235295
2386,0.17054263565891473
2387,0.13740458015267176
2388,0.09558823529411764
2389,0.11594202898550725
2390,0.168
2391,0.1885245901639344
2392,0.15517241379310345
2393,0.15384615384615385
2394,0.07377049180327869
2395,0.19607843137254902
2396,0.1651376146788991
2397,0.16666666666666666
2398,0.15873015873015872
2399,0.14655172413793102
2400,0.12195121951219512
2401,0.11403508771929824
2402,0.029411764705882353
2403,0.058823529411764705
2404,0.08333333333333333
2405,0.056074766355140186
2406,0.12121212121212122
2407,0.13432835820895522
2408,0.13432835820895522
2409,0.12
2410,0.14615384615384616
2411,0.12878787878787878
2412,0.16101694915254236
2413,0.13709677419354838
2414,0.128
2415,0.11194029850746269
2416,0.10416666666666667
2417,0.15671641791044777
2418,0.13533834586466165
2419,0.16260162601626016
2420,0.0873015873015873
2421,0.10569105691056911
2422,0.09090909090909091
2423,0.09523809523809523
2424,0.12213740458015267
2425,0.15873015873015872
2426,0.1875
2427,0.1504424778761062
2428,0.23636363636363636
2429,0.12295081967213115
2430,0.1386861313868613
2431,0.17037037037037037
2432,0.1076923076923077
2433,0.14285714285714285
2434,0.12949640287769784
2435,0.16296296296296298
2436,0.07751937984496124
2437,0.07086614173228346
2438,0.15966386554621848
2439,0.11764705882352941
2440,0.11818181818181818
2441,0.11965811965811966
2442,0.1640625
2443,0.12408759124087591
2444,0.1322314049586777
2445,0.10569105691056911
2446,0.09923664122137404
2447,0.13636363636363635
2448,0.06837606837606838
2449,0.13392857142857142
2450,0.1565217391304348
2451,0.07801418439716312
2452,0.0625
2453,0.06474820143884892
2454,0.08843537414965986
2455,0.14492753623188406
2456,0.2
2457,0.12878787878787878
2458,0.15492957746478872
2459,0.12781954887218044
2460,0.104
2461,0.15267175572519084
2462,0.13740458015267176
2463,0.14782608695652175
2464,0.06097560975609756
2465,0.11428571428571428
2466,0.046511627906976744
2467,0.05555555555555555
2468,0.10344827586206896
2469,0.12121212121212122
2470,0.15267175572519084
2471,0.25
2472,0.21100917431192662
2473,0.14035087719298245
2474,0.1651376146788991
2475,0.1590909090909091
2476,0.20430107526881722
2477,0.15517241379310345
2478,0.13636363636363635
2479,0.23655913978494625
2480,0.19480519480519481
2481,0.2222222222222222
2482,0.13580246913580246
2483,0.2376237623762376
2484,0.25925925925925924
2485,0.23300970873786409
2486,0.15
2487,0.2079207920792079
2488,0.13533834586466165
2489,0.1590909090909091
2490,0.15384615384615385
2491,0.11538461538461539
2492,0.16030534351145037
2493,0.21705426356589147
2494,0.14393939393939395
2495,0.184
2496,0.15151515151515152
2497,0.17829457364341086
2498,0.14814814814814814
2499,0.10869565217391304
2500,0.13076923076923078
2501,0.192
2502,0.12837837837837837
2503,0.1917808219178082
2504,0.145985401459854
2505,0.1079136690647482
2506,0.11888111888111888
2507,0.10714285714285714
2508,0.18253968253968253
2509,0.16535433070866143
2510,0.16793893129770993
2511,0.14285714285714285
2512,0.1794871794871795
2513,0.20175438596491227
2514,0.0967741935483871
2515,0.21367521367521367
2516,0.1349206349206349
2517,0.1111111111111111
2518,0.17557251908396945
2519,0.1554054054054054
2520,0.12318840579710146
2521,0.17073170731707318
2522,0.13953488372093023
2523,0.09558823529411764
2524,0.12686567164179105
2525,0.1366906474820144
2526,0.1510791366906475
2527,0.12686567164179105
2528,0.15503875968992248
2529,0.18181818181818182
2530,0.12698412698412698
2531,0.06481481481481481
2532,0.05172413793103448
2533,0.075
2534,0.058823529411764705
2535,0.14285714285714285
2536,0.0948905109489051
2537,0.13138686131386862
2538,0.15555555555555556
2539,0.19166666666666668
2540,0.14173228346456693
2541,0.15384615384615385
2542,0.15
2543,0.15447154471544716
2544,0.13709677419354838
2545,0.13533834586466165
2546,0.10236220472440945
2547,0.14912280701754385
2548,0.09230769230769231
2549,0.17557251908396945
2550,0.12318840579710146
2551,0.13333333333333333
2552,0.1323529411764706
2553,0.12949640287769784
2554,0.1791044776119403
2555,0.14388489208633093
2556,0.11971830985915492
2557,0.10869565217391304
2558,0.16393442622950818
2559,0.14150943396226415
2560,0.20833333333333334
2561,0.13636363636363635
2562,0.04950495049504951
2563,0.10144927536231885
2564,0.1702127659574468
2565,0.22137404580152673
2566,0.14615384615384616
2567,0.1875
2568,0.21621621621621623
2569,0.14049586776859505
2570,0.16037735849056603
2571,0.2604166666666667
2572,0.17272727272727273
2573,0.10948905109489052
2574,0.16279069767441862
2575,0.22413793103448276
2576,0.18584070796460178
2577,0.16666666666666666
2578,0.2631578947368421
2579,0.17894736842105263
2580,0.10687022900763359
2581,0.10687022900763359
2582,0.17307692307692307
2583,0.22522522522522523
2584,0.1693548387096774
2585,0.16666666666666666
2586,0.15151515151515152
2587,0.19607843137254902
2588,0.18803418803418803
2589,0.15447154471544716
2590,0.19827586206896552
2591,0.1044776119402985
2592,0.10071942446043165
2593,0.12030075187969924
2594,0.18181818181818182
2595,0.14193548387096774
2596,0.06611570247933884
2597,0.09259259259259259
2598,0.038461538461538464
2599,0.057692307692307696
2600,0.145985401459854
2601,0.12878787878787878
2602,0.14166666666666666
2603,0.14754098360655737
2604,0.16296296296296298
2605,0.17829457364341086
2606,0.12781954887218044
2607,0.13385826771653545
2608,0.1328125
2609,0.1037037037037037
2610,0.11267605633802817
2611,0.1875
2612,0.1323529411764706
2613,0.15267175572519084
2614,0.18181818181818182
2615,0.22330097087378642
2616,0.19327731092436976
2617,0.1276595744680851
2618,0.09722222222222222
2619,0.10869565217391304
2620,0.08450704225352113
2621,0.0763888888888889
2622,0.13380281690140844
2623,0.11678832116788321
2624,0.16521739130434782
2625,0.17391304347826086
2626,0.125
2627,0.1450381679389313
2628,0.20930232558139536
2629,0.14393939393939395
2630,0.1366906474820144
2631,0.13008130081300814
2632,0.1388888888888889
2633,0.06766917293233082
2634,0.11409395973154363
2635,0.15172413793103448
2636,0.18045112781954886
2637,0.15447154471544716
2638,0.11570247933884298
2639,0.11851851851851852
2640,0.11926605504587157
2641,0.12631578947368421
2642,0.15517241379310345
2643,0.136
2644,0.1297709923664122
2645,0.11347517730496454
2646,0.12686567164179105
2647,0.09574468085106383
2648,0.08641975308641975
2649,0.11818181818181818
2650,0.08108108108108109
2651,0.10891089108910891
2652,0.19090909090909092
2653,0.20909090909090908
2654,0.1640625
2655,0.14685314685314685
2656,0.1366906474820144
2657,0.14705882352941177
2658,0.0425531914893617
2659,0.075
2660,0.0
2661,0.08695652173913043
2662,0.0
2663,0.0
2664,0.0
2665,0.0297029702970297
2666,0.12408759124087591
2667,0.07692307692307693
2668,0.08391608391608392
2669,0.10135135135135136
2670,0.1357142857142857
2671,0.12857142857142856
2672,0.10869565217391304
2673,0.08108108108108109
2674,0.1079136690647482
2675,0.1694915254237288
2676,0.1557377049180328
2677,0.16923076923076924
2678,0.10638297872340426
2679,0.15873015873015872
2680,0.09090909090909091
2681,0.11450381679389313
2682,0.21008403361344538
2683,0.2
2684,0.14285714285714285
2685,0.15079365079365079
2686,0.19827586206896552
2687,0.17355371900826447
2688,0.13636363636363635
2689,0.16853932584269662
2690,0.21052631578947367
2691,0.22549019607843138
2692,0.18691588785046728
2693,0.19130434782608696
2694,0.23076923076923078
2695,0.18181818181818182
2696,0.20512820512820512
2697,0.15
2698,0.1504424778761062
2699,0.18518518518518517
2700,0.26262626262626265
2701,0.23958333333333334
2702,0.12931034482758622
2703,0.1487603305785124
2704,0.13008130081300814
2705,0.16666666666666666
2706,0.04411764705882353
2707,0.05555555555555555
2708,0.176
2709,0.11347517730496454
2710,0.15384615384615385
2711,0.14912280701754385
2712,0.15315315315315314
2713,0.2
2714,0.17346938775510204
2715,0.1836734693877551
2716,0.22
2717,0.20353982300884957
2718,0.17886178861788618
2719,0.10256410256410256
2720,0.1509433962264151
2721,0.24489795918367346
2722,0.136
2723,0.11023622047244094
2724,0.16964285714285715
2725,0.16129032258064516
2726,0.1037037037037037
2727,0.1926605504587156
2728,0.22448979591836735
2729,0.1349206349206349
2730,0.13986013986013987
2731,0.10144927536231885
2732,0.08527131782945736
2733,0.19298245614035087
2734,0.175
2735,0.1206896551724138
2736,0.23863636363636365
2737,0.20689655172413793
2738,0.22727272727272727
2739,0.21978021978021978
2740,0.17708333333333334
2741,0.16129032258064516
2742,0.19148936170212766
2743,0.22549019607843138
2744,0.29
2745,0.152
2746,0.1450381679389313
2747,0.1323529411764706
2748,0.15555555555555556
2749,0.15555555555555556
2750,0.16216216216216217
2751,0.1509433962264151
2752,0.1694915254237288
2753,0.10752688172043011
2754,0.07792207792207792
2755,0.21739130434782608
2756,0.1839080459770115
2757,0.0625
2758,0.10714285714285714
2759,0.1743119266055046
2760,0.1484375
2761,0.21551724137931033
2762,0.11382113821138211
2763,0.144
2764,0.13709677419354838
2765,0.17692307692307693
2766,0.22764227642276422
2767,0.19101123595505617
2768,0.13636363636363635
2769,0.13114754098360656
2770,0.13043478260869565
2771,0.13761467889908258
2772,0.12396694214876033
2773,0.11510791366906475
2774,0.1557377049180328
2775,0.1968503937007874
2776,0.12686567164179105
2777,0.06716417910447761
2778,0.125
2779,0.17045454545454544
2780,0.2564102564102564
2781,0.1485148514851485
2782,0.13978494623655913
2783,0.2073170731707317
2784,0.16853932584269662
2785,0.1348314606741573
2786,0.12612612612612611
2787,0.18253968253968253
2788,0.1259259259259259
2789,0.09929078014184398
2790,0.06557377049180328
2791,0.15454545454545454
2792,0.1015625
2793,0.11278195488721804
2794,0.13333333333333333
2795,0.1509433962264151
2796,0.16346153846153846
2797,0.1111111111111111
2798,0.14393939393939395
2799,0.043010752688172046
2800,0.08620689655172414
2801,0.11764705882352941
2802,0.07534246575342465
2803,0.11805555555555555
2804,0.11278195488721804
2805,0.144
2806,0.125
2807,0.1079136690647482
2808,0.12056737588652482
2809,0.11594202898550725
2810,0.10852713178294573
2811,0.125
2812,0.1640625
2813,0.12213740458015267
2814,0.13043478260869565
2815,0.18571428571428572
2816,0.15151515151515152
2817,0.1044776119402985
2818,0.08148148148148149
2819,0.1417910447761194
2820,0.16279069767441862
2821,0.13114754098360656
2822,0.104
2823,0.12121212121212122
2824,0.08181818181818182
2825,0.16379310344827586
2826,0.15517241379310345
2827,0.2
2828,0.08849557522123894
2829,0.07352941176470588
2830,0.0967741935483871
2831,0.16494845360824742
2832,0.15841584158415842
2833,0.13861386138613863
2834,0.15306122448979592
2835,0.096
2836,0.14173228346456693
2837,0.06666666666666667
2838,0.07857142857142857
2839,0.1037037037037037
2840,0.09420289855072464
2841,0.18518518518518517
2842,0.11194029850746269
2843,0.11023622047244094
2844,0.11627906976744186
2845,0.10526315789473684
2846,0.09433962264150944
2847,0.05454545454545454
2848,0.09090909090909091
2849,0.15384615384615385
2850,0.2033898305084746
2851,0.1559633027522936
2852,0.14912280701754385
2853,0.14615384615384616
2854,0.1732283464566929
2855,0.1171875
2856,0.17355371900826447
2857,0.14960629921259844
2858,0.09174311926605505
2859,0.1625
2860,0.10084033613445378
2861,0.15178571428571427
2862,0.2465753424657534
2863,0.10256410256410256
2864,0.1079136690647482
2865,0.13709677419354838
2866,0.11450381679389313
2867,0.16101694915254236
2868,0.15517241379310345
2869,0.11363636363636363
2870,0.07339449541284404
2871,0.057692307692307696
2872,0.13076923076923078
2873,0.16153846153846155
2874,0.11214953271028037
2875,0.2073170731707317
2876,0.12195121951219512
2877,0.1773049645390071
2878,0.16923076923076924
2879,0.1651376146788991
2880,0.14285714285714285
2881,0.1592920353982301
2882,0.1693548387096774
2883,0.15841584158415842
2884,0.16666666666666666
2885,0.09027777777777778
2886,0.10714285714285714
2887,0.1223021582733813
2888,0.1297709923664122
2889,0.17796610169491525
2890,0.112
2891,0.19811320754716982
2892,0.13592233009708737
2893,0.16666666666666666
2894,0.19083969465648856
2895,0.1721311475409836
2896,0.17699115044247787
2897,0.21818181818181817
2898,0.10526315789473684
2899,0.0821917808219178
2900,0.20155038759689922
2901,0.1271186440677966
2902,0.16666666666666666
2903,0.1694915254237288
2904,0.1557377049180328
2905,0.12403100775193798
2906,0.09230769230769231
2907,0.075
2908,0.09243697478991597
2909,0.11278195488721804
2910,0.08695652173913043
2911,0.14074074074074075
2912,0.10344827586206896
2913,0.1
2914,0.05747126436781609
2915,0.056179775280898875
2916,0.07194244604316546
2917,0.10569105691056911
2918,0.12264150943396226
2919,0.09565217391304348
2920,0.11940298507462686
2921,0.11920529801324503
2922,0.15714285714285714
2923,0.09210526315789473
2924,0.19014084507042253
2925,0.14285714285714285
2926,0.15503875968992248
2927,0.2196969696969697
2928,0.09523809523809523
2929,0.11194029850746269
2930,0.10526315789473684
2931,0.1557377049180328
2932,0.1885245901639344
2933,0.1532258064516129
2934,0.09523809523809523
2935,0.05434782608695652
2936,0.08333333333333333
2937,0.038834951456310676
2938,0.17164179104477612
2939,0.10666666666666667
2940,0.12244897959183673
2941,0.13333333333333333
2942,0.1732283464566929
2943,0.11764705882352941
2944,0.19
2945,0.16091954022988506
2946,0.13043478260869565
2947,0.18691588785046728
2948,0.13008130081300814
2949,0.15833333333333333
2950,0.17592592592592593
2951,0.14035087719298245
2952,0.10852713178294573
2953,0.12213740458015267
2954,0.12213740458015267
2955,0.12030075187969924
2956,0.096
2957,0.13934426229508196
2958,0.08527131782945736
2959,0.16
2960,0.12030075187969924
2961,0.09448818897637795
2962,0.1
2963,0.13385826771653545
2964,0.12096774193548387
2965,0.12030075187969924
2966,0.17757009345794392
2967,0.1568627450980392
2968,0.12598425196850394
2969,0.1
2970,0.0948905109489051
2971,0.09859154929577464
2972,0.09009009009009009
2973,0.17582417582417584
2974,0.18181818181818182
2975,0.2804878048780488
2976,0.25252525252525254
2977,0.17592592592592593
2978,0.17708333333333334
2979,0.16483516483516483
2980,0.12389380530973451
2981,0.12605042016806722
2982,0.15463917525773196
2983,0.1326530612244898
2984,0.16822429906542055
2985,0.15079365079365079
2986,0.13114754098360656
2987,0.1504424778761062
2988,0.21238938053097345
2989,0.11965811965811966
2990,0.1721311475409836
2991,0.12837837837837837
2992,0.12408759124087591
2993,0.0962962962962963
2994,0.13533834586466165
2995,0.1206896551724138
2996,0.125
2997,0.16822429906542055
2998,0.14049586776859505
2999,0.14393939393939395
3000,0.12
3001,0.033707865168539325
3002,0.0684931506849315
3003,0.07920792079207921
3004,0.13186813186813187
3005,0.16842105263157894
3006,0.17647058823529413
3007,0.13114754098360656
3008,0.19444444444444445
3009,0.12280701754385964
3010,0.15841584158415842
3011,0.1553398058252427
3012,0.14912280701754385
3013,0.13793103448275862
3014,0.12264150943396226
3015,0.09565217391304348
3016,0.10218978102189781
3017,0.10687022900763359
3018,0.1348314606741573
3019,0.12
3020,0.18803418803418803
3021,0.1640625
3022,0.1048951048951049
3023,0.18115942028985507
3024,0.13768115942028986
3025,0.19327731092436976
3026,0.2066115702479339
3027,0.08088235294117647
3028,0.021739130434782608
3029,0.05555555555555555
3030,0.07291666666666667
3031,0.12
3032,0.21551724137931033
3033,0.11363636363636363
3034,0.12686567164179105
3035,0.168
3036,0.16176470588235295
3037,0.11258278145695365
3038,0.13194444444444445
3039,0.13768115942028986
3040,0.1079136690647482
3041,0.12413793103448276
3042,0.13043478260869565
3043,0.08461538461538462
3044,0.11363636363636363
3045,0.14754098360655737
3046,0.1693548387096774
3047,0.14285714285714285
3048,0.14615384615384616
3049,0.14925373134328357
3050,0.13953488372093023
3051,0.14655172413793102
3052,0.1452991452991453
3053,0.21100917431192662
3054,0.07142857142857142
3055,0.11450381679389313
3056,0.11363636363636363
3057,0.17543859649122806
3058,0.13861386138613863
3059,0.08849557522123894
3060,0.13846153846153847
3061,0.16153846153846155
3062,0.1417910447761194
3063,0.13043478260869565
3064,0.12096774193548387
3065,0.07964601769911504
3066,0.16363636363636364
3067,0.14285714285714285
3068,0.15217391304347827
3069,0.14084507042253522
3070,0.14615384615384616
3071,0.13970588235294118
3072,0.11811023622047244
3073,0.13392857142857142
3074,0.14912280701754385
3075,0.023809523809523808
3076,0.03508771929824561
3077,0.05825242718446602
3078,0.16346153846153846
3079,0.1414141414141414
3080,0.1592920353982301
3081,0.20833333333333334
3082,0.18181818181818182
3083,0.1875
3084,0.2625
3085,0.11570247933884298
3086,0.18115942028985507
3087,0.19117647058823528
3088,0.16312056737588654
3089,0.19285714285714287
3090,0.1897810218978102
3091,0.1590909090909091
3092,0.16417910447761194
3093,0.23357664233576642
3094,0.2
3095,0.18045112781954886
3096,0.25217391304347825
3097,0.15789473684210525
3098,0.1773049645390071
3099,0.17567567567567569
3100,0.16428571428571428
3101,0.14893617021276595
3102,0.13725490196078433
3103,0.1388888888888889
3104,0.11428571428571428
3105,0.0880503144654088
3106,0.20915032679738563
3107,0.16312056737588654
3108,0.2698412698412698
3109,0.17985611510791366
3110,0.1968503937007874
3111,0.17557251908396945
3112,0.15789473684210525
3113,0.1640625
3114,0.21666666666666667
3115,0.27049180327868855
3116,0.16666666666666666
3117,0.19658119658119658
3118,0.15625
3119,0.208
3120,0.14084507042253522
3121,0.1746031746031746
3122,0.075
3123,0.03773584905660377
3124,0.07291666666666667
3125,0.16541353383458646
3126,0.11678832116788321
3127,0.203125
3128,0.07913669064748201
3129,0.12213740458015267
3130,0.14615384615384616
3131,0.11627906976744186
3132,0.13740458015267176
3133,0.13533834586466165
3134,0.1044776119402985
3135,0.0859375
3136,0.11278195488721804
3137,0.12080536912751678
3138,0.15555555555555556
3139,0.17073170731707318
3140,0.152
3141,0.22131147540983606
3142,0.14492753623188406
3143,0.16260162601626016
3144,0.16666666666666666
3145,0.16806722689075632
3146,0.16806722689075632
3147,0.13157894736842105
3148,0.17355371900826447
3149,0.128
3150,0.19008264462809918
3151,0.176
3152,0.23809523809523808
3153,0.24545454545454545
3154,0.16101694915254236
3155,0.25961538461538464
3156,0.19166666666666668
3157,0.13821138211382114
3158,0.06716417910447761
3159,0.10948905109489052
3160,0.12781954887218044
3161,0.12949640287769784
3162,0.14285714285714285
3163,0.12751677852348994
3164,0.13286713286713286
3165,0.12408759124087591
3166,0.11347517730496454
3167,0.10067114093959731
3168,0.10416666666666667
3169,0.140625
3170,0.12096774193548387
3171,0.1953125
3172,0.15315315315315314
3173,0.045454545454545456
3174,0.057971014492753624
3175,0.13592233009708737
3176,0.1484375
3177,0.125
3178,0.12686567164179105
3179,0.17796610169491525
3180,0.12318840579710146
3181,0.08148148148148149
3182,0.09022556390977443
3183,0.06040268456375839
3184,0.12213740458015267
3185,0.15966386554621848
3186,0.15
3187,0.1076923076923077
3188,0.14728682170542637
3189,0.13432835820895522
3190,0.1678832116788321
3191,0.09420289855072464
3192,0.14634146341463414
3193,0.1590909090909091
3194,0.13636363636363635
3195,0.16
3196,0.16030534351145037
3197,0.16535433070866143
3198,0.19491525423728814
3199,0.1487603305785124
3200,0.16129032258064516
3201,0.183206106870229
3202,0.0958904109589041
3203,0.17518248175182483
3204,0.09649122807017543
3205,0.2602739726027397
3206,0.1559633027522936
3207,0.1366906474820144
3208,0.16793893129770993
3209,0.13385826771653545
3210,0.11029411764705882
3211,0.08870967741935484
3212,0.1978021978021978
3213,0.21100917431192662
3214,0.211864406779661
3215,0.19444444444444445
3216,0.0743801652892562
3217,0.12
3218,0.11450381679389313
3219,0.12121212121212122
3220,0.1450381679389313
3221,0.1349206349206349
3222,0.128
3223,0.16129032258064516
3224,0.1484375
3225,0.10294117647058823
3226,0.04597701149425287
3227,0.05555555555555555
3228,0.08571428571428572
3229,0.044444444444444446
3230,0.140625
3231,0.14615384615384616
3232,0.09285714285714286
3233,0.11347517730496454
3234,0.16901408450704225
3235,0.09859154929577464
3236,0.12121212121212122
3237,0.09420289855072464
3238,0.10869565217391304
3239,0.12781954887218044
3240,0.09558823529411764
3241,0.09701492537313433
3242,0.09022556390977443
3243,0.1079136690647482
3244,0.14925373134328357
3245,0.08148148148148149
3246,0.12878787878787878
3247,0.1048951048951049
3248,0.1076923076923077
3249,0.17699115044247787
3250,0.1015625
3251,0.09420289855072464
3252,0.125
3253,0.18248175182481752
3254,0.18110236220472442
3255,0.14615384615384616
3256,0.15441176470588236
3257,0.1323529411764706
3258,0.10884353741496598
3259,0.09523809523809523
3260,0.08450704225352113
3261,0.11724137931034483
3262,0.11971830985915492
3263,0.16546762589928057
3264,0.1532258064516129
3265,0.19090909090909092
3266,0.125
3267,0.10738255033557047
3268,0.15714285714285714
3269,0.23387096774193547
3270,0.13970588235294118
3271,0.12307692307692308
3272,0.1774193548387097
3273,0.2
3274,0.1953125
3275,0.11678832116788321
3276,0.15625
3277,0.18032786885245902
3278,0.23893805309734514
3279,0.1223021582733813
3280,0.1678832116788321
3281,0.15702479338842976
3282,0.13821138211382114
3283,0.09929078014184398
3284,0.10714285714285714
3285,0.1693548387096774
3286,0.1746031746031746
3287,0.14912280701754385
3288,0.17592592592592593
3289,0.09448818897637795
3290,0.17543859649122806
3291,0.16346153846153846
3292,0.18018018018018017
3293,0.1732283464566929
3294,0.12
3295,0.12931034482758622
3296,0.1092436974789916
3297,0.024390243902439025
3298,0.05405405405405406
3299,0.20512820512820512
3300,0.0425531914893617
3301,0.11627906976744186
3302,0.12307692307692308
3303,0.11194029850746269
3304,0.11811023622047244
3305,0.128
3306,0.13636363636363635
3307,0.1349206349206349
3308,0.1440677966101695
3309,0.12295081967213115
3310,0.125
3311,0.10204081632653061
3312,0.11188811188811189
3313,0.14173228346456693
3314,0.14285714285714285
3315,0.13846153846153847
3316,0.08695652173913043
3317,0.09285714285714286
3318,0.11428571428571428
3319,0.13740458015267176
3320,0.11904761904761904
3321,0.15178571428571427
3322,0.1981981981981982
3323,0.14782608695652175
3324,0.15
3325,0.11594202898550725
3326,0.13333333333333333
3327,0.10606060606060606
3328,0.16279069767441862
3329,0.11188811188811189
3330,0.12307692307692308
3331,0.11023622047244094
3332,0.11450381679389313
3333,0.12598425196850394
3334,0.16666666666666666
3335,0.1415929203539823
3336,0.2761904761904762
3337,0.2032520325203252
3338,0.13768115942028986
3339,0.12598425196850394
3340,0.18867924528301888
3341,0.07086614173228346
3342,0.11764705882352941
3343,0.09166666666666666
3344,0.14035087719298245
3345,0.17699115044247787
3346,0.12598425196850394
3347,0.06382978723404255
3348,0.1111111111111111
3349,0.10294117647058823
3350,0.12142857142857143
3351,0.13114754098360656
3352,0.1724137931034483
3353,0.1095890410958904
3354,0.14074074074074075
3355,0.12195121951219512
3356,0.08396946564885496
3357,0.11764705882352941
3358,0.09090909090909091
3359,0.1702127659574468
3360,0.043478260869565216
3361,0.10526315789473684
3362,0.031746031746031744
3363,0.13392857142857142
3364,0.1103448275862069
3365,0.1111111111111111
3366,0.15625
3367,0.21666666666666667
3368,0.23893805309734514
3369,0.1826086956521739
3370,0.1320754716981132
3371,0.25
3372,0.18085106382978725
3373,0.19834710743801653
3374,0.15315315315315314
3375,0.23255813953488372
3376,0.19117647058823528
3377,0.1724137931034483
3378,0.13978494623655913
3379,0.21359223300970873
3380,0.17592592592592593
3381,0.22115384615384615
3382,0.16129032258064516
3383,0.1650485436893204
3384,0.16176470588235295
3385,0.10852713178294573
3386,0.1724137931034483
3387,0.125
3388,0.1532258064516129
3389,0.23577235772357724
3390,0.1450381679389313
3391,0.14960629921259844
3392,0.1417910447761194
3393,0.17829457364341086
3394,0.14925373134328357
3395,0.13138686131386862
3396,0.1111111111111111
3397,0.16806722689075632
3398,0.12837837837837837
3399,0.1917808219178082
3400,0.145985401459854
3401,0.1044776119402985
3402,0.125
3403,0.09859154929577464
3404,0.16279069767441862
3405,0.16535433070866143
3406,0.16793893129770993
3407,0.15873015873015872
3408,0.17073170731707318
3409,0.19008264462809918
3410,0.104
3411,0.23684210526315788
3412,0.15873015873015872
3413,0.12307692307692308
3414,0.19047619047619047
3415,0.19708029197080293
3416,0.1678832116788321
3417,0.1732283464566929
3418,0.12598425196850394
3419,0.14615384615384616
3420,0.15942028985507245
3421,0.11428571428571428
3422,0.14285714285714285
3423,0.11940298507462686
3424,0.14728682170542637
3425,0.13934426229508196
3426,0.16101694915254236
3427,0.13008130081300814
3428,0.03529411764705882
3429,0.10810810810810811
3430,0.0625
3431,0.12149532710280374
3432,0.09929078014184398
3433,0.16296296296296298
3434,0.13076923076923078
3435,0.144
3436,0.144
3437,0.18584070796460178
3438,0.19469026548672566
3439,0.17543859649122806
3440,0.13559322033898305
3441,0.12781954887218044
3442,0.13533834586466165
3443,0.1111111111111111
3444,0.112
3445,0.10294117647058823
3446,0.1484375
3447,0.13953488372093023
3448,0.13333333333333333
3449,0.12318840579710146
3450,0.13768115942028986
3451,0.145985401459854
3452,0.12056737588652482
3453,0.1259259259259259
3454,0.12903225806451613
3455,0.16393442622950818
3456,0.14953271028037382
3457,0.18888888888888888
3458,0.15053763440860216
3459,0.08490566037735849
3460,0.11278195488721804
3461,0.14184397163120568
3462,0.19548872180451127
3463,0.1640625
3464,0.17592592592592593
3465,0.17307692307692307
3466,0.13043478260869565
3467,0.15
3468,0.2391304347826087
3469,0.1743119266055046
3470,0.10687022900763359
3471,0.15267175572519084
3472,0.23148148148148148
3473,0.16964285714285715
3474,0.26373626373626374
3475,0.1744186046511628
3476,0.2
3477,0.14615384615384616
3478,0.1297709923664122
3479,0.1509433962264151
3480,0.21621621621621623
3481,0.15748031496062992
3482,0.1743119266055046
3483,0.18181818181818182
3484,0.21568627450980393
3485,0.1926605504587156
3486,0.16806722689075632
3487,0.20168067226890757
3488,0.08333333333333333
3489,0.09859154929577464
3490,0.11851851851851852
3491,0.176
3492,0.11409395973154363
3493,0.1532258064516129
3494,0.0958904109589041
3495,0.09090909090909091
3496,0.04878048780487805
3497,0.1557377049180328
3498,0.13768115942028986
3499,0.19047619047619047
3500,0.13274336283185842
3501,0.1440677966101695
3502,0.10714285714285714
3503,0.15789473684210525
3504,0.1297709923664122
3505,0.10606060606060606
3506,0.12030075187969924
3507,0.12686567164179105
3508,0.11564625850340136
3509,0.12686567164179105
3510,0.144
3511,0.109375
3512,0.17592592592592593
3513,0.19626168224299065
3514,0.1732283464566929
3515,0.13013698630136986
3516,0.15602836879432624
3517,0.11888111888111888
3518,0.11888111888111888
3519,0.125
3520,0.10687022900763359
3521,0.12403100775193798
3522,0.13592233009708737
3523,0.15053763440860216
3524,0.17857142857142858
3525,0.17692307692307693
3526,0.18253968253968253
3527,0.12030075187969924
3528,0.14492753623188406
3529,0.136
3530,0.1652892561983471
3531,0.12142857142857143
3532,0.08904109589041095
3533,0.145985401459854
3534,0.14049586776859505
3535,0.10526315789473684
3536,0.11811023622047244
3537,0.11450381679389313
3538,0.16326530612244897
3539,0.15151515151515152
3540,0.15966386554621848
3541,0.12598425196850394
3542,0.0948905109489051
3543,0.11678832116788321
3544,0.12096774193548387
3545,0.08139534883720931
3546,0.08433734939759036
3547,0.11607142857142858
3548,0.10810810810810811
3549,0.10784313725490197
3550,0.1743119266055046
3551,0.17391304347826086
3552,0.13953488372093023
3553,0.14925373134328357
3554,0.12686567164179105
3555,0.14705882352941177
3556,0.041666666666666664
3557,0.06382978723404255
3558,0.10204081632653061
3559,0.09
3560,0.11764705882352941
3561,0.11206896551724138
3562,0.10344827586206896
3563,0.09230769230769231
3564,0.14285714285714285
3565,0.12121212121212122
3566,0.13076923076923078
3567,0.10077519379844961
3568,0.12408759124087591
3569,0.1388888888888889
3570,0.12949640287769784
3571,0.11363636363636363
3572,0.11678832116788321
3573,0.11627906976744186
3574,0.1
3575,0.14615384615384616
3576,0.12878787878787878
3577,0.1452991452991453
3578,0.15178571428571427
3579,0.1743119266055046
3580,0.16346153846153846
3581,0.27380952380952384
3582,0.23958333333333334
3583,0.17391304347826086
3584,0.20224719101123595
3585,0.21348314606741572
3586,0.22727272727272727
3587,0.18181818181818182
3588,0.16793893129770993
3589,0.18604651162790697
3590,0.136
3591,0.15833333333333333
3592,0.13740458015267176
3593,0.14705882352941177
3594,0.1796875
3595,0.1885245901639344
3596,0.1440677966101695
3597,0.11458333333333333
3598,0.13131313131313133
3599,0.1282051282051282
3600,0.140625
3601,0.1953125
3602,0.14049586776859505
3603,0.17699115044247787
3604,0.1896551724137931
3605,0.15503875968992248
3606,0.12030075187969924
3607,0.1557377049180328
3608,0.14615384615384616
3609,0.12686567164179105
3610,0.10687022900763359
3611,0.1297709923664122
3612,0.16260162601626016
3613,0.109375
3614,0.15037593984962405
3615,0.10606060606060606
3616,0.03571428571428571
3617,0.09302325581395349
3618,0.045454545454545456
3619,0.09345794392523364
3620,0.11764705882352941
3621,0.16853932584269662
3622,0.11711711711711711
3623,0.13970588235294118
3624,0.16666666666666666
3625,0.12318840579710146
3626,0.11450381679389313
3627,0.09375
3628,0.16793893129770993
3629,0.1889763779527559
3630,0.1328125
3631,0.1452991452991453
3632,0.17592592592592593
3633,0.14634146341463414
3634,0.1328125
3635,0.17037037037037037
3636,0.11643835616438356
3637,0.12878787878787878
3638,0.0782608695652174
3639,0.2127659574468085
3640,0.24742268041237114
3641,0.20192307692307693
3642,0.16666666666666666
3643,0.16393442622950818
3644,0.2
3645,0.15833333333333333
3646,0.19801980198019803
3647,0.15315315315315314
3648,0.1557377049180328
3649,0.19130434782608696
3650,0.1076923076923077
3651,0.1592920353982301
3652,0.16279069767441862
3653,0.10989010989010989
3654,0.1452991452991453
3655,0.11811023622047244
3656,0.12
3657,0.1623931623931624
3658,0.14166666666666666
3659,0.175
3660,0.20175438596491227
3661,0.22429906542056074
3662,0.21551724137931033
3663,0.18699186991869918
3664,0.1487603305785124
3665,0.1171875
3666,0.1557377049180328
3667,0.21428571428571427
3668,0.20833333333333334
3669,0.1694915254237288
3670,0.1826086956521739
3671,0.20909090909090908
3672,0.13821138211382114
3673,0.22608695652173913
3674,0.16666666666666666
3675,0.13709677419354838
3676,0.1016949152542373
3677,0.11403508771929824
3678,0.20454545454545456
3679,0.10909090909090909
3680,0.08064516129032258
3681,0.0967741935483871
3682,0.1450381679389313
3683,0.20930232558139536
3684,0.15517241379310345
3685,0.11842105263157894
3686,0.14516129032258066
3687,0.19230769230769232
3688,0.13592233009708737
3689,0.12
3690,0.16793893129770993
3691,0.17293233082706766
3692,0.1349206349206349
3693,0.09900990099009901
3694,0.24358974358974358
3695,0.12121212121212122
3696,0.08620689655172414
3697,0.19298245614035087
3698,0.10687022900763359
3699,0.1111111111111111
3700,0.09848484848484848
3701,0.10084033613445378
3702,0.1650485436893204
3703,0.14285714285714285
3704,0.11235955056179775
3705,0.11711711711711711
3706,0.13008130081300814
3707,0.15447154471544716
3708,0.1510791366906475
3709,0.11194029850746269
3710,0.13533834586466165
3711,0.08759124087591241
3712,0.13821138211382114
3713,0.08
3714,0.07017543859649122
3715,0.1044776119402985
3716,0.10526315789473684
3717,0.15126050420168066
3718,0.17
3719,0.14049586776859505
3720,0.15267175572519084
3721,0.24761904761904763
3722,0.1721311475409836
3723,0.1746031746031746
3724,0.19387755102040816
3725,0.1574074074074074
3726,0.14960629921259844
3727,0.16521739130434782
3728,0.09565217391304348
3729,0.1262135922330097
3730,0.1958762886597938
3731,0.1171875
3732,0.1103448275862069
3733,0.13793103448275862
3734,0.14814814814814814
3735,0.2
3736,0.16923076923076924
3737,0.13533834586466165
3738,0.10869565217391304
3739,0.1417910447761194
3740,0.13821138211382114
3741,0.1484375
3742,0.1276595744680851
3743,0.11428571428571428
3744,0.11764705882352941
3745,0.12030075187969924
3746,0.11678832116788321
3747,0.14285714285714285
3748,0.08148148148148149
3749,0.13821138211382114
3750,0.16129032258064516
3751,0.13076923076923078
3752,0.1532258064516129
3753,0.1651376146788991
3754,0.0547945205479452
3755,0.0784313725490196
3756,0.09523809523809523
3757,0.1
3758,0.109375
3759,0.15267175572519084
3760,0.11888111888111888
3761,0.11510791366906475
3762,0.10884353741496598
3763,0.0979020979020979
3764,0.13861386138613863
3765,0.19230769230769232
3766,0.17647058823529413
3767,0.18518518518518517
3768,0.26666666666666666
3769,0.13043478260869565
3770,0.14705882352941177
3771,0.10975609756097561
3772,0.1650485436893204
3773,0.21052631578947367
3774,0.17073170731707318
3775,0.13157894736842105
3776,0.13
3777,0.13709677419354838
3778,0.1794871794871795
3779,0.18691588785046728
3780,0.14782608695652175
3781,0.19469026548672566
3782,0.21774193548387097
3783,0.09333333333333334
3784,0.1386861313868613
3785,0.08843537414965986
3786,0.14166666666666666
3787,0.08181818181818182
3788,0.06896551724137931
3789,0.13793103448275862
3790,0.21311475409836064
3791,0.13178294573643412
3792,0.15503875968992248
3793,0.14173228346456693
3794,0.2072072072072072
3795,0.1271186440677966
3796,0.1875
3797,0.125
3798,0.2441860465116279
3799,0.2235294117647059
3800,0.1694915254237288
3801,0.183206106870229
3802,0.1450381679389313
3803,0.1968503937007874
3804,0.17164179104477612
3805,0.14788732394366197
3806,0.15328467153284672
3807,0.1297709923664122
3808,0.09243697478991597
3809,0.11224489795918367
3810,0.17307692307692307
3811,0.12213740458015267
3812,0.136
3813,0.15789473684210525
3814,0.21296296296296297
3815,0.20512820512820512
3816,0.15079365079365079
3817,0.12396694214876033
3818,0.13076923076923078
3819,0.12280701754385964
3820,0.1568627450980392
3821,0.11538461538461539
3822,0.07751937984496124
3823,0.19
3824,0.14035087719298245
3825,0.2523364485981308
4529,0.06463878326996197
4893,0.0546875
4894,0.125
4895,0.07142857142857142
4896,0.06097560975609756
4897,0.23376623376623376
4898,0.06542056074766354
4899,0.0967741935483871
4900,0.2631578947368421
4901,0.5081967213114754
4902,0.38028169014084506
4903,0.10256410256410256
4904,0.11450381679389313
4905,0.12612612612612611
4906,0.1774193548387097
4907,0.07339449541284404
4908,0.1891891891891892
4909,0.08888888888888889
4910,0.1917808219178082
4911,0.3466666666666667
4912,0.1044776119402985
4913,0.08974358974358974
4914,0.0641025641025641
4915,0.1875
4916,0.06363636363636363
4917,0.14814814814814814
4918,0.1834319526627219
4919,0.15976331360946747
4920,0.08695652173913043
4921,0.023255813953488372
4922,0.20689655172413793
4923,0.1724137931034483
4924,0.12280701754385964
4925,0.06862745098039216
4926,0.08196721311475409
4927,0.26548672566371684
4928,0.14285714285714285
4929,0.13636363636363635
4930,0.1
4931,0.345679012345679
4932,0.23275862068965517
4933,0.2543859649122807
4934,0.2840909090909091
4935,0.2717391304347826
4936,0.2545454545454545
4937,0.2358490566037736
4938,0.2891566265060241
4939,0.32
4940,0.25882352941176473
4941,0.2159090909090909
4942,0.23529411764705882
4943,0.25301204819277107
4944,0.21649484536082475
4945,0.28421052631578947
4946,0.27835051546391754
4947,0.16666666666666666
4948,0.21739130434782608
4949,0.21929824561403508
4950,0.21551724137931033
4951,0.2
4952,0.16176470588235295
4953,0.19327731092436976
4954,0.3373493975903614
4955,0.14
4956,0.20491803278688525
4957,0.11538461538461539
4958,0.2524271844660194
4959,0.1595744680851064
4960,0.18681318681318682
4961,0.16346153846153846
4962,0.28865979381443296
4963,0.18248175182481752
4964,0.13043478260869565
4965,0.21904761904761905
4966,0.13008130081300814
4967,0.2909090909090909
4968,0.21138211382113822
4969,0.2
4970,0.2231404958677686
4971,0.1794871794871795
4972,0.1619047619047619
4973,0.13861386138613863
4974,0.11607142857142858
4975,0.1953125
4976,0.264
4977,0.16666666666666666
4978,0.23809523809523808
4979,0.16666666666666666
4980,0.4175824175824176
4981,0.21008403361344538
4982,0.24806201550387597
4983,0.33858267716535434
4984,0.1590909090909091
4985,0.22429906542056074
4986,0.19387755102040816
4987,0.13
4988,0.24528301886792453
4989,0.2743362831858407
4990,0.17699115044247787
4991,0.13709677419354838
4992,0.21428571428571427
4993,0.23529411764705882
4994,0.17045454545454544
4995,0.1553398058252427
4996,0.3076923076923077
4997,0.3804347826086957
4998,0.1941747572815534
4999,0.10655737704918032
5000,0.3008849557522124
5001,0.27
5002,0.2727272727272727
5003,0.15384615384615385
5004,0.20202020202020202
5005,0.17699115044247787
5006,0.31521739130434784
5007,0.28846153846153844
5008,0.1826086956521739
5009,0.25
5010,0.20430107526881722
5011,0.26666666666666666
5012,0.16037735849056603
5013,0.3020833333333333
5014,0.152
5015,0.17073170731707318
5016,0.1016949152542373
5017,0.1574074074074074
5018,0.25
5019,0.22727272727272727
5020,0.1834862385321101
5021,0.2641509433962264
5022,0.23300970873786409
5023,0.5138888888888888
5024,0.2808988764044944
5025,0.24299065420560748
5026,0.24107142857142858
5027,0.3804347826086957
5028,0.2905982905982906
5029,0.17647058823529413
5030,0.2621359223300971
5031,0.3119266055045872
5032,0.25
5033,0.18487394957983194
5034,0.18518518518518517
5035,0.2619047619047619
5036,0.34375
5037,0.32098765432098764
5038,0.33695652173913043
5039,0.16806722689075632
5040,0.19491525423728814
5041,0.26
5042,0.17272727272727273
5043,0.30357142857142855
5044,0.12396694214876033
5045,0.19
5046,0.3333333333333333
5047,0.25
5048,0.26851851851851855
5049,0.24324324324324326
5050,0.2909090909090909
5051,0.24528301886792453
5052,0.24742268041237114
5053,0.19736842105263158
5054,0.32727272727272727
5055,0.16666666666666666
5056,0.11926605504587157
5057,0.22018348623853212
5058,0.22602739726027396
5059,0.17647058823529413
5060,0.27472527472527475
5061,0.205607476635514
5062,0.2909090909090909
5063,0.2184873949579832
5064,0.2727272727272727
5065,0.2631578947368421
5066,0.13392857142857142
5067,0.43529411764705883
5068,0.22772277227722773
5069,0.19230769230769232
5070,0.20618556701030927
5071,0.24175824175824176
5072,0.1836734693877551
5073,0.1694915254237288
5074,0.1559633027522936
5075,0.12280701754385964
5076,0.24074074074074073
5077,0.24770642201834864
5078,0.2786885245901639
5079,0.2109375
5080,0.3018867924528302
5081,0.16521739130434782
5082,0.1794871794871795
5083,0.21
5084,0.16822429906542055
5085,0.2545454545454545
5086,0.2786885245901639
5087,0.2826086956521739
5088,0.16666666666666666
5089,0.21
5090,0.29914529914529914
5091,0.2631578947368421
5092,0.2616822429906542
5093,0.25
5094,0.2
5095,0.1111111111111111
5096,0.20202020202020202
5097,0.20634920634920634
5098,0.16535433070866143
5099,0.19491525423728814
5100,0.19672131147540983
5101,0.20192307692307693
5102,0.2828282828282828
5103,0.28865979381443296
5104,0.30851063829787234
5105,0.19827586206896552
5106,0.21481481481481482
5107,0.2066115702479339
5108,0.20168067226890757
5109,0.21875
5110,0.20869565217391303
5111,0.1506849315068493
5112,0.13986013986013987
5113,0.24390243902439024
5114,0.1282051282051282
5115,0.20987654320987653
5116,0.22988505747126436
5117,0.1743119266055046
5118,0.21212121212121213
5119,0.2828282828282828
5120,0.2677165354330709
5121,0.109375
5122,0.3617021276595745
5123,0.36893203883495146
5124,0.22330097087378642
5125,0.26506024096385544
5126,0.25
5127,0.2830188679245283
5128,0.2336448598130841
5129,0.2549019607843137
5130,0.3020833333333333
5131,0.205607476635514
5132,0.20535714285714285
5133,0.192
5134,0.21100917431192662
5135,0.3258426966292135
5136,0.23
5137,0.14545454545454545
5138,0.3431372549019608
5139,0.2571428571428571
5140,0.20618556701030927
5141,0.28703703703703703
5142,0.1794871794871795
5143,0.25961538461538464
5144,0.32954545454545453
5145,0.2625
5146,0.20754716981132076
5147,0.27350427350427353
5148,0.26126126126126126
5149,0.20689655172413793
5150,0.20224719101123595
5151,0.0975609756097561
5152,0.23809523809523808
5153,0.18556701030927836
5154,0.24742268041237114
5155,0.12389380530973451
5156,0.3119266055045872
5157,0.21568627450980393
5158,0.18292682926829268
5159,0.26881720430107525
5160,0.1774193548387097
5161,0.22321428571428573
5162,0.21428571428571427
5163,0.32038834951456313
5164,0.21428571428571427
5165,0.30434782608695654
5166,0.13445378151260504
5167,0.1559633027522936
5168,0.18181818181818182
5169,0.32456140350877194
5170,0.1415929203539823
5171,0.16030534351145037
5172,0.1564625850340136
5173,0.18803418803418803
5174,0.14285714285714285
5175,0.2268041237113402
5176,0.2079207920792079
5177,0.2
5178,0.2857142857142857
5179,0.19166666666666668
5180,0.30392156862745096
5181,0.3163265306122449
5182,0.40625
5183,0.1885245901639344
5184,0.14285714285714285
5185,0.17391304347826086
5186,0.25663716814159293
5187,0.24166666666666667
5188,0.22727272727272727
5189,0.25742574257425743
5190,0.12781954887218044
5191,0.208955223880597
5192,0.15714285714285714
5193,0.2777777777777778
5194,0.22764227642276422
5195,0.24427480916030533
5196,0.12686567164179105
5197,0.17543859649122806
5198,0.20175438596491227
5199,0.19090909090909092
5200,0.2571428571428571
5201,0.37383177570093457
5202,0.3125
5203,0.36893203883495146
5204,0.25984251968503935
5205,0.23529411764705882
5206,0.22429906542056074
5207,0.14743589743589744
5208,0.2948717948717949
5209,0.16666666666666666
5210,0.25961538461538464
5211,0.1652892561983471
5212,0.30158730158730157
5213,0.23076923076923078
5214,0.3269230769230769
5215,0.2743362831858407
5216,0.40869565217391307
5217,0.2682926829268293
5218,0.2631578947368421
5219,0.2483221476510067
5220,0.2222222222222222
5221,0.24271844660194175
5222,0.3103448275862069
5223,0.24
5224,0.21551724137931033
5225,0.29523809523809524
5226,0.15966386554621848
5227,0.2621359223300971
5228,0.1504424778761062
5229,0.20967741935483872
5230,0.2857142857142857
5231,0.171875
5232,0.23893805309734514
5233,0.22826086956521738
5234,0.13709677419354838
5235,0.2222222222222222
5236,0.19827586206896552
5237,0.1652892561983471
5238,0.4148936170212766
5239,0.3617021276595745
5240,0.18045112781954886
5241,0.288
5242,0.28440366972477066
5243,0.17699115044247787
5244,0.2962962962962963
5245,0.21875
5246,0.19469026548672566
5247,0.24242424242424243
5248,0.19469026548672566
5249,0.23728813559322035
5250,0.21311475409836064
5251,0.31896551724137934
5252,0.23387096774193547
5253,0.1864406779661017
5254,0.2376237623762376
5255,0.21904761904761905
5256,0.15384615384615385
5257,0.20212765957446807
5258,0.32989690721649484
5259,0.2608695652173913
5260,0.30701754385964913
5261,0.23275862068965517
5262,0.1968503937007874
5263,0.3252032520325203
5264,0.21739130434782608
5265,0.22857142857142856
5266,0.2524271844660194
5267,0.2376237623762376
5268,0.2072072072072072
5269,0.13821138211382114
5270,0.2926829268292683
5271,0.22131147540983606
5272,0.12173913043478261
5273,0.11607142857142858
5274,0.1826086956521739
5275,0.29523809523809524
5276,0.36585365853658536
5277,0.20833333333333334
5278,0.22340425531914893
5279,0.21296296296296297
5280,0.22321428571428573
5281,0.24242424242424243
5282,0.3894736842105263
5283,0.20168067226890757
5284,0.29896907216494845
5285,0.34146341463414637
5286,0.17886178861788618
5287,0.336
5288,0.18181818181818182
5289,0.125
5290,0.21
5291,0.16666666666666666
5292,0.1782178217821782
5293,0.13333333333333333
5294,0.22900763358778625
5295,0.22608695652173913
5296,0.19672131147540983
5297,0.2796610169491525
5298,0.3090909090909091
5299,0.2905982905982906
5300,0.25
5301,0.1721311475409836
5302,0.2127659574468085
5303,0.22826086956521738
5304,0.20833333333333334
5305,0.26356589147286824
5306,0.23703703703703705
5307,0.19327731092436976
5308,0.15789473684210525
5309,0.13861386138613863
5310,0.29591836734693877
5311,0.3854166666666667
5312,0.29523809523809524
5313,0.23478260869565218
5314,0.24786324786324787
5315,0.20909090909090908
5316,0.2903225806451613
5317,0.1875
5318,0.1651376146788991
5319,0.1953125
5320,0.296875
5321,0.20161290322580644
5322,0.20512820512820512
5323,0.18333333333333332
5324,0.2543859649122807
5325,0.13385826771653545
5326,0.41414141414141414
5327,0.32727272727272727
5328,0.35964912280701755
5329,0.3983050847457627
5330,0.2457627118644068
5331,0.21296296296296297
5332,0.28431372549019607
5333,0.22727272727272727
5334,0.25663716814159293
5335,0.19047619047619047
5336,0.192
5337,0.25384615384615383
5338,0.18248175182481752
5339,0.2672413793103448
5340,0.2661290322580645
5341,0.17886178861788618
5342,0.2
5343,0.19672131147540983
5344,0.19811320754716982
5345,0.20388349514563106
5346,0.19014084507042253
5347,0.1951219512195122
5348,0.23809523809523808
5349,0.21428571428571427
5350,0.22105263157894736
5351,0.13725490196078433
5352,0.20689655172413793
5353,0.14912280701754385
5354,0.20388349514563106
5355,0.16379310344827586
5356,0.16101694915254236
5357,0.28703703703703703
5358,0.4175824175824176
5359,0.15841584158415842
5360,0.24074074074074073
5361,0.2564102564102564
5362,0.27927927927927926
5363,0.26851851851851855
5364,0.1826086956521739
5365,0.22641509433962265
5366,0.10218978102189781
5367,0.2028985507246377
5368,0.14393939393939395
5369,0.2923076923076923
5370,0.2727272727272727
5371,0.2713178294573643
5372,0.25757575757575757
5373,0.3282442748091603
5374,0.15172413793103448
5375,0.16071428571428573
5376,0.20588235294117646
5377,0.2054794520547945
5378,0.18018018018018017
5379,0.3434343434343434
5380,0.33980582524271846
5381,0.15833333333333333
5382,0.19811320754716982
5383,0.21621621621621623
5384,0.2803030303030303
5385,0.2072072072072072
5386,0.2926829268292683
5387,0.2196969696969697
5388,0.1476510067114094
5389,0.2872340425531915
5390,0.328125
5391,0.24324324324324326
5392,0.4567901234567901
5393,0.45569620253164556
5394,0.4523809523809524
5395,0.38271604938271603
5396,0.373134328358209
5397,0.6166666666666667
5398,0.36507936507936506
5399,0.25
5400,0.3333333333333333
5401,0.3968253968253968
5402,0.5
5403,0.3584905660377358
5404,0.38181818181818183
5405,0.40540540540540543
5406,0.20481927710843373
5407,0.23943661971830985
5408,0.45901639344262296
5409,0.47761194029850745
5410,0.42857142857142855
5411,0.4225352112676056
5412,0.6111111111111112
5413,0.45
5414,0.33783783783783783
5415,0.3375
5416,0.6615384615384615
5417,0.5483870967741935
5418,0.5238095238095238
5419,0.2857142857142857
5420,0.25925925925925924
5421,0.2808988764044944
5422,0.37349397590361444
5423,0.36486486486486486
5424,0.09302325581395349
5425,0.12048192771084337
5426,0.1951219512195122
5427,0.21875
5428,0.10185185185185185
5429,0.125
5430,0.12371134020618557
5431,0.24242424242424243
5432,0.1891891891891892
5433,0.13008130081300814
5434,0.22018348623853212
5435,0.21238938053097345
5436,0.24369747899159663
5437,0.34523809523809523
5438,0.24175824175824176
5439,0.2396694214876033
5440,0.30097087378640774
5441,0.22448979591836735
5442,0.09322033898305085
5443,0.13761467889908258
5444,0.15873015873015872
5445,0.2900763358778626
5446,0.1956521739130435
5447,0.2867647058823529
5448,0.20155038759689922
5449,0.25833333333333336
5450,0.272
5451,0.32456140350877194
5452,0.27184466019417475
5453,0.32
5454,0.3135593220338983
5455,0.20952380952380953
5456,0.1568627450980392
5458,0.058823529411764705
5520,0.01282051282051282
5521,0.05555555555555555
5522,0.06818181818181818
5523,0.0392156862745098
5524,0.09090909090909091
5525,0.03508771929824561
5526,0.06349206349206349
5527,0.06944444444444445
5528,0.09859154929577464
5529,0.04285714285714286
5530,0.09523809523809523
5531,0.07142857142857142
5532,0.09523809523809523
5533,0.06557377049180328
5534,0.07142857142857142
5535,0.006060606060606061
5536,0.1095890410958904
5537,0.08414239482200647
5538,0.17027863777089783
5539,0.13924050632911392
5540,0.12837837837837837
5541,0.16516516516516516
5542,0.10491803278688525
5543,0.11742424242424243
5544,0.12033195020746888
5545,0.10802469135802469
5546,0.1457725947521866
5547,0.1184573002754821
5548,0.10335195530726257
5549,0.11538461538461539
5550,0.14869281045751634
5551,0.14548802946593
5552,0.16286644951140064
5553,0.13572854291417166
5554,0.16844349680170576
5555,0.18336886993603413
5556,0.22096317280453256
5557,0.16699410609037327
5558,0.1619047619047619
5559,0.17897727272727273
5560,0.15938303341902313
5561,0.16829745596868884
5562,0.15604026845637584
5563,0.11091549295774648
5564,0.12845849802371542
5565,0.13191489361702127
5566,0.07773851590106007
5567,0.07951807228915662
5568,0.17304492512479203
5569,0.14113597246127366
5570,0.18401486988847585
5571,0.1702127659574468
5572,0.15594541910331383
5573,0.14345991561181434
5574,0.11835748792270531
5575,0.11330049261083744
5576,0.16587677725118483
5577,0.16082474226804125
5578,0.15079365079365079
5579,0.2230769230769231
5580,0.21100917431192662
5581,0.16745283018867924
5582,0.17777777777777778
5583,0.22081218274111675
5584,0.18635170603674542
5585,0.16241299303944315
5586,0.19117647058823528
5587,0.15184381778741865
5588,0.17381974248927037
5589,0.16890080428954424
5590,0.20971867007672634
5591,0.1937046004842615
5592,0.14696485623003194
5593,0.2561576354679803
5594,0.23376623376623376
5595,0.1488833746898263
5596,0.22167487684729065
5597,0.15677966101694915
5598,0.15891472868217055
5599,0.17737003058103976
5600,0.1824561403508772
5601,0.1806615776081425
5602,0.1738241308793456
5603,0.11586901763224182
5604,0.0989247311827957
5605,0.1489841986455982
5606,0.13529411764705881
5607,0.15862068965517243
5608,0.1807909604519774
5609,0.15358931552587646
5610,0.1589648798521257
5611,0.166270783847981
5612,0.17647058823529413
5613,0.15217391304347827
5614,0.17537313432835822
5615,0.1649659863945578
5616,0.2032520325203252
5617,0.22839506172839505
5618,0.15976331360946747
5619,0.16545454545454547
5620,0.15037593984962405
5621,0.15436241610738255
5622,0.1227106227106227
5623,0.16
5624,0.16129032258064516
5625,0.18328840970350405
5626,0.15824175824175823
5627,0.1786492374727669
5628,0.16741071428571427
5629,0.12429378531073447
5630,0.06936416184971098
5631,0.12195121951219512
5632,0.21362229102167182
5633,0.16237113402061856
5634,0.1295774647887324
5635,0.11570247933884298
5636,0.07855626326963906
5637,0.1780185758513932
5638,0.1393841166936791
5639,0.12439418416801293
5640,0.14499252615844543
5641,0.14590163934426228
5642,0.07323232323232323
5643,0.13333333333333333
5644,0.13213213213213212
5645,0.15124153498871332
5646,0.17598684210526316
5647,0.16890881913303438
5648,0.17785234899328858
5649,0.16037735849056603
5650,0.11948051948051948
5651,0.16911764705882354
5652,0.16363636363636364
5653,0.19767441860465115
5654,0.19387755102040816
5655,0.17263843648208468
5656,0.20408163265306123
5657,0.1655773420479303
5658,0.18974358974358974
5659,0.12041884816753927
5660,0.18006993006993008
5661,0.15384615384615385
5662,0.17849462365591398
5663,0.1709090909090909
5664,0.16293929712460065
5665,0.15730337078651685
5666,0.18503118503118504
5667,0.19745222929936307
5668,0.19817767653758542
5669,0.21524663677130046
5670,0.17277486910994763
5671,0.1457286432160804
5672,0.1994750656167979
5673,0.15328467153284672
5674,0.13624678663239073
5675,0.17318435754189945
5676,0.177007299270073
5677,0.14487632508833923
5678,0.1262135922330097
5679,0.1401151631477927
5680,0.14487632508833923
5681,0.1127348643006263
5682,0.1431578947368421
5683,0.13989637305699482
5684,0.1488673139158576
5685,0.15308151093439365
5686,0.14603960396039603
5687,0.15271966527196654
5688,0.15985130111524162
5689,0.17560975609756097
5690,0.2017167381974249
5691,0.23300970873786409
5692,0.22264150943396227
5693,0.1842818428184282
5694,0.18518518518518517
5695,0.1492204899777283
5696,0.15931372549019607
5697,0.14588235294117646
5698,0.14473684210526316
5699,0.15109343936381708
5700,0.16296296296296298
5701,0.18
5702,0.18346774193548387
5703,0.16091954022988506
5704,0.145933014354067
5705,0.15229885057471265
5706,0.20923913043478262
5707,0.25096525096525096
5708,0.24203821656050956
5709,0.1655328798185941
5710,0.20553359683794467
5711,0.17229129662522202
5712,0.17543859649122806
5713,0.15319148936170213
5714,0.16968325791855204
5715,0.17892644135188868
5716,0.10679611650485436
5717,0.15011547344110854
5718,0.12121212121212122
5719,0.16056910569105692
5720,0.19633943427620631
5721,0.16638078902229847
5722,0.1556350626118068
5723,0.15180265654648956
5724,0.18818380743982493
5725,0.14396887159533073
5726,0.14671814671814673
5727,0.18895966029723993
5728,0.15964912280701754
5729,0.1537190082644628
5730,0.14939024390243902
5731,0.16193181818181818
5732,0.17370892018779344
5733,0.14604810996563575
5734,0.20588235294117646
5735,0.16135458167330677
5736,0.15521064301552107
5737,0.12054794520547946
5738,0.17052023121387283
5739,0.13970588235294118
5740,0.16853932584269662
5741,0.20426829268292682
5742,0.16153846153846155
5743,0.19263456090651557
5744,0.14698795180722893
5745,0.14682539682539683
5746,0.15480427046263345
5747,0.1280148423005566
5748,0.1457905544147844
5749,0.1227364185110664
5750,0.12857142857142856
5751,0.14311270125223613
5752,0.15113871635610765
5753,0.15422885572139303
5754,0.14313346228239845
5755,0.17313432835820897
5756,0.17647058823529413
5757,0.17814726840855108
5758,0.21666666666666667
5759,0.14520547945205478
5760,0.1411042944785276
5761,0.16279069767441862
5762,0.13076923076923078
5763,0.15555555555555556
5764,0.18181818181818182
5765,0.14258188824662812
5766,0.1518987341772152
5767,0.16302521008403362
5768,0.15867158671586715
5769,0.1419624217118998
5770,0.14411764705882352
5771,0.16806722689075632
5772,0.1619718309859155
5773,0.129973474801061
5774,0.1712707182320442
5775,0.20055710306406685
5776,0.14677103718199608
5777,0.18065693430656934
5778,0.1311787072243346
5779,0.13271028037383178
5780,0.13126491646778043
5781,0.1903323262839879
5782,0.21095890410958903
5783,0.11041666666666666
5784,0.14481409001956946
5785,0.14857142857142858
5786,0.12628865979381443
5787,0.15458937198067632
5788,0.16666666666666666
5789,0.1401098901098901
5790,0.14652956298200515
5791,0.18857142857142858
5792,0.15827338129496402
5793,0.1991869918699187
5794,0.17045454545454544
5795,0.15819209039548024
5796,0.188
5797,0.09330143540669857
5798,0.14705882352941177
5799,0.1507537688442211
5800,0.20365535248041775
5801,0.11977715877437325
5802,0.15479876160990713
5803,0.16167664670658682
5804,0.11983471074380166
5805,0.0851063829787234
5806,0.19473684210526315
5807,0.1673469387755102
5808,0.188
5809,0.1256544502617801
5810,0.21867881548974943
5811,0.17166212534059946
5812,0.16584158415841585
5813,0.1926605504587156
5814,0.12608695652173912
5815,0.1360759493670886
5816,0.11083743842364532
5817,0.17518248175182483
5818,0.14460784313725492
5819,0.16322314049586778
5820,0.18085106382978725
5821,0.17054263565891473
5822,0.15695067264573992
5823,0.17478510028653296
5824,0.13348946135831383
5825,0.18706293706293706
5826,0.1597222222222222
5827,0.19005847953216373
5828,0.1875
5829,0.17804154302670624
5830,0.16475095785440613
5831,0.1267605633802817
5832,0.23204419889502761
5833,0.1814516129032258
5834,0.1791044776119403
5835,0.07739938080495357
6200,0.060810810810810814
6201,0.08139534883720931
6202,0.21739130434782608
6203,0.05333333333333334
6204,0.17307692307692307
6205,0.09090909090909091
6206,0.2
6207,0.1595744680851064
6208,0.26881720430107525
6209,0.18333333333333332
6210,0.22608695652173913
6211,0.24509803921568626
6212,0.1782178217821782
6213,0.20481927710843373
6214,0.15306122448979592
6215,0.16161616161616163
6216,0.18181818181818182
6217,0.18867924528301888
6218,0.21649484536082475
6219,0.16853932584269662
6220,0.18181818181818182
6221,0.24107142857142858
6222,0.16071428571428573
6223,0.19
6224,0.17894736842105263
6225,0.23711340206185566
6226,0.22115384615384615
6227,0.22935779816513763
6228,0.19827586206896552
6229,0.1694915254237288
6230,0.23
6231,0.10526315789473684
6232,0.225
6233,0.22613065326633167
6234,0.1712962962962963
6235,0.18055555555555555
6236,0.20444444444444446
6237,0.2073732718894009
6238,0.168141592920354
6239,0.17727272727272728
6240,0.1932367149758454
6241,0.16080402010050251
6242,0.16176470588235295
6243,0.11363636363636363
6244,0.11555555555555555
6245,0.15086206896551724
6246,0.14666666666666667
6247,0.13537117903930132
6248,0.13865546218487396
6249,0.11952191235059761
6250,0.08571428571428572
6251,0.1506276150627615
6252,0.17857142857142858
6253,0.1541501976284585
6254,0.15546218487394958
6255,0.13389121338912133
6256,0.15476190476190477
6257,0.15789473684210525
6258,0.14919354838709678
6259,0.16666666666666666
6260,0.19282511210762332
6261,0.17094017094017094
6262,0.1440329218106996
6263,0.14919354838709678
6264,0.15702479338842976
6265,0.10276679841897234
6266,0.1220472440944882
6267,0.1645021645021645
6268,0.14102564102564102
6269,0.12396694214876033
6270,0.13973799126637554
6271,0.16017316017316016
6272,0.14893617021276595
6273,0.17209302325581396
6274,0.19383259911894274
6275,0.13733905579399142
6276,0.14847161572052403
6277,0.18442622950819673
6278,0.16956521739130434
6279,0.17699115044247787
6280,0.175
6281,0.18777292576419213
6282,0.13846153846153847
6283,0.15897435897435896
6284,0.1487603305785124
6285,0.1341991341991342
6286,0.12556053811659193
6287,0.16956521739130434
6288,0.18660287081339713
6289,0.16517857142857142
6290,0.17551020408163265
6291,0.14912280701754385
6292,0.17727272727272728
6293,0.14782608695652175
6294,0.13333333333333333
6295,0.12719298245614036
6296,0.18181818181818182
6297,0.11290322580645161
6298,0.16115702479338842
6299,0.16317991631799164
6300,0.14782608695652175
6301,0.17117117117117117
6302,0.1557377049180328
6303,0.16393442622950818
6304,0.1574468085106383
6305,0.178743961352657
6306,0.18067226890756302
6307,0.16279069767441862
6308,0.15151515151515152
6309,0.17427385892116182
6310,0.19148936170212766
6311,0.17142857142857143
6312,0.11518324607329843
6313,0.11442786069651742
6314,0.16521739130434782
6315,0.2033898305084746
6316,0.14112903225806453
6317,0.14423076923076922
6318,0.1437908496732026
6319,0.11888111888111888
6320,0.0967741935483871
6321,0.08275862068965517
6322,0.13821138211382114
6323,0.09923664122137404
6324,0.12056737588652482
6325,0.0958904109589041
6326,0.09016393442622951
6327,0.2222222222222222
6328,0.14173228346456693
6329,0.15862068965517243
6330,0.1527777777777778
6331,0.13970588235294118
6332,0.17647058823529413
6333,0.06097560975609756
6334,0.10852713178294573
6335,0.044444444444444446
6336,0.12686567164179105
6337,0.17142857142857143
6338,0.13580246913580246
6339,0.12133891213389121
6340,0.13865546218487396
6341,0.15546218487394958
6342,0.16942148760330578
6343,0.135678391959799
6344,0.10810810810810811
6345,0.1457286432160804
6346,0.11913357400722022
6347,0.0958904109589041
6348,0.12834224598930483
6349,0.18614718614718614
6350,0.2
6351,0.16908212560386474
6352,0.12135922330097088
6353,0.18779342723004694
6354,0.18666666666666668
6355,0.19387755102040816
6356,0.15602836879432624
6357,0.1774193548387097
6358,0.16033755274261605
6359,0.16666666666666666
6360,0.23766816143497757
6361,0.21875
6362,0.19170984455958548
6363,0.17258883248730963
6364,0.1728395061728395
6365,0.17083333333333334
6366,0.14957264957264957
6367,0.115
6368,0.19402985074626866
6369,0.09
6370,0.1908713692946058
6371,0.16574585635359115
6372,0.16666666666666666
6373,0.2792207792207792
6374,0.2768361581920904
6375,0.2169811320754717
6376,0.14522821576763487
6377,0.17391304347826086
6378,0.18067226890756302
6379,0.17889908256880735
6380,0.15463917525773196
6381,0.16770186335403728
6382,0.1476510067114094
6383,0.14285714285714285
6384,0.145985401459854
6385,0.16470588235294117
6386,0.16580310880829016
6387,0.2623762376237624
6388,0.22325581395348837
6389,0.19130434782608696
6390,0.21800947867298578
6391,0.17415730337078653
6392,0.14388489208633093
6393,0.1566265060240964
6394,0.1935483870967742
6395,0.18120805369127516
6396,0.21014492753623187
6397,0.24285714285714285
6398,0.1676300578034682
6399,0.18181818181818182
6400,0.15948275862068967
6401,0.14351851851851852
6402,0.16585365853658537
6403,0.20833333333333334
6404,0.18085106382978725
6405,0.21875
6406,0.18435754189944134
6407,0.17297297297297298
6408,0.08208955223880597
6409,0.1317365269461078
6410,0.16981132075471697
6411,0.18316831683168316
6412,0.23618090452261306
6413,0.1792452830188679
6414,0.16113744075829384
6415,0.1925133689839572
6416,0.18536585365853658
6417,0.1729957805907173
6418,0.21393034825870647
6419,0.072
6420,0.08633093525179857
6421,0.17647058823529413
6422,0.16759776536312848
6423,0.1891891891891892
6424,0.13930348258706468
6425,0.18385650224215247
6426,0.1896551724137931
6427,0.13671875
6428,0.19196428571428573
6429,0.1875
6430,0.20192307692307693
6431,0.19480519480519481
6432,0.1688888888888889
6433,0.16666666666666666
6434,0.12719298245614036
6435,0.13658536585365855
6436,0.18471337579617833
6437,0.15591397849462366
6438,0.18828451882845187
6439,0.15261044176706828
6440,0.2018348623853211
6441,0.13389121338912133
6442,0.18333333333333332
6443,0.17167381974248927
6444,0.16877637130801687
6445,0.14009661835748793
6446,0.15079365079365079
6447,0.12650602409638553
6448,0.2383177570093458
6449,0.20098039215686275
6450,0.2358974358974359
6451,0.1932367149758454
6452,0.18181818181818182
6453,0.2018348623853211
6454,0.22767857142857142
6455,0.24537037037037038
6456,0.15714285714285714
6457,0.1513157894736842
6458,0.15432098765432098
6459,0.22935779816513763
6460,0.13671875
6461,0.11524163568773234
6462,0.11481481481481481
6463,0.11374407582938388
6464,0.13541666666666666
6465,0.16483516483516483
6466,0.10569105691056911
6467,0.11965811965811966
6468,0.1328125
6469,0.16666666666666666
6470,0.18181818181818182
6471,0.09848484848484848
6472,0.096
6473,0.23369565217391305
6474,0.1956521739130435
6475,0.2698412698412698
6476,0.2088888888888889
6477,0.2688679245283019
6478,0.21645021645021645
6479,0.21794871794871795
6480,0.1646090534979424
6481,0.1693548387096774
6482,0.1829787234042553
6483,0.11180124223602485
6484,0.0949367088607595
6485,0.19095477386934673
6486,0.19617224880382775
6487,0.16585365853658537
6488,0.13942307692307693
6489,0.16956521739130434
6490,0.18018018018018017
6491,0.19004524886877827
6492,0.21962616822429906
6493,0.22058823529411764
6494,0.1574074074074074
6495,0.15121951219512195
6496,0.12608695652173912
6497,0.2
6498,0.17647058823529413
6499,0.16194331983805668
6500,0.19158878504672897
6501,0.03759398496240601
6502,0.03389830508474576
6503,0.12290502793296089
6504,0.11475409836065574
6505,0.1724137931034483
6506,0.1952662721893491
6507,0.11864406779661017
6508,0.11386138613861387
6509,0.14732142857142858
6510,0.18018018018018017
6511,0.2102803738317757
6512,0.18723404255319148
6513,0.1885245901639344
6514,0.18828451882845187
6515,0.14644351464435146
6516,0.15656565656565657
6517,0.1686046511627907
6518,0.2
6519,0.15602836879432624
6520,0.17032967032967034
6521,0.16
6522,0.1348314606741573
6523,0.09036144578313253
6524,0.19907407407407407
6525,0.21686746987951808
6526,0.17670682730923695
6527,0.17721518987341772
6528,0.16205533596837945
6529,0.1694915254237288
6530,0.1951219512195122
6531,0.21428571428571427
6532,0.16019417475728157
6533,0.18292682926829268
6534,0.21705426356589147
6535,0.14659685863874344
6536,0.16
6537,0.26506024096385544
6538,0.2391304347826087
6539,0.18141592920353983
6540,0.16666666666666666
6541,0.14537444933920704
6542,0.12195121951219512
6543,0.1308016877637131
6544,0.12549019607843137
6545,0.1625
6546,0.17543859649122806
6547,0.18691588785046728
6548,0.22994652406417113
6549,0.14093959731543623
6550,0.1171875
6551,0.21301775147928995
6552,0.1889400921658986
6553,0.208955223880597
6554,0.2459016393442623
6555,0.21674876847290642
6556,0.19196428571428573
6557,0.17427385892116182
6558,0.21238938053097345
6559,0.1694915254237288
6560,0.14150943396226415
6561,0.14534883720930233
6562,0.17616580310880828
6563,0.13875598086124402
6564,0.164021164021164
6565,0.15
6566,0.15789473684210525
6567,0.17751479289940827
6568,0.19553072625698323
6569,0.18376068376068377
6570,0.2361111111111111
6571,0.14925373134328357
6572,0.18128654970760233
6573,0.16463414634146342
6574,0.17553191489361702
6575,0.16289592760180996
6576,0.15254237288135594
6577,0.0942622950819672
6578,0.08370044052863436
6579,0.22535211267605634
6580,0.20242914979757085
6581,0.1557377049180328
6582,0.1963470319634703
6583,0.16379310344827586
6584,0.16666666666666666
6585,0.23497267759562843
6586,0.16923076923076924
6587,0.2356020942408377
6588,0.1925133689839572
6589,0.1839080459770115
6590,0.13513513513513514
6591,0.1674641148325359
6592,0.1643192488262911
6593,0.15178571428571427
6594,0.22167487684729065
6595,0.20179372197309417
6596,0.20634920634920634
6597,0.1907514450867052
6598,0.225
6599,0.215
6600,0.21674876847290642
6601,0.24770642201834864
6602,0.21153846153846154
6603,0.14832535885167464
6604,0.1787709497206704
6605,0.15053763440860216
6606,0.14814814814814814
6607,0.13114754098360656
6608,0.20912547528517111
6609,0.19246861924686193
6610,0.19117647058823528
6611,0.1895734597156398
6612,0.2018348623853211
6613,0.21052631578947367
6614,0.2111111111111111
6615,0.18932038834951456
6616,0.25
6617,0.27607361963190186
6618,0.2694610778443114
6619,0.13526570048309178
6620,0.164021164021164
6621,0.20625
6622,0.13526570048309178
6623,0.1934156378600823
6624,0.17446808510638298
6625,0.17083333333333334
6626,0.18106995884773663
6627,0.21674876847290642
6628,0.17674418604651163
6629,0.21052631578947367
6630,0.11585365853658537
6631,0.1
6632,0.21264367816091953
6633,0.2640449438202247
6634,0.18446601941747573
6635,0.19306930693069307
6636,0.1956521739130435
6637,0.19786096256684493
6638,0.19469026548672566
6639,0.2033195020746888
6640,0.1894273127753304
6641,0.15384615384615385
6642,0.2191780821917808
6643,0.17768595041322313
6644,0.1589958158995816
6645,0.18141592920353983
6646,0.19909502262443438
6647,0.17117117117117117
6648,0.21333333333333335
6649,0.1875
6650,0.2268041237113402
6651,0.2732919254658385
6652,0.2722222222222222
6653,0.125
6654,0.12878787878787878
6655,0.16766467065868262
6656,0.2116788321167883
6657,0.17682926829268292
6658,0.18292682926829268
6659,0.23270440251572327
6660,0.19138755980861244
6661,0.1890547263681592
6662,0.17050691244239632
6663,0.14049586776859505
6664,0.17316017316017315
6665,0.19090909090909092
6666,0.23684210526315788
6667,0.23129251700680273
6668,0.2076923076923077
6669,0.17647058823529413
6670,0.1799163179916318
6671,0.17813765182186234
6672,0.18181818181818182
6673,0.15418502202643172
6674,0.19213973799126638
6675,0.1774891774891775
6676,0.14457831325301204
6677,0.15789473684210525
6678,0.174496644295302
6679,0.21585903083700442
6680,0.15196078431372548
6681,0.13714285714285715
6682,0.10945273631840796
6683,0.10919540229885058
6684,0.15135135135135136
6685,0.18274111675126903
6686,0.13609467455621302
6687,0.11290322580645161
6688,0.12318840579710146
6689,0.1956521739130435
6690,0.1650943396226415
6691,0.14102564102564102
6692,0.16336633663366337
6693,0.17326732673267325
6694,0.2079207920792079
6695,0.1797752808988764
6696,0.20689655172413793
6697,0.17972350230414746
6698,0.18548387096774194
6699,0.19574468085106383
6700,0.1896551724137931
6701,0.19491525423728814
6702,0.19090909090909092
6703,0.030303030303030304
6704,0.041666666666666664
6705,0.20574162679425836
6706,0.18009478672985782
6707,0.21495327102803738
6708,0.13991769547325103
6709,0.13654618473895583
6710,0.21666666666666667
6711,0.15748031496062992
6712,0.20168067226890757
6713,0.2
6714,0.226890756302521
6715,0.19282511210762332
6716,0.19213973799126638
6717,0.21304347826086956
6718,0.2009132420091324
6719,0.1807909604519774
6720,0.1440677966101695
6721,0.10112359550561797
6722,0.22171945701357465
6723,0.2780487804878049
6724,0.18181818181818182
6725,0.18461538461538463
6726,0.1724137931034483
6727,0.17488789237668162
6728,0.10852713178294573
6729,0.1440677966101695
6730,0.1630901287553648
6731,0.20502092050209206
6732,0.20491803278688525
6733,0.12643678160919541
6734,0.12030075187969924
6735,0.18502202643171806
6736,0.23671497584541062
6737,0.21782178217821782
6738,0.25274725274725274
6739,0.22527472527472528
6740,0.17010309278350516
6741,0.21304347826086956
6742,0.21568627450980393
6743,0.171875
6744,0.16666666666666666
6745,0.18840579710144928
6746,0.1875
6747,0.2375
6748,0.1875
6749,0.2336448598130841
6750,0.1963470319634703
6751,0.22777777777777777
6752,0.16541353383458646
6753,0.136986301369863
6754,0.14027149321266968
6755,0.17551020408163265
6756,0.2079207920792079
6757,0.16071428571428573
6758,0.15819209039548024
6759,0.1932367149758454
6760,0.23
6761,0.1813953488372093
6762,0.25136612021857924
6763,0.20987654320987653
6764,0.21761658031088082
6765,0.22522522522522523
6766,0.20673076923076922
6767,0.19289340101522842
6768,0.16042780748663102
6769,0.11486486486486487
6770,0.17415730337078653
6771,0.20168067226890757
6772,0.2
6773,0.17592592592592593
6774,0.1596244131455399
6775,0.16981132075471697
6776,0.15436241610738255
6777,0.1912568306010929
6778,0.13793103448275862
6779,0.2
6780,0.13924050632911392
6781,0.18461538461538463
6782,0.18061674008810572
6783,0.16731517509727625
6784,0.17142857142857143
6785,0.16017316017316016
6786,0.20454545454545456
6787,0.20087336244541484
6788,0.1592920353982301
6789,0.20346320346320346
6790,0.17857142857142858
6791,0.17012448132780084
6792,0.1702127659574468
6793,0.15447154471544716
6794,0.14682539682539683
6795,0.20502092050209206
6796,0.145748987854251
6797,0.16205533596837945
6798,0.17857142857142858
6799,0.13106796116504854
6800,0.136986301369863
6801,0.09178743961352658
6802,0.16593886462882096
6803,0.20765027322404372
6804,0.1921182266009852
6805,0.17857142857142858
6806,0.1891891891891892
6807,0.17842323651452283
6808,0.14767932489451477
6809,0.17105263157894737
6810,0.12345679012345678
6811,0.17142857142857143
6812,0.1796116504854369
6813,0.13526570048309178
6814,0.20675105485232068
6815,0.24870466321243523
6816,0.1590909090909091
6817,0.17525773195876287
6818,0.17446808510638298
6819,0.18548387096774194
6820,0.20164609053497942
6821,0.16666666666666666
6822,0.16455696202531644
6823,0.1702127659574468
6824,0.20192307692307693
6825,0.17446808510638298
6826,0.10144927536231885
6827,0.13793103448275862
6828,0.0625
6829,0.08783783783783784
6830,0.15048543689320387
6831,0.2145922746781116
6832,0.20253164556962025
6833,0.143646408839779
6834,0.15656565656565657
6835,0.18067226890756302
6836,0.18181818181818182
6837,0.265
6838,0.1836734693877551
6839,0.15760869565217392
6840,0.15263157894736842
6841,0.19689119170984457
6842,0.17560975609756097
6843,0.18340611353711792
6844,0.144
6845,0.14163090128755365
6846,0.2018348623853211
6847,0.23557692307692307
6848,0.15568862275449102
6849,0.14482758620689656
6850,0.15517241379310345
6851,0.15668202764976957
6852,0.20476190476190476
6853,0.19852941176470587
6854,0.12941176470588237
6855,0.1981981981981982
6856,0.22772277227722773
6857,0.1981981981981982
6858,0.2017167381974249
6859,0.15789473684210525
6860,0.25301204819277107
6861,0.24742268041237114
6862,0.2048780487804878
6863,0.18584070796460178
6864,0.1752136752136752
6865,0.19282511210762332
6866,0.1872146118721461
6867,0.20786516853932585
6868,0.17553191489361702
6869,0.21
6870,0.19306930693069307
6871,0.1990521327014218
6872,0.21568627450980393
6873,0.19
6874,0.1875
6875,0.15873015873015872
6876,0.2391304347826087
6877,0.2159090909090909
6878,0.20212765957446807
6879,0.1674641148325359
6880,0.16901408450704225
6881,0.1981981981981982
6882,0.20253164556962025
6883,0.18218623481781376
6884,0.23008849557522124
6885,0.24615384615384617
6886,0.2222222222222222
6887,0.19491525423728814
6888,0.21367521367521367
6889,0.2037037037037037
6890,0.2613065326633166
6891,0.22815533980582525
6892,0.2613065326633166
6893,0.1038961038961039
6894,0.12878787878787878
6895,0.22564102564102564
6896,0.215311004784689
6897,0.22388059701492538
6898,0.19902912621359223
6899,0.17894736842105263
6900,0.27564102564102566
6901,0.1393939393939394
6902,0.17105263157894737
6903,0.11224489795918367
6904,0.19004524886877827
6905,0.21818181818181817
6906,0.18807339449541285
6907,0.20540540540540542
6908,0.22297297297297297
6909,0.11764705882352941
6910,0.18357487922705315
6911,0.2175925925925926
6912,0.1926605504587156
6913,0.1722689075630252
6914,0.2
6915,0.17647058823529413
6916,0.20869565217391303
6917,0.1799163179916318
6918,0.26066350710900477
6919,0.23333333333333334
6920,0.19090909090909092
6921,0.18181818181818182
6922,0.19369369369369369
6923,0.19090909090909092
6924,0.14847161572052403
6925,0.1446280991735537
6926,0.16299559471365638
6927,0.1134020618556701
6928,0.19791666666666666
6929,0.2026431718061674
6930,0.17467248908296942
6931,0.16194331983805668
6932,0.17094017094017094
6933,0.18385650224215247
6934,0.2328767123287671
6935,0.16379310344827586
6936,0.19196428571428573
6937,0.2175925925925926
6938,0.19815668202764977
6939,0.16417910447761194
6940,0.13227513227513227
6941,0.18932038834951456
6942,0.1875
6943,0.15384615384615385
6944,0.20772946859903382
6945,0.1759656652360515
6946,0.145748987854251
6947,0.13333333333333333
6948,0.17410714285714285
6949,0.22439024390243903
6950,0.18877551020408162
6951,0.18023255813953487
6952,0.16022099447513813
6953,0.1875
6954,0.15492957746478872
6955,0.20600858369098712
6956,0.15873015873015872
6957,0.21171171171171171
6958,0.18220338983050846
6959,0.1566265060240964
6960,0.17796610169491525
6961,0.19148936170212766
6962,0.19230769230769232
6963,0.20089285714285715
6964,0.22077922077922077
6965,0.18907563025210083
6966,0.18099547511312217
6967,0.1891891891891892
6968,0.17716535433070865
6969,0.16129032258064516
6970,0.20175438596491227
6971,0.19008264462809918
6972,0.17721518987341772
6973,0.14285714285714285
6974,0.19823788546255505
6975,0.22705314009661837
6976,0.1735159817351598
6977,0.17903930131004367
6978,0.16176470588235295
6979,0.16019417475728157
6980,0.19469026548672566
6981,0.21030042918454936
6982,0.2511013215859031
6983,0.22707423580786026
6984,0.1859504132231405
6985,0.1574468085106383
6986,0.17167381974248927
6987,0.22790697674418606
6988,0.2233502538071066
6989,0.2081447963800905
6990,0.19230769230769232
6991,0.18274111675126903
6992,0.14761904761904762
6993,0.15254237288135594
6994,0.21
6995,0.09937888198757763
6996,0.18666666666666668
6997,0.16326530612244897
6998,0.23809523809523808
6999,0.16
7000,0.21495327102803738
7001,0.16981132075471697
7002,0.1688888888888889
7003,0.17796610169491525
7004,0.19491525423728814
7005,0.16444444444444445
7006,0.17511520737327188
7007,0.17083333333333334
7008,0.21224489795918366
7009,0.17916666666666667
7010,0.16597510373443983
7011,0.1729957805907173
7012,0.19895287958115182
7013,0.08108108108108109
7014,0.05128205128205128
7015,0.12556053811659193
7016,0.1794871794871795
7017,0.1890547263681592
7018,0.17346938775510204
7019,0.17117117117117117
7020,0.21518987341772153
7021,0.21304347826086956
7022,0.2463768115942029
7023,0.1590909090909091
7024,0.18025751072961374
7025,0.2169811320754717
7026,0.22598870056497175
7027,0.2154696132596685
7028,0.2222222222222222
7029,0.16444444444444445
7030,0.21875
7031,0.20614035087719298
7032,0.17768595041322313
7033,0.15228426395939088
7034,0.14285714285714285
7035,0.17446808510638298
7036,0.19262295081967212
7037,0.1394422310756972
7038,0.1684981684981685
7039,0.15925925925925927
7040,0.168
7041,0.03164556962025317
7042,0.029197080291970802
7043,0.168141592920354
7044,0.1729957805907173
7045,0.1589958158995816
7046,0.17813765182186234
7047,0.14859437751004015
7048,0.17316017316017315
7049,0.20675105485232068
7050,0.19130434782608696
7051,0.1623931623931624
7052,0.17408906882591094
7053,0.13821138211382114
7054,0.18041237113402062
7055,0.2032967032967033
7056,0.22085889570552147
7057,0.054945054945054944
7058,0.06363636363636363
7059,0.09411764705882353
7060,0.12093023255813953
7061,0.1836734693877551
7062,0.13636363636363635
7063,0.2324561403508772
7064,0.18518518518518517
7065,0.16182572614107885
7066,0.18220338983050846
7067,0.14215686274509803
7068,0.12844036697247707
7069,0.2412280701754386
7070,0.17452830188679244
7071,0.2102803738317757
7072,0.25225225225225223
7073,0.19911504424778761
7074,0.17372881355932204
7075,0.18672199170124482
7076,0.2330508474576271
7077,0.1862348178137652
7078,0.20434782608695654
7079,0.2651162790697674
7080,0.15028901734104047
7081,0.08074534161490683
7082,0.15486725663716813
7083,0.24568965517241378
7084,0.21991701244813278
7085,0.23931623931623933
7086,0.182648401826484
7087,0.14124293785310735
7088,0.21379310344827587
7089,0.21839080459770116
7090,0.19545454545454546
7091,0.19021739130434784
7092,0.21428571428571427
7093,0.1164021164021164
7094,0.18604651162790697
7095,0.20689655172413793
7096,0.21973094170403587
7097,0.2149122807017544
7098,0.20987654320987653
7099,0.17592592592592593
7100,0.17616580310880828
7101,0.13761467889908258
7102,0.1735159817351598
7103,0.21666666666666667
7104,0.1650485436893204
7105,0.18487394957983194
7106,0.15450643776824036
7107,0.1485148514851485
7108,0.17560975609756097
7109,0.14009661835748793
7110,0.15813953488372093
7111,0.2288135593220339
7112,0.23043478260869565
7113,0.20647773279352227
7114,0.1607843137254902
7115,0.1885245901639344
7116,0.14601769911504425
7117,0.17567567567567569
7118,0.19831223628691982
7119,0.2
7120,0.12258064516129032
7121,0.1497005988023952
7122,0.20276497695852536
7123,0.242152466367713
7124,0.1917808219178082
7125,0.16203703703703703
7126,0.18032786885245902
7127,0.18226600985221675
7128,0.1728395061728395
7129,0.18907563025210083
7130,0.2
7131,0.2017167381974249
7132,0.18907563025210083
7133,0.15492957746478872
7134,0.08823529411764706
7135,0.10679611650485436
7136,0.1390728476821192
7137,0.20765027322404372
7138,0.18023255813953487
7139,0.13986013986013987
7140,0.14720812182741116
7141,0.2317596566523605
7142,0.22321428571428573
7143,0.20588235294117646
7144,0.15867158671586715
7145,0.156
7146,0.17567567567567569
7147,0.15384615384615385
7148,0.2193877551020408
7149,0.20361990950226244
7150,0.19665271966527198
7151,0.1796875
7152,0.1796116504854369
7153,0.1989247311827957
7154,0.1783783783783784
7155,0.13821138211382114
7156,0.13609467455621302
7157,0.2081447963800905
7158,0.21395348837209302
7159,0.18627450980392157
7160,0.165
7161,0.22885572139303484
7162,0.23626373626373626
7163,0.18974358974358974
7164,0.1689497716894977
7165,0.2336448598130841
7166,0.1774891774891775
7167,0.19742489270386265
7168,0.20087336244541484
7169,0.21359223300970873
7170,0.2100456621004566
7171,0.23414634146341465
7172,0.21621621621621623
7173,0.1484375
7174,0.19653179190751446
7175,0.22105263157894736
7176,0.26881720430107525
7177,0.2026431718061674
7178,0.22660098522167488
7179,0.21910112359550563
7180,0.1232876712328767
7181,0.19909502262443438
7182,0.19004524886877827
7183,0.22935779816513763
7184,0.1889400921658986
7185,0.2009132420091324
7186,0.16666666666666666
7187,0.14545454545454545
7188,0.12658227848101267
7189,0.16666666666666666
7190,0.18143459915611815
7191,0.16597510373443983
7192,0.16532258064516128
7193,0.20502092050209206
7194,0.27040816326530615
7195,0.2062780269058296
7196,0.17037037037037037
7197,0.2
7198,0.20100502512562815
7199,0.15639810426540285
7200,0.13270142180094788
7201,0.10096153846153846
7202,0.1511111111111111
7203,0.1859504132231405
7204,0.08333333333333333
7205,0.11643835616438356
7206,0.1761006289308176
7207,0.17647058823529413
7208,0.17511520737327188
7209,0.17333333333333334
7210,0.12280701754385964
7211,0.19282511210762332
7212,0.19166666666666668
7213,0.17410714285714285
7214,0.205607476635514
7215,0.1956521739130435
7216,0.21428571428571427
7217,0.2543103448275862
7218,0.22268907563025211
7219,0.16666666666666666
7220,0.13725490196078433
7221,0.10106382978723404
7222,0.09547738693467336
7223,0.14349775784753363
7224,0.1564625850340136
7225,0.14285714285714285
7226,0.21818181818181817
7227,0.16740088105726872
7228,0.12863070539419086
7229,0.1626984126984127
7230,0.18106995884773663
7231,0.19742489270386265
7232,0.16228070175438597
7233,0.13636363636363635
7234,0.215311004784689
7235,0.21739130434782608
7236,0.24873096446700507
7237,0.2994350282485876
7238,0.2465753424657534
7239,0.2125984251968504
7240,0.2155688622754491
7241,0.2222222222222222
7242,0.22380952380952382
7243,0.18660287081339713
7244,0.1306122448979592
7245,0.15384615384615385
7246,0.14342629482071714
7247,0.17475728155339806
7248,0.16964285714285715
7249,0.12222222222222222
7250,0.1574468085106383
7251,0.24509803921568626
7252,0.0963855421686747
7253,0.11038961038961038
7254,0.09813084112149532
7255,0.08823529411764706
7256,0.1276595744680851
7257,0.18660287081339713
7258,0.10900473933649289
7259,0.14893617021276595
7260,0.1762114537444934
7261,0.23076923076923078
7262,0.14414414414414414
7263,0.15555555555555556
7264,0.17073170731707318
7265,0.18269230769230768
7266,0.12568306010928962
7267,0.1437908496732026
7268,0.19791666666666666
7269,0.1638655462184874
7270,0.1450381679389313
7271,0.1222707423580786
7272,0.15306122448979592
7273,0.1534090909090909
7274,0.1368421052631579
7275,0.13147410358565736
7276,0.1383399209486166
7277,0.14691943127962084
7278,0.17647058823529413
7279,0.15384615384615385
7280,0.19545454545454546
7281,0.18617021276595744
7282,0.14427860696517414
7283,0.148
7284,0.19672131147540983
7285,0.1810344827586207
7286,0.13839285714285715
7287,0.12749003984063745
7288,0.1323529411764706
7289,0.15
7290,0.1735159817351598
7291,0.19895287958115182
7292,0.21354166666666666
7293,0.15384615384615385
7294,0.1518987341772152
7295,0.14903846153846154
7296,0.10884353741496598
7297,0.11428571428571428
7298,0.14285714285714285
7299,0.1282051282051282
7300,0.1440677966101695
7301,0.2222222222222222
7302,0.08333333333333333
7303,0.12195121951219512
7304,0.1781609195402299
7305,0.13402061855670103
7306,0.13095238095238096
7307,0.13574660633484162
7308,0.164
7309,0.1780821917808219
7310,0.18468468468468469
7311,0.12267657992565056
7312,0.13839285714285715
7313,0.17763157894736842
7314,0.17679558011049723
7315,0.17543859649122806
7316,0.15454545454545454
7317,0.16111111111111112
7318,0.2
7319,0.20098039215686275
7320,0.18106995884773663
7321,0.19730941704035873
7322,0.1834862385321101
7323,0.24644549763033174
7324,0.15315315315315314
7325,0.19117647058823528
7326,0.13278008298755187
7327,0.11068702290076336
7328,0.11659192825112108
7329,0.20618556701030927
7330,0.1971153846153846
7331,0.24271844660194175
7332,0.136986301369863
7333,0.18592964824120603
7334,0.12578616352201258
7335,0.1791044776119403
7336,0.1751412429378531
7337,0.15425531914893617
7338,0.17582417582417584
7339,0.23255813953488372
7340,0.18556701030927836
7341,0.20100502512562815
7342,0.14903846153846154
7343,0.1735159817351598
7344,0.24
7345,0.16101694915254236
7346,0.14666666666666667
7347,0.1592920353982301
7348,0.15
7349,0.2127659574468085
7350,0.14507772020725387
7351,0.2046783625730994
7352,0.19428571428571428
7353,0.18285714285714286
7354,0.20666666666666667
7355,0.21875
7356,0.21264367816091953
7357,0.1925133689839572
7358,0.18099547511312217
7359,0.16326530612244897
7360,0.13106796116504854
7361,0.19827586206896552
7362,0.075
7363,0.1076923076923077
7364,0.2
7365,0.1781609195402299
7366,0.2694610778443114
7367,0.2356020942408377
7368,0.20187793427230047
7369,0.1902654867256637
7370,0.19827586206896552
7371,0.24878048780487805
7372,0.13930348258706468
7373,0.12429378531073447
7374,0.125
7375,0.12359550561797752
7376,0.24242424242424243
7377,0.2100456621004566
7378,0.1943127962085308
7379,0.2018348623853211
7380,0.25333333333333335
7381,0.22666666666666666
7382,0.216
7383,0.1829787234042553
7384,0.20476190476190476
7385,0.195
7386,0.21568627450980393
7387,0.171875
7388,0.12716763005780346
7389,0.20398009950248755
7390,0.17040358744394618
7391,0.18333333333333332
7392,0.17256637168141592
7393,0.1689497716894977
7394,0.21226415094339623
7395,0.15948275862068967
7396,0.15714285714285714
7397,0.12429378531073447
7398,0.19463087248322147
7399,0.14012738853503184
7400,0.18848167539267016
7401,0.31693989071038253
7402,0.20915032679738563
7403,0.1949685534591195
7404,0.23316062176165803
7405,0.23383084577114427
7406,0.18181818181818182
7407,0.16731517509727625
7408,0.14624505928853754
7409,0.18
7410,0.2288135593220339
7411,0.21153846153846154
7412,0.06896551724137931
7413,0.09655172413793103
7414,0.15979381443298968
7415,0.16568047337278108
7416,0.20918367346938777
7417,0.1859504132231405
7418,0.16929133858267717
7419,0.1557377049180328
7420,0.1141732283464567
7421,0.1417004048582996
7422,0.1282051282051282
7423,0.2411764705882353
7424,0.18686868686868688
7425,0.19473684210526315
7426,0.15025906735751296
7427,0.045112781954887216
7428,0.06569343065693431
7429,0.19270833333333334
7430,0.2346368715083799
7431,0.20618556701030927
7432,0.1989247311827957
7433,0.19254658385093168
7434,0.1896551724137931
7435,0.25396825396825395
7436,0.12716763005780346
7437,0.16049382716049382
7438,0.13100436681222707
7439,0.14345991561181434
7440,0.20175438596491227
7441,0.1940928270042194
7442,0.20253164556962025
7443,0.18410041841004185
7444,0.1791044776119403
7445,0.19101123595505617
7446,0.21195652173913043
7447,0.26229508196721313
7448,0.18333333333333332
7449,0.16666666666666666
7450,0.20242914979757085
7451,0.15447154471544716
7452,0.1774193548387097
7453,0.18691588785046728
7454,0.1746987951807229
7455,0.1258741258741259
7456,0.11242603550295859
7457,0.2097560975609756
7458,0.22596153846153846
7459,0.16228070175438597
7460,0.1630901287553648
7461,0.14893617021276595
7462,0.11055276381909548
7463,0.1724137931034483
7464,0.22885572139303484
7465,0.20754716981132076
7466,0.14847161572052403
7467,0.20388349514563106
7468,0.1564625850340136
7469,0.10256410256410256
7470,0.165
7471,0.19696969696969696
7472,0.16216216216216217
7473,0.13425925925925927
7474,0.16176470588235295
7475,0.14432989690721648
7476,0.2198952879581152
7477,0.20588235294117646
7478,0.13978494623655913
7479,0.17613636363636365
7480,0.15263157894736842
7481,0.1761006289308176
7482,0.15527950310559005
7483,0.1111111111111111
7484,0.10569105691056911
7485,0.15384615384615385
7486,0.20930232558139536
7487,0.19402985074626866
7488,0.22916666666666666
7489,0.17180616740088106
7490,0.21153846153846154
7491,0.16355140186915887
7492,0.1965065502183406
7493,0.15283842794759825
7494,0.1872146118721461
7495,0.15121951219512195
7496,0.140625
7497,0.08121827411167512
7498,0.1906779661016949
7499,0.16336633663366337
7500,0.18018018018018017
7501,0.2576419213973799
7502,0.21428571428571427
7503,0.2766990291262136
7504,0.23529411764705882
7505,0.20952380952380953
7506,0.15254237288135594
7507,0.12236286919831224
7508,0.16113744075829384
7509,0.26373626373626374
7510,0.22388059701492538
7511,0.23300970873786409
7512,0.17410714285714285
7513,0.19369369369369369
7514,0.22564102564102564
7515,0.17391304347826086
7516,0.19289340101522842
7517,0.18518518518518517
7518,0.15714285714285714
7519,0.14054054054054055
7520,0.19383259911894274
7521,0.16666666666666666
7522,0.1568627450980392
7523,0.08552631578947369
7524,0.12429378531073447
7525,0.23756906077348067
7526,0.20276497695852536
7527,0.1872146118721461
7528,0.18636363636363637
7529,0.17408906882591094
7530,0.2
7531,0.20833333333333334
7532,0.17105263157894737
7533,0.16736401673640167
7534,0.16017316017316016
7535,0.18666666666666668
7536,0.1503267973856209
7537,0.055776892430278883
7799,0.008928571428571428
7800,0.0
7801,0.0
7802,0.0
7803,0.04
7804,0.03333333333333333
7805,0.13793103448275862
7806,0.14285714285714285
7807,0.09090909090909091
7808,0.07692307692307693
7809,0.0
7810,0.0
7811,0.0
7812,0.06451612903225806
7813,0.1111111111111111
7814,0.043478260869565216
7815,0.038461538461538464
7816,0.07407407407407407
7817,0.0
7818,0.04
7819,0.0
7820,0.0
7821,0.05263157894736842
7822,0.0
7823,0.0
7824,0.0
7825,0.0
7826,0.0
7827,0.0
7828,0.07692307692307693
7829,0.0
7830,0.058823529411764705
7831,0.05555555555555555
7832,0.125
7833,0.07692307692307693
7834,0.19230769230769232
7835,0.0
7836,0.0
7837,0.0
7838,0.10526315789473684
7839,0.125
7840,0.041666666666666664
7841,0.07692307692307693
7842,0.0
7843,0.041666666666666664
7844,0.1
7845,0.07142857142857142
7846,0.0
7847,0.0
7848,0.0
7849,0.0
7850,0.0
7851,0.045454545454545456
7852,0.13043478260869565
7853,0.08333333333333333
7854,0.0
7855,0.09523809523809523
7856,0.1
7857,0.0
7858,0.05
7859,0.07692307692307693
7860,0.037037037037037035
7861,0.17647058823529413
7862,0.0
7863,0.18181818181818182
7864,0.0625
7865,0.0
7866,0.04
7867,0.038461538461538464
7868,0.037037037037037035
7869,0.18518518518518517
7870,0.13793103448275862
7871,0.12
7872,0.038461538461538464
7873,0.037037037037037035
7874,0.1111111111111111
7875,0.10344827586206896
7876,0.07692307692307693
7877,0.0
7878,0.0
7879,0.05
7880,0.125
7881,0.0
7882,0.0
7883,0.0
7884,0.07692307692307693
7885,0.06666666666666667
7886,0.13793103448275862
7887,0.0
7888,0.08333333333333333
7889,0.04
7890,0.0
7891,0.1
7892,0.058823529411764705
7893,0.045454545454545456
7894,0.07142857142857142
7895,0.0
7896,0.06666666666666667
7897,0.0
7898,0.0
7899,0.0
7900,0.0
7901,0.07407407407407407
7902,0.0
7903,0.0
7904,0.09523809523809523
7905,0.045454545454545456
7906,0.0
7907,0.0
7908,0.0
7909,0.03225806451612903
7911,0.025
7912,0.08108108108108109
7914,0.10526315789473684
7915,0.05
7916,0.0967741935483871
7917,0.13793103448275862
7918,0.0
7919,0.08333333333333333
7920,0.0
7921,0.0
7922,0.0
7923,0.08333333333333333
7924,0.0
7925,0.03571428571428571
7926,0.0
7927,0.0
7928,0.0
7929,0.07407407407407407
7930,0.11764705882352941
7931,0.08108108108108109
7932,0.12121212121212122
7933,0.06451612903225806
7934,0.0
7935,0.0
7936,0.11764705882352941
7937,0.04
7938,0.07407407407407407
7939,0.0
7940,0.08695652173913043
7941,0.2
7942,0.10714285714285714
7943,0.03571428571428571
7944,0.07142857142857142
7945,0.0
7946,0.0
7947,0.0
7948,0.0
7949,0.037037037037037035
7950,0.03333333333333333
7951,0.038461538461538464
7952,0.0625
7953,0.0
7954,0.0
7955,0.05555555555555555
7956,0.041666666666666664
7957,0.0
7958,0.058823529411764705
7959,0.0
7960,0.10526315789473684
7961,0.0
7962,0.0
7963,0.20833333333333334
7964,0.0
7965,0.03125
7966,0.0
7967,0.0
7968,0.07407407407407407
7969,0.08695652173913043
7970,0.0
7971,0.038461538461538464
7972,0.14814814814814814
7973,0.0
7974,0.0
7975,0.041666666666666664
7976,0.0
7977,0.1
7978,0.14285714285714285
7979,0.10526315789473684
7980,0.11764705882352941
7981,0.07142857142857142
7982,0.08695652173913043
7983,0.13636363636363635
7984,0.0
7985,0.0
7986,0.041666666666666664
7987,0.0
7988,0.0
7989,0.05555555555555555
7990,0.05555555555555555
7991,0.0
7992,0.07142857142857142
7993,0.07142857142857142
7994,0.0
7995,0.0
7996,0.0
7997,0.17857142857142858
7998,0.03571428571428571
7999,0.0
8000,0.16666666666666666
8001,0.08823529411764706
8002,0.1111111111111111
8003,0.1
8004,0.058823529411764705
8005,0.09090909090909091
8006,0.0
8007,0.0625
8008,0.0
8009,0.0
8010,0.04
8011,0.038461538461538464
8012,0.07142857142857142
8013,0.06896551724137931
8014,0.0
8015,0.05
8016,0.037037037037037035
8017,0.14814814814814814
8018,0.10714285714285714
8019,0.10714285714285714
8020,0.1111111111111111
8021,0.06896551724137931
8022,0.0
8023,0.0
8024,0.0
8025,0.07142857142857142
8026,0.14285714285714285
8027,0.07692307692307693
8028,0.07142857142857142
8029,0.03571428571428571
8030,0.038461538461538464
8031,0.0625
8032,0.047619047619047616
8033,0.06896551724137931
8034,0.07692307692307693
8035,0.04
8036,0.0
8037,0.05
8038,0.19230769230769232
8039,0.2222222222222222
8040,0.10344827586206896
8041,0.25
8042,0.17391304347826086
8043,0.07142857142857142
8044,0.0
8045,0.08
8046,0.07692307692307693
8047,0.07142857142857142
8048,0.07692307692307693
8049,0.0
8050,0.0
8051,0.03333333333333333
8052,0.07142857142857142
8053,0.043478260869565216
8054,0.125
8055,0.1111111111111111
8056,0.07692307692307693
8057,0.12
8058,0.06666666666666667
8059,0.0
8060,0.0
8061,0.0
8062,0.125
8063,0.0
8064,0.038461538461538464
8065,0.08333333333333333
8066,0.03333333333333333
8067,0.06060606060606061
8068,0.05263157894736842
8069,0.07692307692307693
8070,0.16
8071,0.21739130434782608
8072,0.08333333333333333
8073,0.0
8074,0.06666666666666667
8075,0.0
8076,0.08695652173913043
8077,0.07692307692307693
8078,0.0625
8079,0.0
8080,0.04
8081,0.0
8082,0.0
8083,0.03225806451612903
8084,0.06451612903225806
8085,0.13513513513513514
8086,0.0
8087,0.0
8088,0.16666666666666666
8089,0.11538461538461539
8090,0.10344827586206896
8091,0.06451612903225806
8092,0.038461538461538464
8093,0.08695652173913043
8094,0.041666666666666664
8095,0.0
8096,0.0
8097,0.10344827586206896
8098,0.1
8099,0.2
8100,0.08
8101,0.0
8102,0.07142857142857142
8103,0.08
8104,0.0
8105,0.0
8106,0.0
8107,0.0
8108,0.05
8109,0.0
8110,0.0
8111,0.05555555555555555
8112,0.0
8113,0.07692307692307693
8114,0.041666666666666664
8115,0.041666666666666664
8116,0.0
8117,0.0
8118,0.0
8119,0.0
8120,0.15384615384615385
8121,0.0
8122,0.0
8123,0.05555555555555555
8124,0.0
8125,0.0
8126,0.0
8127,0.0
8128,0.0
8129,0.14285714285714285
8130,0.06666666666666667
8131,0.1111111111111111
8132,0.0
8133,0.0
8134,0.0
8135,0.0
8136,0.08
8137,0.05263157894736842
8138,0.043478260869565216
8139,0.0
8140,0.0
8141,0.0
8142,0.2727272727272727
8143,0.0
8144,0.0
8145,0.0
8146,0.0
8147,0.10714285714285714
8148,0.2222222222222222
8149,0.034482758620689655
8150,0.041666666666666664
8151,0.0
8152,0.0
8153,0.09090909090909091
8154,0.0
8155,0.0
8156,0.05555555555555555
8157,0.0
8158,0.0
8159,0.2222222222222222
8160,0.05263157894736842
8161,0.0
8162,0.05
8163,0.125
8164,0.0625
8165,0.1
8166,0.0
8167,0.0
8168,0.0
8169,0.0
8170,0.0
8171,0.0625
8172,0.0
8173,0.0
8174,0.0625
8175,0.04
8176,0.0
8177,0.0
8178,0.2777777777777778
8179,0.4
8180,0.05263157894736842
8181,0.0
8182,0.0
8183,0.07692307692307693
8184,0.125
8185,0.0
8186,0.0625
8187,0.0
8188,0.0
8189,0.0
8190,0.0
8191,0.13333333333333333
8192,0.06666666666666667
8193,0.05555555555555555
8194,0.0
8195,0.0
8196,0.05263157894736842
8197,0.1111111111111111
8198,0.047619047619047616
8199,0.11538461538461539
8200,0.0
8201,0.0
8202,0.0
8203,0.038461538461538464
8204,0.1
8205,0.16666666666666666
8206,0.05
8207,0.0
8208,0.0
8209,0.0
8210,0.0625
8211,0.0
8212,0.0
8213,0.07692307692307693
8214,0.11538461538461539
8215,0.14285714285714285
8216,0.15384615384615385
8217,0.07692307692307693
8218,0.0
8219,0.05555555555555555
8220,0.1111111111111111
8221,0.06666666666666667
8222,0.0625
8223,0.07692307692307693
8224,0.0
8225,0.0
8226,0.0
8227,0.13043478260869565
8228,0.04
8229,0.0
8230,0.0
8231,0.0
8232,0.08695652173913043
8233,0.04
8234,0.0
8235,0.1
8236,0.0
8237,0.0
8238,0.0
8239,0.06666666666666667
8240,0.0625
8241,0.0
8242,0.0
8243,0.1
8244,0.17647058823529413
8245,0.0
8246,0.0
8247,0.0
8248,0.0
8249,0.2
8250,0.038461538461538464
8251,0.0
8252,0.0
8253,0.0
8254,0.0
8255,0.0
8256,0.0
8257,0.0
8258,0.0
8259,0.0
8260,0.0
8261,0.0
8262,0.0
8263,0.0
8264,0.0
8265,0.0
8266,0.0
8267,0.1
8268,0.21428571428571427
8269,0.0
8270,0.0
8271,0.0
8272,0.0
8273,0.21428571428571427
8274,0.0
8275,0.13333333333333333
8276,0.06666666666666667
8277,0.0625
8278,0.0
8279,0.05555555555555555
8280,0.1
8281,0.0
8282,0.0
8283,0.25
8284,0.17647058823529413
8285,0.13043478260869565
8286,0.07142857142857142
8287,0.037037037037037035
8288,0.13636363636363635
8289,0.12
8290,0.16666666666666666
8291,0.0
8292,0.0
8293,0.037037037037037035
8294,0.0
8295,0.045454545454545456
8296,0.0
8297,0.0
8298,0.043478260869565216
8299,0.0
8300,0.14814814814814814
8301,0.15384615384615385
8302,0.25
8303,0.03571428571428571
8304,0.10714285714285714
8305,0.06666666666666667
8306,0.07692307692307693
8307,0.09259259259259259
8308,0.0
8309,0.038461538461538464
8310,0.0
8311,0.1111111111111111
8312,0.10714285714285714
8313,0.07692307692307693
8314,0.12
8315,0.03125
8316,0.034482758620689655
8317,0.06451612903225806
8318,0.06060606060606061
8319,0.15
8320,0.16666666666666666
8321,0.0
8322,0.0
8323,0.06451612903225806
8324,0.0
8325,0.0
8326,0.034482758620689655
8327,0.14285714285714285
8328,0.11538461538461539
8329,0.0
8330,0.0
8331,0.0
8332,0.0
8333,0.11764705882352941
8334,0.23076923076923078
8335,0.0
8336,0.0
8337,0.0
8338,0.0
8339,0.0
8340,0.05263157894736842
8341,0.08333333333333333
8342,0.09090909090909091
8343,0.14285714285714285
8344,0.13636363636363635
8345,0.05
8346,0.037037037037037035
8347,0.1111111111111111
8348,0.07407407407407407
8349,0.1111111111111111
8350,0.03333333333333333
8351,0.05263157894736842
8352,0.0
8353,0.0
8354,0.0
8355,0.07407407407407407
8356,0.0
8357,0.07142857142857142
8358,0.14814814814814814
8359,0.0
8360,0.0
8361,0.0
8362,0.0
8363,0.0
8364,0.058823529411764705
8365,0.0
8366,0.0
8367,0.09090909090909091
8368,0.05263157894736842
8369,0.05263157894736842
8370,0.04
8371,0.043478260869565216
8372,0.0
8373,0.0
8374,0.07692307692307693
8375,0.03333333333333333
8376,0.0
8377,0.045454545454545456
8378,0.0
8379,0.05555555555555555
8380,0.09090909090909091
8381,0.05555555555555555
8382,0.06666666666666667
8383,0.06060606060606061
8384,0.38461538461538464
8385,0.03225806451612903
8386,0.0
8387,0.0
8388,0.15384615384615385
8389,0.10344827586206896
8390,0.05
8391,0.0
8392,0.0
8393,0.0
8394,0.13636363636363635
8395,0.13043478260869565
8396,0.20833333333333334
8397,0.17391304347826086
8398,0.16
8399,0.1111111111111111
8400,0.04
8401,0.125
8402,0.058823529411764705
8403,0.0
8404,0.041666666666666664
8405,0.10526315789473684
8406,0.034482758620689655
8407,0.0
8408,0.0
8409,0.02857142857142857
8410,0.041666666666666664
8411,0.0
8412,0.0
8413,0.043478260869565216
8414,0.13636363636363635
8415,0.12
8416,0.11538461538461539
8417,0.08333333333333333
8418,0.0
8419,0.0
8420,0.043478260869565216
8421,0.2
8422,0.0
8423,0.0
8424,0.08333333333333333
8425,0.11538461538461539
8426,0.0
8427,0.0
8428,0.06451612903225806
8429,0.06060606060606061
8430,0.041666666666666664
8431,0.08
8432,0.11538461538461539
8433,0.0
8434,0.0
8435,0.05263157894736842
8436,0.0
8437,0.0
8438,0.041666666666666664
8439,0.0
8440,0.06666666666666667
8441,0.08695652173913043
8442,0.11764705882352941
8443,0.0625
8444,0.0
8445,0.0
8446,0.0
8447,0.034482758620689655
8448,0.1724137931034483
8449,0.0967741935483871
8450,0.11538461538461539
8451,0.0
8452,0.0
8453,0.0
8454,0.0
8455,0.0
8456,0.0
8457,0.045454545454545456
8458,0.0
8459,0.0
8460,0.041666666666666664
8461,0.12
8462,0.05555555555555555
8463,0.08333333333333333
8464,0.1
8465,0.0
8466,0.0
8467,0.04
8468,0.0
8469,0.0
8470,0.11538461538461539
8471,0.07692307692307693
8472,0.0
8473,0.0
8474,0.0
8475,0.0
8476,0.03333333333333333
8477,0.0
8478,0.037037037037037035
8479,0.14814814814814814
8480,0.13793103448275862
8481,0.15789473684210525
8482,0.0
8483,0.15384615384615385
8484,0.038461538461538464
8485,0.0
8486,0.1111111111111111
8487,0.03571428571428571
8488,0.20833333333333334
8489,0.05
8490,0.058823529411764705
8491,0.07692307692307693
8492,0.125
8493,0.16666666666666666
8494,0.10714285714285714
8495,0.14814814814814814
8496,0.06896551724137931
8497,0.1111111111111111
8498,0.0
8499,0.07692307692307693
8500,0.0
8501,0.05555555555555555
8502,0.0625
8503,0.07142857142857142
8504,0.1724137931034483
8505,0.12903225806451613
8506,0.047619047619047616
8507,0.058823529411764705
8508,0.19230769230769232
8509,0.0
8510,0.0
8511,0.047619047619047616
8512,0.0
8513,0.0
8514,0.0
8515,0.0
8516,0.0
8517,0.0
8518,0.0
8519,0.07692307692307693
8520,0.0
8521,0.0
8522,0.0
8523,0.09090909090909091
8524,0.0
8525,0.0
8526,0.0
8527,0.0
8528,0.04
8529,0.05263157894736842
8530,0.0
8531,0.0
8532,0.08333333333333333
8533,0.0
8534,0.034482758620689655
8535,0.0
8536,0.0
8537,0.034482758620689655
8538,0.18518518518518517
8539,0.1
8540,0.09090909090909091
8541,0.05263157894736842
8542,0.05
8543,0.05555555555555555
8544,0.08695652173913043
8545,0.04
8546,0.08
8547,0.12
8548,0.0
8549,0.0
8550,0.16
8551,0.038461538461538464
8552,0.0625
8553,0.0
8554,0.08333333333333333
8555,0.034482758620689655
8556,0.06666666666666667
8557,0.0
8558,0.0
8559,0.11538461538461539
8560,0.16666666666666666
8561,0.041666666666666664
8562,0.037037037037037035
8563,0.08
8564,0.0
8565,0.07142857142857142
8566,0.13333333333333333
8567,0.09090909090909091
8568,0.0
8569,0.0
8570,0.0
8571,0.0
8572,0.0
8573,0.0
8574,0.046511627906976744
8575,0.03333333333333333
8576,0.0
8577,0.0
8578,0.03333333333333333
8579,0.03125
8580,0.038461538461538464
8581,0.038461538461538464
8582,0.0
8583,0.03571428571428571
8584,0.07692307692307693
8585,0.125
8586,0.0625
8587,0.0
8588,0.0
8589,0.047619047619047616
8590,0.037037037037037035
8591,0.03333333333333333
8592,0.0
8593,0.0
8594,0.03225806451612903
8595,0.0
8596,0.0
8597,0.0
8598,0.0
8599,0.10344827586206896
8600,0.034482758620689655
8601,0.0
8602,0.0
8603,0.0
8604,0.034482758620689655
8605,0.038461538461538464
8606,0.19047619047619047
8607,0.09523809523809523
8608,0.0
8609,0.0
8610,0.10526315789473684
8611,0.045454545454545456
8612,0.045454545454545456
8613,0.038461538461538464
8614,0.03571428571428571
8615,0.0
8616,0.05
8617,0.0
8618,0.0
8619,0.043478260869565216
8620,0.043478260869565216
8621,0.06666666666666667
8622,0.037037037037037035
8623,0.0
8624,0.0
8625,0.15384615384615385
8626,0.0
8627,0.0
8628,0.09523809523809523
8629,0.05
8630,0.3333333333333333
8631,0.0
8632,0.05555555555555555
8633,0.13636363636363635
8634,0.0
8635,0.08333333333333333
8636,0.0
8637,0.058823529411764705
8638,0.05
8639,0.08571428571428572
8640,0.0
8641,0.0
8642,0.04
8643,0.0
8644,0.0
8645,0.0
8646,0.0
8647,0.16666666666666666
8648,0.0
8649,0.0
8650,0.12
8651,0.13043478260869565
8652,0.07142857142857142
8653,0.07142857142857142
8654,0.05263157894736842
8655,0.0
8656,0.08333333333333333
8657,0.045454545454545456
8658,0.05
8659,0.041666666666666664
8660,0.0
8661,0.0
8662,0.037037037037037035
8663,0.10526315789473684
8664,0.07692307692307693
8665,0.1111111111111111
8666,0.045454545454545456
8667,0.15384615384615385
8668,0.1724137931034483
8669,0.0
8670,0.07142857142857142
8671,0.043478260869565216
8672,0.06451612903225806
8673,0.0
8674,0.0625
8676,0.034482758620689655
8677,0.04
8678,0.3333333333333333
8679,0.06451612903225806
8680,0.15625
8681,0.13793103448275862
8682,0.15
8683,0.08695652173913043
8684,0.0
8685,0.0
8686,0.0625
8687,0.05
8688,0.0
8689,0.0
8690,0.0
8691,0.08
8692,0.0
8693,0.0
8694,0.0
8695,0.0
8696,0.0
8697,0.08333333333333333
8698,0.0
8699,0.0
8700,0.0
8701,0.16666666666666666
8702,0.09090909090909091
8703,0.045454545454545456
8704,0.08695652173913043
8705,0.03571428571428571
8706,0.038461538461538464
8707,0.03333333333333333
8708,0.047619047619047616
8709,0.0
8710,0.0
8711,0.07142857142857142
8712,0.0
8713,0.0
8714,0.0
8715,0.15789473684210525
8716,0.08333333333333333
8717,0.12
8718,0.0
8719,0.0
8720,0.06896551724137931
8721,0.06896551724137931
8722,0.038461538461538464
8723,0.10714285714285714
8724,0.0
8725,0.07142857142857142
8726,0.07692307692307693
8727,0.0
8728,0.0
8729,0.05555555555555555
8730,0.0
8731,0.0
8733,0.0
8734,0.0
8735,0.11538461538461539
8736,0.10344827586206896
8737,0.06451612903225806
8738,0.03571428571428571
8739,0.0
8740,0.07407407407407407
8741,0.03571428571428571
8742,0.15
8743,0.047619047619047616
8744,0.08333333333333333
8745,0.0
8746,0.03571428571428571
8747,0.07407407407407407
8748,0.16
8749,0.07407407407407407
8750,0.03333333333333333
8751,0.14285714285714285
8752,0.0
8753,0.038461538461538464
8754,0.07407407407407407
8755,0.13043478260869565
8756,0.043478260869565216
8757,0.08333333333333333
8758,0.07692307692307693
8759,0.07407407407407407
8760,0.08
8761,0.0
8762,0.0
8763,0.1111111111111111
8764,0.07407407407407407
8765,0.04
8766,0.0
8767,0.03571428571428571
8768,0.0
8769,0.0
8770,0.07142857142857142
8771,0.06666666666666667
8772,0.14814814814814814
8773,0.09090909090909091
8774,0.0
8775,0.037037037037037035
8776,0.10714285714285714
8777,0.11538461538461539
8778,0.0
8779,0.03125
8780,0.03571428571428571
8781,0.08333333333333333
8782,0.0
8783,0.0
8784,0.1111111111111111
8785,0.10714285714285714
8786,0.045454545454545456
8787,0.041666666666666664
8788,0.09090909090909091
8789,0.0
8790,0.0
8791,0.037037037037037035
8792,0.034482758620689655
8793,0.15384615384615385
8794,0.041666666666666664
8795,0.13636363636363635
8796,0.0
8797,0.0
8798,0.030303030303030304
8799,0.03571428571428571
8800,0.04
8801,0.14814814814814814
8802,0.06666666666666667
8803,0.07407407407407407
8804,0.18518518518518517
8805,0.03125
8806,0.0
8807,0.05555555555555555
8808,0.047619047619047616
8809,0.05263157894736842
8810,0.08
8811,0.02857142857142857
8812,0.0
8813,0.07692307692307693
8814,0.03125
8815,0.0
8816,0.07407407407407407
8817,0.11428571428571428
8818,0.13513513513513514
8819,0.10344827586206896
8820,0.15
8821,0.1
8823,0.12195121951219512
8824,0.029411764705882353
8825,0.0
8826,0.2
8827,0.0
8828,0.13333333333333333
8829,0.037037037037037035
8830,0.0
8831,0.0
8832,0.15
8833,0.0
8834,0.0
8835,0.047619047619047616
8836,0.05263157894736842
8837,0.0
8838,0.0967741935483871
8839,0.0625
8840,0.06896551724137931
8841,0.038461538461538464
8842,0.07692307692307693
8843,0.14814814814814814
8844,0.14285714285714285
8845,0.14285714285714285
8846,0.05555555555555555
8847,0.0
8848,0.08333333333333333
8849,0.041666666666666664
8850,0.0
8851,0.08
8852,0.041666666666666664
8853,0.11764705882352941
8854,0.05
8855,0.04
8856,0.125
8857,0.1111111111111111
8858,0.14814814814814814
8859,0.08
8860,0.0
8861,0.0
8862,0.13793103448275862
8863,0.07142857142857142
8864,0.11538461538461539
8865,0.11538461538461539
8866,0.07142857142857142
8867,0.08
8868,0.0
8869,0.09523809523809523
8870,0.03571428571428571
8871,0.05
8872,0.06666666666666667
8873,0.0
8874,0.0
8875,0.0
8876,0.10714285714285714
8877,0.0625
8878,0.0
8879,0.08695652173913043
8880,0.16666666666666666
8881,0.06451612903225806
8882,0.12
8883,0.0
8884,0.0
8885,0.1111111111111111
8886,0.038461538461538464
8887,0.0
8888,0.13157894736842105
8889,0.125
8890,0.05
8891,0.058823529411764705
8892,0.07407407407407407
8893,0.07407407407407407
8894,0.1111111111111111
8895,0.08695652173913043
8896,0.08695652173913043
8897,0.06666666666666667
8898,0.06896551724137931
8899,0.1111111111111111
8900,0.13043478260869565
8901,0.0
8902,0.0
8903,0.0
8904,0.0
8905,0.0
8906,0.05
8907,0.04
8908,0.0967741935483871
8909,0.23333333333333334
8910,0.03125
8911,0.029411764705882353
8912,0.030303030303030304
8913,0.06896551724137931
8914,0.19230769230769232
8915,0.0
8916,0.0
8917,0.0
8918,0.04
8919,0.04
8920,0.10344827586206896
8921,0.2692307692307692
8922,0.17391304347826086
8923,0.08333333333333333
8924,0.07692307692307693
8925,0.14285714285714285
8926,0.047619047619047616
8927,0.10526315789473684
8928,0.09090909090909091
8929,0.07407407407407407
8930,0.07692307692307693
8931,0.11538461538461539
8932,0.12
8933,0.038461538461538464
8934,0.037037037037037035
8935,0.11538461538461539
8936,0.07142857142857142
8937,0.16
8938,0.034482758620689655
8939,0.037037037037037035
8940,0.0
8941,0.0
8942,0.08333333333333333
8943,0.12
8944,0.2727272727272727
8945,0.07142857142857142
8946,0.06896551724137931
8947,0.1111111111111111
8948,0.14285714285714285
8949,0.11538461538461539
8950,0.04
8951,0.041666666666666664
8952,0.13636363636363635
8953,0.06666666666666667
8954,0.10714285714285714
8955,0.13636363636363635
8956,0.07692307692307693
8957,0.043478260869565216
8958,0.05
8959,0.038461538461538464
8960,0.11538461538461539
8961,0.041666666666666664
8962,0.045454545454545456
8963,0.08571428571428572
8964,0.05555555555555555
8965,0.07142857142857142
8966,0.18518518518518517
8967,0.0
8968,0.0
8969,0.18181818181818182
8970,0.10344827586206896
8971,0.0
8972,0.0
8973,0.03333333333333333
8974,0.0
8975,0.0
8976,0.05555555555555555
8977,0.0
8978,0.1111111111111111
8979,0.04
8980,0.12
8981,0.0
8982,0.0
8983,0.04
8984,0.04
8985,0.07407407407407407
8986,0.07407407407407407
8987,0.0
8988,0.0
8989,0.07692307692307693
8990,0.038461538461538464
8991,0.043478260869565216
8992,0.08
8993,0.0625
8994,0.08333333333333333
8995,0.041666666666666664
8996,0.07407407407407407
8997,0.06896551724137931
8998,0.0
8999,0.0
9000,0.11538461538461539
9001,0.125
9002,0.05
9003,0.05263157894736842
9004,0.038461538461538464
9005,0.058823529411764705
9006,0.058823529411764705
9007,0.041666666666666664
9008,0.038461538461538464
9009,0.0
9010,0.0
9011,0.08333333333333333
9012,0.10714285714285714
9013,0.041666666666666664
9014,0.0
9015,0.125
9016,0.03571428571428571
9017,0.0
9018,0.07407407407407407
9019,0.0
9020,0.0625
9021,0.08695652173913043
9022,0.15789473684210525
9023,0.038461538461538464
9024,0.02631578947368421
9025,0.2647058823529412
9026,0.06896551724137931
9027,0.0
9028,0.043478260869565216
9029,0.08695652173913043
9030,0.17391304347826086
9031,0.06666666666666667
9032,0.06666666666666667
9033,0.16666666666666666
9034,0.0
9035,0.0
9036,0.0
9037,0.2
9038,0.06896551724137931
9039,0.03571428571428571
9040,0.07142857142857142
9041,0.09090909090909091
9042,0.0
9043,0.08333333333333333
9044,0.0
9045,0.08
9046,0.13636363636363635
9047,0.08
9048,0.125
9049,0.0
9050,0.12
9051,0.0
9052,0.0
9053,0.06896551724137931
9054,0.07142857142857142
9055,0.07142857142857142
9056,0.034482758620689655
9057,0.038461538461538464
9058,0.04
9059,0.08333333333333333
9060,0.0
9061,0.0
9062,0.13636363636363635
9063,0.16666666666666666
9064,0.037037037037037035
9065,0.043478260869565216
9066,0.0
9067,0.041666666666666664
9068,0.04
9069,0.10526315789473684
9070,0.0
9071,0.038461538461538464
9072,0.04
9073,0.0625
9074,0.0
9075,0.0
9076,0.0
9077,0.0
9078,0.16666666666666666
9079,0.1111111111111111
9080,0.0
9081,0.0625
9082,0.0
9083,0.0
9084,0.05555555555555555
9085,0.11764705882352941
9086,0.0
9087,0.0
9088,0.0
9089,0.0
9090,0.0
9091,0.0
9092,0.07142857142857142
9093,0.0
9094,0.0
9095,0.1
9096,0.07142857142857142
9097,0.07692307692307693
9098,0.0
9099,0.0
9100,0.038461538461538464
9101,0.0
9102,0.037037037037037035
9103,0.058823529411764705
9104,0.0
9106,0.05405405405405406
9107,0.11428571428571428
9108,0.043478260869565216
9109,0.0
9110,0.0
9111,0.0
9112,0.0
9113,0.09090909090909091
9114,0.2
9115,0.15789473684210525
9116,0.07692307692307693
9117,0.05555555555555555
9118,0.05
9119,0.03225806451612903
9120,0.06451612903225806
9121,0.045454545454545456
9122,0.05
9123,0.038461538461538464
9124,0.17647058823529413
9125,0.0
9126,0.0
9127,0.0
9128,0.0
9129,0.0
9130,0.0
9131,0.0
9132,0.0
9133,0.0
9134,0.0
9135,0.0
9136,0.0
9137,0.0
9138,0.0
9139,0.0625
9140,0.125
9141,0.0
9142,0.0
9143,0.0
9144,0.1111111111111111
9145,0.05263157894736842
9146,0.0
9147,0.09090909090909091
9148,0.0
9149,0.0
9150,0.0
9151,0.25
9152,0.0
9153,0.125
9154,0.1
9155,0.0
9156,0.12
9157,0.05
9158,0.10526315789473684
9159,0.18181818181818182
9160,0.08333333333333333
9161,0.0
9162,0.0
9163,0.0
9164,0.0
9165,0.047619047619047616
9166,0.041666666666666664
9167,0.16666666666666666
9168,0.21739130434782608
9169,0.0
9170,0.0
9171,0.0
9172,0.1111111111111111
9173,0.0
9174,0.058823529411764705
9175,0.10714285714285714
9176,0.0
9177,0.0
9178,0.1
9179,0.037037037037037035
9180,0.047619047619047616
9181,0.0
9182,0.03125
9183,0.0
9184,0.0
9185,0.0
9186,0.03333333333333333
9187,0.06451612903225806
9188,0.0967741935483871
9189,0.08695652173913043
9190,0.0
9191,0.2
9192,0.16666666666666666
9193,0.07407407407407407
9194,0.0
9195,0.0
9196,0.0
9197,0.0
9198,0.10344827586206896
9199,0.034482758620689655
9200,0.07407407407407407
9201,0.04
9202,0.045454545454545456
9203,0.037037037037037035
9204,0.18518518518518517
9205,0.0
9206,0.058823529411764705
9207,0.15384615384615385
9208,0.0
9209,0.0
9210,0.08695652173913043
9211,0.13043478260869565
9212,0.038461538461538464
9213,0.07142857142857142
9215,0.07142857142857142
9216,0.047619047619047616
9217,0.047619047619047616
9218,0.038461538461538464
9219,0.037037037037037035
9220,0.08
9221,0.13043478260869565
9222,0.08
9223,0.037037037037037035
9224,0.11538461538461539
9225,0.07692307692307693
9226,0.08333333333333333
9227,0.13043478260869565
9228,0.08
9229,0.08
9230,0.13636363636363635
9231,0.05263157894736842
9232,0.0
9233,0.0
9234,0.07142857142857142
9235,0.034482758620689655
9236,0.13513513513513514
9237,0.07142857142857142
9238,0.0
9239,0.1111111111111111
9240,0.045454545454545456
9241,0.05263157894736842
9242,0.25
9243,0.13636363636363635
9244,0.0
9245,0.0
9246,0.0
9247,0.1111111111111111
9248,0.15384615384615385
9249,0.07407407407407407
9250,0.0
9251,0.06666666666666667
9252,0.0
9253,0.0
9254,0.0
9255,0.1
9256,0.0
9257,0.06666666666666667
9258,0.0
9259,0.0
9260,0.07692307692307693
9261,0.03225806451612903
9262,0.03125
9263,0.125
9264,0.0625
9265,0.058823529411764705
9266,0.047619047619047616
9267,0.09523809523809523
9268,0.0
9269,0.047619047619047616
9270,0.07692307692307693
9271,0.0
9272,0.0
9273,0.0
9274,0.1
9275,0.08571428571428572
9276,0.058823529411764705
9277,0.037037037037037035
9278,0.0
9279,0.038461538461538464
9280,0.03571428571428571
9281,0.0
9282,0.0
9283,0.0
9284,0.1111111111111111
9285,0.03333333333333333
9286,0.14285714285714285
9287,0.05263157894736842
9288,0.04
9289,0.058823529411764705
9290,0.0
9291,0.0
9292,0.0
9293,0.0
9294,0.0
9295,0.16666666666666666
9296,0.0
9297,0.0
9298,0.04
9299,0.06896551724137931
9300,0.0
9301,0.0
9302,0.1
9303,0.14814814814814814
9304,0.10344827586206896
9305,0.08823529411764706
9306,0.2413793103448276
9307,0.16666666666666666
9308,0.1
9309,0.09090909090909091
9310,0.0
9311,0.0
9312,0.16666666666666666
9313,0.0
9314,0.0
9315,0.05263157894736842
9316,0.0
9317,0.0
9318,0.05263157894736842
9319,0.10714285714285714
9320,0.0
9321,0.0
9322,0.0625
9323,0.25
9324,0.0
9325,0.0
9326,0.0
9327,0.14285714285714285
9328,0.0
9329,0.0
9330,0.04
9331,0.0625
9332,0.09090909090909091
9333,0.0
9334,0.0
9335,0.125
9336,0.08
9337,0.06896551724137931
9338,0.10344827586206896
9339,0.12
9340,0.13636363636363635
9341,0.03571428571428571
9342,0.0
9343,0.0
9344,0.10526315789473684
9345,0.047619047619047616
9346,0.04
9347,0.10526315789473684
9348,0.09523809523809523
9349,0.037037037037037035
9350,0.0
9351,0.0
9352,0.08695652173913043
9353,0.045454545454545456
9354,0.08695652173913043
9355,0.0
9356,0.0
9357,0.1111111111111111
9358,0.10714285714285714
9359,0.06666666666666667
9360,0.19230769230769232
9361,0.11764705882352941
9362,0.0
9363,0.0
9364,0.11538461538461539
9365,0.07407407407407407
9366,0.09090909090909091
9367,0.047619047619047616
9368,0.09090909090909091
9369,0.08333333333333333
9370,0.10714285714285714
9371,0.0
9372,0.038461538461538464
9373,0.0
9374,0.0
9375,0.0
9376,0.12
9377,0.0
9378,0.05
9379,0.0
9380,0.0
9381,0.045454545454545456
9382,0.0625
9383,0.0625
9384,0.04
9385,0.03333333333333333
9386,0.06666666666666667
9387,0.10344827586206896
9388,0.10714285714285714
9389,0.1111111111111111
9390,0.0
9391,0.125
9392,0.043478260869565216
9393,0.0
9394,0.1111111111111111
9395,0.08333333333333333
9396,0.04
9397,0.0
9398,0.08333333333333333
9399,0.09090909090909091
9400,0.0
9401,0.08695652173913043
9402,0.08333333333333333
9403,0.08
9404,0.0
9405,0.08
9406,0.1111111111111111
9407,0.12
9408,0.0
9409,0.1724137931034483
9410,0.25925925925925924
9411,0.047619047619047616
9412,0.0
9413,0.034482758620689655
9414,0.06896551724137931
9415,0.045454545454545456
9416,0.047619047619047616
9417,0.07692307692307693
9418,0.08
9419,0.07142857142857142
9420,0.13043478260869565
9421,0.06060606060606061
9422,0.14285714285714285
9423,0.0
9424,0.0625
9425,0.07142857142857142
9426,0.0
9427,0.0
9428,0.07142857142857142
9429,0.2
9430,0.0
9431,0.038461538461538464
9432,0.19230769230769232
9433,0.05263157894736842
9434,0.0
9435,0.0
9436,0.0
9437,0.12121212121212122
9438,0.09090909090909091
9439,0.09375
9440,0.12121212121212122
9441,0.0967741935483871
9442,0.125
9443,0.0
9444,0.06666666666666667
9445,0.11538461538461539
9446,0.07142857142857142
9447,0.0
9448,0.0
9449,0.13636363636363635
9450,0.047619047619047616
9451,0.0
9452,0.0
9453,0.0
9454,0.0
9455,0.10714285714285714
9456,0.03125
9457,0.10714285714285714
9458,0.034482758620689655
9459,0.03125
9460,0.034482758620689655
9461,0.07547169811320754
9462,0.07692307692307693
9463,0.0625
9464,0.125
9465,0.0
9466,0.037037037037037035
9467,0.038461538461538464
9468,0.04
9469,0.0
9470,0.0
9471,0.0
9472,0.07407407407407407
9473,0.07407407407407407
9474,0.10714285714285714
9475,0.0
9476,0.0
9477,0.037037037037037035
9478,0.0
9479,0.18181818181818182
9480,0.08
9481,0.15384615384615385
9482,0.17391304347826086
9483,0.10526315789473684
9484,0.35294117647058826
9485,0.10344827586206896
9486,0.05
9487,0.0625
9488,0.0
9489,0.0
9490,0.0
9491,0.10714285714285714
9492,0.06060606060606061
9493,0.09090909090909091
9494,0.0967741935483871
9495,0.0
9496,0.0
9497,0.038461538461538464
9498,0.14285714285714285
9499,0.0
9500,0.0
9501,0.06666666666666667
9502,0.125
9503,0.038461538461538464
9504,0.045454545454545456
9505,0.1111111111111111
9506,0.13793103448275862
9507,0.06666666666666667
9508,0.03225806451612903
9509,0.02857142857142857
9510,0.08823529411764706
9511,0.15384615384615385
9512,0.041666666666666664
9513,0.0
9514,0.0
9515,0.0
9516,0.0
9517,0.13043478260869565
9518,0.07407407407407407
9519,0.07142857142857142
9520,0.0
9521,0.0
9522,0.038461538461538464
9523,0.047619047619047616
9524,0.045454545454545456
9525,0.038461538461538464
9526,0.08
9527,0.0
9528,0.0
9529,0.03571428571428571
9530,0.0
9531,0.0
9532,0.038461538461538464
9533,0.17391304347826086
9534,0.16
9535,0.10714285714285714
9536,0.10714285714285714
9537,0.14814814814814814
9538,0.10810810810810811
9539,0.0625
9540,0.0
9541,0.08333333333333333
9542,0.07692307692307693
9543,0.08
9544,0.09090909090909091
9545,0.10714285714285714
9546,0.0
9547,0.0
9549,0.025
9550,0.07142857142857142
9551,0.20689655172413793
9552,0.0
9553,0.04
9554,0.05555555555555555
9555,0.08
9556,0.13043478260869565
9557,0.07407407407407407
9558,0.1111111111111111
9559,0.02631578947368421
9560,0.17142857142857143
9561,0.13793103448275862
9562,0.125
9563,0.08108108108108109
9564,0.027777777777777776
9565,0.03225806451612903
9566,0.0
9567,0.0
9568,0.0
9569,0.04
9570,0.037037037037037035
9571,0.10714285714285714
9572,0.07407407407407407
9573,0.1111111111111111
9574,0.0
9575,0.06896551724137931
9576,0.0
9577,0.034482758620689655
9578,0.1111111111111111
9579,0.11538461538461539
9580,0.034482758620689655
9581,0.0
9582,0.0
9583,0.02857142857142857
9584,0.07692307692307693
9585,0.09090909090909091
9586,0.1111111111111111
9587,0.08695652173913043
9588,0.14285714285714285
9589,0.07692307692307693
9590,0.041666666666666664
9591,0.0
9592,0.08
9593,0.0
9594,0.0
9595,0.045454545454545456
9596,0.041666666666666664
9597,0.03571428571428571
9598,0.09090909090909091
9599,0.05555555555555555
9600,0.0
9601,0.0
9602,0.038461538461538464
9603,0.058823529411764705
9604,0.05555555555555555
9605,0.06896551724137931
9606,0.14285714285714285
9607,0.04878048780487805
9608,0.125
9609,0.08
9610,0.0
9611,0.030303030303030304
9612,0.12121212121212122
9613,0.047619047619047616
9614,0.0
9615,0.2727272727272727
9616,0.11538461538461539
9618,0.14285714285714285
9619,0.14814814814814814
9620,0.08695652173913043
9621,0.09090909090909091
9622,0.2222222222222222
9623,0.1
9624,0.125
9625,0.0
9626,0.0
9627,0.16666666666666666
9628,0.047619047619047616
9629,0.16666666666666666
9630,0.25
9631,0.07692307692307693
9632,0.19047619047619047
9633,0.041666666666666664
9634,0.037037037037037035
9635,0.06666666666666667
9636,0.0625
9637,0.07407407407407407
9638,0.16666666666666666
9639,0.06060606060606061
9640,0.043478260869565216
9641,0.05263157894736842
9642,0.0
9643,0.0
9644,0.06666666666666667
9645,0.0
9646,0.0
9647,0.10526315789473684
9648,0.1
9649,0.06896551724137931
9650,0.07142857142857142
9651,0.058823529411764705
9652,0.0
9653,0.0
9654,0.0967741935483871
9655,0.12121212121212122
9656,0.1
9657,0.0
9658,0.0
9659,0.0625
9660,0.03571428571428571
9661,0.07692307692307693
9662,0.043478260869565216
9663,0.037037037037037035
9664,0.10526315789473684
9665,0.0
9666,0.03333333333333333
9667,0.0625
9668,0.06896551724137931
9669,0.07407407407407407
9670,0.0625
9671,0.10714285714285714
9672,0.14285714285714285
9673,0.05555555555555555
9674,0.05
9675,0.10344827586206896
9676,0.03125
9677,0.14814814814814814
9678,0.08695652173913043
9679,0.0
9680,0.0
9681,0.0
9682,0.043478260869565216
9683,0.0
9684,0.09523809523809523
9685,0.1
9686,0.08
9687,0.06896551724137931
9688,0.06896551724137931
9689,0.07407407407407407
9690,0.0
9691,0.0
9692,0.047619047619047616
9693,0.0
9694,0.0
9695,0.05555555555555555
9696,0.047619047619047616
9697,0.041666666666666664
9698,0.09523809523809523
9699,0.08695652173913043
9700,0.05
9701,0.05
9702,0.0625
9703,0.0
9704,0.09090909090909091
9705,0.04
9706,0.034482758620689655
9707,0.13793103448275862
9708,0.0
9709,0.0
9710,0.0
9711,0.0
9712,0.1111111111111111
9713,0.0625
9714,0.07142857142857142
9715,0.10526315789473684
9716,0.1
9717,0.1
9718,0.17647058823529413
9719,0.11538461538461539
9720,0.2962962962962963
9721,0.10526315789473684
9722,0.058823529411764705
9723,0.05555555555555555
9724,0.1111111111111111
9725,0.0
9726,0.0
9727,0.037037037037037035
9728,0.15384615384615385
9729,0.03125
9731,0.13157894736842105
9732,0.13333333333333333
9733,0.0
9734,0.0
9735,0.0
9736,0.10714285714285714
9737,0.03571428571428571
9738,0.16
9739,0.06451612903225806
9740,0.0967741935483871
9741,0.0
9742,0.09523809523809523
9743,0.058823529411764705
9744,0.0
9745,0.0
9746,0.0
9747,0.07692307692307693
9748,0.047619047619047616
9749,0.1111111111111111
9750,0.07692307692307693
9751,0.06666666666666667
9752,0.17391304347826086
9753,0.06666666666666667
9754,0.0
9755,0.08695652173913043
9756,0.0
9757,0.0
9758,0.0
9759,0.0
9760,0.06666666666666667
9761,0.047619047619047616
9762,0.0
9763,0.0
9764,0.06896551724137931
9765,0.0
9766,0.0
9767,0.08333333333333333
9768,0.0
9769,0.0
9770,0.037037037037037035
9771,0.05714285714285714
9772,0.09090909090909091
9773,0.047619047619047616
9774,0.10714285714285714
9775,0.2
9776,0.07407407407407407
9777,0.03225806451612903
9778,0.0
9779,0.0
9780,0.08
9781,0.07407407407407407
9782,0.0
9783,0.041666666666666664
9784,0.125
9785,0.08
9786,0.08
9788,0.030303030303030304
9789,0.06896551724137931
9790,0.11764705882352941
9791,0.15
9792,0.038461538461538464
9794,0.08333333333333333
9795,0.08823529411764706
9796,0.03333333333333333
9797,0.047619047619047616
9798,0.037037037037037035
9799,0.037037037037037035
9800,0.0
9801,0.0
9802,0.07692307692307693
9803,0.0
9804,0.0
9805,0.041666666666666664
9806,0.0
9807,0.0
9808,0.13793103448275862
9809,0.043478260869565216
9810,0.0
9811,0.11538461538461539
9812,0.043478260869565216
9813,0.0
9814,0.0
9815,0.11538461538461539
9816,0.0
9817,0.0
9818,0.0
9819,0.0
9820,0.10714285714285714
9821,0.05
9822,0.08333333333333333
9823,0.0
9824,0.09523809523809523
9825,0.0
9826,0.0
9827,0.0
9828,0.0
9829,0.0
9830,0.0
9831,0.034482758620689655
9832,0.05263157894736842
9833,0.3333333333333333
9834,0.08333333333333333
9835,0.0
9836,0.0
9837,0.1111111111111111
9838,0.047619047619047616
9839,0.0
9840,0.047619047619047616
9841,0.07692307692307693
9842,0.0
9843,0.0
9844,0.0
9845,0.0
9846,0.0
9847,0.0
9848,0.038461538461538464
9849,0.06451612903225806
9850,0.06666666666666667
9851,0.0
9852,0.2
9853,0.0625
9854,0.0
9855,0.16666666666666666
9856,0.043478260869565216
9857,0.0
9858,0.05263157894736842
9859,0.11363636363636363
9860,0.0
9861,0.15
9862,0.0625
9863,0.09375
9864,0.0625
9865,0.05714285714285714
9866,0.125
9867,0.0
9868,0.0
9869,0.058823529411764705
9870,0.1875
9871,0.2857142857142857
9872,0.10526315789473684
9873,0.07142857142857142
9874,0.125
9875,0.06896551724137931
9876,0.06666666666666667
9877,0.1
9878,0.15384615384615385
9879,0.12
9880,0.043478260869565216
9881,0.2
9882,0.0967741935483871
9883,0.11538461538461539
9884,0.0
9885,0.0
9886,0.0
9887,0.0
9888,0.24
9889,0.10714285714285714
9890,0.10344827586206896
9891,0.14285714285714285
9892,0.03225806451612903
9893,0.14285714285714285
9894,0.10714285714285714
9895,0.1
9896,0.0
9897,0.05555555555555555
9898,0.0
9899,0.09090909090909091
9900,0.04
9901,0.14814814814814814
9902,0.05
9903,0.0
9904,0.3333333333333333
9905,0.0
9906,0.0
9907,0.0
9908,0.09523809523809523
9909,0.043478260869565216
9910,0.0
9911,0.11428571428571428
9912,0.0
9913,0.0
9914,0.07142857142857142
9915,0.09375
9916,0.0
9917,0.041666666666666664
9918,0.0
9919,0.0
9920,0.05263157894736842
9921,0.0
9922,0.0
9923,0.07692307692307693
9924,0.0
9925,0.0
9926,0.1111111111111111
9927,0.0
9928,0.058823529411764705
9929,0.0
9930,0.038461538461538464
9931,0.0
9932,0.0625
9933,0.0
9934,0.0
9935,0.0
9936,0.0
9937,0.0
9938,0.0
9939,0.07692307692307693
9940,0.0
9941,0.0
9942,0.04
9943,0.0
9944,0.0
9945,0.037037037037037035
9946,0.0
9947,0.041666666666666664
9948,0.10344827586206896
9950,0.125
9951,0.08333333333333333
9952,0.08695652173913043
9953,0.1
9954,0.0
9956,0.0
9957,0.07142857142857142
9958,0.037037037037037035
9959,0.0
9960,0.0
9961,0.12
9962,0.1
9963,0.18181818181818182
9964,0.043478260869565216
9965,0.0
9966,0.13043478260869565
9967,0.043478260869565216
9968,0.04
9969,0.034482758620689655
9970,0.03571428571428571
9971,0.18181818181818182
9972,0.13636363636363635
9973,0.1875
9974,0.09523809523809523
9975,0.045454545454545456
9976,0.05263157894736842
9977,0.18181818181818182
9978,0.20833333333333334
9979,0.10526315789473684
9980,0.0
9981,0.09090909090909091
9982,0.14285714285714285
9983,0.0
9984,0.058823529411764705
9985,0.1
9986,0.043478260869565216
9987,0.0
9988,0.07407407407407407
9989,0.0
9990,0.0
9991,0.05
9992,0.06451612903225806
9993,0.06060606060606061
9994,0.0
9995,0.0
9996,0.0
9997,0.0
9998,0.05263157894736842
9999,0.0625
10000,0.0
10001,0.0
10002,0.0
10003,0.15
10004,0.0
10005,0.09090909090909091
10006,0.29411764705882354
10007,0.0
10008,0.0
10009,0.1111111111111111
10010,0.09523809523809523
10011,0.13793103448275862
10012,0.2
10013,0.13793103448275862
10014,0.18181818181818182
10015,0.05
10016,0.0
10018,0.125
10019,0.0
10020,0.0
10021,0.05555555555555555
10022,0.03225806451612903
10023,0.07142857142857142
10024,0.038461538461538464
10025,0.034482758620689655
10026,0.0967741935483871
10027,0.0
10028,0.0
10029,0.21052631578947367
10030,0.08
10031,0.05555555555555555
10032,0.0
10033,0.08333333333333333
10034,0.08333333333333333
10035,0.0
10036,0.0
10037,0.0
10038,0.0
10039,0.13793103448275862
10040,0.20689655172413793
10041,0.11627906976744186
10042,0.047619047619047616
10043,0.07407407407407407
10044,0.0
10045,0.16
10046,0.07692307692307693
10047,0.043478260869565216
10048,0.25
10049,0.06451612903225806
10050,0.1
10051,0.14285714285714285
10052,0.1111111111111111
10053,0.15
10055,0.03333333333333333
10056,0.09375
10057,0.10344827586206896
10058,0.037037037037037035
10059,0.125
10060,0.07142857142857142
10061,0.08
10062,0.0
10063,0.04
10064,0.07407407407407407
10065,0.2631578947368421
10066,0.0
10067,0.05263157894736842
10068,0.06666666666666667
10069,0.10714285714285714
10070,0.0
10071,0.0
10072,0.0
10073,0.0
10074,0.0
10075,0.0
10076,0.07142857142857142
10077,0.045454545454545456
10078,0.0
10080,0.0
10081,0.05
10082,0.058823529411764705
10083,0.06666666666666667
10084,0.1111111111111111
10085,0.0
10086,0.0
10087,0.0
10088,0.04
10089,0.030303030303030304
10090,0.13636363636363635
10091,0.0
10092,0.05
10093,0.07407407407407407
10094,0.12
10095,0.05
10096,0.09090909090909091
10097,0.06896551724137931
10098,0.08
10099,0.0
10100,0.058823529411764705
10101,0.1111111111111111
10102,0.07142857142857142
10103,0.0
10104,0.07142857142857142
10105,0.038461538461538464
10106,0.11538461538461539
10107,0.058823529411764705
10108,0.0
10109,0.0625
10110,0.04
10111,0.0
10112,0.0
10113,0.05
10114,0.05
10115,0.13636363636363635
10116,0.047619047619047616
10117,0.1
10118,0.03333333333333333
10119,0.0
10120,0.09090909090909091
10121,0.0
10122,0.07692307692307693
10123,0.10344827586206896
10124,0.034482758620689655
10125,0.07692307692307693
10126,0.0
10127,0.0
10128,0.07142857142857142
10129,0.0
10130,0.0
10131,0.04
10132,0.08333333333333333
10133,0.07407407407407407
10134,0.0
10135,0.0
10136,0.0
10137,0.0
10138,0.029411764705882353
10139,0.14705882352941177
10140,0.045454545454545456
10141,0.0
10142,0.0
10143,0.02127659574468085
10144,0.05172413793103448
10145,0.03333333333333333
10146,0.1
10147,0.10714285714285714
10148,0.058823529411764705
10149,0.5
10150,0.0
10151,0.07407407407407407
10152,0.08333333333333333
10153,0.08695652173913043
10154,0.038461538461538464
10155,0.0
10156,0.0
10157,0.0
10158,0.10526315789473684
10159,0.12
10160,0.07142857142857142
10161,0.08823529411764706
10162,0.029411764705882353
10163,0.045454545454545456
10164,0.09523809523809523
10165,0.05263157894736842
10166,0.0
10167,0.05263157894736842
10168,0.06060606060606061
10169,0.08695652173913043
10170,0.0
10171,0.125
10172,0.037037037037037035
10173,0.0
10174,0.11764705882352941
10175,0.0
10176,0.037037037037037035
10177,0.0
10178,0.07692307692307693
10179,0.037037037037037035
10180,0.06666666666666667
10181,0.0
10182,0.0
10183,0.0
10184,0.14285714285714285
10185,0.06666666666666667
10186,0.19230769230769232
10187,0.11764705882352941
10188,0.07142857142857142
10189,0.0
10190,0.0
10191,0.0
10192,0.041666666666666664
10193,0.037037037037037035
10194,0.07142857142857142
10195,0.0
10196,0.0
10197,0.06896551724137931
10198,0.043478260869565216
10199,0.0
10200,0.0
10201,0.08
10202,0.038461538461538464
10203,0.047619047619047616
10204,0.05555555555555555
10205,0.05555555555555555
10206,0.0
10207,0.14285714285714285
10208,0.047619047619047616
10209,0.0
10210,0.038461538461538464
10211,0.034482758620689655
10212,0.07142857142857142
10213,0.0
10214,0.0
10215,0.0
10216,0.0
10217,0.0
10218,0.0
10219,0.2608695652173913
10220,0.041666666666666664
10221,0.05555555555555555
10222,0.0
10223,0.13043478260869565
10224,0.25
10225,0.07692307692307693
10226,0.10344827586206896
10227,0.17857142857142858
10228,0.17857142857142858
10229,0.07692307692307693
10230,0.1111111111111111
10231,0.2962962962962963
10232,0.043478260869565216
10233,0.0
10234,0.0625
10235,0.041666666666666664
10236,0.0
10237,0.03571428571428571
10238,0.07692307692307693
10239,0.08
10240,0.0
10241,0.0
10242,0.15384615384615385
10243,0.0
10244,0.0
10245,0.07407407407407407
10246,0.0
10247,0.0
10248,0.08
10249,0.17857142857142858
10250,0.047619047619047616
10251,0.0
10252,0.0
10253,0.0
10254,0.0
10255,0.0
10256,0.28
10257,0.11538461538461539
10258,0.0
10259,0.09090909090909091
10260,0.14285714285714285
10261,0.08333333333333333
10262,0.13043478260869565
10263,0.058823529411764705
10264,0.06666666666666667
10265,0.12
10266,0.0967741935483871
10267,0.043478260869565216
10268,0.0
10269,0.05
10270,0.03225806451612903
10271,0.12
10272,0.05263157894736842
10273,0.047619047619047616
10274,0.10714285714285714
10275,0.0
10276,0.0
10277,0.05555555555555555
10278,0.06666666666666667
10279,0.13333333333333333
10280,0.05263157894736842
10281,0.04
10282,0.05555555555555555
10283,0.1
10284,0.037037037037037035
10285,0.0
10286,0.037037037037037035
10287,0.043478260869565216
10288,0.125
10289,0.16666666666666666
10290,0.1
10291,0.047619047619047616
10292,0.041666666666666664
10293,0.125
10294,0.15789473684210525
10295,0.1
10296,0.0
10297,0.047619047619047616
10298,0.125
10299,0.13636363636363635
10300,0.038461538461538464
10301,0.09090909090909091
10302,0.017857142857142856
10303,0.125
10304,0.0
10305,0.0
10306,0.0
10308,0.16666666666666666
10309,0.0
10310,0.0
10311,0.08
10312,0.07142857142857142
10313,0.1111111111111111
10315,0.07692307692307693
10316,0.0
10317,0.0
10318,0.13333333333333333
10319,0.043478260869565216
10320,0.18518518518518517
10321,0.0
10322,0.0
10323,0.047619047619047616
10324,0.034482758620689655
10325,0.18181818181818182
10326,0.09090909090909091
10327,0.0
10328,0.0
10329,0.037037037037037035
10330,0.0
10331,0.04
10332,0.08
10333,0.12903225806451613
10334,0.0
10335,0.0
10336,0.05263157894736842
10337,0.0
10338,0.0
10339,0.09090909090909091
10340,0.0
10341,0.0
10342,0.0
10343,0.0
10344,0.0
10345,0.0
10346,0.12
10347,0.07142857142857142
10348,0.0
10349,0.0
10350,0.13636363636363635
10351,0.08
10352,0.0
10353,0.0
10354,0.15384615384615385
10355,0.09375
10356,0.1
10357,0.09523809523809523
10358,0.0
10359,0.0
10360,0.0
10361,0.0625
10362,0.029411764705882353
10363,0.0
10364,0.06896551724137931
10365,0.07142857142857142
10366,0.0
10367,0.0
10368,0.13043478260869565
10369,0.07407407407407407
10370,0.07407407407407407
10371,0.04
10372,0.08333333333333333
10373,0.05555555555555555
10374,0.1
10375,0.1
10376,0.13333333333333333
10377,0.03225806451612903
10378,0.034482758620689655
10379,0.0
10380,0.0
10381,0.12
10382,0.10714285714285714
10383,0.06666666666666667
10384,0.07142857142857142
10385,0.037037037037037035
10386,0.07142857142857142
10387,0.0
10388,0.0
10389,0.06896551724137931
10390,0.07407407407407407
10391,0.09523809523809523
10392,0.0
10393,0.13043478260869565
10394,0.11538461538461539
10395,0.034482758620689655
10396,0.1
10397,0.11764705882352941
10398,0.125
10399,0.03571428571428571
10400,0.04
10401,0.08
10402,0.12
10403,0.0
10404,0.04
10405,0.07407407407407407
10406,0.04
10407,0.2
10408,0.03225806451612903
10409,0.0
10410,0.09090909090909091
10411,0.0
10412,0.045454545454545456
10413,0.12
10414,0.05263157894736842
10415,0.1111111111111111
10416,0.22727272727272727
10417,0.0
10418,0.04
10419,0.12
10421,0.1935483870967742
10422,0.05714285714285714
10423,0.1111111111111111
10424,0.10714285714285714
10425,0.07407407407407407
10426,0.0625
10427,0.0
10428,0.07692307692307693
10429,0.21739130434782608
10430,0.16666666666666666
10431,0.10714285714285714
10432,0.07142857142857142
10433,0.041666666666666664
10434,0.0
10435,0.04878048780487805
10436,0.0
10437,0.0
10438,0.07142857142857142
10439,0.0
10440,0.037037037037037035
10441,0.041666666666666664
10442,0.043478260869565216
10443,0.03225806451612903
10444,0.08823529411764706
10445,0.0967741935483871
10446,0.10526315789473684
10447,0.047619047619047616
10448,0.047619047619047616
10449,0.045454545454545456
10450,0.19230769230769232
10451,0.0
10452,0.0
10453,0.0
10454,0.0
10455,0.125
10456,0.11764705882352941
10457,0.0
10458,0.21739130434782608
10459,0.12903225806451613
10460,0.07692307692307693
10461,0.09523809523809523
10462,0.034482758620689655
10463,0.1111111111111111
10464,0.14285714285714285
10465,0.13333333333333333
10466,0.13043478260869565
10467,0.0
10468,0.12903225806451613
10469,0.07407407407407407
10470,0.05
10471,0.0
10472,0.0625
10473,0.05263157894736842
10474,0.08695652173913043
10475,0.0
10476,0.0625
10477,0.0
10478,0.0
10479,0.0
10480,0.0
10481,0.058823529411764705
10482,0.07407407407407407
10483,0.038461538461538464
10484,0.043478260869565216
10485,0.0
10486,0.041666666666666664
10487,0.0
10488,0.0
10489,0.05
10490,0.1
10491,0.13636363636363635
10492,0.0
10493,0.1
10494,0.0
10495,0.08695652173913043
10496,0.11764705882352941
10497,0.05263157894736842
10498,0.03571428571428571
10499,0.06896551724137931
10500,0.06060606060606061
10502,0.0975609756097561
10503,0.025
10504,0.06666666666666667
10505,0.06451612903225806
10506,0.10344827586206896
10507,0.045454545454545456
10508,0.0
10509,0.0
10510,0.03333333333333333
10511,0.08333333333333333
10512,0.23809523809523808
10513,0.0
10514,0.0
10515,0.041666666666666664
10516,0.05263157894736842
10517,0.0
10518,0.08333333333333333
10519,0.0
10520,0.09090909090909091
10521,0.07692307692307693
10522,0.07407407407407407
10523,0.16666666666666666
10524,0.1111111111111111
10525,0.0
10526,0.07407407407407407
10527,0.06896551724137931
10528,0.03571428571428571
10529,0.0
10530,0.0
10531,0.045454545454545456
10532,0.08823529411764706
10533,0.11428571428571428
10534,0.12
10535,0.04
10536,0.09523809523809523
10537,0.041666666666666664
10538,0.13043478260869565
10539,0.08695652173913043
10540,0.0
10541,0.0
10542,0.07692307692307693
10543,0.07142857142857142
10544,0.05263157894736842
10545,0.0
10546,0.0
10547,0.04
10548,0.043478260869565216
10549,0.0
10550,0.0
10551,0.0
10552,0.0
10553,0.0
10554,0.07692307692307693
10555,0.07407407407407407
10556,0.0
10557,0.13636363636363635
10558,0.23529411764705882
10559,0.038461538461538464
10560,0.07692307692307693
10561,0.043478260869565216
10562,0.041666666666666664
10563,0.03125
10564,0.0625
10565,0.045454545454545456
10566,0.0
10567,0.03225806451612903
10568,0.10344827586206896
10569,0.06451612903225806
10570,0.1
10571,0.16
10572,0.034482758620689655
10573,0.0
10574,0.0
10575,0.14285714285714285
10576,0.0
10577,0.0
10578,0.0
10579,0.0
10580,0.058823529411764705
10581,0.0
10582,0.037037037037037035
10583,0.07692307692307693
10584,0.11538461538461539
10585,0.041666666666666664
10586,0.03125
10587,0.0
10588,0.0
10589,0.08333333333333333
10590,0.045454545454545456
10591,0.047619047619047616
10592,0.0
10593,0.0
10594,0.05555555555555555
10595,0.10526315789473684
10596,0.037037037037037035
10597,0.038461538461538464
10598,0.1111111111111111
10599,0.1
10600,0.0
10601,0.0
10602,0.058823529411764705
10603,0.058823529411764705
10604,0.06060606060606061
10605,0.03125
10606,0.045454545454545456
10607,0.043478260869565216
10608,0.02857142857142857
10609,0.02857142857142857
10610,0.0
10611,0.04
10612,0.0
10613,0.03571428571428571
10614,0.06666666666666667
10615,0.06666666666666667
10616,0.125
10617,0.1111111111111111
10618,0.2857142857142857
10619,0.0
10620,0.037037037037037035
10621,0.08888888888888889
10622,0.021739130434782608
10623,0.0
10624,0.0
10625,0.0
10626,0.0
10627,0.16666666666666666
10628,0.1111111111111111
10629,0.0
10630,0.0
10631,0.0
10632,0.043478260869565216
10633,0.14285714285714285
10634,0.0
10635,0.23529411764705882
10636,0.0
10637,0.0
10638,0.07142857142857142
10639,0.0625
10640,0.06666666666666667
10641,0.11764705882352941
10642,0.0
10643,0.0
10644,0.0
10645,0.0
10646,0.16666666666666666
10647,0.2
10648,0.06896551724137931
10649,0.037037037037037035
10650,0.17647058823529413
10651,0.0
10652,0.0
10653,0.08
10654,0.07407407407407407
10655,0.10344827586206896
10656,0.0
10657,0.0
10658,0.10810810810810811
10659,0.0
10660,0.0
10661,0.16666666666666666
10662,0.03571428571428571
10663,0.06451612903225806
10664,0.10714285714285714
10665,0.08
10666,0.08
10667,0.18181818181818182
10668,0.03571428571428571
10669,0.09375
10670,0.043478260869565216
10671,0.11764705882352941
10672,0.038461538461538464
10673,0.15384615384615385
10674,0.1111111111111111
10675,0.2608695652173913
10676,0.03225806451612903
10678,0.05
10679,0.05263157894736842
10680,0.0
10681,0.0
10682,0.0
10683,0.03571428571428571
10684,0.0
10685,0.0
10686,0.0
10687,0.0
10688,0.06896551724137931
10689,0.0625
10690,0.03333333333333333
10691,0.07692307692307693
10692,0.07407407407407407
10693,0.3181818181818182
10694,0.0
10695,0.05555555555555555
10696,0.06666666666666667
10697,0.06666666666666667
10698,0.043478260869565216
10699,0.0
10700,0.0
10701,0.0
10702,0.12
10703,0.06896551724137931
10704,0.0
10705,0.0
10706,0.10526315789473684
10707,0.05
10708,0.09090909090909091
10709,0.09090909090909091
10710,0.04
10711,0.19047619047619047
10712,0.0
10713,0.0
10714,0.05
10715,0.10526315789473684
10716,0.07692307692307693
10717,0.10344827586206896
10718,0.029411764705882353
10719,0.05714285714285714
10720,0.06451612903225806
10721,0.07692307692307693
10722,0.1111111111111111
10723,0.045454545454545456
10724,0.047619047619047616
10725,0.07407407407407407
10726,0.07692307692307693
10727,0.07894736842105263
10728,0.11538461538461539
10729,0.06896551724137931
10730,0.1111111111111111
10731,0.0
10732,0.0
10734,0.1
10735,0.03571428571428571
10736,0.09090909090909091
10737,0.045454545454545456
10738,0.041666666666666664
10739,0.04
10740,0.15384615384615385
10741,0.0
10742,0.0
10743,0.0
10744,0.09523809523809523
10745,0.0
10746,0.0
10747,0.0
10748,0.07142857142857142
10750,0.20689655172413793
10751,0.038461538461538464
10752,0.045454545454545456
10753,0.1111111111111111
10754,0.06666666666666667
10755,0.06896551724137931
10756,0.05
10757,0.05263157894736842
10758,0.0
10759,0.0
10760,0.04
10761,0.043478260869565216
10762,0.04
10763,0.07692307692307693
10764,0.0
10765,0.0
10766,0.07142857142857142
10767,0.0
10768,0.3333333333333333
10769,0.0
10770,0.038461538461538464
10771,0.0
10772,0.047619047619047616
10773,0.11764705882352941
10774,0.07692307692307693
10775,0.08333333333333333
10776,0.043478260869565216
10777,0.0
10778,0.08
10779,0.047619047619047616
10780,0.05555555555555555
10781,0.08695652173913043
10782,0.07407407407407407
10783,0.07142857142857142
10784,0.10714285714285714
10785,0.06896551724137931
10786,0.0
10787,0.047619047619047616
10788,0.037037037037037035
10789,0.0
10790,0.0
10791,0.08
10792,0.0
10793,0.0
10794,0.0
10795,0.058823529411764705
10796,0.0
10797,0.0
10798,0.07142857142857142
10799,0.045454545454545456
10800,0.0
10801,0.043478260869565216
10802,0.15
10803,0.05
10804,0.09523809523809523
10805,0.08
10807,0.024390243902439025
10808,0.0
10809,0.16666666666666666
10810,0.0
10811,0.06896551724137931
10812,0.15384615384615385
10813,0.06896551724137931
10814,0.07407407407407407
10815,0.07692307692307693
10816,0.0
10817,0.0
10818,0.10344827586206896
10819,0.06896551724137931
10820,0.0
10821,0.07142857142857142
10822,0.07407407407407407
10823,0.03225806451612903
10824,0.18518518518518517
10825,0.08333333333333333
10826,0.15
10827,0.1111111111111111
10828,0.0
10829,0.0
10830,0.07407407407407407
10831,0.05
10832,0.0
10833,0.0
10834,0.0
10835,0.03571428571428571
10836,0.03571428571428571
10837,0.043478260869565216
10838,0.0
10839,0.0
10840,0.0
10841,0.06666666666666667
10842,0.13636363636363635
10843,0.05263157894736842
10844,0.0
10845,0.0
10846,0.0
10847,0.045454545454545456
10848,0.0
10849,0.0
10850,0.0
10851,0.125
10852,0.045454545454545456
10853,0.0
10854,0.0
10855,0.05
10856,0.07142857142857142
10857,0.0
10858,0.0
10859,0.0
10860,0.0
10861,0.043478260869565216
10863,0.04
10864,0.1
10865,0.09523809523809523
10866,0.0
10867,0.0
10868,0.0
10869,0.0
10870,0.1
10871,0.0
10872,0.03333333333333333
10873,0.034482758620689655
10874,0.0
10875,0.05555555555555555
10876,0.13793103448275862
10877,0.18181818181818182
10878,0.05714285714285714
10879,0.0
10880,0.0
10881,0.034482758620689655
10882,0.0
10883,0.0
10884,0.0
10885,0.0625
10886,0.0625
10887,0.05263157894736842
10888,0.030303030303030304
10889,0.04878048780487805
10890,0.034482758620689655
10891,0.07407407407407407
10892,0.15384615384615385
10893,0.1111111111111111
10894,0.14814814814814814
10895,0.07142857142857142
10896,0.10526315789473684
10897,0.0
10898,0.05263157894736842
10899,0.0
10900,0.0
10901,0.043478260869565216
10902,0.11538461538461539
10903,0.0
10904,0.09090909090909091
10905,0.045454545454545456
10906,0.0
10907,0.12
10908,0.14285714285714285
10909,0.2
10910,0.1
10911,0.06666666666666667
10912,0.0
10913,0.05555555555555555
10914,0.08333333333333333
10915,0.0
10916,0.0
10917,0.0
10918,0.06666666666666667
10919,0.07692307692307693
10920,0.0
10922,0.0
10923,0.07407407407407407
10924,0.0
10925,0.0
10926,0.06666666666666667
10927,0.0
10928,0.037037037037037035
10929,0.06666666666666667
10930,0.058823529411764705
10931,0.05263157894736842
10932,0.11538461538461539
10933,0.08333333333333333
10934,0.037037037037037035
10935,0.0
10936,0.08695652173913043
10937,0.1111111111111111
10938,0.11428571428571428
10939,0.07692307692307693
10940,0.0
10941,0.06666666666666667
10942,0.06666666666666667
10943,0.07692307692307693
10944,0.14814814814814814
10945,0.1111111111111111
10946,0.07692307692307693
10948,0.07142857142857142
10949,0.14285714285714285
10950,0.12
10951,0.08
10952,0.0
10953,0.0
10954,0.047619047619047616
10955,0.0
10956,0.0
10957,0.0
10958,0.037037037037037035
10959,0.0
10960,0.0
10961,0.0
10962,0.0
10963,0.1
10964,0.14814814814814814
10965,0.0
10966,0.05555555555555555
10967,0.2857142857142857
10968,0.0
10969,0.0
10970,0.05263157894736842
10971,0.0
10973,0.0
10974,0.1
10975,0.0
10976,0.0
10977,0.0
10978,0.0
10979,0.0
10980,0.0
10981,0.05263157894736842
10982,0.0
10983,0.0
10984,0.08333333333333333
10985,0.0
10986,0.2
10987,0.1
10988,0.0
10989,0.06666666666666667
10990,0.11764705882352941
10991,0.0
10992,0.06666666666666667
10993,0.22727272727272727
10994,0.0
10995,0.2
10996,0.0
10997,0.058823529411764705
10998,0.07407407407407407
10999,0.05
11000,0.0
11001,0.0
11002,0.0
11003,0.05263157894736842
11004,0.0
11005,0.2
11006,0.0
11007,0.0
11008,0.0
11009,0.0
11010,0.0
11011,0.0
11012,0.0
11013,0.0
11014,0.0
11015,0.05263157894736842
11016,0.038461538461538464
11017,0.08
11018,0.0
11019,0.058823529411764705
11020,0.045454545454545456
11021,0.0
11022,0.047619047619047616
11023,0.0
11024,0.0
11025,0.5
11026,0.375
11027,0.1111111111111111
11028,0.0
11029,0.07692307692307693
11030,0.1
11031,0.0
11032,0.0
11033,0.14285714285714285
11034,0.0
11035,0.12
11036,0.0
11037,0.09523809523809523
11038,0.05405405405405406
11039,0.02702702702702703
11040,0.047619047619047616
11041,0.0
11042,0.05555555555555555
11043,0.0
11044,0.5
11045,0.2222222222222222
11046,0.1111111111111111
11047,0.0
11048,0.05555555555555555
11049,0.047619047619047616
11050,0.03125
11051,0.034482758620689655
11052,0.045454545454545456
11053,0.045454545454545456
11054,0.0
11055,0.1111111111111111
11056,0.11764705882352941
11057,0.07407407407407407
11058,0.03333333333333333
11059,0.0
11060,0.0
11061,0.08
11062,0.0
11063,0.11764705882352941
11064,0.02857142857142857
11065,0.0967741935483871
11066,0.12
11067,0.10714285714285714
11068,0.06896551724137931
11069,0.0
11070,0.07317073170731707
11071,0.05128205128205128
11072,0.125
11073,0.15789473684210525
11074,0.045454545454545456
11075,0.043478260869565216
11076,0.07142857142857142
11077,0.1111111111111111
11078,0.0
11079,0.0
11080,0.02040816326530612
11081,0.6
11082,0.6511627906976745
11083,0.717948717948718
11084,0.6041666666666666
11085,0.6666666666666666
11086,0.875
11087,0.07142857142857142
11088,0.07407407407407407
11089,0.045454545454545456
11090,0.0
11091,0.0
11092,0.0
11093,0.07142857142857142
11094,0.0
11095,0.09090909090909091
11096,0.0
11097,0.15384615384615385
11098,0.09090909090909091
11099,0.06666666666666667
11100,0.08695652173913043
11101,0.16
11102,0.07142857142857142
11103,0.05
11104,0.0
11105,0.0
11106,0.06666666666666667
11107,0.03571428571428571
11108,0.045454545454545456
11109,0.10526315789473684
11110,0.043478260869565216
11111,0.08695652173913043
11112,0.034482758620689655
11113,0.10344827586206896
11114,0.0
11115,0.0
11116,0.1111111111111111
11117,0.15789473684210525
11118,0.0
11119,0.09090909090909091
11120,0.0
11121,0.0
11122,0.05
11123,0.0
11124,0.0
11125,0.16666666666666666
11126,0.0
11127,0.0
11128,0.0
11129,0.1724137931034483
11130,0.13333333333333333
11131,0.05
11132,0.2222222222222222
11133,0.0
11134,0.0
11135,0.0
11136,0.047619047619047616
11137,0.0
11138,0.0
11139,0.11764705882352941
11140,0.09090909090909091
11141,0.0
11142,0.0
11143,0.0625
11144,0.0
11145,0.0
11146,0.0
11147,0.0
11148,0.0
11149,0.0
11150,0.0
11151,0.0
11152,0.0
11153,0.0
11154,0.0
11155,0.0
11156,0.0
11157,0.0
11158,0.1875
11159,0.0
11160,0.1
11161,0.06896551724137931
11162,0.06666666666666667
11163,0.13793103448275862
11164,0.04
11165,0.1875
11166,0.0
11167,0.0
11168,0.045454545454545456
11169,0.13636363636363635
11170,0.125
11171,0.08695652173913043
11172,0.15
11173,0.08
11174,0.08695652173913043
11175,0.09523809523809523
11176,0.038461538461538464
11177,0.07692307692307693
11178,0.16
11179,0.0
11180,0.058823529411764705
11181,0.1388888888888889
11182,0.075
11183,0.14814814814814814
11184,0.037037037037037035
11185,0.06666666666666667
11186,0.06451612903225806
11187,0.0
11188,0.0
11189,0.14285714285714285
11190,0.041666666666666664
11191,0.04
11192,0.15384615384615385
11193,0.05405405405405406
11194,0.058823529411764705
11195,0.125
11196,0.16666666666666666
11197,0.1111111111111111
11198,0.08333333333333333
11199,0.05
11200,0.0
11201,0.11764705882352941
11202,0.0
11203,0.0
11204,0.041666666666666664
11205,0.0
11206,0.15384615384615385
11207,0.045454545454545456
11208,0.08695652173913043
11209,0.11764705882352941
11210,0.03571428571428571
11211,0.05263157894736842
11212,0.11538461538461539
11213,0.14814814814814814
11214,0.10714285714285714
11215,0.10344827586206896
11216,0.034482758620689655
11217,0.0
11218,0.21052631578947367
11219,0.0
11220,0.0
11221,0.0
11222,0.0
11223,0.0
11224,0.07407407407407407
11225,0.0
11226,0.08333333333333333
11227,0.09523809523809523
11228,0.0
11229,0.0
11230,0.15789473684210525
11231,0.08
11232,0.034482758620689655
11233,0.034482758620689655
11234,0.05555555555555555
11235,0.0
11236,0.06896551724137931
11237,0.16
11238,0.058823529411764705
11239,0.11764705882352941
11240,0.08333333333333333
11241,0.14285714285714285
11242,0.13793103448275862
11243,0.14285714285714285
11244,0.0
11245,0.05263157894736842
11246,0.0
11247,0.0967741935483871
11248,0.10810810810810811
11249,0.13043478260869565
11250,0.038461538461538464
11251,0.18518518518518517
11252,0.09523809523809523
11253,0.0
11254,0.0
11255,0.0625
11256,0.0
11257,0.0
11258,0.07142857142857142
11259,0.06666666666666667
11260,0.06896551724137931
11261,0.025
11262,0.0
11263,0.0
11264,0.17391304347826086
11265,0.03773584905660377
11266,0.06382978723404255
11267,0.0
11268,0.045454545454545456
11269,0.0
11270,0.0
11271,0.11538461538461539
11272,0.0625
11274,0.08333333333333333
11275,0.058823529411764705
11276,0.03571428571428571
11277,0.0
11278,0.125
11279,0.0
11280,0.0
11281,0.09375
11283,0.125
11284,0.11764705882352941
11285,0.041666666666666664
11286,0.0
11287,0.0
11288,0.045454545454545456
11289,0.05
11290,0.0
11291,0.0
11292,0.0
11293,0.05555555555555555
11294,0.05
11295,0.037037037037037035
11296,0.0
11297,0.0
11298,0.0967741935483871
11299,0.038461538461538464
11301,0.06451612903225806
11302,0.2857142857142857
11303,0.038461538461538464
11304,0.1111111111111111
11305,0.07692307692307693
11306,0.0
11307,0.07142857142857142
11308,0.045454545454545456
11309,0.13333333333333333
11310,0.0
11311,0.0
11312,0.045454545454545456
11313,0.0
11314,0.0
11315,0.08
11316,0.07692307692307693
11317,0.041666666666666664
11318,0.041666666666666664
11319,0.10344827586206896
11320,0.06451612903225806
11321,0.10344827586206896
11322,0.06382978723404255
11323,0.043010752688172046
11324,0.07692307692307693
11325,0.0
11326,0.0
11327,0.04
11328,0.1111111111111111
11329,0.0
11330,0.0
11331,0.0
11332,0.05263157894736842
11333,0.0
11334,0.08
11335,0.05
11336,0.045454545454545456
11337,0.0
11338,0.0
11339,0.03125
11340,0.0
11341,0.0
11342,0.0
11343,0.0
11344,0.0
11345,0.04
11347,0.10256410256410256
11348,0.09375
11349,0.0
11350,0.038461538461538464
11351,0.13043478260869565
11352,0.037037037037037035
11353,0.07407407407407407
11354,0.07692307692307693
11355,0.0
11356,0.0
11357,0.10526315789473684
11358,0.03333333333333333
11359,0.08333333333333333
11360,0.0
11366,0.0
11715,0.0
11743,0.3076923076923077
12805,0.10526315789473684
12833,0.0
12881,0.0
13024,0.0
13121,0.0044444444444444444
13246,0.0044444444444444444
13349,0.008888888888888889
13368,0.5
14279,0.0044444444444444444
14377,0.05223880597014925
14378,0.02857142857142857
14379,0.02631578947368421
14380,0.0
14381,0.0
14382,0.0
14383,0.05405405405405406
14384,0.0
14385,0.030303030303030304
14386,0.0
14387,0.08536585365853659
14388,0.13414634146341464
14389,0.07317073170731707
14390,0.08108108108108109
14391,0.06862745098039216
14392,0.01282051282051282
14393,0.012658227848101266
14394,0.012658227848101266
14395,0.011627906976744186
14396,0.011627906976744186
14397,0.011363636363636364
14398,0.09448818897637795
14399,0.0
14400,0.0
14401,0.0
14402,0.023809523809523808
14403,0.0125
14404,0.1297709923664122
14405,0.1044776119402985
14406,0.0661764705882353
14407,0.023809523809523808
14408,0.025
14412,0.05776173285198556
14430,0.05223880597014925
14431,0.02857142857142857
14432,0.02631578947368421
14433,0.0
14434,0.0
14435,0.0
14436,0.05405405405405406
14437,0.0
14438,0.030303030303030304
14439,0.0
14440,0.08536585365853659
14443,0.0297029702970297
14444,0.02857142857142857
14445,0.02631578947368421
14446,0.0
14447,0.0
14448,0.0
14449,0.05405405405405406
14450,0.0
14451,0.030303030303030304
14452,0.0
14453,0.08536585365853659
14454,0.13414634146341464
14455,0.07317073170731707
14456,0.08108108108108109
14457,0.06862745098039216
14458,0.01282051282051282
14459,0.012658227848101266
14460,0.012658227848101266
14461,0.011627906976744186
14462,0.011627906976744186
14463,0.011363636363636364
14464,0.09448818897637795
14465,0.0
14466,0.0
14467,0.0
14468,0.023809523809523808
14469,0.0125
14470,0.1297709923664122
14471,0.1044776119402985
14472,0.0661764705882353
14473,0.023809523809523808
14474,0.025
14475,0.13821138211382114
14476,0.11666666666666667
14477,0.07317073170731707
14478,0.07692307692307693
14479,0.11904761904761904
14480,0.02666666666666667
14481,0.02857142857142857
14482,0.08108108108108109
14483,0.06779661016949153
14484,0.1
14485,0.0989010989010989
14486,0.10526315789473684
14487,0.11864406779661017
14488,0.027777777777777776
14489,0.05263157894736842
14490,0.08490566037735849
14491,0.057692307692307696
14492,0.058823529411764705
14494,0.06896551724137931
14495,0.02857142857142857
14496,0.02631578947368421
14497,0.0
14498,0.0
14499,0.0
14500,0.05405405405405406
14501,0.0
14502,0.030303030303030304
14503,0.0
14504,0.08536585365853659
14505,0.13414634146341464
14506,0.07317073170731707
14507,0.08108108108108109
14508,0.06862745098039216
14509,0.01282051282051282
14510,0.012658227848101266
14511,0.012658227848101266
14512,0.011627906976744186
14513,0.011627906976744186
14514,0.011363636363636364
14515,0.09448818897637795
14516,0.0
14517,0.0
14518,0.0
14519,0.023809523809523808
14520,0.0125
14521,0.1297709923664122
14522,0.1044776119402985
14523,0.0661764705882353
14524,0.023809523809523808
14525,0.025
14526,0.13821138211382114
14527,0.11666666666666667
14528,0.07317073170731707
14529,0.07692307692307693
14530,0.11904761904761904
14531,0.02666666666666667
14532,0.02857142857142857
14533,0.08108108108108109
14534,0.06779661016949153
14535,0.1
14536,0.0989010989010989
14537,0.10526315789473684
14538,0.11864406779661017
14539,0.027777777777777776
14540,0.05263157894736842
14541,0.08490566037735849
14542,0.057692307692307696
14543,0.058823529411764705
14544,0.09016393442622951
14545,0.012658227848101266
14546,0.013157894736842105
14547,0.07936507936507936
14548,0.14634146341463414
14549,0.07086614173228346
14550,0.02702702702702703
14551,0.02564102564102564
14552,0.06766917293233082
14553,0.09420289855072464
14554,0.13076923076923078
14555,0.07317073170731707
14556,0.23333333333333334
14557,0.08181818181818182
14558,0.025
14559,0.011494252873563218
14560,0.08064516129032258
14561,0.046296296296296294
14562,0.07339449541284404
14563,0.12173913043478261
14564,0.0859375
14565,0.025
14566,0.0
14567,0.058333333333333334
14568,0.047244094488188976
14569,0.0970873786407767
14570,0.06521739130434782
14571,0.036036036036036036
14572,0.014285714285714285
14573,0.01282051282051282
14574,0.0847457627118644
14575,0.043478260869565216
14576,0.06930693069306931
14577,0.0673076923076923
14578,0.05555555555555555
14579,0.02531645569620253
14580,0.025
14581,0.09230769230769231
14582,0.0
14583,0.0
14584,0.0
14585,0.012658227848101266
14586,0.025974025974025976
14587,0.07258064516129033
14588,0.09243697478991597
14589,0.096
14590,0.024691358024691357
14591,0.013333333333333334
14592,0.072
14593,0.09166666666666666
14594,0.06722689075630252
14595,0.02702702702702703
14596,0.01282051282051282
14597,0.09230769230769231
14598,0.12903225806451613
14599,0.06896551724137931
14600,0.11538461538461539
14601,0.12037037037037036
14602,0.07627118644067797
14603,0.0273972602739726
14604,0.0
14605,0.15079365079365079
14606,0.1532258064516129
14607,0.024096385542168676
14608,0.045454545454545456
14609,0.10256410256410256
14610,0.025
14611,0.025974025974025976
14612,0.09523809523809523
14613,0.0125
14614,0.013513513513513514
14615,0.07407407407407407
14616,0.0449438202247191
14617,0.13445378151260504
14618,0.06422018348623854
14619,0.07142857142857142
14620,0.012658227848101266
14621,0.038461538461538464
14622,0.07194244604316546
14623,0.08823529411764706
14624,0.012658227848101266
14625,0.0
14626,0.021739130434782608
14627,0.104
14628,0.025
14629,0.0125
14630,0.11904761904761904
14631,0.08333333333333333
14632,0.10144927536231885
14633,0.05128205128205128
14634,0.02631578947368421
14635,0.012195121951219513
14636,0.12195121951219512
14637,0.1282051282051282
14638,0.04054054054054054
14639,0.012345679012345678
14640,0.0847457627118644
14641,0.05737704918032787
14642,0.04132231404958678
14643,0.11214953271028037
14644,0.10743801652892562
14645,0.012658227848101266
14646,0.03571428571428571
14647,0.07518796992481203
14648,0.11864406779661017
14649,0.15454545454545454
14650,0.1391304347826087
14651,0.11382113821138211
14652,0.01282051282051282
14653,0.015873015873015872
14654,0.09734513274336283
14655,0.0859375
14656,0.01282051282051282
14657,0.015625
14658,0.08849557522123894
14659,0.1092436974789916
14660,0.030303030303030304
14661,0.0
14662,0.0
14663,0.014285714285714285
14664,0.02631578947368421
14665,0.09090909090909091
14666,0.011494252873563218
14667,0.023529411764705882
14668,0.10679611650485436
14669,0.08791208791208792
14670,0.0782608695652174
14671,0.09016393442622951
14672,0.02531645569620253
14673,0.04054054054054054
14674,0.05042016806722689
14675,0.034782608695652174
14676,0.047619047619047616
14677,0.0967741935483871
14678,0.07563025210084033
14679,0.041666666666666664
14680,0.0375
14681,0.12
14682,0.08870967741935484
14683,0.1557377049180328
14684,0.09523809523809523
14685,0.013513513513513514
14686,0.023809523809523808
14687,0.176
14688,0.1297709923664122
14689,0.08270676691729323
14690,0.01282051282051282
14691,0.02702702702702703
14692,0.13392857142857142
14693,0.1016949152542373
14694,0.09433962264150944
14695,0.06930693069306931
14696,0.07692307692307693
14697,0.0975609756097561
14698,0.03896103896103896
14699,0.029411764705882353
14700,0.05263157894736842
14701,0.04938271604938271
14702,0.16071428571428573
14703,0.1171875
14704,0.023255813953488372
14705,0.0379746835443038
14706,0.05263157894736842
14707,0.0
14708,0.02564102564102564
14709,0.09836065573770492
14710,0.09195402298850575
14711,0.06666666666666667
14712,0.06766917293233082
14713,0.05982905982905983
14714,0.016129032258064516
14715,0.0
14716,0.07692307692307693
14717,0.058823529411764705
14718,0.02857142857142857
14719,0.0125
14720,0.17355371900826447
14721,0.07518796992481203
14722,0.012345679012345678
14723,0.012658227848101266
14724,0.0297029702970297
14725,0.041666666666666664
14726,0.19607843137254902
14727,0.1111111111111111
14728,0.0136986301369863
14729,0.0273972602739726
14730,0.08035714285714286
14731,0.05
14732,0.02564102564102564
14733,0.025974025974025976
14734,0.10655737704918032
14735,0.07526881720430108
14736,0.10309278350515463
14737,0.16666666666666666
14738,0.06870229007633588
14739,0.036585365853658534
14740,0.045454545454545456
14741,0.06593406593406594
14742,0.10144927536231885
14743,0.024390243902439025
14744,0.0
14745,0.0
14746,0.0
14747,0.022222222222222223
14748,0.14173228346456693
14749,0.0273972602739726
14750,0.013513513513513514
14751,0.075
14752,0.09523809523809523
14753,0.06481481481481481
14754,0.07954545454545454
14755,0.17272727272727273
14756,0.0916030534351145
14757,0.04
14758,0.0
14759,0.1875
14760,0.16666666666666666
14761,0.07936507936507936
14762,0.01282051282051282
14763,0.02857142857142857
14764,0.05747126436781609
14765,0.07228915662650602
14766,0.05737704918032787
14767,0.0
14768,0.012048192771084338
14769,0.011494252873563218
14770,0.025974025974025976
14771,0.13709677419354838
14772,0.08955223880597014
14773,0.11940298507462686
14774,0.10687022900763359
14775,0.025974025974025976
14776,0.0136986301369863
14777,0.15789473684210525
14778,0.09009009009009009
14779,0.075
14780,0.09219858156028368
14781,0.0
14782,0.024096385542168676
14783,0.11450381679389313
14784,0.140625
14785,0.11940298507462686
14786,0.0125
14787,0.0
14788,0.0
14789,0.013157894736842105
14790,0.0
14791,0.06896551724137931
14792,0.02631578947368421
14793,0.013888888888888888
14794,0.04065040650406504
14795,0.07407407407407407
14796,0.10526315789473684
14797,0.01282051282051282
14798,0.0136986301369863
14799,0.07377049180327869
14800,0.10687022900763359
14801,0.15126050420168066
14802,0.102803738317757
14803,0.08571428571428572
14804,0.08547008547008547
14805,0.07692307692307693
14806,0.0
14807,0.012048192771084338
14808,0.06201550387596899
14809,0.08196721311475409
14810,0.06766917293233082
14811,0.12598425196850394
14812,0.012658227848101266
14813,0.014285714285714285
14814,0.07058823529411765
14815,0.09090909090909091
14816,0.03361344537815126
14817,0.02531645569620253
14818,0.0125
14819,0.125
14820,0.09401709401709402
14821,0.12037037037037036
14822,0.14814814814814814
14823,0.08256880733944955
14824,0.043478260869565216
14825,0.0
14826,0.1
14827,0.08547008547008547
14828,0.09259259259259259
14829,0.05084745762711865
14830,0.0
14831,0.011235955056179775
14832,0.15625
14833,0.10687022900763359
14834,0.02531645569620253
14835,0.0
14836,0.0
14837,0.0136986301369863
14838,0.0273972602739726
14839,0.07258064516129033
14840,0.05511811023622047
14841,0.013333333333333334
14842,0.01282051282051282
14843,0.09782608695652174
14844,0.0625
14845,0.072
14846,0.02702702702702703
14847,0.025
14848,0.07766990291262135
14849,0.10204081632653061
14850,0.10655737704918032
14851,0.08148148148148149
14852,0.034482758620689655
14853,0.013157894736842105
14854,0.056451612903225805
14855,0.072
14856,0.02564102564102564
14857,0.011764705882352941
14858,0.07079646017699115
14859,0.056818181818181816
14860,0.05
14861,0.0
14862,0.015873015873015872
14863,0.12380952380952381
14864,0.14754098360655737
14865,0.04878048780487805
14866,0.013157894736842105
14867,0.056910569105691054
14868,0.11650485436893204
14869,0.0423728813559322
14870,0.0859375
14871,0.02631578947368421
14872,0.0
14873,0.049586776859504134
14874,0.06796116504854369
14875,0.1792452830188679
14876,0.08130081300813008
14877,0.0136986301369863
14878,0.03896103896103896
14879,0.10569105691056911
14880,0.0761904761904762
14881,0.05
14882,0.08737864077669903
14883,0.13821138211382114
14884,0.013157894736842105
14885,0.02631578947368421
14886,0.1111111111111111
14887,0.11475409836065574
14888,0.20168067226890757
14889,0.0
14890,0.0
14891,0.0
14892,0.014705882352941176
14893,0.0379746835443038
14894,0.0916030534351145
14895,0.024691358024691357
14896,0.012658227848101266
14897,0.13333333333333333
14898,0.08943089430894309
14899,0.04
14900,0.013513513513513514
14901,0.15517241379310345
14902,0.08396946564885496
14903,0.012195121951219513
14904,0.025974025974025976
14905,0.12396694214876033
14906,0.08333333333333333
14907,0.07462686567164178
14908,0.10743801652892562
14909,0.013333333333333334
14910,0.024096385542168676
14911,0.1417910447761194
14912,0.12403100775193798
14913,0.013157894736842105
14914,0.01282051282051282
14915,0.12790697674418605
14916,0.06666666666666667
14917,0.09
14918,0.09166666666666666
14919,0.037037037037037035
14920,0.012195121951219513
14921,0.1652892561983471
14922,0.1694915254237288
14923,0.104
14924,0.012658227848101266
14925,0.0379746835443038
14926,0.13114754098360656
14927,0.1440677966101695
14928,0.16964285714285715
14929,0.07017543859649122
14930,0.014492753623188406
14931,0.038461538461538464
14932,0.08064516129032258
14933,0.2072072072072072
14934,0.045112781954887216
14935,0.02564102564102564
14936,0.04938271604938271
14937,0.07936507936507936
14938,0.075
14939,0.04
14940,0.0
14941,0.07777777777777778
14942,0.10084033613445378
14943,0.014705882352941176
14944,0.024691358024691357
14945,0.125
14946,0.11194029850746269
14947,0.11678832116788321
14948,0.09917355371900827
14949,0.0546875
14950,0.0
14951,0.0
14952,0.0
14953,0.012195121951219513
14954,0.028985507246376812
14955,0.18584070796460178
14956,0.13385826771653545
14957,0.12030075187969924
14958,0.08270676691729323
14959,0.013333333333333334
14960,0.0
14961,0.08849557522123894
14962,0.05511811023622047
14963,0.012987012987012988
14964,0.02631578947368421
14965,0.07692307692307693
14966,0.0625
14967,0.07017543859649122
14968,0.012345679012345678
14969,0.014492753623188406
14970,0.1744186046511628
14971,0.1134020618556701
14972,0.075
14973,0.11382113821138211
14974,0.12096774193548387
14975,0.0
14976,0.028169014084507043
14977,0.06557377049180328
14978,0.056451612903225805
14979,0.0
14980,0.025
14981,0.078125
14982,0.15447154471544716
14983,0.1276595744680851
14984,0.04794520547945205
14985,0.012658227848101266
14986,0.02666666666666667
14987,0.054945054945054944
14988,0.09411764705882353
14989,0.0847457627118644
14990,0.09836065573770492
14991,0.012658227848101266
14992,0.013513513513513514
14993,0.07258064516129033
14994,0.08527131782945736
14995,0.11214953271028037
14996,0.08163265306122448
14997,0.07017543859649122
14998,0.0
14999,0.0
15000,0.02631578947368421
15001,0.038461538461538464
15002,0.046153846153846156
15003,0.045454545454545456
15004,0.0375
15005,0.025
15006,0.07352941176470588
15007,0.044444444444444446
15008,0.1693548387096774
15009,0.1171875
15010,0.013513513513513514
15011,0.024096385542168676
15012,0.11363636363636363
15013,0.13793103448275862
15014,0.05084745762711865
15015,0.0410958904109589
15016,0.02564102564102564
15017,0.13114754098360656
15018,0.11224489795918367
15019,0.08139534883720931
15020,0.056451612903225805
15021,0.11888111888111888
15022,0.11016949152542373
15023,0.06521739130434782
15024,0.07758620689655173
15025,0.07971014492753623
15026,0.012048192771084338
15027,0.027777777777777776
15028,0.06666666666666667
15029,0.04225352112676056
15030,0.07758620689655173
15031,0.01282051282051282
15032,0.022988505747126436
15033,0.052083333333333336
15034,0.05747126436781609
15035,0.12
15036,0.012345679012345678
15037,0.0125
