tick,texts,total_chars,total_words,mean_words
0,27,57319,9559,354.037037037037
32,7,463,31,4.428571428571429
33,10,1105,63,6.3
34,10,1130,45,4.5
35,10,926,53,5.3
36,10,1063,68,6.8
37,10,1010,59,5.9
38,10,947,51,5.1
39,10,576,50,5.0
40,10,1022,53,5.3
41,10,666,51,5.1
42,10,482,89,8.9
43,10,609,109,10.9
44,10,605,114,11.4
45,10,538,100,10.0
46,10,681,120,12.0
47,10,560,109,10.9
48,10,417,82,8.2
49,10,576,105,10.5
50,10,323,65,6.5
51,10,471,99,9.9
52,10,399,80,8.0
53,10,505,93,9.3
54,10,514,100,10.0
55,10,528,97,9.7
56,10,449,85,8.5
57,10,416,83,8.3
58,10,509,89,8.9
59,10,477,90,9.0
60,10,362,61,6.1
61,10,529,102,10.2
62,10,562,107,10.7
63,10,495,89,8.9
64,10,529,97,9.7
65,10,586,105,10.5
66,10,578,109,10.9
67,10,435,81,8.1
68,10,438,95,9.5
69,10,423,85,8.5
70,11,473,88,8.0
71,10,411,79,7.9
72,10,535,95,9.5
73,10,588,106,10.6
74,10,533,102,10.2
75,10,603,111,11.1
76,10,499,83,8.3
77,10,597,103,10.3
78,10,676,117,11.7
79,10,564,98,9.8
80,10,452,88,8.8
81,10,503,105,10.5
82,10,458,86,8.6
83,10,638,120,12.0
84,10,398,66,6.6
85,10,314,53,5.3
86,10,557,105,10.5
87,10,526,89,8.9
88,10,567,105,10.5
89,10,659,119,11.9
90,10,506,99,9.9
91,10,518,98,9.8
92,10,568,109,10.9
93,10,751,138,13.8
94,10,464,82,8.2
95,10,479,88,8.8
96,10,556,108,10.8
97,10,384,70,7.0
98,10,758,151,15.1
99,10,440,80,8.0
100,10,536,101,10.1
101,10,511,97,9.7
102,10,537,99,9.9
103,10,424,79,7.9
104,10,531,100,10.0
105,10,415,77,7.7
106,10,441,88,8.8
107,10,501,90,9.0
108,10,501,92,9.2
109,10,398,70,7.0
110,10,478,82,8.2
111,10,359,71,7.1
112,10,522,103,10.3
113,10,399,73,7.3
114,10,379,78,7.8
115,11,395,77,7.0
116,10,370,80,8.0
117,10,374,64,6.4
118,9,423,95,10.555555555555555
119,10,427,85,8.5
120,10,467,93,9.3
121,10,425,77,7.7
122,10,448,83,8.3
123,10,604,107,10.7
124,10,511,94,9.4
125,10,574,101,10.1
126,10,589,113,11.3
127,10,421,76,7.6
128,10,350,70,7.0
129,10,543,99,9.9
130,10,462,84,8.4
131,10,613,107,10.7
132,10,518,90,9.0
133,10,461,84,8.4
134,10,534,91,9.1
135,10,489,84,8.4
136,10,423,83,8.3
137,10,451,87,8.7
138,10,531,100,10.0
139,10,506,91,9.1
140,10,364,65,6.5
141,11,441,81,7.363636363636363
142,10,586,105,10.5
143,10,396,74,7.4
144,10,572,112,11.2
145,10,450,92,9.2
146,10,576,111,11.1
147,10,817,134,13.4
148,10,435,85,8.5
149,10,585,104,10.4
150,10,440,89,8.9
151,10,479,97,9.7
152,10,410,73,7.3
153,10,471,89,8.9
154,10,402,79,7.9
155,10,480,101,10.1
156,10,386,76,7.6
157,10,577,119,11.9
158,10,479,88,8.8
159,10,503,100,10.0
160,10,487,101,10.1
161,10,637,119,11.9
162,10,555,111,11.1
163,10,573,110,11.0
164,10,571,113,11.3
165,10,459,87,8.7
166,10,497,93,9.3
167,9,367,73,8.11111111111111
168,11,642,134,12.181818181818182
169,10,483,99,9.9
170,10,497,101,10.1
171,10,537,113,11.3
172,10,446,89,8.9
173,10,427,83,8.3
174,10,405,85,8.5
175,10,398,81,8.1
176,10,326,63,6.3
177,10,503,104,10.4
178,10,439,78,7.8
179,10,508,110,11.0
180,10,464,87,8.7
181,10,613,115,11.5
182,10,422,79,7.9
183,10,526,100,10.0
184,10,451,85,8.5
185,10,464,87,8.7
186,10,437,82,8.2
187,10,485,89,8.9
188,10,419,77,7.7
189,10,608,119,11.9
190,10,577,114,11.4
191,10,323,68,6.8
192,10,435,84,8.4
193,10,471,97,9.7
194,10,505,92,9.2
195,10,458,91,9.1
196,10,525,99,9.9
197,10,584,113,11.3
198,10,311,56,5.6
199,10,441,86,8.6
200,10,563,109,10.9
201,10,457,88,8.8
202,10,500,103,10.3
203,10,436,86,8.6
204,10,580,114,11.4
205,10,485,95,9.5
206,10,532,104,10.4
207,10,450,92,9.2
208,10,321,61,6.1
209,10,528,99,9.9
210,10,769,117,11.7
211,10,753,129,12.9
212,10,531,95,9.5
213,10,594,103,10.3
214,10,663,128,12.8
215,10,420,81,8.1
216,10,371,76,7.6
217,10,516,96,9.6
218,10,420,82,8.2
219,10,405,75,7.5
220,10,469,88,8.8
221,10,440,82,8.2
222,10,507,90,9.0
223,10,327,57,5.7
224,10,428,76,7.6
225,10,519,103,10.3
226,10,353,70,7.0
227,10,568,107,10.7
228,10,456,89,8.9
229,10,586,107,10.7
230,10,524,93,9.3
231,10,561,103,10.3
232,10,480,100,10.0
233,10,440,93,9.3
234,10,518,101,10.1
235,10,393,80,8.0
236,10,466,92,9.2
237,10,445,83,8.3
238,10,249,44,4.4
239,10,482,92,9.2
240,10,500,93,9.3
241,10,495,91,9.1
242,10,480,97,9.7
243,10,567,95,9.5
244,10,405,66,6.6
245,10,441,78,7.8
246,10,585,106,10.6
247,10,619,116,11.6
248,10,517,93,9.3
249,10,406,79,7.9
250,10,584,116,11.6
251,10,510,101,10.1
252,10,482,87,8.7
253,10,433,85,8.5
254,10,476,96,9.6
255,10,448,83,8.3
256,10,478,88,8.8
257,10,439,80,8.0
258,10,522,107,10.7
259,10,540,95,9.5
260,10,590,113,11.3
261,10,500,97,9.7
262,10,480,85,8.5
263,10,471,82,8.2
264,10,643,123,12.3
265,10,541,105,10.5
266,10,513,96,9.6
267,10,556,95,9.5
268,10,587,103,10.3
269,10,496,98,9.8
270,10,467,89,8.9
271,10,526,103,10.3
272,10,464,93,9.3
273,10,477,91,9.1
274,10,574,96,9.6
275,10,464,94,9.4
276,10,489,88,8.8
277,10,564,103,10.3
278,10,677,128,12.8
279,10,353,68,6.8
280,10,499,90,9.0
281,9,615,103,11.444444444444445
282,10,477,88,8.8
283,10,534,96,9.6
284,10,633,113,11.3
285,10,462,86,8.6
286,10,625,112,11.2
287,10,533,102,10.2
288,10,492,92,9.2
289,10,523,98,9.8
290,10,359,70,7.0
291,10,491,111,11.1
292,10,429,79,7.9
293,10,473,89,8.9
294,10,374,74,7.4
295,10,402,87,8.7
296,10,627,112,11.2
297,10,400,73,7.3
298,10,321,67,6.7
299,10,448,97,9.7
300,10,622,110,11.0
301,10,447,83,8.3
302,10,538,96,9.6
303,10,526,96,9.6
304,10,554,95,9.5
305,10,401,76,7.6
306,10,483,89,8.9
307,10,494,92,9.2
308,10,491,84,8.4
309,10,480,86,8.6
310,10,561,94,9.4
311,10,573,107,10.7
312,10,487,87,8.7
313,10,451,86,8.6
314,10,563,107,10.7
315,10,462,86,8.6
316,10,571,104,10.4
317,10,500,98,9.8
318,10,466,86,8.6
319,10,525,99,9.9
320,10,475,87,8.7
321,9,472,85,9.444444444444445
322,10,458,83,8.3
323,10,570,103,10.3
324,10,543,96,9.6
325,10,720,127,12.7
326,10,511,102,10.2
327,10,636,106,10.6
328,10,470,87,8.7
329,10,473,91,9.1
330,10,539,106,10.6
331,10,575,110,11.0
332,10,727,123,12.3
333,10,587,108,10.8
334,10,682,130,13.0
335,10,473,86,8.6
336,10,557,103,10.3
337,11,557,113,10.272727272727273
338,9,330,68,7.555555555555555
339,10,482,91,9.1
340,10,578,107,10.7
341,10,518,100,10.0
342,10,628,117,11.7
343,10,473,93,9.3
344,10,371,78,7.8
345,11,555,109,9.909090909090908
346,10,407,73,7.3
347,9,416,78,8.666666666666666
348,10,498,90,9.0
349,11,703,122,11.090909090909092
350,10,422,83,8.3
351,9,635,108,12.0
352,11,569,98,8.909090909090908
353,10,535,98,9.8
354,10,569,100,10.0
355,10,492,96,9.6
356,9,453,88,9.777777777777779
357,11,572,113,10.272727272727273
358,10,533,101,10.1
359,9,378,72,8.0
360,10,423,80,8.0
361,10,544,102,10.2
362,10,534,110,11.0
363,10,468,89,8.9
364,10,360,82,8.2
365,10,591,120,12.0
366,10,533,95,9.5
367,10,417,83,8.3
368,10,616,119,11.9
369,10,409,78,7.8
370,10,475,91,9.1
371,10,420,80,8.0
372,10,453,89,8.9
373,10,445,84,8.4
374,10,429,80,8.0
375,10,578,112,11.2
376,10,452,86,8.6
377,10,539,100,10.0
378,10,562,102,10.2
379,10,537,102,10.2
380,10,543,100,10.0
381,9,766,141,15.666666666666666
382,11,537,103,9.363636363636363
383,10,678,127,12.7
384,9,498,97,10.777777777777779
385,10,406,82,8.2
386,10,438,80,8.0
387,10,443,88,8.8
388,10,410,89,8.9
389,11,494,98,8.909090909090908
390,9,545,99,11.0
391,11,607,115,10.454545454545455
392,10,573,107,10.7
393,10,620,109,10.9
394,10,537,100,10.0
395,10,432,76,7.6
396,9,559,101,11.222222222222221
397,10,627,110,11.0
398,10,533,99,9.9
399,10,526,92,9.2
400,10,360,64,6.4
401,10,517,90,9.0
402,10,363,65,6.5
403,10,526,98,9.8
404,10,526,98,9.8
405,10,481,87,8.7
406,10,485,91,9.1
407,10,665,124,12.4
408,10,530,94,9.4
409,10,633,117,11.7
410,10,523,97,9.7
411,10,444,88,8.8
412,10,541,105,10.5
413,10,469,90,9.0
414,10,482,90,9.0
415,9,495,88,9.777777777777779
416,10,612,115,11.5
417,10,490,97,9.7
418,10,472,89,8.9
419,10,567,98,9.8
420,10,481,93,9.3
421,10,398,76,7.6
422,10,479,91,9.1
423,10,505,90,9.0
424,10,420,78,7.8
425,10,480,94,9.4
426,10,516,102,10.2
427,10,432,83,8.3
428,10,667,121,12.1
429,10,495,96,9.6
430,10,395,67,6.7
431,10,532,94,9.4
432,10,631,115,11.5
433,10,511,97,9.7
434,10,470,89,8.9
435,10,456,81,8.1
436,10,563,103,10.3
437,10,727,133,13.3
438,10,590,103,10.3
439,10,481,92,9.2
440,10,493,97,9.7
441,10,618,118,11.8
442,10,451,86,8.6
443,10,581,113,11.3
444,10,525,99,9.9
445,10,444,88,8.8
446,10,517,100,10.0
447,10,550,113,11.3
448,10,400,73,7.3
449,10,487,97,9.7
450,10,584,118,11.8
451,10,438,95,9.5
452,10,478,97,9.7
453,10,558,111,11.1
454,10,488,98,9.8
455,10,481,94,9.4
456,9,489,97,10.777777777777779
457,10,583,112,11.2
458,10,421,84,8.4
459,10,552,105,10.5
460,10,517,103,10.3
461,10,574,115,11.5
462,10,449,91,9.1
463,10,483,101,10.1
464,10,675,139,13.9
465,10,445,91,9.1
466,10,730,142,14.2
467,10,444,89,8.9
468,10,464,99,9.9
469,10,555,117,11.7
470,10,482,95,9.5
471,10,492,97,9.7
472,10,492,104,10.4
473,10,440,83,8.3
474,10,573,119,11.9
475,10,447,92,9.2
476,10,569,116,11.6
477,10,416,87,8.7
478,10,567,118,11.8
479,10,522,107,10.7
480,10,477,99,9.9
481,10,532,111,11.1
482,10,590,109,10.9
483,10,503,96,9.6
484,10,387,75,7.5
485,10,480,94,9.4
486,10,548,97,9.7
487,10,577,105,10.5
488,10,476,93,9.3
489,10,775,144,14.4
490,10,570,107,10.7
491,10,622,118,11.8
492,10,487,92,9.2
493,10,547,104,10.4
494,10,573,106,10.6
495,10,627,117,11.7
496,10,696,130,13.0
497,10,476,89,8.9
498,10,499,99,9.9
499,9,493,91,10.11111111111111
500,11,664,120,10.909090909090908
501,9,475,92,10.222222222222221
502,10,486,90,9.0
503,10,640,118,11.8
504,10,456,88,8.8
505,10,473,54,5.4
506,10,1131,61,6.1
507,10,355,63,6.3
508,10,592,110,11.0
509,10,492,88,8.8
510,10,382,71,7.1
511,10,542,95,9.5
512,10,447,85,8.5
513,10,613,107,10.7
514,10,526,100,10.0
515,10,535,96,9.6
516,10,471,87,8.7
517,10,550,103,10.3
518,10,646,120,12.0
519,10,557,97,9.7
520,10,467,80,8.0
521,10,556,102,10.2
522,10,685,116,11.6
523,10,596,108,10.8
524,10,467,88,8.8
525,10,503,99,9.9
526,10,561,110,11.0
527,10,561,106,10.6
528,10,490,85,8.5
529,10,456,89,8.9
530,10,454,83,8.3
531,10,535,98,9.8
532,10,488,98,9.8
533,10,481,92,9.2
534,10,562,113,11.3
535,10,528,100,10.0
536,10,532,99,9.9
537,9,476,83,9.222222222222221
538,11,421,78,7.090909090909091
539,9,618,109,12.11111111111111
540,11,654,115,10.454545454545455
541,9,390,70,7.777777777777778
542,10,428,83,8.3
543,10,574,107,10.7
544,10,472,90,9.0
545,10,377,69,6.9
546,10,535,100,10.0
547,10,581,107,10.7
548,10,475,88,8.8
549,10,533,99,9.9
550,10,435,84,8.4
551,10,419,80,8.0
552,10,525,100,10.0
553,10,498,94,9.4
554,10,581,101,10.1
555,10,573,104,10.4
556,9,381,77,8.555555555555555
557,11,653,122,11.090909090909092
558,10,348,71,7.1
559,10,506,94,9.4
560,10,567,105,10.5
561,9,473,85,9.444444444444445
562,10,494,93,9.3
563,11,582,108,9.818181818181818
564,10,473,93,9.3
565,10,547,105,10.5
566,10,494,101,10.1
567,9,369,70,7.777777777777778
568,10,516,88,8.8
569,10,478,88,8.8
570,10,464,81,8.1
571,10,436,86,8.6
572,10,569,102,10.2
573,10,494,100,10.0
574,10,499,97,9.7
575,10,431,73,7.3
576,10,571,105,10.5
577,10,394,72,7.2
578,10,463,95,9.5
579,10,680,124,12.4
580,10,538,102,10.2
581,10,463,89,8.9
582,10,439,87,8.7
583,10,485,94,9.4
584,10,506,96,9.6
585,10,497,97,9.7
586,10,553,100,10.0
587,10,558,105,10.5
588,10,456,85,8.5
589,10,543,110,11.0
590,10,563,116,11.6
591,10,564,102,10.2
592,10,563,106,10.6
593,10,482,98,9.8
594,10,556,111,11.1
595,10,490,99,9.9
596,10,524,108,10.8
597,10,674,129,12.9
598,10,526,101,10.1
599,10,472,96,9.6
600,10,676,136,13.6
601,10,540,107,10.7
602,10,536,99,9.9
603,10,597,114,11.4
604,10,620,115,11.5
605,10,443,86,8.6
606,10,580,109,10.9
607,9,390,73,8.11111111111111
608,11,578,110,10.0
609,10,449,75,7.5
610,10,455,88,8.8
611,9,531,97,10.777777777777779
612,10,545,99,9.9
613,11,718,134,12.181818181818182
614,9,426,81,9.0
615,11,731,132,12.0
616,9,464,89,9.88888888888889
617,10,469,88,8.8
618,10,526,102,10.2
619,10,516,101,10.1
620,10,537,105,10.5
621,10,442,87,8.7
622,10,405,74,7.4
623,10,444,90,9.0
624,10,502,102,10.2
625,10,467,88,8.8
626,10,526,101,10.1
627,10,511,103,10.3
628,10,378,74,7.4
629,10,409,70,7.0
630,10,399,74,7.4
631,10,493,94,9.4
632,10,395,85,8.5
633,10,452,83,8.3
634,9,571,108,12.0
635,10,483,90,9.0
636,10,543,104,10.4
637,10,392,75,7.5
638,10,711,138,13.8
639,10,563,109,10.9
640,10,345,70,7.0
641,10,384,81,8.1
642,10,596,108,10.8
643,10,473,108,10.8
644,10,477,88,8.8
645,10,402,75,7.5
646,10,486,94,9.4
647,10,493,100,10.0
648,10,388,79,7.9
649,10,384,80,8.0
650,10,625,118,11.8
651,10,417,72,7.2
652,10,452,80,8.0
653,10,446,88,8.8
654,10,487,98,9.8
655,10,574,116,11.6
656,10,518,98,9.8
657,10,592,110,11.0
658,10,436,85,8.5
659,10,514,105,10.5
660,10,403,80,8.0
661,10,702,126,12.6
662,10,457,91,9.1
663,10,472,88,8.8
664,10,382,72,7.2
665,10,435,87,8.7
666,10,378,74,7.4
667,10,499,98,9.8
668,10,502,99,9.9
669,10,592,109,10.9
670,10,647,118,11.8
671,10,437,82,8.2
672,10,393,80,8.0
673,9,528,106,11.777777777777779
674,10,411,78,7.8
675,10,395,76,7.6
676,10,524,105,10.5
677,10,494,101,10.1
678,10,369,77,7.7
679,10,416,76,7.6
680,10,526,101,10.1
681,10,533,105,10.5
682,9,401,75,8.333333333333334
683,11,668,122,11.090909090909092
684,10,583,108,10.8
685,9,354,65,7.222222222222222
686,10,551,98,9.8
687,10,451,99,9.9
688,10,445,83,8.3
689,10,548,118,11.8
690,10,365,69,6.9
691,10,572,103,10.3
692,10,498,94,9.4
693,10,529,102,10.2
694,10,502,97,9.7
695,10,382,73,7.3
696,10,488,99,9.9
697,10,361,69,6.9
698,10,267,54,5.4
699,10,423,85,8.5
700,10,467,95,9.5
701,10,410,73,7.3
702,10,455,89,8.9
703,10,442,78,7.8
704,10,388,72,7.2
705,10,437,87,8.7
706,9,476,84,9.333333333333334
707,10,603,114,11.4
708,10,510,98,9.8
709,10,508,89,8.9
710,10,575,113,11.3
711,10,524,101,10.1
712,10,574,109,10.9
713,10,524,99,9.9
714,10,358,66,6.6
715,10,547,97,9.7
716,10,442,85,8.5
717,10,519,100,10.0
718,10,436,88,8.8
719,10,612,116,11.6
720,10,481,92,9.2
721,10,574,95,9.5
722,10,576,106,10.6
723,10,377,77,7.7
724,10,445,93,9.3
725,10,526,93,9.3
726,10,459,81,8.1
727,10,489,94,9.4
728,10,473,90,9.0
729,10,481,96,9.6
730,9,473,89,9.88888888888889
731,10,488,88,8.8
732,10,408,74,7.4
733,11,445,91,8.272727272727273
734,10,438,95,9.5
735,9,319,66,7.333333333333333
736,11,448,87,7.909090909090909
737,10,425,91,9.1
738,10,361,78,7.8
739,10,377,77,7.7
740,10,445,88,8.8
741,10,405,81,8.1
742,10,472,91,9.1
743,10,488,101,10.1
744,10,488,94,9.4
745,10,501,95,9.5
746,10,587,113,11.3
747,10,423,81,8.1
748,10,423,71,7.1
749,10,776,133,13.3
750,10,628,115,11.5
751,10,514,97,9.7
752,9,514,98,10.88888888888889
753,11,517,92,8.363636363636363
754,10,490,94,9.4
755,10,457,91,9.1
756,10,568,110,11.0
757,10,400,72,7.2
758,10,626,113,11.3
759,10,565,101,10.1
760,10,720,117,11.7
761,10,512,91,9.1
762,10,571,112,11.2
763,10,374,75,7.5
764,10,446,85,8.5
765,10,431,84,8.4
766,10,389,76,7.6
767,10,558,108,10.8
768,10,526,98,9.8
769,10,544,108,10.8
770,10,454,92,9.2
771,10,449,95,9.5
772,9,417,85,9.444444444444445
773,11,476,89,8.090909090909092
774,10,417,83,8.3
775,10,472,93,9.3
776,10,508,96,9.6
777,10,520,102,10.2
778,10,489,103,10.3
779,10,447,91,9.1
780,10,486,85,8.5
781,10,389,75,7.5
782,10,505,97,9.7
783,10,525,101,10.1
784,10,634,115,11.5
785,10,513,96,9.6
786,10,484,94,9.4
787,10,421,90,9.0
788,10,510,106,10.6
789,10,463,97,9.7
790,10,469,98,9.8
791,10,522,103,10.3
792,10,424,83,8.3
793,10,412,91,9.1
794,10,394,88,8.8
795,10,479,93,9.3
796,10,402,80,8.0
797,10,348,68,6.8
798,10,428,86,8.6
799,10,541,108,10.8
800,10,411,82,8.2
801,10,500,94,9.4
802,10,488,95,9.5
803,10,367,70,7.0
804,10,490,93,9.3
805,10,548,105,10.5
806,10,462,93,9.3
807,10,456,85,8.5
808,10,355,74,7.4
809,10,525,101,10.1
810,10,566,110,11.0
811,10,561,106,10.6
812,10,501,101,10.1
813,10,427,82,8.2
814,10,534,111,11.1
815,10,581,111,11.1
816,10,580,115,11.5
817,10,447,96,9.6
818,10,469,93,9.3
819,10,541,104,10.4
820,10,521,102,10.2
821,10,473,93,9.3
822,10,475,84,8.4
823,10,510,97,9.7
824,10,426,82,8.2
825,10,573,110,11.0
826,10,509,103,10.3
827,10,533,98,9.8
828,10,616,116,11.6
829,10,614,117,11.7
830,10,669,130,13.0
831,10,508,95,9.5
832,10,502,98,9.8
833,10,533,105,10.5
834,10,529,105,10.5
835,10,527,100,10.0
836,10,517,95,9.5
837,10,508,95,9.5
838,10,444,87,8.7
839,10,448,88,8.8
840,10,509,103,10.3
841,10,465,103,10.3
842,10,472,100,10.0
843,10,450,99,9.9
844,10,533,120,12.0
845,10,525,102,10.2
846,10,450,90,9.0
847,10,429,83,8.3
848,10,687,131,13.1
849,10,325,68,6.8
850,10,549,104,10.4
851,10,488,94,9.4
852,10,454,87,8.7
853,10,443,84,8.4
854,10,430,85,8.5
855,10,487,93,9.3
856,10,454,92,9.2
857,10,468,92,9.2
858,10,436,87,8.7
859,10,395,76,7.6
860,10,453,86,8.6
861,10,444,90,9.0
862,10,371,75,7.5
863,10,452,85,8.5
864,10,531,104,10.4
865,10,479,106,10.6
866,10,519,102,10.2
867,9,369,85,9.444444444444445
868,10,471,91,9.1
869,10,523,108,10.8
870,10,433,81,8.1
871,10,521,115,11.5
872,10,489,101,10.1
873,10,549,112,11.2
874,10,464,97,9.7
875,10,586,117,11.7
876,10,447,92,9.2
877,11,551,109,9.909090909090908
878,10,716,136,13.6
879,10,572,113,11.3
880,10,498,100,10.0
881,9,513,92,10.222222222222221
882,11,541,112,10.181818181818182
883,10,562,110,11.0
884,10,778,151,15.1
885,10,662,128,12.8
886,10,401,83,8.3
887,10,632,120,12.0
888,10,462,92,9.2
889,10,528,106,10.6
890,10,467,98,9.8
891,9,427,91,10.11111111111111
892,10,534,111,11.1
893,10,461,100,10.0
894,10,470,99,9.9
895,10,480,95,9.5
896,10,383,76,7.6
897,10,478,99,9.9
898,10,545,113,11.3
899,10,574,109,10.9
900,10,482,95,9.5
901,10,481,96,9.6
902,10,494,107,10.7
903,10,391,80,8.0
904,10,457,92,9.2
905,10,493,92,9.2
906,10,449,87,8.7
907,10,421,90,9.0
908,10,472,93,9.3
909,10,415,82,8.2
910,10,585,114,11.4
911,10,485,99,9.9
912,10,482,97,9.7
913,10,541,103,10.3
914,10,439,87,8.7
915,9,393,80,8.88888888888889
916,10,519,103,10.3
917,10,457,94,9.4
918,10,570,102,10.2
919,10,487,99,9.9
920,10,580,120,12.0
921,10,626,116,11.6
922,10,514,106,10.6
923,10,575,115,11.5
924,10,544,104,10.4
925,10,457,102,10.2
926,10,533,104,10.4
927,10,403,81,8.1
928,10,509,104,10.4
929,10,581,110,11.0
930,10,481,100,10.0
931,10,439,87,8.7
932,9,389,79,8.777777777777779
933,10,456,87,8.7
934,10,473,91,9.1
935,11,491,100,9.090909090909092
936,10,326,66,6.6
937,10,463,95,9.5
938,10,490,96,9.6
939,9,382,77,8.555555555555555
940,10,439,90,9.0
941,10,555,110,11.0
942,10,442,85,8.5
943,10,596,126,12.6
944,10,495,98,9.8
945,10,568,111,11.1
946,10,405,84,8.4
947,10,432,98,9.8
948,10,482,103,10.3
949,10,526,112,11.2
950,10,476,104,10.4
951,10,514,102,10.2
952,10,465,93,9.3
953,10,488,102,10.2
954,9,475,102,11.333333333333334
955,10,470,103,10.3
956,10,524,105,10.5
957,10,405,91,9.1
958,10,574,118,11.8
959,10,468,105,10.5
960,10,520,106,10.6
961,11,421,83,7.545454545454546
962,10,467,94,9.4
963,9,449,88,9.777777777777779
964,10,496,99,9.9
965,11,562,108,9.818181818181818
966,10,414,80,8.0
967,9,320,59,6.555555555555555
968,11,531,35,3.1818181818181817
969,9,501,94,10.444444444444445
970,10,776,141,14.1
971,10,627,105,10.5
972,10,611,113,11.3
973,10,630,121,12.1
974,10,473,98,9.8
975,10,421,82,8.2
976,10,489,99,9.9
977,10,424,79,7.9
978,10,470,89,8.9
979,9,516,94,10.444444444444445
980,10,347,66,6.6
981,10,683,129,12.9
982,10,432,83,8.3
983,10,437,83,8.3
984,10,421,84,8.4
985,10,442,81,8.1
986,10,547,103,10.3
987,10,500,96,9.6
988,10,475,91,9.1
989,10,566,102,10.2
990,10,533,100,10.0
991,10,493,96,9.6
992,10,507,102,10.2
993,10,354,66,6.6
994,10,527,91,9.1
995,10,382,69,6.9
996,10,446,76,7.6
997,10,444,81,8.1
998,10,571,107,10.7
999,10,416,69,6.9
1000,10,243,37,3.7
1001,10,330,59,5.9
1002,10,308,54,5.4
1003,9,289,53,5.888888888888889
1004,10,457,94,9.4
1005,10,343,70,7.0
1006,10,359,69,6.9
1007,10,395,76,7.6
1008,10,439,84,8.4
1009,10,669,124,12.4
1010,10,754,138,13.8
1011,10,397,77,7.7
1012,10,433,85,8.5
1013,10,553,102,10.2
1014,10,569,113,11.3
1015,10,580,113,11.3
1016,10,621,116,11.6
1017,10,607,120,12.0
1018,9,453,86,9.555555555555555
1019,10,546,115,11.5
1020,10,542,106,10.6
1021,11,507,103,9.363636363636363
1022,10,404,78,7.8
1023,9,490,93,10.333333333333334
1024,10,514,96,9.6
1025,10,463,93,9.3
1026,10,284,57,5.7
1027,10,523,109,10.9
1028,10,362,66,6.6
1029,10,367,75,7.5
1030,10,464,99,9.9
1031,10,446,81,8.1
1032,10,610,116,11.6
1033,9,489,86,9.555555555555555
1034,10,430,82,8.2
1035,10,569,105,10.5
1036,10,310,65,6.5
1037,10,425,90,9.0
1038,10,483,90,9.0
1039,10,560,110,11.0
1040,10,410,87,8.7
1041,10,396,78,7.8
1042,10,531,102,10.2
1043,10,489,98,9.8
1044,10,520,102,10.2
1045,10,371,73,7.3
1046,10,381,78,7.8
1047,10,605,118,11.8
1048,10,488,101,10.1
1049,10,424,80,8.0
1050,10,453,94,9.4
1051,10,343,64,6.4
1052,10,417,79,7.9
1053,9,253,47,5.222222222222222
1054,10,294,52,5.2
1055,10,459,92,9.2
1056,10,415,72,7.2
1057,10,458,80,8.0
1058,10,489,96,9.6
1059,10,438,87,8.7
1060,10,401,77,7.7
1061,10,413,82,8.2
1062,10,375,75,7.5
1063,10,448,90,9.0
1064,10,381,72,7.2
1065,10,451,92,9.2
1066,10,547,105,10.5
1067,10,407,83,8.3
1068,10,519,93,9.3
1069,9,440,76,8.444444444444445
1070,10,472,92,9.2
1071,10,578,107,10.7
1072,10,452,87,8.7
1073,10,563,100,10.0
1074,10,611,111,11.1
1075,10,382,74,7.4
1076,10,501,95,9.5
1077,10,423,80,8.0
1078,10,465,86,8.6
1079,10,444,84,8.4
1080,10,583,114,11.4
1081,10,404,73,7.3
1082,10,455,99,9.9
1083,10,441,85,8.5
1084,10,595,125,12.5
1085,10,380,76,7.6
1086,10,506,109,10.9
1087,10,384,79,7.9
1088,10,482,93,9.3
1089,10,515,99,9.9
1090,10,679,140,14.0
1091,10,493,103,10.3
1092,10,704,134,13.4
1093,10,451,84,8.4
1094,10,401,81,8.1
1095,10,539,104,10.4
1096,10,487,97,9.7
1097,9,405,81,9.0
1098,10,494,95,9.5
1099,10,453,90,9.0
1100,10,368,72,7.2
1101,10,350,66,6.6
1102,10,472,85,8.5
1103,10,568,110,11.0
1104,10,624,124,12.4
1105,10,566,118,11.8
1106,10,527,109,10.9
1107,10,402,86,8.6
1108,10,314,55,5.5
1109,10,501,99,9.9
1110,10,449,92,9.2
1111,10,532,102,10.2
1112,9,389,86,9.555555555555555
1113,10,429,83,8.3
1114,10,440,86,8.6
1115,10,343,63,6.3
1116,10,372,71,7.1
1117,10,374,75,7.5
1118,10,447,92,9.2
1119,10,492,95,9.5
1120,10,544,107,10.7
1121,10,611,116,11.6
1122,10,543,96,9.6
1123,10,434,80,8.0
1124,10,383,76,7.6
1125,10,763,146,14.6
1126,9,510,90,10.0
1127,10,521,99,9.9
1128,10,675,113,11.3
1129,10,513,101,10.1
1130,10,359,66,6.6
1131,10,394,78,7.8
1132,10,646,127,12.7
1133,10,608,117,11.7
1134,10,464,85,8.5
1135,10,463,91,9.1
1136,10,419,83,8.3
1137,10,484,98,9.8
1138,10,580,123,12.3
1139,10,514,92,9.2
1140,10,513,98,9.8
1141,9,512,93,10.333333333333334
1142,10,470,83,8.3
1143,10,594,115,11.5
1144,10,502,89,8.9
1145,10,540,100,10.0
1146,10,568,114,11.4
1147,10,542,102,10.2
1148,10,416,79,7.9
1149,10,450,89,8.9
1150,9,499,98,10.88888888888889
1151,10,505,90,9.0
1152,10,610,119,11.9
1153,10,396,79,7.9
1154,10,531,99,9.9
1155,10,465,89,8.9
1156,10,507,97,9.7
1157,10,586,111,11.1
1158,10,446,87,8.7
1159,10,619,116,11.6
1160,10,506,101,10.1
1161,10,516,97,9.7
1162,10,515,95,9.5
1163,10,487,92,9.2
1164,10,367,70,7.0
1165,10,583,100,10.0
1166,10,696,122,12.2
1167,10,489,92,9.2
1168,10,661,120,12.0
1169,10,489,97,9.7
1170,10,454,85,8.5
1171,10,548,97,9.7
1172,10,516,97,9.7
1173,10,481,85,8.5
1174,10,617,117,11.7
1175,10,506,95,9.5
1176,10,440,82,8.2
1177,10,599,125,12.5
1178,10,421,85,8.5
1179,10,547,104,10.4
1180,10,398,74,7.4
1181,10,458,91,9.1
1182,10,479,101,10.1
1183,10,426,80,8.0
1184,10,531,119,11.9
1185,10,481,93,9.3
1186,10,470,102,10.2
1187,9,400,86,9.555555555555555
1188,10,329,65,6.5
1189,10,478,95,9.5
1190,10,601,115,11.5
1191,10,439,80,8.0
1192,10,551,113,11.3
1193,10,476,96,9.6
1194,10,529,111,11.1
1195,10,482,97,9.7
1196,10,495,95,9.5
1197,10,318,61,6.1
1198,10,497,103,10.3
1199,10,440,90,9.0
1200,10,480,84,8.4
1201,10,437,85,8.5
1202,10,438,85,8.5
1203,10,509,98,9.8
1204,9,422,77,8.555555555555555
1205,10,580,104,10.4
1206,10,573,107,10.7
1207,10,638,116,11.6
1208,10,556,105,10.5
1209,10,487,91,9.1
1210,10,454,74,7.4
1211,10,354,62,6.2
1212,10,595,110,11.0
1213,10,562,110,11.0
1214,10,694,133,13.3
1215,10,561,108,10.8
1216,10,420,82,8.2
1217,10,376,75,7.5
1218,10,550,100,10.0
1219,10,548,115,11.5
1220,10,358,64,6.4
1221,10,634,117,11.7
1222,9,526,99,11.0
1223,10,496,93,9.3
1224,10,438,89,8.9
1225,10,493,98,9.8
1226,10,638,123,12.3
1227,10,524,95,9.5
1228,10,557,101,10.1
1229,10,474,87,8.7
1230,10,614,114,11.4
1231,10,493,102,10.2
1232,10,614,123,12.3
1233,10,485,94,9.4
1234,10,547,103,10.3
1235,10,619,106,10.6
1236,10,597,107,10.7
1237,10,389,71,7.1
1238,9,348,68,7.555555555555555
1239,10,347,70,7.0
1240,10,571,112,11.2
1241,10,567,106,10.6
1242,10,512,94,9.4
1243,10,515,98,9.8
1244,10,651,122,12.2
1245,10,620,115,11.5
1246,10,430,85,8.5
1247,10,481,95,9.5
1248,10,430,82,8.2
1249,10,615,122,12.2
1250,10,526,102,10.2
1251,10,504,87,8.7
1252,10,723,126,12.6
1253,10,542,103,10.3
1254,10,414,76,7.6
1255,10,555,106,10.6
1256,10,345,64,6.4
1257,10,432,82,8.2
1258,9,521,95,10.555555555555555
1259,11,546,109,9.909090909090908
1260,10,341,66,6.6
1261,10,463,88,8.8
1262,9,450,94,10.444444444444445
1263,10,493,99,9.9
1264,10,488,93,9.3
1265,10,405,82,8.2
1266,10,303,58,5.8
1267,10,374,72,7.2
1268,10,363,67,6.7
1269,10,333,57,5.7
1270,10,432,90,9.0
1271,10,319,63,6.3
1272,10,515,90,9.0
1273,10,740,143,14.3
1274,10,589,108,10.8
1275,9,342,66,7.333333333333333
1276,10,555,103,10.3
1277,10,487,97,9.7
1278,10,674,133,13.3
1279,10,357,66,6.6
1280,10,454,89,8.9
1281,10,485,99,9.9
1282,10,467,91,9.1
1283,10,423,83,8.3
1284,10,395,79,7.9
1285,10,324,64,6.4
1286,10,383,79,7.9
1287,10,666,119,11.9
1288,10,537,102,10.2
1289,10,530,103,10.3
1290,10,537,104,10.4
1291,10,477,95,9.5
1292,9,387,80,8.88888888888889
1293,10,535,110,11.0
1294,10,481,97,9.7
1295,10,547,107,10.7
1296,10,524,101,10.1
1297,10,468,87,8.7
1298,10,506,98,9.8
1299,10,644,119,11.9
1300,10,532,92,9.2
1301,9,532,102,11.333333333333334
1302,10,460,84,8.4
1303,10,576,108,10.8
1304,10,515,90,9.0
1305,10,487,94,9.4
1306,10,438,92,9.2
1307,10,487,99,9.9
1308,10,487,98,9.8
1309,10,524,102,10.2
1310,10,485,96,9.6
1311,10,435,84,8.4
1312,10,431,84,8.4
1313,10,437,80,8.0
1314,10,239,42,4.2
1315,10,548,101,10.1
1316,10,449,86,8.6
1317,10,585,109,10.9
1318,10,492,93,9.3
1319,10,580,110,11.0
1320,10,399,74,7.4
1321,10,380,70,7.0
1322,10,544,104,10.4
1323,10,358,67,6.7
1324,10,489,98,9.8
1325,10,612,112,11.2
1326,10,453,88,8.8
1327,10,394,86,8.6
1328,10,445,90,9.0
1329,10,507,105,10.5
1330,10,428,96,9.6
1331,10,453,94,9.4
1332,10,536,112,11.2
1333,10,477,99,9.9
1334,9,393,89,9.88888888888889
1335,10,506,106,10.6
1336,10,483,102,10.2
1337,10,511,108,10.8
1338,10,497,110,11.0
1339,10,464,95,9.5
1340,10,410,84,8.4
1341,10,525,102,10.2
1342,10,407,74,7.4
1343,10,397,74,7.4
1344,10,551,100,10.0
1345,10,634,114,11.4
1346,10,443,85,8.5
1347,10,524,98,9.8
1348,10,603,122,12.2
1349,10,405,83,8.3
1350,9,526,99,11.0
1351,10,409,82,8.2
1352,10,278,55,5.5
1353,10,308,56,5.6
1354,10,415,83,8.3
1355,9,501,97,10.777777777777779
1356,10,397,76,7.6
1357,10,471,94,9.4
1358,10,624,122,12.2
1359,10,509,110,11.0
1360,10,586,121,12.1
1361,10,549,109,10.9
1362,10,394,77,7.7
1363,10,615,125,12.5
1364,10,535,107,10.7
1365,10,506,103,10.3
1366,10,522,103,10.3
1367,10,464,101,10.1
1368,10,566,114,11.4
1369,10,447,84,8.4
1370,10,646,114,11.4
1371,10,368,71,7.1
1372,10,559,112,11.2
1373,10,386,72,7.2
1374,10,397,72,7.2
1375,10,374,76,7.6
1376,10,698,135,13.5
1377,10,734,141,14.1
1378,10,493,98,9.8
1379,10,348,61,6.1
1380,9,351,66,7.333333333333333
1381,10,463,85,8.5
1382,10,393,82,8.2
1383,10,438,82,8.2
1384,10,516,101,10.1
1385,10,366,63,6.3
1386,10,581,118,11.8
1387,10,548,103,10.3
1388,10,425,86,8.6
1389,10,398,83,8.3
1390,9,371,76,8.444444444444445
1391,10,373,71,7.1
1392,10,471,88,8.8
1393,11,745,140,12.727272727272727
1394,10,497,88,8.8
1395,10,665,121,12.1
1396,10,626,114,11.4
1397,10,457,83,8.3
1398,9,410,76,8.444444444444445
1399,10,376,73,7.3
1400,10,490,91,9.1
1401,10,475,89,8.9
1402,10,409,81,8.1
1403,10,605,103,10.3
1404,10,416,76,7.6
1405,10,544,94,9.4
1406,10,547,100,10.0
1407,10,583,123,12.3
1408,9,349,66,7.333333333333333
1409,11,553,111,10.090909090909092
1410,9,435,82,9.11111111111111
1411,11,745,137,12.454545454545455
1412,10,490,97,9.7
1413,4,226,39,9.75
1414,27,57319,9559,354.037037037037
1758,5,120,18,3.6
1759,10,44,11,1.1
1760,10,29,10,1.0
1761,10,74,14,1.4
1762,10,129,19,1.9
1763,10,561,110,11.0
1764,11,615,115,10.454545454545455
1765,10,580,104,10.4
1766,9,574,110,12.222222222222221
1767,11,645,133,12.090909090909092
1768,5,314,65,13.0
1769,4,84,11,2.75
1770,10,76,17,1.7
1771,10,28,10,1.0
1772,10,66,13,1.3
1773,10,134,20,2.0
1774,10,505,98,9.8
1775,10,555,107,10.7
1776,10,570,101,10.1
1777,10,644,122,12.2
1778,10,584,116,11.6
1779,10,621,131,13.1
1780,10,549,103,10.3
1781,10,588,110,11.0
1782,10,632,124,12.4
1783,10,596,127,12.7
1784,10,474,96,9.6
1785,10,584,122,12.2
1786,10,599,108,10.8
1787,11,621,117,10.636363636363637
1788,10,428,90,9.0
1789,10,621,112,11.2
1790,10,524,108,10.8
1791,10,476,92,9.2
1792,10,424,91,9.1
1793,10,568,108,10.8
1794,10,535,114,11.4
1795,10,598,123,12.3
1796,10,490,93,9.3
1797,10,360,78,7.8
1798,10,341,77,7.7
1799,10,405,85,8.5
1800,10,497,103,10.3
1801,9,507,105,11.666666666666666
1802,10,566,118,11.8
1803,10,507,99,9.9
1804,10,362,70,7.0
1805,10,350,73,7.3
1806,10,462,95,9.5
1807,10,455,85,8.5
1808,10,457,95,9.5
1809,10,477,96,9.6
1810,10,496,100,10.0
1811,10,559,109,10.9
1812,10,579,113,11.3
1813,10,543,109,10.9
1814,10,292,58,5.8
1815,10,183,30,3.0
1816,10,534,107,10.7
1817,10,558,114,11.4
1818,10,548,106,10.6
1819,10,523,108,10.8
1820,10,402,83,8.3
1821,10,563,121,12.1
1822,10,404,85,8.5
1823,10,399,77,7.7
1824,10,401,87,8.7
1825,10,406,85,8.5
1826,11,661,134,12.181818181818182
1827,10,509,102,10.2
1828,9,403,86,9.555555555555555
1829,10,424,95,9.5
1830,10,478,102,10.2
1831,10,601,112,11.2
1832,10,430,87,8.7
1833,10,537,113,11.3
1834,10,558,111,11.1
1835,10,428,84,8.4
1836,10,384,88,8.8
1837,10,413,90,9.0
1838,10,620,116,11.6
1839,10,585,116,11.6
1840,10,570,111,11.1
1841,10,606,119,11.9
1842,10,568,113,11.3
1843,10,567,113,11.3
1844,10,389,75,7.5
1845,10,405,84,8.4
1846,10,534,104,10.4
1847,10,380,71,7.1
1848,10,575,115,11.5
1849,10,424,89,8.9
1850,10,478,97,9.7
1851,10,442,89,8.9
1852,11,677,137,12.454545454545455
1853,9,550,107,11.88888888888889
1854,10,588,117,11.7
1855,10,602,119,11.9
1856,10,630,117,11.7
1857,10,579,112,11.2
1858,10,617,130,13.0
1859,10,426,90,9.0
1860,10,552,112,11.2
1861,10,300,53,5.3
1862,10,375,70,7.0
1863,10,347,70,7.0
1864,10,386,83,8.3
1865,10,327,68,6.8
1866,10,458,100,10.0
1867,10,413,88,8.8
1868,10,428,86,8.6
1869,10,501,109,10.9
1870,10,604,111,11.1
1871,10,626,115,11.5
1872,10,631,118,11.8
1873,10,602,129,12.9
1874,10,624,125,12.5
1875,10,362,76,7.6
1876,10,317,65,6.5
1877,10,198,39,3.9
1878,10,440,90,9.0
1879,10,419,87,8.7
1880,10,509,100,10.0
1881,10,562,102,10.2
1882,10,521,97,9.7
1883,10,549,92,9.2
1884,10,563,100,10.0
1885,10,561,113,11.3
1886,10,577,114,11.4
1887,10,178,39,3.9
1888,10,424,91,9.1
1889,10,361,71,7.1
1890,10,409,81,8.1
1891,10,356,73,7.3
1892,10,366,78,7.8
1893,10,335,70,7.0
1894,10,505,100,10.0
1895,10,467,92,9.2
1896,10,619,106,10.6
1897,10,617,111,11.1
1898,10,453,91,9.1
1899,10,457,92,9.2
1900,10,618,120,12.0
1901,10,592,117,11.7
1902,10,570,108,10.8
1903,10,332,66,6.6
1904,10,478,99,9.9
1905,10,558,116,11.6
1906,10,562,117,11.7
1907,10,199,35,3.5
1908,10,174,29,2.9
1909,10,599,113,11.3
1910,10,612,116,11.6
1911,10,642,131,13.1
1912,10,607,115,11.5
1913,10,561,112,11.2
1914,10,619,112,11.2
1915,10,621,119,11.9
1916,10,626,127,12.7
1917,10,593,115,11.5
1918,10,545,106,10.6
1919,10,573,108,10.8
1920,10,589,113,11.3
1921,10,525,103,10.3
1922,10,616,116,11.6
1923,10,672,122,12.2
1924,10,629,109,10.9
1925,10,588,108,10.8
1926,10,629,117,11.7
1927,9,536,103,11.444444444444445
1928,10,483,98,9.8
1929,10,550,101,10.1
1930,10,550,97,9.7
1931,10,369,69,6.9
1932,10,530,103,10.3
1933,10,437,85,8.5
1934,10,529,103,10.3
1935,10,415,85,8.5
1936,10,590,105,10.5
1937,11,582,110,10.0
1938,10,479,96,9.6
1939,10,438,87,8.7
1940,10,478,89,8.9
1941,10,353,70,7.0
1942,10,448,83,8.3
1943,10,607,112,11.2
1944,10,614,115,11.5
1945,9,561,100,11.11111111111111
1946,10,618,113,11.3
1947,10,541,96,9.6
1948,10,622,124,12.4
1949,10,608,114,11.4
1950,10,636,114,11.4
1951,10,620,112,11.2
1952,10,596,108,10.8
1953,10,181,32,3.2
1954,10,184,31,3.1
1955,10,310,56,5.6
1956,10,620,119,11.9
1957,10,597,113,11.3
1958,10,464,89,8.9
1959,10,362,74,7.4
1960,10,561,108,10.8
1961,10,487,94,9.4
1962,10,607,115,11.5
1963,10,637,118,11.8
1964,10,595,114,11.4
1965,10,545,108,10.8
1966,10,220,50,5.0
1967,10,424,85,8.5
1968,11,519,99,9.0
1969,10,265,62,6.2
1970,10,465,94,9.4
1971,10,627,120,12.0
1972,10,579,113,11.3
1973,9,551,103,11.444444444444445
1974,10,539,103,10.3
1975,10,487,95,9.5
1976,10,602,114,11.4
1977,10,498,94,9.4
1978,10,438,85,8.5
1979,10,621,113,11.3
1980,10,576,113,11.3
1981,10,533,100,10.0
1982,10,249,56,5.6
1983,10,450,91,9.1
1984,10,592,111,11.1
1985,10,603,119,11.9
1986,10,502,90,9.0
1987,10,438,83,8.3
1988,10,571,109,10.9
1989,10,630,121,12.1
1990,10,407,87,8.7
1991,10,514,101,10.1
1992,10,609,114,11.4
1993,10,580,112,11.2
1994,10,600,120,12.0
1995,10,577,124,12.4
1996,10,492,106,10.6
1997,10,569,112,11.2
1998,10,448,88,8.8
1999,10,318,61,6.1
2000,10,622,125,12.5
2001,10,652,134,13.4
2002,10,547,113,11.3
2003,10,506,104,10.4
2004,10,584,116,11.6
2005,10,606,109,10.9
2006,10,613,110,11.0
2007,10,532,104,10.4
2008,10,481,99,9.9
2009,10,552,117,11.7
2010,10,452,95,9.5
2011,10,516,105,10.5
2012,10,476,97,9.7
2013,10,592,102,10.2
2014,10,393,77,7.7
2015,10,586,110,11.0
2016,10,620,105,10.5
2017,10,589,102,10.2
2018,10,592,107,10.7
2019,10,614,117,11.7
2020,10,596,119,11.9
2021,10,167,28,2.8
2022,10,406,76,7.6
2023,10,550,101,10.1
2024,9,342,68,7.555555555555555
2025,10,393,81,8.1
2026,10,625,118,11.8
2027,10,624,110,11.0
2028,10,630,121,12.1
2029,10,629,118,11.8
2030,10,603,119,11.9
2031,10,561,108,10.8
2032,10,459,95,9.5
2033,10,549,104,10.4
2034,10,603,121,12.1
2035,10,540,91,9.1
2036,10,675,114,11.4
2037,10,583,103,10.3
2038,10,532,97,9.7
2039,10,542,105,10.5
2040,10,510,103,10.3
2041,10,615,113,11.3
2042,10,218,33,3.3
2043,10,215,37,3.7
2044,10,529,103,10.3
2045,10,585,113,11.3
2046,10,672,124,12.4
2047,10,590,112,11.2
2048,10,620,113,11.3
2049,10,602,117,11.7
2050,10,454,89,8.9
2051,10,376,73,7.3
2052,10,406,70,7.0
2053,10,533,94,9.4
2054,10,499,83,8.3
2055,10,612,110,11.0
2056,10,518,86,8.6
2057,10,509,94,9.4
2058,10,601,108,10.8
2059,10,592,106,10.6
2060,10,603,117,11.7
2061,10,586,113,11.3
2062,10,567,109,10.9
2063,10,408,83,8.3
2064,10,509,100,10.0
2065,10,483,95,9.5
2066,10,556,114,11.4
2067,10,616,114,11.4
2068,10,565,108,10.8
2069,10,579,106,10.6
2070,10,576,100,10.0
2071,10,559,105,10.5
2072,10,528,109,10.9
2073,10,451,91,9.1
2074,9,517,100,11.11111111111111
2075,10,547,109,10.9
2076,10,581,108,10.8
2077,10,603,114,11.4
2078,11,670,123,11.181818181818182
2079,10,380,72,7.2
2080,10,544,105,10.5
2081,9,272,53,5.888888888888889
2082,10,516,100,10.0
2083,10,574,109,10.9
2084,10,371,70,7.0
2085,10,471,90,9.0
2086,10,342,66,6.6
2087,10,555,111,11.1
2088,10,457,85,8.5
2089,10,421,86,8.6
2090,10,484,92,9.2
2091,10,562,109,10.9
2092,10,618,121,12.1
2093,10,432,82,8.2
2094,10,587,114,11.4
2095,10,410,79,7.9
2096,10,539,99,9.9
2097,10,597,113,11.3
2098,10,618,124,12.4
2099,10,538,98,9.8
2100,10,524,100,10.0
2101,10,517,96,9.6
2102,10,368,68,6.8
2103,10,522,103,10.3
2104,10,523,101,10.1
2105,10,634,124,12.4
2106,10,577,109,10.9
2107,10,401,72,7.2
2108,10,215,33,3.3
2109,10,539,101,10.1
2110,10,326,60,6.0
2111,10,295,53,5.3
2112,10,603,120,12.0
2113,9,574,121,13.444444444444445
2114,11,544,110,10.0
2115,9,465,86,9.555555555555555
2116,10,500,104,10.4
2117,10,431,82,8.2
2118,10,505,102,10.2
2119,10,614,121,12.1
2120,10,348,72,7.2
2121,10,481,96,9.6
2122,10,590,112,11.2
2123,10,604,110,11.0
2124,10,297,60,6.0
2125,10,381,73,7.3
2126,10,539,103,10.3
2127,10,622,118,11.8
2128,10,600,114,11.4
2129,10,609,119,11.9
2130,10,658,128,12.8
2131,10,425,87,8.7
2132,10,581,109,10.9
2133,10,624,119,11.9
2134,10,349,67,6.7
2135,10,176,26,2.6
2136,10,495,91,9.1
2137,10,510,95,9.5
2138,10,616,117,11.7
2139,10,609,109,10.9
2140,9,515,103,11.444444444444445
2141,10,565,102,10.2
2142,10,553,112,11.2
2143,10,675,133,13.3
2144,10,620,123,12.3
2145,10,590,109,10.9
2146,10,621,113,11.3
2147,10,589,116,11.6
2148,10,590,117,11.7
2149,10,568,108,10.8
2150,10,631,114,11.4
2151,10,597,116,11.6
2152,10,612,121,12.1
2153,10,621,114,11.4
2154,10,519,99,9.9
2155,10,605,106,10.6
2156,10,614,117,11.7
2157,10,412,81,8.1
2158,9,440,82,9.11111111111111
2159,11,470,96,8.727272727272727
2160,10,614,120,12.0
2161,10,626,116,11.6
2162,10,533,106,10.6
2163,10,472,89,8.9
2164,9,506,91,10.11111111111111
2165,11,469,88,8.0
2166,10,636,121,12.1
2167,10,575,117,11.7
2168,10,623,121,12.1
2169,10,573,109,10.9
2170,10,559,103,10.3
2171,10,476,90,9.0
2172,9,480,86,9.555555555555555
2173,10,547,100,10.0
2174,10,625,119,11.9
2175,10,624,118,11.8
2176,10,571,101,10.1
2177,10,635,117,11.7
2178,10,539,100,10.0
2179,10,502,90,9.0
2180,10,570,100,10.0
2181,10,242,43,4.3
2182,10,148,21,2.1
2183,10,579,114,11.4
2184,10,411,85,8.5
2185,10,420,93,9.3
2186,10,398,80,8.0
2187,10,599,123,12.3
2188,10,513,106,10.6
2189,10,314,64,6.4
2190,10,390,76,7.6
2191,10,573,120,12.0
2192,10,568,121,12.1
2193,10,603,121,12.1
2194,10,602,129,12.9
2195,10,610,128,12.8
2196,10,577,115,11.5
2197,10,607,125,12.5
2198,10,520,106,10.6
2199,10,609,126,12.6
2200,10,620,133,13.3
2201,10,583,121,12.1
2202,10,587,117,11.7
2203,10,562,117,11.7
2204,10,630,127,12.7
2205,10,608,129,12.9
2206,10,551,112,11.2
2207,10,675,133,13.3
2208,10,602,134,13.4
2209,10,631,125,12.5
2210,10,543,109,10.9
2211,10,636,129,12.9
2212,10,616,121,12.1
2213,10,544,116,11.6
2214,10,610,135,13.5
2215,10,626,129,12.9
2216,10,538,113,11.3
2217,9,563,115,12.777777777777779
2218,10,530,108,10.8
2219,10,597,116,11.6
2220,10,635,138,13.8
2221,10,617,126,12.6
2222,10,577,116,11.6
2223,10,539,114,11.4
2224,10,619,123,12.3
2225,10,567,122,12.2
2226,10,635,130,13.0
2227,10,456,103,10.3
2228,10,139,23,2.3
2229,10,251,43,4.3
2230,10,635,119,11.9
2231,10,578,114,11.4
2232,10,630,122,12.2
2233,10,619,116,11.6
2234,10,589,112,11.2
2235,10,624,114,11.4
2236,10,581,110,11.0
2237,10,559,112,11.2
2238,10,625,118,11.8
2239,10,591,103,10.3
2240,10,581,108,10.8
2241,10,565,101,10.1
2242,10,572,117,11.7
2243,10,642,126,12.6
2244,10,576,110,11.0
2245,10,595,112,11.2
2246,10,509,110,11.0
2247,10,572,110,11.0
2248,10,636,132,13.2
2249,10,481,93,9.3
2250,10,416,82,8.2
2251,10,551,114,11.4
2252,10,557,112,11.2
2253,10,608,121,12.1
2254,10,571,118,11.8
2255,10,540,110,11.0
2256,10,584,122,12.2
2257,9,509,112,12.444444444444445
2258,11,658,139,12.636363636363637
2259,9,522,116,12.88888888888889
2260,10,568,118,11.8
2261,10,476,94,9.4
2262,10,618,124,12.4
2263,10,582,120,12.0
2264,10,643,121,12.1
2265,10,577,113,11.3
2266,10,598,119,11.9
2267,10,627,123,12.3
2268,10,622,116,11.6
2269,10,554,102,10.2
2270,10,623,112,11.2
2271,10,617,115,11.5
2272,10,608,110,11.0
2273,10,592,110,11.0
2274,10,541,107,10.7
2275,10,587,117,11.7
2276,10,596,117,11.7
2277,10,491,94,9.4
2278,10,181,29,2.9
2279,9,126,22,2.4444444444444446
2280,10,530,97,9.7
2281,10,594,109,10.9
2282,10,594,106,10.6
2283,10,578,111,11.1
2284,10,604,114,11.4
2285,10,569,100,10.0
2286,10,530,101,10.1
2287,10,616,112,11.2
2288,10,626,117,11.7
2289,10,593,106,10.6
2290,10,510,95,9.5
2291,10,569,110,11.0
2292,10,523,101,10.1
2293,10,467,93,9.3
2294,10,617,115,11.5
2295,10,569,100,10.0
2296,10,581,106,10.6
2297,10,616,110,11.0
2298,10,613,115,11.5
2299,10,610,112,11.2
2300,10,623,114,11.4
2301,10,562,104,10.4
2302,10,542,108,10.8
2303,10,604,115,11.5
2304,10,627,122,12.2
2305,10,621,117,11.7
2306,9,574,114,12.666666666666666
2307,10,590,110,11.0
2308,10,624,123,12.3
2309,10,401,81,8.1
2310,10,413,88,8.8
2311,10,385,82,8.2
2312,10,632,123,12.3
2313,10,598,117,11.7
2314,10,530,106,10.6
2315,10,611,110,11.0
2316,10,436,90,9.0
2317,10,378,79,7.9
2318,10,526,108,10.8
2319,10,500,107,10.7
2320,10,602,124,12.4
2321,9,473,93,10.333333333333334
2322,10,573,103,10.3
2323,10,586,105,10.5
2324,10,628,116,11.6
2325,10,581,115,11.5
2326,11,626,124,11.272727272727273
2327,10,581,111,11.1
2328,10,585,112,11.2
2329,10,598,110,11.0
2330,9,561,104,11.555555555555555
2331,10,341,64,6.4
2332,10,125,20,2.0
2333,10,192,27,2.7
2334,10,370,65,6.5
2335,10,624,111,11.1
2336,10,606,105,10.5
2337,10,586,104,10.4
2338,10,621,114,11.4
2339,10,637,123,12.3
2340,10,581,99,9.9
2341,10,574,98,9.8
2342,10,589,111,11.1
2343,10,626,113,11.3
2344,10,603,113,11.3
2345,10,589,117,11.7
2346,10,632,113,11.3
2347,10,590,101,10.1
2348,10,597,113,11.3
2349,10,630,107,10.7
2350,10,597,98,9.8
2351,10,604,110,11.0
2352,10,624,112,11.2
2353,10,517,93,9.3
2354,10,552,102,10.2
2355,10,573,114,11.4
2356,10,603,102,10.2
2357,10,585,107,10.7
2358,10,624,123,12.3
2359,10,544,106,10.6
2360,10,633,115,11.5
2361,10,628,115,11.5
2362,10,578,105,10.5
2363,10,637,124,12.4
2364,10,610,107,10.7
2365,10,604,109,10.9
2366,10,621,113,11.3
2367,10,612,117,11.7
2368,9,496,98,10.88888888888889
2369,10,460,84,8.4
2370,10,563,101,10.1
2371,10,602,108,10.8
2372,10,611,111,11.1
2373,10,637,124,12.4
2374,10,635,113,11.3
2375,10,594,105,10.5
2376,10,564,104,10.4
2377,10,596,115,11.5
2378,10,582,114,11.4
2379,10,624,113,11.3
2380,10,620,117,11.7
2381,10,608,121,12.1
2382,10,570,108,10.8
2383,9,562,108,12.0
2384,10,693,132,13.2
2385,11,558,111,10.090909090909092
2386,10,615,112,11.2
2387,9,545,101,11.222222222222221
2388,10,605,119,11.9
2389,10,602,107,10.7
2390,10,615,113,11.3
2391,10,559,107,10.7
2392,10,585,110,11.0
2393,10,592,110,11.0
2394,10,373,74,7.4
2395,10,413,83,8.3
2396,10,561,112,11.2
2397,10,636,122,12.2
2398,10,574,110,11.0
2399,9,557,103,11.444444444444445
2400,11,643,116,10.545454545454545
2401,9,384,70,7.777777777777778
2402,10,140,23,2.3
2403,10,149,23,2.3
2404,10,233,40,4.0
2405,10,632,111,11.1
2406,10,587,105,10.5
2407,10,659,116,11.6
2408,10,593,109,10.9
2409,10,598,109,10.9
2410,10,627,114,11.4
2411,10,566,107,10.7
2412,10,569,105,10.5
2413,10,616,117,11.7
2414,10,559,97,9.7
2415,10,597,111,11.1
2416,10,564,107,10.7
2417,10,626,118,11.8
2418,10,591,108,10.8
2419,10,568,102,10.2
2420,9,513,97,10.777777777777779
2421,10,591,105,10.5
2422,10,616,114,11.4
2423,10,604,113,11.3
2424,10,538,104,10.4
2425,10,584,109,10.9
2426,10,498,105,10.5
2427,10,594,115,11.5
2428,10,602,115,11.5
2429,10,574,115,11.5
2430,10,625,122,12.2
2431,10,567,105,10.5
2432,10,569,104,10.4
2433,9,566,103,11.444444444444445
2434,11,693,127,11.545454545454545
2435,10,625,114,11.4
2436,9,572,102,11.333333333333334
2437,10,615,111,11.1
2438,10,557,105,10.5
2439,10,568,109,10.9
2440,10,417,86,8.6
2441,10,559,117,11.7
2442,10,586,111,11.1
2443,10,621,119,11.9
2444,11,494,94,8.545454545454545
2445,10,585,110,11.0
2446,10,518,96,9.6
2447,9,463,84,9.333333333333334
2448,10,469,89,8.9
2449,10,460,84,8.4
2450,10,508,105,10.5
2451,10,635,121,12.1
2452,10,615,114,11.4
2453,10,597,107,10.7
2454,10,608,116,11.6
2455,10,532,102,10.2
2456,10,503,88,8.8
2457,10,603,118,11.8
2458,10,621,118,11.8
2459,10,617,108,10.8
2460,10,557,100,10.0
2461,10,615,111,11.1
2462,10,540,104,10.4
2463,10,496,96,9.6
2464,10,143,25,2.5
2465,9,135,24,2.6666666666666665
2466,11,191,35,3.1818181818181817
2467,10,633,128,12.8
2468,10,566,100,10.0
2469,10,591,115,11.5
2470,10,560,111,11.1
2471,10,578,109,10.9
2472,9,532,97,10.777777777777779
2473,10,616,118,11.8
2474,10,458,93,9.3
2475,10,350,75,7.5
2476,10,501,102,10.2
2477,10,548,110,11.0
2478,10,398,84,8.4
2479,10,378,83,8.3
2480,10,201,46,4.6
2481,10,202,47,4.7
2482,10,495,103,10.3
2483,10,510,104,10.4
2484,10,579,114,11.4
2485,10,457,98,9.8
2486,10,374,83,8.3
2487,10,453,94,9.4
2488,10,619,126,12.6
2489,10,392,77,7.7
2490,10,445,94,9.4
2491,10,584,114,11.4
2492,10,588,118,11.8
2493,10,613,125,12.5
2494,10,520,104,10.4
2495,10,621,120,12.0
2496,10,570,110,11.0
2497,10,567,115,11.5
2498,10,581,109,10.9
2499,10,617,114,11.4
2500,10,583,114,11.4
2501,10,624,120,12.0
2502,10,674,124,12.4
2503,10,634,120,12.0
2504,10,534,107,10.7
2505,10,644,116,11.6
2506,10,569,108,10.8
2507,10,594,113,11.3
2508,10,597,113,11.3
2509,10,559,106,10.6
2510,10,629,119,11.9
2511,10,537,111,11.1
2512,10,579,118,11.8
2513,10,568,108,10.8
2514,10,612,120,12.0
2515,10,597,122,12.2
2516,10,599,114,11.4
2517,10,574,109,10.9
2518,10,678,137,13.7
2519,10,618,119,11.9
2520,11,571,115,10.454545454545455
2521,10,553,107,10.7
2522,10,579,114,11.4
2523,10,605,119,11.9
2524,10,594,105,10.5
2525,10,621,113,11.3
2526,10,618,112,11.2
2527,10,604,117,11.7
2528,10,553,108,10.8
2529,10,607,117,11.7
2530,10,588,107,10.7
2531,10,277,55,5.5
2532,9,143,22,2.4444444444444446
2533,10,176,29,2.9
2534,10,506,97,9.7
2535,10,612,125,12.5
2536,10,633,124,12.4
2537,10,605,118,11.8
2538,10,592,108,10.8
2539,10,586,110,11.0
2540,10,583,120,12.0
2541,10,449,90,9.0
2542,10,633,126,12.6
2543,11,487,99,9.0
2544,10,617,115,11.5
2545,10,626,110,11.0
2546,10,598,107,10.7
2547,9,513,94,10.444444444444445
2548,10,589,108,10.8
2549,10,629,125,12.5
2550,10,595,111,11.1
2551,10,565,102,10.2
2552,10,596,114,11.4
2553,10,620,117,11.7
2554,10,573,105,10.5
2555,10,590,107,10.7
2556,10,616,114,11.4
2557,10,599,110,11.0
2558,10,522,90,9.0
2559,10,449,83,8.3
2560,10,486,88,8.8
2561,10,278,52,5.2
2562,10,557,100,10.0
2563,10,614,109,10.9
2564,10,593,116,11.6
2565,10,560,109,10.9
2566,10,579,110,11.0
2567,10,416,83,8.3
2568,10,490,102,10.2
2569,10,489,87,8.7
2570,11,448,92,8.363636363636363
2571,10,467,94,9.4
2572,10,473,95,9.5
2573,10,578,121,12.1
2574,10,452,88,8.8
2575,10,494,102,10.2
2576,10,417,87,8.7
2577,10,295,64,6.4
2578,9,393,78,8.666666666666666
2579,10,533,106,10.6
2580,10,576,114,11.4
2581,10,482,89,8.9
2582,10,464,87,8.7
2583,10,599,117,11.7
2584,10,452,90,9.0
2585,10,468,97,9.7
2586,10,390,83,8.3
2587,10,443,94,9.4
2588,10,540,109,10.9
2589,10,625,126,12.6
2590,10,517,102,10.2
2591,10,607,109,10.9
2592,10,583,112,11.2
2593,10,591,111,11.1
2594,10,614,116,11.6
2595,11,705,133,12.090909090909092
2596,10,230,38,3.8
2597,10,227,39,3.9
2598,10,216,34,3.4
2599,10,619,123,12.3
2600,10,576,113,11.3
2601,10,621,115,11.5
2602,10,488,94,9.4
2603,10,604,113,11.3
2604,10,611,123,12.3
2605,9,559,108,12.0
2606,10,615,113,11.3
2607,10,543,95,9.5
2608,10,657,113,11.3
2609,10,567,115,11.5
2610,10,635,124,12.4
2611,10,618,123,12.3
2612,10,536,97,9.7
2613,10,544,109,10.9
2614,10,505,99,9.9
2615,10,557,107,10.7
2616,10,618,128,12.8
2617,10,604,109,10.9
2618,10,620,109,10.9
2619,10,581,107,10.7
2620,10,615,113,11.3
2621,10,579,100,10.0
2622,10,636,123,12.3
2623,10,524,104,10.4
2624,10,434,85,8.5
2625,10,338,70,7.0
2626,9,566,109,12.11111111111111
2627,11,636,126,11.454545454545455
2628,10,628,116,11.6
2629,10,620,117,11.7
2630,10,626,105,10.5
2631,10,539,100,10.0
2632,9,487,93,10.333333333333334
2633,10,638,113,11.3
2634,10,600,115,11.5
2635,10,618,112,11.2
2636,11,588,115,10.454545454545455
2637,10,525,97,9.7
2638,10,591,106,10.6
2639,10,614,121,12.1
2640,10,297,60,6.0
2641,10,534,100,10.0
2642,10,558,99,9.9
2643,10,582,112,11.2
2644,10,582,107,10.7
2645,10,613,122,12.2
2646,10,500,95,9.5
2647,10,262,44,4.4
2648,10,398,74,7.4
2649,10,545,99,9.9
2650,10,317,74,7.4
2651,10,436,90,9.0
2652,10,491,98,9.8
2653,10,460,89,8.9
2654,10,591,114,11.4
2655,10,618,118,11.8
2656,10,622,118,11.8
2657,10,577,111,11.1
2658,9,168,27,3.0
2659,8,145,24,3.0
2660,4,84,11,2.75
2661,10,76,17,1.7
2662,10,28,10,1.0
2663,10,66,13,1.3
2664,11,142,21,1.9090909090909092
2665,10,561,110,11.0
2666,10,552,103,10.3
2667,9,509,92,10.222222222222221
2668,10,644,122,12.2
2669,10,584,116,11.6
2670,10,621,131,13.1
2671,10,549,103,10.3
2672,10,588,110,11.0
2673,10,632,124,12.4
2674,10,596,127,12.7
2675,10,474,96,9.6
2676,10,584,122,12.2
2677,10,599,108,10.8
2678,10,556,105,10.5
2679,10,439,93,9.3
2680,10,609,111,11.1
2681,10,528,105,10.5
2682,10,527,103,10.3
2683,10,375,81,8.1
2684,10,568,109,10.9
2685,9,491,101,11.222222222222221
2686,10,583,123,12.3
2687,11,548,104,9.454545454545455
2688,10,364,78,7.8
2689,9,325,73,8.11111111111111
2690,11,418,90,8.181818181818182
2691,10,495,103,10.3
2692,10,569,117,11.7
2693,10,566,118,11.8
2694,10,507,99,9.9
2695,10,362,70,7.0
2696,10,350,73,7.3
2697,10,462,95,9.5
2698,10,455,85,8.5
2699,10,457,95,9.5
2700,10,477,96,9.6
2701,10,496,100,10.0
2702,10,559,109,10.9
2703,10,579,113,11.3
2704,10,543,109,10.9
2705,10,292,58,5.8
2706,10,183,30,3.0
2707,9,467,93,10.333333333333334
2708,10,560,114,11.4
2709,10,553,108,10.8
2710,10,523,106,10.6
2711,10,433,91,9.1
2712,10,527,111,11.1
2713,10,438,94,9.4
2714,10,370,72,7.2
2715,10,438,93,9.3
2716,10,391,83,8.3
2717,10,584,116,11.6
2718,9,473,98,10.88888888888889
2719,10,476,99,9.9
2720,10,376,81,8.1
2721,10,537,118,11.8
2722,10,560,106,10.6
2723,10,418,86,8.6
2724,10,526,107,10.7
2725,10,573,119,11.9
2726,10,474,88,8.8
2727,10,374,83,8.3
2728,10,366,84,8.4
2729,10,628,124,12.4
2730,10,635,119,11.9
2731,10,516,105,10.5
2732,10,610,118,11.8
2733,10,559,115,11.5
2734,10,602,112,11.2
2735,10,407,83,8.3
2736,10,424,86,8.6
2737,9,406,76,8.444444444444445
2738,10,433,85,8.5
2739,10,525,107,10.7
2740,10,507,103,10.3
2741,10,388,80,8.0
2742,10,494,98,9.8
2743,10,564,118,11.8
2744,10,610,117,11.7
2745,10,595,118,11.8
2746,10,603,119,11.9
2747,10,626,116,11.6
2748,10,581,112,11.2
2749,10,615,127,12.7
2750,9,383,79,8.777777777777779
2751,10,537,115,11.5
2752,10,478,89,8.9
2753,10,249,45,4.5
2754,10,355,70,7.0
2755,10,455,96,9.6
2756,10,248,52,5.2
2757,10,497,104,10.4
2758,9,337,75,8.333333333333334
2759,11,461,95,8.636363636363637
2760,10,528,112,11.2
2761,9,463,92,10.222222222222221
2762,10,624,113,11.3
2763,10,635,117,11.7
2764,10,590,119,11.9
2765,10,631,131,13.1
2766,10,563,117,11.7
2767,10,297,61,6.1
2768,10,280,57,5.7
2769,10,221,41,4.1
2770,10,503,108,10.8
2771,9,364,71,7.888888888888889
2772,10,581,108,10.8
2773,10,478,91,9.1
2774,10,560,101,10.1
2775,10,585,100,10.0
2776,10,577,105,10.5
2777,10,560,113,11.3
2778,10,425,86,8.6
2779,10,282,64,6.4
2780,10,331,68,6.8
2781,10,438,86,8.6
2782,10,297,59,5.9
2783,10,432,91,9.1
2784,10,322,67,6.7
2785,9,303,64,7.111111111111111
2786,10,527,103,10.3
2787,10,551,103,10.3
2788,10,671,114,11.4
2789,10,568,111,11.1
2790,10,425,82,8.2
2791,10,468,96,9.6
2792,9,539,103,11.444444444444445
2793,10,572,114,11.4
2794,10,574,110,11.0
2795,10,352,69,6.9
2796,10,458,97,9.7
2797,10,608,126,12.6
2798,10,503,105,10.5
2799,10,165,25,2.5
2800,10,264,50,5.0
2801,10,604,109,10.9
2802,10,615,120,12.0
2803,10,639,128,12.8
2804,10,547,105,10.5
2805,10,618,120,12.0
2806,10,617,118,11.8
2807,9,565,106,11.777777777777779
2808,10,621,125,12.5
2809,10,590,115,11.5
2810,10,549,105,10.5
2811,10,575,110,11.0
2812,10,584,111,11.1
2813,10,520,104,10.4
2814,10,620,114,11.4
2815,10,676,121,12.1
2816,9,567,100,11.11111111111111
2817,11,649,119,10.818181818181818
2818,9,568,106,11.777777777777779
2819,10,551,106,10.6
2820,10,524,106,10.6
2821,10,556,100,10.0
2822,10,544,97,9.7
2823,10,320,60,6.0
2824,10,583,114,11.4
2825,10,397,77,7.7
2826,10,546,107,10.7
2827,9,378,77,8.555555555555555
2828,10,590,105,10.5
2829,10,570,107,10.7
2830,10,462,92,9.2
2831,10,408,82,8.2
2832,10,475,90,9.0
2833,10,384,74,7.4
2834,10,416,80,8.0
2835,10,612,111,11.1
2836,9,546,106,11.777777777777779
2837,10,630,110,11.0
2838,10,613,111,11.1
2839,10,544,95,9.5
2840,10,618,124,12.4
2841,10,609,115,11.5
2842,9,575,106,11.777777777777779
2843,10,619,107,10.7
2844,10,620,117,11.7
2845,10,248,42,4.2
2846,10,183,31,3.1
2847,10,220,38,3.8
2848,9,560,107,11.88888888888889
2849,10,588,112,11.2
2850,10,519,99,9.9
2851,10,365,76,7.6
2852,10,534,103,10.3
2853,10,529,103,10.3
2854,10,561,103,10.3
2855,10,620,120,12.0
2856,9,544,100,11.11111111111111
2857,10,600,114,11.4
2858,10,290,64,6.4
2859,10,300,66,6.6
2860,10,588,109,10.9
2861,10,299,65,6.5
2862,9,259,59,6.555555555555555
2863,11,662,127,11.545454545454545
2864,9,516,103,11.444444444444445
2865,10,606,113,11.3
2866,10,584,113,11.3
2867,10,489,93,9.3
2868,10,553,105,10.5
2869,10,617,121,12.1
2870,10,323,62,6.2
2871,10,612,106,10.6
2872,10,577,111,11.1
2873,10,608,123,12.3
2874,10,339,64,6.4
2875,10,323,71,7.1
2876,10,576,105,10.5
2877,10,601,124,12.4
2878,10,598,109,10.9
2879,10,436,77,7.7
2880,10,467,91,9.1
2881,10,617,117,11.7
2882,10,566,117,11.7
2883,9,313,64,7.111111111111111
2884,10,591,116,11.6
2885,10,584,109,10.9
2886,10,600,117,11.7
2887,10,579,121,12.1
2888,10,572,120,12.0
2889,10,529,111,11.1
2890,10,535,104,10.4
2891,10,402,78,7.8
2892,10,403,82,8.2
2893,10,631,126,12.6
2894,10,601,124,12.4
2895,9,538,113,12.555555555555555
2896,10,506,101,10.1
2897,10,569,115,11.5
2898,10,616,106,10.6
2899,10,554,100,10.0
2900,10,590,114,11.4
2901,9,416,90,10.0
2902,10,551,117,11.7
2903,10,401,84,8.4
2904,10,525,109,10.9
2905,10,490,95,9.5
2906,10,631,111,11.1
2907,10,386,75,7.5
2908,10,590,107,10.7
2909,10,579,100,10.0
2910,10,631,109,10.9
2911,10,585,108,10.8
2912,10,618,117,11.7
2913,10,501,103,10.3
2914,10,171,27,2.7
2915,10,492,92,9.2
2916,10,522,102,10.2
2917,10,408,79,7.9
2918,10,419,79,7.9
2919,9,552,105,11.666666666666666
2920,10,634,113,11.3
2921,10,640,125,12.5
2922,10,628,118,11.8
2923,10,601,115,11.5
2924,10,503,100,10.0
2925,10,515,104,10.4
2926,10,546,103,10.3
2927,10,603,122,12.2
2928,10,602,99,9.9
2929,10,610,103,10.3
2930,10,579,105,10.5
2931,9,477,87,9.666666666666666
2932,11,606,119,10.818181818181818
2933,9,445,89,9.88888888888889
2934,10,608,110,11.0
2935,10,189,28,2.8
2936,10,216,37,3.7
2937,10,567,111,11.1
2938,10,579,113,11.3
2939,10,679,123,12.3
2940,10,589,114,11.4
2941,10,619,111,11.1
2942,10,600,117,11.7
2943,9,394,78,8.666666666666666
2944,11,390,76,6.909090909090909
2945,9,392,67,7.444444444444445
2946,10,533,94,9.4
2947,10,499,83,8.3
2948,10,612,110,11.0
2949,10,518,86,8.6
2950,10,509,94,9.4
2951,9,538,95,10.555555555555555
2952,10,627,114,11.4
2953,10,576,110,11.0
2954,10,582,112,11.2
2955,10,561,108,10.8
2956,10,429,88,8.8
2957,10,543,106,10.6
2958,10,429,84,8.4
2959,10,610,126,12.6
2960,10,563,104,10.4
2961,9,501,94,10.444444444444445
2962,10,582,111,11.1
2963,10,579,100,10.0
2964,10,557,102,10.2
2965,10,600,122,12.2
2966,10,376,77,7.7
2967,10,589,114,11.4
2968,10,535,106,10.6
2969,10,584,110,11.0
2970,10,603,114,11.4
2971,10,610,113,11.3
2972,9,339,62,6.888888888888889
2973,10,527,97,9.7
2974,10,377,79,7.9
2975,10,465,90,9.0
2976,10,573,108,10.8
2977,10,466,89,8.9
2978,10,424,79,7.9
2979,10,331,66,6.6
2980,10,574,116,11.6
2981,10,404,75,7.5
2982,10,455,88,8.8
2983,10,448,89,8.9
2984,10,604,114,11.4
2985,9,516,102,11.333333333333334
2986,10,476,92,9.2
2987,10,551,104,10.4
2988,10,507,101,10.1
2989,10,437,84,8.4
2990,10,590,106,10.6
2991,10,621,123,12.3
2992,10,544,101,10.1
2993,10,572,109,10.9
2994,10,518,96,9.6
2995,10,389,75,7.5
2996,10,497,97,9.7
2997,9,426,83,9.222222222222221
2998,11,677,127,11.545454545454545
2999,9,517,103,11.444444444444445
3000,10,578,107,10.7
3001,10,191,29,2.9
3002,10,454,81,8.1
3003,10,375,74,7.4
3004,10,327,56,5.6
3005,10,473,95,9.5
3006,10,619,125,12.5
3007,10,487,99,9.9
3008,9,528,105,11.666666666666666
3009,10,465,91,9.1
3010,10,455,91,9.1
3011,10,518,97,9.7
3012,10,543,113,11.3
3013,10,484,94,9.4
3014,10,388,82,8.2
3015,10,551,104,10.4
3016,10,598,111,11.1
3017,10,477,91,9.1
3018,10,265,52,5.2
3019,10,512,99,9.9
3020,10,580,109,10.9
3021,10,628,121,12.1
3022,10,593,110,11.0
3023,10,664,132,13.2
3024,10,494,101,10.1
3025,10,537,104,10.4
3026,10,589,113,11.3
3027,10,537,102,10.2
3028,10,160,24,2.4
3029,9,260,45,5.0
3030,10,518,97,9.7
3031,11,671,123,11.181818181818182
3032,9,561,103,11.444444444444445
3033,10,588,112,11.2
3034,10,540,103,10.3
3035,10,556,108,10.8
3036,10,621,128,12.8
3037,10,671,128,12.8
3038,10,626,117,11.7
3039,10,589,112,11.2
3040,9,524,100,11.11111111111111
3041,10,626,124,12.4
3042,10,576,110,11.0
3043,10,588,109,10.9
3044,10,601,113,11.3
3045,9,544,107,11.88888888888889
3046,10,623,120,12.0
3047,10,564,101,10.1
3048,10,567,105,10.5
3049,10,619,113,11.3
3050,10,478,93,9.3
3051,10,479,91,9.1
3052,10,529,103,10.3
3053,10,443,91,9.1
3054,10,616,115,11.5
3055,10,575,113,11.3
3056,10,583,111,11.1
3057,10,461,85,8.5
3058,9,384,74,8.222222222222221
3059,10,543,98,9.8
3060,10,636,123,12.3
3061,10,573,115,11.5
3062,10,624,119,11.9
3063,10,565,110,11.0
3064,10,560,102,10.2
3065,10,448,84,8.4
3066,10,525,97,9.7
3067,10,598,112,11.2
3068,10,622,113,11.3
3069,10,586,110,11.0
3070,9,556,101,11.222222222222221
3071,10,622,113,11.3
3072,10,459,84,8.4
3073,10,588,107,10.7
3074,10,479,83,8.3
3075,10,192,32,3.2
3076,10,290,50,5.0
3077,10,528,108,10.8
3078,10,339,69,6.9
3079,10,450,98,9.8
3080,10,489,98,9.8
3081,9,537,113,12.555555555555555
3082,10,475,95,9.5
3083,10,327,67,6.7
3084,10,400,76,7.6
3085,10,586,129,12.9
3086,10,575,121,12.1
3087,10,605,123,12.3
3088,10,592,124,12.4
3089,10,612,130,13.0
3090,10,585,114,11.4
3091,10,549,115,11.5
3092,10,569,117,11.7
3093,10,621,128,12.8
3094,10,616,131,13.1
3095,10,578,119,11.9
3096,9,520,103,11.444444444444445
3097,10,564,119,11.9
3098,10,633,127,12.7
3099,10,599,127,12.7
3100,10,554,114,11.4
3101,10,683,136,13.6
3102,10,594,131,13.1
3103,9,574,113,12.555555555555555
3104,10,543,109,10.9
3105,10,636,129,12.9
3106,10,616,121,12.1
3107,10,544,116,11.6
3108,10,610,135,13.5
3109,10,626,129,12.9
3110,10,538,113,11.3
3111,10,623,126,12.6
3112,10,527,108,10.8
3113,10,603,119,11.9
3114,9,572,124,13.777777777777779
3115,10,617,126,12.6
3116,10,577,116,11.6
3117,10,539,114,11.4
3118,9,558,111,12.333333333333334
3119,10,564,121,12.1
3120,10,636,129,12.9
3121,10,476,106,10.6
3122,10,167,32,3.2
3123,10,211,34,3.4
3124,10,625,117,11.7
3125,10,581,115,11.5
3126,10,631,121,12.1
3127,10,617,118,11.8
3128,10,589,110,11.0
3129,10,624,114,11.4
3130,10,583,111,11.1
3131,10,559,113,11.3
3132,9,553,102,11.333333333333334
3133,10,601,109,10.9
3134,10,576,103,10.3
3135,10,567,106,10.6
3136,10,577,113,11.3
3137,10,639,124,12.4
3138,10,576,113,11.3
3139,10,597,113,11.3
3140,10,527,112,11.2
3141,10,546,108,10.8
3142,10,644,130,13.0
3143,10,482,96,9.6
3144,10,449,87,8.7
3145,10,560,114,11.4
3146,10,516,104,10.4
3147,9,548,113,12.555555555555555
3148,10,622,124,12.4
3149,10,505,102,10.2
3150,10,599,127,12.7
3151,10,535,117,11.7
3152,10,593,126,12.6
3153,9,565,117,13.0
3154,10,534,118,11.8
3155,10,525,106,10.6
3156,10,559,111,11.1
3157,10,589,121,12.1
3158,10,634,121,12.1
3159,9,575,110,12.222222222222221
3160,10,546,111,11.1
3161,10,629,125,12.5
3162,10,603,112,11.2
3163,10,624,114,11.4
3164,10,570,108,10.8
3165,9,557,100,11.11111111111111
3166,10,603,110,11.0
3167,10,620,115,11.5
3168,10,588,112,11.2
3169,10,514,105,10.5
3170,10,587,109,10.9
3171,10,602,121,12.1
3172,10,288,52,5.2
3173,10,166,29,2.9
3174,10,341,65,6.5
3175,9,540,98,10.88888888888889
3176,10,607,107,10.7
3177,10,608,114,11.4
3178,10,563,103,10.3
3179,10,558,106,10.6
3180,11,645,117,10.636363636363637
3181,9,500,94,10.444444444444445
3182,10,631,116,11.6
3183,10,597,109,10.9
3184,10,554,98,9.8
3185,10,526,100,10.0
3186,10,582,116,11.6
3187,10,461,91,9.1
3188,10,576,108,10.8
3189,9,535,103,11.444444444444445
3190,11,619,109,9.909090909090908
3191,9,536,96,10.666666666666666
3192,10,608,108,10.8
3193,10,613,113,11.3
3194,10,610,114,11.4
3195,10,614,114,11.4
3196,10,583,113,11.3
3197,10,535,102,10.2
3198,10,617,118,11.8
3199,9,550,105,11.666666666666666
3200,10,631,122,12.2
3201,10,622,119,11.9
3202,10,601,119,11.9
3203,11,643,124,11.272727272727273
3204,10,369,77,7.7
3205,9,290,63,7.0
3206,10,568,114,11.4
3207,10,572,114,11.4
3208,10,615,119,11.9
3209,10,514,100,10.0
3210,10,612,113,11.3
3211,10,336,71,7.1
3212,10,392,83,8.3
3213,10,629,132,13.2
3214,10,529,108,10.8
3215,9,447,98,10.88888888888889
3216,10,557,103,10.3
3217,10,602,105,10.5
3218,10,595,109,10.9
3219,10,579,108,10.8
3220,10,625,125,12.5
3221,10,522,103,10.3
3222,10,616,117,11.7
3223,10,585,110,11.0
3224,10,608,112,11.2
3225,10,619,118,11.8
3226,10,125,21,2.1
3227,10,166,25,2.5
3228,10,177,25,2.5
3229,10,565,101,10.1
3230,9,551,95,10.555555555555555
3231,10,614,113,11.3
3232,10,583,97,9.7
3233,10,629,127,12.7
3234,10,598,109,10.9
3235,10,561,92,9.2
3236,10,595,105,10.5
3237,10,618,117,11.7
3238,10,636,113,11.3
3239,9,533,102,11.333333333333334
3240,10,593,115,11.5
3241,9,570,102,11.333333333333334
3242,10,585,103,10.3
3243,10,601,113,11.3
3244,10,621,105,10.5
3245,10,604,99,9.9
3246,10,605,110,11.0
3247,10,620,111,11.1
3248,9,457,83,9.222222222222221
3249,10,552,102,10.2
3250,10,573,114,11.4
3251,10,603,102,10.2
3252,10,585,107,10.7
3253,10,624,123,12.3
3254,9,480,96,10.666666666666666
3255,10,634,113,11.3
3256,10,624,117,11.7
3257,10,588,104,10.4
3258,10,628,121,12.1
3259,10,613,110,11.0
3260,10,605,107,10.7
3261,10,622,115,11.5
3262,10,606,116,11.6
3263,10,563,110,11.0
3264,10,460,84,8.4
3265,10,563,101,10.1
3266,10,602,108,10.8
3267,10,611,111,11.1
3268,9,578,112,12.444444444444445
3269,10,630,115,11.5
3270,10,598,106,10.6
3271,9,499,88,9.777777777777779
3272,10,596,114,11.4
3273,10,581,118,11.8
3274,10,621,113,11.3
3275,10,627,112,11.2
3276,10,605,124,12.4
3277,10,571,109,10.9
3278,10,622,118,11.8
3279,10,693,131,13.1
3280,10,580,115,11.5
3281,9,478,89,9.88888888888889
3282,10,595,107,10.7
3283,10,615,124,12.4
3284,10,593,105,10.5
3285,10,622,114,11.4
3286,10,561,110,11.0
3287,9,519,94,10.444444444444445
3288,10,587,112,11.2
3289,11,465,87,7.909090909090909
3290,9,447,90,10.0
3291,10,436,90,9.0
3292,10,642,124,12.4
3293,10,579,111,11.1
3294,10,610,112,11.2
3295,10,583,107,10.7
3296,10,516,97,9.7
3297,10,157,22,2.2
3298,10,159,26,2.6
3299,10,184,30,3.0
3300,10,589,104,10.4
3301,10,584,101,10.1
3302,9,597,110,12.222222222222221
3303,10,608,110,11.0
3304,10,593,108,10.8
3305,10,611,108,10.8
3306,10,596,113,11.3
3307,10,542,103,10.3
3308,9,557,102,11.333333333333334
3309,10,563,105,10.5
3310,10,613,107,10.7
3311,10,596,116,11.6
3312,10,570,107,10.7
3313,10,595,110,11.0
3314,10,566,103,10.3
3315,11,632,113,10.272727272727273
3316,10,633,116,11.6
3317,10,577,108,10.8
3318,10,596,109,10.9
3319,9,523,100,11.11111111111111
3320,10,551,106,10.6
3321,10,494,97,9.7
3322,10,606,122,12.2
3323,9,525,102,11.333333333333334
3324,11,643,125,11.363636363636363
3325,9,554,110,12.222222222222221
3326,10,621,119,11.9
3327,10,511,90,9.0
3328,10,632,121,12.1
3329,10,629,107,10.7
3330,10,568,111,11.1
3331,9,628,109,12.11111111111111
3332,10,626,116,11.6
3333,10,608,112,11.2
3334,10,559,105,10.5
3335,10,461,93,9.3
3336,10,460,92,9.2
3337,10,631,129,12.9
3338,10,587,111,11.1
3339,10,500,95,9.5
3340,9,466,90,10.0
3341,10,613,111,11.1
3342,10,454,90,9.0
3343,10,546,98,9.8
3344,10,409,75,7.5
3345,10,558,106,10.6
3346,10,458,96,9.6
3347,10,683,128,12.8
3348,10,622,111,11.1
3349,9,517,95,10.555555555555555
3350,10,618,120,12.0
3351,10,447,84,8.4
3352,10,601,112,11.2
3353,10,596,117,11.7
3354,10,619,109,10.9
3355,10,551,98,9.8
3356,10,620,109,10.9
3357,10,613,114,11.4
3358,10,435,84,8.4
3359,10,386,76,7.6
3360,9,143,24,2.6666666666666665
3361,10,174,31,3.1
3362,10,316,56,5.6
3363,10,585,120,12.0
3364,10,563,103,10.3
3365,10,574,110,11.0
3366,10,609,124,12.4
3367,10,589,107,10.7
3368,10,594,107,10.7
3369,10,575,116,11.6
3370,10,417,88,8.8
3371,9,265,57,6.333333333333333
3372,10,543,109,10.9
3373,10,561,112,11.2
3374,10,377,82,8.2
3375,10,356,79,7.9
3376,10,157,36,3.6
3377,10,236,53,5.3
3378,10,603,122,12.2
3379,9,446,91,10.11111111111111
3380,10,577,117,11.7
3381,10,456,98,9.8
3382,10,312,70,7.0
3383,10,512,106,10.6
3384,10,618,122,12.2
3385,10,311,65,6.5
3386,10,522,108,10.8
3387,10,591,116,11.6
3388,9,526,104,11.555555555555555
3389,10,616,126,12.6
3390,10,521,103,10.3
3391,10,619,119,11.9
3392,10,571,114,11.4
3393,10,566,113,11.3
3394,10,580,110,11.0
3395,10,624,114,11.4
3396,9,514,100,11.11111111111111
3397,10,624,120,12.0
3398,10,674,124,12.4
3399,10,634,120,12.0
3400,10,534,107,10.7
3401,9,579,103,11.444444444444445
3402,10,571,108,10.8
3403,10,593,113,11.3
3404,10,598,115,11.5
3405,10,567,107,10.7
3406,10,618,114,11.4
3407,10,535,112,11.2
3408,10,590,122,12.2
3409,10,620,117,11.7
3410,10,558,108,10.8
3411,10,596,124,12.4
3412,10,592,113,11.3
3413,10,610,115,11.5
3414,9,582,116,12.88888888888889
3415,10,619,121,12.1
3416,10,551,110,11.0
3417,10,564,112,11.2
3418,10,529,103,10.3
3419,10,603,117,11.7
3420,10,595,111,11.1
3421,10,621,111,11.1
3422,10,623,110,11.0
3423,9,561,107,11.88888888888889
3424,10,588,114,11.4
3425,10,552,112,11.2
3426,10,583,106,10.6
3427,10,473,94,9.4
3428,10,143,22,2.2
3429,9,162,26,2.888888888888889
3430,10,332,66,6.6
3431,10,604,114,11.4
3432,10,631,128,12.8
3433,10,600,113,11.3
3434,9,543,107,11.88888888888889
3435,10,617,109,10.9
3436,10,580,115,11.5
3437,9,454,95,10.555555555555555
3438,10,526,105,10.5
3439,10,519,106,10.6
3440,10,536,103,10.3
3441,10,613,110,11.0
3442,10,607,109,10.9
3443,10,615,115,11.5
3444,9,516,94,10.444444444444445
3445,11,658,120,10.909090909090908
3446,9,538,108,12.0
3447,10,599,112,11.2
3448,10,582,106,10.6
3449,10,603,114,11.4
3450,10,619,117,11.7
3451,10,541,100,10.0
3452,10,612,112,11.2
3453,9,549,101,11.222222222222221
3454,10,555,101,10.1
3455,10,533,90,9.0
3456,10,436,80,8.0
3457,10,445,82,8.2
3458,10,343,65,6.5
3459,9,525,93,10.333333333333334
3460,10,617,112,11.2
3461,10,591,115,11.5
3462,10,564,108,10.8
3463,10,573,109,10.9
3464,10,414,85,8.5
3465,9,433,89,9.88888888888889
3466,10,489,87,8.7
3467,10,388,83,8.3
3468,10,467,90,9.0
3469,10,476,97,9.7
3470,9,549,112,12.444444444444445
3471,10,508,102,10.2
3472,10,405,80,8.0
3473,10,449,96,9.6
3474,10,302,66,6.6
3475,10,422,84,8.4
3476,10,520,105,10.5
3477,10,579,115,11.5
3478,10,484,90,9.0
3479,10,478,89,8.9
3480,10,580,114,11.4
3481,10,505,98,9.8
3482,10,415,88,8.8
3483,10,419,87,8.7
3484,10,415,90,9.0
3485,9,484,97,10.777777777777779
3486,10,621,125,12.5
3487,10,530,107,10.7
3488,10,592,105,10.5
3489,10,624,121,12.1
3490,10,553,103,10.3
3491,10,609,113,11.3
3492,10,642,123,12.3
3493,10,365,65,6.5
3494,9,213,35,3.888888888888889
3495,10,181,28,2.8
3496,10,475,95,9.5
3497,10,583,113,11.3
3498,10,616,119,11.9
3499,10,581,106,10.6
3500,9,450,84,9.333333333333334
3501,10,618,122,12.2
3502,10,603,116,11.6
3503,10,621,120,12.0
3504,10,589,105,10.5
3505,10,622,108,10.8
3506,10,558,106,10.6
3507,10,633,123,12.3
3508,10,621,125,12.5
3509,9,516,103,11.444444444444445
3510,10,591,107,10.7
3511,10,436,89,8.9
3512,9,514,99,11.0
3513,10,587,117,11.7
3514,10,616,122,12.2
3515,10,606,105,10.5
3516,10,624,115,11.5
3517,10,564,104,10.4
3518,10,616,109,10.9
3519,9,526,92,10.222222222222221
3520,10,613,120,12.0
3521,10,548,108,10.8
3522,10,312,65,6.5
3523,10,446,90,9.0
3524,10,591,114,11.4
3525,10,618,115,11.5
3526,10,581,112,11.2
3527,10,682,124,12.4
3528,10,620,106,10.6
3529,10,524,101,10.1
3530,10,571,106,10.6
3531,10,634,113,11.3
3532,10,589,115,11.5
3533,10,630,115,11.5
3534,10,478,93,9.3
3535,10,544,97,9.7
3536,10,608,111,11.1
3537,10,499,102,10.2
3538,9,317,65,7.222222222222222
3539,10,577,104,10.4
3540,10,540,97,9.7
3541,10,592,114,11.4
3542,10,570,105,10.5
3543,10,625,122,12.2
3544,9,397,77,8.555555555555555
3545,10,260,43,4.3
3546,10,436,81,8.1
3547,10,503,92,9.2
3548,10,359,83,8.3
3549,10,417,85,8.5
3550,10,512,103,10.3
3551,10,461,88,8.8
3552,10,591,115,11.5
3553,9,557,106,11.777777777777779
3554,10,622,118,11.8
3555,10,577,111,11.1
3556,10,179,29,2.9
3557,10,187,31,3.1
3558,10,209,34,3.4
3559,10,635,117,11.7
3560,10,629,116,11.6
3561,9,497,94,10.444444444444445
3562,9,548,97,10.777777777777779
3563,10,631,118,11.8
3564,10,592,106,10.6
3565,10,568,109,10.9
3566,10,603,102,10.2
3567,10,571,103,10.3
3568,10,621,119,11.9
3569,10,626,126,12.6
3570,10,573,105,10.5
3571,9,555,102,11.333333333333334
3572,10,612,117,11.7
3573,10,566,103,10.3
3574,10,560,108,10.8
3575,10,577,117,11.7
3576,10,530,98,9.8
3577,10,540,102,10.2
3578,10,522,101,10.1
3579,10,511,95,9.5
3580,10,409,86,8.6
3581,10,346,78,7.8
3582,10,449,98,9.8
3583,10,495,99,9.9
3584,10,292,62,6.2
3585,10,501,104,10.4
3586,9,476,95,10.555555555555555
3587,10,571,112,11.2
3588,10,597,113,11.3
3589,10,578,121,12.1
3590,11,593,111,10.090909090909092
3591,9,462,96,10.666666666666666
3592,10,678,134,13.4
3593,10,603,119,11.9
3594,10,599,125,12.5
3595,10,586,117,11.7
3596,10,492,96,9.6
3597,10,373,80,8.0
3598,10,514,97,9.7
3599,9,484,97,10.777777777777779
3600,11,610,115,10.454545454545455
3601,9,511,101,11.222222222222221
3602,10,528,105,10.5
3603,10,573,109,10.9
3604,10,545,103,10.3
3605,10,593,106,10.6
3606,9,553,112,12.444444444444445
3607,10,562,110,11.0
3608,10,586,113,11.3
3609,10,617,115,11.5
3610,9,509,94,10.444444444444445
3611,11,561,106,9.636363636363637
3612,9,555,106,11.777777777777779
3613,10,624,124,12.4
3614,10,619,122,12.2
3615,10,533,92,9.2
3616,10,141,24,2.4
3617,10,192,30,3.0
3618,9,341,57,6.333333333333333
3619,10,563,111,11.1
3620,10,365,75,7.5
3621,10,303,65,6.5
3622,10,609,116,11.6
3623,10,662,122,12.2
3624,10,574,112,11.2
3625,10,590,115,11.5
3626,10,492,96,9.6
3627,9,551,100,11.11111111111111
3628,10,629,130,13.0
3629,10,546,105,10.5
3630,10,606,117,11.7
3631,10,455,84,8.4
3632,10,459,89,8.9
3633,10,567,107,10.7
3634,10,528,101,10.1
3635,10,601,110,11.0
3636,10,574,111,11.1
3637,10,571,114,11.4
3638,10,443,90,9.0
3639,9,455,91,10.11111111111111
3640,10,472,96,9.6
3641,10,575,119,11.9
3642,10,574,116,11.6
3643,10,477,93,9.3
3644,10,510,106,10.6
3645,10,492,100,10.0
3646,10,473,95,9.5
3647,10,566,117,11.7
3648,9,524,104,11.555555555555555
3649,10,499,109,10.9
3650,10,519,95,9.5
3651,10,434,88,8.8
3652,9,307,57,6.333333333333333
3653,10,393,76,7.6
3654,10,537,104,10.4
3655,10,581,106,10.6
3656,10,592,118,11.8
3657,10,580,112,11.2
3658,10,608,118,11.8
3659,10,548,101,10.1
3660,10,555,105,10.5
3661,10,506,98,9.8
3662,9,569,113,12.555555555555555
3663,10,574,115,11.5
3664,10,596,120,12.0
3665,9,558,108,12.0
3666,10,486,95,9.5
3667,10,306,68,6.8
3668,10,485,101,10.1
3669,10,555,111,11.1
3670,9,543,110,12.222222222222221
3671,9,562,110,12.222222222222221
3672,10,495,106,10.6
3673,9,496,101,11.222222222222221
3674,10,440,90,9.0
3675,10,633,119,11.9
3676,10,394,77,7.7
3677,10,560,115,11.5
3678,10,631,121,12.1
3679,10,285,52,5.2
3680,10,225,37,3.7
3681,10,579,108,10.8
3682,9,639,122,13.555555555555555
3683,10,583,110,11.0
3684,10,460,90,9.0
3685,10,193,42,4.2
3686,9,300,67,7.444444444444445
3687,10,356,74,7.4
3688,10,504,103,10.3
3689,10,623,115,11.5
3690,10,585,108,10.8
3691,10,617,122,12.2
3692,10,586,106,10.6
3693,10,306,68,6.8
3694,9,385,77,8.555555555555555
3695,10,514,95,9.5
3696,10,525,103,10.3
3697,10,541,100,10.0
3698,10,599,116,11.6
3699,10,576,105,10.5
3700,9,532,96,10.666666666666666
3701,10,477,87,8.7
3702,10,565,112,11.2
3703,10,437,88,8.8
3704,10,339,61,6.1
3705,10,597,122,12.2
3706,10,512,96,9.6
3707,10,599,115,11.5
3708,10,617,120,12.0
3709,9,537,101,11.222222222222221
3710,11,624,120,10.909090909090908
3711,10,529,96,9.6
3712,10,618,116,11.6
3713,9,236,39,4.333333333333333
3714,10,201,32,3.2
3715,10,357,63,6.3
3716,10,589,121,12.1
3717,10,447,83,8.3
3718,9,415,78,8.666666666666666
3719,11,597,117,10.636363636363637
3720,10,490,107,10.7
3721,9,414,86,9.555555555555555
3722,10,582,122,12.2
3723,10,498,102,10.2
3724,9,392,79,8.777777777777779
3725,10,561,113,11.3
3726,10,567,113,11.3
3727,10,443,90,9.0
3728,9,512,98,10.88888888888889
3729,10,402,83,8.3
3730,10,463,97,9.7
3731,10,584,115,11.5
3732,10,616,115,11.5
3733,10,578,109,10.9
3734,9,552,106,11.777777777777779
3735,10,611,124,12.4
3736,10,569,114,11.4
3737,10,571,109,10.9
3738,10,579,121,12.1
3739,10,580,123,12.3
3740,9,516,96,10.666666666666666
3741,10,625,129,12.9
3742,11,629,121,11.0
3743,9,566,108,12.0
3744,10,590,120,12.0
3745,10,590,115,11.5
3746,10,599,118,11.8
3747,10,572,106,10.6
3748,10,569,106,10.6
3749,10,570,113,11.3
3750,10,608,117,11.7
3751,9,508,105,11.666666666666666
3752,10,569,117,11.7
3753,10,378,70,7.0
3754,10,159,26,2.6
3755,10,264,45,4.5
3756,10,601,121,12.1
3757,10,628,121,12.1
3758,9,532,102,11.333333333333334
3759,10,551,112,11.2
3760,10,602,112,11.2
3761,10,626,116,11.6
3762,10,637,123,12.3
3763,10,523,101,10.1
3764,9,279,55,6.111111111111111
3765,11,346,74,6.7272727272727275
3766,10,457,100,10.0
3767,10,406,86,8.6
3768,10,375,80,8.0
3769,9,303,61,6.777777777777778
3770,9,215,43,4.777777777777778
3771,11,457,95,8.636363636363637
3772,9,396,82,9.11111111111111
3773,9,402,80,8.88888888888889
3774,10,260,60,6.0
3775,10,293,63,6.3
3776,10,508,102,10.2
3777,10,597,127,12.7
3778,10,482,95,9.5
3779,10,441,89,8.9
3780,10,468,97,9.7
3781,9,468,96,10.666666666666666
3782,10,623,124,12.4
3783,10,668,120,12.0
3784,10,574,108,10.8
3785,10,605,114,11.4
3786,10,457,92,9.2
3787,10,544,108,10.8
3788,9,475,88,9.777777777777779
3789,10,612,119,11.9
3790,10,576,110,11.0
3791,9,567,113,12.555555555555555
3792,10,592,113,11.3
3793,10,458,97,9.7
3794,10,465,90,9.0
3795,10,490,105,10.5
3796,10,504,97,9.7
3797,10,450,94,9.4
3798,10,357,78,7.8
3799,10,439,93,9.3
3800,10,625,119,11.9
3801,9,537,100,11.11111111111111
3802,10,567,105,10.5
3803,10,589,117,11.7
3804,10,605,127,12.7
3805,10,663,123,12.3
3806,9,508,99,11.0
3807,10,549,110,11.0
3808,10,531,105,10.5
3809,9,417,80,8.88888888888889
3810,10,491,103,10.3
3811,10,607,123,12.3
3812,9,482,90,10.0
3813,10,459,89,8.9
3814,10,498,112,11.2
3815,10,623,122,12.2
3816,10,576,107,10.7
3817,10,526,99,9.9
3818,10,587,115,11.5
3819,10,390,80,8.0
3820,10,540,106,10.6
3821,9,553,103,11.444444444444445
3822,10,551,102,10.2
3823,10,522,103,10.3
3824,10,615,120,12.0
3825,8,404,77,9.625
4529,27,57319,9559,354.037037037037
4893,8,602,69,8.625
4894,20,1501,82,4.1
4895,19,1425,64,3.3684210526315788
4896,20,1500,93,4.65
4897,19,1212,90,4.7368421052631575
4898,17,514,87,5.117647058823529
4899,17,724,93,5.470588235294118
4900,18,590,85,4.722222222222222
4901,17,436,65,3.823529411764706
4902,18,587,87,4.833333333333333
4903,17,655,117,6.882352941176471
4904,13,537,83,6.384615384615385
4905,14,423,59,4.214285714285714
4906,17,785,125,7.352941176470588
4907,14,240,35,2.5
4908,16,197,31,1.9375
4909,12,238,35,2.9166666666666665
4910,17,599,90,5.294117647058823
4911,14,367,59,4.214285714285714
4912,12,280,42,3.5
4913,13,561,85,6.538461538461538
4914,11,225,32,2.909090909090909
4915,11,191,29,2.6363636363636362
4916,18,781,142,7.888888888888889
4917,18,821,138,7.666666666666667
4918,18,773,129,7.166666666666667
4919,18,810,132,7.333333333333333
4920,17,464,74,4.352941176470588
4921,18,334,37,2.0555555555555554
4922,20,449,55,2.75
4923,20,472,48,2.4
4924,20,386,46,2.3
4925,19,666,101,5.315789473684211
4926,16,673,111,6.9375
4927,19,921,157,8.263157894736842
4928,19,736,125,6.578947368421052
4929,13,462,64,4.923076923076923
4930,16,668,112,7.0
4931,13,509,88,6.769230769230769
4932,18,818,143,7.944444444444445
4933,15,631,108,7.2
4934,15,713,121,8.066666666666666
4935,17,824,158,9.294117647058824
4936,17,696,124,7.294117647058823
4937,16,529,97,6.0625
4938,15,564,98,6.533333333333333
4939,16,553,92,5.75
4940,15,790,137,9.133333333333333
4941,14,740,122,8.714285714285714
4942,14,539,87,6.214285714285714
4943,13,577,95,7.3076923076923075
4944,17,868,157,9.235294117647058
4945,15,463,80,5.333333333333333
4946,15,617,110,7.333333333333333
4947,16,734,131,8.1875
4948,15,733,129,8.6
4949,16,821,137,8.5625
4950,14,606,105,7.5
4951,17,650,118,6.9411764705882355
4952,17,776,131,7.705882352941177
4953,17,823,133,7.823529411764706
4954,17,798,134,7.882352941176471
4955,15,837,140,9.333333333333334
4956,15,932,153,10.2
4957,16,593,95,5.9375
4958,16,644,109,6.8125
4959,12,395,76,6.333333333333333
4960,13,574,106,8.153846153846153
4961,18,571,99,5.5
4962,18,788,137,7.611111111111111
4963,17,856,157,9.235294117647058
4964,16,634,116,7.25
4965,12,540,93,7.75
4966,18,701,134,7.444444444444445
4967,17,791,144,8.470588235294118
4968,13,699,125,9.615384615384615
4969,15,625,105,7.0
4970,16,669,114,7.125
4971,19,837,160,8.421052631578947
4972,17,597,102,6.0
4973,17,504,77,4.529411764705882
4974,18,730,131,7.277777777777778
4975,14,816,150,10.714285714285714
4976,14,637,116,8.285714285714286
4977,16,671,123,7.6875
4978,11,543,96,8.727272727272727
4979,17,653,118,6.9411764705882355
4980,17,621,116,6.823529411764706
4981,15,759,130,8.666666666666666
4982,18,735,144,8.0
4983,18,856,151,8.38888888888889
4984,15,532,89,5.933333333333334
4985,15,618,107,7.133333333333334
4986,11,410,70,6.363636363636363
4987,17,691,119,7.0
4988,15,544,95,6.333333333333333
4989,16,788,135,8.4375
4990,13,602,113,8.692307692307692
4991,18,701,125,6.944444444444445
4992,14,585,105,7.5
4993,17,806,150,8.823529411764707
4994,16,562,84,5.25
4995,15,742,133,8.866666666666667
4996,16,583,106,6.625
4997,16,642,113,7.0625
4998,11,520,91,8.272727272727273
4999,18,768,134,7.444444444444445
5000,16,763,143,8.9375
5001,15,589,107,7.133333333333334
5002,14,552,94,6.714285714285714
5003,15,503,86,5.733333333333333
5004,15,614,107,7.133333333333334
5005,15,606,109,7.266666666666667
5006,15,660,126,8.4
5007,16,841,162,10.125
5008,17,603,109,6.411764705882353
5009,15,696,121,8.066666666666666
5010,15,696,132,8.8
5011,14,745,139,9.928571428571429
5012,18,654,131,7.277777777777778
5013,14,646,113,8.071428571428571
5014,15,596,105,7.0
5015,16,743,131,8.1875
5016,13,584,105,8.076923076923077
5017,15,653,115,7.666666666666667
5018,15,755,141,9.4
5019,18,587,110,6.111111111111111
5020,19,884,140,7.368421052631579
5021,15,695,128,8.533333333333333
5022,15,577,108,7.2
5023,19,901,178,9.368421052631579
5024,18,571,98,5.444444444444445
5025,14,649,112,8.0
5026,18,715,135,7.5
5027,18,640,119,6.611111111111111
5028,19,1095,202,10.631578947368421
5029,14,621,105,7.5
5030,14,657,126,9.0
5031,15,722,122,8.133333333333333
5032,14,801,129,9.214285714285714
5033,17,749,128,7.529411764705882
5034,17,679,129,7.588235294117647
5035,16,813,141,8.8125
5036,15,632,107,7.133333333333334
5037,18,672,122,6.777777777777778
5038,16,782,142,8.875
5039,13,679,119,9.153846153846153
5040,14,654,115,8.214285714285714
5041,16,606,104,6.5
5042,15,606,109,7.266666666666667
5043,15,804,150,10.0
5044,18,852,155,8.61111111111111
5045,15,687,131,8.733333333333333
5046,13,563,105,8.076923076923077
5047,14,727,133,9.5
5048,13,711,125,9.615384615384615
5049,16,753,132,8.25
5050,16,779,139,8.6875
5051,14,682,110,7.857142857142857
5052,17,767,140,8.235294117647058
5053,13,603,104,8.0
5054,13,522,86,6.615384615384615
5055,14,626,112,8.0
5056,15,514,84,5.6
5057,18,961,166,9.222222222222221
5058,17,1014,159,9.352941176470589
5059,19,727,124,6.526315789473684
5060,15,483,73,4.866666666666666
5061,16,704,115,7.1875
5062,14,644,115,8.214285714285714
5063,14,698,120,8.571428571428571
5064,16,886,168,10.5
5065,14,660,120,8.571428571428571
5066,16,688,124,7.75
5067,16,557,98,6.125
5068,14,684,119,8.5
5069,15,824,158,10.533333333333333
5070,15,628,99,6.6
5071,14,586,101,7.214285714285714
5072,15,801,131,8.733333333333333
5073,18,806,131,7.277777777777778
5074,14,415,65,4.642857142857143
5075,19,756,136,7.157894736842105
5076,17,483,82,4.823529411764706
5077,16,757,134,8.375
5078,16,855,150,9.375
5079,17,897,154,9.058823529411764
5080,18,944,168,9.333333333333334
5081,15,721,117,7.8
5082,14,594,99,7.071428571428571
5083,14,619,112,8.0
5084,15,559,94,6.266666666666667
5085,20,788,150,7.5
5086,17,797,142,8.352941176470589
5087,18,875,164,9.11111111111111
5088,12,398,78,6.5
5089,15,847,167,11.133333333333333
5090,15,764,145,9.666666666666666
5091,16,782,154,9.625
5092,15,706,130,8.666666666666666
5093,17,731,145,8.529411764705882
5094,17,676,114,6.705882352941177
5095,13,628,112,8.615384615384615
5096,12,563,106,8.833333333333334
5097,16,861,152,9.5
5098,12,541,91,7.583333333333333
5099,13,645,115,8.846153846153847
5100,14,581,103,7.357142857142857
5101,13,659,122,9.384615384615385
5102,15,700,127,8.466666666666667
5103,14,668,129,9.214285714285714
5104,15,802,150,10.0
5105,15,845,163,10.866666666666667
5106,16,835,158,9.875
5107,14,551,102,7.285714285714286
5108,17,930,168,9.882352941176471
5109,14,795,147,10.5
5110,14,602,100,7.142857142857143
5111,18,898,141,7.833333333333333
5112,16,734,140,8.75
5113,19,956,178,9.368421052631579
5114,15,459,78,5.2
5115,16,479,84,5.25
5116,16,484,80,5.0
5117,17,678,116,6.823529411764706
5118,19,941,152,8.0
5119,17,909,167,9.823529411764707
5120,18,771,130,7.222222222222222
5121,16,719,126,7.875
5122,17,703,124,7.294117647058823
5123,18,783,128,7.111111111111111
5124,16,667,119,7.4375
5125,17,776,130,7.647058823529412
5126,18,770,141,7.833333333333333
5127,18,957,178,9.88888888888889
5128,17,741,131,7.705882352941177
5129,14,549,96,6.857142857142857
5130,16,726,136,8.5
5131,14,718,125,8.928571428571429
5132,16,706,124,7.75
5133,19,894,162,8.526315789473685
5134,17,913,157,9.235294117647058
5135,15,661,120,8.0
5136,16,850,155,9.6875
5137,17,615,109,6.411764705882353
5138,17,858,153,9.0
5139,18,835,148,8.222222222222221
5140,15,568,95,6.333333333333333
5141,15,784,145,9.666666666666666
5142,18,732,139,7.722222222222222
5143,18,754,136,7.555555555555555
5144,17,717,121,7.117647058823529
5145,14,690,124,8.857142857142858
5146,16,670,120,7.5
5147,18,890,165,9.166666666666666
5148,18,678,125,6.944444444444445
5149,15,734,116,7.733333333333333
5150,14,566,102,7.285714285714286
5151,17,662,123,7.235294117647059
5152,18,1071,230,12.777777777777779
5153,14,553,101,7.214285714285714
5154,15,717,139,9.266666666666667
5155,18,527,97,5.388888888888889
5156,18,1021,197,10.944444444444445
5157,14,651,139,9.928571428571429
5158,16,712,139,8.6875
5159,15,620,128,8.533333333333333
5160,15,701,125,8.333333333333334
5161,19,882,170,8.947368421052632
5162,15,707,137,9.133333333333333
5163,18,869,166,9.222222222222221
5164,16,649,122,7.625
5165,15,773,133,8.866666666666667
5166,17,479,90,5.294117647058823
5167,17,638,117,6.882352941176471
5168,15,629,112,7.466666666666667
5169,16,926,176,11.0
5170,17,518,84,4.9411764705882355
5171,18,985,167,9.277777777777779
5172,13,597,109,8.384615384615385
5173,18,1012,187,10.38888888888889
5174,14,568,94,6.714285714285714
5175,13,587,105,8.076923076923077
5176,13,580,110,8.461538461538462
5177,13,680,129,9.923076923076923
5178,14,676,128,9.142857142857142
5179,16,836,158,9.875
5180,15,476,96,6.4
5181,16,712,143,8.9375
5182,15,683,139,9.266666666666667
5183,15,725,138,9.2
5184,14,645,109,7.785714285714286
5185,16,734,131,8.1875
5186,17,622,109,6.411764705882353
5187,17,690,118,6.9411764705882355
5188,14,641,111,7.928571428571429
5189,14,622,103,7.357142857142857
5190,16,860,160,10.0
5191,15,773,132,8.8
5192,20,907,169,8.45
5193,15,819,147,9.8
5194,15,609,106,7.066666666666666
5195,17,829,146,8.588235294117647
5196,14,598,102,7.285714285714286
5197,18,817,149,8.277777777777779
5198,15,764,134,8.933333333333334
5199,13,638,112,8.615384615384615
5200,15,579,104,6.933333333333334
5201,15,609,110,7.333333333333333
5202,17,675,122,7.176470588235294
5203,16,616,105,6.5625
5204,18,957,172,9.555555555555555
5205,16,688,126,7.875
5206,17,888,169,9.941176470588236
5207,18,1034,183,10.166666666666666
5208,19,1156,200,10.526315789473685
5209,17,659,125,7.352941176470588
5210,18,726,130,7.222222222222222
5211,15,742,141,9.4
5212,17,835,153,9.0
5213,16,688,117,7.3125
5214,17,729,134,7.882352941176471
5215,16,635,120,7.5
5216,17,846,151,8.882352941176471
5217,19,846,176,9.263157894736842
5218,17,932,155,9.117647058823529
5219,17,875,150,8.823529411764707
5220,18,834,149,8.277777777777779
5221,17,609,110,6.470588235294118
5222,17,971,160,9.411764705882353
5223,16,868,159,9.9375
5224,17,677,119,7.0
5225,17,914,181,10.647058823529411
5226,17,734,138,8.117647058823529
5227,16,819,164,10.25
5228,15,750,141,9.4
5229,17,686,123,7.235294117647059
5230,15,695,129,8.6
5231,19,789,137,7.2105263157894735
5232,14,607,114,8.142857142857142
5233,14,575,103,7.357142857142857
5234,17,935,173,10.176470588235293
5235,14,610,115,8.214285714285714
5236,14,856,157,11.214285714285714
5237,17,588,103,6.0588235294117645
5238,16,645,113,7.0625
5239,16,602,108,6.75
5240,17,870,156,9.176470588235293
5241,15,694,120,8.0
5242,17,674,127,7.470588235294118
5243,14,569,102,7.285714285714286
5244,15,575,105,7.0
5245,15,673,122,8.133333333333333
5246,18,966,185,10.277777777777779
5247,15,684,129,8.6
5248,16,865,155,9.6875
5249,13,712,121,9.307692307692308
5250,17,659,117,6.882352941176471
5251,15,741,123,8.2
5252,15,646,112,7.466666666666667
5253,17,765,96,5.647058823529412
5254,17,569,93,5.470588235294118
5255,17,689,119,7.0
5256,16,805,136,8.5
5257,17,517,97,5.705882352941177
5258,17,672,115,6.764705882352941
5259,17,799,141,8.294117647058824
5260,16,765,132,8.25
5261,15,582,103,6.866666666666666
5262,17,844,152,8.941176470588236
5263,14,721,134,9.571428571428571
5264,18,720,138,7.666666666666667
5265,14,673,125,8.928571428571429
5266,18,639,114,6.333333333333333
5267,16,611,114,7.125
5268,17,590,99,5.823529411764706
5269,15,725,132,8.8
5270,16,871,162,10.125
5271,15,713,128,8.533333333333333
5272,16,749,141,8.8125
5273,15,567,100,6.666666666666667
5274,17,744,131,7.705882352941177
5275,18,663,122,6.777777777777778
5276,19,755,123,6.473684210526316
5277,16,564,95,5.9375
5278,16,594,101,6.3125
5279,16,733,126,7.875
5280,15,746,136,9.066666666666666
5281,19,824,153,8.052631578947368
5282,17,1049,192,11.294117647058824
5283,17,630,116,6.823529411764706
5284,18,538,90,5.0
5285,19,717,122,6.421052631578948
5286,17,835,146,8.588235294117647
5287,15,724,125,8.333333333333334
5288,19,672,122,6.421052631578948
5289,14,720,124,8.857142857142858
5290,14,588,98,7.0
5291,11,477,96,8.727272727272727
5292,11,513,88,8.0
5293,15,850,162,10.8
5294,13,605,120,9.23076923076923
5295,16,728,134,8.375
5296,14,753,138,9.857142857142858
5297,15,808,145,9.666666666666666
5298,16,888,162,10.125
5299,15,822,154,10.266666666666667
5300,15,767,139,9.266666666666667
5301,14,717,133,9.5
5302,14,758,132,9.428571428571429
5303,13,635,110,8.461538461538462
5304,16,900,157,9.8125
5305,15,835,153,10.2
5306,13,759,137,10.538461538461538
5307,16,881,152,9.5
5308,13,676,104,8.0
5309,15,537,95,6.333333333333333
5310,16,603,107,6.6875
5311,17,860,150,8.823529411764707
5312,17,806,145,8.529411764705882
5313,16,685,117,7.3125
5314,16,658,116,7.25
5315,17,708,130,7.647058823529412
5316,15,659,116,7.733333333333333
5317,15,650,127,8.466666666666667
5318,14,551,94,6.714285714285714
5319,16,827,140,8.75
5320,18,780,135,7.5
5321,17,554,95,5.588235294117647
5322,15,918,150,10.0
5323,18,745,135,7.5
5324,16,868,150,9.375
5325,15,571,97,6.466666666666667
5326,15,669,114,7.6
5327,16,752,131,8.1875
5328,17,952,172,10.117647058823529
5329,16,730,130,8.125
5330,19,987,184,9.68421052631579
5331,15,726,135,9.0
5332,14,707,123,8.785714285714286
5333,17,682,123,7.235294117647059
5334,14,664,113,8.071428571428571
5335,16,694,116,7.25
5336,18,802,148,8.222222222222221
5337,17,964,168,9.882352941176471
5338,17,603,110,6.470588235294118
5339,14,707,123,8.785714285714286
5340,18,746,133,7.388888888888889
5341,15,622,105,7.0
5342,17,671,115,6.764705882352941
5343,17,886,160,9.411764705882353
5344,14,731,134,9.571428571428571
5345,16,745,129,8.0625
5346,17,854,147,8.647058823529411
5347,12,517,89,7.416666666666667
5348,12,475,86,7.166666666666667
5349,12,510,95,7.916666666666667
5350,13,542,85,6.538461538461538
5351,13,645,109,8.384615384615385
5352,16,753,141,8.8125
5353,14,598,104,7.428571428571429
5354,16,809,154,9.625
5355,18,858,129,7.166666666666667
5356,15,790,142,9.466666666666667
5357,17,787,141,8.294117647058824
5358,15,823,150,10.0
5359,18,778,129,7.166666666666667
5360,16,748,127,7.9375
5361,16,735,128,8.0
5362,14,712,127,9.071428571428571
5363,16,763,141,8.8125
5364,17,815,143,8.411764705882353
5365,12,520,84,7.0
5366,18,955,161,8.944444444444445
5367,14,690,117,8.357142857142858
5368,20,1033,188,9.4
5369,18,1144,218,12.11111111111111
5370,16,877,169,10.5625
5371,19,1084,204,10.736842105263158
5372,18,797,136,7.555555555555555
5373,20,1327,246,12.3
5374,16,1037,183,11.4375
5375,16,805,140,8.75
5376,19,1106,200,10.526315789473685
5377,19,742,133,7.0
5378,19,911,169,8.894736842105264
5379,17,766,142,8.352941176470589
5380,19,958,177,9.31578947368421
5381,17,878,168,9.882352941176471
5382,17,690,121,7.117647058823529
5383,17,1020,192,11.294117647058824
5384,17,931,172,10.117647058823529
5385,16,674,125,7.8125
5386,18,716,137,7.611111111111111
5387,18,957,162,9.0
5388,15,816,138,9.2
5389,19,682,110,5.7894736842105265
5390,16,387,69,4.3125
5391,18,742,121,6.722222222222222
5392,16,802,131,8.1875
5393,16,643,116,7.25
5394,18,904,154,8.555555555555555
5395,16,534,91,5.6875
5396,17,537,98,5.764705882352941
5397,15,712,136,9.066666666666666
5398,17,516,80,4.705882352941177
5399,16,633,111,6.9375
5400,15,595,116,7.733333333333333
5401,17,631,107,6.294117647058823
5402,17,530,95,5.588235294117647
5403,16,458,89,5.5625
5404,17,660,116,6.823529411764706
5405,17,642,122,7.176470588235294
5406,19,617,103,5.421052631578948
5407,16,573,109,6.8125
5408,17,699,123,7.235294117647059
5409,16,718,123,7.6875
5410,16,632,100,6.25
5411,18,820,119,6.611111111111111
5412,18,748,119,6.611111111111111
5413,18,714,117,6.5
5414,18,675,108,6.0
5415,17,748,145,8.529411764705882
5416,17,715,125,7.352941176470588
5417,17,665,117,6.882352941176471
5418,19,783,130,6.842105263157895
5419,19,606,105,5.526315789473684
5420,16,718,120,7.5
5421,18,694,111,6.166666666666667
5422,19,698,116,6.105263157894737
5423,18,643,105,5.833333333333333
5424,10,456,75,7.5
5425,11,433,77,7.0
5426,11,531,86,7.818181818181818
5427,15,834,137,9.133333333333333
5428,16,913,155,9.6875
5429,12,456,90,7.5
5430,14,731,129,9.214285714285714
5431,15,765,135,9.0
5432,16,762,130,8.125
5433,17,627,116,6.823529411764706
5434,19,1012,181,9.526315789473685
5435,16,786,131,8.1875
5436,17,577,96,5.647058823529412
5437,18,637,93,5.166666666666667
5438,16,682,113,7.0625
5439,17,775,132,7.764705882352941
5440,17,811,147,8.647058823529411
5441,15,517,83,5.533333333333333
5442,15,766,142,9.466666666666667
5443,14,521,92,6.571428571428571
5444,19,828,157,8.263157894736842
5445,19,1034,190,10.0
5446,16,841,150,9.375
5447,16,879,163,10.1875
5448,18,568,96,5.333333333333333
5449,17,869,140,8.235294117647058
5450,19,916,151,7.947368421052632
5451,16,704,123,7.6875
5452,17,438,77,4.529411764705882
5453,17,837,147,8.647058823529411
5454,17,706,122,7.176470588235294
5455,13,609,111,8.538461538461538
5456,12,560,103,8.583333333333334
5458,27,57319,9559,354.037037037037
5520,5,99,16,3.2
5521,8,196,32,4.0
5522,10,227,36,3.6
5523,10,250,41,4.1
5524,10,262,45,4.5
5525,10,246,40,4.0
5526,10,371,66,6.6
5527,10,321,60,6.0
5528,10,365,66,6.6
5529,10,307,50,5.0
5530,10,304,53,5.3
5531,10,344,60,6.0
5532,10,315,52,5.2
5533,10,346,57,5.7
5534,10,284,49,4.9
5535,8,1306,226,28.25
5536,15,1018,165,11.0
5537,11,2666,484,44.0
5538,12,1148,203,16.916666666666668
5539,15,1000,176,11.733333333333333
5540,15,1984,378,25.2
5541,12,1509,279,23.25
5542,13,1403,247,19.0
5543,16,1145,208,13.0
5544,16,1018,189,11.8125
5545,13,2476,430,33.07692307692308
5546,17,1482,261,15.352941176470589
5547,10,2314,406,40.6
5548,10,1900,344,34.4
5549,10,9143,1703,170.3
5550,8,4139,746,93.25
5551,9,5681,1051,116.77777777777777
5552,9,5942,1051,116.77777777777777
5553,10,1801,344,34.4
5554,10,5823,1101,110.1
5555,10,2035,389,38.9
5556,10,3465,684,68.4
5557,10,8425,1608,160.8
5558,10,3230,602,60.2
5559,8,2013,392,49.0
5560,8,8463,1554,194.25
5561,8,3932,714,89.25
5562,10,4799,835,83.5
5563,8,3238,569,71.125
5564,8,5929,1057,132.125
5565,8,2482,455,56.875
5566,16,546,109,6.8125
5567,12,10376,1903,158.58333333333334
5568,10,7804,1477,147.7
5569,8,6480,1161,145.125
5570,8,6146,1146,143.25
5571,8,4653,854,106.75
5572,8,5254,933,116.625
5573,9,4629,839,93.22222222222223
5574,6,4330,767,127.83333333333333
5575,11,3471,660,60.0
5576,8,3934,708,88.5
5577,10,6362,1143,114.3
5578,10,1331,250,25.0
5579,10,1715,343,34.3
5580,10,2246,433,43.3
5581,10,5941,1021,102.1
5582,10,4206,786,78.6
5583,10,3013,567,56.7
5584,10,3955,779,77.9
5585,8,4240,779,97.375
5586,10,2451,473,47.3
5587,10,4714,893,89.3
5588,8,2440,441,55.125
5589,10,2564,461,46.1
5590,10,2666,493,49.3
5591,8,2551,465,58.125
5592,10,1050,201,20.1
5593,10,1624,322,32.2
5594,10,1647,338,33.8
5595,8,4973,902,112.75
5596,8,2233,418,52.25
5597,10,744,132,13.2
5598,10,2198,408,40.8
5599,10,2005,360,36.0
5600,8,1375,251,31.375
5601,10,4429,813,81.3
5602,12,3905,724,60.333333333333336
5603,5,2167,376,75.2
5604,11,6823,1175,106.81818181818181
5605,10,1799,316,31.6
5606,8,2645,484,60.5
5607,7,7019,1235,176.42857142857142
5608,9,6551,1175,130.55555555555554
5609,8,10404,1844,230.5
5610,8,4254,756,94.5
5611,8,4295,860,107.5
5612,8,4350,869,108.625
5613,8,2454,421,52.625
5614,10,6269,1107,110.7
5615,10,8455,1450,145.0
5616,10,6705,1191,119.1
5617,10,5564,990,99.0
5618,8,5974,1012,126.5
5619,8,7520,1346,168.25
5620,8,6265,1110,138.75
5621,11,13508,2415,219.54545454545453
5622,8,1926,359,44.875
5623,10,1445,256,25.6
5624,10,2226,400,40.0
5625,10,2776,520,52.0
5626,10,5377,973,97.3
5627,8,2796,488,61.0
5628,8,4597,886,110.75
5629,9,1427,287,31.88888888888889
5630,12,536,91,7.583333333333333
5631,13,1721,337,25.923076923076923
5632,10,1599,305,30.5
5633,10,2266,423,42.3
5634,10,1106,202,20.2
5635,8,1511,287,35.875
5636,10,7968,1364,136.4
5637,10,6839,1184,118.4
5638,8,7861,1397,174.625
5639,10,9033,1554,155.4
5640,10,5824,1011,101.1
5641,9,5484,965,107.22222222222223
5642,9,1062,197,21.88888888888889
5643,8,1827,332,41.5
5644,16,2267,390,24.375
5645,8,9089,1578,197.25
5646,10,8772,1563,156.3
5647,10,6759,1198,119.8
5648,8,8372,1459,182.375
5649,8,4922,847,105.875
5650,10,1963,353,35.3
5651,8,2259,394,49.25
5652,10,3486,647,64.7
5653,10,4676,847,84.7
5654,10,5306,947,94.7
5655,10,3978,712,71.2
5656,8,4676,867,108.375
5657,8,2885,529,66.125
5658,7,5494,984,140.57142857142858
5659,10,6247,1101,110.1
5660,9,5316,954,106.0
5661,7,3981,708,101.14285714285714
5662,8,6564,1170,146.25
5663,10,9425,1670,167.0
5664,10,5817,1058,105.8
5665,10,3384,566,56.6
5666,10,5163,932,93.2
5667,10,3116,573,57.3
5668,10,4131,763,76.3
5669,10,3720,691,69.1
5670,10,1831,355,35.5
5671,10,4894,893,89.3
5672,10,1694,305,30.5
5673,10,1260,235,23.5
5674,8,4953,881,110.125
5675,8,6220,1099,137.375
5676,9,7565,1332,148.0
5677,9,4002,711,79.0
5678,8,2774,478,59.75
5679,8,4516,805,100.625
5680,10,3445,604,60.4
5681,8,3142,563,70.375
5682,8,6965,1272,159.0
5683,10,4122,750,75.0
5684,10,5391,978,97.8
5685,8,3862,698,87.25
5686,8,3615,623,77.875
5687,8,4262,786,98.25
5688,10,5388,976,97.6
5689,10,1918,381,38.1
5690,9,980,173,19.22222222222222
5691,10,1237,241,24.1
5692,10,2157,438,43.8
5693,8,3331,610,76.25
5694,8,6037,1094,136.75
5695,6,4406,785,130.83333333333334
5696,8,6738,1209,151.125
5697,8,2525,451,56.375
5698,10,4715,842,84.2
5699,8,3199,568,71.0
5700,10,4619,799,79.9
5701,10,4665,832,83.2
5702,8,4880,890,111.25
5703,10,4420,789,78.9
5704,8,1301,257,32.125
5705,9,4162,774,86.0
5706,11,2332,468,42.54545454545455
5707,9,1347,276,30.666666666666668
5708,11,2885,566,51.45454545454545
5709,8,4051,749,93.625
5710,8,5435,995,124.375
5711,9,5485,1005,111.66666666666667
5712,8,6364,1131,141.375
5713,8,3610,620,77.5
5714,8,4815,869,108.625
5715,9,4629,838,93.11111111111111
5716,7,5371,952,136.0
5717,8,5137,917,114.625
5718,10,2387,433,43.3
5719,10,4438,840,84.0
5720,10,6087,1117,111.7
5721,10,5549,1009,100.9
5722,9,5876,1060,117.77777777777777
5723,8,5112,926,115.75
5724,8,5901,1038,129.75
5725,8,4371,767,95.875
5726,8,6342,1144,143.0
5727,8,5585,1028,128.5
5728,10,6447,1144,114.4
5729,8,6259,1094,136.75
5730,11,8260,1440,130.9090909090909
5731,9,10075,1766,196.22222222222223
5732,10,5778,1013,101.3
5733,8,4148,708,88.5
5734,8,4223,724,90.5
5735,10,4570,803,80.3
5736,8,3452,626,78.25
5737,10,3031,551,55.1
5738,10,2717,495,49.5
5739,8,3695,693,86.625
5740,10,1676,312,31.2
5741,10,2304,445,44.5
5742,10,2798,502,50.2
5743,10,2344,436,43.6
5744,8,3538,626,78.25
5745,8,6247,1117,139.625
5746,10,6138,1102,110.2
5747,8,3507,624,78.0
5748,8,4823,865,108.125
5749,8,4256,753,94.125
5750,8,7751,1406,175.75
5751,8,3076,561,70.125
5752,7,4919,877,125.28571428571429
5753,10,9012,1686,168.6
5754,10,2579,522,52.2
5755,9,2916,544,60.44444444444444
5756,10,3019,563,56.3
5757,10,4866,931,93.1
5758,10,3687,712,71.2
5759,8,2304,417,52.125
5760,10,7345,1325,132.5
5761,8,4288,768,96.0
5762,9,6230,1095,121.66666666666667
5763,9,3905,704,78.22222222222223
5764,8,4807,835,104.375
5765,7,4830,847,121.0
5766,11,6135,1084,98.54545454545455
5767,8,4221,728,91.0
5768,8,6013,1033,129.125
5769,8,6207,1122,140.25
5770,10,1196,235,23.5
5771,10,1249,239,23.9
5772,10,1741,331,33.1
5773,8,3899,742,92.75
5774,10,1750,343,34.3
5775,8,2980,535,66.875
5776,10,6803,1235,123.5
5777,8,4616,856,107.0
5778,8,4007,688,86.0
5779,8,4650,810,101.25
5780,10,1493,283,28.3
5781,10,2527,474,47.4
5782,7,2177,395,56.42857142857143
5783,11,3752,657,59.72727272727273
5784,8,3780,665,83.125
5785,7,1357,247,35.285714285714285
5786,8,2983,527,65.875
5787,11,1758,330,30.0
5788,8,3047,564,70.5
5789,7,2771,509,72.71428571428571
5790,14,2207,406,29.0
5791,11,1736,341,31.0
5792,10,3401,615,61.5
5793,10,4800,887,88.7
5794,8,2082,397,49.625
5795,8,2810,535,66.875
5796,6,1636,313,52.166666666666664
5797,10,6282,1177,117.7
5798,8,1797,326,40.75
5799,10,3052,537,53.7
5800,7,2554,458,65.42857142857143
5801,11,2394,434,39.45454545454545
5802,10,1652,321,32.1
5803,9,2067,394,43.77777777777778
5804,9,4287,785,87.22222222222223
5805,10,735,142,14.2
5806,8,3189,639,79.875
5807,10,1383,265,26.5
5808,7,1780,344,49.142857142857146
5809,11,4133,764,69.45454545454545
5810,9,3686,677,75.22222222222223
5811,9,1602,326,36.22222222222222
5812,8,5941,1091,136.375
5813,10,5066,916,91.6
5814,8,1391,243,30.375
5815,8,1717,312,39.0
5816,10,5051,950,95.0
5817,7,3052,585,83.57142857142857
5818,11,2733,501,45.54545454545455
5819,10,4482,774,77.4
5820,10,6477,1150,115.0
5821,10,3756,684,68.4
5822,10,2647,503,50.3
5823,8,3191,571,71.375
5824,10,4502,839,83.9
5825,10,5734,1026,102.6
5826,10,1203,228,22.8
5827,10,3459,665,66.5
5828,8,4173,788,98.5
5829,10,3032,594,59.4
5830,10,853,163,16.3
5831,10,5786,1064,106.4
5832,10,4517,834,83.4
5833,10,3480,644,64.4
5834,8,3764,675,84.375
5835,3,1493,271,90.33333333333333
6200,13,632,116,8.923076923076923
6201,5,116,17,3.4
6202,4,58,11,2.75
6203,10,593,102,10.2
6204,9,418,69,7.666666666666667
6205,10,266,44,4.4
6206,13,508,96,7.384615384615385
6207,15,509,86,5.733333333333333
6208,15,626,111,7.4
6209,15,671,117,7.8
6210,15,623,110,7.333333333333333
6211,14,569,96,6.857142857142857
6212,13,597,102,7.846153846153846
6213,13,488,86,6.615384615384615
6214,14,650,113,8.071428571428571
6215,11,439,77,7.0
6216,15,636,104,6.933333333333334
6217,15,643,116,7.733333333333333
6218,14,511,92,6.571428571428571
6219,14,576,100,7.142857142857143
6220,15,716,119,7.933333333333334
6221,14,543,99,7.071428571428571
6222,13,604,99,7.615384615384615
6223,15,589,96,6.4
6224,14,577,104,7.428571428571429
6225,14,615,104,7.428571428571429
6226,14,528,90,6.428571428571429
6227,15,651,115,7.666666666666667
6228,14,541,98,7.0
6229,15,611,107,7.133333333333334
6230,11,455,82,7.454545454545454
6231,19,1238,227,11.947368421052632
6232,17,1051,185,10.882352941176471
6233,19,1265,225,11.842105263157896
6234,17,1109,197,11.588235294117647
6235,19,1234,219,11.526315789473685
6236,20,1322,239,11.95
6237,17,1096,193,11.352941176470589
6238,18,1181,214,11.88888888888889
6239,18,1193,239,13.277777777777779
6240,19,1233,215,11.31578947368421
6241,14,816,149,10.642857142857142
6242,19,1228,219,11.526315789473685
6243,17,1080,191,11.235294117647058
6244,20,1333,235,11.75
6245,18,1152,210,11.666666666666666
6246,19,1236,211,11.105263157894736
6247,17,1064,197,11.588235294117647
6248,19,1294,240,12.631578947368421
6249,19,1266,217,11.421052631578947
6250,18,1169,200,11.11111111111111
6251,18,1200,224,12.444444444444445
6252,18,1236,232,12.88888888888889
6253,20,1308,242,12.1
6254,18,1222,229,12.722222222222221
6255,19,1276,227,11.947368421052632
6256,20,1362,250,12.5
6257,19,1275,229,12.052631578947368
6258,19,1284,235,12.368421052631579
6259,19,1247,231,12.157894736842104
6260,19,1275,240,12.631578947368421
6261,19,1252,222,11.68421052631579
6262,18,1168,221,12.277777777777779
6263,19,1299,233,12.263157894736842
6264,18,1195,214,11.88888888888889
6265,19,1266,239,12.578947368421053
6266,19,1260,239,12.578947368421053
6267,18,1154,213,11.833333333333334
6268,19,1271,224,11.789473684210526
6269,18,1170,202,11.222222222222221
6270,18,1173,222,12.333333333333334
6271,19,1278,232,12.210526315789474
6272,18,1171,221,12.277777777777779
6273,18,1141,220,12.222222222222221
6274,19,1297,235,12.368421052631579
6275,18,1152,208,11.555555555555555
6276,19,1288,234,12.31578947368421
6277,19,1214,225,11.842105263157896
6278,17,1064,198,11.647058823529411
6279,19,1274,233,12.263157894736842
6280,19,1228,222,11.68421052631579
6281,19,1227,236,12.421052631578947
6282,13,783,139,10.692307692307692
6283,19,1250,217,11.421052631578947
6284,19,1243,227,11.947368421052632
6285,17,1047,178,10.470588235294118
6286,19,1257,228,12.0
6287,19,1268,228,12.0
6288,17,1081,198,11.647058823529411
6289,20,1343,247,12.35
6290,19,1215,231,12.157894736842104
6291,18,1125,206,11.444444444444445
6292,18,1199,209,11.61111111111111
6293,18,1207,210,11.666666666666666
6294,19,1261,230,12.105263157894736
6295,18,1186,211,11.722222222222221
6296,18,1184,220,12.222222222222221
6297,20,1353,232,11.6
6298,19,1219,219,11.526315789473685
6299,20,1322,239,11.95
6300,18,1180,214,11.88888888888889
6301,20,1331,237,11.85
6302,19,1262,218,11.473684210526315
6303,18,1242,218,12.11111111111111
6304,19,1206,216,11.368421052631579
6305,15,927,178,11.866666666666667
6306,20,1372,263,13.15
6307,18,1177,231,12.833333333333334
6308,19,1233,236,12.421052631578947
6309,18,1213,221,12.277777777777779
6310,18,1145,223,12.38888888888889
6311,16,970,192,12.0
6312,13,694,132,10.153846153846153
6313,18,1159,227,12.61111111111111
6314,19,1231,242,12.736842105263158
6315,20,1369,257,12.85
6316,18,1216,211,11.722222222222221
6317,13,789,145,11.153846153846153
6318,17,540,106,6.235294117647059
6319,18,523,98,5.444444444444445
6320,18,564,113,6.277777777777778
6321,14,450,83,5.928571428571429
6322,13,484,93,7.153846153846154
6323,14,497,92,6.571428571428571
6324,16,624,120,7.5
6325,15,574,100,6.666666666666667
6326,13,382,72,5.538461538461538
6327,13,379,77,5.923076923076923
6328,15,543,107,7.133333333333334
6329,16,603,118,7.375
6330,15,527,105,7.0
6331,13,522,105,8.076923076923077
6332,11,483,90,8.181818181818182
6333,15,971,172,11.466666666666667
6334,8,225,45,5.625
6335,19,1243,241,12.68421052631579
6336,20,1335,246,12.3
6337,19,1262,245,12.894736842105264
6338,19,1222,225,11.842105263157896
6339,18,1176,222,12.333333333333334
6340,19,1287,252,13.263157894736842
6341,20,1329,248,12.4
6342,19,1282,246,12.947368421052632
6343,12,606,115,9.583333333333334
6344,12,699,129,10.75
6345,19,1295,245,12.894736842105264
6346,21,1444,260,12.380952380952381
6347,11,523,102,9.272727272727273
6348,19,1300,253,13.31578947368421
6349,19,1253,231,12.157894736842104
6350,19,1251,222,11.68421052631579
6351,14,729,140,10.0
6352,18,1168,225,12.5
6353,17,904,174,10.235294117647058
6354,20,1366,270,13.5
6355,13,679,125,9.615384615384615
6356,11,568,105,9.545454545454545
6357,19,1260,245,12.894736842105264
6358,19,1297,238,12.526315789473685
6359,20,1373,262,13.1
6360,18,1152,215,11.944444444444445
6361,19,1254,242,12.736842105263158
6362,12,680,129,10.75
6363,19,1310,250,13.157894736842104
6364,19,1289,242,12.736842105263158
6365,19,1296,254,13.368421052631579
6366,20,1353,258,12.9
6367,12,680,122,10.166666666666666
6368,10,498,94,9.4
6369,19,1266,242,12.736842105263158
6370,18,1164,235,13.055555555555555
6371,10,544,111,11.1
6372,15,914,188,12.533333333333333
6373,15,865,170,11.333333333333334
6374,18,1152,242,13.444444444444445
6375,16,1048,203,12.6875
6376,19,1245,224,11.789473684210526
6377,19,1278,246,12.947368421052632
6378,18,1194,230,12.777777777777779
6379,16,1031,189,11.8125
6380,13,786,155,11.923076923076923
6381,13,717,133,10.23076923076923
6382,11,633,123,11.181818181818182
6383,11,341,70,6.363636363636363
6384,14,919,187,13.357142857142858
6385,14,726,140,10.0
6386,17,1163,226,13.294117647058824
6387,17,1085,209,12.294117647058824
6388,18,1191,231,12.833333333333334
6389,18,1140,221,12.277777777777779
6390,16,961,184,11.5
6391,12,706,145,12.083333333333334
6392,11,558,104,9.454545454545455
6393,17,1041,201,11.823529411764707
6394,16,962,190,11.875
6395,13,682,125,9.615384615384615
6396,13,802,152,11.692307692307692
6397,14,729,132,9.428571428571429
6398,16,962,179,11.1875
6399,19,1265,236,12.421052631578947
6400,18,1151,215,11.944444444444445
6401,17,1079,207,12.176470588235293
6402,17,1052,206,12.117647058823529
6403,16,973,188,11.75
6404,16,979,189,11.8125
6405,14,698,126,9.0
6406,17,1111,210,12.352941176470589
6407,13,726,136,10.461538461538462
6408,8,372,70,8.75
6409,17,1093,212,12.470588235294118
6410,16,992,190,11.875
6411,18,1177,230,12.777777777777779
6412,16,1052,216,13.5
6413,16,904,176,11.0
6414,16,1030,195,12.1875
6415,14,837,162,11.571428571428571
6416,18,1203,219,12.166666666666666
6417,18,1205,236,13.11111111111111
6418,13,802,155,11.923076923076923
6419,7,213,38,5.428571428571429
6420,16,1013,190,11.875
6421,16,991,185,11.5625
6422,12,605,120,10.0
6423,11,580,111,10.090909090909092
6424,18,1194,228,12.666666666666666
6425,16,1050,194,12.125
6426,20,1388,267,13.35
6427,17,1038,199,11.705882352941176
6428,17,1059,194,11.411764705882353
6429,16,932,172,10.75
6430,17,1084,200,11.764705882352942
6431,19,1275,235,12.368421052631579
6432,18,1071,199,11.055555555555555
6433,17,1171,222,13.058823529411764
6434,19,1231,228,12.0
6435,14,848,154,11.0
6436,12,619,113,9.416666666666666
6437,17,1137,211,12.411764705882353
6438,21,1427,264,12.571428571428571
6439,18,1225,253,14.055555555555555
6440,18,1177,218,12.11111111111111
6441,20,1314,249,12.45
6442,18,1166,222,12.333333333333334
6443,18,1152,216,12.0
6444,20,1355,263,13.15
6445,13,705,132,10.153846153846153
6446,9,395,75,8.333333333333334
6447,18,1182,219,12.166666666666666
6448,17,1018,198,11.647058823529411
6449,16,1012,200,12.5
6450,17,1125,223,13.117647058823529
6451,16,930,184,11.5
6452,16,1004,195,12.1875
6453,18,1174,225,12.5
6454,18,1156,229,12.722222222222221
6455,17,1103,207,12.176470588235293
6456,15,895,172,11.466666666666667
6457,8,359,69,8.625
6458,17,1078,204,12.0
6459,18,1150,219,12.166666666666666
6460,19,1248,232,12.210526315789474
6461,19,1315,232,12.210526315789474
6462,20,1361,245,12.25
6463,11,573,109,9.909090909090908
6464,18,1160,225,12.5
6465,15,532,103,6.866666666666666
6466,15,449,89,5.933333333333334
6467,16,493,102,6.375
6468,16,490,104,6.5
6469,15,604,123,8.2
6470,15,933,181,12.066666666666666
6471,7,183,34,4.857142857142857
6472,15,876,170,11.333333333333334
6473,16,1041,203,12.6875
6474,16,963,183,11.4375
6475,18,1186,230,12.777777777777779
6476,17,1049,201,11.823529411764707
6477,18,1168,226,12.555555555555555
6478,19,1294,253,13.31578947368421
6479,19,1294,250,13.157894736842104
6480,19,1306,251,13.210526315789474
6481,20,1362,260,13.0
6482,16,990,203,12.6875
6483,10,388,72,7.2
6484,15,1031,191,12.733333333333333
6485,16,1045,188,11.75
6486,18,1180,219,12.166666666666666
6487,16,918,167,10.4375
6488,18,1184,223,12.38888888888889
6489,19,1243,242,12.736842105263158
6490,18,1168,218,12.11111111111111
6491,19,1262,234,12.31578947368421
6492,18,1220,241,13.38888888888889
6493,18,1198,233,12.944444444444445
6494,16,1050,193,12.0625
6495,16,910,161,10.0625
6496,19,1281,239,12.578947368421053
6497,18,1242,240,13.333333333333334
6498,19,1246,228,12.0
6499,20,1375,265,13.25
6500,16,962,186,11.625
6501,6,158,27,4.5
6502,18,721,141,7.833333333333333
6503,18,757,144,8.0
6504,19,738,141,7.421052631578948
6505,18,743,144,8.0
6506,18,736,151,8.38888888888889
6507,19,748,144,7.578947368421052
6508,17,1054,191,11.235294117647058
6509,18,1129,208,11.555555555555555
6510,19,1234,242,12.736842105263158
6511,19,1285,258,13.578947368421053
6512,20,1363,278,13.9
6513,20,1359,263,13.15
6514,19,1263,241,12.68421052631579
6515,18,1129,208,11.555555555555555
6516,16,788,145,9.0625
6517,14,888,166,11.857142857142858
6518,11,573,106,9.636363636363637
6519,12,655,117,9.75
6520,18,1201,215,11.944444444444445
6521,18,1129,212,11.777777777777779
6522,10,470,87,8.7
6523,16,926,181,11.3125
6524,18,1224,248,13.777777777777779
6525,19,1284,247,13.0
6526,17,1104,217,12.764705882352942
6527,18,1158,213,11.833333333333334
6528,20,1373,261,13.05
6529,17,1125,223,13.117647058823529
6530,16,977,190,11.875
6531,17,1070,209,12.294117647058824
6532,14,804,148,10.571428571428571
6533,12,724,144,12.0
6534,10,463,89,8.9
6535,20,1336,253,12.65
6536,15,888,175,11.666666666666666
6537,14,853,163,11.642857142857142
6538,17,1066,211,12.411764705882353
6539,18,1197,228,12.666666666666666
6540,20,1364,254,12.7
6541,14,781,143,10.214285714285714
6542,17,1133,213,12.529411764705882
6543,19,1281,244,12.842105263157896
6544,19,1274,243,12.789473684210526
6545,18,1171,220,12.222222222222221
6546,18,1196,216,12.0
6547,18,1154,228,12.666666666666666
6548,15,925,175,11.666666666666666
6549,10,481,92,9.2
6550,14,643,123,8.785714285714286
6551,17,1058,206,12.117647058823529
6552,18,1160,230,12.777777777777779
6553,15,887,170,11.333333333333334
6554,16,1005,185,11.5625
6555,16,980,192,12.0
6556,19,1281,251,13.210526315789474
6557,19,1302,250,13.157894736842104
6558,17,1113,210,12.352941176470589
6559,19,1309,266,14.0
6560,14,763,154,11.0
6561,14,875,173,12.357142857142858
6562,17,1108,221,13.0
6563,15,898,171,11.4
6564,15,956,187,12.466666666666667
6565,19,1253,246,12.947368421052632
6566,15,977,193,12.866666666666667
6567,11,561,103,9.363636363636363
6568,18,1183,235,13.055555555555555
6569,18,1188,227,12.61111111111111
6570,17,1094,207,12.176470588235293
6571,17,955,181,10.647058823529411
6572,14,775,142,10.142857142857142
6573,13,799,146,11.23076923076923
6574,17,981,200,11.764705882352942
6575,17,1149,214,12.588235294117647
6576,20,1366,252,12.6
6577,19,1275,221,11.631578947368421
6578,16,961,184,11.5
6579,17,1133,215,12.647058823529411
6580,20,1330,252,12.6
6581,16,985,185,11.5625
6582,18,1144,222,12.333333333333334
6583,18,1162,224,12.444444444444445
6584,15,848,157,10.466666666666667
6585,17,1037,197,11.588235294117647
6586,15,821,158,10.533333333333333
6587,16,1009,203,12.6875
6588,13,694,133,10.23076923076923
6589,16,981,190,11.875
6590,19,1247,232,12.210526315789474
6591,15,849,169,11.266666666666667
6592,18,1224,225,12.5
6593,16,984,194,12.125
6594,17,1081,208,12.235294117647058
6595,18,1134,219,12.166666666666666
6596,15,821,161,10.733333333333333
6597,16,949,188,11.75
6598,17,1065,201,11.823529411764707
6599,15,940,179,11.933333333333334
6600,17,1075,206,12.117647058823529
6601,19,1278,246,12.947368421052632
6602,15,913,174,11.6
6603,17,1031,182,10.705882352941176
6604,11,611,118,10.727272727272727
6605,17,1082,198,11.647058823529411
6606,15,976,184,12.266666666666667
6607,18,1179,224,12.444444444444445
6608,20,1379,278,13.9
6609,16,1018,203,12.6875
6610,17,1021,189,11.117647058823529
6611,17,1051,198,11.647058823529411
6612,18,1231,252,14.0
6613,15,859,166,11.066666666666666
6614,17,1069,204,12.0
6615,17,1149,227,13.352941176470589
6616,17,1067,205,12.058823529411764
6617,14,846,171,12.214285714285714
6618,16,1018,198,12.375
6619,16,956,180,11.25
6620,13,807,152,11.692307692307692
6621,13,730,136,10.461538461538462
6622,20,1363,259,12.95
6623,19,1253,231,12.157894736842104
6624,18,1219,226,12.555555555555555
6625,19,1198,229,12.052631578947368
6626,18,1196,242,13.444444444444445
6627,16,981,197,12.3125
6628,20,1349,269,13.45
6629,17,1106,220,12.941176470588236
6630,8,324,58,7.25
6631,14,778,147,10.5
6632,16,937,180,11.25
6633,15,911,185,12.333333333333334
6634,18,1192,242,13.444444444444445
6635,16,931,180,11.25
6636,16,965,186,11.625
6637,16,991,205,12.8125
6638,19,1297,260,13.68421052631579
6639,18,1195,246,13.666666666666666
6640,18,1145,210,11.666666666666666
6641,16,1027,205,12.8125
6642,19,1290,242,12.736842105263158
6643,19,1289,242,12.736842105263158
6644,19,1284,239,12.578947368421053
6645,19,1291,247,13.0
6646,19,1306,250,13.157894736842104
6647,18,1145,234,13.0
6648,19,1312,260,13.68421052631579
6649,19,1267,255,13.421052631578947
6650,15,865,171,11.4
6651,14,866,181,12.928571428571429
6652,17,1050,210,12.352941176470589
6653,8,291,54,6.75
6654,14,847,158,11.285714285714286
6655,13,793,150,11.538461538461538
6656,11,586,110,10.0
6657,16,994,199,12.4375
6658,13,710,131,10.076923076923077
6659,17,1036,199,11.705882352941176
6660,17,1041,208,12.235294117647058
6661,16,986,186,11.625
6662,19,1222,244,12.842105263157896
6663,17,1091,224,13.176470588235293
6664,17,1140,232,13.647058823529411
6665,16,1047,193,12.0625
6666,15,871,173,11.533333333333333
6667,12,679,134,11.166666666666666
6668,14,773,148,10.571428571428571
6669,18,1151,228,12.666666666666666
6670,20,1339,265,13.25
6671,18,1253,239,13.277777777777779
6672,18,1207,228,12.666666666666666
6673,18,1170,222,12.333333333333334
6674,18,1171,233,12.944444444444445
6675,19,1265,233,12.263157894736842
6676,9,417,76,8.444444444444445
6677,8,337,68,8.5
6678,17,1111,221,13.0
6679,19,1209,241,12.68421052631579
6680,11,606,115,10.454545454545455
6681,16,933,172,10.75
6682,14,883,165,11.785714285714286
6683,12,673,127,10.583333333333334
6684,18,1102,218,12.11111111111111
6685,15,864,159,10.6
6686,16,659,132,8.25
6687,9,337,68,7.555555555555555
6688,15,907,166,11.066666666666666
6689,16,934,182,11.375
6690,17,1128,207,12.176470588235293
6691,18,1200,226,12.555555555555555
6692,13,768,147,11.307692307692308
6693,17,1178,239,14.058823529411764
6694,14,836,164,11.714285714285714
6695,14,863,166,11.857142857142858
6696,14,800,166,11.857142857142858
6697,20,1376,280,14.0
6698,20,1382,284,14.2
6699,18,1155,215,11.944444444444445
6700,19,1270,247,13.0
6701,19,1228,245,12.894736842105264
6702,16,1072,204,12.75
6703,6,116,22,3.6666666666666665
6704,18,1223,236,13.11111111111111
6705,17,1062,213,12.529411764705882
6706,16,1017,197,12.3125
6707,17,1067,205,12.058823529411764
6708,20,1378,255,12.75
6709,19,1306,263,13.842105263157896
6710,20,1352,260,13.0
6711,20,1342,248,12.4
6712,20,1353,264,13.2
6713,19,1297,258,13.578947368421053
6714,18,1215,235,13.055555555555555
6715,18,1190,221,12.277777777777779
6716,19,1210,235,12.368421052631579
6717,17,1166,230,13.529411764705882
6718,18,1238,229,12.722222222222221
6719,12,585,118,9.833333333333334
6720,9,385,68,7.555555555555555
6721,18,1151,236,13.11111111111111
6722,18,1150,227,12.61111111111111
6723,17,1080,202,11.882352941176471
6724,18,1185,234,13.0
6725,11,598,115,10.454545454545455
6726,16,965,192,12.0
6727,19,1290,235,12.368421052631579
6728,18,1177,202,11.222222222222221
6729,18,1199,231,12.833333333333334
6730,18,1213,237,13.166666666666666
6731,19,1279,250,13.157894736842104
6732,18,1199,248,13.777777777777779
6733,20,1363,260,13.0
6734,19,1266,243,12.789473684210526
6735,15,956,200,13.333333333333334
6736,18,1171,221,12.277777777777779
6737,16,963,191,11.9375
6738,17,1087,221,13.0
6739,15,953,188,12.533333333333333
6740,17,1084,216,12.705882352941176
6741,20,1385,287,14.35
6742,19,1299,252,13.263157894736842
6743,20,1360,264,13.2
6744,17,1090,226,13.294117647058824
6745,16,1048,209,13.0625
6746,16,948,181,11.3125
6747,13,743,145,11.153846153846153
6748,18,1227,256,14.222222222222221
6749,16,1036,209,13.0625
6750,18,1195,241,13.38888888888889
6751,10,567,116,11.6
6752,10,487,95,9.5
6753,14,820,151,10.785714285714286
6754,20,1373,269,13.45
6755,18,1169,253,14.055555555555555
6756,19,907,172,9.052631578947368
6757,18,551,107,5.944444444444445
6758,18,1098,205,11.38888888888889
6759,17,1109,223,13.117647058823529
6760,16,1033,197,12.3125
6761,19,1299,262,13.789473684210526
6762,14,765,148,10.571428571428571
6763,15,829,154,10.266666666666667
6764,18,1208,232,12.88888888888889
6765,19,1259,258,13.578947368421053
6766,16,999,198,12.375
6767,17,1084,218,12.823529411764707
6768,15,909,174,11.6
6769,10,497,98,9.8
6770,19,1295,251,13.210526315789474
6771,19,1287,253,13.31578947368421
6772,18,1158,227,12.61111111111111
6773,19,1259,245,12.894736842105264
6774,19,962,186,9.789473684210526
6775,18,520,103,5.722222222222222
6776,16,731,138,8.625
6777,18,922,173,9.61111111111111
6778,17,1118,210,12.352941176470589
6779,20,1364,273,13.65
6780,16,1009,192,12.0
6781,17,1116,226,13.294117647058824
6782,20,1371,253,12.65
6783,19,1234,236,12.421052631578947
6784,19,1323,251,13.210526315789474
6785,18,1149,221,12.277777777777779
6786,20,1367,283,14.15
6787,17,1113,220,12.941176470588236
6788,17,1099,222,13.058823529411764
6789,20,1323,263,13.15
6790,20,1367,254,12.7
6791,17,1089,207,12.176470588235293
6792,19,1286,256,13.473684210526315
6793,20,1305,254,12.7
6794,19,1289,247,13.0
6795,20,1350,253,12.65
6796,18,1163,221,12.277777777777779
6797,20,1363,274,13.7
6798,19,1265,257,13.526315789473685
6799,12,734,139,11.583333333333334
6800,11,553,103,9.363636363636363
6801,18,1231,240,13.333333333333334
6802,16,960,183,11.4375
6803,12,831,163,13.583333333333334
6804,19,1244,235,12.368421052631579
6805,17,1081,207,12.176470588235293
6806,18,1181,228,12.666666666666666
6807,18,1199,231,12.833333333333334
6808,19,1235,229,12.052631578947368
6809,18,1244,240,13.333333333333334
6810,19,1186,220,11.578947368421053
6811,20,1382,262,13.1
6812,12,648,122,10.166666666666666
6813,20,1360,266,13.3
6814,18,1185,235,13.055555555555555
6815,15,864,169,11.266666666666667
6816,14,853,161,11.5
6817,17,1067,209,12.294117647058824
6818,19,1296,249,13.105263157894736
6819,19,1265,243,12.789473684210526
6820,19,1296,269,14.157894736842104
6821,17,1098,206,12.117647058823529
6822,21,1425,278,13.238095238095237
6823,19,1303,252,13.263157894736842
6824,18,1237,232,12.88888888888889
6825,20,1336,267,13.35
6826,11,579,106,9.636363636363637
6827,20,1362,270,13.5
6828,9,305,57,6.333333333333333
6829,14,914,180,12.857142857142858
6830,18,1167,217,12.055555555555555
6831,20,1372,269,13.45
6832,18,1150,213,11.833333333333334
6833,11,598,119,10.818181818181818
6834,21,1447,282,13.428571428571429
6835,18,1134,223,12.38888888888889
6836,18,1228,245,13.61111111111111
6837,17,1122,225,13.235294117647058
6838,15,911,169,11.266666666666667
6839,14,866,163,11.642857142857142
6840,16,1004,190,11.875
6841,17,1066,203,11.941176470588236
6842,16,1058,206,12.875
6843,19,1269,266,14.0
6844,19,1297,241,12.68421052631579
6845,18,1156,212,11.777777777777779
6846,18,1145,231,12.833333333333334
6847,17,1093,206,12.117647058823529
6848,11,594,109,9.909090909090908
6849,13,716,132,10.153846153846153
6850,14,860,176,12.571428571428571
6851,18,1192,229,12.722222222222221
6852,15,884,174,11.6
6853,8,337,61,7.625
6854,18,1195,227,12.61111111111111
6855,17,1090,203,11.941176470588236
6856,17,1116,210,12.352941176470589
6857,19,1253,241,12.68421052631579
6858,18,1196,235,13.055555555555555
6859,15,793,150,10.0
6860,16,985,194,12.125
6861,16,1005,184,11.5
6862,17,1095,211,12.411764705882353
6863,19,1253,253,13.31578947368421
6864,17,1048,208,12.235294117647058
6865,18,1154,222,12.333333333333334
6866,17,1047,212,12.470588235294118
6867,14,750,148,10.571428571428571
6868,18,1131,216,12.0
6869,14,834,162,11.571428571428571
6870,18,1173,232,12.88888888888889
6871,17,1062,197,11.588235294117647
6872,16,958,174,10.875
6873,15,930,183,12.2
6874,11,592,110,10.0
6875,10,507,94,9.4
6876,15,920,186,12.4
6877,15,845,165,11.0
6878,16,985,189,11.8125
6879,18,1241,245,13.61111111111111
6880,17,1151,236,13.882352941176471
6881,19,1289,257,13.526315789473685
6882,18,1196,232,12.88888888888889
6883,19,1301,261,13.736842105263158
6884,18,1131,234,13.0
6885,16,1097,215,13.4375
6886,16,1024,202,12.625
6887,18,1171,221,12.277777777777779
6888,19,1230,239,12.578947368421053
6889,17,1048,211,12.411764705882353
6890,16,1051,221,13.8125
6891,17,1097,215,12.647058823529411
6892,16,981,195,12.1875
6893,8,267,51,6.375
6894,14,913,174,12.428571428571429
6895,18,1197,239,13.277777777777779
6896,16,1030,196,12.25
6897,17,1030,203,11.941176470588236
6898,17,1041,214,12.588235294117647
6899,14,763,143,10.214285714285714
6900,14,889,166,11.857142857142858
6901,12,709,131,10.916666666666666
6902,11,578,110,10.0
6903,17,1108,223,13.117647058823529
6904,18,1167,222,12.333333333333334
6905,18,1174,233,12.944444444444445
6906,17,1114,222,13.058823529411764
6907,15,902,182,12.133333333333333
6908,12,650,118,9.833333333333334
6909,17,1086,196,11.529411764705882
6910,20,1373,256,12.8
6911,19,1271,241,12.68421052631579
6912,18,1201,228,12.666666666666666
6913,19,1284,241,12.68421052631579
6914,20,1301,246,12.3
6915,18,1228,242,13.444444444444445
6916,20,1371,260,13.0
6917,19,1268,245,12.894736842105264
6918,19,1298,266,14.0
6919,18,1174,221,12.277777777777779
6920,20,1363,270,13.5
6921,19,1231,231,12.157894736842104
6922,19,1153,223,11.736842105263158
6923,17,1005,195,11.470588235294118
6924,20,1362,271,13.55
6925,20,1369,254,12.7
6926,17,959,188,11.058823529411764
6927,15,671,131,8.733333333333333
6928,20,1375,272,13.6
6929,19,1296,261,13.736842105263158
6930,19,1276,238,12.526315789473685
6931,20,1363,267,13.35
6932,18,1156,206,11.444444444444445
6933,20,1378,248,12.4
6934,19,1244,240,12.631578947368421
6935,19,1269,236,12.421052631578947
6936,16,1044,204,12.75
6937,19,1302,249,13.105263157894736
6938,17,1158,208,12.235294117647058
6939,17,851,163,9.588235294117647
6940,16,1030,193,12.0625
6941,20,1374,253,12.65
6942,18,1191,211,11.722222222222221
6943,16,977,180,11.25
6944,19,1295,241,12.68421052631579
6945,19,1291,237,12.473684210526315
6946,19,1274,239,12.578947368421053
6947,19,1238,232,12.210526315789474
6948,17,1053,203,11.941176470588236
6949,19,1268,235,12.368421052631579
6950,16,778,148,9.25
6951,16,850,159,9.9375
6952,17,759,153,9.0
6953,16,937,177,11.0625
6954,16,1059,203,12.6875
6955,20,1374,256,12.8
6956,18,1180,215,11.944444444444445
6957,19,1294,240,12.631578947368421
6958,20,1374,261,13.05
6959,19,1256,233,12.263157894736842
6960,18,1200,223,12.38888888888889
6961,19,1280,251,13.210526315789474
6962,19,1236,227,11.947368421052632
6963,18,1204,231,12.833333333333334
6964,20,1351,270,13.5
6965,18,1146,217,12.055555555555555
6966,16,1046,208,13.0
6967,18,1237,241,13.38888888888889
6968,19,1316,244,12.842105263157896
6969,18,1175,225,12.5
6970,19,1281,249,13.105263157894736
6971,20,1366,251,12.55
6972,18,1181,218,12.11111111111111
6973,18,1166,224,12.444444444444445
6974,19,1276,251,13.210526315789474
6975,17,1082,217,12.764705882352942
6976,18,1180,227,12.61111111111111
6977,19,1271,239,12.578947368421053
6978,15,876,160,10.666666666666666
6979,17,1025,208,12.235294117647058
6980,18,1234,241,13.38888888888889
6981,19,1247,257,13.526315789473685
6982,18,1208,234,13.0
6983,18,1151,227,12.61111111111111
6984,19,1301,254,13.368421052631579
6985,19,1234,233,12.263157894736842
6986,19,1298,242,12.736842105263158
6987,17,1013,199,11.705882352941176
6988,17,1104,207,12.176470588235293
6989,21,1433,279,13.285714285714286
6990,19,1256,230,12.105263157894736
6991,14,772,144,10.285714285714286
6992,20,1363,260,13.0
6993,17,1078,205,12.058823529411764
6994,15,900,164,10.933333333333334
6995,10,434,82,8.2
6996,16,1024,194,12.125
6997,15,965,194,12.933333333333334
6998,17,1072,213,12.529411764705882
6999,18,1201,227,12.61111111111111
7000,19,1289,244,12.842105263157896
7001,18,1156,217,12.055555555555555
7002,18,1209,234,13.0
7003,20,1374,276,13.8
7004,19,1289,245,12.894736842105264
7005,18,1134,201,11.166666666666666
7006,17,1107,200,11.764705882352942
7007,19,1268,247,13.0
7008,20,1342,253,12.65
7009,17,1124,222,13.058823529411764
7010,20,1368,262,13.1
7011,19,1299,246,12.947368421052632
7012,14,833,157,11.214285714285714
7013,6,146,25,4.166666666666667
7014,20,1351,249,12.45
7015,16,927,180,11.25
7016,16,989,197,12.3125
7017,16,999,180,11.25
7018,15,896,174,11.6
7019,20,1348,263,13.15
7020,18,1234,242,13.444444444444445
7021,18,1147,229,12.722222222222221
7022,17,1020,206,12.117647058823529
7023,18,1216,233,12.944444444444445
7024,18,1168,224,12.444444444444445
7025,17,970,183,10.764705882352942
7026,14,809,150,10.714285714285714
7027,19,1233,234,12.31578947368421
7028,19,1297,228,12.0
7029,18,1214,235,13.055555555555555
7030,20,1386,276,13.8
7031,19,1294,256,13.473684210526315
7032,20,1361,256,12.8
7033,11,552,98,8.909090909090908
7034,14,844,161,11.5
7035,20,1368,271,13.55
7036,18,1185,213,11.833333333333334
7037,20,1383,264,13.2
7038,20,1367,262,13.1
7039,18,1183,231,12.833333333333334
7040,20,1294,240,12.0
7041,6,124,21,3.5
7042,17,1148,211,12.411764705882353
7043,19,1252,252,13.263157894736842
7044,18,1207,242,13.444444444444445
7045,20,1381,270,13.5
7046,19,1260,243,12.789473684210526
7047,19,1306,244,12.842105263157896
7048,19,1234,235,12.368421052631579
7049,19,1293,237,12.473684210526315
7050,17,1098,210,12.352941176470589
7051,20,1367,255,12.75
7052,19,1240,234,12.31578947368421
7053,19,1303,237,12.473684210526315
7054,11,622,120,10.909090909090908
7055,18,1105,214,11.88888888888889
7056,12,578,107,8.916666666666666
7057,7,153,29,4.142857142857143
7058,16,715,129,8.0625
7059,16,650,127,7.9375
7060,19,1232,229,12.052631578947368
7061,20,1339,263,13.15
7062,18,1189,221,12.277777777777779
7063,19,1280,243,12.789473684210526
7064,18,1214,244,13.555555555555555
7065,19,1278,267,14.052631578947368
7066,19,1290,247,13.0
7067,12,710,142,11.833333333333334
7068,20,1373,254,12.7
7069,18,1191,235,13.055555555555555
7070,17,1022,215,12.647058823529411
7071,19,1262,255,13.421052631578947
7072,18,1163,226,12.555555555555555
7073,18,1197,241,13.38888888888889
7074,20,1356,263,13.15
7075,19,1256,258,13.578947368421053
7076,19,1232,231,12.157894736842104
7077,20,1364,268,13.4
7078,18,1208,252,14.0
7079,20,1349,265,13.25
7080,9,412,73,8.11111111111111
7081,15,963,176,11.733333333333333
7082,19,1290,254,13.368421052631579
7083,19,1247,239,12.578947368421053
7084,19,1291,248,13.052631578947368
7085,19,1291,236,12.421052631578947
7086,17,981,195,11.470588235294118
7087,14,799,160,11.428571428571429
7088,14,833,157,11.214285714285714
7089,17,1070,204,12.0
7090,18,1221,242,13.444444444444445
7091,11,587,117,10.636363636363637
7092,14,783,152,10.857142857142858
7093,16,1032,195,12.1875
7094,19,1318,261,13.736842105263158
7095,20,1365,267,13.35
7096,17,1153,213,12.529411764705882
7097,20,1361,260,13.0
7098,19,1296,243,12.789473684210526
7099,15,960,183,12.2
7100,15,968,190,12.666666666666666
7101,17,1077,215,12.647058823529411
7102,18,1179,222,12.333333333333334
7103,14,811,162,11.571428571428571
7104,19,1229,236,12.421052631578947
7105,18,1165,235,13.055555555555555
7106,18,1163,220,12.222222222222221
7107,12,692,139,11.583333333333334
7108,18,1172,229,12.722222222222221
7109,12,683,135,11.25
7110,20,1381,265,13.25
7111,18,1175,233,12.944444444444445
7112,19,1304,248,13.052631578947368
7113,19,1300,257,13.526315789473685
7114,19,1296,245,12.894736842105264
7115,18,1166,228,12.666666666666666
7116,16,983,189,11.8125
7117,19,1310,258,13.578947368421053
7118,19,1276,246,12.947368421052632
7119,13,728,142,10.923076923076923
7120,10,559,103,10.3
7121,16,1034,197,12.3125
7122,19,1275,249,13.105263157894736
7123,18,1195,219,12.166666666666666
7124,19,1268,236,12.421052631578947
7125,18,1130,211,11.722222222222221
7126,14,830,158,11.285714285714286
7127,18,1227,240,13.333333333333334
7128,19,1278,256,13.473684210526315
7129,19,1287,244,12.842105263157896
7130,18,1210,233,12.944444444444445
7131,19,1260,237,12.473684210526315
7132,19,1268,238,12.526315789473685
7133,15,879,164,10.933333333333334
7134,8,242,48,6.0
7135,16,471,96,6.0
7136,14,803,155,11.071428571428571
7137,16,963,189,11.8125
7138,16,525,104,6.5
7139,15,514,97,6.466666666666667
7140,19,1259,257,13.526315789473685
7141,19,1304,278,14.631578947368421
7142,17,1151,238,14.0
7143,18,1197,244,13.555555555555555
7144,19,1293,236,12.421052631578947
7145,18,1143,227,12.61111111111111
7146,18,1158,225,12.5
7147,15,878,170,11.333333333333334
7148,17,1113,216,12.705882352941176
7149,18,1140,221,12.277777777777779
7150,20,1352,261,13.05
7151,19,1257,238,12.526315789473685
7152,15,825,168,11.2
7153,17,1149,214,12.588235294117647
7154,12,639,121,10.083333333333334
7155,8,365,72,9.0
7156,18,1204,229,12.722222222222221
7157,18,1213,238,13.222222222222221
7158,18,1159,229,12.722222222222221
7159,16,972,187,11.6875
7160,18,1233,239,13.277777777777779
7161,17,1105,209,12.294117647058824
7162,15,918,186,12.4
7163,17,1090,216,12.705882352941176
7164,17,1072,206,12.117647058823529
7165,18,1158,212,11.777777777777779
7166,17,1095,213,12.529411764705882
7167,18,1235,233,12.944444444444445
7168,19,1192,228,12.0
7169,16,988,183,11.4375
7170,18,1206,241,13.38888888888889
7171,15,958,185,12.333333333333334
7172,10,488,95,9.5
7173,11,537,106,9.636363636363637
7174,18,1163,227,12.61111111111111
7175,15,924,178,11.866666666666667
7176,18,1209,233,12.944444444444445
7177,19,1232,242,12.736842105263158
7178,15,959,195,13.0
7179,16,986,196,12.25
7180,20,1350,248,12.4
7181,17,1080,204,12.0
7182,18,1166,215,11.944444444444445
7183,20,1364,259,12.95
7184,18,1225,225,12.5
7185,18,1161,218,12.11111111111111
7186,18,1198,220,12.222222222222221
7187,16,1059,198,12.375
7188,11,514,99,9.0
7189,18,1169,218,12.11111111111111
7190,18,1218,219,12.166666666666666
7191,19,1243,227,11.947368421052632
7192,19,1267,245,12.894736842105264
7193,17,1121,213,12.529411764705882
7194,14,867,169,12.071428571428571
7195,19,1296,242,12.736842105263158
7196,19,1290,228,12.0
7197,16,1020,188,11.75
7198,16,1040,197,12.3125
7199,19,1266,232,12.210526315789474
7200,16,1021,196,12.25
7201,15,962,180,12.0
7202,18,1203,231,12.833333333333334
7203,19,1296,254,13.368421052631579
7204,8,310,55,6.875
7205,15,962,184,12.266666666666667
7206,10,515,99,9.9
7207,18,1165,215,11.944444444444445
7208,18,1133,209,11.61111111111111
7209,18,1204,217,12.055555555555555
7210,18,1183,220,12.222222222222221
7211,20,1379,271,13.55
7212,18,1166,208,11.555555555555555
7213,17,1134,211,12.411764705882353
7214,17,1075,197,11.588235294117647
7215,19,1291,260,13.68421052631579
7216,18,1210,244,13.555555555555555
7217,19,1251,254,13.368421052631579
7218,19,1310,253,13.31578947368421
7219,20,1359,274,13.7
7220,19,1287,219,11.526315789473685
7221,11,591,116,10.545454545454545
7222,20,1349,225,11.25
7223,14,808,147,10.5
7224,9,418,78,8.666666666666666
7225,18,1191,237,13.166666666666666
7226,19,1256,240,12.631578947368421
7227,17,1139,208,12.235294117647058
7228,19,1246,239,12.578947368421053
7229,20,1362,248,12.4
7230,19,1301,246,12.947368421052632
7231,20,1370,260,13.0
7232,19,1300,237,12.473684210526315
7233,17,1042,197,11.588235294117647
7234,18,1122,213,11.833333333333334
7235,19,1249,252,13.263157894736842
7236,17,1106,225,13.235294117647058
7237,16,940,172,10.75
7238,11,549,99,9.0
7239,10,518,103,10.3
7240,18,1173,233,12.944444444444445
7241,18,1125,221,12.277777777777779
7242,17,1084,210,12.352941176470589
7243,17,1059,201,11.823529411764707
7244,20,1322,239,11.95
7245,19,1303,243,12.789473684210526
7246,18,1159,204,11.333333333333334
7247,16,995,192,12.0
7248,20,1377,273,13.65
7249,20,1360,256,12.8
7250,17,1092,204,12.0
7251,18,1149,236,13.11111111111111
7252,9,334,58,6.444444444444445
7253,15,1018,189,12.6
7254,15,948,172,11.466666666666667
7255,14,880,151,10.785714285714286
7256,13,759,144,11.076923076923077
7257,20,1387,268,13.4
7258,12,693,123,10.25
7259,17,1110,223,13.117647058823529
7260,17,1114,213,12.529411764705882
7261,17,1093,226,13.294117647058824
7262,18,1209,232,12.88888888888889
7263,18,1095,218,12.11111111111111
7264,17,1042,203,11.941176470588236
7265,16,993,199,12.4375
7266,11,551,107,9.727272727272727
7267,13,785,144,11.076923076923077
7268,18,1197,240,13.333333333333334
7269,18,1186,235,13.055555555555555
7270,20,1373,266,13.3
7271,14,809,159,11.357142857142858
7272,17,1168,219,12.882352941176471
7273,12,692,127,10.583333333333334
7274,19,1301,245,12.894736842105264
7275,19,1262,234,12.31578947368421
7276,19,1291,232,12.210526315789474
7277,13,739,149,11.461538461538462
7278,11,637,119,10.818181818181818
7279,17,1048,204,12.0
7280,18,1182,219,12.166666666666666
7281,12,705,136,11.333333333333334
7282,18,1205,227,12.61111111111111
7283,20,1370,268,13.4
7284,19,1308,248,13.052631578947368
7285,17,1095,203,11.941176470588236
7286,18,1173,219,12.166666666666666
7287,20,1342,246,12.3
7288,10,501,95,9.5
7289,18,1193,219,12.166666666666666
7290,17,1071,213,12.529411764705882
7291,15,875,174,11.6
7292,17,1112,212,12.470588235294118
7293,16,1044,197,12.3125
7294,20,1356,236,11.8
7295,16,741,135,8.4375
7296,15,543,98,6.533333333333333
7297,16,664,119,7.4375
7298,17,667,127,7.470588235294118
7299,15,531,101,6.733333333333333
7300,13,397,72,5.538461538461538
7301,13,359,72,5.538461538461538
7302,10,432,81,8.1
7303,9,522,100,11.11111111111111
7304,18,1153,230,12.777777777777779
7305,13,707,130,10.0
7306,12,719,136,11.333333333333334
7307,20,1358,273,13.65
7308,19,1227,241,12.68421052631579
7309,16,1032,220,13.75
7310,20,1376,274,13.7
7311,19,1296,245,12.894736842105264
7312,13,771,143,11.0
7313,12,594,111,9.25
7314,18,1220,228,12.666666666666666
7315,18,1195,218,12.11111111111111
7316,17,1037,197,11.588235294117647
7317,14,811,146,10.428571428571429
7318,13,821,164,12.615384615384615
7319,19,1248,253,13.31578947368421
7320,19,1243,243,12.789473684210526
7321,19,1281,240,12.631578947368421
7322,20,1363,254,12.7
7323,17,1091,214,12.588235294117647
7324,17,1083,212,12.470588235294118
7325,17,1116,212,12.470588235294118
7326,20,1369,261,13.05
7327,19,1305,225,11.842105263157896
7328,16,973,193,12.0625
7329,17,1117,208,12.235294117647058
7330,18,1141,211,11.722222222222221
7331,18,1201,217,12.055555555555555
7332,16,1009,179,11.1875
7333,15,918,170,11.333333333333334
7334,10,486,83,8.3
7335,14,755,144,10.285714285714286
7336,15,960,174,11.6
7337,16,905,181,11.3125
7338,16,937,170,10.625
7339,16,1014,202,12.625
7340,19,1254,246,12.947368421052632
7341,15,932,174,11.6
7342,17,1069,196,11.529411764705882
7343,16,1013,194,12.125
7344,13,746,140,10.76923076923077
7345,8,337,61,7.625
7346,17,1097,206,12.117647058823529
7347,18,1202,226,12.555555555555555
7348,16,1014,193,12.0625
7349,16,977,178,11.125
7350,16,936,170,10.625
7351,14,822,155,11.071428571428571
7352,16,947,187,11.6875
7353,15,884,166,11.066666666666666
7354,15,807,159,10.6
7355,16,917,179,11.1875
7356,15,842,163,10.866666666666667
7357,18,1172,232,12.88888888888889
7358,19,1188,227,11.947368421052632
7359,14,823,142,10.142857142857142
7360,18,1230,231,12.833333333333334
7361,18,1174,233,12.944444444444445
7362,8,235,39,4.875
7363,14,883,176,12.571428571428571
7364,14,798,156,11.142857142857142
7365,15,831,169,11.266666666666667
7366,15,944,187,12.466666666666667
7367,17,1113,216,12.705882352941176
7368,18,1170,230,12.777777777777779
7369,18,1199,235,13.055555555555555
7370,19,1258,256,13.473684210526315
7371,15,867,171,11.4
7372,18,1180,227,12.61111111111111
7373,13,669,114,8.76923076923077
7374,11,609,112,10.181818181818182
7375,16,1010,216,13.5
7376,17,1070,207,12.176470588235293
7377,18,1249,247,13.722222222222221
7378,15,894,174,11.6
7379,19,1258,248,13.052631578947368
7380,17,1132,224,13.176470588235293
7381,19,1293,273,14.368421052631579
7382,19,1277,262,13.789473684210526
7383,16,984,189,11.8125
7384,18,1114,207,11.5
7385,15,860,178,11.866666666666667
7386,11,579,116,10.545454545454545
7387,10,495,89,8.9
7388,18,1125,204,11.333333333333334
7389,16,1054,197,12.3125
7390,19,1306,254,13.368421052631579
7391,18,1182,223,12.38888888888889
7392,19,1193,226,11.894736842105264
7393,18,1231,221,12.277777777777779
7394,20,1355,240,12.0
7395,20,1361,265,13.25
7396,15,890,171,11.4
7397,12,717,136,11.333333333333334
7398,12,602,111,9.25
7399,15,839,159,10.6
7400,16,984,197,12.3125
7401,16,1068,206,12.875
7402,13,751,153,11.76923076923077
7403,16,918,187,11.6875
7404,16,994,205,12.8125
7405,17,1129,205,12.058823529411764
7406,19,1271,256,13.473684210526315
7407,19,1290,238,12.526315789473685
7408,18,1165,215,11.944444444444445
7409,19,1310,269,14.157894736842104
7410,19,1249,237,12.473684210526315
7411,17,1106,201,11.823529411764707
7412,7,209,38,5.428571428571429
7413,18,1170,221,12.277777777777779
7414,14,768,145,10.357142857142858
7415,14,855,170,12.142857142857142
7416,18,1164,214,11.88888888888889
7417,18,1226,233,12.944444444444445
7418,19,1304,271,14.263157894736842
7419,20,1375,256,12.8
7420,19,1289,245,12.894736842105264
7421,18,1187,215,11.944444444444445
7422,15,809,148,9.866666666666667
7423,17,1070,212,12.470588235294118
7424,16,972,172,10.75
7425,16,1017,190,11.875
7426,16,971,189,11.8125
7427,7,185,33,4.714285714285714
7428,16,957,186,11.625
7429,15,930,181,12.066666666666666
7430,15,861,175,11.666666666666666
7431,17,1068,208,12.235294117647058
7432,15,885,175,11.666666666666666
7433,14,745,151,10.785714285714286
7434,16,942,183,11.4375
7435,17,1090,227,13.352941176470589
7436,10,549,98,9.8
7437,15,913,172,11.466666666666667
7438,19,1244,235,12.368421052631579
7439,17,1104,220,12.941176470588236
7440,19,1245,244,12.842105263157896
7441,17,1132,227,13.352941176470589
7442,19,1304,271,14.263157894736842
7443,18,1105,214,11.88888888888889
7444,15,842,154,10.266666666666667
7445,15,912,169,11.266666666666667
7446,16,914,176,11.0
7447,16,1059,194,12.125
7448,12,652,124,10.333333333333334
7449,18,1191,223,12.38888888888889
7450,17,1140,223,13.117647058823529
7451,18,1184,231,12.833333333333334
7452,19,1276,253,13.31578947368421
7453,16,898,174,10.875
7454,13,711,133,10.23076923076923
7455,10,477,89,8.9
7456,16,963,175,10.9375
7457,17,1113,217,12.764705882352942
7458,18,1156,220,12.222222222222221
7459,18,1167,235,13.055555555555555
7460,18,1177,219,12.166666666666666
7461,18,1199,233,12.944444444444445
7462,13,734,145,11.153846153846153
7463,16,990,196,12.25
7464,17,1046,204,12.0
7465,16,1037,197,12.3125
7466,17,1155,216,12.705882352941176
7467,16,923,168,10.5
7468,9,405,75,8.333333333333334
7469,15,955,176,11.733333333333333
7470,17,1023,193,11.352941176470589
7471,16,1006,200,12.5
7472,12,697,130,10.833333333333334
7473,20,1364,261,13.05
7474,14,759,140,10.0
7475,17,1112,213,12.529411764705882
7476,15,781,149,9.933333333333334
7477,16,735,146,9.125
7478,16,852,159,9.9375
7479,15,890,171,11.4
7480,17,992,185,10.882352941176471
7481,12,588,108,9.0
7482,16,927,189,11.8125
7483,8,228,39,4.875
7484,14,930,185,13.214285714285714
7485,17,1051,205,12.058823529411764
7486,17,1146,232,13.647058823529411
7487,15,840,166,11.066666666666666
7488,17,1098,215,12.647058823529411
7489,17,1110,224,13.176470588235293
7490,16,1015,201,12.5625
7491,17,1040,214,12.588235294117647
7492,18,1173,232,12.88888888888889
7493,15,943,189,12.6
7494,19,1301,267,14.052631578947368
7495,14,741,147,10.5
7496,8,368,71,8.875
7497,20,1371,259,12.95
7498,18,1160,220,12.222222222222221
7499,15,973,189,12.6
7500,20,1315,259,12.95
7501,18,1225,237,13.166666666666666
7502,17,1108,206,12.117647058823529
7503,18,1103,231,12.833333333333334
7504,15,935,188,12.533333333333333
7505,17,1093,220,12.941176470588236
7506,18,1116,213,11.833333333333334
7507,18,1156,218,12.11111111111111
7508,17,1086,210,12.352941176470589
7509,16,1009,195,12.1875
7510,17,1107,215,12.647058823529411
7511,16,1014,193,12.0625
7512,20,1380,267,13.35
7513,18,1145,216,12.0
7514,17,1016,188,11.058823529411764
7515,17,1125,218,12.823529411764707
7516,17,975,188,11.058823529411764
7517,13,726,141,10.846153846153847
7518,11,582,111,10.090909090909092
7519,20,1359,249,12.45
7520,18,1203,216,12.0
7521,16,922,195,12.1875
7522,10,458,85,8.5
7523,14,891,159,11.357142857142858
7524,16,910,177,11.0625
7525,17,1054,202,11.882352941176471
7526,18,1183,222,12.333333333333334
7527,16,1016,195,12.1875
7528,19,1218,234,12.31578947368421
7529,18,1222,224,12.444444444444445
7530,18,1213,240,13.333333333333334
7531,17,1106,209,12.294117647058824
7532,18,1210,231,12.833333333333334
7533,17,1099,207,12.176470588235293
7534,17,1116,214,12.588235294117647
7535,18,1179,228,12.666666666666666
7536,4,278,55,13.75
7537,27,57319,9559,354.037037037037
7799,1,23,5,5.0
7800,1,13,2,2.0
7801,1,9,2,2.0
7802,1,83,14,14.0
7803,1,85,14,14.0
7804,1,90,18,18.0
7805,1,85,16,16.0
7806,1,45,9,9.0
7807,1,85,17,17.0
7808,1,79,14,14.0
7809,1,84,15,15.0
7810,1,4,1,1.0
7811,1,80,14,14.0
7812,1,89,19,19.0
7813,1,53,11,11.0
7814,1,78,13,13.0
7815,1,87,14,14.0
7816,1,85,18,18.0
7817,1,81,12,12.0
7818,1,80,14,14.0
7819,1,14,2,2.0
7820,1,77,13,13.0
7821,1,33,7,7.0
7822,1,46,7,7.0
7823,1,35,6,6.0
7824,1,52,11,11.0
7825,1,41,6,6.0
7826,1,71,13,13.0
7827,1,42,8,8.0
7828,1,31,7,7.0
7829,1,79,13,13.0
7830,1,24,5,5.0
7831,1,70,14,14.0
7832,1,83,14,14.0
7833,1,85,17,17.0
7834,1,90,17,17.0
7835,1,4,1,1.0
7836,1,80,15,15.0
7837,1,85,15,15.0
7838,1,33,7,7.0
7839,1,72,12,12.0
7840,1,91,15,15.0
7841,1,89,16,16.0
7842,1,48,10,10.0
7843,1,83,20,20.0
7844,1,91,18,18.0
7845,1,82,15,15.0
7846,1,9,1,1.0
7847,1,7,2,2.0
7848,1,80,15,15.0
7849,1,16,2,2.0
7850,1,43,9,9.0
7851,1,79,15,15.0
7852,1,76,12,12.0
7853,1,6,1,1.0
7854,1,42,7,7.0
7855,1,76,17,17.0
7856,1,29,6,6.0
7857,1,37,7,7.0
7858,1,75,15,15.0
7859,1,80,15,15.0
7860,1,81,18,18.0
7861,1,30,7,7.0
7862,1,31,7,7.0
7863,1,27,6,6.0
7864,1,75,12,12.0
7865,1,76,14,14.0
7866,1,78,13,13.0
7867,1,84,16,16.0
7868,1,89,15,15.0
7869,1,94,20,20.0
7870,1,88,17,17.0
7871,1,82,13,13.0
7872,1,82,15,15.0
7873,1,83,14,14.0
7874,1,85,18,18.0
7875,1,81,16,16.0
7876,1,72,12,12.0
7877,1,38,7,7.0
7878,1,68,9,9.0
7879,1,76,12,12.0
7880,1,36,6,6.0
7881,1,32,5,5.0
7882,1,10,2,2.0
7883,1,74,14,14.0
7884,1,83,14,14.0
7885,1,88,18,18.0
7886,1,83,15,15.0
7887,1,81,15,15.0
7888,1,64,14,14.0
7889,1,77,13,13.0
7890,1,20,4,4.0
7891,1,57,7,7.0
7892,1,69,11,11.0
7893,1,74,12,12.0
7894,1,20,3,3.0
7895,1,6,1,1.0
7896,1,75,17,17.0
7897,1,21,3,3.0
7898,1,72,13,13.0
7899,1,90,15,15.0
7900,1,83,17,17.0
7901,1,87,17,17.0
7902,1,18,4,4.0
7903,1,77,12,12.0
7904,1,59,12,12.0
7905,1,72,14,14.0
7906,1,24,5,5.0
7907,1,66,12,12.0
7908,2,96,17,8.5
7909,1,80,15,15.0
7911,2,178,30,15.0
7912,1,84,14,14.0
7914,2,174,29,14.5
7915,1,82,14,14.0
7916,1,97,22,22.0
7917,1,89,17,17.0
7918,1,88,18,18.0
7919,1,72,11,11.0
7920,1,78,14,14.0
7921,1,38,6,6.0
7922,1,74,12,12.0
7923,1,82,15,15.0
7924,1,81,15,15.0
7925,1,86,15,15.0
7926,1,69,12,12.0
7927,1,10,2,2.0
7928,1,74,13,13.0
7929,1,90,17,17.0
7930,1,96,22,22.0
7931,1,92,21,21.0
7932,1,89,19,19.0
7933,1,84,16,16.0
7934,1,33,7,7.0
7935,1,35,7,7.0
7936,1,74,16,16.0
7937,1,80,13,13.0
7938,1,89,17,17.0
7939,1,82,19,19.0
7940,1,31,7,7.0
7941,1,79,17,17.0
7942,1,83,18,18.0
7943,1,87,16,16.0
7944,1,91,19,19.0
7945,1,51,8,8.0
7946,1,47,9,9.0
7947,1,9,2,2.0
7948,1,81,11,11.0
7949,1,86,17,17.0
7950,1,86,17,17.0
7951,1,82,13,13.0
7952,1,21,4,4.0
7953,1,77,16,16.0
7954,1,33,5,5.0
7955,1,79,14,14.0
7956,1,56,11,11.0
7957,1,32,7,7.0
7958,1,60,12,12.0
7959,1,77,16,16.0
7960,1,48,8,8.0
7961,1,55,9,9.0
7962,1,79,16,16.0
7963,1,72,16,16.0
7964,1,71,15,15.0
7965,1,88,18,18.0
7966,1,39,6,6.0
7967,1,78,15,15.0
7968,1,84,18,18.0
7969,1,58,11,11.0
7970,1,81,13,13.0
7971,1,89,15,15.0
7972,1,88,16,16.0
7973,1,34,7,7.0
7974,1,58,10,10.0
7975,1,80,17,17.0
7976,1,30,7,7.0
7977,1,79,15,15.0
7978,1,85,17,17.0
7979,1,13,4,4.0
7980,1,81,15,15.0
7981,1,84,16,16.0
7982,1,48,10,10.0
7983,1,82,18,18.0
7984,1,39,8,8.0
7985,1,46,10,10.0
7986,1,81,16,16.0
7987,1,6,1,1.0
7988,1,73,13,13.0
7989,1,36,7,7.0
7990,1,68,14,14.0
7991,1,22,4,4.0
7992,1,62,12,12.0
7993,1,19,4,4.0
7994,1,33,9,9.0
7995,1,35,6,6.0
7996,1,78,17,17.0
7997,1,92,21,21.0
7998,1,50,12,12.0
7999,1,64,11,11.0
8000,1,87,20,20.0
8001,1,90,20,20.0
8002,1,88,20,20.0
8003,1,81,13,13.0
8004,1,20,5,5.0
8005,1,37,7,7.0
8006,1,25,4,4.0
8007,1,64,13,13.0
8008,1,10,0,0.0
8009,1,83,14,14.0
8010,1,87,14,14.0
8011,1,87,14,14.0
8012,1,88,17,17.0
8013,1,94,17,17.0
8014,1,44,9,9.0
8015,1,80,13,13.0
8016,1,91,16,16.0
8017,1,85,16,16.0
8018,1,83,15,15.0
8019,1,84,16,16.0
8020,1,87,14,14.0
8021,1,95,19,19.0
8022,1,12,2,2.0
8023,1,83,15,15.0
8024,1,24,3,3.0
8025,1,79,15,15.0
8026,1,60,13,13.0
8027,1,11,2,2.0
8028,1,79,15,15.0
8029,1,90,17,17.0
8030,1,59,11,11.0
8031,1,31,6,6.0
8032,1,81,18,18.0
8033,1,84,17,17.0
8034,1,76,13,13.0
8035,1,81,13,13.0
8036,1,33,7,7.0
8037,1,78,15,15.0
8038,1,87,18,18.0
8039,1,81,18,18.0
8040,1,93,16,16.0
8041,1,82,14,14.0
8042,1,83,15,15.0
8043,1,15,2,2.0
8044,1,77,14,14.0
8045,1,83,15,15.0
8046,1,87,16,16.0
8047,1,88,16,16.0
8048,1,84,14,14.0
8049,1,25,4,4.0
8050,1,84,13,13.0
8051,1,85,18,18.0
8052,1,87,14,14.0
8053,1,81,13,13.0
8054,1,88,15,15.0
8055,1,88,17,17.0
8056,1,82,13,13.0
8057,1,86,17,17.0
8058,1,89,19,19.0
8059,1,14,2,2.0
8060,1,81,15,15.0
8061,1,90,16,16.0
8062,1,9,2,2.0
8063,1,81,15,15.0
8064,1,64,12,12.0
8065,1,82,14,14.0
8066,1,93,19,19.0
8067,1,85,18,18.0
8068,1,11,2,2.0
8069,1,72,13,13.0
8070,1,87,17,17.0
8071,1,60,12,12.0
8072,1,80,16,16.0
8073,1,48,9,9.0
8074,1,42,7,7.0
8075,1,79,14,14.0
8076,1,88,14,14.0
8077,1,88,20,20.0
8078,1,5,1,1.0
8079,1,81,16,16.0
8080,1,61,12,12.0
8081,1,18,4,4.0
8082,1,86,18,18.0
8083,1,87,19,19.0
8084,1,93,18,18.0
8085,2,180,37,18.5
8086,1,76,11,11.0
8087,1,77,14,14.0
8088,1,85,15,15.0
8089,1,89,17,17.0
8090,1,90,17,17.0
8091,1,82,16,16.0
8092,1,52,12,12.0
8093,1,83,17,17.0
8094,1,66,12,12.0
8095,1,9,2,2.0
8096,1,86,16,16.0
8097,1,95,21,21.0
8098,1,92,17,17.0
8099,1,92,18,18.0
8100,1,85,14,14.0
8101,1,81,13,13.0
8102,1,83,18,18.0
8103,1,59,12,12.0
8104,1,85,15,15.0
8105,1,6,1,1.0
8106,1,49,9,9.0
8107,1,30,6,6.0
8108,1,77,16,16.0
8109,1,6,1,1.0
8110,1,80,15,15.0
8111,1,22,4,4.0
8112,1,82,14,14.0
8113,1,83,16,16.0
8114,1,55,10,10.0
8115,1,74,16,16.0
8116,1,22,4,4.0
8117,1,79,14,14.0
8118,1,60,10,10.0
8119,1,76,15,15.0
8120,1,91,17,17.0
8121,1,6,1,1.0
8122,1,78,15,15.0
8123,1,32,5,5.0
8124,1,81,15,15.0
8125,1,11,2,2.0
8126,1,77,14,14.0
8127,1,8,1,1.0
8128,1,12,3,3.0
8129,1,29,5,5.0
8130,1,59,11,11.0
8131,1,55,10,10.0
8132,1,6,1,1.0
8133,1,30,5,5.0
8134,1,5,1,1.0
8135,1,77,15,15.0
8136,1,65,13,13.0
8137,1,29,7,7.0
8138,1,83,18,18.0
8139,1,13,1,1.0
8140,1,47,9,9.0
8141,1,60,12,12.0
8142,1,10,3,3.0
8143,1,20,4,4.0
8144,1,6,1,1.0
8145,1,13,2,2.0
8146,1,80,15,15.0
8147,1,89,20,20.0
8148,1,90,21,21.0
8149,1,83,14,14.0
8150,1,51,12,12.0
8151,1,20,2,2.0
8152,1,72,15,15.0
8153,1,80,14,14.0
8154,1,72,13,13.0
8155,1,26,4,4.0
8156,1,81,17,17.0
8157,1,8,1,1.0
8158,1,85,16,16.0
8159,1,89,17,17.0
8160,1,15,3,3.0
8161,1,80,13,13.0
8162,1,47,8,8.0
8163,1,52,10,10.0
8164,1,40,7,7.0
8165,1,74,15,15.0
8166,1,55,9,9.0
8167,1,32,5,5.0
8168,1,81,15,15.0
8169,1,14,3,3.0
8170,1,82,15,15.0
8171,1,8,2,2.0
8172,1,6,1,1.0
8173,2,111,22,11.0
8174,1,79,16,16.0
8175,1,79,14,14.0
8176,1,23,4,4.0
8177,1,80,18,18.0
8178,1,40,9,9.0
8179,1,25,5,5.0
8180,1,78,17,17.0
8181,1,9,1,1.0
8182,1,70,15,15.0
8183,1,12,2,2.0
8184,1,40,8,8.0
8185,1,80,16,16.0
8186,1,20,4,4.0
8187,1,35,7,7.0
8188,1,25,5,5.0
8189,1,24,6,6.0
8190,1,48,9,9.0
8191,1,39,8,8.0
8192,1,43,9,9.0
8193,1,71,14,14.0
8194,1,11,1,1.0
8195,1,44,9,9.0
8196,1,61,11,11.0
8197,1,60,11,11.0
8198,1,78,13,13.0
8199,1,89,17,17.0
8200,1,11,2,2.0
8201,1,20,4,4.0
8202,1,78,14,14.0
8203,1,87,15,15.0
8204,1,52,9,9.0
8205,1,27,6,6.0
8206,1,74,15,15.0
8207,1,15,3,3.0
8208,1,22,5,5.0
8209,1,83,16,16.0
8210,1,5,1,1.0
8211,1,33,6,6.0
8212,1,71,14,14.0
8213,1,81,15,15.0
8214,1,87,16,16.0
8215,1,88,19,19.0
8216,1,80,13,13.0
8217,1,81,15,15.0
8218,1,33,6,6.0
8219,1,79,14,14.0
8220,1,83,19,19.0
8221,1,88,19,19.0
8222,1,11,2,2.0
8223,1,75,13,13.0
8224,1,18,2,2.0
8225,1,6,1,1.0
8226,1,77,14,14.0
8227,1,79,17,17.0
8228,1,85,13,13.0
8229,1,65,10,10.0
8230,1,40,5,5.0
8231,1,78,13,13.0
8232,1,81,13,13.0
8233,1,85,15,15.0
8234,1,80,13,13.0
8235,1,80,12,12.0
8236,1,54,8,8.0
8237,1,42,6,6.0
8238,1,13,3,3.0
8239,1,82,13,13.0
8240,1,28,4,4.0
8241,1,45,8,8.0
8242,1,78,17,17.0
8243,1,31,6,6.0
8244,1,80,16,16.0
8245,1,14,2,2.0
8246,1,24,5,5.0
8247,1,25,4,4.0
8248,1,14,3,3.0
8249,1,86,16,16.0
8250,1,64,12,12.0
8251,1,5,1,1.0
8252,1,39,8,8.0
8253,1,36,7,7.0
8254,1,38,7,7.0
8255,1,20,3,3.0
8256,1,36,6,6.0
8257,1,82,16,16.0
8258,1,10,2,2.0
8259,1,39,7,7.0
8260,1,29,5,5.0
8261,1,13,2,2.0
8262,1,17,2,2.0
8263,1,70,14,14.0
8264,1,14,2,2.0
8265,1,6,1,1.0
8266,1,10,2,2.0
8267,1,53,11,11.0
8268,1,34,8,8.0
8269,1,51,10,10.0
8270,1,9,1,1.0
8271,1,56,10,10.0
8272,1,84,13,13.0
8273,1,38,5,5.0
8274,1,33,4,4.0
8275,1,80,14,14.0
8276,1,19,3,3.0
8277,1,78,15,15.0
8278,1,40,7,7.0
8279,1,66,12,12.0
8280,1,51,10,10.0
8281,1,12,1,1.0
8282,1,13,2,2.0
8283,1,52,10,10.0
8284,1,79,15,15.0
8285,1,83,14,14.0
8286,1,87,16,16.0
8287,1,82,16,16.0
8288,1,62,13,13.0
8289,1,86,17,17.0
8290,1,70,13,13.0
8291,1,15,1,1.0
8292,1,82,13,13.0
8293,1,87,15,15.0
8294,1,93,19,19.0
8295,1,34,7,7.0
8296,1,50,11,11.0
8297,1,79,15,15.0
8298,1,73,11,11.0
8299,1,80,16,16.0
8300,1,88,18,18.0
8301,1,86,18,18.0
8302,1,92,15,15.0
8303,1,87,16,16.0
8304,1,88,18,18.0
8305,1,88,16,16.0
8306,1,169,31,31.0
8307,1,170,34,34.0
8308,1,88,14,14.0
8309,1,88,19,19.0
8310,1,92,18,18.0
8311,1,66,14,14.0
8312,1,79,18,18.0
8313,1,57,11,11.0
8314,1,78,17,17.0
8315,1,88,17,17.0
8316,1,82,16,16.0
8317,1,92,20,20.0
8318,1,86,16,16.0
8319,1,36,7,7.0
8320,1,45,8,8.0
8321,1,21,3,3.0
8322,1,78,17,17.0
8323,1,89,18,18.0
8324,2,26,3,1.5
8325,1,79,15,15.0
8326,1,83,17,17.0
8327,1,87,19,19.0
8328,1,67,12,12.0
8329,1,6,1,1.0
8330,1,77,16,16.0
8331,1,16,2,2.0
8332,1,17,3,3.0
8333,1,79,16,16.0
8334,1,83,17,17.0
8335,1,23,3,3.0
8336,1,21,3,3.0
8337,1,78,15,15.0
8338,1,39,6,6.0
8339,1,16,3,3.0
8340,1,83,17,17.0
8341,1,51,9,9.0
8342,1,83,15,15.0
8343,1,90,18,18.0
8344,1,40,9,9.0
8345,1,81,14,14.0
8346,1,90,16,16.0
8347,1,91,16,16.0
8348,1,82,15,15.0
8349,1,87,17,17.0
8350,1,85,15,15.0
8351,1,31,5,5.0
8352,1,81,14,14.0
8353,1,19,4,4.0
8354,1,80,14,14.0
8355,1,91,17,17.0
8356,1,5,1,1.0
8357,1,78,15,15.0
8358,1,89,18,18.0
8359,1,16,2,2.0
8360,1,19,2,2.0
8361,1,76,16,16.0
8362,1,8,1,1.0
8363,1,31,4,4.0
8364,1,79,15,15.0
8365,1,5,1,1.0
8366,1,49,9,9.0
8367,1,74,15,15.0
8368,1,21,5,5.0
8369,1,82,17,17.0
8370,1,76,14,14.0
8371,1,76,14,14.0
8372,1,4,1,1.0
8373,1,73,13,13.0
8374,1,87,15,15.0
8375,1,88,17,17.0
8376,1,82,16,16.0
8377,1,42,9,9.0
8378,1,83,19,19.0
8379,1,46,8,8.0
8380,1,26,5,5.0
8381,1,79,14,14.0
8382,1,85,18,18.0
8383,1,90,17,17.0
8384,1,86,19,19.0
8385,1,63,13,13.0
8386,1,9,2,2.0
8387,1,79,13,13.0
8388,1,82,17,17.0
8389,1,86,15,15.0
8390,1,32,7,7.0
8391,1,78,18,18.0
8392,1,18,3,3.0
8393,1,81,15,15.0
8394,1,67,12,12.0
8395,1,77,16,16.0
8396,1,85,15,15.0
8397,1,69,13,13.0
8398,1,76,16,16.0
8399,1,81,15,15.0
8400,1,74,13,13.0
8401,1,79,17,17.0
8402,1,17,3,3.0
8403,1,81,17,17.0
8404,1,67,8,8.0
8405,1,80,14,14.0
8406,1,87,17,17.0
8407,1,34,5,5.0
8408,1,171,30,30.0
8409,1,82,12,12.0
8410,1,82,16,16.0
8411,1,41,6,6.0
8412,1,80,12,12.0
8413,1,74,12,12.0
8414,1,74,14,14.0
8415,1,83,17,17.0
8416,1,84,15,15.0
8417,1,74,14,14.0
8418,1,76,14,14.0
8419,1,78,12,12.0
8420,1,77,13,13.0
8421,1,84,14,14.0
8422,1,42,5,5.0
8423,1,80,12,12.0
8424,1,90,16,16.0
8425,1,89,16,16.0
8426,1,44,6,6.0
8427,1,75,11,11.0
8428,2,154,24,12.0
8429,1,81,13,13.0
8430,1,81,13,13.0
8431,1,82,15,15.0
8432,1,87,15,15.0
8433,1,88,13,13.0
8434,1,39,6,6.0
8435,1,76,14,14.0
8436,1,7,1,1.0
8437,1,81,17,17.0
8438,1,86,13,13.0
8439,1,29,6,6.0
8440,1,78,12,12.0
8441,1,83,16,16.0
8442,1,22,4,4.0
8443,1,77,13,13.0
8444,1,15,3,3.0
8445,1,16,2,2.0
8446,1,84,15,15.0
8447,1,90,16,16.0
8448,1,94,21,21.0
8449,1,84,15,15.0
8450,1,80,16,16.0
8451,1,53,8,8.0
8452,1,35,7,7.0
8453,1,42,7,7.0
8454,1,10,2,2.0
8455,1,82,17,17.0
8456,1,77,15,15.0
8457,1,42,9,9.0
8458,1,10,0,0.0
8459,1,75,11,11.0
8460,1,84,15,15.0
8461,1,85,15,15.0
8462,1,26,5,5.0
8463,1,41,8,8.0
8464,1,75,14,14.0
8465,1,34,5,5.0
8466,1,45,9,9.0
8467,1,82,19,19.0
8468,1,5,1,1.0
8469,1,79,14,14.0
8470,1,85,16,16.0
8471,1,88,14,14.0
8472,1,18,4,4.0
8473,1,9,2,2.0
8474,1,81,17,17.0
8475,1,88,17,17.0
8476,1,90,16,16.0
8477,1,63,14,14.0
8478,1,79,15,15.0
8479,1,91,18,18.0
8480,1,88,18,18.0
8481,1,36,6,6.0
8482,1,81,16,16.0
8483,1,75,16,16.0
8484,1,80,15,15.0
8485,1,82,14,14.0
8486,1,90,17,17.0
8487,1,82,15,15.0
8488,1,91,17,17.0
8489,1,33,5,5.0
8490,1,69,15,15.0
8491,1,76,15,15.0
8492,1,79,15,15.0
8493,1,85,17,17.0
8494,1,85,18,18.0
8495,1,85,17,17.0
8496,1,88,16,16.0
8497,1,83,16,16.0
8498,1,11,1,1.0
8499,1,71,13,13.0
8500,1,89,16,16.0
8501,1,27,5,5.0
8502,1,79,13,13.0
8503,1,94,20,20.0
8504,1,89,17,17.0
8505,1,92,20,20.0
8506,1,12,3,3.0
8507,1,84,17,17.0
8508,1,90,18,18.0
8509,1,11,2,2.0
8510,1,76,15,15.0
8511,1,40,9,9.0
8512,1,9,2,2.0
8513,1,75,12,12.0
8514,1,8,1,1.0
8515,1,3,1,1.0
8516,1,30,6,6.0
8517,1,37,7,7.0
8518,1,33,7,7.0
8519,1,37,7,7.0
8520,1,37,6,6.0
8521,1,21,3,3.0
8522,1,28,5,5.0
8523,1,41,7,7.0
8524,1,2,1,1.0
8525,1,5,1,1.0
8526,1,9,2,2.0
8527,1,77,13,13.0
8528,1,87,18,18.0
8529,1,44,7,7.0
8530,1,78,15,15.0
8531,1,10,2,2.0
8532,1,80,11,11.0
8533,1,85,15,15.0
8534,1,89,16,16.0
8535,1,21,5,5.0
8536,1,77,14,14.0
8537,1,85,16,16.0
8538,1,88,17,17.0
8539,1,90,17,17.0
8540,1,31,7,7.0
8541,1,78,14,14.0
8542,1,51,8,8.0
8543,1,73,11,11.0
8544,1,82,15,15.0
8545,1,87,14,14.0
8546,1,81,15,15.0
8547,1,90,18,18.0
8548,1,9,1,1.0
8549,1,77,15,15.0
8550,1,87,17,17.0
8551,1,89,15,15.0
8552,1,22,4,4.0
8553,1,80,14,14.0
8554,1,82,14,14.0
8555,1,91,16,16.0
8556,1,79,16,16.0
8557,1,8,1,1.0
8558,1,79,16,16.0
8559,1,83,15,15.0
8560,1,82,15,15.0
8561,1,85,13,13.0
8562,1,87,19,19.0
8563,1,78,11,11.0
8564,1,25,3,3.0
8565,1,75,14,14.0
8566,1,35,6,6.0
8567,1,46,7,7.0
8568,1,50,1,1.0
8569,1,55,11,11.0
8570,1,43,1,1.0
8571,1,55,11,11.0
8572,1,29,3,3.0
8573,2,170,31,15.5
8574,1,90,17,17.0
8575,1,90,18,18.0
8576,1,88,17,17.0
8577,1,88,13,13.0
8578,1,93,18,18.0
8579,1,89,16,16.0
8580,1,66,13,13.0
8581,1,77,15,15.0
8582,1,80,14,14.0
8583,1,89,16,16.0
8584,1,80,14,14.0
8585,1,86,15,15.0
8586,1,24,3,3.0
8587,1,78,14,14.0
8588,1,32,8,8.0
8589,1,71,15,15.0
8590,1,89,14,14.0
8591,1,91,17,17.0
8592,1,16,4,4.0
8593,1,77,14,14.0
8594,1,82,19,19.0
8595,1,19,2,2.0
8596,1,81,15,15.0
8597,1,79,16,16.0
8598,1,85,15,15.0
8599,1,90,17,17.0
8600,1,86,15,15.0
8601,1,14,3,3.0
8602,1,83,17,17.0
8603,1,84,15,15.0
8604,1,64,15,15.0
8605,1,77,15,15.0
8606,1,66,14,14.0
8607,1,58,10,10.0
8608,1,24,4,4.0
8609,1,26,5,5.0
8610,1,79,18,18.0
8611,1,37,7,7.0
8612,1,83,17,17.0
8613,1,56,11,11.0
8614,1,81,19,19.0
8615,1,46,7,7.0
8616,1,79,15,15.0
8617,1,24,4,4.0
8618,1,84,16,16.0
8619,1,46,9,9.0
8620,1,79,16,16.0
8621,1,87,18,18.0
8622,1,61,11,11.0
8623,1,9,1,1.0
8624,1,78,15,15.0
8625,1,77,18,18.0
8626,1,18,3,3.0
8627,1,78,14,14.0
8628,1,66,13,13.0
8629,1,41,9,9.0
8630,1,24,4,4.0
8631,1,11,2,2.0
8632,1,81,18,18.0
8633,1,37,9,9.0
8634,1,63,11,11.0
8635,1,79,16,16.0
8636,1,7,2,2.0
8637,1,85,18,18.0
8638,2,128,29,14.5
8639,1,78,14,14.0
8640,1,28,4,4.0
8641,1,76,12,12.0
8642,1,88,16,16.0
8643,1,8,1,1.0
8644,1,77,13,13.0
8645,1,15,2,2.0
8646,1,82,14,14.0
8647,1,83,18,18.0
8648,1,6,1,1.0
8649,1,82,18,18.0
8650,1,53,11,11.0
8651,1,78,15,15.0
8652,1,89,16,16.0
8653,1,81,15,15.0
8654,1,28,5,5.0
8655,1,81,15,15.0
8656,1,82,14,14.0
8657,1,55,10,10.0
8658,1,80,13,13.0
8659,1,89,17,17.0
8660,1,9,2,2.0
8661,1,72,12,12.0
8662,1,90,17,17.0
8663,1,21,5,5.0
8664,1,46,10,10.0
8665,1,75,11,11.0
8666,1,88,13,13.0
8667,1,92,19,19.0
8668,1,79,16,16.0
8669,1,22,2,2.0
8670,1,79,13,13.0
8671,1,72,11,11.0
8672,2,138,23,11.5
8673,1,20,4,4.0
8674,1,78,13,13.0
8676,2,95,18,9.0
8677,1,36,9,9.0
8678,1,84,17,17.0
8679,1,88,19,19.0
8680,1,90,19,19.0
8681,1,81,15,15.0
8682,1,40,9,9.0
8683,1,82,17,17.0
8684,1,4,1,1.0
8685,1,50,12,12.0
8686,1,29,5,5.0
8687,1,83,18,18.0
8688,1,28,7,7.0
8689,1,5,1,1.0
8690,1,81,18,18.0
8691,1,64,13,13.0
8692,1,28,5,5.0
8693,1,30,4,4.0
8694,1,37,6,6.0
8695,1,80,18,18.0
8696,1,85,16,16.0
8697,1,40,10,10.0
8698,1,28,5,5.0
8699,1,6,1,1.0
8700,1,58,12,12.0
8701,1,61,11,11.0
8702,1,84,14,14.0
8703,1,77,11,11.0
8704,1,89,16,16.0
8705,1,66,14,14.0
8706,1,79,15,15.0
8707,1,86,17,17.0
8708,1,25,5,5.0
8709,1,38,7,7.0
8710,1,58,13,13.0
8711,1,13,3,3.0
8712,1,24,4,4.0
8713,1,15,2,2.0
8714,1,70,12,12.0
8715,1,65,11,11.0
8716,1,82,16,16.0
8717,1,77,13,13.0
8718,1,14,2,2.0
8719,1,76,14,14.0
8720,1,92,18,18.0
8721,1,86,14,14.0
8722,1,82,13,13.0
8723,1,94,19,19.0
8724,1,84,16,16.0
8725,1,83,16,16.0
8726,1,78,17,17.0
8727,1,42,7,7.0
8728,2,68,13,6.5
8729,1,32,7,7.0
8730,1,31,7,7.0
8731,1,15,2,2.0
8733,1,9,2,2.0
8734,1,77,15,15.0
8735,1,88,16,16.0
8736,1,91,18,18.0
8737,1,89,17,17.0
8738,1,80,15,15.0
8739,1,82,14,14.0
8740,1,89,17,17.0
8741,1,82,14,14.0
8742,1,57,10,10.0
8743,1,74,13,13.0
8744,1,83,15,15.0
8745,1,93,16,16.0
8746,1,87,13,13.0
8747,1,82,16,16.0
8748,1,77,13,13.0
8749,1,78,16,16.0
8750,1,82,15,15.0
8751,1,60,9,9.0
8752,1,77,13,13.0
8753,1,89,15,15.0
8754,1,89,16,16.0
8755,1,63,12,12.0
8756,1,80,12,12.0
8757,1,84,15,15.0
8758,1,82,14,14.0
8759,1,75,16,16.0
8760,1,79,13,13.0
8761,1,67,11,11.0
8762,1,82,15,15.0
8763,1,88,16,16.0
8764,1,91,15,15.0
8765,1,91,13,13.0
8766,1,88,15,15.0
8767,1,86,14,14.0
8768,1,18,2,2.0
8769,1,84,13,13.0
8770,1,91,17,17.0
8771,1,87,16,16.0
8772,1,86,16,16.0
8773,1,43,8,8.0
8774,1,78,14,14.0
8775,1,87,16,16.0
8776,1,89,19,19.0
8777,1,77,14,14.0
8778,1,81,17,17.0
8779,1,89,19,19.0
8780,1,84,15,15.0
8781,1,82,15,15.0
8782,1,5,1,1.0
8783,1,78,16,16.0
8784,1,86,15,15.0
8785,1,88,16,16.0
8786,1,33,7,7.0
8787,1,82,18,18.0
8788,1,89,19,19.0
8789,1,8,1,1.0
8790,1,78,13,13.0
8791,1,88,16,16.0
8792,1,83,16,16.0
8793,1,84,17,17.0
8794,1,56,11,11.0
8795,1,79,17,17.0
8796,1,11,2,2.0
8797,1,76,19,19.0
8798,1,78,17,17.0
8799,1,79,15,15.0
8800,1,90,17,17.0
8801,1,88,18,18.0
8802,1,83,14,14.0
8803,1,79,16,16.0
8804,1,93,20,20.0
8805,1,80,17,17.0
8806,1,24,4,4.0
8807,1,80,16,16.0
8808,1,42,7,7.0
8809,1,76,14,14.0
8810,1,80,14,14.0
8811,2,131,23,11.5
8812,1,52,10,10.0
8813,1,80,18,18.0
8814,1,89,16,16.0
8815,1,72,16,16.0
8816,1,82,17,17.0
8817,1,173,33,33.0
8818,1,88,18,18.0
8819,1,84,18,18.0
8820,1,36,8,8.0
8821,1,80,17,17.0
8823,2,162,34,17.0
8824,1,18,4,4.0
8825,1,79,15,15.0
8826,1,89,16,16.0
8827,1,19,4,4.0
8828,1,79,13,13.0
8829,1,86,17,17.0
8830,1,9,2,2.0
8831,1,78,14,14.0
8832,1,52,11,11.0
8833,1,42,7,7.0
8834,1,33,8,8.0
8835,1,77,14,14.0
8836,1,41,6,6.0
8837,1,80,17,17.0
8838,1,89,18,18.0
8839,1,89,18,18.0
8840,1,64,15,15.0
8841,1,71,14,14.0
8842,1,81,17,17.0
8843,1,87,18,18.0
8844,1,85,18,18.0
8845,1,86,17,17.0
8846,1,21,3,3.0
8847,1,86,15,15.0
8848,1,74,14,14.0
8849,1,52,12,12.0
8850,1,79,16,16.0
8851,1,77,14,14.0
8852,1,77,12,12.0
8853,1,40,8,8.0
8854,1,84,18,18.0
8855,1,86,14,14.0
8856,1,87,16,16.0
8857,1,87,18,18.0
8858,1,89,16,16.0
8859,1,87,13,13.0
8860,1,6,1,1.0
8861,1,83,17,17.0
8862,1,79,17,17.0
8863,1,79,14,14.0
8864,1,85,17,17.0
8865,1,75,14,14.0
8866,1,91,19,19.0
8867,1,46,11,11.0
8868,1,52,9,9.0
8869,1,77,14,14.0
8870,1,87,16,16.0
8871,1,24,6,6.0
8872,1,59,10,10.0
8873,1,17,4,4.0
8874,1,5,1,1.0
8875,1,76,15,15.0
8876,1,89,16,16.0
8877,1,3,1,1.0
8878,1,47,10,10.0
8879,1,83,18,18.0
8880,1,92,21,21.0
8881,1,86,16,16.0
8882,1,81,17,17.0
8883,1,8,1,1.0
8884,1,80,18,18.0
8885,1,89,16,16.0
8886,1,82,16,16.0
8887,1,88,16,16.0
8888,2,178,39,19.5
8889,1,89,18,18.0
8890,1,19,4,4.0
8891,1,81,16,16.0
8892,1,88,17,17.0
8893,1,89,17,17.0
8894,1,84,18,18.0
8895,1,72,12,12.0
8896,1,82,16,16.0
8897,1,93,21,21.0
8898,1,87,19,19.0
8899,1,88,17,17.0
8900,1,59,11,11.0
8901,1,62,7,7.0
8902,1,28,6,6.0
8903,1,24,3,3.0
8904,1,53,10,10.0
8905,1,50,9,9.0
8906,1,63,12,12.0
8907,1,80,17,17.0
8908,1,89,21,21.0
8909,1,85,20,20.0
8910,1,88,18,18.0
8911,1,86,19,19.0
8912,1,86,17,17.0
8913,1,85,17,17.0
8914,1,82,16,16.0
8915,1,10,1,1.0
8916,1,21,4,4.0
8917,1,78,14,14.0
8918,1,59,12,12.0
8919,1,76,16,16.0
8920,1,92,19,19.0
8921,1,84,16,16.0
8922,1,62,13,13.0
8923,1,78,15,15.0
8924,1,86,15,15.0
8925,1,80,12,12.0
8926,1,75,15,15.0
8927,1,48,10,10.0
8928,1,74,17,17.0
8929,1,85,15,15.0
8930,1,85,15,15.0
8931,1,66,15,15.0
8932,1,83,14,14.0
8933,1,89,16,16.0
8934,1,92,18,18.0
8935,1,94,18,18.0
8936,1,88,17,17.0
8937,1,90,15,15.0
8938,1,91,17,17.0
8939,1,81,15,15.0
8940,1,7,1,1.0
8941,1,79,13,13.0
8942,1,91,16,16.0
8943,1,74,14,14.0
8944,1,74,16,16.0
8945,1,89,17,17.0
8946,1,83,18,18.0
8947,1,89,15,15.0
8948,1,91,19,19.0
8949,1,83,15,15.0
8950,1,86,15,15.0
8951,1,76,15,15.0
8952,1,82,16,16.0
8953,1,93,20,20.0
8954,1,88,16,16.0
8955,1,83,15,15.0
8956,1,92,17,17.0
8957,1,49,8,8.0
8958,1,75,14,14.0
8959,1,84,16,16.0
8960,1,84,18,18.0
8961,1,55,10,10.0
8962,1,79,15,15.0
8963,2,179,32,16.0
8964,1,85,16,16.0
8965,1,89,19,19.0
8966,1,89,16,16.0
8967,1,9,2,2.0
8968,1,81,12,12.0
8969,1,88,16,16.0
8970,1,85,18,18.0
8971,1,5,1,1.0
8972,1,77,15,15.0
8973,1,88,17,17.0
8974,1,18,4,4.0
8975,1,40,7,7.0
8976,1,75,12,12.0
8977,1,57,10,10.0
8978,1,73,13,13.0
8979,1,83,16,16.0
8980,1,87,14,14.0
8981,1,10,2,2.0
8982,1,80,13,13.0
8983,1,80,15,15.0
8984,1,96,14,14.0
8985,1,89,17,17.0
8986,1,88,16,16.0
8987,1,7,1,1.0
8988,1,76,14,14.0
8989,1,87,16,16.0
8990,1,77,13,13.0
8991,1,76,15,15.0
8992,1,84,15,15.0
8993,1,10,2,2.0
8994,1,78,12,12.0
8995,1,87,15,15.0
8996,1,84,17,17.0
8997,1,89,16,16.0
8998,1,10,0,0.0
8999,1,77,16,16.0
9000,1,88,14,14.0
9001,1,83,14,14.0
9002,1,36,7,7.0
9003,1,81,14,14.0
9004,1,91,16,16.0
9005,1,20,4,4.0
9006,1,79,14,14.0
9007,1,67,11,11.0
9008,1,77,17,17.0
9009,1,12,2,2.0
9010,1,56,9,9.0
9011,1,81,17,17.0
9012,1,78,14,14.0
9013,1,73,13,13.0
9014,1,18,4,4.0
9015,1,86,18,18.0
9016,1,86,16,16.0
9017,1,78,13,13.0
9018,1,85,17,17.0
9019,1,94,19,19.0
9020,1,86,19,19.0
9021,1,40,9,9.0
9022,1,72,14,14.0
9023,1,83,14,14.0
9024,2,137,28,14.0
9025,1,84,19,19.0
9026,1,80,15,15.0
9027,1,76,11,11.0
9028,1,79,15,15.0
9029,1,85,14,14.0
9030,1,79,15,15.0
9031,1,77,18,18.0
9032,1,81,16,16.0
9033,1,87,20,20.0
9034,1,14,2,2.0
9035,1,44,7,7.0
9036,1,79,18,18.0
9037,1,84,16,16.0
9038,1,83,18,18.0
9039,1,85,14,14.0
9040,1,85,18,18.0
9041,1,44,8,8.0
9042,1,81,16,16.0
9043,1,63,11,11.0
9044,1,78,16,16.0
9045,1,72,12,12.0
9046,1,78,15,15.0
9047,1,93,18,18.0
9048,2,69,14,7.0
9049,1,79,15,15.0
9050,1,89,17,17.0
9051,1,5,1,1.0
9052,1,82,18,18.0
9053,1,88,18,18.0
9054,1,89,15,15.0
9055,1,88,16,16.0
9056,1,87,15,15.0
9057,1,78,15,15.0
9058,1,80,14,14.0
9059,1,90,16,16.0
9060,1,6,1,1.0
9061,1,76,12,12.0
9062,1,84,16,16.0
9063,1,91,19,19.0
9064,1,75,15,15.0
9065,1,58,11,11.0
9066,1,70,15,15.0
9067,1,64,11,11.0
9068,1,82,16,16.0
9069,1,22,5,5.0
9070,1,78,15,15.0
9071,1,59,12,12.0
9072,1,76,16,16.0
9073,1,19,3,3.0
9074,1,80,17,17.0
9075,1,33,7,7.0
9076,1,34,6,6.0
9077,1,28,7,7.0
9078,1,40,8,8.0
9079,1,66,13,13.0
9080,1,9,2,2.0
9081,1,83,17,17.0
9082,1,8,2,2.0
9083,1,79,16,16.0
9084,1,23,4,4.0
9085,1,77,16,16.0
9086,1,16,3,3.0
9087,1,31,6,6.0
9088,1,20,4,4.0
9089,1,78,13,13.0
9090,1,45,7,7.0
9091,1,47,8,8.0
9092,1,48,8,8.0
9093,1,35,3,3.0
9094,1,24,6,6.0
9095,1,84,17,17.0
9096,1,83,14,14.0
9097,1,73,14,14.0
9098,1,8,1,1.0
9099,1,80,16,16.0
9100,1,79,15,15.0
9101,1,81,15,15.0
9102,2,88,15,7.5
9103,1,24,4,4.0
9104,1,79,15,15.0
9106,2,168,26,13.0
9107,1,83,15,15.0
9108,1,54,9,9.0
9109,1,8,2,2.0
9110,1,77,15,15.0
9111,1,20,4,4.0
9112,1,31,7,7.0
9113,1,25,5,5.0
9114,1,36,8,8.0
9115,1,79,17,17.0
9116,1,70,13,13.0
9117,1,40,6,6.0
9118,1,82,15,15.0
9119,1,87,17,17.0
9120,1,82,17,17.0
9121,1,46,7,7.0
9122,1,73,16,16.0
9123,1,68,14,14.0
9124,1,34,8,8.0
9125,1,77,13,13.0
9126,1,6,1,1.0
9127,1,49,10,10.0
9128,1,15,1,1.0
9129,1,6,1,1.0
9130,1,19,3,3.0
9131,1,71,15,15.0
9132,1,13,2,2.0
9133,1,62,12,12.0
9134,1,77,15,15.0
9135,1,36,7,7.0
9136,1,30,5,5.0
9137,1,29,7,7.0
9138,1,75,15,15.0
9139,1,19,4,4.0
9140,1,22,5,5.0
9141,1,34,7,7.0
9142,1,5,1,1.0
9143,1,15,3,3.0
9144,1,31,7,7.0
9145,1,79,13,13.0
9146,1,90,16,16.0
9147,1,51,8,8.0
9148,1,5,1,1.0
9149,1,83,16,16.0
9150,1,18,3,3.0
9151,1,19,2,2.0
9152,2,59,13,6.5
9153,1,38,7,7.0
9154,1,15,4,4.0
9155,1,81,17,17.0
9156,1,85,19,19.0
9157,1,41,7,7.0
9158,1,75,15,15.0
9159,1,90,12,12.0
9160,1,5,1,1.0
9161,1,85,19,19.0
9162,1,11,2,2.0
9163,1,14,2,2.0
9164,1,52,10,10.0
9165,1,83,13,13.0
9166,1,88,15,15.0
9167,1,86,16,16.0
9168,1,83,19,19.0
9169,1,5,1,1.0
9170,1,14,3,3.0
9171,1,81,18,18.0
9172,1,27,5,5.0
9173,1,13,3,3.0
9174,1,78,17,17.0
9175,1,83,20,20.0
9176,1,41,8,8.0
9177,1,35,7,7.0
9178,1,78,15,15.0
9179,1,87,16,16.0
9180,1,50,9,9.0
9181,1,83,17,17.0
9182,1,89,23,23.0
9183,1,12,2,2.0
9184,1,33,4,4.0
9185,1,84,16,16.0
9186,1,89,19,19.0
9187,1,90,19,19.0
9188,1,79,17,17.0
9189,1,34,8,8.0
9190,1,82,18,18.0
9191,1,85,17,17.0
9192,1,91,20,20.0
9193,1,70,13,13.0
9194,1,6,1,1.0
9195,1,80,15,15.0
9196,2,35,7,3.5
9197,1,81,16,16.0
9198,1,90,16,16.0
9199,1,87,14,14.0
9200,1,87,17,17.0
9201,1,68,12,12.0
9202,1,76,13,13.0
9203,1,82,17,17.0
9204,1,88,16,16.0
9205,1,12,3,3.0
9206,1,79,15,15.0
9207,1,90,18,18.0
9208,1,80,12,12.0
9209,1,69,12,12.0
9210,1,79,15,15.0
9211,1,85,15,15.0
9212,1,90,15,15.0
9213,1,88,16,16.0
9215,2,86,15,7.5
9216,1,45,9,9.0
9217,1,74,15,15.0
9218,1,83,13,13.0
9219,1,89,15,15.0
9220,1,73,13,13.0
9221,1,83,15,15.0
9222,1,84,14,14.0
9223,1,88,16,16.0
9224,1,87,15,15.0
9225,1,76,14,14.0
9226,1,87,14,14.0
9227,1,80,14,14.0
9228,1,79,14,14.0
9229,1,84,15,15.0
9230,1,71,12,12.0
9231,1,62,9,9.0
9232,1,18,2,2.0
9233,1,73,14,14.0
9234,1,26,4,4.0
9235,1,165,31,31.0
9236,1,86,17,17.0
9237,1,77,15,15.0
9238,1,82,15,15.0
9239,1,88,19,19.0
9240,1,38,7,7.0
9241,1,82,16,16.0
9242,1,90,18,18.0
9243,1,84,12,12.0
9244,1,10,3,3.0
9245,1,16,3,3.0
9246,1,81,16,16.0
9247,1,89,16,16.0
9248,1,78,16,16.0
9249,1,73,15,15.0
9250,1,14,3,3.0
9251,1,68,13,13.0
9252,1,20,4,4.0
9253,1,46,11,11.0
9254,1,79,14,14.0
9255,1,50,10,10.0
9256,1,76,14,14.0
9257,1,13,3,3.0
9258,1,8,1,1.0
9259,1,72,14,14.0
9260,1,92,16,16.0
9261,1,90,18,18.0
9262,1,84,16,16.0
9263,1,55,12,12.0
9264,1,31,6,6.0
9265,1,83,14,14.0
9266,1,60,11,11.0
9267,1,74,16,16.0
9268,1,18,3,3.0
9269,2,106,20,10.0
9270,1,40,9,9.0
9271,1,41,9,9.0
9272,1,5,1,1.0
9273,1,83,18,18.0
9274,1,88,20,20.0
9275,1,88,21,21.0
9276,1,89,19,19.0
9277,1,72,13,13.0
9278,1,56,12,12.0
9279,1,78,16,16.0
9280,1,82,15,15.0
9281,1,5,1,1.0
9282,1,10,2,2.0
9283,1,82,15,15.0
9284,1,90,19,19.0
9285,1,89,16,16.0
9286,1,52,9,9.0
9287,1,77,12,12.0
9288,1,79,15,15.0
9289,1,20,3,3.0
9290,1,5,1,1.0
9291,1,78,14,14.0
9292,1,8,2,2.0
9293,1,14,3,3.0
9294,1,31,6,6.0
9295,1,8,1,1.0
9296,1,60,9,9.0
9297,1,74,13,13.0
9298,1,91,15,15.0
9299,1,90,18,18.0
9300,1,7,1,1.0
9301,1,77,17,17.0
9302,1,93,19,19.0
9303,1,87,16,16.0
9304,1,88,18,18.0
9305,1,90,20,20.0
9306,1,88,17,17.0
9307,1,89,19,19.0
9308,1,89,17,17.0
9309,1,47,10,10.0
9310,1,17,4,4.0
9311,1,86,19,19.0
9312,1,91,20,20.0
9313,1,27,3,3.0
9314,1,21,5,5.0
9315,1,84,18,18.0
9316,1,22,5,5.0
9317,1,23,6,6.0
9318,1,80,14,14.0
9319,1,91,18,18.0
9320,1,32,5,5.0
9321,1,9,2,2.0
9322,1,81,17,17.0
9323,1,86,18,18.0
9324,1,16,2,2.0
9325,1,8,1,1.0
9326,1,34,8,8.0
9327,2,77,17,8.5
9328,1,9,2,2.0
9329,1,81,13,13.0
9330,1,90,15,15.0
9331,1,18,3,3.0
9332,1,49,9,9.0
9333,1,6,1,1.0
9334,1,27,7,7.0
9335,1,83,14,14.0
9336,1,80,14,14.0
9337,1,85,19,19.0
9338,1,85,16,16.0
9339,1,72,14,14.0
9340,1,76,12,12.0
9341,1,88,19,19.0
9342,1,35,5,5.0
9343,1,80,14,14.0
9344,1,47,9,9.0
9345,1,79,17,17.0
9346,1,71,13,13.0
9347,1,38,9,9.0
9348,1,74,15,15.0
9349,1,83,15,15.0
9350,1,10,2,2.0
9351,1,78,16,16.0
9352,1,68,13,13.0
9353,1,76,12,12.0
9354,1,83,14,14.0
9355,1,34,7,7.0
9356,1,82,15,15.0
9357,1,88,16,16.0
9358,1,92,17,17.0
9359,1,86,17,17.0
9360,1,83,16,16.0
9361,1,24,5,5.0
9362,1,20,4,4.0
9363,1,79,17,17.0
9364,1,79,15,15.0
9365,1,89,15,15.0
9366,1,55,11,11.0
9367,1,74,15,15.0
9368,1,85,14,14.0
9369,1,85,15,15.0
9370,1,89,18,18.0
9371,1,82,14,14.0
9372,1,89,15,15.0
9373,1,5,1,1.0
9374,1,68,12,12.0
9375,1,80,14,14.0
9376,1,86,15,15.0
9377,1,48,8,8.0
9378,1,76,14,14.0
9379,1,70,12,12.0
9380,1,79,13,13.0
9381,1,74,12,12.0
9382,1,25,5,5.0
9383,1,68,13,13.0
9384,1,91,15,15.0
9385,1,86,18,18.0
9386,1,88,19,19.0
9387,1,93,19,19.0
9388,1,78,14,14.0
9389,1,33,6,6.0
9390,1,76,14,14.0
9391,1,88,13,13.0
9392,1,83,11,11.0
9393,1,45,7,7.0
9394,1,80,14,14.0
9395,1,76,14,14.0
9396,1,83,14,14.0
9397,1,88,16,16.0
9398,1,88,14,14.0
9399,1,73,14,14.0
9400,1,82,12,12.0
9401,1,82,13,13.0
9402,1,63,13,13.0
9403,1,77,16,16.0
9404,1,87,14,14.0
9405,1,91,13,13.0
9406,1,94,18,18.0
9407,1,72,12,12.0
9408,1,84,16,16.0
9409,1,85,19,19.0
9410,1,92,19,19.0
9411,1,32,6,6.0
9412,1,84,16,16.0
9413,1,87,15,15.0
9414,1,88,16,16.0
9415,1,30,7,7.0
9416,1,81,17,17.0
9417,1,80,13,13.0
9418,1,84,14,14.0
9419,1,85,18,18.0
9420,1,43,10,10.0
9421,2,159,32,16.0
9422,1,90,17,17.0
9423,1,15,3,3.0
9424,1,75,14,14.0
9425,1,84,16,16.0
9426,1,13,2,2.0
9427,1,83,19,19.0
9428,1,84,15,15.0
9429,1,51,10,10.0
9430,1,69,13,13.0
9431,1,79,15,15.0
9432,1,86,17,17.0
9433,1,17,3,3.0
9434,1,73,13,13.0
9435,1,10,1,1.0
9436,1,82,18,18.0
9437,1,93,20,20.0
9438,1,91,19,19.0
9439,1,85,19,19.0
9440,1,90,20,20.0
9441,1,85,15,15.0
9442,1,84,13,13.0
9443,1,85,17,17.0
9444,1,78,15,15.0
9445,1,83,14,14.0
9446,1,87,17,17.0
9447,1,16,2,2.0
9448,1,70,12,12.0
9449,1,83,15,15.0
9450,1,43,8,8.0
9451,1,12,3,3.0
9452,1,52,10,10.0
9453,1,10,2,2.0
9454,1,77,15,15.0
9455,1,88,17,17.0
9456,1,74,16,16.0
9457,1,85,15,15.0
9458,1,85,15,15.0
9459,1,95,19,19.0
9460,1,83,16,16.0
9461,2,265,47,23.5
9462,1,86,14,14.0
9463,1,40,6,6.0
9464,1,68,12,12.0
9465,1,92,15,15.0
9466,1,86,15,15.0
9467,1,69,13,13.0
9468,1,75,13,13.0
9469,1,17,3,3.0
9470,1,5,1,1.0
9471,1,82,16,16.0
9472,1,88,14,14.0
9473,1,89,19,19.0
9474,1,86,17,17.0
9475,1,78,16,16.0
9476,1,64,11,11.0
9477,1,84,21,21.0
9478,1,79,13,13.0
9479,1,88,14,14.0
9480,1,85,17,17.0
9481,1,95,21,21.0
9482,1,68,11,11.0
9483,1,45,10,10.0
9484,1,70,13,13.0
9485,1,89,19,19.0
9486,1,11,2,2.0
9487,1,80,16,16.0
9488,1,34,6,6.0
9489,1,48,8,8.0
9490,1,81,15,15.0
9491,1,86,20,20.0
9492,1,88,20,20.0
9493,1,86,19,19.0
9494,1,86,21,21.0
9495,1,4,1,1.0
9496,1,80,12,12.0
9497,1,80,17,17.0
9498,1,89,19,19.0
9499,1,10,2,2.0
9500,1,78,17,17.0
9501,1,87,18,18.0
9502,1,92,21,21.0
9503,1,63,9,9.0
9504,1,82,14,14.0
9505,1,81,16,16.0
9506,1,83,17,17.0
9507,1,75,15,15.0
9508,1,84,18,18.0
9509,1,88,19,19.0
9510,1,85,18,18.0
9511,1,72,16,16.0
9512,1,76,14,14.0
9513,1,47,7,7.0
9514,1,48,7,7.0
9515,1,10,2,2.0
9516,1,76,14,14.0
9517,1,88,15,15.0
9518,1,88,17,17.0
9519,1,87,15,15.0
9520,1,20,2,2.0
9521,1,81,15,15.0
9522,1,89,17,17.0
9523,1,52,9,9.0
9524,1,75,15,15.0
9525,1,83,14,14.0
9526,1,86,17,17.0
9527,1,41,6,6.0
9528,1,80,14,14.0
9529,1,88,18,18.0
9530,1,33,6,6.0
9531,1,80,16,16.0
9532,1,79,14,14.0
9533,1,85,16,16.0
9534,1,89,16,16.0
9535,1,85,19,19.0
9536,1,85,17,17.0
9537,1,87,17,17.0
9538,2,162,31,15.5
9539,1,53,9,9.0
9540,1,81,16,16.0
9541,1,82,15,15.0
9542,1,88,18,18.0
9543,1,55,12,12.0
9544,1,75,14,14.0
9545,1,84,19,19.0
9546,1,11,2,2.0
9547,1,70,13,13.0
9549,2,171,35,17.5
9550,1,86,18,18.0
9551,1,85,18,18.0
9552,1,11,2,2.0
9553,1,154,26,26.0
9554,1,70,14,14.0
9555,1,80,13,13.0
9556,1,91,15,15.0
9557,1,87,18,18.0
9558,1,73,14,14.0
9559,2,149,26,13.0
9560,1,91,18,18.0
9561,1,83,17,17.0
9562,1,89,19,19.0
9563,1,96,24,24.0
9564,1,89,17,17.0
9565,1,81,17,17.0
9566,1,9,1,1.0
9567,1,46,9,9.0
9568,1,82,16,16.0
9569,1,88,13,13.0
9570,1,88,18,18.0
9571,1,86,16,16.0
9572,1,86,18,18.0
9573,1,29,6,6.0
9574,1,83,18,18.0
9575,1,81,13,13.0
9576,1,88,16,16.0
9577,1,89,17,17.0
9578,1,88,15,15.0
9579,1,90,14,14.0
9580,1,89,17,17.0
9581,1,8,1,1.0
9582,1,79,17,17.0
9583,1,96,20,20.0
9584,1,36,8,8.0
9585,1,84,17,17.0
9586,1,79,15,15.0
9587,1,73,11,11.0
9588,1,74,14,14.0
9589,1,90,16,16.0
9590,1,60,10,10.0
9591,1,76,14,14.0
9592,1,87,15,15.0
9593,1,80,13,13.0
9594,1,80,12,12.0
9595,1,72,13,13.0
9596,1,77,14,14.0
9597,1,85,17,17.0
9598,1,37,8,8.0
9599,1,78,14,14.0
9600,1,20,4,4.0
9601,1,82,14,14.0
9602,1,83,15,15.0
9603,1,23,5,5.0
9604,1,80,15,15.0
9605,1,91,17,17.0
9606,1,82,19,19.0
9607,2,173,35,17.5
9608,1,88,17,17.0
9609,1,87,14,14.0
9610,1,90,18,18.0
9611,1,90,19,19.0
9612,1,84,19,19.0
9613,1,13,3,3.0
9614,1,77,14,14.0
9615,1,78,16,16.0
9616,1,87,15,15.0
9618,2,112,22,11.0
9619,1,81,13,13.0
9620,1,86,16,16.0
9621,1,83,15,15.0
9622,1,56,11,11.0
9623,1,78,15,15.0
9624,1,87,16,16.0
9625,1,39,6,6.0
9626,1,77,15,15.0
9627,1,85,16,16.0
9628,1,40,8,8.0
9629,1,79,16,16.0
9630,1,62,13,13.0
9631,1,84,17,17.0
9632,1,50,10,10.0
9633,1,77,16,16.0
9634,1,84,12,12.0
9635,1,31,4,4.0
9636,1,68,13,13.0
9637,1,88,18,18.0
9638,1,86,19,19.0
9639,1,90,18,18.0
9640,1,42,8,8.0
9641,1,75,13,13.0
9642,1,68,13,13.0
9643,1,79,16,16.0
9644,1,9,2,2.0
9645,1,53,9,9.0
9646,1,78,14,14.0
9647,1,36,7,7.0
9648,1,81,17,17.0
9649,1,94,20,20.0
9650,1,84,15,15.0
9651,1,21,4,4.0
9652,1,28,5,5.0
9653,1,79,16,16.0
9654,1,89,19,19.0
9655,1,87,19,19.0
9656,1,89,17,17.0
9657,1,49,12,12.0
9658,1,24,4,4.0
9659,1,79,15,15.0
9660,1,80,16,16.0
9661,1,78,13,13.0
9662,1,82,16,16.0
9663,1,82,18,18.0
9664,1,30,6,6.0
9665,1,78,14,14.0
9666,1,90,18,18.0
9667,1,88,18,18.0
9668,2,90,15,7.5
9669,1,78,16,16.0
9670,1,89,19,19.0
9671,1,68,12,12.0
9672,1,80,15,15.0
9673,1,35,7,7.0
9674,1,78,15,15.0
9675,1,88,18,18.0
9676,1,77,15,15.0
9677,1,87,16,16.0
9678,1,58,9,9.0
9679,1,12,2,2.0
9680,1,65,14,14.0
9681,1,81,15,15.0
9682,1,74,12,12.0
9683,1,81,15,15.0
9684,1,55,9,9.0
9685,1,74,14,14.0
9686,1,90,16,16.0
9687,1,92,18,18.0
9688,1,92,17,17.0
9689,1,89,18,18.0
9690,1,39,8,8.0
9691,1,77,12,12.0
9692,1,81,14,14.0
9693,1,51,9,9.0
9694,1,83,14,14.0
9695,1,38,6,6.0
9696,1,82,18,18.0
9697,1,52,9,9.0
9698,1,76,14,14.0
9699,1,53,12,12.0
9700,1,51,10,10.0
9701,1,56,11,11.0
9702,1,25,6,6.0
9703,1,62,12,12.0
9704,1,78,13,13.0
9705,1,85,14,14.0
9706,1,90,17,17.0
9707,1,85,18,18.0
9708,1,23,3,3.0
9709,1,79,13,13.0
9710,1,14,2,2.0
9711,1,74,14,14.0
9712,1,84,18,18.0
9713,1,88,17,17.0
9714,2,69,13,6.5
9715,1,42,8,8.0
9716,1,22,3,3.0
9717,1,37,8,8.0
9718,1,68,14,14.0
9719,1,80,17,17.0
9720,1,88,20,20.0
9721,1,22,3,3.0
9722,1,78,16,16.0
9723,1,26,4,4.0
9724,1,39,6,6.0
9725,1,7,1,1.0
9726,1,75,14,14.0
9727,1,83,18,18.0
9728,1,85,17,17.0
9729,1,93,18,18.0
9731,2,129,27,13.5
9732,1,50,10,10.0
9733,1,40,6,6.0
9734,1,18,4,4.0
9735,1,81,15,15.0
9736,1,87,17,17.0
9737,1,89,16,16.0
9738,1,89,18,18.0
9739,1,83,18,18.0
9740,1,88,18,18.0
9741,1,56,11,11.0
9742,1,75,13,13.0
9743,1,32,5,5.0
9744,1,48,8,8.0
9745,1,19,4,4.0
9746,1,79,15,15.0
9747,1,73,15,15.0
9748,1,42,7,7.0
9749,1,83,16,16.0
9750,1,86,15,15.0
9751,1,94,22,22.0
9752,1,52,10,10.0
9753,1,36,6,6.0
9754,1,81,13,13.0
9755,1,63,14,14.0
9756,1,22,5,5.0
9757,1,38,8,8.0
9758,1,5,1,1.0
9759,1,79,15,15.0
9760,1,86,18,18.0
9761,1,19,4,4.0
9762,1,29,5,5.0
9763,1,81,15,15.0
9764,1,67,17,17.0
9765,1,29,4,4.0
9766,1,82,13,13.0
9767,1,89,20,20.0
9768,1,9,2,2.0
9769,1,48,8,8.0
9770,2,123,24,12.0
9771,1,87,17,17.0
9772,1,39,7,7.0
9773,1,78,15,15.0
9774,1,85,17,17.0
9775,1,89,19,19.0
9776,1,86,16,16.0
9777,1,84,17,17.0
9778,1,4,1,1.0
9779,1,61,12,12.0
9780,1,80,16,16.0
9781,1,61,13,13.0
9782,1,79,14,14.0
9783,1,91,15,15.0
9784,1,75,14,14.0
9785,1,89,16,16.0
9786,1,72,14,14.0
9788,2,165,22,11.0
9789,1,68,10,10.0
9790,1,51,9,9.0
9791,1,80,17,17.0
9792,1,87,14,14.0
9794,2,81,15,7.5
9795,1,168,28,28.0
9796,1,39,7,7.0
9797,1,79,15,15.0
9798,1,87,15,15.0
9799,1,89,17,17.0
9800,1,23,4,4.0
9801,1,82,16,16.0
9802,1,82,16,16.0
9803,1,12,1,1.0
9804,1,79,11,11.0
9805,1,88,14,14.0
9806,1,81,12,12.0
9807,1,88,18,18.0
9808,1,84,16,16.0
9809,1,48,9,9.0
9810,1,78,14,14.0
9811,1,88,17,17.0
9812,1,58,9,9.0
9813,1,10,2,2.0
9814,1,82,17,17.0
9815,1,74,13,13.0
9816,1,10,2,2.0
9817,1,77,12,12.0
9818,1,47,6,6.0
9819,1,77,15,15.0
9820,1,90,17,17.0
9821,1,150,26,26.0
9822,1,76,14,14.0
9823,1,90,14,14.0
9824,1,85,14,14.0
9825,1,20,3,3.0
9826,1,79,14,14.0
9827,1,14,3,3.0
9828,1,75,13,13.0
9829,1,19,3,3.0
9830,1,84,17,17.0
9831,1,88,18,18.0
9832,1,19,5,5.0
9833,1,13,3,3.0
9834,1,40,10,10.0
9835,1,82,15,15.0
9836,1,63,11,11.0
9837,1,81,12,12.0
9838,1,88,13,13.0
9839,1,84,12,12.0
9840,1,85,12,12.0
9841,1,87,17,17.0
9842,1,6,1,1.0
9843,1,77,12,12.0
9844,1,5,1,1.0
9845,1,82,14,14.0
9846,1,10,1,1.0
9847,1,77,13,13.0
9848,1,87,14,14.0
9849,1,88,19,19.0
9850,1,82,17,17.0
9851,1,87,15,15.0
9852,1,91,19,19.0
9853,1,22,4,4.0
9854,1,32,4,4.0
9855,1,56,10,10.0
9856,1,75,15,15.0
9857,1,59,9,9.0
9858,2,169,33,16.5
9859,1,88,18,18.0
9860,1,38,7,7.0
9861,1,83,17,17.0
9862,1,94,19,19.0
9863,1,89,18,18.0
9864,1,85,17,17.0
9865,1,96,23,23.0
9866,1,77,16,16.0
9867,1,36,7,7.0
9868,1,31,4,4.0
9869,1,69,14,14.0
9870,1,20,5,5.0
9871,1,21,4,4.0
9872,1,86,18,18.0
9873,1,84,15,15.0
9874,1,84,15,15.0
9875,1,91,17,17.0
9876,1,91,16,16.0
9877,1,84,18,18.0
9878,1,61,12,12.0
9879,1,80,16,16.0
9880,1,37,8,8.0
9881,1,83,19,19.0
9882,1,87,20,20.0
9883,1,59,11,11.0
9884,1,74,17,17.0
9885,1,75,12,12.0
9886,1,87,11,11.0
9887,1,86,16,16.0
9888,1,91,18,18.0
9889,1,85,16,16.0
9890,1,91,18,18.0
9891,1,89,20,20.0
9892,1,87,18,18.0
9893,1,85,17,17.0
9894,1,87,19,19.0
9895,1,91,17,17.0
9896,1,81,15,15.0
9897,1,33,5,5.0
9898,1,76,14,14.0
9899,1,78,12,12.0
9900,1,83,16,16.0
9901,1,84,17,17.0
9902,1,16,4,4.0
9903,1,29,5,5.0
9904,1,11,3,3.0
9905,1,75,16,16.0
9906,1,6,1,1.0
9907,1,49,10,10.0
9908,1,78,14,14.0
9909,1,54,10,10.0
9910,1,81,15,15.0
9911,2,146,27,13.5
9912,1,20,2,2.0
9913,1,79,16,16.0
9914,1,91,19,19.0
9915,1,87,19,19.0
9916,1,43,9,9.0
9917,1,80,18,18.0
9918,1,10,1,1.0
9919,1,81,18,18.0
9920,1,16,4,4.0
9921,1,7,1,1.0
9922,1,52,11,11.0
9923,1,14,3,3.0
9924,1,51,8,8.0
9925,1,28,6,6.0
9926,1,27,4,4.0
9927,1,81,16,16.0
9928,1,19,3,3.0
9929,1,78,17,17.0
9930,1,86,15,15.0
9931,1,52,8,8.0
9932,1,48,9,9.0
9933,1,10,2,2.0
9934,1,73,14,14.0
9935,1,83,16,16.0
9936,1,75,15,15.0
9937,1,10,2,2.0
9938,1,72,12,12.0
9939,1,86,16,16.0
9940,1,29,3,3.0
9941,1,75,15,15.0
9942,1,87,15,15.0
9943,1,40,8,8.0
9944,1,75,15,15.0
9945,1,92,16,16.0
9946,1,68,14,14.0
9947,1,77,14,14.0
9948,1,163,26,26.0
9950,2,149,26,13.0
9951,1,80,14,14.0
9952,1,82,11,11.0
9953,1,69,11,11.0
9954,1,11,1,1.0
9956,2,100,18,9.0
9957,1,78,14,14.0
9958,1,85,16,16.0
9959,1,31,5,5.0
9960,1,84,16,16.0
9961,1,89,15,15.0
9962,1,93,22,22.0
9963,1,89,20,20.0
9964,1,18,4,4.0
9965,1,77,15,15.0
9966,1,76,14,14.0
9967,1,76,14,14.0
9968,1,81,14,14.0
9969,1,86,16,16.0
9970,1,87,15,15.0
9971,1,85,14,14.0
9972,1,68,12,12.0
9973,1,46,9,9.0
9974,2,118,20,10.0
9975,1,39,7,7.0
9976,1,77,14,14.0
9977,1,78,15,15.0
9978,1,83,19,19.0
9979,1,27,5,5.0
9980,1,58,9,9.0
9981,1,75,17,17.0
9982,1,84,18,18.0
9983,1,77,12,12.0
9984,1,45,7,7.0
9985,1,81,15,15.0
9986,1,41,9,9.0
9987,1,80,14,14.0
9988,1,88,19,19.0
9989,1,13,2,2.0
9990,1,28,7,7.0
9991,1,82,15,15.0
9992,1,92,19,19.0
9993,1,87,18,18.0
9994,1,67,11,11.0
9995,1,19,2,2.0
9996,1,28,7,7.0
9997,1,40,8,8.0
9998,1,78,17,17.0
9999,1,19,4,4.0
10000,1,75,14,14.0
10001,1,21,5,5.0
10002,1,84,15,15.0
10003,1,41,10,10.0
10004,1,49,9,9.0
10005,1,82,16,16.0
10006,1,46,9,9.0
10007,1,78,14,14.0
10008,1,5,1,1.0
10009,1,49,10,10.0
10010,1,81,15,15.0
10011,1,88,20,20.0
10012,2,132,25,12.5
10013,1,47,11,11.0
10014,1,81,19,19.0
10015,1,21,5,5.0
10016,1,44,10,10.0
10018,2,63,11,5.5
10019,1,13,1,1.0
10020,1,15,4,4.0
10021,1,77,15,15.0
10022,1,85,17,17.0
10023,1,89,14,14.0
10024,1,88,15,15.0
10025,1,80,16,16.0
10026,1,85,19,19.0
10027,1,32,7,7.0
10028,1,57,12,12.0
10029,1,72,14,14.0
10030,1,78,16,16.0
10031,1,16,4,4.0
10032,1,21,3,3.0
10033,1,57,11,11.0
10034,1,16,3,3.0
10035,1,8,1,1.0
10036,1,5,1,1.0
10037,1,9,2,2.0
10038,1,74,16,16.0
10039,1,89,17,17.0
10040,1,88,19,19.0
10041,2,178,32,16.0
10042,1,80,16,16.0
10043,1,79,15,15.0
10044,1,86,18,18.0
10045,1,67,13,13.0
10046,1,87,19,19.0
10047,1,46,12,12.0
10048,1,79,19,19.0
10049,1,87,18,18.0
10050,1,85,17,17.0
10051,1,43,8,8.0
10052,1,68,15,15.0
10053,1,80,11,11.0
10055,2,121,21,10.5
10056,1,82,15,15.0
10057,1,84,18,18.0
10058,1,60,12,12.0
10059,1,71,17,17.0
10060,1,83,16,16.0
10061,1,78,14,14.0
10062,1,69,12,12.0
10063,1,75,15,15.0
10064,1,89,18,18.0
10065,1,48,10,10.0
10066,1,34,6,6.0
10067,1,80,15,15.0
10068,1,91,18,18.0
10069,1,87,13,13.0
10070,1,6,1,1.0
10071,1,67,10,10.0
10072,1,11,1,1.0
10073,2,55,9,4.5
10074,1,11,2,2.0
10075,1,25,4,4.0
10076,1,79,15,15.0
10077,1,84,13,13.0
10078,1,41,6,6.0
10080,2,124,23,11.5
10081,1,13,2,2.0
10082,1,84,17,17.0
10083,1,77,18,18.0
10084,1,83,16,16.0
10085,1,14,3,3.0
10086,1,17,5,5.0
10087,1,71,10,10.0
10088,1,84,17,17.0
10089,1,91,20,20.0
10090,1,40,7,7.0
10091,1,29,7,7.0
10092,1,81,14,14.0
10093,1,91,17,17.0
10094,1,64,14,14.0
10095,1,35,8,8.0
10096,1,82,18,18.0
10097,1,89,15,15.0
10098,1,82,15,15.0
10099,1,84,14,14.0
10100,1,23,4,4.0
10101,1,30,6,6.0
10102,1,66,9,9.0
10103,1,22,3,3.0
10104,1,78,12,12.0
10105,1,77,15,15.0
10106,1,83,17,17.0
10107,1,27,4,4.0
10108,1,20,3,3.0
10109,1,76,14,14.0
10110,1,79,12,12.0
10111,1,72,11,11.0
10112,1,63,13,13.0
10113,1,45,8,8.0
10114,1,78,16,16.0
10115,1,61,12,12.0
10116,1,62,12,12.0
10117,1,75,12,12.0
10118,1,121,22,22.0
10119,1,35,6,6.0
10120,1,30,6,6.0
10121,1,78,15,15.0
10122,1,87,15,15.0
10123,1,88,17,17.0
10124,1,80,13,13.0
10125,1,87,15,15.0
10126,1,11,2,2.0
10127,1,81,15,15.0
10128,1,83,19,19.0
10129,1,7,1,1.0
10130,1,76,14,14.0
10131,1,78,15,15.0
10132,1,86,16,16.0
10133,1,84,16,16.0
10134,1,9,1,1.0
10135,1,53,8,8.0
10136,1,78,12,12.0
10137,1,84,14,14.0
10138,2,140,22,11.0
10139,1,82,18,18.0
10140,1,36,6,6.0
10141,1,66,11,11.0
10142,1,7,1,1.0
10143,2,320,55,27.5
10144,1,84,14,14.0
10145,1,89,19,19.0
10146,1,93,18,18.0
10147,1,88,15,15.0
10148,1,20,3,3.0
10149,1,16,3,3.0
10150,1,80,17,17.0
10151,1,66,15,15.0
10152,1,78,15,15.0
10153,1,79,14,14.0
10154,1,80,14,14.0
10155,1,77,9,9.0
10156,1,26,3,3.0
10157,1,47,8,8.0
10158,1,74,14,14.0
10159,1,82,15,15.0
10160,1,82,17,17.0
10161,2,124,24,12.0
10162,1,78,13,13.0
10163,1,47,10,10.0
10164,1,79,13,13.0
10165,1,52,7,7.0
10166,1,22,3,3.0
10167,1,83,18,18.0
10168,1,93,19,19.0
10169,1,31,7,7.0
10170,1,34,6,6.0
10171,1,80,15,15.0
10172,1,92,15,15.0
10173,1,78,14,14.0
10174,1,20,6,6.0
10175,1,84,15,15.0
10176,1,82,15,15.0
10177,1,13,2,2.0
10178,1,49,12,12.0
10179,1,78,16,16.0
10180,1,83,16,16.0
10181,1,42,6,6.0
10182,1,31,6,6.0
10183,1,77,16,16.0
10184,2,96,17,8.5
10185,1,88,16,16.0
10186,1,76,15,15.0
10187,1,159,25,25.0
10188,1,174,30,30.0
10189,1,15,2,2.0
10190,1,82,17,17.0
10191,1,68,11,11.0
10192,1,85,16,16.0
10193,1,88,16,16.0
10194,1,83,16,16.0
10195,1,13,2,2.0
10196,1,77,14,14.0
10197,1,90,20,20.0
10198,1,28,6,6.0
10199,1,10,2,2.0
10200,1,78,12,12.0
10201,1,85,17,17.0
10202,1,78,12,12.0
10203,1,53,10,10.0
10204,1,36,9,9.0
10205,1,49,10,10.0
10206,1,74,15,15.0
10207,1,89,18,18.0
10208,1,30,5,5.0
10209,1,76,14,14.0
10210,1,85,15,15.0
10211,1,85,17,17.0
10212,1,89,14,14.0
10213,1,11,2,2.0
10214,1,75,13,13.0
10215,1,22,4,4.0
10216,1,82,13,13.0
10217,1,25,4,4.0
10218,1,81,19,19.0
10219,1,86,15,15.0
10220,1,87,16,16.0
10221,1,45,8,8.0
10222,1,76,12,12.0
10223,1,78,15,15.0
10224,1,85,14,14.0
10225,2,105,20,10.0
10226,1,80,17,17.0
10227,1,91,21,21.0
10228,1,71,15,15.0
10229,1,78,14,14.0
10230,1,92,20,20.0
10231,1,92,19,19.0
10232,1,32,6,6.0
10233,1,17,3,3.0
10234,1,76,15,15.0
10235,1,64,11,11.0
10236,1,82,15,15.0
10237,1,82,15,15.0
10238,1,83,15,15.0
10239,1,85,16,16.0
10240,1,5,1,1.0
10241,1,80,16,16.0
10242,1,77,15,15.0
10243,1,16,3,3.0
10244,1,78,14,14.0
10245,1,88,16,16.0
10246,1,5,1,1.0
10247,1,62,13,13.0
10248,1,76,16,16.0
10249,1,91,19,19.0
10250,1,28,5,5.0
10251,1,65,12,12.0
10252,1,36,7,7.0
10253,1,7,1,1.0
10254,1,54,12,12.0
10255,1,80,17,17.0
10256,1,85,19,19.0
10257,1,90,16,16.0
10258,1,90,18,18.0
10259,1,39,9,9.0
10260,1,77,16,16.0
10261,1,70,13,13.0
10262,1,82,16,16.0
10263,1,16,3,3.0
10264,1,81,16,16.0
10265,1,85,17,17.0
10266,2,115,22,11.0
10267,1,33,5,5.0
10268,1,16,3,3.0
10269,1,83,19,19.0
10270,1,82,15,15.0
10271,1,92,17,17.0
10272,1,27,6,6.0
10273,1,82,17,17.0
10274,1,78,18,18.0
10275,1,32,6,6.0
10276,1,77,14,14.0
10277,1,50,7,7.0
10278,1,78,13,13.0
10279,1,35,7,7.0
10280,2,84,15,7.5
10281,1,80,15,15.0
10282,1,44,7,7.0
10283,1,78,17,17.0
10284,1,84,12,12.0
10285,1,76,17,17.0
10286,1,85,14,14.0
10287,1,80,11,11.0
10288,1,82,17,17.0
10289,1,82,14,14.0
10290,1,74,11,11.0
10291,1,71,12,12.0
10292,1,82,14,14.0
10293,1,88,15,15.0
10294,1,54,8,8.0
10295,1,81,14,14.0
10296,1,48,7,7.0
10297,1,77,16,16.0
10298,1,78,12,12.0
10299,1,89,13,13.0
10300,1,88,16,16.0
10301,3,290,52,17.333333333333332
10302,1,81,12,12.0
10303,1,46,7,7.0
10304,1,78,12,12.0
10305,1,82,12,12.0
10306,1,86,17,17.0
10308,2,123,23,11.5
10309,1,10,0,0.0
10310,1,76,16,16.0
10311,1,67,13,13.0
10312,1,24,4,4.0
10313,1,29,6,6.0
10315,2,132,25,12.5
10316,1,37,6,6.0
10317,1,44,8,8.0
10318,1,45,9,9.0
10319,1,82,15,15.0
10320,1,89,18,18.0
10321,1,88,22,22.0
10322,1,48,9,9.0
10323,1,78,14,14.0
10324,1,90,17,17.0
10325,1,47,9,9.0
10326,1,72,15,15.0
10327,1,57,8,8.0
10328,1,50,11,11.0
10329,2,105,24,12.0
10330,1,88,18,18.0
10331,1,55,11,11.0
10332,1,76,16,16.0
10333,1,81,20,20.0
10334,1,21,4,4.0
10335,1,80,19,19.0
10336,1,14,3,3.0
10337,1,16,3,3.0
10338,1,26,4,4.0
10339,1,41,8,8.0
10340,1,6,1,1.0
10341,1,17,2,2.0
10342,1,10,2,2.0
10343,1,69,11,11.0
10344,1,10,2,2.0
10345,1,76,13,13.0
10346,1,85,15,15.0
10347,1,84,17,17.0
10348,1,7,1,1.0
10349,1,65,13,13.0
10350,1,62,13,13.0
10351,1,83,14,14.0
10352,1,29,6,6.0
10353,1,81,15,15.0
10354,1,86,17,17.0
10355,1,125,23,23.0
10356,1,78,13,13.0
10357,1,72,11,11.0
10358,1,77,18,18.0
10359,1,18,2,2.0
10360,1,76,15,15.0
10361,1,93,20,20.0
10362,1,80,15,15.0
10363,1,28,5,5.0
10364,2,135,28,14.0
10365,1,20,4,4.0
10366,1,17,4,4.0
10367,1,78,14,14.0
10368,1,78,13,13.0
10369,1,86,17,17.0
10370,1,82,13,13.0
10371,1,70,13,13.0
10372,1,86,15,15.0
10373,1,32,6,6.0
10374,1,79,16,16.0
10375,1,94,18,18.0
10376,1,79,17,17.0
10377,1,78,15,15.0
10378,1,84,16,16.0
10379,1,6,1,1.0
10380,1,81,14,14.0
10381,1,85,16,16.0
10382,1,85,16,16.0
10383,1,84,16,16.0
10384,1,88,15,15.0
10385,1,84,15,15.0
10386,1,84,18,18.0
10387,1,8,1,1.0
10388,1,80,16,16.0
10389,1,84,17,17.0
10390,1,86,13,13.0
10391,1,65,11,11.0
10392,1,76,15,15.0
10393,1,77,15,15.0
10394,1,78,16,16.0
10395,1,89,16,16.0
10396,1,38,7,7.0
10397,1,77,13,13.0
10398,1,92,17,17.0
10399,1,88,14,14.0
10400,1,81,12,12.0
10401,1,92,15,15.0
10402,1,86,13,13.0
10403,1,86,12,12.0
10404,1,76,14,14.0
10405,1,88,15,15.0
10406,1,74,13,13.0
10407,2,103,20,10.0
10408,1,81,13,13.0
10409,1,86,14,14.0
10410,1,61,11,11.0
10411,1,47,10,10.0
10412,1,74,15,15.0
10413,1,83,14,14.0
10414,1,33,6,6.0
10415,1,74,14,14.0
10416,1,82,14,14.0
10417,1,86,16,16.0
10418,1,86,15,15.0
10419,1,82,17,17.0
10421,2,132,24,12.0
10422,1,80,16,16.0
10423,1,84,17,17.0
10424,1,81,17,17.0
10425,1,87,14,14.0
10426,1,27,5,5.0
10427,1,85,14,14.0
10428,1,86,17,17.0
10429,1,72,15,15.0
10430,1,75,16,16.0
10431,1,86,17,17.0
10432,1,87,17,17.0
10433,1,86,12,12.0
10434,1,91,17,17.0
10435,2,172,31,15.5
10436,1,10,1,1.0
10437,1,85,15,15.0
10438,1,7,1,1.0
10439,1,78,14,14.0
10440,1,90,15,15.0
10441,1,69,10,10.0
10442,1,89,15,15.0
10443,1,89,20,20.0
10444,1,87,19,19.0
10445,1,91,17,17.0
10446,1,37,7,7.0
10447,1,70,16,16.0
10448,1,40,7,7.0
10449,1,84,17,17.0
10450,1,88,19,19.0
10451,1,87,16,16.0
10452,1,19,4,4.0
10453,1,56,9,9.0
10454,1,79,15,15.0
10455,1,86,14,14.0
10456,1,32,6,6.0
10457,1,75,12,12.0
10458,1,89,17,17.0
10459,1,91,21,21.0
10460,1,53,10,10.0
10461,1,80,16,16.0
10462,1,88,17,17.0
10463,1,85,19,19.0
10464,2,122,24,12.0
10465,1,91,16,16.0
10466,1,50,10,10.0
10467,1,85,16,16.0
10468,1,89,20,20.0
10469,1,47,10,10.0
10470,1,73,11,11.0
10471,1,84,13,13.0
10472,1,27,4,4.0
10473,1,80,17,17.0
10474,1,55,9,9.0
10475,1,78,15,15.0
10476,1,12,2,2.0
10477,1,14,3,3.0
10478,1,76,15,15.0
10479,1,22,4,4.0
10480,1,19,3,3.0
10481,1,80,16,16.0
10482,1,86,18,18.0
10483,1,74,13,13.0
10484,1,55,11,11.0
10485,1,74,14,14.0
10486,1,73,13,13.0
10487,1,17,3,3.0
10488,1,76,12,12.0
10489,1,60,10,10.0
10490,1,73,13,13.0
10491,1,74,13,13.0
10492,1,54,12,12.0
10493,1,54,10,10.0
10494,1,75,14,14.0
10495,1,85,15,15.0
10496,1,33,6,6.0
10497,1,75,15,15.0
10498,1,81,16,16.0
10499,1,89,16,16.0
10500,1,93,21,21.0
10502,2,163,30,15.0
10503,1,80,17,17.0
10504,1,87,18,18.0
10505,1,84,17,17.0
10506,1,87,17,17.0
10507,1,32,7,7.0
10508,1,10,0,0.0
10509,1,80,17,17.0
10510,1,84,17,17.0
10511,1,83,12,12.0
10512,1,88,15,15.0
10513,1,7,1,1.0
10514,1,79,14,14.0
10515,1,86,17,17.0
10516,1,49,7,7.0
10517,1,75,13,13.0
10518,1,85,16,16.0
10519,1,49,11,11.0
10520,1,76,14,14.0
10521,1,84,16,16.0
10522,1,76,16,16.0
10523,1,78,13,13.0
10524,1,37,7,7.0
10525,1,81,15,15.0
10526,1,84,18,18.0
10527,1,86,16,16.0
10528,1,86,16,16.0
10529,1,22,2,2.0
10530,1,75,12,12.0
10531,1,79,12,12.0
10532,2,180,31,15.5
10533,1,82,14,14.0
10534,1,87,16,16.0
10535,1,67,12,12.0
10536,1,76,12,12.0
10537,1,83,14,14.0
10538,1,83,14,14.0
10539,1,86,14,14.0
10540,1,35,5,5.0
10541,1,73,14,14.0
10542,1,90,15,15.0
10543,1,84,16,16.0
10544,1,23,5,5.0
10545,1,10,2,2.0
10546,1,81,14,14.0
10547,1,84,14,14.0
10548,1,62,11,11.0
10549,1,20,2,2.0
10550,1,18,3,3.0
10551,1,75,15,15.0
10552,1,31,4,4.0
10553,1,79,14,14.0
10554,1,86,15,15.0
10555,1,87,14,14.0
10556,1,89,18,18.0
10557,1,38,8,8.0
10558,1,78,15,15.0
10559,1,86,16,16.0
10560,1,78,14,14.0
10561,1,61,10,10.0
10562,1,78,15,15.0
10563,1,87,19,19.0
10564,1,83,16,16.0
10565,1,40,7,7.0
10566,1,79,17,17.0
10567,1,83,17,17.0
10568,1,91,18,18.0
10569,1,89,18,18.0
10570,1,82,18,18.0
10571,1,85,15,15.0
10572,1,93,17,17.0
10573,1,18,4,4.0
10574,1,80,17,17.0
10575,1,82,17,17.0
10576,1,8,1,1.0
10577,1,79,14,14.0
10578,1,91,15,15.0
10579,1,88,15,15.0
10580,1,29,5,5.0
10581,1,79,14,14.0
10582,1,82,15,15.0
10583,1,82,14,14.0
10584,1,82,16,16.0
10585,1,64,12,12.0
10586,2,137,24,12.0
10587,1,8,1,1.0
10588,1,26,5,5.0
10589,1,57,9,9.0
10590,1,67,16,16.0
10591,1,43,7,7.0
10592,1,18,4,4.0
10593,1,74,13,13.0
10594,1,39,7,7.0
10595,1,81,16,16.0
10596,1,83,14,14.0
10597,1,86,13,13.0
10598,1,32,7,7.0
10599,1,77,17,17.0
10600,1,14,3,3.0
10601,1,82,16,16.0
10602,1,27,4,4.0
10603,1,78,14,14.0
10604,2,130,24,12.0
10605,1,76,13,13.0
10606,1,67,12,12.0
10607,1,79,14,14.0
10608,2,162,27,13.5
10609,1,85,14,14.0
10610,1,84,15,15.0
10611,1,85,14,14.0
10612,1,93,18,18.0
10613,1,67,12,12.0
10614,1,30,4,4.0
10615,1,80,13,13.0
10616,1,90,17,17.0
10617,1,27,5,5.0
10618,1,26,4,4.0
10619,1,80,12,12.0
10620,1,85,17,17.0
10621,2,813,147,73.5
10622,1,85,15,15.0
10623,1,4,1,1.0
10624,1,82,16,16.0
10625,1,11,2,2.0
10626,1,53,9,9.0
10627,1,28,5,5.0
10628,1,23,5,5.0
10629,1,56,10,10.0
10630,1,14,3,3.0
10631,1,80,13,13.0
10632,1,72,11,11.0
10633,1,22,5,5.0
10634,1,71,14,14.0
10635,1,40,7,7.0
10636,1,84,19,19.0
10637,1,89,17,17.0
10638,1,79,19,19.0
10639,1,5,1,1.0
10640,1,79,16,16.0
10641,1,20,4,4.0
10642,1,11,2,2.0
10643,1,47,11,11.0
10644,1,10,2,2.0
10645,1,81,15,15.0
10646,1,87,14,14.0
10647,1,82,18,18.0
10648,1,82,16,16.0
10649,1,82,14,14.0
10650,1,41,7,7.0
10651,1,74,14,14.0
10652,1,86,14,14.0
10653,1,68,13,13.0
10654,1,84,19,19.0
10655,1,84,16,16.0
10656,1,14,3,3.0
10657,2,172,36,18.0
10658,1,82,15,15.0
10659,1,59,9,9.0
10660,1,77,15,15.0
10661,1,81,13,13.0
10662,1,90,16,16.0
10663,1,89,18,18.0
10664,1,79,15,15.0
10665,1,80,14,14.0
10666,1,72,16,16.0
10667,1,81,15,15.0
10668,1,90,18,18.0
10669,1,90,20,20.0
10670,1,24,6,6.0
10671,1,69,13,13.0
10672,1,77,18,18.0
10673,1,85,17,17.0
10674,1,89,15,15.0
10675,1,88,15,15.0
10676,1,87,19,19.0
10678,2,138,29,14.5
10679,1,81,16,16.0
10680,1,14,2,2.0
10681,1,10,1,1.0
10682,1,74,18,18.0
10683,1,75,16,16.0
10684,1,16,3,3.0
10685,1,82,15,15.0
10686,1,18,3,3.0
10687,1,77,15,15.0
10688,1,89,17,17.0
10689,1,90,18,18.0
10690,1,85,16,16.0
10691,1,92,16,16.0
10692,1,89,18,18.0
10693,1,75,17,17.0
10694,1,33,5,5.0
10695,1,78,16,16.0
10696,1,15,2,2.0
10697,1,75,14,14.0
10698,1,81,13,13.0
10699,1,24,4,4.0
10700,1,13,3,3.0
10701,1,79,15,15.0
10702,1,77,15,15.0
10703,1,84,19,19.0
10704,1,13,2,2.0
10705,1,79,16,16.0
10706,1,51,8,8.0
10707,1,77,15,15.0
10708,1,84,12,12.0
10709,1,88,13,13.0
10710,1,84,13,13.0
10711,1,84,14,14.0
10712,1,87,13,13.0
10713,1,89,16,16.0
10714,1,41,8,8.0
10715,1,80,13,13.0
10716,1,87,16,16.0
10717,1,88,17,17.0
10718,1,92,18,18.0
10719,1,90,20,20.0
10720,1,73,14,14.0
10721,1,82,16,16.0
10722,1,88,16,16.0
10723,1,38,7,7.0
10724,1,77,15,15.0
10725,1,87,18,18.0
10726,2,128,30,15.0
10727,1,78,13,13.0
10728,1,86,18,18.0
10729,1,90,18,18.0
10730,1,84,16,16.0
10731,1,9,1,1.0
10732,1,81,16,16.0
10734,2,100,19,9.5
10735,1,56,11,11.0
10736,1,81,14,14.0
10737,1,52,11,11.0
10738,1,81,15,15.0
10739,1,58,12,12.0
10740,1,24,4,4.0
10741,1,76,15,15.0
10742,1,25,5,5.0
10743,1,77,13,13.0
10744,1,49,10,10.0
10745,1,26,5,5.0
10746,1,23,4,4.0
10747,1,83,14,14.0
10748,1,87,18,18.0
10750,2,112,20,10.0
10751,1,35,8,8.0
10752,1,84,19,19.0
10753,1,91,16,16.0
10754,1,92,20,20.0
10755,1,70,15,15.0
10756,1,32,7,7.0
10757,1,70,13,13.0
10758,1,10,2,2.0
10759,1,80,13,13.0
10760,1,85,14,14.0
10761,1,79,14,14.0
10762,1,88,18,18.0
10763,1,83,14,14.0
10764,1,6,1,1.0
10765,1,34,7,7.0
10766,1,40,8,8.0
10767,1,28,5,5.0
10768,1,11,2,2.0
10769,1,70,12,12.0
10770,1,76,15,15.0
10771,1,82,13,13.0
10772,1,44,9,9.0
10773,2,171,33,16.5
10774,1,66,13,13.0
10775,1,76,13,13.0
10776,1,52,12,12.0
10777,1,79,15,15.0
10778,1,84,14,14.0
10779,1,52,9,9.0
10780,1,73,14,14.0
10781,1,83,16,16.0
10782,1,91,14,14.0
10783,1,93,17,17.0
10784,1,86,16,16.0
10785,1,86,19,19.0
10786,1,45,10,10.0
10787,1,80,14,14.0
10788,1,86,15,15.0
10789,2,36,7,3.5
10790,1,77,17,17.0
10791,1,83,16,16.0
10792,1,11,2,2.0
10793,1,51,12,12.0
10794,1,78,16,16.0
10795,1,25,5,5.0
10796,1,80,16,16.0
10797,1,88,18,18.0
10798,1,88,17,17.0
10799,1,50,8,8.0
10800,1,71,13,13.0
10801,1,67,12,12.0
10802,1,79,13,13.0
10803,1,42,9,9.0
10804,1,82,16,16.0
10805,1,74,14,14.0
10807,2,167,34,17.0
10808,1,21,6,6.0
10809,1,80,19,19.0
10810,1,90,19,19.0
10811,1,69,13,13.0
10812,1,86,17,17.0
10813,1,87,17,17.0
10814,2,88,18,9.0
10815,1,88,16,16.0
10816,1,16,3,3.0
10817,1,76,14,14.0
10818,1,88,19,19.0
10819,1,79,13,13.0
10820,1,9,1,1.0
10821,1,79,15,15.0
10822,1,87,15,15.0
10823,1,90,17,17.0
10824,1,86,19,19.0
10825,1,50,11,11.0
10826,1,82,15,15.0
10827,1,43,9,9.0
10828,1,57,13,13.0
10829,1,83,13,13.0
10830,1,91,19,19.0
10831,1,15,3,3.0
10832,1,10,1,1.0
10833,1,10,2,2.0
10834,1,82,12,12.0
10835,1,90,18,18.0
10836,1,51,11,11.0
10837,1,78,13,13.0
10838,1,88,17,17.0
10839,1,4,1,1.0
10840,1,82,17,17.0
10841,1,93,17,17.0
10842,1,48,9,9.0
10843,1,78,11,11.0
10844,1,14,3,3.0
10845,1,32,7,7.0
10846,1,50,9,9.0
10847,1,81,14,14.0
10848,1,5,1,1.0
10849,1,70,13,13.0
10850,1,31,4,4.0
10851,1,78,14,14.0
10852,1,42,9,9.0
10853,1,5,1,1.0
10854,1,67,11,11.0
10855,2,167,35,17.5
10856,1,84,15,15.0
10857,1,7,1,1.0
10858,1,31,5,5.0
10859,1,9,2,2.0
10860,1,72,13,13.0
10861,1,50,11,11.0
10863,2,86,16,8.0
10864,1,90,19,19.0
10865,1,26,5,5.0
10866,1,35,8,8.0
10867,1,75,14,14.0
10868,1,60,9,9.0
10869,1,80,17,17.0
10870,1,89,18,18.0
10871,1,81,16,16.0
10872,1,87,17,17.0
10873,1,71,15,15.0
10874,1,24,5,5.0
10875,1,78,15,15.0
10876,1,87,19,19.0
10877,1,92,21,21.0
10878,2,86,19,9.5
10879,1,18,3,3.0
10880,1,78,15,15.0
10881,1,85,17,17.0
10882,1,44,9,9.0
10883,1,76,16,16.0
10884,1,88,17,17.0
10885,1,14,3,3.0
10886,1,73,14,14.0
10887,1,39,6,6.0
10888,2,192,38,19.0
10889,1,73,15,15.0
10890,1,79,17,17.0
10891,1,65,15,15.0
10892,1,86,18,18.0
10893,1,81,16,16.0
10894,1,91,18,18.0
10895,2,175,33,16.5
10896,1,85,17,17.0
10897,1,60,12,12.0
10898,1,41,8,8.0
10899,1,10,2,2.0
10900,1,73,11,11.0
10901,1,81,15,15.0
10902,1,88,16,16.0
10903,1,14,3,3.0
10904,1,75,12,12.0
10905,1,92,16,16.0
10906,1,87,18,18.0
10907,1,90,18,18.0
10908,1,85,17,17.0
10909,1,79,15,15.0
10910,1,54,11,11.0
10911,1,48,9,9.0
10912,1,57,13,13.0
10913,1,69,11,11.0
10914,1,80,16,16.0
10915,1,22,4,4.0
10916,1,69,12,12.0
10917,1,16,2,2.0
10918,1,76,14,14.0
10919,1,81,15,15.0
10920,1,11,1,1.0
10922,2,115,23,11.5
10923,1,55,10,10.0
10924,1,21,4,4.0
10925,1,51,9,9.0
10926,1,33,7,7.0
10927,1,61,12,12.0
10928,1,83,18,18.0
10929,1,86,16,16.0
10930,1,17,3,3.0
10931,1,84,18,18.0
10932,1,55,13,13.0
10933,1,77,15,15.0
10934,1,85,15,15.0
10935,1,57,11,11.0
10936,1,80,15,15.0
10937,1,90,19,19.0
10938,2,177,33,16.5
10939,1,23,4,4.0
10940,1,82,19,19.0
10941,1,89,15,15.0
10942,1,10,2,2.0
10943,1,82,16,16.0
10944,1,90,21,21.0
10945,1,85,13,13.0
10946,1,88,19,19.0
10948,2,173,33,16.5
10949,1,68,13,13.0
10950,1,81,16,16.0
10951,1,52,11,11.0
10952,1,27,4,4.0
10953,1,83,16,16.0
10954,1,43,9,9.0
10955,1,10,1,1.0
10956,1,81,15,15.0
10957,1,45,8,8.0
10958,2,124,23,11.5
10959,1,24,4,4.0
10960,1,24,4,4.0
10961,1,10,2,2.0
10962,1,40,8,8.0
10963,1,78,15,15.0
10964,1,89,19,19.0
10965,1,81,14,14.0
10966,1,32,5,5.0
10967,1,21,4,4.0
10968,1,6,1,1.0
10969,1,49,10,10.0
10970,1,50,11,11.0
10971,1,13,2,2.0
10973,2,31,5,2.5
10974,1,35,6,6.0
10975,1,20,3,3.0
10976,1,19,4,4.0
10977,1,32,5,5.0
10978,1,12,2,2.0
10979,1,9,1,1.0
10980,1,81,15,15.0
10981,1,34,6,6.0
10982,1,36,6,6.0
10983,1,55,10,10.0
10984,1,15,3,3.0
10985,1,80,15,15.0
10986,1,82,17,17.0
10987,1,88,18,18.0
10988,1,37,7,7.0
10989,1,44,9,9.0
10990,1,60,10,10.0
10991,1,13,2,2.0
10992,1,83,14,14.0
10993,1,89,14,14.0
10994,1,40,7,7.0
10995,1,28,5,5.0
10996,1,17,4,4.0
10997,1,81,17,17.0
10998,2,89,16,8.0
10999,1,45,7,7.0
11000,1,26,6,6.0
11001,1,59,10,10.0
11002,1,29,7,7.0
11003,1,81,14,14.0
11004,1,89,14,14.0
11005,1,87,19,19.0
11006,1,6,1,1.0
11007,1,6,1,1.0
11008,1,37,9,9.0
11009,1,6,1,1.0
11010,1,25,5,5.0
11011,1,19,3,3.0
11012,1,42,8,8.0
11013,1,50,9,9.0
11014,2,163,28,14.0
11015,1,85,15,15.0
11016,1,82,17,17.0
11017,1,83,14,14.0
11018,1,32,3,3.0
11019,1,80,15,15.0
11020,1,53,8,8.0
11021,1,65,11,11.0
11022,1,60,11,11.0
11023,1,14,2,2.0
11024,1,20,6,6.0
11025,1,22,6,6.0
11026,1,17,5,5.0
11027,1,17,5,5.0
11028,1,6,1,1.0
11029,1,81,13,13.0
11030,1,52,10,10.0
11031,1,45,10,10.0
11032,1,81,18,18.0
11033,1,28,6,6.0
11034,1,84,15,15.0
11035,1,92,16,16.0
11036,1,88,18,18.0
11037,1,62,11,11.0
11038,2,166,31,15.5
11039,1,50,10,10.0
11040,1,75,15,15.0
11041,1,84,15,15.0
11042,1,31,6,6.0
11043,1,21,6,6.0
11044,1,22,6,6.0
11045,1,17,5,5.0
11046,1,21,5,5.0
11047,1,76,13,13.0
11048,1,47,8,8.0
11049,1,85,15,15.0
11050,1,93,20,20.0
11051,1,88,14,14.0
11052,1,53,11,11.0
11053,1,66,12,12.0
11054,1,26,4,4.0
11055,1,41,6,6.0
11056,1,76,14,14.0
11057,1,83,17,17.0
11058,1,88,15,15.0
11059,1,29,4,4.0
11060,1,82,16,16.0
11061,1,89,16,16.0
11062,1,20,4,4.0
11063,1,80,16,16.0
11064,2,125,25,12.5
11065,1,85,14,14.0
11066,1,82,15,15.0
11067,1,91,18,18.0
11068,1,84,15,15.0
11069,1,84,17,17.0
11070,2,226,45,22.5
11071,1,83,14,14.0
11072,1,84,16,16.0
11073,1,47,8,8.0
11074,1,77,15,15.0
11075,1,61,10,10.0
11076,1,33,6,6.0
11077,1,76,14,14.0
11078,1,7,1,1.0
11079,1,57,12,12.0
11080,2,300,57,28.5
11081,2,311,62,31.0
11082,2,231,46,23.0
11083,2,307,56,28.0
11084,2,312,60,30.0
11085,2,259,51,25.5
11086,2,231,46,23.0
11087,1,80,16,16.0
11088,1,85,13,13.0
11089,1,61,10,10.0
11090,1,75,11,11.0
11091,1,15,1,1.0
11092,1,11,2,2.0
11093,1,73,14,14.0
11094,1,22,5,5.0
11095,1,38,7,7.0
11096,1,46,7,7.0
11097,1,54,8,8.0
11098,1,16,4,4.0
11099,1,81,13,13.0
11100,1,79,15,15.0
11101,1,93,18,18.0
11102,1,89,14,14.0
11103,1,51,7,7.0
11104,1,32,6,6.0
11105,1,13,2,2.0
11106,1,72,15,15.0
11107,1,87,16,16.0
11108,1,44,8,8.0
11109,1,74,15,15.0
11110,1,59,12,12.0
11111,1,79,14,14.0
11112,1,92,18,18.0
11113,1,91,17,17.0
11114,1,11,3,3.0
11115,1,26,5,5.0
11116,1,79,15,15.0
11117,1,31,8,8.0
11118,1,26,5,5.0
11119,1,40,7,7.0
11120,1,28,5,5.0
11121,1,83,14,14.0
11122,1,40,7,7.0
11123,1,10,2,2.0
11124,1,80,14,14.0
11125,1,89,19,19.0
11126,1,27,5,5.0
11127,1,16,2,2.0
11128,1,81,18,18.0
11129,1,87,19,19.0
11130,1,86,19,19.0
11131,1,25,4,4.0
11132,1,39,8,8.0
11133,1,34,7,7.0
11134,1,20,3,3.0
11135,1,50,9,9.0
11136,1,78,14,14.0
11137,1,93,20,20.0
11138,1,14,3,3.0
11139,1,81,17,17.0
11140,1,45,8,8.0
11141,1,15,3,3.0
11142,1,82,14,14.0
11143,1,23,4,4.0
11144,1,35,7,7.0
11145,1,16,3,3.0
11146,1,8,1,1.0
11147,1,6,1,1.0
11148,1,20,4,4.0
11149,1,6,1,1.0
11150,1,25,4,4.0
11151,1,20,4,4.0
11152,1,34,6,6.0
11153,1,15,3,3.0
11154,1,12,2,2.0
11155,1,79,14,14.0
11156,1,8,1,1.0
11157,1,21,4,4.0
11158,1,82,18,18.0
11159,1,48,8,8.0
11160,1,78,14,14.0
11161,1,88,18,18.0
11162,1,86,16,16.0
11163,1,88,18,18.0
11164,1,40,8,8.0
11165,1,51,11,11.0
11166,1,10,2,2.0
11167,1,78,12,12.0
11168,1,87,16,16.0
11169,1,85,16,16.0
11170,1,83,18,18.0
11171,1,58,11,11.0
11172,1,74,13,13.0
11173,1,86,17,17.0
11174,1,46,10,10.0
11175,1,76,13,13.0
11176,1,81,16,16.0
11177,1,91,15,15.0
11178,1,84,18,18.0
11179,1,17,3,3.0
11180,1,80,16,16.0
11181,2,168,31,15.5
11182,1,96,18,18.0
11183,1,73,15,15.0
11184,1,81,16,16.0
11185,1,90,20,20.0
11186,1,82,15,15.0
11187,1,5,1,1.0
11188,1,73,14,14.0
11189,1,89,17,17.0
11190,1,88,13,13.0
11191,1,87,16,16.0
11192,1,90,17,17.0
11193,2,1813,395,197.5
11194,1,83,14,14.0
11195,1,76,15,15.0
11196,1,76,13,13.0
11197,1,92,17,17.0
11198,1,43,9,9.0
11199,1,78,15,15.0
11200,1,88,17,17.0
11201,1,30,6,6.0
11202,1,16,2,2.0
11203,1,63,13,13.0
11204,1,72,13,13.0
11205,1,85,19,19.0
11206,1,88,18,18.0
11207,1,73,13,13.0
11208,1,85,17,17.0
11209,2,170,32,16.0
11210,1,37,7,7.0
11211,1,81,17,17.0
11212,1,90,18,18.0
11213,1,92,17,17.0
11214,1,93,18,18.0
11215,1,91,18,18.0
11216,1,82,16,16.0
11217,1,64,10,10.0
11218,1,78,15,15.0
11219,1,7,1,1.0
11220,1,26,4,4.0
11221,1,82,16,16.0
11222,1,39,6,6.0
11223,1,80,15,15.0
11224,1,88,18,18.0
11225,1,15,3,3.0
11226,1,58,13,13.0
11227,1,79,15,15.0
11228,1,9,2,2.0
11229,1,45,9,9.0
11230,1,82,15,15.0
11231,1,86,16,16.0
11232,1,90,18,18.0
11233,1,81,14,14.0
11234,1,28,5,5.0
11235,1,76,13,13.0
11236,1,94,20,20.0
11237,1,47,10,10.0
11238,1,47,8,8.0
11239,1,78,12,12.0
11240,1,90,18,18.0
11241,1,87,18,18.0
11242,1,85,18,18.0
11243,1,89,19,19.0
11244,1,53,10,10.0
11245,1,78,15,15.0
11246,1,27,7,7.0
11247,2,159,32,16.0
11248,1,85,15,15.0
11249,1,86,14,14.0
11250,1,87,16,16.0
11251,1,89,19,19.0
11252,1,38,7,7.0
11253,1,10,2,2.0
11254,1,74,12,12.0
11255,1,38,6,6.0
11256,1,11,1,1.0
11257,1,75,14,14.0
11258,1,89,17,17.0
11259,1,89,16,16.0
11260,2,45077,7537,3768.5
11261,1,22,5,5.0
11262,1,6,1,1.0
11263,1,41,9,9.0
11264,1,82,20,20.0
11265,2,234,44,22.0
11266,1,84,13,13.0
11267,1,84,10,10.0
11268,1,83,14,14.0
11269,1,51,9,9.0
11270,1,83,15,15.0
11271,1,82,16,16.0
11272,1,95,19,19.0
11274,2,122,26,13.0
11275,1,79,17,17.0
11276,1,86,16,16.0
11277,1,89,16,16.0
11278,1,15,2,2.0
11279,1,5,1,1.0
11280,1,80,20,20.0
11281,1,87,19,19.0
11283,2,165,32,16.0
11284,1,50,11,11.0
11285,1,80,15,15.0
11286,1,21,4,4.0
11287,1,80,17,17.0
11288,1,29,6,6.0
11289,1,85,18,18.0
11290,1,44,8,8.0
11291,1,30,4,4.0
11292,1,78,13,13.0
11293,1,40,8,8.0
11294,1,79,16,16.0
11295,1,91,14,14.0
11296,1,88,13,13.0
11297,1,89,18,18.0
11298,1,86,18,18.0
11299,1,41,9,9.0
11301,2,169,33,16.5
11302,1,88,16,16.0
11303,1,89,19,19.0
11304,1,79,15,15.0
11305,1,88,15,15.0
11306,1,22,5,5.0
11307,1,47,10,10.0
11308,1,78,14,14.0
11309,2,124,23,11.5
11310,1,10,2,2.0
11311,1,83,13,13.0
11312,1,51,11,11.0
11313,1,9,1,1.0
11314,1,80,16,16.0
11315,1,88,16,16.0
11316,1,86,16,16.0
11317,1,44,10,10.0
11318,1,76,15,15.0
11319,1,90,18,18.0
11320,1,89,16,16.0
11321,1,88,18,18.0
11322,2,80939,13536,6768.0
11323,1,90,17,17.0
11324,1,88,18,18.0
11325,1,19,4,4.0
11326,1,73,13,13.0
11327,1,77,16,16.0
11328,1,82,15,15.0
11329,1,8,1,1.0
11330,1,76,14,14.0
11331,1,87,16,16.0
11332,1,33,5,5.0
11333,1,79,17,17.0
11334,1,66,11,11.0
11335,1,71,12,12.0
11336,1,86,13,13.0
11337,1,12,2,2.0
11338,1,159,32,32.0
11339,1,26,5,5.0
11340,2,62,13,6.5
11341,1,25,4,4.0
11342,1,35,6,6.0
11343,1,49,8,8.0
11344,1,45,10,10.0
11345,1,86,20,20.0
11347,2,164,28,14.0
11348,1,48,8,8.0
11349,1,80,15,15.0
11350,1,88,14,14.0
11351,1,78,15,15.0
11352,1,90,15,15.0
11353,1,89,14,14.0
11354,1,90,14,14.0
11355,1,17,3,3.0
11356,2,167,33,16.5
11357,1,79,14,14.0
11358,1,89,17,17.0
11359,2,53,10,5.0
11360,1,15,3,3.0
11366,1,20,4,4.0
11715,1,16,4,4.0
11743,1,66,16,16.0
12805,1,44,9,9.0
12833,1,5,1,1.0
12881,1,20,4,4.0
13024,51,188323,31636,620.3137254901961
13121,1,15,4,4.0
13246,52,188338,31640,608.4615384615385
13349,1,18,5,5.0
13368,1,16,4,4.0
14279,54,188372,31649,586.0925925925926
14377,1,3173,522,522.0
14378,1,49,11,11.0
14379,1,169,29,29.0
14380,1,38,11,11.0
14381,1,1,0,0.0
14382,1,199,45,45.0
14383,1,35,5,5.0
14384,1,1188,155,155.0
14385,1,60,11,11.0
14386,1,1849,212,212.0
14387,1,1860,223,223.0
14388,1,1901,239,239.0
14389,1,1854,223,223.0
14390,1,1112,128,128.0
14391,1,1503,265,265.0
14392,1,60,11,11.0
14393,1,1932,341,341.0
14394,1,60,11,11.0
14395,1,1839,300,300.0
14396,1,60,11,11.0
14397,1,2059,344,344.0
14398,1,1013,166,166.0
14399,1,35,5,5.0
14400,1,1,0,0.0
14401,1,948,159,159.0
14402,1,60,11,11.0
14403,1,1991,358,358.0
14404,1,1835,322,322.0
14405,1,1439,252,252.0
14406,1,1308,226,226.0
14407,1,60,11,11.0
14408,1,1745,314,314.0
14412,54,188372,31649,586.0925925925926
14430,1,3173,522,522.0
14431,1,49,11,11.0
14432,1,169,29,29.0
14433,1,38,11,11.0
14434,1,1,0,0.0
14435,1,199,45,45.0
14436,1,35,5,5.0
14437,1,1188,155,155.0
14438,1,60,11,11.0
14439,1,1849,212,212.0
14440,1,1860,223,223.0
14443,1,3173,522,522.0
14444,1,49,11,11.0
14445,1,169,29,29.0
14446,1,38,11,11.0
14447,1,1,0,0.0
14448,1,199,45,45.0
14449,1,35,5,5.0
14450,1,1188,155,155.0
14451,1,60,11,11.0
14452,1,1849,212,212.0
14453,1,1860,223,223.0
14454,1,1901,239,239.0
14455,1,1854,223,223.0
14456,1,1112,128,128.0
14457,1,1503,265,265.0
14458,1,60,11,11.0
14459,1,1932,341,341.0
14460,1,60,11,11.0
14461,1,1839,300,300.0
14462,1,60,11,11.0
14463,1,2059,344,344.0
14464,1,1013,166,166.0
14465,1,35,5,5.0
14466,1,1,0,0.0
14467,1,948,159,159.0
14468,1,60,11,11.0
14469,1,1991,358,358.0
14470,1,1835,322,322.0
14471,1,1439,252,252.0
14472,1,1308,226,226.0
14473,1,60,11,11.0
14474,1,1745,314,314.0
14475,1,1850,332,332.0
14476,1,820,143,143.0
14477,1,134,25,25.0
14478,1,508,88,88.0
14479,1,1394,231,231.0
14480,1,60,11,11.0
14481,1,2018,343,343.0
14482,1,1848,291,291.0
14483,1,918,153,153.0
14484,1,305,49,49.0
14485,1,342,60,60.0
14486,1,1898,350,350.0
14487,1,1345,221,221.0
14488,1,60,11,11.0
14489,1,351,59,59.0
14490,1,730,125,125.0
14491,1,253,46,46.0
14492,1,540,88,88.0
14494,1,3173,522,522.0
14495,1,49,11,11.0
14496,1,169,29,29.0
14497,1,38,11,11.0
14498,1,1,0,0.0
14499,1,199,45,45.0
14500,1,35,5,5.0
14501,1,1188,155,155.0
14502,1,60,11,11.0
14503,1,1849,212,212.0
14504,1,1860,223,223.0
14505,1,1901,239,239.0
14506,1,1854,223,223.0
14507,1,1112,128,128.0
14508,1,1503,265,265.0
14509,1,60,11,11.0
14510,1,1932,341,341.0
14511,1,60,11,11.0
14512,1,1839,300,300.0
14513,1,60,11,11.0
14514,1,2059,344,344.0
14515,1,1013,166,166.0
14516,1,35,5,5.0
14517,1,1,0,0.0
14518,1,948,159,159.0
14519,1,60,11,11.0
14520,1,1991,358,358.0
14521,1,1835,322,322.0
14522,1,1439,252,252.0
14523,1,1308,226,226.0
14524,1,60,11,11.0
14525,1,1745,314,314.0
14526,1,1850,332,332.0
14527,1,820,143,143.0
14528,1,134,25,25.0
14529,1,508,88,88.0
14530,1,1394,231,231.0
14531,1,60,11,11.0
14532,1,2018,343,343.0
14533,1,1848,291,291.0
14534,1,918,153,153.0
14535,1,305,49,49.0
14536,1,342,60,60.0
14537,1,1898,350,350.0
14538,1,1345,221,221.0
14539,1,60,11,11.0
14540,1,351,59,59.0
14541,1,730,125,125.0
14542,1,253,46,46.0
14543,1,540,88,88.0
14544,1,1189,225,225.0
14545,1,60,11,11.0
14546,1,1947,352,352.0
14547,1,1847,347,347.0
14548,1,544,103,103.0
14549,1,1487,269,269.0
14550,1,60,11,11.0
14551,1,1918,335,335.0
14552,1,1984,374,374.0
14553,1,1934,333,333.0
14554,1,1092,195,195.0
14555,1,470,83,83.0
14556,1,322,60,60.0
14557,1,1404,247,247.0
14558,1,60,11,11.0
14559,1,1896,352,352.0
14560,1,378,70,70.0
14561,1,680,109,109.0
14562,1,552,93,93.0
14563,1,1975,332,332.0
14564,1,1293,233,233.0
14565,1,60,11,11.0
14566,1,2013,350,350.0
14567,1,1926,316,316.0
14568,1,531,81,81.0
14569,1,293,49,49.0
14570,1,372,63,63.0
14571,1,1304,213,213.0
14572,1,60,11,11.0
14573,1,1976,329,329.0
14574,1,1945,338,338.0
14575,1,824,146,146.0
14576,1,301,55,55.0
14577,1,383,77,77.0
14578,1,1439,243,243.0
14579,1,60,11,11.0
14580,1,1817,324,324.0
14581,1,1306,246,246.0
14582,1,35,5,5.0
14583,1,1,0,0.0
14584,1,1264,233,233.0
14585,1,60,11,11.0
14586,1,1987,355,355.0
14587,1,1972,380,380.0
14588,1,873,154,154.0
14589,1,1326,235,235.0
14590,1,60,11,11.0
14591,1,2040,346,346.0
14592,1,1907,342,342.0
14593,1,576,102,102.0
14594,1,1039,197,197.0
14595,1,60,11,11.0
14596,1,1760,313,313.0
14597,1,1891,353,353.0
14598,1,502,83,83.0
14599,1,414,73,73.0
14600,1,370,62,62.0
14601,1,1024,192,192.0
14602,1,1315,220,220.0
14603,1,60,11,11.0
14604,1,1605,294,294.0
14605,1,533,92,92.0
14606,1,1229,231,231.0
14607,1,60,11,11.0
14608,1,376,65,65.0
14609,1,1248,222,222.0
14610,1,60,11,11.0
14611,1,548,99,99.0
14612,1,1312,233,233.0
14613,1,60,11,11.0
14614,1,2117,364,364.0
14615,1,172,28,28.0
14616,1,1391,233,233.0
14617,1,2056,342,342.0
14618,1,1117,179,179.0
14619,1,1163,211,211.0
14620,1,60,11,11.0
14621,1,1514,266,266.0
14622,1,494,88,88.0
14623,1,1302,236,236.0
14624,1,60,11,11.0
14625,1,190,28,28.0
14626,1,1125,191,191.0
14627,1,1151,198,198.0
14628,1,60,11,11.0
14629,1,1881,346,346.0
14630,1,752,129,129.0
14631,1,131,21,21.0
14632,1,378,72,72.0
14633,1,1184,216,216.0
14634,1,60,11,11.0
14635,1,1164,202,202.0
14636,1,465,83,83.0
14637,1,1326,229,229.0
14638,1,60,11,11.0
14639,1,1836,329,329.0
14640,1,346,69,69.0
14641,1,807,149,149.0
14642,1,274,56,56.0
14643,1,964,177,177.0
14644,1,1312,227,227.0
14645,1,60,11,11.0
14646,1,1943,352,352.0
14647,1,1980,358,358.0
14648,1,947,164,164.0
14649,1,570,98,98.0
14650,1,932,171,171.0
14651,1,1355,240,240.0
14652,1,60,11,11.0
14653,1,409,67,67.0
14654,1,659,126,126.0
14655,1,1318,243,243.0
14656,1,60,11,11.0
14657,1,368,61,61.0
14658,1,1072,189,189.0
14659,1,439,70,70.0
14660,1,35,5,5.0
14661,1,1,0,0.0
14662,1,1344,218,218.0
14663,1,60,11,11.0
14664,1,851,145,145.0
14665,1,1406,249,249.0
14666,1,60,11,11.0
14667,1,826,152,152.0
14668,1,272,45,45.0
14669,1,397,76,76.0
14670,1,1073,201,201.0
14671,1,1345,243,243.0
14672,1,60,11,11.0
14673,1,1976,378,378.0
14674,1,1666,275,275.0
14675,1,1620,274,274.0
14676,1,684,122,122.0
14677,1,597,102,102.0
14678,1,1318,226,226.0
14679,1,60,11,11.0
14680,1,1683,316,316.0
14681,1,1736,322,322.0
14682,1,475,83,83.0
14683,1,526,105,105.0
14684,1,1322,232,232.0
14685,1,60,11,11.0
14686,1,1827,332,332.0
14687,1,638,108,108.0
14688,1,459,103,103.0
14689,1,1261,216,216.0
14690,1,60,11,11.0
14691,1,1853,326,326.0
14692,1,1787,303,303.0
14693,1,758,129,129.0
14694,1,315,65,65.0
14695,1,420,68,68.0
14696,1,749,129,129.0
14697,1,1280,238,238.0
14698,1,60,11,11.0
14699,1,1849,327,327.0
14700,1,135,24,24.0
14701,1,1242,212,212.0
14702,1,568,101,101.0
14703,1,1322,258,258.0
14704,1,60,11,11.0
14705,1,492,90,90.0
14706,1,1198,213,213.0
14707,1,60,11,11.0
14708,1,1834,334,334.0
14709,2,3902,731,365.5
14710,1,845,147,147.0
14711,1,557,99,99.0
14712,1,496,90,90.0
14713,1,1306,234,234.0
14714,1,60,11,11.0
14715,1,312,57,57.0
14716,1,426,78,78.0
14717,1,1269,226,226.0
14718,1,60,11,11.0
14719,1,501,87,87.0
14720,1,471,87,87.0
14721,1,1164,211,211.0
14722,1,60,11,11.0
14723,1,922,155,155.0
14724,1,264,44,44.0
14725,1,410,79,79.0
14726,1,412,82,82.0
14727,1,1132,200,200.0
14728,1,60,11,11.0
14729,1,787,135,135.0
14730,1,393,63,63.0
14731,1,1352,254,254.0
14732,1,60,11,11.0
14733,1,2002,372,372.0
14734,1,665,118,118.0
14735,1,213,43,43.0
14736,1,501,96,96.0
14737,1,412,75,75.0
14738,1,1209,237,237.0
14739,1,60,11,11.0
14740,1,435,76,76.0
14741,1,278,48,48.0
14742,1,236,46,46.0
14743,1,35,5,5.0
14744,1,1,0,0.0
14745,1,1256,229,229.0
14746,1,60,11,11.0
14747,1,1743,315,315.0
14748,1,1342,231,231.0
14749,1,60,11,11.0
14750,1,1784,298,298.0
14751,1,1460,263,263.0
14752,1,957,178,178.0
14753,1,285,53,53.0
14754,1,339,58,58.0
14755,1,504,95,95.0
14756,1,1374,248,248.0
14757,1,60,11,11.0
14758,1,1929,349,349.0
14759,1,1483,283,283.0
14760,1,1218,221,221.0
14761,1,1292,214,214.0
14762,1,60,11,11.0
14763,1,1048,163,163.0
14764,1,180,36,36.0
14765,1,378,63,63.0
14766,1,1868,336,336.0
14767,1,44,7,7.0
14768,1,1269,243,243.0
14769,1,60,11,11.0
14770,1,1929,336,336.0
14771,1,1167,195,195.0
14772,1,512,84,84.0
14773,1,514,91,91.0
14774,1,1365,249,249.0
14775,1,60,11,11.0
14776,1,2063,362,362.0
14777,1,1346,260,260.0
14778,1,309,55,55.0
14779,1,652,120,120.0
14780,1,1176,220,220.0
14781,1,60,11,11.0
14782,1,1912,335,335.0
14783,1,1997,371,371.0
14784,1,1774,338,338.0
14785,1,996,175,175.0
14786,1,35,5,5.0
14787,1,1,0,0.0
14788,1,1078,194,194.0
14789,1,60,11,11.0
14790,1,1108,178,178.0
14791,1,1303,228,228.0
14792,1,60,11,11.0
14793,1,1038,173,173.0
14794,1,438,75,75.0
14795,1,1352,231,231.0
14796,1,1304,229,229.0
14797,1,60,11,11.0
14798,1,1834,312,312.0
14799,1,2012,362,362.0
14800,1,1795,305,305.0
14801,1,545,94,94.0
14802,1,465,78,78.0
14803,1,405,61,61.0
14804,1,1263,228,228.0
14805,1,1103,194,194.0
14806,1,60,11,11.0
14807,1,1638,281,281.0
14808,1,945,158,158.0
14809,1,645,112,112.0
14810,1,678,121,121.0
14811,1,1144,207,207.0
14812,1,60,11,11.0
14813,1,502,79,79.0
14814,1,184,33,33.0
14815,1,370,58,58.0
14816,1,1315,250,250.0
14817,1,60,11,11.0
14818,1,1324,242,242.0
14819,1,1493,264,264.0
14820,1,440,77,77.0
14821,1,408,75,75.0
14822,1,478,77,77.0
14823,1,1194,229,229.0
14824,1,60,11,11.0
14825,1,1652,285,285.0
14826,1,704,113,113.0
14827,1,553,91,91.0
14828,1,354,61,61.0
14829,1,1328,229,229.0
14830,1,60,11,11.0
14831,1,906,174,174.0
14832,1,644,114,114.0
14833,1,1251,222,222.0
14834,1,35,5,5.0
14835,1,1,0,0.0
14836,1,1038,180,180.0
14837,1,60,11,11.0
14838,1,1853,308,308.0
14839,1,477,79,79.0
14840,1,1304,225,225.0
14841,1,60,11,11.0
14842,1,754,137,137.0
14843,1,262,41,41.0
14844,1,490,80,80.0
14845,1,1368,236,236.0
14846,1,60,11,11.0
14847,1,659,121,121.0
14848,1,273,48,48.0
14849,1,489,78,78.0
14850,1,760,159,159.0
14851,1,1232,237,237.0
14852,1,60,11,11.0
14853,1,488,84,84.0
14854,1,410,70,70.0
14855,1,1107,202,202.0
14856,1,60,11,11.0
14857,1,793,165,165.0
14858,1,301,46,46.0
14859,1,340,53,53.0
14860,1,1240,234,234.0
14861,1,60,11,11.0
14862,1,1867,317,317.0
14863,1,1450,245,245.0
14864,1,1173,209,209.0
14865,1,60,11,11.0
14866,1,721,137,137.0
14867,1,371,85,85.0
14868,1,322,56,56.0
14869,1,611,114,114.0
14870,1,1232,215,215.0
14871,1,60,11,11.0
14872,1,661,113,113.0
14873,1,376,65,65.0
14874,1,349,66,66.0
14875,1,425,75,75.0
14876,1,992,170,170.0
14877,1,60,11,11.0
14878,1,1685,295,295.0
14879,1,760,139,139.0
14880,1,332,54,54.0
14881,1,258,44,44.0
14882,1,709,133,133.0
14883,1,1398,245,245.0
14884,1,60,11,11.0
14885,1,2001,365,365.0
14886,1,668,120,120.0
14887,1,524,95,95.0
14888,1,519,96,96.0
14889,1,35,5,5.0
14890,1,1,0,0.0
14891,1,1395,255,255.0
14892,1,60,11,11.0
14893,1,1478,272,272.0
14894,1,1370,267,267.0
14895,1,60,11,11.0
14896,1,1913,362,362.0
14897,1,460,81,81.0
14898,1,1069,202,202.0
14899,1,60,11,11.0
14900,1,471,89,89.0
14901,1,491,87,87.0
14902,1,1404,260,260.0
14903,1,60,11,11.0
14904,1,1689,306,306.0
14905,1,1941,361,361.0
14906,1,1017,206,206.0
14907,1,414,77,77.0
14908,1,1070,185,185.0
14909,1,60,11,11.0
14910,1,713,139,139.0
14911,1,513,93,93.0
14912,1,1333,247,247.0
14913,1,60,11,11.0
14914,1,1080,191,191.0
14915,1,174,30,30.0
14916,1,359,63,63.0
14917,1,532,87,87.0
14918,1,1269,233,233.0
14919,1,60,11,11.0
14920,1,1824,347,347.0
14921,1,499,99,99.0
14922,1,473,87,87.0
14923,1,1195,207,207.0
14924,1,60,11,11.0
14925,1,2174,396,396.0
14926,1,1991,347,347.0
14927,1,488,90,90.0
14928,1,474,77,77.0
14929,1,1341,222,222.0
14930,1,60,11,11.0
14931,1,1158,199,199.0
14932,1,326,70,70.0
14933,1,482,82,82.0
14934,1,1246,221,221.0
14935,1,60,11,11.0
14936,1,757,136,136.0
14937,1,367,67,67.0
14938,1,1297,247,247.0
14939,1,60,11,11.0
14940,1,156,25,25.0
14941,1,1050,189,189.0
14942,1,1289,223,223.0
14943,1,60,11,11.0
14944,1,2020,376,376.0
14945,1,1991,361,361.0
14946,1,497,102,102.0
14947,1,683,121,121.0
14948,1,347,62,62.0
14949,1,639,126,126.0
14950,1,35,5,5.0
14951,1,1,0,0.0
14952,1,917,158,158.0
14953,1,60,11,11.0
14954,1,1703,295,295.0
14955,1,1770,308,308.0
14956,1,1710,300,300.0
14957,1,488,96,96.0
14958,1,1238,223,223.0
14959,1,60,11,11.0
14960,1,391,67,67.0
14961,1,510,87,87.0
14962,1,1127,196,196.0
14963,1,60,11,11.0
14964,1,1204,211,211.0
14965,1,111,18,18.0
14966,1,293,55,55.0
14967,1,1420,258,258.0
14968,1,60,11,11.0
14969,1,1909,320,320.0
14970,1,278,53,53.0
14971,1,501,98,98.0
14972,1,536,93,93.0
14973,1,681,129,129.0
14974,1,1230,208,208.0
14975,1,60,11,11.0
14976,1,1628,287,287.0
14977,1,1027,175,175.0
14978,1,1298,223,223.0
14979,1,60,11,11.0
14980,1,1785,336,336.0
14981,1,1001,176,176.0
14982,1,475,81,81.0
14983,1,516,116,116.0
14984,1,1375,261,261.0
14985,1,60,11,11.0
14986,1,690,132,132.0
14987,1,195,33,33.0
14988,1,537,92,92.0
14989,1,461,76,76.0
14990,1,1452,253,253.0
14991,1,60,11,11.0
14992,1,1860,327,327.0
14993,1,2033,368,368.0
14994,1,836,156,156.0
14995,1,314,59,59.0
14996,1,397,68,68.0
14997,1,1892,327,327.0
14998,1,1,0,0.0
14999,1,1100,198,198.0
15000,1,60,11,11.0
15001,1,2090,376,376.0
15002,1,468,85,85.0
15003,1,1142,191,191.0
15004,1,60,11,11.0
15005,1,1882,336,336.0
15006,1,1040,177,177.0
15007,1,492,73,73.0
15008,1,476,95,95.0
15009,1,1283,224,224.0
15010,1,60,11,11.0
15011,1,977,175,175.0
15012,1,518,89,89.0
15013,1,397,66,66.0
15014,1,1433,271,271.0
15015,1,60,11,11.0
15016,1,1843,347,347.0
15017,1,817,156,156.0
15018,1,231,41,41.0
15019,1,320,64,64.0
15020,2,1318,258,129.0
15021,1,980,186,186.0
15022,1,303,52,52.0
15023,1,269,52,52.0
15024,1,562,100,100.0
15025,1,1349,271,271.0
15026,1,60,11,11.0
15027,1,409,76,76.0
15028,1,114,19,19.0
15029,1,337,66,66.0
15030,1,1203,221,221.0
15031,1,60,11,11.0
15032,1,2012,357,357.0
15033,1,133,23,23.0
15034,1,613,117,117.0
15035,1,1313,214,214.0
15036,1,60,11,11.0
15037,1,1106,167,167.0
